open_time,open,high,low,close,volume,close_time,quote_volume,n_trades
1762869600000,0.22000000,0.98870000,0.22000000,0.68210000,51811675.00000000,1762873199999,39606082.42771000,236421
1762873200000,0.68190000,0.71410000,0.58850000,0.66070000,18030168.20000000,1762876799999,11695462.64340000,101852
1762876800000,0.66070000,0.66700000,0.51830000,0.55850000,19460560.70000000,1762880399999,10964376.12060000,92419
1762880400000,0.55840000,0.64000000,0.53100000,0.62190000,11489884.60000000,1762883999999,6597465.35290000,60100
1762884000000,0.62150000,0.65710000,0.57390000,0.62860000,15150248.90000000,1762887599999,9308015.63805000,75363
1762887600000,0.62870000,0.63500000,0.56800000,0.58430000,7673855.50000000,1762891199999,4600994.74037000,36963
1762891200000,0.58430000,0.60090000,0.50600000,0.55940000,10435114.10000000,1762894799999,5695862.96135000,45267
1762894800000,0.55940000,0.56360000,0.52130000,0.53930000,4824098.20000000,1762898399999,2614145.81208000,25141
1762898400000,0.53940000,0.54320000,0.48150000,0.49340000,4569426.30000000,1762901999999,2355333.82327000,21829
1762902000000,0.49330000,0.50230000,0.45500000,0.47030000,5618896.50000000,1762905599999,2674561.52962000,23280
1762905600000,0.47040000,0.49560000,0.43990000,0.44820000,6634663.20000000,1762909199999,3117516.82317000,32951
1762909200000,0.44840000,0.45740000,0.42490000,0.45020000,5095619.40000000,1762912799999,2225233.97838000,24891
1762912800000,0.45000000,0.48860000,0.43450000,0.45500000,5548336.70000000,1762916399999,2536554.34326000,27938
1762916400000,0.45490000,0.48430000,0.45040000,0.45220000,4339829.50000000,1762919999999,2029339.84576000,22423
1762920000000,0.45220000,0.52590000,0.44000000,0.49140000,7742319.70000000,1762923599999,3773231.91787000,35404
1762923600000,0.49190000,0.52780000,0.47810000,0.48900000,7054869.40000000,1762927199999,3564777.95704000,34820
1762927200000,0.48940000,0.49060000,0.45920000,0.47000000,4562958.00000000,1762930799999,2161911.29131000,23746
1762930800000,0.47000000,0.48850000,0.45480000,0.46560000,3417158.60000000,1762934399999,1609033.11768000,17481
1762934400000,0.46600000,0.47330000,0.43530000,0.44490000,4294195.40000000,1762937999999,1959024.76247000,19418
1762938000000,0.44510000,0.46260000,0.44330000,0.45790000,3770499.30000000,1762941599999,1709907.96459000,21558
1762941600000,0.45800000,0.48000000,0.44500000,0.45100000,79836686.20000000,1762945199999,36906317.64806000,667949
1762945200000,0.45090000,0.45630000,0.44060000,0.45120000,37092185.10000000,1762948799999,16660020.88003000,437954
1762948800000,0.45120000,0.46100000,0.44590000,0.45760000,30417585.80000000,1762952399999,13812263.01454000,520619
1762952400000,0.45770000,0.45910000,0.40990000,0.41380000,35117366.60000000,1762955999999,15166916.06687000,404752
1762956000000,0.41390000,0.42570000,0.38500000,0.39540000,24950267.50000000,1762959599999,10288505.92276000,237977
1762959600000,0.39550000,0.39850000,0.36990000,0.38410000,15130858.50000000,1762963199999,5860022.02273000,90355
1762963200000,0.38430000,0.38770000,0.35960000,0.37990000,11958833.30000000,1762966799999,4460764.04400000,59909
1762966800000,0.37990000,0.37990000,0.34920000,0.35780000,8941798.60000000,1762970399999,3243055.29115000,42697
1762970400000,0.35790000,0.37450000,0.35760000,0.36690000,8044966.00000000,1762973999999,2937416.76756000,31232
1762974000000,0.36690000,0.36700000,0.35140000,0.35480000,4890783.50000000,1762977599999,1754103.64588000,19047
1762977600000,0.35490000,0.36790000,0.35320000,0.36100000,3241949.30000000,1762981199999,1167048.91270000,15012
1762981200000,0.36100000,0.37000000,0.35000000,0.35110000,3706575.20000000,1762984799999,1339665.22391000,12604
1762984800000,0.35120000,0.35770000,0.33400000,0.35110000,5518323.70000000,1762988399999,1902779.87966000,17648
1762988400000,0.35110000,0.35530000,0.34390000,0.35080000,5801640.80000000,1762991999999,2021094.58773000,15171
1762992000000,0.35070000,0.35150000,0.31600000,0.33290000,8736376.80000000,1762995599999,2874007.16909000,26536
1762995600000,0.33290000,0.34220000,0.32930000,0.33280000,6055498.00000000,1762999199999,2031856.86679000,20059
1762999200000,0.33290000,0.33420000,0.32210000,0.32980000,6417624.70000000,1763002799999,2105707.61443000,23551
1763002800000,0.32960000,0.33680000,0.32080000,0.32340000,7483875.80000000,1763006399999,2456765.63600000,28045
1763006400000,0.32340000,0.32340000,0.28600000,0.28810000,18453469.50000000,1763009999999,5518600.18386000,54660
1763010000000,0.28790000,0.28970000,0.27160000,0.28260000,16782318.90000000,1763013599999,4740806.15872000,61708
1763013600000,0.28260000,0.28820000,0.27610000,0.28500000,8689291.50000000,1763017199999,2452671.37762000,33842
1763017200000,0.28500000,0.29720000,0.28160000,0.28700000,13385934.20000000,1763020799999,3872062.82294000,49684
1763020800000,0.28700000,0.31380000,0.28100000,0.29860000,12827794.30000000,1763024399999,3800210.67840000,52322
1763024400000,0.29870000,0.30000000,0.28350000,0.29410000,11091327.50000000,1763027999999,3231426.51034000,47263
1763028000000,0.29400000,0.30510000,0.28390000,0.29160000,8647263.40000000,1763031599999,2545521.73591000,33252
1763031600000,0.29170000,0.30430000,0.28850000,0.30060000,6994853.50000000,1763035199999,2062558.79034000,22877
1763035200000,0.30080000,0.30880000,0.28660000,0.28980000,8358505.30000000,1763038799999,2474583.27721000,23777
1763038800000,0.29000000,0.29300000,0.27280000,0.27970000,10570257.60000000,1763042399999,2999580.75895000,28532
1763042400000,0.27970000,0.28050000,0.25360000,0.26480000,14849184.90000000,1763045999999,3929356.00550000,45631
1763046000000,0.26480000,0.26510000,0.25090000,0.25600000,11194916.80000000,1763049599999,2886036.58844000,33629
1763049600000,0.25590000,0.27800000,0.25320000,0.27330000,10502100.20000000,1763053199999,2798156.27678000,25762
1763053200000,0.27300000,0.27470000,0.26280000,0.26490000,7229295.90000000,1763056799999,1943570.36283000,19837
1763056800000,0.26470000,0.27320000,0.25520000,0.25900000,6777814.50000000,1763060399999,1793104.02299000,16069
1763060400000,0.25900000,0.26090000,0.21740000,0.22340000,23544446.30000000,1763063999999,5461503.13438000,54710
1763064000000,0.22340000,0.23380000,0.22070000,0.22900000,7342079.50000000,1763067599999,1675136.07592000,17683
1763067600000,0.22890000,0.23180000,0.21790000,0.23020000,6667949.50000000,1763071199999,1500628.20596000,12965
1763071200000,0.23040000,0.23880000,0.22780000,0.23610000,4219779.90000000,1763074799999,981078.86589000,9643
1763074800000,0.23610000,0.24400000,0.23430000,0.24150000,4355932.20000000,1763078399999,1047109.08374000,9094
1763078400000,0.24150000,0.24550000,0.23500000,0.23500000,4915687.00000000,1763081999999,1176808.83278000,11635
1763082000000,0.23560000,0.24140000,0.23060000,0.23750000,4552684.70000000,1763085599999,1072682.62799000,10116
1763085600000,0.23750000,0.24790000,0.23620000,0.24170000,4690204.40000000,1763089199999,1137002.10194000,11284
1763089200000,0.24190000,0.24850000,0.23280000,0.23450000,4900725.50000000,1763092799999,1169248.14049000,11072
1763092800000,0.23460000,0.23670000,0.21840000,0.22850000,8788376.60000000,1763096399999,1999975.13668000,22008
1763096400000,0.22840000,0.23060000,0.21990000,0.22270000,4266761.20000000,1763099999999,962134.26865000,10201
1763100000000,0.22280000,0.24470000,0.21900000,0.24220000,7003265.10000000,1763103599999,1601133.30570000,16566
1763103600000,0.24230000,0.24750000,0.23550000,0.23820000,7966891.00000000,1763107199999,1923421.55953000,19988
1763107200000,0.23810000,0.24000000,0.22940000,0.23230000,5525375.40000000,1763110799999,1286117.17674000,15440
1763110800000,0.23210000,0.23650000,0.22610000,0.22770000,5824120.90000000,1763114399999,1351356.58956000,15235
1763114400000,0.22770000,0.24350000,0.22770000,0.23820000,8477896.30000000,1763117999999,2022964.92162000,21257
1763118000000,0.23800000,0.24200000,0.23500000,0.23820000,4907107.00000000,1763121599999,1171394.86300000,11982
1763121600000,0.23820000,0.25380000,0.22860000,0.24780000,10237870.20000000,1763125199999,2449583.28704000,24472
1763125200000,0.24770000,0.25840000,0.23960000,0.25670000,8465153.30000000,1763128799999,2094755.62487000,19617
1763128800000,0.25670000,0.26830000,0.24310000,0.25400000,13031993.30000000,1763132399999,3329770.46460000,28097
1763132400000,0.25390000,0.25920000,0.24110000,0.24240000,7952351.80000000,1763135999999,1980268.62675000,18199
1763136000000,0.24240000,0.24750000,0.23410000,0.24210000,9634494.60000000,1763139599999,2326672.18851000,20009
1763139600000,0.24210000,0.24590000,0.23650000,0.23750000,4426186.70000000,1763143199999,1067839.51171000,11256
1763143200000,0.23770000,0.25520000,0.23720000,0.25130000,5765790.80000000,1763146799999,1433547.38279000,16828
1763146800000,0.25130000,0.26650000,0.24790000,0.26430000,8376010.40000000,1763150399999,2159068.86953000,21110
1763150400000,0.26430000,0.26800000,0.25250000,0.25630000,6653046.20000000,1763153999999,1735816.88227000,16240
1763154000000,0.25640000,0.26140000,0.24930000,0.25080000,4541325.40000000,1763157599999,1159059.84697000,11540
1763157600000,0.25090000,0.25260000,0.24190000,0.24630000,3596724.60000000,1763161199999,892684.53423000,7834
1763161200000,0.24630000,0.24930000,0.24040000,0.24750000,2707543.80000000,1763164799999,665412.93067000,4741
1763164800000,0.24750000,0.25380000,0.24220000,0.24710000,4522520.10000000,1763168399999,1117174.74154000,7647
1763168400000,0.24690000,0.24690000,0.23510000,0.23880000,4247108.60000000,1763171999999,1018362.86585000,7583
1763172000000,0.23860000,0.24020000,0.23110000,0.23580000,3439512.10000000,1763175599999,810401.03604000,6066
1763175600000,0.23580000,0.23620000,0.23160000,0.23490000,3465455.50000000,1763179199999,810241.24935000,7249
1763179200000,0.23480000,0.23590000,0.22610000,0.22940000,4637754.30000000,1763182799999,1071156.79267000,8381
1763182800000,0.22940000,0.23190000,0.22660000,0.22840000,3931788.70000000,1763186399999,902279.74244000,9404
1763186400000,0.22850000,0.23250000,0.22150000,0.22420000,6342855.10000000,1763189999999,1438886.02913000,12849
1763190000000,0.22420000,0.22590000,0.21580000,0.22120000,6012322.60000000,1763193599999,1329160.19794000,12216
1763193600000,0.22100000,0.22430000,0.21630000,0.21940000,6458402.70000000,1763197199999,1427247.83683000,11076
1763197200000,0.21950000,0.22360000,0.21780000,0.22010000,2896569.80000000,1763200799999,639714.28481000,6253
1763200800000,0.21980000,0.22450000,0.21830000,0.22310000,3702936.70000000,1763204399999,820447.05674000,7564
1763204400000,0.22310000,0.23160000,0.20910000,0.21220000,7994347.20000000,1763207999999,1716001.59431000,15639
1763208000000,0.21210000,0.21860000,0.20820000,0.21480000,7237015.70000000,1763211599999,1543258.43977000,11297
1763211600000,0.21470000,0.21830000,0.21320000,0.21460000,3082865.90000000,1763215199999,663444.19901000,6632
1763215200000,0.21460000,0.22360000,0.21450000,0.22030000,4164960.80000000,1763218799999,912720.29525000,8307
1763218800000,0.22010000,0.22110000,0.21670000,0.21790000,2785997.20000000,1763222399999,609559.73118000,6339
1763222400000,0.21790000,0.21800000,0.21290000,0.21670000,5472984.80000000,1763225999999,1183064.43855000,8910
1763226000000,0.21670000,0.21890000,0.21500000,0.21820000,3468054.70000000,1763229599999,752067.32955000,6742
1763229600000,0.21810000,0.21870000,0.21540000,0.21760000,2166299.50000000,1763233199999,469227.74644000,3290
1763233200000,0.21760000,0.21890000,0.21150000,0.21410000,2582334.40000000,1763236799999,555281.47359000,3944
1763236800000,0.21430000,0.21840000,0.21190000,0.21780000,2399643.80000000,1763240399999,517224.11949000,2980
1763240400000,0.21760000,0.21780000,0.21050000,0.21120000,2285288.80000000,1763243999999,489230.01258000,3226
1763244000000,0.21100000,0.21120000,0.20000000,0.20580000,5213355.30000000,1763247599999,1069193.60023000,8882
1763247600000,0.20570000,0.21060000,0.20500000,0.20920000,2113772.70000000,1763251199999,440425.47067000,5795
1763251200000,0.20910000,0.20910000,0.19770000,0.20320000,5358327.60000000,1763254799999,1087728.90770000,10307
1763254800000,0.20330000,0.20520000,0.19920000,0.20380000,3188575.00000000,1763258399999,643889.26476000,8607
1763258400000,0.20380000,0.21310000,0.20280000,0.20810000,5330016.10000000,1763261999999,1116251.17068000,11321
1763262000000,0.20800000,0.20940000,0.20640000,0.20740000,1927908.30000000,1763265599999,400466.67311000,5481
1763265600000,0.20740000,0.20990000,0.20440000,0.20620000,2937062.30000000,1763269199999,607261.20577000,6419
1763269200000,0.20620000,0.20810000,0.20450000,0.20460000,2613712.30000000,1763272799999,539238.50757000,5399
1763272800000,0.20450000,0.20930000,0.20310000,0.20640000,2982432.70000000,1763276399999,618498.87957000,8261
1763276400000,0.20640000,0.20870000,0.20230000,0.20860000,3700289.80000000,1763279999999,760356.29877000,8209
1763280000000,0.20860000,0.20970000,0.20290000,0.20530000,3311205.30000000,1763283599999,683843.23448000,7370
1763283600000,0.20540000,0.20830000,0.20320000,0.20810000,2829374.80000000,1763287199999,583749.72846000,7807
1763287200000,0.20810000,0.20850000,0.20340000,0.20410000,3268796.70000000,1763290799999,673182.30661000,7592
1763290800000,0.20410000,0.20410000,0.19440000,0.19700000,8117288.60000000,1763294399999,1622442.51853000,17948
1763294400000,0.19690000,0.19980000,0.19570000,0.19930000,2754214.30000000,1763297999999,546361.51775000,8825
1763298000000,0.19920000,0.20020000,0.19550000,0.19740000,2301838.70000000,1763301599999,455488.91718000,7668
1763301600000,0.19740000,0.20310000,0.19110000,0.20190000,4327923.20000000,1763305199999,850315.54062000,10831
1763305200000,0.20190000,0.20530000,0.19560000,0.19620000,3902141.30000000,1763308799999,783226.84856000,11208
1763308800000,0.19620000,0.19730000,0.18740000,0.19080000,5448264.50000000,1763312399999,1050978.34846000,14676
1763312400000,0.19090000,0.19270000,0.18770000,0.19230000,4306954.30000000,1763315999999,819587.16843000,10838
1763316000000,0.19220000,0.19510000,0.18960000,0.19050000,4075884.20000000,1763319599999,785048.30199000,9849
1763319600000,0.19040000,0.19780000,0.18850000,0.19690000,3236952.00000000,1763323199999,625936.39833000,7619
1763323200000,0.19690000,0.20070000,0.19580000,0.20000000,2782289.90000000,1763326799999,549864.45569000,6356
1763326800000,0.20000000,0.20460000,0.19810000,0.20360000,3353937.30000000,1763330399999,672152.39935000,7768
1763330400000,0.20360000,0.21730000,0.20180000,0.21570000,5729556.80000000,1763333999999,1191435.28474000,9402
1763334000000,0.21580000,0.21860000,0.20890000,0.21460000,7550705.20000000,1763337599999,1609717.97012000,18697
1763337600000,0.21460000,0.21620000,0.20720000,0.21090000,4918056.40000000,1763341199999,1039924.25768000,13357
1763341200000,0.21080000,0.21500000,0.20640000,0.20720000,2906888.20000000,1763344799999,613637.35693000,8968
1763344800000,0.20720000,0.21200000,0.20610000,0.21040000,2824459.50000000,1763348399999,591549.78634000,8105
1763348400000,0.21040000,0.21410000,0.20890000,0.21200000,2892501.70000000,1763351999999,614768.06037000,8346
1763352000000,0.21190000,0.21630000,0.20920000,0.21120000,3671530.20000000,1763355599999,780384.95993000,12096
1763355600000,0.21110000,0.21800000,0.20820000,0.20950000,3516347.80000000,1763359199999,747045.13972000,10811
1763359200000,0.20960000,0.21670000,0.20890000,0.21420000,3607620.10000000,1763362799999,768779.96780000,11417
1763362800000,0.21420000,0.21500000,0.20290000,0.20400000,4040179.80000000,1763366399999,839630.69259000,7692
1763366400000,0.20380000,0.20500000,0.19700000,0.19950000,5337639.20000000,1763369999999,1071896.34882000,9844
1763370000000,0.19950000,0.20140000,0.19810000,0.20070000,4139171.40000000,1763373599999,826867.27009000,7497
1763373600000,0.20060000,0.20070000,0.19560000,0.19640000,3390246.00000000,1763377199999,670772.34897000,6971
1763377200000,0.19630000,0.19990000,0.19530000,0.19840000,2593512.60000000,1763380799999,513454.31569000,4810
1763380800000,0.19830000,0.20170000,0.19680000,0.19720000,3457518.80000000,1763384399999,689117.02072000,6329
1763384400000,0.19740000,0.19780000,0.18760000,0.18880000,8585306.00000000,1763387999999,1663629.91830000,11193
1763388000000,0.18880000,0.19210000,0.18300000,0.18740000,11946201.40000000,1763391599999,2233465.28750000,17083
1763391600000,0.18740000,0.18900000,0.18400000,0.18700000,5566396.80000000,1763395199999,1039906.55305000,7819
1763395200000,0.18720000,0.19000000,0.18510000,0.18870000,4779510.70000000,1763398799999,897079.52102000,9446
1763398800000,0.18860000,0.19420000,0.18640000,0.18870000,4637079.30000000,1763402399999,880767.27849000,12269
1763402400000,0.18880000,0.19500000,0.18830000,0.19150000,5219130.50000000,1763405999999,1002282.21516000,12409
1763406000000,0.19150000,0.19270000,0.18670000,0.19060000,4076495.10000000,1763409599999,773558.42766000,8343
1763409600000,0.19060000,0.19160000,0.18600000,0.18720000,3295912.40000000,1763413199999,621568.44414000,7015
1763413200000,0.18720000,0.18890000,0.18480000,0.18580000,2500073.20000000,1763416799999,466288.19102000,4889
1763416800000,0.18590000,0.18840000,0.18410000,0.18500000,1996666.90000000,1763420399999,371888.26122000,3096
1763420400000,0.18510000,0.18940000,0.18450000,0.18860000,2313270.20000000,1763423999999,434962.88684000,4270
1763424000000,0.18850000,0.18930000,0.18060000,0.18550000,5952383.10000000,1763427599999,1097947.75247000,10181
1763427600000,0.18540000,0.18840000,0.18260000,0.18360000,3208518.00000000,1763431199999,594908.65166000,5938
1763431200000,0.18350000,0.18570000,0.17830000,0.17960000,3887678.40000000,1763434799999,708673.22663000,8228
1763434800000,0.17970000,0.18280000,0.17600000,0.18030000,6311250.80000000,1763438399999,1129205.78095000,11046
1763438400000,0.18040000,0.18290000,0.17800000,0.18240000,4172981.60000000,1763441999999,752152.39101000,7108
1763442000000,0.18240000,0.18280000,0.17860000,0.17940000,2279173.30000000,1763445599999,411643.47188000,4932
1763445600000,0.17940000,0.18020000,0.17640000,0.17910000,4525829.30000000,1763449199999,807138.85197000,8363
1763449200000,0.17900000,0.18070000,0.17620000,0.17840000,4930075.30000000,1763452799999,881351.40285000,7387
1763452800000,0.17840000,0.18190000,0.17740000,0.18090000,2898364.70000000,1763456399999,520529.26402000,6582
1763456400000,0.18090000,0.18150000,0.17560000,0.17690000,4221263.90000000,1763459999999,751385.13250000,8852
1763460000000,0.17700000,0.17720000,0.17250000,0.17490000,4920449.60000000,1763463599999,857079.54514000,9157
1763463600000,0.17480000,0.17640000,0.17210000,0.17590000,3306313.90000000,1763467199999,576615.93009000,6227
1763467200000,0.17580000,0.17760000,0.17330000,0.17690000,3878131.60000000,1763470799999,681329.29359000,6955
1763470800000,0.17690000,0.17850000,0.17500000,0.17630000,4083794.40000000,1763474399999,722401.11347000,7818
1763474400000,0.17630000,0.17940000,0.17480000,0.17510000,4288255.40000000,1763477999999,757453.47589000,7596
1763478000000,0.17500000,0.18090000,0.17250000,0.17960000,6035262.00000000,1763481599999,1072868.06687000,8623
1763481600000,0.17960000,0.19360000,0.17920000,0.18430000,11087903.40000000,1763485199999,2068800.93599000,12873
1763485200000,0.18410000,0.18520000,0.18150000,0.18200000,4168290.30000000,1763488799999,762397.77417000,6735
1763488800000,0.18200000,0.18490000,0.18180000,0.18280000,3051261.10000000,1763492399999,559636.87835000,4970
1763492400000,0.18280000,0.18480000,0.18150000,0.18260000,2136300.70000000,1763495999999,391331.93126000,3816
1763496000000,0.18260000,0.18270000,0.17830000,0.17980000,3464446.00000000,1763499599999,625134.99313000,4674
1763499600000,0.17970000,0.18120000,0.17820000,0.17850000,1311412.20000000,1763503199999,235938.29681000,2333
1763503200000,0.17850000,0.18160000,0.17740000,0.17920000,1540968.60000000,1763506799999,276869.61320000,2135
1763506800000,0.17900000,0.17960000,0.17520000,0.17570000,1733694.50000000,1763510399999,306843.66987000,2992
1763510400000,0.17580000,0.17730000,0.17020000,0.17530000,4327639.80000000,1763513999999,753333.79408000,6298
1763514000000,0.17520000,0.17730000,0.17380000,0.17710000,2382779.90000000,1763517599999,417906.66189000,3829
1763517600000,0.17720000,0.19090000,0.17690000,0.18990000,6438896.80000000,1763521199999,1190194.38095000,9608
1763521200000,0.18990000,0.19230000,0.18420000,0.18450000,4832091.30000000,1763524799999,908388.45070000,8616
1763524800000,0.18450000,0.18760000,0.18040000,0.18050000,4281618.80000000,1763528399999,783878.47645000,7977
1763528400000,0.18040000,0.18190000,0.17600000,0.17660000,4278216.20000000,1763531999999,766015.42107000,7838
1763532000000,0.17670000,0.18280000,0.17510000,0.17930000,5006738.10000000,1763535599999,890758.86099000,9051
1763535600000,0.17930000,0.18220000,0.17660000,0.18030000,5789552.20000000,1763539199999,1040732.65723000,15303
1763539200000,0.18040000,0.18110000,0.17820000,0.17980000,4753542.80000000,1763542799999,853901.69536000,7330
1763542800000,0.17990000,0.18670000,0.17960000,0.18250000,6292646.00000000,1763546399999,1149579.63971000,8483
1763546400000,0.18250000,0.18830000,0.18250000,0.18380000,6193034.60000000,1763549999999,1149575.06985000,10363
1763550000000,0.18370000,0.18630000,0.18010000,0.18030000,5334598.30000000,1763553599999,978596.15463000,9377
1763553600000,0.18030000,0.19120000,0.17840000,0.18370000,11747294.40000000,1763557199999,2171503.68188000,17808
1763557200000,0.18380000,0.18380000,0.17630000,0.17660000,8436464.20000000,1763560799999,1522427.82772000,12791
1763560800000,0.17660000,0.18520000,0.17370000,0.18090000,8147765.00000000,1763564399999,1466214.21276000,13552
1763564400000,0.18090000,0.18370000,0.17440000,0.17630000,6818049.60000000,1763567999999,1217955.69947000,10837
1763568000000,0.17620000,0.17660000,0.16330000,0.16600000,9984526.50000000,1763571599999,1684027.41431000,17548
1763571600000,0.16610000,0.16700000,0.15920000,0.16130000,7413591.60000000,1763575199999,1205368.21895000,10099
1763575200000,0.16130000,0.16180000,0.15600000,0.15750000,5765338.70000000,1763578799999,915095.15613000,8130
1763578800000,0.15750000,0.16020000,0.15410000,0.15910000,5786920.80000000,1763582399999,907063.48379000,6611
1763582400000,0.15910000,0.16240000,0.15760000,0.16240000,2945024.10000000,1763585999999,470244.68367000,4711
1763586000000,0.16230000,0.16940000,0.16100000,0.16910000,4063037.40000000,1763589599999,670785.84798000,6273
1763589600000,0.16910000,0.17240000,0.16670000,0.17220000,3543732.50000000,1763593199999,598149.16191000,5276
1763593200000,0.17210000,0.17220000,0.16780000,0.16820000,3455503.10000000,1763596799999,587934.98887000,5683
1763596800000,0.16820000,0.16900000,0.16670000,0.16890000,1916163.10000000,1763600399999,321542.29667000,3289
1763600400000,0.16890000,0.17030000,0.16780000,0.16870000,1292205.70000000,1763603999999,218436.21481000,2844
1763604000000,0.16880000,0.16960000,0.16700000,0.16920000,1523453.10000000,1763607599999,256039.44747000,3084
1763607600000,0.16910000,0.16970000,0.16640000,0.16740000,1421602.00000000,1763611199999,239108.87709000,3070
1763611200000,0.16740000,0.16750000,0.16330000,0.16440000,2495930.70000000,1763614799999,411803.49349000,5041
1763614800000,0.16440000,0.16540000,0.16270000,0.16480000,1985057.30000000,1763618399999,325695.70284000,5153
1763618400000,0.16480000,0.16730000,0.16300000,0.16470000,86471079.00000000,1763621999999,14309621.85404000,94275
1763622000000,0.16470000,0.16580000,0.16120000,0.16350000,90767559.40000000,1763625599999,14855313.43267000,98596
1763625600000,0.16350000,0.16560000,0.16210000,0.16360000,104144248.70000000,1763629199999,17167469.69575000,94391
1763629200000,0.16370000,0.16910000,0.16320000,0.16760000,7554926.30000000,1763632799999,1254119.34427000,8274
1763632800000,0.16770000,0.16780000,0.16600000,0.16630000,2503670.40000000,1763636399999,417851.84240000,3982
1763636400000,0.16630000,0.16630000,0.16250000,0.16370000,3276895.90000000,1763639999999,538308.68653000,4958
1763640000000,0.16370000,0.16490000,0.16250000,0.16430000,3601284.90000000,1763643599999,589296.05504000,5789
1763643600000,0.16430000,0.16700000,0.16250000,0.16270000,4624879.80000000,1763647199999,759786.33202000,7387
1763647200000,0.16260000,0.16400000,0.15920000,0.16120000,6183128.60000000,1763650799999,996273.99867000,8708
1763650800000,0.16110000,0.16110000,0.15620000,0.15920000,3824624.20000000,1763654399999,605542.22537000,7258
1763654400000,0.15920000,0.15930000,0.14750000,0.15080000,8395928.50000000,1763657999999,1283021.74786000,13208
1763658000000,0.15070000,0.15560000,0.14720000,0.15240000,9426416.10000000,1763661599999,1421988.70718000,11302
1763661600000,0.15230000,0.15600000,0.15130000,0.15140000,3907417.80000000,1763665199999,601216.70816000,7462
1763665200000,0.15150000,0.15240000,0.14860000,0.15170000,4368215.10000000,1763668799999,657905.33616000,6477
1763668800000,0.15160000,0.15220000,0.14970000,0.15100000,2160339.00000000,1763672399999,325565.93293000,4525
1763672400000,0.15090000,0.16170000,0.15060000,0.16040000,3540490.70000000,1763675999999,556238.99997000,6907
1763676000000,0.16040000,0.16650000,0.15930000,0.16440000,4599070.10000000,1763679599999,747257.77060000,8801
1763679600000,0.16430000,0.16450000,0.15910000,0.15960000,3350999.50000000,1763683199999,541846.70620000,7696
1763683200000,0.15960000,0.16270000,0.15840000,0.16180000,3207565.30000000,1763686799999,514782.73087000,6631
1763686800000,0.16180000,0.16730000,0.16160000,0.16550000,5874496.70000000,1763690399999,967256.40562000,9626
1763690400000,0.16560000,0.21300000,0.16440000,0.20290000,39298467.20000000,1763693999999,7564719.84740000,84900
1763694000000,0.20290000,0.28000000,0.20130000,0.21630000,75557599.50000000,1763697599999,17467734.40911000,196968
1763697600000,0.21640000,0.23300000,0.19110000,0.19590000,18453463.10000000,1763701199999,3872947.35090000,56581
1763701200000,0.19600000,0.20590000,0.19280000,0.20540000,14014133.40000000,1763704799999,2796845.76384000,33625
1763704800000,0.20530000,0.22780000,0.20100000,0.21000000,23613716.40000000,1763708399999,5070038.39407000,67314
1763708400000,0.20990000,0.21420000,0.17760000,0.19330000,16025936.40000000,1763711999999,3168134.24242000,50768
1763712000000,0.19340000,0.20230000,0.18740000,0.20220000,15955773.30000000,1763715599999,3101141.61982000,38269
1763715600000,0.20210000,0.22140000,0.19920000,0.21060000,21038096.90000000,1763719199999,4399084.33149000,59328
1763719200000,0.21060000,0.21720000,0.20480000,0.21030000,11599434.10000000,1763722799999,2448582.86824000,33568
1763722800000,0.21030000,0.21530000,0.20130000,0.20660000,9899971.60000000,1763726399999,2056243.41637000,27824
1763726400000,0.20660000,0.23650000,0.19980000,0.22220000,35967790.50000000,1763729999999,7984519.00242000,86608
1763730000000,0.22220000,0.24990000,0.21370000,0.21770000,32441367.50000000,1763733599999,7406566.60303000,81206
1763733600000,0.21760000,0.22080000,0.20580000,0.21290000,16922142.60000000,1763737199999,3621329.49058000,38415
1763737200000,0.21290000,0.22050000,0.20070000,0.20620000,10218036.60000000,1763740799999,2165007.52668000,16406
1763740800000,0.20620000,0.20700000,0.16960000,0.18280000,27163607.00000000,1763744399999,5018210.59814000,29587
1763744400000,0.18300000,0.18490000,0.17350000,0.17380000,9187314.50000000,1763747999999,1661604.56800000,12289
1763748000000,0.17380000,0.17990000,0.17060000,0.17750000,4690411.00000000,1763751599999,822483.55429000,7767
1763751600000,0.17730000,0.18180000,0.17290000,0.17760000,5248233.70000000,1763755199999,932913.96989000,7522
1763755200000,0.17770000,0.18400000,0.17340000,0.18220000,6734000.20000000,1763758799999,1209041.58572000,9006
1763758800000,0.18210000,0.18280000,0.17550000,0.17640000,4069063.70000000,1763762399999,725490.68960000,5391
1763762400000,0.17660000,0.17710000,0.16490000,0.16520000,4375892.10000000,1763765999999,746287.94343000,4856
1763766000000,0.16560000,0.17470000,0.16360000,0.17280000,4400233.30000000,1763769599999,745831.86022000,8216
1763769600000,0.17290000,0.17710000,0.17110000,0.17500000,4060066.90000000,1763773199999,708351.50762000,6720
1763773200000,0.17480000,0.18150000,0.17470000,0.17570000,5457028.50000000,1763776799999,972315.41327000,7389
1763776800000,0.17580000,0.17740000,0.16810000,0.16930000,5354816.80000000,1763780399999,918804.27162000,6445
1763780400000,0.16920000,0.17360000,0.16480000,0.16690000,5584130.30000000,1763783999999,946343.08542000,7598
1763784000000,0.16680000,0.16750000,0.15880000,0.16340000,5440899.90000000,1763787599999,884685.17663000,7618
1763787600000,0.16340000,0.16340000,0.15260000,0.15530000,6243079.40000000,1763791199999,978331.33205000,8567
1763791200000,0.15520000,0.16000000,0.15350000,0.15700000,6026084.90000000,1763794799999,942232.08234000,7133
1763794800000,0.15690000,0.16270000,0.15490000,0.16080000,5052993.50000000,1763798399999,802960.20374000,8495
1763798400000,0.16090000,0.16130000,0.15250000,0.15480000,5326714.20000000,1763801999999,831116.09385000,9096
1763802000000,0.15470000,0.16100000,0.15410000,0.15930000,4065067.60000000,1763805599999,639548.99118000,6686
1763805600000,0.15940000,0.16210000,0.15780000,0.15850000,4287590.70000000,1763809199999,687090.30236000,7209
1763809200000,0.15860000,0.16760000,0.15860000,0.16300000,7980375.50000000,1763812799999,1312017.65512000,9910
1763812800000,0.16300000,0.16540000,0.16000000,0.16130000,5077862.30000000,1763816399999,826003.36540000,8251
1763816400000,0.16130000,0.16580000,0.15810000,0.15930000,5114954.60000000,1763819999999,826848.97013000,7211
1763820000000,0.15920000,0.16750000,0.15870000,0.16260000,7928495.10000000,1763823599999,1297998.19308000,12007
1763823600000,0.16260000,0.16280000,0.15880000,0.16200000,3943826.80000000,1763827199999,635066.04478000,6435
1763827200000,0.16200000,0.16410000,0.15920000,0.16290000,4551703.00000000,1763830799999,735967.81371000,6638
1763830800000,0.16280000,0.16750000,0.16150000,0.16610000,3694139.10000000,1763834399999,608036.07114000,5304
1763834400000,0.16580000,0.16730000,0.16250000,0.16280000,2659450.20000000,1763837999999,438781.01962000,4492
1763838000000,0.16280000,0.16630000,0.15980000,0.16180000,2922989.00000000,1763841599999,475970.85485000,4392
1763841600000,0.16160000,0.16390000,0.16120000,0.16260000,1912198.00000000,1763845199999,310975.54398000,3101
1763845200000,0.16270000,0.16700000,0.16190000,0.16270000,2707865.70000000,1763848799999,445686.94654000,4326
1763848800000,0.16290000,0.16570000,0.16020000,0.16390000,2190037.50000000,1763852399999,355674.25070000,3504
1763852400000,0.16400000,0.16570000,0.16000000,0.16030000,1900096.30000000,1763855999999,308518.72193000,3882
1763856000000,0.16040000,0.16220000,0.15700000,0.15980000,2597559.30000000,1763859599999,414418.88752000,4992
1763859600000,0.15990000,0.16420000,0.15890000,0.16150000,2466683.80000000,1763863199999,399209.82664000,5244
1763863200000,0.16160000,0.16270000,0.15610000,0.15770000,3963891.20000000,1763866799999,628980.21267000,6550
1763866800000,0.15790000,0.15820000,0.15400000,0.15510000,2534456.30000000,1763870399999,395727.73776000,4678
1763870400000,0.15510000,0.15980000,0.15430000,0.15870000,1707585.30000000,1763873999999,268059.59525000,3838
1763874000000,0.15880000,0.16060000,0.15700000,0.15820000,2148547.10000000,1763877599999,341610.35207000,4366
1763877600000,0.15810000,0.15840000,0.14880000,0.15000000,4645585.60000000,1763881199999,709588.80484000,7094
1763881200000,0.15020000,0.15280000,0.14870000,0.15110000,3623025.70000000,1763884799999,545087.15506000,5931
1763884800000,0.15110000,0.15340000,0.14990000,0.15130000,2520525.20000000,1763888399999,381757.53258000,4405
1763888400000,0.15150000,0.15490000,0.15120000,0.15310000,2350772.90000000,1763891999999,360086.21762000,3603
1763892000000,0.15310000,0.15480000,0.15120000,0.15280000,3118162.40000000,1763895599999,476541.47232000,4310
1763895600000,0.15290000,0.15370000,0.15000000,0.15330000,2747845.20000000,1763899199999,417076.35611000,4681
1763899200000,0.15340000,0.15450000,0.15240000,0.15280000,2855941.50000000,1763902799999,439111.56806000,4799
1763902800000,0.15290000,0.15970000,0.15290000,0.15750000,4959621.10000000,1763906399999,777475.99268000,6788
1763906400000,0.15760000,0.15940000,0.15360000,0.15480000,4802415.10000000,1763909999999,749420.25049000,6910
1763910000000,0.15470000,0.15550000,0.15300000,0.15380000,4448395.90000000,1763913599999,685492.37955000,7459
1763913600000,0.15380000,0.15610000,0.15150000,0.15210000,3333218.60000000,1763917199999,513247.69565000,5068
1763917200000,0.15220000,0.15280000,0.15050000,0.15170000,2084530.70000000,1763920799999,316020.78874000,4914
1763920800000,0.15170000,0.15510000,0.15150000,0.15350000,2405521.80000000,1763924399999,368488.65360000,4711
1763924400000,0.15350000,0.16050000,0.15350000,0.15750000,4392452.80000000,1763927999999,693513.01513000,6794
1763928000000,0.15730000,0.15870000,0.15630000,0.15750000,3024009.90000000,1763931599999,475593.55681000,4658
1763931600000,0.15760000,0.16310000,0.15670000,0.16080000,3243858.10000000,1763935199999,520996.72669000,4142
1763935200000,0.16060000,0.16490000,0.16020000,0.16180000,3698162.10000000,1763938799999,601593.81479000,4649
1763938800000,0.16190000,0.16280000,0.15850000,0.15880000,2578552.80000000,1763942399999,414341.83678000,4512
1763942400000,0.15890000,0.15970000,0.15480000,0.15630000,2292698.20000000,1763945999999,360693.89290000,5089
1763946000000,0.15620000,0.15920000,0.15470000,0.15910000,2260836.90000000,1763949599999,353949.79563000,4795
1763949600000,0.15900000,0.16560000,0.15880000,0.16540000,3508335.30000000,1763953199999,569066.91814000,6298
1763953200000,0.16530000,0.17580000,0.16520000,0.17220000,9481764.70000000,1763956799999,1614323.69292000,15883
1763956800000,0.17210000,0.17490000,0.16800000,0.17360000,6867711.40000000,1763960399999,1177778.78418000,12855
1763960400000,0.17360000,0.18320000,0.17130000,0.17740000,9122006.80000000,1763963999999,1613994.96007000,16581
1763964000000,0.17750000,0.17980000,0.17110000,0.17540000,7643455.70000000,1763967599999,1340130.33414000,14874
1763967600000,0.17530000,0.17780000,0.17150000,0.17300000,7695712.50000000,1763971199999,1337805.55015000,12322
1763971200000,0.17290000,0.18000000,0.17130000,0.17710000,8378408.00000000,1763974799999,1477410.31675000,12077
1763974800000,0.17720000,0.17740000,0.17260000,0.17410000,6923463.60000000,1763978399999,1211523.34660000,11732
1763978400000,0.17400000,0.18200000,0.16740000,0.18130000,8983402.70000000,1763981999999,1571439.51156000,16426
1763982000000,0.18110000,0.18500000,0.17300000,0.17740000,8257840.30000000,1763985599999,1468480.70809000,14116
1763985600000,0.17740000,0.18720000,0.17700000,0.17990000,11841604.10000000,1763989199999,2148596.70601000,18113
1763989200000,0.18000000,0.18330000,0.17540000,0.18100000,10508471.40000000,1763992799999,1890259.13732000,17622
1763992800000,0.18090000,0.18090000,0.17100000,0.17520000,9082840.20000000,1763996399999,1589182.93662000,16629
1763996400000,0.17530000,0.18120000,0.17090000,0.18030000,9447053.00000000,1763999999999,1661314.86863000,16673
1764000000000,0.18020000,0.19390000,0.17720000,0.19280000,12017015.00000000,1764003599999,2217130.68920000,23044
1764003600000,0.19290000,0.20820000,0.18860000,0.19990000,55363839.40000000,1764007199999,11054686.03265000,63927
1764007200000,0.19990000,0.22420000,0.19960000,0.21810000,52323998.40000000,1764010799999,11139762.13924000,66329
1764010800000,0.21800000,0.22030000,0.20330000,0.21090000,30625758.20000000,1764014399999,6424148.85178000,43460
1764014400000,0.21080000,0.22120000,0.20520000,0.21020000,11367073.80000000,1764017999999,2411977.00285000,22507
1764018000000,0.21010000,0.21380000,0.20510000,0.20590000,6170065.30000000,1764021599999,1285752.80786000,12321
1764021600000,0.20610000,0.20720000,0.19760000,0.20590000,4099090.00000000,1764025199999,832560.13552000,8279
1764025200000,0.20570000,0.20570000,0.19720000,0.19760000,3442955.00000000,1764028799999,693529.67650000,10304
1764028800000,0.19760000,0.20440000,0.19250000,0.20240000,4645764.70000000,1764032399999,919130.12913000,13951
1764032400000,0.20230000,0.21020000,0.20220000,0.20500000,8488086.30000000,1764035999999,1747302.36321000,19790
1764036000000,0.20490000,0.21340000,0.20320000,0.20660000,8645909.70000000,1764039599999,1792291.53402000,24996
1764039600000,0.20670000,0.20810000,0.19720000,0.20080000,8091506.40000000,1764043199999,1628917.40669000,19865
1764043200000,0.20080000,0.20340000,0.18040000,0.18220000,21215123.80000000,1764046799999,4129676.85433000,31916
1764046800000,0.18220000,0.18410000,0.17630000,0.17850000,12839280.60000000,1764050399999,2305166.32306000,24490
1764050400000,0.17860000,0.18100000,0.17480000,0.17590000,10484530.40000000,1764053999999,1867096.90755000,26494
1764054000000,0.17600000,0.17850000,0.17400000,0.17450000,8022128.30000000,1764057599999,1411834.75670000,16624
1764057600000,0.17450000,0.17520000,0.17120000,0.17160000,8544689.70000000,1764061199999,1483988.47577000,19274
1764061200000,0.17170000,0.17200000,0.16880000,0.16940000,10222881.60000000,1764064799999,1741946.71855000,19401
1764064800000,0.16940000,0.17260000,0.16670000,0.17040000,7276211.80000000,1764068399999,1236289.67716000,15447
1764068400000,0.17040000,0.17160000,0.16890000,0.16980000,9388056.10000000,1764071999999,1599858.60230000,15248
1764072000000,0.16990000,0.17210000,0.16730000,0.17140000,13286626.60000000,1764075599999,2256028.72826000,25825
1764075600000,0.17140000,0.17140000,0.16760000,0.16850000,12125741.60000000,1764079199999,2058574.98851000,18107
1764079200000,0.16860000,0.17090000,0.16830000,0.16970000,12624579.70000000,1764082799999,2139043.26057000,19135
1764082800000,0.16970000,0.17760000,0.16940000,0.17260000,23075754.80000000,1764086399999,4030126.20190000,31133
1764086400000,0.17260000,0.17510000,0.17210000,0.17440000,8514880.80000000,1764089999999,1478828.71492000,15089
1764090000000,0.17440000,0.18290000,0.17180000,0.17850000,12804840.60000000,1764093599999,2283613.51197000,23368
1764093600000,0.17850000,0.18150000,0.17730000,0.17740000,13028662.50000000,1764097199999,2337847.40931000,21628
1764097200000,0.17740000,0.17840000,0.17220000,0.17390000,8678246.20000000,1764100799999,1516300.31591000,14559
1764100800000,0.17400000,0.17460000,0.17050000,0.17360000,3985348.30000000,1764104399999,690345.49161000,7984
1764104400000,0.17360000,0.17650000,0.17340000,0.17420000,3353817.80000000,1764107999999,586702.66465000,6825
1764108000000,0.17410000,0.17570000,0.17230000,0.17490000,4433527.60000000,1764111599999,770420.56113000,9024
1764111600000,0.17490000,0.17880000,0.17430000,0.17800000,3470633.10000000,1764115199999,614124.83030000,6996
1764115200000,0.17790000,0.18140000,0.17580000,0.17810000,5220486.40000000,1764118799999,931107.11937000,10913
1764118800000,0.17820000,0.18130000,0.17720000,0.17800000,11006220.70000000,1764122399999,1977034.93905000,14794
1764122400000,0.17810000,0.18140000,0.17800000,0.18020000,16907066.90000000,1764125999999,3046322.62925000,15784
1764126000000,0.18010000,0.18070000,0.17820000,0.17880000,46142750.90000000,1764129599999,8290555.71598000,38217
1764129600000,0.17870000,0.17870000,0.17230000,0.17560000,52222291.10000000,1764133199999,9155409.64650000,42845
1764133200000,0.17570000,0.17720000,0.17390000,0.17470000,91264304.50000000,1764136799999,16003103.33071000,50906
1764136800000,0.17470000,0.17470000,0.16860000,0.17030000,158057194.60000000,1764140399999,27022268.82176000,85218
1764140400000,0.17030000,0.17460000,0.16920000,0.17090000,373517174.30000000,1764143999999,64006789.74277000,138439
1764144000000,0.17090000,0.17280000,0.16570000,0.16700000,418354708.60000000,1764147599999,70614163.15405000,191034
1764147600000,0.16700000,0.17040000,0.16540000,0.16650000,435935726.90000000,1764151199999,73247956.78848000,219182
1764151200000,0.16650000,0.16750000,0.16280000,0.16340000,7811070.80000000,1764154799999,1289680.39582000,9175
1764154800000,0.16340000,0.16370000,0.16090000,0.16270000,3785728.00000000,1764158399999,615574.10683000,5822
1764158400000,0.16270000,0.16290000,0.15870000,0.16110000,4778288.60000000,1764161999999,767272.56423000,6389
1764162000000,0.16110000,0.16400000,0.16080000,0.16360000,2271422.90000000,1764165599999,369161.19316000,4481
1764165600000,0.16350000,0.16590000,0.16280000,0.16320000,2565161.60000000,1764169199999,420961.49778000,6031
1764169200000,0.16320000,0.16380000,0.16100000,0.16260000,2555102.80000000,1764172799999,414583.05029000,6753
1764172800000,0.16260000,0.17360000,0.16200000,0.17190000,6647991.80000000,1764176399999,1127011.35317000,11414
1764176400000,0.17190000,0.17320000,0.16930000,0.16950000,5795355.80000000,1764179999999,991033.57148000,8164
1764180000000,0.16950000,0.17450000,0.16950000,0.17340000,4119035.90000000,1764183599999,709229.86173000,7165
1764183600000,0.17350000,0.17540000,0.17220000,0.17350000,1783719.40000000,1764187199999,309672.71174000,4132
1764187200000,0.17350000,0.17670000,0.17290000,0.17390000,3568515.80000000,1764190799999,623974.01708000,5597
1764190800000,0.17390000,0.17700000,0.17390000,0.17540000,2091146.90000000,1764194399999,367240.44062000,3788
1764194400000,0.17540000,0.17590000,0.17270000,0.17350000,1463240.40000000,1764197999999,254647.65077000,3264
1764198000000,0.17350000,0.17510000,0.17110000,0.17180000,1576015.50000000,1764201599999,272534.33402000,2978
1764201600000,0.17190000,0.17270000,0.17040000,0.17080000,2819998.50000000,1764205199999,482997.80120000,4564
1764205200000,0.17080000,0.17130000,0.16630000,0.16820000,3160241.80000000,1764208799999,532713.80143000,5453
1764208800000,0.16810000,0.16840000,0.16510000,0.16650000,2224997.50000000,1764212399999,371103.45814000,5320
1764212400000,0.16640000,0.16710000,0.16350000,0.16580000,2165614.70000000,1764215999999,357727.48912000,4959
1764216000000,0.16580000,0.17020000,0.16530000,0.16880000,3288364.40000000,1764219599999,551095.26174000,4826
1764219600000,0.16880000,0.16920000,0.16530000,0.16680000,1943250.50000000,1764223199999,323625.30848000,4786
1764223200000,0.16680000,0.16710000,0.16390000,0.16400000,2154015.70000000,1764226799999,356371.11694000,2329
1764226800000,0.16400000,0.16520000,0.16270000,0.16420000,1408384.40000000,1764230399999,231272.28409000,2389
1764230400000,0.16410000,0.16440000,0.16200000,0.16350000,1635209.80000000,1764233999999,266972.81190000,2391
1764234000000,0.16350000,0.16530000,0.16280000,0.16450000,2026466.50000000,1764237599999,332376.41026000,2810
1764237600000,0.16450000,0.16690000,0.16430000,0.16450000,2155267.30000000,1764241199999,356743.09325000,2675
1764241200000,0.16440000,0.16580000,0.16340000,0.16420000,951762.60000000,1764244799999,156650.12507000,1654
1764244800000,0.16410000,0.16790000,0.16280000,0.16470000,2579166.00000000,1764248399999,425991.36575000,3345
1764248400000,0.16470000,0.16720000,0.16460000,0.16520000,1482491.70000000,1764251999999,245887.83601000,2287
1764252000000,0.16510000,0.16540000,0.16060000,0.16200000,2684482.20000000,1764255599999,436360.55299000,3332
1764255600000,0.16190000,0.16570000,0.16180000,0.16330000,1617363.30000000,1764259199999,264366.71854000,2258
1764259200000,0.16320000,0.16620000,0.16310000,0.16500000,1076148.50000000,1764262799999,177506.15627000,1977
1764262800000,0.16500000,0.16520000,0.16400000,0.16440000,800524.40000000,1764266399999,131702.66294000,1374
1764266400000,0.16440000,0.16490000,0.16250000,0.16400000,1461720.30000000,1764269999999,239544.29152000,2228
1764270000000,0.16410000,0.16430000,0.16150000,0.16330000,1033630.50000000,1764273599999,168505.42294000,1478
1764273600000,0.16330000,0.16690000,0.16300000,0.16590000,1060258.20000000,1764277199999,175376.67905000,1569
1764277200000,0.16590000,0.16710000,0.16500000,0.16590000,994824.00000000,1764280799999,165154.62110000,1344
1764280800000,0.16590000,0.16670000,0.16160000,0.16230000,1079280.10000000,1764284399999,177082.00868000,1448
1764284400000,0.16220000,0.16260000,0.15960000,0.16110000,2226904.10000000,1764287999999,358103.24591000,2001
1764288000000,0.16100000,0.16370000,0.15990000,0.16160000,892806.30000000,1764291599999,144378.54637000,1552
1764291600000,0.16150000,0.16260000,0.15700000,0.15890000,1600207.60000000,1764295199999,256162.56720000,2566
1764295200000,0.15880000,0.16080000,0.15650000,0.16080000,1330523.00000000,1764298799999,210954.68788000,2527
1764298800000,0.16080000,0.16280000,0.15950000,0.16200000,593656.70000000,1764302399999,95610.34360000,1541
1764302400000,0.16190000,0.16700000,0.16080000,0.16540000,2251911.00000000,1764305999999,370036.25755000,3368
1764306000000,0.16550000,0.16860000,0.16390000,0.16450000,1655516.90000000,1764309599999,275150.89925000,3487
1764309600000,0.16450000,0.16540000,0.15990000,0.16140000,2518796.50000000,1764313199999,408223.29535000,2696
1764313200000,0.16140000,0.16200000,0.15900000,0.15900000,700867.10000000,1764316799999,112298.25347000,1534
1764316800000,0.15910000,0.16290000,0.15910000,0.16180000,1129731.40000000,1764320399999,181707.38430000,2187
1764320400000,0.16190000,0.16250000,0.16060000,0.16090000,601553.90000000,1764323999999,97136.55937000,1604
1764324000000,0.16090000,0.16300000,0.16030000,0.16210000,1623591.30000000,1764327599999,262279.83483000,2006
1764327600000,0.16210000,0.16370000,0.16090000,0.16200000,1054304.90000000,1764331199999,170869.12207000,2143
1764331200000,0.16200000,0.16520000,0.16200000,0.16360000,1199725.70000000,1764334799999,196607.36014000,2424
1764334800000,0.16360000,0.16490000,0.16290000,0.16430000,1004896.20000000,1764338399999,164730.58052000,2407
1764338400000,0.16430000,0.16490000,0.16260000,0.16400000,1588860.50000000,1764341999999,260222.76213000,2757
1764342000000,0.16400000,0.16580000,0.16170000,0.16290000,1755896.40000000,1764345599999,288263.64172000,3192
1764345600000,0.16280000,0.16330000,0.15990000,0.16070000,1689647.90000000,1764349199999,272604.55056000,3674
1764349200000,0.16070000,0.16090000,0.15530000,0.15690000,2887376.80000000,1764352799999,454872.72543000,5672
1764352800000,0.15680000,0.16160000,0.15610000,0.15950000,1119936.00000000,1764356399999,177814.29649000,3046
1764356400000,0.15950000,0.16140000,0.15810000,0.16070000,684499.50000000,1764359999999,109289.83104000,1805
1764360000000,0.16060000,0.16420000,0.16040000,0.16320000,1368999.20000000,1764363599999,222468.72494000,3086
1764363600000,0.16320000,0.16320000,0.16090000,0.16110000,859092.70000000,1764367199999,139104.56403000,2224
1764367200000,0.16110000,0.16110000,0.15930000,0.15950000,1134127.70000000,1764370799999,181648.85439000,2123
1764370800000,0.15950000,0.15960000,0.15740000,0.15800000,739553.70000000,1764374399999,117072.92020000,2157
1764374400000,0.15790000,0.15970000,0.15630000,0.15920000,1391053.80000000,1764377999999,219829.73991000,2772
1764378000000,0.15920000,0.16080000,0.15750000,0.15790000,828582.20000000,1764381599999,131692.18837000,1860
1764381600000,0.15790000,0.15880000,0.15650000,0.15790000,1171617.50000000,1764385199999,184754.62372000,2158
1764385200000,0.15790000,0.15880000,0.15670000,0.15790000,689756.90000000,1764388799999,108647.04786000,1522
1764388800000,0.15790000,0.15930000,0.15740000,0.15740000,560720.50000000,1764392399999,88765.33374000,1542
1764392400000,0.15750000,0.15780000,0.15260000,0.15440000,2082979.40000000,1764395999999,323814.65030000,5161
1764396000000,0.15430000,0.15590000,0.15350000,0.15540000,1371173.00000000,1764399599999,212038.81205000,3341
1764399600000,0.15540000,0.15560000,0.15340000,0.15370000,524953.80000000,1764403199999,81052.04749000,1815
1764403200000,0.15370000,0.15470000,0.15150000,0.15270000,843344.40000000,1764406799999,129057.65208000,2137
1764406800000,0.15260000,0.15280000,0.15000000,0.15240000,1592214.60000000,1764410399999,241632.21844000,2826
1764410400000,0.15240000,0.15750000,0.15100000,0.15500000,2107102.40000000,1764413999999,325957.81813000,3297
1764414000000,0.15500000,0.15550000,0.15300000,0.15410000,1633389.40000000,1764417599999,252059.78848000,2340
1764417600000,0.15410000,0.15420000,0.15230000,0.15230000,1081968.90000000,1764421199999,165891.71814000,1873
1764421200000,0.15230000,0.15300000,0.15150000,0.15190000,780549.80000000,1764424799999,118806.70454000,1738
1764424800000,0.15190000,0.15230000,0.15100000,0.15180000,953907.10000000,1764428399999,144619.82975000,1925
1764428400000,0.15190000,0.15380000,0.15070000,0.15080000,1738568.10000000,1764431999999,264100.80310000,3498
1764432000000,0.15070000,0.15200000,0.14890000,0.15020000,1576083.20000000,1764435599999,236662.17178000,2963
1764435600000,0.15020000,0.15060000,0.14740000,0.14810000,1496616.90000000,1764439199999,222398.39265000,2922
1764439200000,0.14810000,0.14810000,0.14400000,0.14690000,2787742.00000000,1764442799999,406081.50496000,3846
1764442800000,0.14690000,0.14770000,0.14620000,0.14760000,653614.30000000,1764446399999,96144.38077000,1236
1764446400000,0.14760000,0.14970000,0.14610000,0.14900000,1459606.90000000,1764449999999,216057.91132000,1993
1764450000000,0.14900000,0.15090000,0.14790000,0.14970000,983952.40000000,1764453599999,147350.23227000,1886
1764453600000,0.14980000,0.15020000,0.14870000,0.14910000,840439.90000000,1764457199999,125657.00452000,1752
1764457200000,0.14920000,0.15170000,0.14790000,0.14910000,2496045.90000000,1764460799999,373936.63923000,2741
1764460800000,0.14910000,0.14980000,0.14800000,0.14810000,973615.60000000,1764464399999,145011.68256000,2063
1764464400000,0.14800000,0.14880000,0.14700000,0.14840000,495374.20000000,1764467999999,73274.58603000,1581
1764468000000,0.14840000,0.14900000,0.14580000,0.14620000,678971.50000000,1764471599999,99911.77825000,1641
1764471600000,0.14620000,0.14710000,0.14470000,0.14580000,622448.10000000,1764475199999,90761.39383000,1740
1764475200000,0.14590000,0.14670000,0.14430000,0.14510000,573554.70000000,1764478799999,83471.79246000,1828
1764478800000,0.14500000,0.14500000,0.14100000,0.14450000,2159164.10000000,1764482399999,309149.71831000,3723
1764482400000,0.14450000,0.14560000,0.14440000,0.14500000,1169610.10000000,1764485999999,169316.39745000,2735
1764486000000,0.14510000,0.14560000,0.14440000,0.14490000,495450.30000000,1764489599999,71887.27360000,1158
1764489600000,0.14480000,0.14480000,0.14270000,0.14320000,1066993.00000000,1764493199999,153233.42685000,2237
1764493200000,0.14310000,0.14340000,0.14190000,0.14290000,702781.20000000,1764496799999,100305.50196000,1850
1764496800000,0.14290000,0.14340000,0.14140000,0.14160000,596213.40000000,1764500399999,84988.92205000,1433
1764500400000,0.14170000,0.14330000,0.14120000,0.14280000,928242.30000000,1764503999999,131918.28437000,1799
1764504000000,0.14280000,0.14480000,0.14220000,0.14420000,915304.40000000,1764507599999,131272.43171000,2030
1764507600000,0.14410000,0.14590000,0.14340000,0.14390000,1099235.10000000,1764511199999,159145.73519000,2387
1764511200000,0.14390000,0.14400000,0.14060000,0.14280000,1733905.90000000,1764514799999,246397.42382000,3396
1764514800000,0.14290000,0.14580000,0.14180000,0.14520000,1427408.50000000,1764518399999,205633.40488000,2918
1764518400000,0.14530000,0.15010000,0.14520000,0.14880000,2519043.20000000,1764521999999,372334.37675000,5706
1764522000000,0.14890000,0.15250000,0.14870000,0.15130000,2029324.70000000,1764525599999,305408.19571000,4298
1764525600000,0.15130000,0.15620000,0.15050000,0.15240000,3697500.00000000,1764529199999,563847.23725000,5758
1764529200000,0.15250000,0.15340000,0.14930000,0.15120000,1779611.30000000,1764532799999,269193.45478000,3568
1764532800000,0.15120000,0.15160000,0.14860000,0.14880000,1073649.70000000,1764536399999,160925.53997000,2103
1764536400000,0.14880000,0.14920000,0.14730000,0.14730000,661155.00000000,1764539999999,97966.31628000,1695
1764540000000,0.14720000,0.14810000,0.14550000,0.14660000,1007267.30000000,1764543599999,148009.69114000,1944
1764543600000,0.14660000,0.14670000,0.14340000,0.14430000,1287640.50000000,1764547199999,186204.91325000,2866
1764547200000,0.14440000,0.14510000,0.12820000,0.13190000,7945028.30000000,1764550799999,1074949.03713000,16199
1764550800000,0.13190000,0.13390000,0.13090000,0.13150000,2748299.80000000,1764554399999,364199.41771000,5235
1764554400000,0.13150000,0.14280000,0.13130000,0.14220000,3380260.00000000,1764557999999,466757.58370000,8162
1764558000000,0.14230000,0.14480000,0.13730000,0.13770000,3463211.80000000,1764561599999,489554.65741000,7107
1764561600000,0.13780000,0.13840000,0.13360000,0.13600000,2824147.20000000,1764565199999,383021.06709000,4964
1764565200000,0.13610000,0.13960000,0.13440000,0.13710000,1778877.80000000,1764568799999,242702.24523000,3559
1764568800000,0.13700000,0.13800000,0.13640000,0.13710000,1024724.50000000,1764572399999,140760.12682000,2603
1764572400000,0.13700000,0.14240000,0.13670000,0.14170000,1544451.80000000,1764575999999,216184.03917000,3874
1764576000000,0.14150000,0.14870000,0.14140000,0.14800000,5576507.40000000,1764579599999,809633.58232000,11611
1764579600000,0.14810000,0.15100000,0.14610000,0.14800000,4059672.30000000,1764583199999,603107.18190000,8774
1764583200000,0.14800000,0.14980000,0.14470000,0.14740000,2321184.70000000,1764586799999,339981.16898000,5623
1764586800000,0.14730000,0.14760000,0.14350000,0.14530000,1991099.00000000,1764590399999,290086.90565000,4783
1764590400000,0.14530000,0.14530000,0.14060000,0.14170000,2368504.60000000,1764593999999,337385.18531000,4903
1764594000000,0.14160000,0.14480000,0.14120000,0.14200000,2748109.10000000,1764597599999,392277.07191000,4329
1764597600000,0.14190000,0.14490000,0.14030000,0.14220000,3308799.40000000,1764601199999,471796.68398000,4978
1764601200000,0.14220000,0.14410000,0.14120000,0.14220000,1928703.50000000,1764604799999,275661.63873000,4093
1764604800000,0.14210000,0.14360000,0.13880000,0.13910000,1736480.00000000,1764608399999,245272.11813000,3674
1764608400000,0.13920000,0.14000000,0.13720000,0.13850000,1289179.90000000,1764611999999,178786.33000000,2657
1764612000000,0.13840000,0.13980000,0.13740000,0.13960000,1079137.10000000,1764615599999,149413.46624000,2624
1764615600000,0.13960000,0.14010000,0.13650000,0.13890000,880827.40000000,1764619199999,121814.05091000,1807
1764619200000,0.13890000,0.13970000,0.13740000,0.13800000,834493.40000000,1764622799999,115471.45831000,1918
1764622800000,0.13810000,0.13980000,0.13670000,0.13780000,1000406.40000000,1764626399999,138251.45155000,1888
1764626400000,0.13780000,0.13960000,0.13720000,0.13870000,1057123.90000000,1764629999999,146141.78751000,1657
1764630000000,0.13870000,0.13960000,0.13770000,0.13840000,767289.80000000,1764633599999,106409.32231000,1164
1764633600000,0.13850000,0.13980000,0.13710000,0.13800000,936554.50000000,1764637199999,129585.59736000,1753
1764637200000,0.13790000,0.14020000,0.13720000,0.13780000,1517896.90000000,1764640799999,210357.31331000,2757
1764640800000,0.13770000,0.13940000,0.13480000,0.13560000,1682101.30000000,1764644399999,230920.52848000,3290
1764644400000,0.13570000,0.13660000,0.13330000,0.13540000,1027597.30000000,1764647999999,138425.95574000,2369
1764648000000,0.13550000,0.13680000,0.13460000,0.13530000,796188.40000000,1764651599999,108020.51994000,1913
1764651600000,0.13520000,0.13650000,0.13450000,0.13620000,956109.60000000,1764655199999,129721.68640000,1744
1764655200000,0.13620000,0.14140000,0.13520000,0.13870000,990570.60000000,1764658799999,137469.99092000,2801
1764658800000,0.13860000,0.14030000,0.13700000,0.13720000,1060602.00000000,1764662399999,146977.56980000,2283
1764662400000,0.13730000,0.13840000,0.13570000,0.13780000,982273.50000000,1764665999999,134468.60561000,2577
1764666000000,0.13780000,0.13970000,0.13740000,0.13830000,860841.10000000,1764669599999,119244.86514000,2113
1764669600000,0.13820000,0.13910000,0.13450000,0.13660000,1138901.90000000,1764673199999,155257.00718000,2793
1764673200000,0.13660000,0.13880000,0.13650000,0.13830000,657889.10000000,1764676799999,90596.35825000,1906
1764676800000,0.13840000,0.14270000,0.13840000,0.14260000,1482601.20000000,1764680399999,208203.08270000,3504
1764680400000,0.14250000,0.14620000,0.14150000,0.14550000,1463355.50000000,1764683999999,209853.53227000,3375
1764684000000,0.14560000,0.14570000,0.14100000,0.14290000,2376441.10000000,1764687599999,339513.38637000,4463
1764687600000,0.14280000,0.14880000,0.14280000,0.14630000,2886916.10000000,1764691199999,422896.63917000,6252
1764691200000,0.14630000,0.14830000,0.14290000,0.14480000,1689748.40000000,1764694799999,245906.27657000,3263
1764694800000,0.14470000,0.14600000,0.14340000,0.14560000,1071578.50000000,1764698399999,155398.50403000,2313
1764698400000,0.14560000,0.15330000,0.14560000,0.15320000,3985006.50000000,1764701999999,597802.60950000,8601
1764702000000,0.15310000,0.15460000,0.14820000,0.14970000,2837139.10000000,1764705599999,429881.59825000,4970
1764705600000,0.14970000,0.14990000,0.14660000,0.14790000,2443839.10000000,1764709199999,361910.46857000,4521
1764709200000,0.14780000,0.14920000,0.14600000,0.14630000,872755.10000000,1764712799999,128815.34832000,1880
1764712800000,0.14630000,0.14760000,0.14560000,0.14560000,698776.00000000,1764716399999,102274.89108000,1563
1764716400000,0.14560000,0.14620000,0.14380000,0.14420000,989232.50000000,1764719999999,143341.18131000,1731
1764720000000,0.14420000,0.15490000,0.14390000,0.14890000,3064761.70000000,1764723599999,459529.92858000,6276
1764723600000,0.14880000,0.15120000,0.14650000,0.14670000,2579194.70000000,1764727199999,383151.36012000,5175
1764727200000,0.14660000,0.15350000,0.14650000,0.14990000,2111236.80000000,1764730799999,317500.33785000,4292
1764730800000,0.14990000,0.15390000,0.14990000,0.15070000,1411479.50000000,1764734399999,214227.86328000,3672
1764734400000,0.15070000,0.15560000,0.14960000,0.15510000,2447930.00000000,1764737999999,374800.81002000,4463
1764738000000,0.15500000,0.15840000,0.15030000,0.15410000,2285217.30000000,1764741599999,352137.39166000,4996
1764741600000,0.15420000,0.15490000,0.15060000,0.15110000,1363701.20000000,1764745199999,208302.94743000,3223
1764745200000,0.15100000,0.15300000,0.14860000,0.14900000,1813094.50000000,1764748799999,272613.55906000,3522
1764748800000,0.14890000,0.15060000,0.14790000,0.14850000,960790.70000000,1764752399999,143483.44551000,2255
1764752400000,0.14840000,0.15060000,0.14730000,0.15040000,897799.10000000,1764755999999,133283.67292000,2137
1764756000000,0.15040000,0.15450000,0.14930000,0.14960000,2032245.10000000,1764759599999,308955.05166000,3729
1764759600000,0.14960000,0.15050000,0.14730000,0.14900000,1464147.00000000,1764763199999,218073.25087000,2779
1764763200000,0.14910000,0.14970000,0.14560000,0.14760000,1539266.70000000,1764766799999,227152.66331000,2586
1764766800000,0.14770000,0.15390000,0.14710000,0.15370000,2239380.90000000,1764770399999,338784.18895000,4306
1764770400000,0.15360000,0.15360000,0.14850000,0.14920000,4324985.20000000,1764773999999,649922.06605000,8332
1764774000000,0.14920000,0.15100000,0.14720000,0.14860000,2667437.60000000,1764777599999,397304.67667000,4827
1764777600000,0.14860000,0.15780000,0.14750000,0.15280000,8835699.40000000,1764781199999,1340693.81594000,13575
1764781200000,0.15280000,0.15520000,0.15150000,0.15360000,2274953.50000000,1764784799999,349237.16482000,4438
1764784800000,0.15360000,0.15590000,0.15200000,0.15260000,1832044.50000000,1764788399999,282162.75803000,3704
1764788400000,0.15270000,0.15720000,0.15270000,0.15660000,1988812.80000000,1764791999999,309304.07586000,3704
1764792000000,0.15660000,0.15750000,0.15420000,0.15600000,1703339.80000000,1764795599999,265360.57806000,3328
1764795600000,0.15610000,0.16870000,0.15590000,0.16350000,9103648.50000000,1764799199999,1481066.34179000,15923
1764799200000,0.16340000,0.16700000,0.16010000,0.16310000,3521162.30000000,1764802799999,573555.49488000,7360
1764802800000,0.16300000,0.16820000,0.16270000,0.16590000,3266511.80000000,1764806399999,540920.43467000,7856
1764806400000,0.16600000,0.16880000,0.15750000,0.16070000,3291530.50000000,1764809999999,534805.35461000,8004
1764810000000,0.16070000,0.16760000,0.16070000,0.16740000,1941484.60000000,1764813599999,318176.70922000,5201
1764813600000,0.16730000,0.16930000,0.16350000,0.16520000,3069908.50000000,1764817199999,510650.90938000,7207
1764817200000,0.16530000,0.16900000,0.16250000,0.16550000,2271538.40000000,1764820799999,376643.46644000,5779
1764820800000,0.16540000,0.16600000,0.16150000,0.16510000,1570644.20000000,1764824399999,257225.77725000,4200
1764824400000,0.16510000,0.17170000,0.16490000,0.16650000,3526764.90000000,1764827999999,595396.97273000,8483
1764828000000,0.16650000,0.17560000,0.16540000,0.17280000,4890056.00000000,1764831599999,837292.52192000,11567
1764831600000,0.17290000,0.17830000,0.17190000,0.17450000,5009395.40000000,1764835199999,876275.18756000,11175
1764835200000,0.17450000,0.17750000,0.16840000,0.17520000,4287795.10000000,1764838799999,744362.39684000,10121
1764838800000,0.17520000,0.17720000,0.16940000,0.17060000,3411703.20000000,1764842399999,590323.71401000,7403
1764842400000,0.17070000,0.17320000,0.16560000,0.16720000,3731767.50000000,1764845999999,630641.81886000,7248
1764846000000,0.16710000,0.17580000,0.16670000,0.17550000,2134396.20000000,1764849599999,366201.53583000,6181
1764849600000,0.17550000,0.17790000,0.16840000,0.17020000,4301667.90000000,1764853199999,744058.54059000,10690
1764853200000,0.17010000,0.17330000,0.16930000,0.17130000,1765923.00000000,1764856799999,302397.22598000,2801
1764856800000,0.17150000,0.17250000,0.16890000,0.17010000,2019574.30000000,1764860399999,344205.56489000,2521
1764860400000,0.17000000,0.17780000,0.16990000,0.17670000,2698737.40000000,1764863999999,468955.88005000,3983
1764864000000,0.17670000,0.18320000,0.17350000,0.17730000,8888826.80000000,1764867599999,1592614.90810000,9855
1764867600000,0.17740000,0.17750000,0.16920000,0.17030000,3087339.20000000,1764871199999,530993.74500000,3450
1764871200000,0.17040000,0.17220000,0.16810000,0.16970000,1840441.30000000,1764874799999,312599.29656000,2074
1764874800000,0.16970000,0.17050000,0.16530000,0.16930000,1869973.30000000,1764878399999,313860.46855000,2456
1764878400000,0.16940000,0.17150000,0.16650000,0.16950000,1255482.50000000,1764881999999,211805.50563000,2033
1764882000000,0.16960000,0.17120000,0.16660000,0.16690000,834502.40000000,1764885599999,141017.21434000,1396
1764885600000,0.16690000,0.16740000,0.16370000,0.16430000,1429364.30000000,1764889199999,236414.06747000,1424
1764889200000,0.16430000,0.16620000,0.16320000,0.16570000,979233.10000000,1764892799999,161030.22719000,1458
1764892800000,0.16570000,0.16790000,0.16400000,0.16650000,1255707.40000000,1764896399999,208690.00138000,1994
1764896400000,0.16640000,0.16980000,0.16540000,0.16940000,1145339.20000000,1764899999999,192468.61566000,1763
1764900000000,0.16950000,0.17480000,0.16820000,0.17310000,2036278.50000000,1764903599999,350949.20562000,3378
1764903600000,0.17300000,0.17700000,0.17190000,0.17350000,1800730.90000000,1764907199999,314416.64851000,2843
1764907200000,0.17340000,0.17620000,0.17020000,0.17040000,1448950.60000000,1764910799999,250427.02812000,2676
1764910800000,0.17040000,0.17080000,0.16490000,0.16880000,1761051.40000000,1764914399999,295754.82216000,2501
1764914400000,0.16870000,0.16900000,0.16650000,0.16810000,986260.20000000,1764917999999,165506.10881000,1454
1764918000000,0.16800000,0.16900000,0.16540000,0.16600000,1008760.00000000,1764921599999,168643.52486000,1673
1764921600000,0.16590000,0.16770000,0.16460000,0.16520000,977366.10000000,1764925199999,162241.22032000,1664
1764925200000,0.16530000,0.16570000,0.15760000,0.16070000,3050664.40000000,1764928799999,490751.87613000,3679
1764928800000,0.16040000,0.16130000,0.15860000,0.15970000,764026.60000000,1764932399999,122291.29931000,1436
1764932400000,0.15970000,0.16070000,0.15510000,0.15710000,1307911.70000000,1764935999999,206088.34896000,2072
1764936000000,0.15720000,0.15870000,0.15620000,0.15680000,781593.40000000,1764939599999,123070.69561000,1339
1764939600000,0.15670000,0.15760000,0.15370000,0.15550000,1168280.80000000,1764943199999,181426.01770000,1778
1764943200000,0.15550000,0.15690000,0.15260000,0.15420000,1274070.10000000,1764946799999,196767.08749000,2218
1764946800000,0.15440000,0.15840000,0.15390000,0.15650000,2589295.10000000,1764950399999,405791.38992000,4491
1764950400000,0.15620000,0.15930000,0.15360000,0.15910000,1085969.90000000,1764953999999,168877.32053000,2649
1764954000000,0.15920000,0.16310000,0.15770000,0.15850000,1929305.40000000,1764957599999,309790.14076000,3162
1764957600000,0.15860000,0.15960000,0.15370000,0.15510000,677708.40000000,1764961199999,106020.51453000,1411
1764961200000,0.15510000,0.15770000,0.15370000,0.15660000,618425.80000000,1764964799999,96349.16611000,1375
1764964800000,0.15660000,0.15700000,0.15320000,0.15340000,546700.10000000,1764968399999,84616.63300000,879
1764968400000,0.15330000,0.15360000,0.15090000,0.15310000,410481.70000000,1764971999999,62560.79684000,870
1764972000000,0.15300000,0.15470000,0.15190000,0.15440000,434221.00000000,1764975599999,66470.84993000,814
1764975600000,0.15450000,0.15780000,0.15330000,0.15770000,502203.80000000,1764979199999,78302.28247000,1055
1764979200000,0.15770000,0.16060000,0.15430000,0.15690000,1270679.40000000,1764982799999,200021.99878000,2823
1764982800000,0.15680000,0.15770000,0.15400000,0.15440000,675137.90000000,1764986399999,105382.54051000,1097
1764986400000,0.15460000,0.15580000,0.15330000,0.15480000,410102.40000000,1764989999999,63340.88175000,719
1764990000000,0.15490000,0.15670000,0.15330000,0.15550000,470432.10000000,1764993599999,73050.22909000,887
1764993600000,0.15560000,0.16120000,0.15480000,0.15970000,1053817.20000000,1764997199999,167292.83579000,1876
1764997200000,0.15960000,0.16070000,0.15670000,0.15780000,779178.60000000,1765000799999,123651.34222000,1460
1765000800000,0.15770000,0.15990000,0.15680000,0.15820000,535588.10000000,1765004399999,84857.76381000,1361
1765004400000,0.15830000,0.15870000,0.15570000,0.15810000,730656.30000000,1765007999999,114656.21518000,1386
1765008000000,0.15840000,0.16090000,0.15610000,0.15860000,1384411.00000000,1765011599999,219709.67255000,3081
1765011600000,0.15840000,0.15920000,0.15420000,0.15610000,830806.20000000,1765015199999,130396.43440000,2057
1765015200000,0.15590000,0.15610000,0.15250000,0.15260000,841811.60000000,1765018799999,129935.77665000,1661
1765018800000,0.15260000,0.15550000,0.15170000,0.15460000,528870.70000000,1765022399999,81229.94733000,1547
1765022400000,0.15460000,0.15460000,0.15170000,0.15250000,692346.70000000,1765025999999,105753.16234000,1514
1765026000000,0.15250000,0.15360000,0.15170000,0.15270000,373629.70000000,1765029599999,57083.23440000,1049
1765029600000,0.15280000,0.15420000,0.15110000,0.15270000,662551.80000000,1765033199999,101110.03740000,1377
1765033200000,0.15280000,0.15400000,0.14970000,0.15290000,1020673.00000000,1765036799999,154551.44390000,2205
1765036800000,0.15280000,0.15500000,0.15140000,0.15240000,1023422.20000000,1765040399999,156638.10064000,1759
1765040400000,0.15250000,0.15370000,0.15110000,0.15320000,789785.20000000,1765043999999,120258.96197000,1297
1765044000000,0.15320000,0.15410000,0.15240000,0.15380000,495018.20000000,1765047599999,75880.06891000,1014
1765047600000,0.15360000,0.15900000,0.15240000,0.15750000,1957319.90000000,1765051199999,305287.17131000,3166
1765051200000,0.15760000,0.16810000,0.15750000,0.16340000,3782452.40000000,1765054799999,619110.45070000,6636
1765054800000,0.16340000,0.16600000,0.15920000,0.16370000,1844985.50000000,1765058399999,299522.85114000,3470
1765058400000,0.16370000,0.16580000,0.16150000,0.16250000,1112166.80000000,1765061999999,182141.28744000,1669
1765062000000,0.16250000,0.16450000,0.16080000,0.16190000,1248160.40000000,1765065599999,202327.43848000,2208
1765065600000,0.16190000,0.16320000,0.15950000,0.16010000,1179024.30000000,1765069199999,189826.67439000,3294
1765069200000,0.16010000,0.16420000,0.15990000,0.16080000,633028.90000000,1765072799999,102385.70656000,1565
1765072800000,0.16070000,0.16800000,0.15950000,0.16360000,1455357.60000000,1765076399999,239157.15506000,2696
1765076400000,0.16380000,0.16720000,0.16280000,0.16610000,1180916.00000000,1765079999999,194938.12211000,2399
1765080000000,0.16620000,0.16750000,0.16240000,0.16420000,1456973.40000000,1765083599999,240020.64268000,2675
1765083600000,0.16430000,0.16720000,0.16340000,0.16420000,864490.80000000,1765087199999,142843.43234000,2155
1765087200000,0.16430000,0.16680000,0.16160000,0.16530000,1898078.50000000,1765090799999,311180.48249000,2869
1765090800000,0.16510000,0.16900000,0.16460000,0.16610000,1803961.20000000,1765094399999,300923.95647000,3076
1765094400000,0.16620000,0.16740000,0.16140000,0.16220000,1412829.00000000,1765097999999,231352.12548000,2547
1765098000000,0.16230000,0.16330000,0.15750000,0.15850000,2172855.10000000,1765101599999,348068.91863000,3193
1765101600000,0.15860000,0.15980000,0.15800000,0.15860000,501504.50000000,1765105199999,79704.89636000,1223
1765105200000,0.15860000,0.15870000,0.15700000,0.15840000,755828.10000000,1765108799999,119190.17529000,1237
1765108800000,0.15860000,0.16620000,0.15860000,0.16510000,3331199.70000000,1765112399999,541718.23559000,5383
1765112400000,0.16500000,0.16540000,0.16170000,0.16210000,1467411.10000000,1765115999999,239274.41670000,2344
1765116000000,0.16220000,0.16270000,0.15700000,0.15770000,2222241.50000000,1765119599999,353787.54616000,3985
1765119600000,0.15770000,0.16110000,0.15720000,0.16030000,1146329.80000000,1765123199999,182232.56192000,2303
1765123200000,0.16030000,0.16300000,0.15750000,0.15960000,1264136.50000000,1765126799999,202858.89996000,2591
1765126800000,0.15970000,0.16520000,0.15760000,0.16290000,3032282.10000000,1765130399999,491389.99194000,4605
1765130400000,0.16290000,0.16510000,0.16250000,0.16310000,815194.80000000,1765133999999,133505.61111000,1572
1765134000000,0.16300000,0.16300000,0.15930000,0.16030000,434119.50000000,1765137599999,69956.15146000,834
1765137600000,0.16020000,0.16240000,0.15840000,0.16110000,655596.50000000,1765141199999,105176.23597000,1232
1765141200000,0.16120000,0.16220000,0.15380000,0.15460000,1890274.30000000,1765144799999,297381.75298000,2635
1765144800000,0.15460000,0.15500000,0.14680000,0.15120000,2047058.10000000,1765148399999,307833.91580000,3919
1765148400000,0.15090000,0.15180000,0.14870000,0.15120000,526002.90000000,1765151999999,78991.73759000,1495
1765152000000,0.15120000,0.15420000,0.15040000,0.15220000,836190.90000000,1765155599999,127297.10487000,1684
1765155600000,0.15200000,0.15830000,0.15180000,0.15510000,1368338.80000000,1765159199999,213363.78016000,2049
1765159200000,0.15500000,0.15590000,0.15360000,0.15530000,902157.40000000,1765162799999,139397.77373000,1384
1765162800000,0.15540000,0.16120000,0.15480000,0.15870000,1645031.70000000,1765166399999,261059.66455000,3096
1765166400000,0.15870000,0.15870000,0.15600000,0.15650000,1498362.80000000,1765169999999,235874.11674000,1949
1765170000000,0.15640000,0.15640000,0.15410000,0.15500000,580879.90000000,1765173599999,90213.29871000,1245
1765173600000,0.15520000,0.15720000,0.15440000,0.15560000,490365.90000000,1765177199999,76488.98873000,914
1765177200000,0.15550000,0.15780000,0.15480000,0.15510000,543047.30000000,1765180799999,84807.72711000,1229
1765180800000,0.15500000,0.15680000,0.15400000,0.15640000,750529.90000000,1765184399999,116771.50871000,2939
1765184400000,0.15630000,0.15960000,0.15600000,0.15690000,1537786.40000000,1765187999999,242460.60958000,4251
1765188000000,0.15690000,0.16070000,0.15580000,0.15870000,1403876.00000000,1765191599999,222962.42464000,3640
1765191600000,0.15870000,0.16240000,0.15820000,0.16160000,1237885.80000000,1765195199999,198197.81758000,3797
1765195200000,0.16160000,0.16600000,0.16100000,0.16130000,3057942.00000000,1765198799999,499175.22078000,8819
1765198800000,0.16130000,0.16330000,0.15890000,0.16100000,1358834.10000000,1765202399999,218493.29848000,5492
1765202400000,0.16110000,0.16280000,0.15860000,0.15890000,1331409.20000000,1765205999999,214623.06750000,6037
1765206000000,0.15900000,0.16450000,0.15800000,0.16370000,2024096.40000000,1765209599999,326206.21832000,7726
1765209600000,0.16370000,0.17430000,0.16230000,0.17100000,5698875.60000000,1765213199999,958550.09457000,17350
1765213200000,0.17100000,0.17260000,0.16700000,0.16830000,3395713.80000000,1765216799999,574897.72199000,9991
1765216800000,0.16840000,0.17190000,0.16610000,0.16720000,2204180.60000000,1765220399999,373518.82504000,7829
1765220400000,0.16710000,0.16860000,0.16560000,0.16710000,877742.00000000,1765223999999,146478.66639000,4600
1765224000000,0.16710000,0.16980000,0.16540000,0.16600000,1143299.60000000,1765227599999,191612.39220000,5037
1765227600000,0.16600000,0.16700000,0.16440000,0.16660000,758525.30000000,1765231199999,125580.96670000,3755
1765231200000,0.16660000,0.16670000,0.16180000,0.16290000,1104635.60000000,1765234799999,180752.88780000,3537
1765234800000,0.16290000,0.16600000,0.16190000,0.16470000,1447828.10000000,1765238399999,237226.90380000,3871
1765238400000,0.16470000,0.16490000,0.16260000,0.16290000,710256.30000000,1765241999999,116194.96400000,2958
1765242000000,0.16290000,0.16450000,0.16170000,0.16280000,763110.50000000,1765245599999,124176.90980000,2895
1765245600000,0.16290000,0.22000000,0.16290000,0.18930000,39241749.90000000,1765249199999,7731801.64239000,110219
1765249200000,0.18920000,0.19330000,0.18670000,0.18870000,9586782.30000000,1765252799999,1816119.04740000,29681
1765252800000,0.18870000,0.19490000,0.17980000,0.18330000,13479560.10000000,1765256399999,2518000.19343000,29586
1765256400000,0.18340000,0.18550000,0.17780000,0.18330000,6204136.60000000,1765259999999,1129400.81118000,17261
1765260000000,0.18330000,0.18760000,0.18020000,0.18080000,5240455.70000000,1765263599999,962842.25013000,15644
1765263600000,0.18090000,0.18330000,0.16790000,0.16920000,12365840.00000000,1765267199999,2158639.02584000,22428
1765267200000,0.16930000,0.17200000,0.16380000,0.16910000,8291403.20000000,1765270799999,1390598.55170000,19556
1765270800000,0.16910000,0.16940000,0.16470000,0.16600000,3805067.80000000,1765274399999,634838.68674000,8703
1765274400000,0.16600000,0.16890000,0.16260000,0.16420000,4142005.50000000,1765277999999,686767.16036000,7285
1765278000000,0.16430000,0.16560000,0.16310000,0.16420000,1790602.70000000,1765281599999,293972.82215000,5023
1765281600000,0.16420000,0.16480000,0.15780000,0.15840000,4820475.00000000,1765285199999,776153.06906000,9803
1765285200000,0.15850000,0.15870000,0.15420000,0.15690000,5166978.20000000,1765288799999,807050.33854000,10275
1765288800000,0.15690000,0.15970000,0.15600000,0.15800000,2572594.30000000,1765292399999,406270.31152000,6258
1765292400000,0.15810000,0.16170000,0.15710000,0.16120000,3335970.70000000,1765295999999,531149.27454000,8021
1765296000000,0.16120000,0.16440000,0.15920000,0.16300000,5489455.60000000,1765299599999,887503.51009000,8554
1765299600000,0.16300000,0.16390000,0.16010000,0.16080000,3724430.40000000,1765303199999,604303.82975000,5206
1765303200000,0.16070000,0.16190000,0.15960000,0.16020000,1739714.50000000,1765306799999,279587.49739000,3425
1765306800000,0.16010000,0.16290000,0.15900000,0.16170000,1346272.60000000,1765310399999,216875.45844000,2594
1765310400000,0.16160000,0.16220000,0.15920000,0.15960000,1426159.60000000,1765313999999,228938.23770000,2647
1765314000000,0.15960000,0.16080000,0.15740000,0.15950000,1582383.90000000,1765317599999,251530.84194000,3269
1765317600000,0.15950000,0.16150000,0.15880000,0.15990000,1372198.70000000,1765321199999,219641.53833000,2883
1765321200000,0.15980000,0.16080000,0.15870000,0.15930000,1927397.20000000,1765324799999,307977.77190000,2919
1765324800000,0.15930000,0.16020000,0.15200000,0.15470000,4983061.70000000,1765328399999,775425.50281000,6268
1765328400000,0.15470000,0.15510000,0.15280000,0.15460000,1144220.60000000,1765331999999,176050.49733000,2880
1765332000000,0.15450000,0.15750000,0.15280000,0.15620000,1767829.70000000,1765335599999,275245.04043000,3815
1765335600000,0.15610000,0.15790000,0.15550000,0.15750000,1415514.80000000,1765339199999,221548.27510000,4577
1765339200000,0.15740000,0.15980000,0.15680000,0.15750000,1436759.10000000,1765342799999,227320.22779000,3341
1765342800000,0.15750000,0.15800000,0.15560000,0.15590000,1165435.60000000,1765346399999,182365.87764000,2722
1765346400000,0.15580000,0.15690000,0.15490000,0.15610000,1204213.90000000,1765349999999,187880.22266000,2689
1765350000000,0.15610000,0.15610000,0.15380000,0.15490000,1769277.80000000,1765353599999,274011.14090000,4182
1765353600000,0.15500000,0.15660000,0.15450000,0.15480000,1199689.00000000,1765357199999,186307.76890000,3686
1765357200000,0.15480000,0.15490000,0.15270000,0.15300000,1081583.20000000,1765360799999,166674.12248000,3161
1765360800000,0.15310000,0.15440000,0.15090000,0.15260000,1968144.50000000,1765364399999,299653.72338000,4278
1765364400000,0.15260000,0.15320000,0.15130000,0.15230000,1094907.90000000,1765367999999,166532.57292000,2832
1765368000000,0.15220000,0.15280000,0.14910000,0.15040000,1885035.10000000,1765371599999,283948.62411000,3685
1765371600000,0.15030000,0.15210000,0.15020000,0.15160000,824792.00000000,1765375199999,124599.63373000,2248
1765375200000,0.15160000,0.15230000,0.14990000,0.15100000,1002249.20000000,1765378799999,151228.54975000,3078
1765378800000,0.15090000,0.15190000,0.14870000,0.15040000,1441101.10000000,1765382399999,216800.06607000,3946
1765382400000,0.15030000,0.15120000,0.14960000,0.15060000,754432.20000000,1765385999999,113483.52606000,2595
1765386000000,0.15050000,0.15300000,0.15020000,0.15070000,1526573.40000000,1765389599999,231694.56396000,3151
1765389600000,0.15060000,0.15230000,0.14860000,0.14940000,1312817.60000000,1765393199999,197588.75837000,3832
1765393200000,0.14940000,0.15180000,0.14710000,0.15100000,3393829.70000000,1765396799999,508346.73786000,10924
1765396800000,0.15110000,0.15310000,0.14840000,0.14870000,2107559.20000000,1765400399999,318668.73382000,5409
1765400400000,0.14870000,0.14990000,0.14680000,0.14730000,1446921.00000000,1765403999999,214749.67977000,3486
1765404000000,0.14730000,0.14880000,0.14660000,0.14840000,878544.40000000,1765407599999,129892.83941000,2492
1765407600000,0.14850000,0.15100000,0.14810000,0.15060000,1084162.50000000,1765411199999,162511.91239000,2484
1765411200000,0.15050000,0.15070000,0.14560000,0.14620000,1837617.60000000,1765414799999,272639.85709000,4061
1765414800000,0.14630000,0.14720000,0.14390000,0.14420000,1414953.00000000,1765418399999,205403.22276000,3869
1765418400000,0.14430000,0.14660000,0.14260000,0.14610000,1355777.60000000,1765421999999,195814.58067000,4317
1765422000000,0.14610000,0.14650000,0.14180000,0.14260000,1227515.80000000,1765425599999,176531.73023000,4020
1765425600000,0.14260000,0.14490000,0.14120000,0.14310000,1255508.40000000,1765429199999,179332.49491000,3936
1765429200000,0.14320000,0.14350000,0.14240000,0.14300000,570332.40000000,1765432799999,81493.91817000,1955
1765432800000,0.14310000,0.14450000,0.14190000,0.14290000,649470.90000000,1765436399999,92831.74638000,1944
1765436400000,0.14280000,0.14310000,0.14110000,0.14130000,451769.40000000,1765439999999,64149.15818000,1929
1765440000000,0.14130000,0.14150000,0.13910000,0.13990000,1190314.60000000,1765443599999,166832.06137000,3391
1765443600000,0.14000000,0.14000000,0.13650000,0.13690000,2627578.00000000,1765447199999,363159.88882000,7765
1765447200000,0.13700000,0.13760000,0.13480000,0.13570000,2045574.60000000,1765450799999,278702.21380000,4762
1765450800000,0.13570000,0.13660000,0.13420000,0.13510000,2627712.50000000,1765454399999,356064.40669000,5432
1765454400000,0.13510000,0.13680000,0.13380000,0.13680000,2486375.30000000,1765457999999,336258.86271000,5333
1765458000000,0.13680000,0.13910000,0.13600000,0.13700000,2388293.90000000,1765461599999,328172.64583000,4666
1765461600000,0.13700000,0.13800000,0.13570000,0.13730000,1982793.00000000,1765465199999,271975.34340000,5715
1765465200000,0.13720000,0.13840000,0.13580000,0.13680000,1683340.50000000,1765468799999,230343.83910000,5419
1765468800000,0.13670000,0.13780000,0.13530000,0.13590000,1333586.90000000,1765472399999,182035.13303000,3735
1765472400000,0.13590000,0.13640000,0.13260000,0.13320000,1669186.50000000,1765475999999,224594.38972000,3971
1765476000000,0.13320000,0.13590000,0.13270000,0.13400000,1319027.80000000,1765479599999,176919.25175000,4259
1765479600000,0.13400000,0.13550000,0.13180000,0.13220000,1725964.10000000,1765483199999,231153.78026000,3043
1765483200000,0.13220000,0.13360000,0.13130000,0.13340000,1837412.10000000,1765486799999,243503.65616000,2082
1765486800000,0.13340000,0.13610000,0.13320000,0.13500000,1373805.80000000,1765490399999,185267.38159000,1963
1765490400000,0.13510000,0.13540000,0.13340000,0.13380000,1081498.20000000,1765493999999,145243.18584000,1447
1765494000000,0.13370000,0.13470000,0.13300000,0.13410000,644208.70000000,1765497599999,86242.34486000,743
1765497600000,0.13400000,0.13560000,0.13020000,0.13090000,1929360.10000000,1765501199999,256181.27702000,1987
1765501200000,0.13080000,0.13240000,0.12960000,0.12990000,1578379.80000000,1765504799999,206967.44447000,1490
1765504800000,0.13000000,0.13190000,0.12860000,0.12970000,1342511.80000000,1765508399999,174969.19724000,1269
1765508400000,0.12960000,0.13150000,0.12840000,0.13120000,1624220.10000000,1765511999999,210741.60365000,1516
1765512000000,0.13100000,0.13120000,0.12840000,0.13000000,844203.80000000,1765515599999,109771.84044000,1186
1765515600000,0.12990000,0.13100000,0.12960000,0.13070000,1314186.80000000,1765519199999,171157.69357000,1110
1765519200000,0.13080000,0.13280000,0.13070000,0.13210000,1409610.40000000,1765522799999,185592.20497000,1891
1765522800000,0.13210000,0.13310000,0.13120000,0.13140000,1512019.60000000,1765526399999,200147.17423000,2125
1765526400000,0.13140000,0.13210000,0.12980000,0.13160000,1363648.40000000,1765529999999,178764.13611000,1013
1765530000000,0.13170000,0.13430000,0.13060000,0.13300000,1491947.50000000,1765533599999,198360.24622000,1536
1765533600000,0.13300000,0.13410000,0.13270000,0.13280000,1065379.50000000,1765537199999,141969.38965000,1949
1765537200000,0.13280000,0.13380000,0.13190000,0.13350000,1019571.40000000,1765540799999,135147.63245000,1986
1765540800000,0.13340000,0.13350000,0.13160000,0.13180000,1412923.80000000,1765544399999,187000.88930000,2412
1765544400000,0.13170000,0.13180000,0.12970000,0.13110000,1889387.00000000,1765547999999,247307.17141000,3046
1765548000000,0.13100000,0.13120000,0.13000000,0.13100000,1171278.60000000,1765551599999,153042.56923000,2804
1765551600000,0.13100000,0.13120000,0.12630000,0.12750000,3477826.90000000,1765555199999,447088.28288000,5349
1765555200000,0.12740000,0.12780000,0.12210000,0.12440000,4631307.10000000,1765558799999,579901.66125000,7428
1765558800000,0.12440000,0.12970000,0.12430000,0.12770000,2278319.50000000,1765562399999,290500.88487000,3830
1765562400000,0.12770000,0.12810000,0.12580000,0.12630000,1106060.10000000,1765565999999,140418.47101000,1691
1765566000000,0.12640000,0.12640000,0.12490000,0.12490000,1257798.80000000,1765569599999,158205.82656000,1566
1765569600000,0.12500000,0.12510000,0.12330000,0.12350000,1312890.90000000,1765573199999,163180.43460000,1770
1765573200000,0.12350000,0.12600000,0.12340000,0.12550000,663043.60000000,1765576799999,82903.88497000,1350
1765576800000,0.12540000,0.12700000,0.12530000,0.12540000,753940.80000000,1765580399999,95051.08946000,1220
1765580400000,0.12550000,0.12550000,0.12300000,0.12350000,533818.70000000,1765583999999,66335.64078000,865
1765584000000,0.12350000,0.12430000,0.12220000,0.12290000,1578332.20000000,1765587599999,193783.18992000,2038
1765587600000,0.12300000,0.12460000,0.12230000,0.12260000,976605.80000000,1765591199999,120419.90712000,1876
1765591200000,0.12260000,0.12290000,0.12050000,0.12120000,1688758.20000000,1765594799999,205672.70571000,2172
1765594800000,0.12130000,0.12150000,0.11670000,0.12060000,3257713.50000000,1765598399999,388899.85661000,4384
1765598400000,0.12060000,0.12190000,0.12030000,0.12120000,1038271.20000000,1765601999999,125762.73710000,1733
1765602000000,0.12120000,0.12160000,0.11930000,0.11990000,945362.60000000,1765605599999,113512.78885000,1846
1765605600000,0.11990000,0.12130000,0.11910000,0.12090000,986461.60000000,1765609199999,118258.17235000,2075
1765609200000,0.12090000,0.12460000,0.12090000,0.12390000,923684.30000000,1765612799999,113772.81825000,1832
1765612800000,0.12390000,0.12390000,0.12170000,0.12240000,990691.70000000,1765616399999,121680.05053000,1813
1765616400000,0.12240000,0.12330000,0.12230000,0.12320000,633314.10000000,1765619999999,77777.29323000,1377
1765620000000,0.12330000,0.12450000,0.12160000,0.12290000,1085258.00000000,1765623599999,133335.32024000,1975
1765623600000,0.12290000,0.12350000,0.12190000,0.12210000,1131882.10000000,1765627199999,138768.63042000,1544
1765627200000,0.12210000,0.12360000,0.12210000,0.12310000,650541.40000000,1765630799999,79938.80720000,1158
1765630800000,0.12300000,0.12390000,0.12250000,0.12260000,1030590.50000000,1765634399999,127057.53389000,1527
1765634400000,0.12270000,0.12290000,0.12030000,0.12140000,1672355.40000000,1765637999999,203083.53978000,2002
1765638000000,0.12140000,0.12380000,0.12140000,0.12300000,782078.00000000,1765641599999,96084.76552000,1238
1765641600000,0.12290000,0.12510000,0.12280000,0.12450000,889456.80000000,1765645199999,110280.27474000,1672
1765645200000,0.12450000,0.12750000,0.12370000,0.12630000,891819.20000000,1765648799999,112366.27110000,1698
1765648800000,0.12620000,0.12910000,0.12490000,0.12670000,1562858.10000000,1765652399999,199072.61083000,2426
1765652400000,0.12670000,0.12730000,0.12580000,0.12580000,864503.60000000,1765655999999,109335.17109000,1609
1765656000000,0.12580000,0.12700000,0.12530000,0.12630000,1003167.20000000,1765659599999,126862.72101000,1508
1765659600000,0.12630000,0.12630000,0.12390000,0.12480000,604696.60000000,1765663199999,75526.92875000,1067
1765663200000,0.12470000,0.12550000,0.12350000,0.12460000,436903.60000000,1765666799999,54348.03009000,747
1765666800000,0.12450000,0.12490000,0.12300000,0.12320000,373762.80000000,1765670399999,46243.12676000,738
1765670400000,0.12320000,0.12320000,0.12190000,0.12190000,718595.20000000,1765673999999,87958.28718000,829
1765674000000,0.12190000,0.12310000,0.12040000,0.12120000,707581.40000000,1765677599999,85989.76763000,1085
1765677600000,0.12120000,0.12220000,0.12060000,0.12210000,851721.60000000,1765681199999,103425.56127000,1287
1765681200000,0.12210000,0.12440000,0.12190000,0.12350000,1136636.10000000,1765684799999,140092.58599000,1921
1765684800000,0.12340000,0.12400000,0.12120000,0.12150000,561997.10000000,1765688399999,68654.48448000,1039
1765688400000,0.12150000,0.12150000,0.11900000,0.12000000,1186469.00000000,1765691999999,142433.11809000,1555
1765692000000,0.12010000,0.12320000,0.11980000,0.12300000,923608.60000000,1765695599999,111747.92669000,1475
1765695600000,0.12300000,0.12350000,0.12140000,0.12160000,893013.10000000,1765699199999,109306.50810000,1464
1765699200000,0.12160000,0.12200000,0.12020000,0.12030000,459693.30000000,1765702799999,55639.39847000,940
1765702800000,0.12040000,0.12130000,0.11970000,0.12050000,388319.20000000,1765706399999,46750.62108000,866
1765706400000,0.12050000,0.12180000,0.11950000,0.12140000,492783.10000000,1765709999999,59501.25740000,1113
1765710000000,0.12130000,0.12190000,0.11970000,0.11980000,761637.10000000,1765713599999,91939.76864000,1522
1765713600000,0.11990000,0.12090000,0.11910000,0.11950000,1174621.80000000,1765717199999,140912.44119000,1571
1765717200000,0.11940000,0.11940000,0.11780000,0.11930000,1159770.80000000,1765720799999,137695.72428000,1563
1765720800000,0.11930000,0.11940000,0.11720000,0.11790000,655812.60000000,1765724399999,77493.78748000,1140
1765724400000,0.11790000,0.11860000,0.11720000,0.11810000,621397.40000000,1765727999999,73249.85900000,1029
1765728000000,0.11800000,0.12340000,0.11790000,0.12160000,2516468.20000000,1765731599999,307141.68993000,3761
1765731600000,0.12160000,0.12220000,0.11900000,0.11930000,921224.60000000,1765735199999,110958.89229000,1729
1765735200000,0.11940000,0.12260000,0.11780000,0.12250000,2998059.20000000,1765738799999,360519.55183000,2671
1765738800000,0.12240000,0.12350000,0.12080000,0.12130000,810153.40000000,1765742399999,98960.27403000,1412
1765742400000,0.12130000,0.12200000,0.12080000,0.12160000,331614.20000000,1765745999999,40287.46591000,927
1765746000000,0.12150000,0.12200000,0.11960000,0.11960000,979578.20000000,1765749599999,118118.94457000,1221
1765749600000,0.11960000,0.11970000,0.11710000,0.11880000,1105274.80000000,1765753199999,130850.88012000,1546
1765753200000,0.11890000,0.11960000,0.11760000,0.11910000,667166.40000000,1765756799999,79260.96705000,1580
1765756800000,0.11910000,0.12040000,0.11820000,0.11920000,751322.30000000,1765760399999,89549.47728000,1743
1765760400000,0.11920000,0.12170000,0.11880000,0.12070000,729071.60000000,1765763999999,87730.44506000,1458
1765764000000,0.12080000,0.12150000,0.11970000,0.12010000,607319.10000000,1765767599999,73210.28964000,1493
1765767600000,0.12000000,0.12120000,0.11920000,0.12030000,849489.80000000,1765771199999,102057.16522000,1292
1765771200000,0.12020000,0.12230000,0.12020000,0.12160000,583256.20000000,1765774799999,70782.76445000,1167
1765774800000,0.12150000,0.12380000,0.12100000,0.12250000,1248027.40000000,1765778399999,153218.44607000,1711
1765778400000,0.12240000,0.12470000,0.12160000,0.12160000,1026877.70000000,1765781999999,126350.59838000,1516
1765782000000,0.12180000,0.12220000,0.12060000,0.12210000,664479.80000000,1765785599999,80647.77349000,1065
1765785600000,0.12210000,0.12290000,0.12040000,0.12070000,1287899.20000000,1765789199999,156468.30637000,1558
1765789200000,0.12070000,0.12130000,0.11930000,0.12020000,882678.50000000,1765792799999,106031.60244000,1329
1765792800000,0.12020000,0.12110000,0.11890000,0.11990000,868334.30000000,1765796399999,104155.24397000,1249
1765796400000,0.11990000,0.12020000,0.11890000,0.11970000,1168629.30000000,1765799999999,139750.36457000,1896
1765800000000,0.11980000,0.12010000,0.11810000,0.11980000,756124.20000000,1765803599999,90200.94405000,1346
1765803600000,0.11980000,0.12020000,0.11720000,0.11790000,1506258.50000000,1765807199999,178452.48508000,2892
1765807200000,0.11790000,0.12020000,0.11480000,0.11670000,2371351.60000000,1765810799999,277623.94847000,4069
1765810800000,0.11680000,0.11780000,0.11170000,0.11580000,3087781.80000000,1765814399999,356267.43406000,5460
1765814400000,0.11570000,0.11670000,0.11240000,0.11370000,2053574.80000000,1765817999999,235060.07212000,2827
1765818000000,0.11360000,0.11410000,0.10930000,0.11040000,2043638.20000000,1765821599999,227651.51139000,3028
1765821600000,0.11040000,0.11250000,0.11010000,0.11220000,1041039.00000000,1765825199999,115764.97577000,1769
1765825200000,0.11230000,0.11380000,0.11190000,0.11300000,1103939.00000000,1765828799999,124631.15317000,1939
1765828800000,0.11300000,0.11380000,0.11180000,0.11350000,669790.60000000,1765832399999,75701.33572000,1507
1765832400000,0.11350000,0.11600000,0.11340000,0.11550000,607713.40000000,1765835999999,69848.15448000,1296
1765836000000,0.11560000,0.11900000,0.11540000,0.11680000,983592.20000000,1765839599999,115580.21382000,2066
1765839600000,0.11680000,0.11830000,0.11640000,0.11780000,573728.50000000,1765843199999,67514.48608000,1064
1765843200000,0.11780000,0.12080000,0.11700000,0.11760000,1761869.50000000,1765846799999,209899.71464000,2005
1765846800000,0.11770000,0.11920000,0.11670000,0.11710000,975028.10000000,1765850399999,114701.68518000,1391
1765850400000,0.11710000,0.11740000,0.11600000,0.11720000,579792.90000000,1765853999999,67731.94838000,1003
1765854000000,0.11720000,0.11760000,0.11600000,0.11650000,360258.20000000,1765857599999,42064.73042000,826
1765857600000,0.11650000,0.11650000,0.11300000,0.11480000,794906.40000000,1765861199999,91091.82267000,1529
1765861200000,0.11490000,0.11590000,0.11410000,0.11520000,490588.20000000,1765864799999,56436.09671000,833
1765864800000,0.11520000,0.11670000,0.11470000,0.11540000,333174.80000000,1765868399999,38538.70268000,691
1765868400000,0.11540000,0.11570000,0.11260000,0.11310000,2024313.80000000,1765871999999,230800.79932000,1452
1765872000000,0.11310000,0.11460000,0.11300000,0.11370000,575949.60000000,1765875599999,65615.42063000,993
1765875600000,0.11380000,0.11450000,0.11270000,0.11290000,515307.50000000,1765879199999,58469.94796000,988
1765879200000,0.11290000,0.11480000,0.11250000,0.11380000,831288.90000000,1765882799999,94196.82181000,1546
1765882800000,0.11380000,0.11440000,0.11180000,0.11340000,3510861.00000000,1765886399999,396095.73780000,2781
1765886400000,0.11340000,0.11340000,0.11200000,0.11220000,881011.00000000,1765889999999,99350.10034000,1288
1765890000000,0.11220000,0.11370000,0.11090000,0.11120000,1704802.50000000,1765893599999,191109.08234000,2619
1765893600000,0.11110000,0.11230000,0.10990000,0.11170000,2841360.60000000,1765897199999,314817.84560000,3165
1765897200000,0.11180000,0.11300000,0.11100000,0.11260000,955211.60000000,1765900799999,106943.15366000,1638
1765900800000,0.11260000,0.11280000,0.11080000,0.11160000,848941.80000000,1765904399999,94816.92224000,1658
1765904400000,0.11160000,0.11200000,0.11000000,0.11110000,1607120.80000000,1765907999999,178148.86165000,2011
1765908000000,0.11100000,0.11230000,0.11050000,0.11210000,673086.90000000,1765911599999,74994.88625000,1197
1765911600000,0.11210000,0.11250000,0.11040000,0.11210000,882933.40000000,1765915199999,98214.20996000,1077
1765915200000,0.11210000,0.11280000,0.11160000,0.11220000,477401.90000000,1765918799999,53572.74123000,854
1765918800000,0.11220000,0.11240000,0.11140000,0.11170000,325522.40000000,1765922399999,36410.52128000,520
1765922400000,0.11160000,0.11200000,0.11070000,0.11170000,1158835.80000000,1765925999999,129195.65718000,1041
1765926000000,0.11160000,0.11290000,0.11100000,0.11280000,397632.20000000,1765929599999,44433.37385000,741
1765929600000,0.11290000,0.11350000,0.11170000,0.11180000,487860.90000000,1765933199999,54969.91507000,942
1765933200000,0.11180000,0.11270000,0.11090000,0.11110000,609139.30000000,1765936799999,68063.76691000,788
1765936800000,0.11120000,0.11140000,0.10960000,0.11050000,1009550.30000000,1765940399999,111440.94634000,1218
1765940400000,0.11050000,0.11100000,0.10840000,0.10890000,704336.20000000,1765943999999,77022.77364000,937
1765944000000,0.10890000,0.11000000,0.10850000,0.10950000,785526.50000000,1765947599999,85838.50946000,1192
1765947600000,0.10960000,0.11010000,0.10650000,0.10790000,1887306.70000000,1765951199999,204192.66065000,2215
1765951200000,0.10780000,0.10970000,0.10770000,0.10950000,597135.00000000,1765954799999,65088.79543000,1190
1765954800000,0.10950000,0.10980000,0.10820000,0.10880000,814054.90000000,1765958399999,88745.43247000,1049
1765958400000,0.10890000,0.10890000,0.10690000,0.10730000,885389.60000000,1765961999999,95466.76097000,1173
1765962000000,0.10710000,0.10810000,0.10660000,0.10780000,480184.80000000,1765965599999,51564.45037000,827
1765965600000,0.10780000,0.10850000,0.10720000,0.10760000,473087.20000000,1765969199999,51007.77348000,741
1765969200000,0.10760000,0.10990000,0.10760000,0.10890000,1123256.50000000,1765972799999,122520.75339000,1420
1765972800000,0.10890000,0.10970000,0.10810000,0.10910000,941211.30000000,1765976399999,102648.13538000,1182
1765976400000,0.10920000,0.11090000,0.10900000,0.11010000,1742353.10000000,1765979999999,191496.69631000,1762
1765980000000,0.11020000,0.11130000,0.10760000,0.11110000,1837053.10000000,1765983599999,201498.09131000,2778
1765983600000,0.11120000,0.11190000,0.10780000,0.10850000,2258859.20000000,1765987199999,248290.04117000,2624
1765987200000,0.10840000,0.11010000,0.10530000,0.10960000,4177424.10000000,1765990799999,447756.58609000,3571
1765990800000,0.10960000,0.11020000,0.10750000,0.10780000,1548081.30000000,1765994399999,168356.56983000,1558
1765994400000,0.10780000,0.10810000,0.10660000,0.10670000,1668778.10000000,1765997999999,179213.02532000,1920
1765998000000,0.10670000,0.10700000,0.10540000,0.10680000,1317881.40000000,1766001599999,139831.18233000,1846
1766001600000,0.10680000,0.10840000,0.10670000,0.10750000,517632.40000000,1766005199999,55699.85603000,785
1766005200000,0.10750000,0.10760000,0.10430000,0.10560000,1012466.40000000,1766008799999,107148.17304000,1105
1766008800000,0.10570000,0.10580000,0.10450000,0.10510000,537732.20000000,1766012399999,56524.50816000,770
1766012400000,0.10510000,0.10590000,0.10500000,0.10540000,436669.50000000,1766015999999,46082.21993000,480
1766016000000,0.10540000,0.10630000,0.10460000,0.10520000,881894.10000000,1766019599999,93005.84535000,1023
1766019600000,0.10510000,0.10520000,0.10310000,0.10350000,1736496.00000000,1766023199999,180765.19781000,2110
1766023200000,0.10340000,0.10500000,0.10320000,0.10430000,677406.10000000,1766026799999,70433.56616000,889
1766026800000,0.10430000,0.10480000,0.10120000,0.10300000,2027444.40000000,1766030399999,208398.24411000,1626
1766030400000,0.10300000,0.10400000,0.10300000,0.10350000,522625.50000000,1766033999999,54122.07456000,776
1766034000000,0.10350000,0.10350000,0.10160000,0.10220000,1153028.10000000,1766037599999,117916.37016000,1053
1766037600000,0.10210000,0.10380000,0.10190000,0.10350000,1647581.30000000,1766041199999,169994.56180000,1223
1766041200000,0.10350000,0.10740000,0.10330000,0.10520000,2485393.70000000,1766044799999,262740.09409000,2681
1766044800000,0.10510000,0.10700000,0.10510000,0.10670000,1233793.40000000,1766048399999,130776.49109000,1750
1766048400000,0.10670000,0.10750000,0.10580000,0.10600000,902321.80000000,1766051999999,96124.09377000,1346
1766052000000,0.10590000,0.10660000,0.10530000,0.10640000,568428.20000000,1766055599999,60127.92752000,715
1766055600000,0.10640000,0.10710000,0.10580000,0.10660000,629994.20000000,1766059199999,67131.12028000,882
1766059200000,0.10660000,0.10840000,0.10650000,0.10790000,892394.50000000,1766062799999,96145.73488000,974
1766062800000,0.10790000,0.10920000,0.10730000,0.10850000,1610996.30000000,1766066399999,174580.83192000,2628
1766066400000,0.10850000,0.10980000,0.10770000,0.10880000,1349249.90000000,1766069999999,146659.14060000,2241
1766070000000,0.10880000,0.11130000,0.10850000,0.11040000,1278837.20000000,1766073599999,140315.08804000,1761
1766073600000,0.11050000,0.11050000,0.10840000,0.10970000,848760.30000000,1766077199999,92777.84977000,1317
1766077200000,0.10960000,0.10960000,0.10420000,0.10610000,3190670.00000000,1766080799999,338761.51424000,4489
1766080800000,0.10610000,0.10670000,0.10370000,0.10400000,684804.30000000,1766084399999,72273.85081000,1319
1766084400000,0.10400000,0.10400000,0.09980000,0.10020000,2778607.90000000,1766087999999,282661.48964000,2852
1766088000000,0.10020000,0.10250000,0.10000000,0.10210000,854176.00000000,1766091599999,86792.58986000,1556
1766091600000,0.10210000,0.10490000,0.10200000,0.10410000,1190464.20000000,1766095199999,123578.11296000,1416
1766095200000,0.10410000,0.10430000,0.10250000,0.10290000,1279251.00000000,1766098799999,132097.62354000,1092
1766098800000,0.10280000,0.10300000,0.10010000,0.10200000,1533578.10000000,1766102399999,155644.43250000,1827
1766102400000,0.10200000,0.10280000,0.10180000,0.10260000,736351.30000000,1766105999999,75400.59346000,1103
1766106000000,0.10270000,0.10440000,0.10150000,0.10430000,1765851.80000000,1766109599999,181112.41436000,1625
1766109600000,0.10440000,0.10480000,0.10230000,0.10300000,1513289.20000000,1766113199999,156559.89575000,1977
1766113200000,0.10300000,0.10580000,0.10300000,0.10440000,1814609.80000000,1766116799999,189744.52213000,2308
1766116800000,0.10440000,0.10630000,0.10440000,0.10580000,578283.20000000,1766120399999,60997.98230000,1112
1766120400000,0.10570000,0.10570000,0.10420000,0.10460000,768883.30000000,1766123999999,80705.70766000,977
1766124000000,0.10470000,0.10510000,0.10420000,0.10500000,411478.10000000,1766127599999,43051.26567000,697
1766127600000,0.10490000,0.10630000,0.10450000,0.10460000,834886.80000000,1766131199999,87939.54463000,1132
1766131200000,0.10460000,0.10480000,0.10290000,0.10400000,914666.10000000,1766134799999,94978.51463000,1214
1766134800000,0.10400000,0.10430000,0.10330000,0.10340000,424217.80000000,1766138399999,44017.89990000,724
1766138400000,0.10350000,0.10420000,0.10330000,0.10380000,587857.80000000,1766141999999,61017.76416000,841
1766142000000,0.10380000,0.10550000,0.10350000,0.10520000,574757.70000000,1766145599999,60209.42833000,1094
1766145600000,0.10530000,0.10560000,0.10460000,0.10470000,470929.80000000,1766149199999,49465.28787000,858
1766149200000,0.10470000,0.10550000,0.10450000,0.10490000,499008.70000000,1766152799999,52372.16452000,776
1766152800000,0.10490000,0.10640000,0.10460000,0.10570000,1533150.60000000,1766156399999,161799.31636000,1909
1766156400000,0.10590000,0.10720000,0.10520000,0.10540000,1508532.30000000,1766159999999,159769.62237000,2254
1766160000000,0.10530000,0.10860000,0.10520000,0.10670000,849762.10000000,1766163599999,91048.43449000,1618
1766163600000,0.10660000,0.10770000,0.10540000,0.10560000,1277890.40000000,1766167199999,136097.35130000,1791
1766167200000,0.10560000,0.10740000,0.10530000,0.10640000,639315.00000000,1766170799999,67916.56518000,931
1766170800000,0.10640000,0.10900000,0.10630000,0.10860000,948791.90000000,1766174399999,102443.19424000,1183
1766174400000,0.10870000,0.10950000,0.10850000,0.10920000,838350.30000000,1766177999999,91331.46583000,1108
1766178000000,0.10920000,0.10980000,0.10810000,0.10840000,618519.80000000,1766181599999,67393.00513000,768
1766181600000,0.10840000,0.10940000,0.10840000,0.10920000,567654.60000000,1766185199999,61850.79586000,711
1766185200000,0.10910000,0.10920000,0.10810000,0.10870000,576888.90000000,1766188799999,62722.89815000,587
1766188800000,0.10880000,0.11080000,0.10790000,0.10990000,943844.20000000,1766192399999,103359.50287000,1631
1766192400000,0.10980000,0.11050000,0.10910000,0.10960000,757884.00000000,1766195999999,83143.23592000,1073
1766196000000,0.10970000,0.11020000,0.10910000,0.10990000,633422.60000000,1766199599999,69512.57833000,923
1766199600000,0.10990000,0.11000000,0.10920000,0.10930000,235307.20000000,1766203199999,25756.50882000,465
1766203200000,0.10930000,0.10930000,0.10740000,0.10870000,1360782.30000000,1766206799999,147416.91931000,1423
1766206800000,0.10880000,0.10880000,0.10670000,0.10700000,1374030.60000000,1766210399999,147935.53288000,1311
1766210400000,0.10700000,0.10760000,0.10570000,0.10650000,557137.60000000,1766213999999,59461.77434000,775
1766214000000,0.10650000,0.10710000,0.10600000,0.10650000,779210.50000000,1766217599999,83037.44505000,1235
1766217600000,0.10650000,0.10740000,0.10620000,0.10630000,443407.10000000,1766221199999,47384.10913000,919
1766221200000,0.10630000,0.10680000,0.10580000,0.10620000,488125.60000000,1766224799999,51922.99314000,680
1766224800000,0.10620000,0.10810000,0.10620000,0.10670000,1176235.90000000,1766228399999,125669.36628000,1262
1766228400000,0.10660000,0.10890000,0.10660000,0.10810000,1042797.60000000,1766231999999,112319.78968000,1333
1766232000000,0.10810000,0.10900000,0.10720000,0.10770000,667167.60000000,1766235599999,72077.28256000,1054
1766235600000,0.10770000,0.10910000,0.10750000,0.10810000,834696.80000000,1766239199999,90401.68757000,1350
1766239200000,0.10800000,0.11050000,0.10710000,0.10950000,1292078.10000000,1766242799999,140815.04411000,1500
1766242800000,0.10950000,0.10970000,0.10810000,0.10890000,673613.70000000,1766246399999,73426.82144000,1137
1766246400000,0.10880000,0.10900000,0.10770000,0.10870000,764106.30000000,1766249999999,82855.40431000,1396
1766250000000,0.10870000,0.11110000,0.10820000,0.10870000,1505440.70000000,1766253599999,164795.81070000,1911
1766253600000,0.10870000,0.11070000,0.10870000,0.11040000,503915.60000000,1766257199999,55342.75031000,1102
1766257200000,0.11050000,0.11080000,0.10960000,0.11070000,480684.20000000,1766260799999,53003.69023000,1016
1766260800000,0.11070000,0.11370000,0.11050000,0.11230000,1747490.20000000,1766264399999,196523.89738000,1956
1766264400000,0.11240000,0.11240000,0.11120000,0.11160000,1358638.80000000,1766267999999,151686.89536000,1757
1766268000000,0.11160000,0.11290000,0.11150000,0.11280000,832967.20000000,1766271599999,93412.24681000,1088
1766271600000,0.11290000,0.11320000,0.11110000,0.11220000,554455.10000000,1766275199999,62116.95177000,908
1766275200000,0.11210000,0.11210000,0.10950000,0.10970000,627052.80000000,1766278799999,69213.71342000,1057
1766278800000,0.10980000,0.10980000,0.10690000,0.10700000,466403.80000000,1766282399999,50494.28596000,955
1766282400000,0.10700000,0.10720000,0.10530000,0.10620000,1191708.70000000,1766285999999,126590.42555000,1942
1766286000000,0.10610000,0.10920000,0.10600000,0.10850000,1376007.50000000,1766289599999,148943.35428000,1687
1766289600000,0.10850000,0.10940000,0.10830000,0.10870000,474403.10000000,1766293199999,51653.90057000,726
1766293200000,0.10870000,0.10960000,0.10770000,0.10930000,767798.20000000,1766296799999,83462.69656000,1002
1766296800000,0.10930000,0.11140000,0.10900000,0.11040000,1128539.40000000,1766300399999,124621.44857000,1964
1766300400000,0.11040000,0.11290000,0.11030000,0.11210000,731528.70000000,1766303999999,81652.10853000,1369
1766304000000,0.11210000,0.11500000,0.11100000,0.11150000,2465602.20000000,1766307599999,276876.50484000,3811
1766307600000,0.11150000,0.11180000,0.10950000,0.11020000,814464.10000000,1766311199999,90010.70191000,1445
1766311200000,0.11020000,0.11080000,0.10890000,0.10960000,1315917.00000000,1766314799999,144840.03650000,2002
1766314800000,0.10960000,0.10970000,0.10870000,0.10930000,350947.00000000,1766318399999,38329.91934000,747
1766318400000,0.10930000,0.11080000,0.10760000,0.10830000,1301225.30000000,1766321999999,142239.12208000,1626
1766322000000,0.10830000,0.10840000,0.10620000,0.10690000,1726615.50000000,1766325599999,184842.20415000,2565
1766325600000,0.10690000,0.10810000,0.10620000,0.10770000,1382804.50000000,1766329199999,148226.77959000,1866
1766329200000,0.10770000,0.10830000,0.10720000,0.10800000,1084906.30000000,1766332799999,116864.76151000,1287
1766332800000,0.10790000,0.11250000,0.10790000,0.10960000,2455530.40000000,1766336399999,271851.38899000,3703
1766336400000,0.10970000,0.11160000,0.10970000,0.11090000,1141885.50000000,1766339999999,126379.57541000,1491
1766340000000,0.11090000,0.11100000,0.10890000,0.11030000,683260.80000000,1766343599999,74979.58800000,1051
1766343600000,0.11030000,0.11310000,0.10980000,0.11100000,1242329.30000000,1766347199999,138164.62378000,1728
1766347200000,0.11100000,0.11230000,0.11050000,0.11050000,622187.10000000,1766350799999,69345.66223000,1103
1766350800000,0.11050000,0.11130000,0.10840000,0.10900000,486578.50000000,1766354399999,53471.91458000,1011
1766354400000,0.10890000,0.11220000,0.10850000,0.11180000,607471.50000000,1766357999999,67233.98194000,992
1766358000000,0.11180000,0.11190000,0.11010000,0.11050000,271345.90000000,1766361599999,30085.79763000,653
1766361600000,0.11060000,0.11180000,0.10980000,0.10980000,636949.00000000,1766365199999,70518.79049000,1069
1766365200000,0.10970000,0.11230000,0.10950000,0.11030000,1010739.90000000,1766368799999,112427.39980000,1136
1766368800000,0.11020000,0.11020000,0.10790000,0.10960000,739410.30000000,1766372399999,80485.86659000,1297
1766372400000,0.10980000,0.11090000,0.10960000,0.11030000,840818.10000000,1766375999999,92797.10481000,1093
1766376000000,0.11030000,0.11100000,0.11010000,0.11050000,422638.60000000,1766379599999,46714.23412000,632
1766379600000,0.11050000,0.11140000,0.11000000,0.11090000,910498.20000000,1766383199999,100918.34052000,932
1766383200000,0.11080000,0.11230000,0.11000000,0.11090000,771721.90000000,1766386799999,85754.43416000,1078
1766386800000,0.11090000,0.11240000,0.11060000,0.11220000,559528.20000000,1766390399999,62467.98722000,874
1766390400000,0.11220000,0.11250000,0.11060000,0.11090000,724522.60000000,1766393999999,80748.73495000,907
1766394000000,0.11090000,0.11240000,0.11050000,0.11160000,777514.70000000,1766397599999,86569.78426000,895
1766397600000,0.11160000,0.11260000,0.11070000,0.11160000,1038164.50000000,1766401199999,115973.48915000,1303
1766401200000,0.11160000,0.11300000,0.11150000,0.11230000,614365.90000000,1766404799999,69034.56110000,1295
1766404800000,0.11230000,0.11260000,0.11150000,0.11190000,915578.30000000,1766408399999,102636.85626000,1302
1766408400000,0.11190000,0.11270000,0.11110000,0.11210000,845683.30000000,1766411999999,94682.72241000,950
1766412000000,0.11210000,0.11260000,0.11140000,0.11180000,646271.30000000,1766415599999,72419.07178000,1245
1766415600000,0.11180000,0.11320000,0.11130000,0.11280000,775666.50000000,1766419199999,86934.52411000,1258
1766419200000,0.11290000,0.11400000,0.11230000,0.11390000,939898.60000000,1766422799999,106506.98492000,1771
1766422800000,0.11380000,0.11400000,0.11260000,0.11320000,556995.60000000,1766426399999,63150.65267000,988
1766426400000,0.11330000,0.11570000,0.11320000,0.11480000,1785178.30000000,1766429999999,204744.34360000,2369
1766430000000,0.11470000,0.11580000,0.11290000,0.11520000,2007550.30000000,1766433599999,230034.49416000,2671
1766433600000,0.11510000,0.11810000,0.11440000,0.11510000,1611957.40000000,1766437199999,187041.77714000,2724
1766437200000,0.11510000,0.11890000,0.11500000,0.11750000,1212944.40000000,1766440799999,141740.49222000,1921
1766440800000,0.11750000,0.11890000,0.11600000,0.11840000,957640.70000000,1766444399999,112318.95041000,1781
1766444400000,0.11840000,0.11960000,0.11700000,0.11730000,945660.40000000,1766447999999,111546.36558000,1753
1766448000000,0.11730000,0.11820000,0.11550000,0.11710000,1002694.50000000,1766451599999,117052.84492000,2103
1766451600000,0.11710000,0.11750000,0.11330000,0.11500000,1122700.30000000,1766455199999,128835.16347000,2279
1766455200000,0.11490000,0.11560000,0.11390000,0.11460000,429635.20000000,1766458799999,49308.58025000,1224
1766458800000,0.11460000,0.11560000,0.11350000,0.11530000,472578.20000000,1766462399999,54036.19214000,1173
1766462400000,0.11530000,0.11630000,0.11460000,0.11540000,479588.30000000,1766465999999,55435.20321000,1465
1766466000000,0.11540000,0.11870000,0.11490000,0.11560000,1524782.50000000,1766469599999,178525.87626000,3408
1766469600000,0.11560000,0.11630000,0.11430000,0.11480000,570967.70000000,1766473199999,65687.36894000,1438
1766473200000,0.11470000,0.11650000,0.11330000,0.11640000,857491.20000000,1766476799999,98404.36075000,1960
1766476800000,0.11640000,0.11750000,0.11470000,0.11560000,836956.70000000,1766480399999,97548.71171000,2263
1766480400000,0.11560000,0.11680000,0.11510000,0.11590000,588399.20000000,1766483999999,68168.02603000,1492
1766484000000,0.11590000,0.11650000,0.11510000,0.11570000,605697.90000000,1766487599999,70164.63832000,1362
1766487600000,0.11560000,0.11630000,0.11450000,0.11540000,707309.30000000,1766491199999,81647.70659000,1481
1766491200000,0.11530000,0.11550000,0.11280000,0.11350000,814162.30000000,1766494799999,92782.62175000,1709
1766494800000,0.11340000,0.11470000,0.11330000,0.11380000,579108.10000000,1766498399999,65969.84849000,1521
1766498400000,0.11370000,0.11490000,0.11270000,0.11470000,1219609.30000000,1766501999999,138749.60007000,2586
1766502000000,0.11470000,0.11600000,0.11390000,0.11560000,1120137.20000000,1766505599999,128986.53372000,2327
1766505600000,0.11570000,0.12280000,0.11530000,0.11860000,4988568.30000000,1766509199999,595089.55908000,8411
1766509200000,0.11850000,0.11860000,0.11500000,0.11670000,2298154.90000000,1766512799999,268689.64057000,3986
1766512800000,0.11670000,0.11720000,0.11590000,0.11670000,540374.90000000,1766516399999,62924.88810000,1180
1766516400000,0.11660000,0.11730000,0.11600000,0.11690000,706704.40000000,1766519999999,82425.79699000,1343
1766520000000,0.11680000,0.11690000,0.11440000,0.11530000,712104.10000000,1766523599999,82237.78823000,1628
1766523600000,0.11540000,0.11550000,0.11460000,0.11490000,273712.50000000,1766527199999,31480.68676000,584
1766527200000,0.11490000,0.11500000,0.11330000,0.11390000,516698.40000000,1766530799999,58927.82249000,604
1766530800000,0.11380000,0.11480000,0.11330000,0.11460000,232137.10000000,1766534399999,26451.17192000,434
1766534400000,0.11450000,0.11500000,0.11340000,0.11410000,324747.10000000,1766537999999,37056.38014000,707
1766538000000,0.11400000,0.11450000,0.10890000,0.10960000,2734632.40000000,1766541599999,304244.75254000,2607
1766541600000,0.10950000,0.11060000,0.10860000,0.10900000,1129885.50000000,1766545199999,123660.12014000,1660
1766545200000,0.10900000,0.11020000,0.10800000,0.11000000,675865.50000000,1766548799999,73734.08385000,992
1766548800000,0.11000000,0.11070000,0.10860000,0.10890000,579706.10000000,1766552399999,63693.55909000,956
1766552400000,0.10880000,0.10980000,0.10840000,0.10910000,354930.30000000,1766555999999,38695.49303000,856
1766556000000,0.10910000,0.11050000,0.10900000,0.11020000,402722.10000000,1766559599999,44167.12815000,669
1766559600000,0.11020000,0.11060000,0.10960000,0.10960000,270426.00000000,1766563199999,29785.04372000,850
1766563200000,0.10950000,0.10980000,0.10580000,0.10720000,6561123.90000000,1766566799999,703686.28795000,3523
1766566800000,0.10720000,0.10750000,0.10650000,0.10710000,348027.80000000,1766570399999,37251.47234000,477
1766570400000,0.10700000,0.10810000,0.10680000,0.10720000,518740.90000000,1766573999999,55752.62480000,1298
1766574000000,0.10720000,0.10770000,0.10680000,0.10690000,405420.60000000,1766577599999,43492.72706000,747
1766577600000,0.10690000,0.10890000,0.10680000,0.10870000,593961.40000000,1766581199999,64044.30321000,962
1766581200000,0.10860000,0.10900000,0.10810000,0.10890000,555677.30000000,1766584799999,60303.77717000,1073
1766584800000,0.10880000,0.11000000,0.10830000,0.10940000,866527.10000000,1766588399999,94700.74623000,1950
1766588400000,0.10950000,0.11020000,0.10850000,0.11020000,926001.80000000,1766591999999,101314.75302000,1557
1766592000000,0.11010000,0.11060000,0.10950000,0.10990000,1298905.80000000,1766595599999,142937.92058000,1869
1766595600000,0.11000000,0.11070000,0.10940000,0.11010000,597143.30000000,1766599199999,65721.01496000,1033
1766599200000,0.11020000,0.11380000,0.11020000,0.11240000,1452988.80000000,1766602799999,163526.64907000,2565
1766602800000,0.11240000,0.11300000,0.11150000,0.11260000,792019.60000000,1766606399999,88930.20896000,1462
1766606400000,0.11270000,0.11370000,0.11220000,0.11250000,629101.90000000,1766609999999,71091.71684000,1051
1766610000000,0.11250000,0.11260000,0.11130000,0.11180000,608997.10000000,1766613599999,68087.21894000,1138
1766613600000,0.11180000,0.11280000,0.11150000,0.11190000,325380.40000000,1766617199999,36474.41394000,670
1766617200000,0.11190000,0.11200000,0.11130000,0.11160000,171790.10000000,1766620799999,19174.35213000,488
1766620800000,0.11160000,0.11210000,0.11090000,0.11110000,667032.10000000,1766624399999,74422.79472000,1015
1766624400000,0.11110000,0.11220000,0.11060000,0.11200000,613473.80000000,1766627999999,68405.26637000,1006
1766628000000,0.11200000,0.11370000,0.11200000,0.11330000,684263.20000000,1766631599999,77237.34499000,1227
1766631600000,0.11320000,0.11350000,0.11260000,0.11310000,253788.80000000,1766635199999,28661.46933000,546
1766635200000,0.11310000,0.11310000,0.11270000,0.11290000,178458.40000000,1766638799999,20157.44047000,407
1766638800000,0.11290000,0.11360000,0.11280000,0.11360000,279904.60000000,1766642399999,31699.62392000,563
1766642400000,0.11360000,0.11400000,0.11300000,0.11380000,353514.30000000,1766645999999,40123.28355000,651
1766646000000,0.11380000,0.11650000,0.11380000,0.11570000,1006366.70000000,1766649599999,116268.27450000,1732
1766649600000,0.11570000,0.11620000,0.11440000,0.11490000,707413.90000000,1766653199999,81631.23647000,1492
1766653200000,0.11490000,0.11490000,0.11300000,0.11330000,670251.90000000,1766656799999,76207.67391000,1202
1766656800000,0.11340000,0.11450000,0.11180000,0.11280000,1086691.90000000,1766660399999,122816.09540000,1771
1766660400000,0.11280000,0.11520000,0.11280000,0.11500000,781248.40000000,1766663999999,89121.89364000,1466
1766664000000,0.11490000,0.11730000,0.11440000,0.11670000,1365463.90000000,1766667599999,158449.24963000,1674
1766667600000,0.11680000,0.11680000,0.11510000,0.11530000,588043.30000000,1766671199999,68215.31822000,1207
1766671200000,0.11520000,0.11560000,0.11400000,0.11520000,483578.80000000,1766674799999,55456.72052000,841
1766674800000,0.11520000,0.11560000,0.11410000,0.11490000,765026.80000000,1766678399999,87851.52521000,1093
1766678400000,0.11490000,0.11600000,0.11420000,0.11420000,331708.90000000,1766681999999,38115.14174000,984
1766682000000,0.11410000,0.11440000,0.11380000,0.11420000,217169.50000000,1766685599999,24793.08094000,445
1766685600000,0.11410000,0.11460000,0.11310000,0.11330000,764704.70000000,1766689199999,87000.29334000,1122
1766689200000,0.11340000,0.11370000,0.11150000,0.11260000,2622744.20000000,1766692799999,294527.96377000,2581
1766692800000,0.11260000,0.11280000,0.11180000,0.11240000,368873.70000000,1766696399999,41399.33174000,637
1766696400000,0.11230000,0.11320000,0.11230000,0.11260000,272353.40000000,1766699999999,30723.57436000,604
1766700000000,0.11250000,0.11260000,0.10920000,0.11040000,1678532.50000000,1766703599999,185912.12807000,1839
1766703600000,0.11030000,0.11120000,0.10950000,0.11030000,864789.60000000,1766707199999,95384.13068000,1546
1766707200000,0.11030000,0.11150000,0.10980000,0.11010000,980885.30000000,1766710799999,108558.07413000,1205
1766710800000,0.11010000,0.11140000,0.11010000,0.11110000,429915.20000000,1766714399999,47617.73000000,764
1766714400000,0.11100000,0.11330000,0.11090000,0.11280000,1042383.30000000,1766717999999,117147.27843000,1425
1766718000000,0.11280000,0.11290000,0.11160000,0.11250000,330981.20000000,1766721599999,37085.42428000,505
1766721600000,0.11240000,0.11270000,0.11190000,0.11200000,111788.60000000,1766725199999,12536.64497000,367
1766725200000,0.11190000,0.11220000,0.11130000,0.11220000,293473.40000000,1766728799999,32748.25035000,450
1766728800000,0.11220000,0.11300000,0.11200000,0.11230000,386921.30000000,1766732399999,43513.81241000,745
1766732400000,0.11240000,0.11290000,0.11220000,0.11240000,420799.70000000,1766735999999,47372.27588000,662
1766736000000,0.11240000,0.11280000,0.11170000,0.11210000,338063.40000000,1766739599999,37929.93017000,629
1766739600000,0.11220000,0.11340000,0.11220000,0.11300000,1009759.00000000,1766743199999,113994.72043000,1109
1766743200000,0.11290000,0.11350000,0.11250000,0.11340000,608022.60000000,1766746799999,68705.88854000,677
1766746800000,0.11350000,0.11440000,0.11210000,0.11310000,1183007.60000000,1766750399999,133747.04722000,1167
1766750400000,0.11310000,0.11430000,0.11300000,0.11420000,739471.60000000,1766753999999,83950.49473000,745
1766754000000,0.11420000,0.11460000,0.11360000,0.11410000,459445.80000000,1766757599999,52435.43262000,835
1766757600000,0.11420000,0.11540000,0.11380000,0.11430000,1019612.80000000,1766761199999,116870.26407000,1456
1766761200000,0.11420000,0.11960000,0.11360000,0.11780000,4198083.60000000,1766764799999,490079.70264000,4321
1766764800000,0.11790000,0.11850000,0.11440000,0.11470000,1729690.30000000,1766768399999,199873.32045000,2396
1766768400000,0.11470000,0.11570000,0.11440000,0.11560000,1069376.60000000,1766771999999,123110.25287000,1137
1766772000000,0.11560000,0.11720000,0.11390000,0.11690000,1016399.80000000,1766775599999,117233.26041000,1487
1766775600000,0.11690000,0.11770000,0.11620000,0.11650000,1023582.60000000,1766779199999,119616.98187000,1419
1766779200000,0.11650000,0.11660000,0.11470000,0.11490000,477309.10000000,1766782799999,55188.47924000,662
1766782800000,0.11490000,0.11570000,0.11450000,0.11550000,333778.60000000,1766786399999,38424.56068000,588
1766786400000,0.11530000,0.11860000,0.11480000,0.11640000,1373424.30000000,1766789999999,160720.22230000,1720
1766790000000,0.11640000,0.11710000,0.11610000,0.11710000,268597.00000000,1766793599999,31295.87739000,422
1766793600000,0.11700000,0.11780000,0.11530000,0.11610000,891340.80000000,1766797199999,103947.42037000,1446
1766797200000,0.11610000,0.11670000,0.11490000,0.11630000,888020.00000000,1766800799999,102712.47202000,989
1766800800000,0.11630000,0.11830000,0.11510000,0.11550000,1490892.20000000,1766804399999,173704.99985000,1374
1766804400000,0.11550000,0.11600000,0.11520000,0.11590000,221782.50000000,1766807999999,25639.19391000,389
1766808000000,0.11590000,0.11690000,0.11530000,0.11600000,493920.00000000,1766811599999,57335.40559000,847
1766811600000,0.11610000,0.11790000,0.11580000,0.11770000,332218.70000000,1766815199999,38880.45258000,709
1766815200000,0.11760000,0.11860000,0.11720000,0.11790000,891784.70000000,1766818799999,105217.41628000,1019
1766818800000,0.11780000,0.11860000,0.11750000,0.11840000,479220.40000000,1766822399999,56523.81798000,620
1766822400000,0.11850000,0.11860000,0.11720000,0.11740000,515833.20000000,1766825999999,60760.27287000,657
1766826000000,0.11730000,0.11780000,0.11630000,0.11650000,822631.90000000,1766829599999,96336.27118000,1106
1766829600000,0.11650000,0.11690000,0.11450000,0.11530000,1114095.60000000,1766833199999,128516.50253000,1193
1766833200000,0.11530000,0.11670000,0.11450000,0.11630000,986114.40000000,1766836799999,113973.12294000,1115
1766836800000,0.11630000,0.11720000,0.11600000,0.11680000,362726.60000000,1766840399999,42259.53850000,596
1766840400000,0.11680000,0.11740000,0.11650000,0.11680000,577649.70000000,1766843999999,67566.47151000,770
1766844000000,0.11690000,0.11720000,0.11660000,0.11680000,269448.60000000,1766847599999,31483.23343000,438
1766847600000,0.11680000,0.11680000,0.11550000,0.11630000,620073.70000000,1766851199999,71955.89950000,541
1766851200000,0.11640000,0.11690000,0.11580000,0.11590000,287445.90000000,1766854799999,33470.60012000,376
1766854800000,0.11580000,0.11780000,0.11580000,0.11750000,424088.80000000,1766858399999,49693.80304000,510
1766858400000,0.11750000,0.11780000,0.11710000,0.11760000,246676.10000000,1766861999999,28952.68074000,414
1766862000000,0.11760000,0.11870000,0.11730000,0.11810000,544892.20000000,1766865599999,64259.42723000,661
1766865600000,0.11820000,0.11870000,0.11700000,0.11730000,582195.50000000,1766869199999,68419.67511000,443
1766869200000,0.11730000,0.11840000,0.11710000,0.11820000,218389.90000000,1766872799999,25722.35978000,509
1766872800000,0.11820000,0.11830000,0.11690000,0.11720000,564403.40000000,1766876399999,66352.78953000,639
1766876400000,0.11710000,0.11930000,0.11700000,0.11890000,739136.70000000,1766879999999,87648.17734000,951
1766880000000,0.11870000,0.11870000,0.11780000,0.11800000,274029.60000000,1766883599999,32404.44441000,407
1766883600000,0.11800000,0.11820000,0.11630000,0.11680000,422535.70000000,1766887199999,49467.35714000,564
1766887200000,0.11680000,0.11720000,0.11660000,0.11690000,145773.50000000,1766890799999,17037.05643000,257
1766890800000,0.11690000,0.11770000,0.11620000,0.11750000,391458.50000000,1766894399999,45834.00449000,639
1766894400000,0.11740000,0.11740000,0.11650000,0.11660000,518075.60000000,1766897999999,60497.25084000,474
1766898000000,0.11660000,0.11710000,0.11580000,0.11630000,175993.30000000,1766901599999,20509.81912000,409
1766901600000,0.11630000,0.11650000,0.11560000,0.11580000,251791.70000000,1766905199999,29199.79936000,440
1766905200000,0.11570000,0.11730000,0.11530000,0.11700000,400915.70000000,1766908799999,46710.06194000,659
1766908800000,0.11690000,0.11740000,0.11610000,0.11630000,325467.30000000,1766912399999,37934.82047000,624
1766912400000,0.11630000,0.11750000,0.11630000,0.11680000,289482.70000000,1766915999999,33844.82360000,524
1766916000000,0.11680000,0.11740000,0.11620000,0.11640000,159533.90000000,1766919599999,18631.86181000,362
1766919600000,0.11630000,0.11680000,0.11570000,0.11650000,382692.80000000,1766923199999,44442.69700000,446
1766923200000,0.11650000,0.11670000,0.11490000,0.11530000,368240.00000000,1766926799999,42572.68043000,651
1766926800000,0.11530000,0.11570000,0.11500000,0.11520000,341909.30000000,1766930399999,39429.60561000,427
1766930400000,0.11530000,0.11640000,0.11530000,0.11620000,425203.00000000,1766933999999,49226.19945000,508
1766934000000,0.11620000,0.11620000,0.11530000,0.11560000,593624.00000000,1766937599999,68782.71222000,668
1766937600000,0.11550000,0.11550000,0.11390000,0.11450000,1024112.80000000,1766941199999,117385.83235000,1161
1766941200000,0.11460000,0.11570000,0.11450000,0.11470000,392125.30000000,1766944799999,45179.46300000,493
1766944800000,0.11480000,0.11510000,0.11360000,0.11390000,586591.90000000,1766948399999,67075.09279000,656
1766948400000,0.11380000,0.11390000,0.11180000,0.11220000,857168.10000000,1766951999999,96596.94992000,932
1766952000000,0.11230000,0.11310000,0.11160000,0.11270000,635831.60000000,1766955599999,71550.62739000,578
1766955600000,0.11270000,0.11330000,0.11240000,0.11280000,345025.30000000,1766959199999,38952.84519000,432
1766959200000,0.11270000,0.11370000,0.11240000,0.11340000,328165.80000000,1766962799999,37039.50129000,338
1766962800000,0.11350000,0.11420000,0.11340000,0.11390000,210112.20000000,1766966399999,23884.22509000,221
1766966400000,0.11380000,0.11510000,0.11320000,0.11500000,263024.90000000,1766969999999,30035.13293000,414
1766970000000,0.11490000,0.11610000,0.11410000,0.11580000,760044.50000000,1766973599999,87639.13526000,564
1766973600000,0.11590000,0.11640000,0.11530000,0.11550000,388694.30000000,1766977199999,45005.15514000,424
1766977200000,0.11560000,0.11680000,0.11550000,0.11660000,2054296.00000000,1766980799999,238408.71011000,1496
1766980800000,0.11660000,0.11680000,0.11570000,0.11640000,694361.60000000,1766984399999,80716.59453000,703
1766984400000,0.11640000,0.11700000,0.11580000,0.11630000,754885.20000000,1766987999999,87727.35492000,799
1766988000000,0.11630000,0.11660000,0.11510000,0.11570000,725224.90000000,1766991599999,84056.08211000,701
1766991600000,0.11570000,0.11660000,0.11500000,0.11640000,746884.90000000,1766995199999,86654.44068000,691
1766995200000,0.11650000,0.11720000,0.11620000,0.11630000,349753.50000000,1766998799999,40875.93885000,596
1766998800000,0.11630000,0.11650000,0.11360000,0.11420000,1334343.90000000,1767002399999,153124.67762000,1373
1767002400000,0.11420000,0.11530000,0.11390000,0.11510000,833523.30000000,1767005999999,95476.53421000,847
1767006000000,0.11500000,0.11590000,0.11460000,0.11470000,533736.20000000,1767009599999,61482.33076000,535
1767009600000,0.11460000,0.11490000,0.11220000,0.11330000,1659041.50000000,1767013199999,187864.28263000,1651
1767013200000,0.11320000,0.11360000,0.11260000,0.11280000,554482.40000000,1767016799999,62728.12132000,732
1767016800000,0.11280000,0.11340000,0.11130000,0.11230000,1032372.20000000,1767020399999,115888.15855000,1138
1767020400000,0.11220000,0.11340000,0.11200000,0.11250000,445177.50000000,1767023999999,50229.27303000,562
1767024000000,0.11240000,0.11290000,0.11130000,0.11180000,682499.80000000,1767027599999,76407.26121000,821
1767027600000,0.11190000,0.11340000,0.11190000,0.11340000,442599.70000000,1767031199999,49968.06123000,489
1767031200000,0.11330000,0.11380000,0.11250000,0.11260000,540777.60000000,1767034799999,61192.50789000,518
1767034800000,0.11270000,0.11490000,0.11250000,0.11400000,486041.70000000,1767038399999,55436.15916000,604
1767038400000,0.11390000,0.11480000,0.11280000,0.11320000,643467.30000000,1767041999999,73091.81344000,570
1767042000000,0.11320000,0.11630000,0.11320000,0.11600000,833802.40000000,1767045599999,95557.24663000,1108
1767045600000,0.11610000,0.11720000,0.11510000,0.11620000,922773.50000000,1767049199999,106924.58363000,1076
1767049200000,0.11600000,0.11600000,0.11410000,0.11450000,450002.70000000,1767052799999,51840.49163000,496
1767052800000,0.11440000,0.11580000,0.11350000,0.11350000,603523.90000000,1767056399999,69107.19932000,702
1767056400000,0.11350000,0.11360000,0.11250000,0.11270000,689546.90000000,1767059999999,77914.05214000,798
1767060000000,0.11270000,0.11320000,0.11200000,0.11270000,444825.60000000,1767063599999,50035.28767000,699
1767063600000,0.11270000,0.11280000,0.11100000,0.11200000,606845.40000000,1767067199999,67840.50530000,1174
1767067200000,0.11190000,0.11250000,0.11170000,0.11230000,290735.70000000,1767070799999,32544.25884000,318
1767070800000,0.11220000,0.11230000,0.11020000,0.11150000,536220.00000000,1767074399999,59591.97431000,998
1767074400000,0.11150000,0.11250000,0.11110000,0.11120000,432212.60000000,1767077999999,48260.52756000,608
1767078000000,0.11120000,0.11200000,0.11080000,0.11080000,467930.50000000,1767081599999,52090.19183000,608
1767081600000,0.11080000,0.11240000,0.11070000,0.11130000,622477.70000000,1767085199999,69500.89534000,874
1767085200000,0.11130000,0.11200000,0.11090000,0.11140000,482755.20000000,1767088799999,53763.28776000,541
1767088800000,0.11150000,0.11190000,0.11130000,0.11160000,334700.50000000,1767092399999,37326.13760000,362
1767092400000,0.11150000,0.11160000,0.11100000,0.11130000,606440.50000000,1767095999999,67488.29330000,614
1767096000000,0.11120000,0.11140000,0.10880000,0.10960000,785888.10000000,1767099599999,86462.27218000,1099
1767099600000,0.10970000,0.11010000,0.10900000,0.10960000,902575.00000000,1767103199999,98925.39861000,912
1767103200000,0.10960000,0.10960000,0.10830000,0.10950000,802998.10000000,1767106799999,87499.85743000,1308
1767106800000,0.10960000,0.11030000,0.10890000,0.11020000,468439.80000000,1767110399999,51443.05966000,579
1767110400000,0.11030000,0.11090000,0.10990000,0.11030000,602192.80000000,1767113999999,66452.20173000,725
1767114000000,0.11030000,0.11060000,0.10930000,0.11000000,378264.30000000,1767117599999,41567.95712000,481
1767117600000,0.11000000,0.11020000,0.10940000,0.11020000,1359386.20000000,1767121199999,149387.80319000,998
1767121200000,0.11000000,0.11070000,0.10960000,0.11050000,425336.60000000,1767124799999,46836.86083000,531
1767124800000,0.11050000,0.11050000,0.10910000,0.10920000,239061.80000000,1767128399999,26194.76500000,419
1767128400000,0.10910000,0.10960000,0.10910000,0.10930000,135061.00000000,1767131999999,14772.19845000,251
1767132000000,0.10930000,0.11010000,0.10910000,0.10980000,419850.40000000,1767135599999,45985.14954000,559
1767135600000,0.10980000,0.10980000,0.10910000,0.10950000,216808.20000000,1767139199999,23740.55162000,329
1767139200000,0.10940000,0.10950000,0.10800000,0.10860000,810523.50000000,1767142799999,87831.44613000,976
1767142800000,0.10850000,0.11020000,0.10850000,0.11000000,410217.30000000,1767146399999,44982.80482000,776
1767146400000,0.10990000,0.11080000,0.10980000,0.11010000,351919.80000000,1767149999999,38767.50739000,448
1767150000000,0.11020000,0.11190000,0.11020000,0.11140000,928638.60000000,1767153599999,103279.64637000,1172
1767153600000,0.11150000,0.11270000,0.11030000,0.11080000,849621.30000000,1767157199999,94690.24132000,874
1767157200000,0.11080000,0.11150000,0.11030000,0.11130000,328520.10000000,1767160799999,36434.84234000,397
1767160800000,0.11120000,0.11180000,0.11100000,0.11150000,338713.90000000,1767164399999,37749.03772000,369
1767164400000,0.11150000,0.11240000,0.11140000,0.11210000,474712.50000000,1767167999999,53115.42212000,599
1767168000000,0.11220000,0.11300000,0.10990000,0.11050000,1759297.80000000,1767171599999,195558.78493000,1869
1767171600000,0.11040000,0.11240000,0.10950000,0.11200000,1442762.10000000,1767175199999,159709.21915000,1675
1767175200000,0.11200000,0.11310000,0.11140000,0.11150000,820427.80000000,1767178799999,92069.93177000,937
1767178800000,0.11160000,0.11320000,0.11150000,0.11310000,519301.60000000,1767182399999,58312.64381000,647
1767182400000,0.11300000,0.11430000,0.11060000,0.11240000,3555982.40000000,1767185999999,398443.51487000,4074
1767186000000,0.11230000,0.11250000,0.11090000,0.11150000,906654.20000000,1767189599999,101289.07285000,694
1767189600000,0.11150000,0.11190000,0.11040000,0.11060000,1293203.90000000,1767193199999,143716.32205000,989
1767193200000,0.11070000,0.11110000,0.11010000,0.11070000,368038.10000000,1767196799999,40689.27407000,638
1767196800000,0.11060000,0.11110000,0.10840000,0.10940000,1141717.20000000,1767200399999,125157.42158000,1425
1767200400000,0.10940000,0.10960000,0.10850000,0.10950000,637486.60000000,1767203999999,69490.55701000,1057
1767204000000,0.10960000,0.11060000,0.10930000,0.10990000,519306.80000000,1767207599999,57108.57101000,932
1767207600000,0.10990000,0.11370000,0.10990000,0.11310000,1741429.30000000,1767211199999,195798.75471000,2550
1767211200000,0.11300000,0.11320000,0.11130000,0.11280000,1308344.40000000,1767214799999,146820.31058000,1695
1767214800000,0.11280000,0.11470000,0.11230000,0.11320000,1171846.40000000,1767218399999,132658.37503000,1531
1767218400000,0.11310000,0.11410000,0.11240000,0.11340000,750358.70000000,1767221999999,85095.73290000,592
1767222000000,0.11340000,0.11380000,0.11290000,0.11290000,386608.50000000,1767225599999,43826.60791000,524
1767225600000,0.11280000,0.11400000,0.11170000,0.11250000,693732.80000000,1767229199999,78439.68470000,797
1767229200000,0.11260000,0.11320000,0.11200000,0.11220000,652463.40000000,1767232799999,73464.27233000,712
1767232800000,0.11220000,0.11220000,0.11080000,0.11160000,530933.90000000,1767236399999,59245.63541000,822
1767236400000,0.11160000,0.11210000,0.11110000,0.11170000,292585.40000000,1767239999999,32682.34026000,636
1767240000000,0.11170000,0.11200000,0.11110000,0.11200000,213167.50000000,1767243599999,23766.21905000,369
1767243600000,0.11210000,0.11290000,0.11130000,0.11190000,452744.20000000,1767247199999,50733.71679000,738
1767247200000,0.11180000,0.11220000,0.11120000,0.11200000,355334.50000000,1767250799999,39658.10922000,530
1767250800000,0.11200000,0.11280000,0.11190000,0.11220000,323714.50000000,1767254399999,36370.20260000,534
1767254400000,0.11210000,0.11240000,0.11130000,0.11190000,454031.50000000,1767257999999,50709.98376000,572
1767258000000,0.11190000,0.11270000,0.11140000,0.11190000,539876.60000000,1767261599999,60540.85912000,603
1767261600000,0.11200000,0.11320000,0.11200000,0.11290000,470491.80000000,1767265199999,52922.75239000,649
1767265200000,0.11290000,0.11320000,0.11260000,0.11310000,274238.20000000,1767268799999,30975.61334000,308
1767268800000,0.11300000,0.11300000,0.11090000,0.11160000,311646.80000000,1767272399999,34781.56803000,536
1767272400000,0.11160000,0.11280000,0.11140000,0.11260000,225301.00000000,1767275999999,25282.73771000,372
1767276000000,0.11260000,0.11450000,0.11260000,0.11420000,877673.90000000,1767279599999,99875.03070000,1400
1767279600000,0.11420000,0.11480000,0.11300000,0.11320000,1118102.70000000,1767283199999,127308.36289000,1568
1767283200000,0.11320000,0.11410000,0.11300000,0.11390000,383918.20000000,1767286799999,43586.61653000,633
1767286800000,0.11400000,0.11480000,0.11370000,0.11420000,484399.60000000,1767290399999,55396.31890000,761
1767290400000,0.11420000,0.11450000,0.11370000,0.11390000,436547.10000000,1767293999999,49798.76817000,855
1767294000000,0.11390000,0.11430000,0.11350000,0.11400000,208891.10000000,1767297599999,23786.95734000,474
1767297600000,0.11410000,0.11410000,0.11330000,0.11350000,271292.20000000,1767301199999,30878.01958000,451
1767301200000,0.11350000,0.11390000,0.11260000,0.11320000,663592.00000000,1767304799999,75146.63066000,776
1767304800000,0.11320000,0.11350000,0.11270000,0.11350000,207464.30000000,1767308399999,23444.18618000,241
1767308400000,0.11350000,0.11450000,0.11340000,0.11400000,919969.80000000,1767311999999,104888.09000000,921
1767312000000,0.11400000,0.11400000,0.11310000,0.11340000,304743.20000000,1767315599999,34597.68785000,398
1767315600000,0.11350000,0.11370000,0.11280000,0.11360000,159281.80000000,1767319199999,18060.16945000,245
1767319200000,0.11360000,0.11360000,0.11190000,0.11280000,446149.10000000,1767322799999,50223.53210000,504
1767322800000,0.11280000,0.11380000,0.11270000,0.11350000,336832.20000000,1767326399999,38142.60641000,545
1767326400000,0.11370000,0.11370000,0.11280000,0.11330000,179481.60000000,1767329999999,20313.61037000,266
1767330000000,0.11330000,0.11350000,0.11270000,0.11330000,175487.60000000,1767333599999,19842.88788000,263
1767333600000,0.11330000,0.11510000,0.11330000,0.11370000,626520.70000000,1767337199999,71568.24332000,908
1767337200000,0.11380000,0.11430000,0.11350000,0.11430000,525360.10000000,1767340799999,59813.73820000,519
1767340800000,0.11430000,0.11560000,0.11400000,0.11510000,774441.20000000,1767344399999,88789.74003000,1092
1767344400000,0.11500000,0.11510000,0.11430000,0.11440000,309160.10000000,1767347999999,35450.99772000,652
1767348000000,0.11450000,0.11510000,0.11410000,0.11460000,689583.00000000,1767351599999,79015.06997000,1173
1767351600000,0.11460000,0.11460000,0.11310000,0.11330000,508643.80000000,1767355199999,57809.76755000,632
1767355200000,0.11330000,0.11490000,0.11320000,0.11460000,476817.90000000,1767358799999,54423.54369000,530
1767358800000,0.11460000,0.11530000,0.11440000,0.11450000,445893.60000000,1767362399999,51204.67261000,539
1767362400000,0.11450000,0.11560000,0.11380000,0.11490000,696368.80000000,1767365999999,79868.54812000,1096
1767366000000,0.11510000,0.11550000,0.11410000,0.11510000,573363.50000000,1767369599999,65829.10831000,834
1767369600000,0.11490000,0.11620000,0.11460000,0.11590000,896970.60000000,1767373199999,103682.66834000,1175
1767373200000,0.11610000,0.11730000,0.11590000,0.11650000,1481517.60000000,1767376799999,173024.98346000,967
1767376800000,0.11650000,0.11870000,0.11650000,0.11720000,1585246.40000000,1767380399999,186250.77915000,1648
1767380400000,0.11730000,0.11950000,0.11730000,0.11880000,696795.70000000,1767383999999,82672.63084000,1348
1767384000000,0.11900000,0.11910000,0.11740000,0.11770000,579400.60000000,1767387599999,68449.61829000,824
1767387600000,0.11770000,0.11810000,0.11710000,0.11800000,528937.70000000,1767391199999,62203.93272000,521
1767391200000,0.11810000,0.11850000,0.11730000,0.11830000,669510.30000000,1767394799999,78921.98682000,596
1767394800000,0.11820000,0.11870000,0.11700000,0.11780000,825521.80000000,1767398399999,97306.44596000,730
1767398400000,0.11780000,0.11990000,0.11780000,0.11990000,1358370.60000000,1767401999999,160997.20449000,1019
1767402000000,0.11970000,0.12060000,0.11860000,0.11880000,700132.90000000,1767405599999,83797.51116000,1519
1767405600000,0.11880000,0.11910000,0.11790000,0.11860000,318657.60000000,1767409199999,37754.02929000,605
1767409200000,0.11850000,0.11940000,0.11830000,0.11930000,154992.00000000,1767412799999,18411.74337000,418
1767412800000,0.11930000,0.12040000,0.11820000,0.11960000,522713.00000000,1767416399999,62406.45662000,1269
1767416400000,0.11960000,0.12010000,0.11880000,0.11920000,322971.70000000,1767419999999,38622.03559000,662
1767420000000,0.11930000,0.11980000,0.11820000,0.11930000,357617.90000000,1767423599999,42591.91380000,778
1767423600000,0.11920000,0.11940000,0.11650000,0.11680000,2371225.10000000,1767427199999,279644.31043000,2408
1767427200000,0.11690000,0.11770000,0.11620000,0.11750000,518269.40000000,1767430799999,60660.38697000,715
1767430800000,0.11740000,0.11850000,0.11720000,0.11800000,275427.90000000,1767434399999,32438.69253000,718
1767434400000,0.11800000,0.11990000,0.11670000,0.11890000,2581407.00000000,1767437999999,304560.06110000,2539
1767438000000,0.11890000,0.11990000,0.11790000,0.11810000,1687590.90000000,1767441599999,200584.35330000,2081
1767441600000,0.11820000,0.11880000,0.11760000,0.11860000,476516.00000000,1767445199999,56266.69516000,878
1767445200000,0.11860000,0.12110000,0.11850000,0.12010000,1881821.90000000,1767448799999,225225.27796000,2970
1767448800000,0.12010000,0.12020000,0.11940000,0.12020000,406544.30000000,1767452399999,48712.47890000,763
1767452400000,0.12020000,0.12430000,0.12000000,0.12220000,4420829.60000000,1767455999999,542317.45182000,6511
1767456000000,0.12230000,0.12280000,0.11990000,0.12180000,2630949.00000000,1767459599999,319466.50698000,2803
1767459600000,0.12190000,0.12570000,0.12180000,0.12220000,3334729.60000000,1767463199999,412513.72881000,4592
1767463200000,0.12230000,0.12230000,0.12130000,0.12180000,664530.90000000,1767466799999,80874.67484000,807
1767466800000,0.12180000,0.12260000,0.12040000,0.12080000,853826.90000000,1767470399999,103631.17409000,1218
1767470400000,0.12070000,0.12110000,0.11970000,0.12090000,706491.50000000,1767473999999,85018.84969000,851
1767474000000,0.12090000,0.12190000,0.12050000,0.12180000,452663.90000000,1767477599999,54970.36424000,847
1767477600000,0.12180000,0.12180000,0.12090000,0.12150000,393379.90000000,1767481199999,47760.90833000,604
1767481200000,0.12140000,0.12230000,0.12090000,0.12170000,748901.40000000,1767484799999,91105.82514000,832
1767484800000,0.12160000,0.12230000,0.12110000,0.12160000,604382.50000000,1767488399999,73410.19559000,818
1767488400000,0.12160000,0.12190000,0.12050000,0.12090000,268620.20000000,1767491999999,32534.36407000,393
1767492000000,0.12090000,0.12160000,0.12060000,0.12120000,467748.40000000,1767495599999,56643.13331000,650
1767495600000,0.12120000,0.12270000,0.12120000,0.12210000,436339.20000000,1767499199999,53209.13414000,687
1767499200000,0.12200000,0.12260000,0.12160000,0.12210000,384182.10000000,1767502799999,46885.68214000,429
1767502800000,0.12220000,0.12250000,0.12200000,0.12240000,372679.00000000,1767506399999,45564.83800000,486
1767506400000,0.12230000,0.12230000,0.11970000,0.12030000,656935.50000000,1767509999999,79367.06717000,882
1767510000000,0.12020000,0.12060000,0.11940000,0.12040000,276373.80000000,1767513599999,33188.83888000,553
1767513600000,0.12040000,0.12070000,0.11980000,0.12060000,520505.90000000,1767517199999,62634.68195000,787
1767517200000,0.12060000,0.12120000,0.12010000,0.12110000,560506.80000000,1767520799999,67619.82943000,820
1767520800000,0.12110000,0.12190000,0.12100000,0.12180000,389834.40000000,1767524399999,47394.96783000,610
1767524400000,0.12180000,0.12190000,0.12100000,0.12110000,636398.20000000,1767527999999,77314.57213000,664
1767528000000,0.12100000,0.12240000,0.12070000,0.12190000,586256.60000000,1767531599999,71273.42242000,991
1767531600000,0.12180000,0.12200000,0.12090000,0.12190000,621683.20000000,1767535199999,75493.52893000,712
1767535200000,0.12190000,0.12280000,0.12170000,0.12270000,517499.20000000,1767538799999,63213.84801000,943
1767538800000,0.12270000,0.12420000,0.12260000,0.12370000,673434.00000000,1767542399999,83167.15384000,1109
1767542400000,0.12380000,0.12450000,0.12280000,0.12370000,1102830.10000000,1767545999999,136221.73390000,1794
1767546000000,0.12380000,0.12400000,0.12330000,0.12370000,661774.70000000,1767549599999,81868.39104000,1040
1767549600000,0.12370000,0.12370000,0.12160000,0.12270000,982389.00000000,1767553199999,120344.13654000,1895
1767553200000,0.12270000,0.12330000,0.12070000,0.12180000,1269028.50000000,1767556799999,154442.65116000,2420
1767556800000,0.12180000,0.12280000,0.12150000,0.12250000,608803.40000000,1767560399999,74338.23007000,935
1767560400000,0.12250000,0.12300000,0.12190000,0.12240000,332448.20000000,1767563999999,40723.19447000,680
1767564000000,0.12240000,0.12290000,0.12200000,0.12230000,211201.70000000,1767567599999,25871.74492000,729
1767567600000,0.12230000,0.12300000,0.12190000,0.12220000,674559.30000000,1767571199999,82570.44326000,1245
1767571200000,0.12210000,0.12280000,0.12100000,0.12220000,495244.40000000,1767574799999,60338.74078000,1446
1767574800000,0.12220000,0.12440000,0.12200000,0.12400000,852854.40000000,1767578399999,105313.25247000,1372
1767578400000,0.12410000,0.12440000,0.12260000,0.12340000,410661.50000000,1767581999999,50655.64482000,821
1767582000000,0.12340000,0.12360000,0.12210000,0.12240000,525892.30000000,1767585599999,64534.76149000,844
1767585600000,0.12230000,0.12230000,0.11860000,0.11970000,1935490.50000000,1767589199999,232339.71050000,2164
1767589200000,0.11970000,0.12020000,0.11900000,0.11900000,573863.20000000,1767592799999,68684.05799000,776
1767592800000,0.11900000,0.11940000,0.11760000,0.11860000,1361995.50000000,1767596399999,161125.87368000,1458
1767596400000,0.11850000,0.12040000,0.11830000,0.12020000,406207.70000000,1767599999999,48494.38731000,736
1767600000000,0.12010000,0.12050000,0.11850000,0.11910000,612711.70000000,1767603599999,73296.27485000,736
1767603600000,0.11900000,0.12100000,0.11760000,0.11980000,2218369.60000000,1767607199999,265461.74385000,1995
1767607200000,0.11990000,0.12090000,0.11910000,0.11990000,741285.30000000,1767610799999,88933.35580000,793
1767610800000,0.11990000,0.12070000,0.11960000,0.12050000,414656.10000000,1767614399999,49829.19758000,334
1767614400000,0.12050000,0.12050000,0.11950000,0.12000000,977298.30000000,1767617999999,117276.68600000,1093
1767618000000,0.12010000,0.12020000,0.11870000,0.11940000,293918.40000000,1767621599999,35095.19711000,523
1767621600000,0.11930000,0.12060000,0.11880000,0.11990000,476207.50000000,1767625199999,57017.35282000,1033
1767625200000,0.11990000,0.12130000,0.11910000,0.12080000,561965.60000000,1767628799999,67525.36532000,1107
1767628800000,0.12080000,0.12220000,0.11990000,0.12040000,1888946.20000000,1767632399999,228887.23440000,1819
1767632400000,0.12040000,0.12170000,0.11910000,0.12120000,465644.90000000,1767635999999,55956.73909000,823
1767636000000,0.12140000,0.12330000,0.12090000,0.12310000,950441.90000000,1767639599999,116278.98382000,1268
1767639600000,0.12310000,0.12320000,0.12200000,0.12240000,455377.60000000,1767643199999,55858.34665000,901
1767643200000,0.12250000,0.12370000,0.12190000,0.12250000,464158.70000000,1767646799999,57082.71166000,722
1767646800000,0.12250000,0.12280000,0.12180000,0.12210000,242716.40000000,1767650399999,29689.95036000,639
1767650400000,0.12210000,0.12320000,0.12190000,0.12300000,314100.50000000,1767653999999,38535.49229000,511
1767654000000,0.12290000,0.12300000,0.12200000,0.12220000,169308.10000000,1767657599999,20724.81591000,324
1767657600000,0.12210000,0.12250000,0.12010000,0.12090000,500931.90000000,1767661199999,60682.97650000,628
1767661200000,0.12090000,0.12190000,0.12020000,0.12050000,930557.70000000,1767664799999,112638.45394000,684
1767664800000,0.12050000,0.12120000,0.11950000,0.12040000,395450.10000000,1767668399999,47576.80824000,688
1767668400000,0.12030000,0.12120000,0.12020000,0.12080000,218208.80000000,1767671999999,26354.21620000,318
1767672000000,0.12080000,0.12220000,0.12060000,0.12210000,478022.10000000,1767675599999,58138.93889000,512
1767675600000,0.12210000,0.12220000,0.12040000,0.12050000,510497.80000000,1767679199999,61715.62369000,410
1767679200000,0.12050000,0.12150000,0.11960000,0.12080000,472134.20000000,1767682799999,56898.74000000,531
1767682800000,0.12070000,0.12070000,0.11910000,0.11980000,413515.00000000,1767686399999,49561.70609000,557
1767686400000,0.11980000,0.12120000,0.11980000,0.12090000,567235.50000000,1767689999999,68389.96969000,655
1767690000000,0.12090000,0.12170000,0.12090000,0.12140000,565450.10000000,1767693599999,68612.42847000,689
1767693600000,0.12140000,0.12150000,0.12050000,0.12140000,422717.00000000,1767697199999,51204.35531000,444
1767697200000,0.12140000,0.12250000,0.12130000,0.12180000,549155.50000000,1767700799999,66936.87926000,674
1767700800000,0.12190000,0.12440000,0.12160000,0.12390000,810663.40000000,1767704399999,99595.98934000,1403
1767704400000,0.12380000,0.12590000,0.12350000,0.12460000,916570.20000000,1767707999999,114299.07849000,1096
1767708000000,0.12460000,0.12520000,0.12240000,0.12330000,704991.20000000,1767711599999,87376.40482000,1237
1767711600000,0.12340000,0.12400000,0.12170000,0.12280000,728782.80000000,1767715199999,89603.26392000,787
1767715200000,0.12290000,0.12300000,0.11830000,0.11940000,1863338.60000000,1767718799999,224036.69545000,2282
1767718800000,0.11920000,0.12030000,0.11750000,0.11790000,1278445.60000000,1767722399999,152348.16143000,1137
1767722400000,0.11780000,0.12020000,0.11760000,0.11990000,655730.20000000,1767725999999,78456.18602000,888
1767726000000,0.12000000,0.12110000,0.11980000,0.12070000,317193.30000000,1767729599999,38237.86230000,585
1767729600000,0.12070000,0.12190000,0.12070000,0.12130000,336183.10000000,1767733199999,40812.56713000,604
1767733200000,0.12130000,0.12290000,0.12110000,0.12260000,391411.50000000,1767736799999,47813.66596000,676
1767736800000,0.12270000,0.12300000,0.12190000,0.12210000,96389.70000000,1767740399999,11782.24887000,179
1767740400000,0.12210000,0.12250000,0.12160000,0.12240000,278622.00000000,1767743999999,34053.40710000,277
1767744000000,0.12240000,0.12410000,0.12110000,0.12110000,422610.70000000,1767747599999,51673.96869000,917
1767747600000,0.12120000,0.12180000,0.11980000,0.11990000,1059786.20000000,1767751199999,127870.49061000,1553
1767751200000,0.11980000,0.12070000,0.11940000,0.12060000,881882.90000000,1767754799999,105852.38421000,975
1767754800000,0.12070000,0.12150000,0.12030000,0.12050000,444937.20000000,1767758399999,53821.76523000,591
1767758400000,0.12040000,0.12080000,0.11990000,0.11990000,188781.00000000,1767761999999,22694.37820000,284
1767762000000,0.11990000,0.12080000,0.11970000,0.11990000,407036.40000000,1767765599999,48975.53519000,614
1767765600000,0.11990000,0.11990000,0.11920000,0.11930000,250959.40000000,1767769199999,29987.53457000,462
1767769200000,0.11940000,0.12110000,0.11940000,0.12100000,338339.80000000,1767772799999,40808.61323000,526
1767772800000,0.12100000,0.12160000,0.12050000,0.12070000,533018.80000000,1767776399999,64414.58708000,586
1767776400000,0.12070000,0.12090000,0.11840000,0.11880000,514817.40000000,1767779999999,61414.79176000,805
1767780000000,0.11880000,0.12010000,0.11850000,0.11960000,928152.70000000,1767783599999,110632.21017000,1034
1767783600000,0.11960000,0.12040000,0.11940000,0.11990000,608685.50000000,1767787199999,72925.75630000,821
1767787200000,0.11980000,0.12000000,0.11860000,0.11880000,617252.90000000,1767790799999,73545.53866000,883
1767790800000,0.11890000,0.11920000,0.11690000,0.11750000,1049516.20000000,1767794399999,124044.77502000,1265
1767794400000,0.11750000,0.11750000,0.11530000,0.11680000,2065796.60000000,1767797999999,240153.14981000,3252
1767798000000,0.11680000,0.11680000,0.11370000,0.11490000,1294278.60000000,1767801599999,148744.41556000,2142
1767801600000,0.11500000,0.11560000,0.11460000,0.11520000,672349.80000000,1767805199999,77450.69566000,692
1767805200000,0.11520000,0.11630000,0.11490000,0.11550000,379711.60000000,1767808799999,43986.69292000,611
1767808800000,0.11540000,0.11620000,0.11500000,0.11560000,543343.20000000,1767812399999,62774.79543000,552
1767812400000,0.11570000,0.11590000,0.11460000,0.11560000,444306.30000000,1767815999999,51251.48765000,550
1767816000000,0.11550000,0.11560000,0.11440000,0.11480000,248082.10000000,1767819599999,28514.10187000,404
1767819600000,0.11480000,0.11530000,0.11460000,0.11460000,184365.20000000,1767823199999,21197.52199000,309
1767823200000,0.11450000,0.11530000,0.11300000,0.11380000,538729.10000000,1767826799999,61426.92864000,781
1767826800000,0.11380000,0.11480000,0.11310000,0.11390000,356454.80000000,1767830399999,40647.22112000,424
1767830400000,0.11390000,0.11520000,0.11350000,0.11500000,298960.30000000,1767833999999,34259.90584000,353
1767834000000,0.11510000,0.11640000,0.11510000,0.11600000,401974.80000000,1767837599999,46573.27613000,824
1767837600000,0.11590000,0.11630000,0.11480000,0.11530000,213406.80000000,1767841199999,24680.71148000,474
1767841200000,0.11520000,0.11580000,0.11280000,0.11300000,1088016.20000000,1767844799999,123819.09043000,687
1767844800000,0.11310000,0.11410000,0.11210000,0.11340000,381018.60000000,1767848399999,43102.44541000,629
1767848400000,0.11350000,0.11410000,0.11310000,0.11320000,289454.80000000,1767851999999,32903.93160000,761
1767852000000,0.11330000,0.11360000,0.11180000,0.11180000,517053.60000000,1767855599999,58351.94369000,1153
1767855600000,0.11190000,0.11410000,0.11100000,0.11400000,861597.40000000,1767859199999,96655.77220000,1327
1767859200000,0.11400000,0.11440000,0.11280000,0.11300000,347808.40000000,1767862799999,39595.77045000,742
1767862800000,0.11310000,0.11370000,0.11140000,0.11240000,588620.70000000,1767866399999,66181.89333000,1096
1767866400000,0.11230000,0.11320000,0.11120000,0.11270000,823376.50000000,1767869999999,92324.13307000,904
1767870000000,0.11290000,0.11300000,0.11180000,0.11270000,258393.00000000,1767873599999,29026.78818000,432
1767873600000,0.11270000,0.11310000,0.11170000,0.11230000,427672.60000000,1767877199999,48013.88572000,511
1767877200000,0.11220000,0.11230000,0.11130000,0.11190000,513297.30000000,1767880799999,57407.08934000,579
1767880800000,0.11190000,0.11230000,0.11090000,0.11210000,1058454.10000000,1767884399999,118245.57753000,1394
1767884400000,0.11200000,0.11400000,0.11150000,0.11400000,512482.00000000,1767887999999,57928.62449000,958
1767888000000,0.11390000,0.11480000,0.11290000,0.11380000,524403.60000000,1767891599999,59714.11854000,745
1767891600000,0.11380000,0.11410000,0.11320000,0.11370000,154939.60000000,1767895199999,17619.87916000,319
1767895200000,0.11360000,0.11360000,0.11250000,0.11310000,242709.10000000,1767898799999,27421.18487000,680
1767898800000,0.11320000,0.11350000,0.11230000,0.11270000,266613.90000000,1767902399999,30103.90249000,519
1767902400000,0.11260000,0.11280000,0.11150000,0.11260000,235263.20000000,1767905999999,26387.19110000,364
1767906000000,0.11270000,0.11330000,0.11260000,0.11300000,154458.70000000,1767909599999,17452.18770000,255
1767909600000,0.11310000,0.11330000,0.11150000,0.11230000,428231.90000000,1767913199999,48069.76921000,607
1767913200000,0.11230000,0.11270000,0.11190000,0.11210000,158617.60000000,1767916799999,17811.76501000,216
1767916800000,0.11210000,0.11230000,0.11150000,0.11210000,264310.30000000,1767920399999,29583.77323000,446
1767920400000,0.11200000,0.11250000,0.11020000,0.11130000,779205.80000000,1767923999999,86723.76442000,1032
1767924000000,0.11130000,0.11140000,0.11030000,0.11030000,391284.20000000,1767927599999,43344.49818000,558
1767927600000,0.11040000,0.11190000,0.11030000,0.11190000,246376.10000000,1767931199999,27406.85738000,267
1767931200000,0.11200000,0.11230000,0.11150000,0.11190000,404202.10000000,1767934799999,45281.93749000,301
1767934800000,0.11190000,0.11320000,0.11190000,0.11290000,1035618.10000000,1767938399999,116719.17833000,728
1767938400000,0.11290000,0.11300000,0.11230000,0.11270000,262514.30000000,1767941999999,29573.35034000,293
1767942000000,0.11260000,0.11270000,0.11200000,0.11210000,207114.40000000,1767945599999,23252.35339000,296
1767945600000,0.11220000,0.11220000,0.10940000,0.11040000,1875713.70000000,1767949199999,208140.37505000,1281
1767949200000,0.11050000,0.11130000,0.11040000,0.11060000,296174.20000000,1767952799999,32802.39957000,327
1767952800000,0.11060000,0.11090000,0.11000000,0.11050000,469838.20000000,1767956399999,51871.02080000,375
1767956400000,0.11050000,0.11110000,0.11040000,0.11060000,304084.60000000,1767959999999,33679.53756000,335
1767960000000,0.11050000,0.11070000,0.10960000,0.11030000,275933.60000000,1767963599999,30385.73633000,357
1767963600000,0.11020000,0.11160000,0.11000000,0.11120000,449970.80000000,1767967199999,49890.83101000,536
1767967200000,0.11110000,0.11110000,0.11000000,0.11030000,330715.20000000,1767970799999,36493.47222000,527
1767970800000,0.11040000,0.11200000,0.10860000,0.11010000,1569837.70000000,1767974399999,172963.69652000,1590
1767974400000,0.11020000,0.11100000,0.10990000,0.11070000,446856.90000000,1767977999999,49341.14718000,455
1767978000000,0.11070000,0.11100000,0.10950000,0.11060000,253930.30000000,1767981599999,27966.71621000,401
1767981600000,0.11060000,0.11080000,0.10910000,0.11000000,213467.70000000,1767985199999,23455.89926000,428
1767985200000,0.10990000,0.11010000,0.10870000,0.10900000,294236.40000000,1767988799999,32074.49263000,360
1767988800000,0.10890000,0.10980000,0.10880000,0.10960000,149080.80000000,1767992399999,16311.53905000,299
1767992400000,0.10970000,0.11040000,0.10960000,0.11020000,224889.30000000,1767995999999,24770.98472000,238
1767996000000,0.11020000,0.11060000,0.10980000,0.11050000,301670.90000000,1767999599999,33237.99164000,378
1767999600000,0.11070000,0.11100000,0.11010000,0.11020000,294196.50000000,1768003199999,32503.17465000,291
1768003200000,0.11020000,0.11030000,0.10910000,0.10930000,182350.10000000,1768006799999,19982.61160000,228
1768006800000,0.10930000,0.11090000,0.10890000,0.11030000,1127137.40000000,1768010399999,124022.34330000,807
1768010400000,0.11040000,0.11120000,0.11020000,0.11050000,564963.60000000,1768013999999,62486.58705000,565
1768014000000,0.11050000,0.11070000,0.10970000,0.11040000,646394.20000000,1768017599999,71156.28133000,347
1768017600000,0.11030000,0.11040000,0.10970000,0.11010000,233388.20000000,1768021199999,25672.40445000,257
1768021200000,0.11010000,0.11090000,0.10980000,0.11060000,133500.00000000,1768024799999,14725.05673000,228
1768024800000,0.11060000,0.11090000,0.11030000,0.11050000,185307.10000000,1768028399999,20492.49523000,186
1768028400000,0.11040000,0.11100000,0.11030000,0.11060000,234807.10000000,1768031999999,25984.96938000,252
1768032000000,0.11060000,0.11260000,0.11060000,0.11170000,2829425.80000000,1768035599999,315766.06749000,1999
1768035600000,0.11170000,0.11190000,0.11080000,0.11110000,1001922.40000000,1768039199999,111624.38835000,760
1768039200000,0.11120000,0.11160000,0.11100000,0.11140000,139986.50000000,1768042799999,15573.15016000,243
1768042800000,0.11140000,0.11160000,0.11110000,0.11150000,205202.10000000,1768046399999,22854.31816000,257
1768046400000,0.11140000,0.11200000,0.11140000,0.11170000,238977.40000000,1768049999999,26706.47585000,188
1768050000000,0.11170000,0.11220000,0.11140000,0.11140000,195295.40000000,1768053599999,21821.40941000,231
1768053600000,0.11140000,0.11160000,0.11110000,0.11150000,280167.40000000,1768057199999,31168.44369000,296
1768057200000,0.11160000,0.11340000,0.11160000,0.11210000,920616.80000000,1768060799999,103668.63769000,1059
1768060800000,0.11200000,0.11250000,0.11130000,0.11230000,547874.10000000,1768064399999,61348.34160000,643
1768064400000,0.11220000,0.11270000,0.11180000,0.11180000,267404.50000000,1768067999999,30045.22718000,283
1768068000000,0.11190000,0.11250000,0.11170000,0.11210000,198467.10000000,1768071599999,22244.83106000,298
1768071600000,0.11200000,0.11270000,0.11190000,0.11270000,153833.00000000,1768075199999,17284.49274000,245
1768075200000,0.11270000,0.11290000,0.11240000,0.11240000,273591.80000000,1768078799999,30816.79148000,221
1768078800000,0.11250000,0.11300000,0.11240000,0.11240000,240678.60000000,1768082399999,27108.67827000,277
1768082400000,0.11240000,0.11250000,0.11070000,0.11070000,433214.10000000,1768085999999,48273.14339000,462
1768086000000,0.11070000,0.11120000,0.11070000,0.11100000,367854.30000000,1768089599999,40806.25857000,362
1768089600000,0.11100000,0.11130000,0.11060000,0.11130000,319468.00000000,1768093199999,35454.48983000,277
1768093200000,0.11130000,0.11140000,0.11090000,0.11120000,326432.80000000,1768096799999,36282.90477000,406
1768096800000,0.11110000,0.11140000,0.11090000,0.11110000,191716.20000000,1768100399999,21329.75707000,256
1768100400000,0.11110000,0.11150000,0.11100000,0.11140000,336974.60000000,1768103999999,37511.73601000,316
1768104000000,0.11140000,0.11170000,0.11120000,0.11160000,56425.80000000,1768107599999,6287.65541000,141
1768107600000,0.11160000,0.11170000,0.11010000,0.11090000,802301.10000000,1768111199999,88917.71759000,547
1768111200000,0.11090000,0.11110000,0.11010000,0.11040000,291625.60000000,1768114799999,32248.28396000,294
1768114800000,0.11040000,0.11160000,0.10980000,0.11090000,538282.70000000,1768118399999,59657.81058000,343
1768118400000,0.11090000,0.11130000,0.11050000,0.11110000,280383.60000000,1768121999999,31080.19783000,213
1768122000000,0.11110000,0.11180000,0.11100000,0.11160000,265259.40000000,1768125599999,29551.43586000,517
1768125600000,0.11160000,0.11160000,0.11090000,0.11110000,253039.60000000,1768129199999,28170.72746000,306
1768129200000,0.11120000,0.11140000,0.11050000,0.11130000,512057.60000000,1768132799999,56879.76041000,615
1768132800000,0.11110000,0.11170000,0.11110000,0.11110000,280667.50000000,1768136399999,31223.97324000,341
1768136400000,0.11110000,0.11110000,0.11000000,0.11020000,331887.30000000,1768139999999,36634.83155000,511
1768140000000,0.11020000,0.11060000,0.11000000,0.11050000,402536.00000000,1768143599999,44429.43596000,259
1768143600000,0.11050000,0.11050000,0.10890000,0.10970000,814090.00000000,1768147199999,89190.80182000,933
1768147200000,0.10970000,0.11080000,0.10960000,0.11010000,513301.70000000,1768150799999,56489.95368000,1597
1768150800000,0.11010000,0.11060000,0.10920000,0.10980000,245761.90000000,1768154399999,27036.72498000,424
1768154400000,0.10980000,0.10980000,0.10900000,0.10920000,168965.60000000,1768157999999,18459.67059000,183
1768158000000,0.10920000,0.10940000,0.10750000,0.10790000,804368.10000000,1768161599999,87041.23252000,907
1768161600000,0.10780000,0.10780000,0.10600000,0.10720000,933530.90000000,1768165199999,99806.44817000,2174
1768165200000,0.10710000,0.10710000,0.10430000,0.10520000,1602037.20000000,1768168799999,168764.82947000,2246
1768168800000,0.10520000,0.10610000,0.10350000,0.10540000,1631117.10000000,1768172399999,170625.91592000,1581
1768172400000,0.10540000,0.10580000,0.10380000,0.10540000,1307652.10000000,1768175999999,137073.70487000,1804
1768176000000,0.10550000,0.10560000,0.10310000,0.10480000,561883.70000000,1768179599999,58765.59769000,1113
1768179600000,0.10480000,0.10610000,0.10470000,0.10590000,708508.40000000,1768183199999,74736.50072000,902
1768183200000,0.10590000,0.10740000,0.10590000,0.10720000,318635.20000000,1768186799999,33951.01249000,672
1768186800000,0.10730000,0.10730000,0.10600000,0.10600000,264509.80000000,1768190399999,28248.29053000,432
1768190400000,0.10600000,0.10650000,0.10540000,0.10640000,276688.10000000,1768193999999,29291.56346000,284
1768194000000,0.10630000,0.10690000,0.10600000,0.10640000,351555.00000000,1768197599999,37438.90544000,430
1768197600000,0.10640000,0.10670000,0.10560000,0.10580000,269222.00000000,1768201199999,28594.46542000,482
1768201200000,0.10590000,0.10680000,0.10530000,0.10540000,501077.20000000,1768204799999,53179.19698000,508
1768204800000,0.10530000,0.10580000,0.10390000,0.10490000,605878.80000000,1768208399999,63616.71274000,865
1768208400000,0.10480000,0.10510000,0.10430000,0.10450000,431408.10000000,1768211999999,45174.54194000,534
1768212000000,0.10450000,0.10510000,0.10430000,0.10450000,106382.80000000,1768215599999,11129.44713000,280
1768215600000,0.10460000,0.10590000,0.10460000,0.10540000,309615.20000000,1768219199999,32633.15768000,528
1768219200000,0.10540000,0.10660000,0.10530000,0.10590000,607263.10000000,1768222799999,64162.48663000,455
1768222800000,0.10590000,0.10590000,0.10460000,0.10470000,416515.00000000,1768226399999,43763.99386000,525
1768226400000,0.10470000,0.10680000,0.10470000,0.10630000,713604.50000000,1768229999999,75663.91383000,864
1768230000000,0.10630000,0.10720000,0.10630000,0.10710000,455548.30000000,1768233599999,48670.95761000,600
1768233600000,0.10720000,0.10770000,0.10670000,0.10750000,433979.90000000,1768237199999,46528.97578000,1217
1768237200000,0.10750000,0.10780000,0.10530000,0.10590000,1167201.90000000,1768240799999,123982.64690000,1477
1768240800000,0.10590000,0.10650000,0.10560000,0.10620000,396441.80000000,1768244399999,42061.88643000,527
1768244400000,0.10620000,0.10840000,0.10580000,0.10800000,439000.10000000,1768247999999,47061.95583000,560
1768248000000,0.10790000,0.10790000,0.10650000,0.10680000,411229.30000000,1768251599999,44069.72442000,808
1768251600000,0.10680000,0.10680000,0.10460000,0.10500000,1394161.20000000,1768255199999,147254.21772000,1098
1768255200000,0.10510000,0.10590000,0.10440000,0.10490000,781815.40000000,1768258799999,82149.40891000,1359
1768258800000,0.10500000,0.10540000,0.10470000,0.10510000,329245.20000000,1768262399999,34570.23312000,489
1768262400000,0.10510000,0.10600000,0.10490000,0.10590000,276783.90000000,1768265999999,29211.87357000,627
1768266000000,0.10580000,0.10590000,0.10470000,0.10520000,474386.00000000,1768269599999,49966.67779000,582
1768269600000,0.10520000,0.10670000,0.10520000,0.10550000,638327.10000000,1768273199999,67622.00591000,805
1768273200000,0.10550000,0.10610000,0.10540000,0.10570000,212671.60000000,1768276799999,22477.90302000,250
1768276800000,0.10580000,0.10580000,0.10520000,0.10570000,162008.40000000,1768280399999,17087.36209000,311
1768280400000,0.10570000,0.10620000,0.10540000,0.10540000,151947.10000000,1768283999999,16065.91347000,301
1768284000000,0.10530000,0.10620000,0.10530000,0.10590000,300898.00000000,1768287599999,31779.42067000,289
1768287600000,0.10600000,0.10600000,0.10520000,0.10530000,289675.50000000,1768291199999,30577.18434000,293
1768291200000,0.10540000,0.10660000,0.10530000,0.10650000,282886.50000000,1768294799999,30005.97613000,378
1768294800000,0.10650000,0.10690000,0.10560000,0.10600000,1792370.40000000,1768298399999,190257.04986000,1971
1768298400000,0.10600000,0.10650000,0.10590000,0.10640000,221515.20000000,1768301999999,23530.77787000,284
1768302000000,0.10630000,0.10700000,0.10600000,0.10680000,467012.40000000,1768305599999,49778.05389000,656
1768305600000,0.10670000,0.10730000,0.10640000,0.10720000,517321.70000000,1768309199999,55297.74693000,634
1768309200000,0.10720000,0.10810000,0.10690000,0.10760000,546581.80000000,1768312799999,58758.40136000,747
1768312800000,0.10750000,0.10850000,0.10720000,0.10760000,688747.10000000,1768316399999,74262.62966000,1001
1768316400000,0.10750000,0.10890000,0.10680000,0.10850000,1179883.00000000,1768319999999,127304.83345000,1559
1768320000000,0.10850000,0.10890000,0.10740000,0.10790000,651808.20000000,1768323599999,70460.52811000,797
1768323600000,0.10790000,0.10840000,0.10750000,0.10780000,466003.90000000,1768327199999,50286.50957000,559
1768327200000,0.10780000,0.10840000,0.10770000,0.10810000,273920.40000000,1768330799999,29566.90562000,466
1768330800000,0.10820000,0.10830000,0.10770000,0.10810000,204740.00000000,1768334399999,22107.15096000,379
1768334400000,0.10820000,0.10820000,0.10700000,0.10750000,248606.40000000,1768337999999,26754.12922000,316
1768338000000,0.10750000,0.10780000,0.10720000,0.10750000,275522.10000000,1768341599999,29603.93159000,290
1768341600000,0.10750000,0.11020000,0.10750000,0.10990000,776895.70000000,1768345199999,84889.71539000,830
1768345200000,0.11000000,0.11050000,0.10930000,0.10970000,609638.10000000,1768348799999,66946.44125000,862
1768348800000,0.10970000,0.11090000,0.10970000,0.11080000,904792.20000000,1768352399999,99774.32280000,855
1768352400000,0.11080000,0.11100000,0.11020000,0.11020000,471822.70000000,1768355999999,52186.22025000,459
1768356000000,0.11020000,0.11070000,0.10980000,0.11010000,452568.00000000,1768359599999,49925.67759000,486
1768359600000,0.11010000,0.11080000,0.11000000,0.11080000,575557.20000000,1768363199999,63511.03878000,410
1768363200000,0.11080000,0.11110000,0.10970000,0.11000000,589706.00000000,1768366799999,65048.28687000,500
1768366800000,0.11000000,0.11000000,0.10930000,0.10950000,646120.50000000,1768370399999,70869.17626000,607
1768370400000,0.10950000,0.10960000,0.10860000,0.10930000,588535.80000000,1768373999999,64248.06466000,771
1768374000000,0.10930000,0.10960000,0.10870000,0.10880000,467456.10000000,1768377599999,51020.74309000,477
1768377600000,0.10870000,0.10940000,0.10870000,0.10890000,306870.20000000,1768381199999,33468.96599000,354
1768381200000,0.10890000,0.11070000,0.10890000,0.11010000,1130507.50000000,1768384799999,124380.75305000,1045
1768384800000,0.11020000,0.11040000,0.10950000,0.10970000,287256.50000000,1768388399999,31569.85999000,392
1768388400000,0.10970000,0.10970000,0.10870000,0.10960000,530292.60000000,1768391999999,57941.09548000,501
1768392000000,0.10970000,0.11030000,0.10930000,0.10950000,441271.30000000,1768395599999,48429.24562000,559
1768395600000,0.10940000,0.10940000,0.10790000,0.10820000,519033.00000000,1768399199999,56435.23027000,520
1768399200000,0.10820000,0.10960000,0.10820000,0.10920000,1358880.90000000,1768402799999,147911.16889000,1062
1768402800000,0.10920000,0.10980000,0.10860000,0.10890000,894655.70000000,1768406399999,97744.38500000,843
1768406400000,0.10900000,0.10980000,0.10830000,0.10860000,1081707.20000000,1768409999999,118148.81904000,1109
1768410000000,0.10860000,0.10890000,0.10670000,0.10720000,1921470.80000000,1768413599999,207616.87925000,1678
1768413600000,0.10720000,0.10760000,0.10550000,0.10630000,1318571.60000000,1768417199999,140435.79800000,2231
1768417200000,0.10620000,0.10780000,0.10580000,0.10720000,745928.50000000,1768420799999,79667.44525000,1223
1768420800000,0.10730000,0.10810000,0.10700000,0.10740000,353470.40000000,1768424399999,38010.60389000,567
1768424400000,0.10730000,0.10830000,0.10720000,0.10800000,334470.00000000,1768427999999,36114.00796000,534
1768428000000,0.10800000,0.10800000,0.10590000,0.10620000,893267.10000000,1768431599999,95318.39439000,838
1768431600000,0.10630000,0.10670000,0.10610000,0.10640000,277113.90000000,1768435199999,29480.46420000,400
1768435200000,0.10640000,0.10690000,0.10610000,0.10690000,269194.30000000,1768438799999,28700.12210000,321
1768438800000,0.10690000,0.10760000,0.10630000,0.10650000,1034780.90000000,1768442399999,110532.26231000,1182
1768442400000,0.10650000,0.10670000,0.10560000,0.10600000,594071.00000000,1768445999999,63070.03428000,624
1768446000000,0.10590000,0.10640000,0.10420000,0.10440000,1103973.90000000,1768449599999,115855.97107000,1398
1768449600000,0.10430000,0.10510000,0.10380000,0.10490000,908151.70000000,1768453199999,94858.79334000,976
1768453200000,0.10480000,0.10580000,0.10480000,0.10570000,358188.50000000,1768456799999,37803.84013000,507
1768456800000,0.10560000,0.10640000,0.10540000,0.10630000,349330.20000000,1768460399999,36969.97513000,502
1768460400000,0.10620000,0.10720000,0.10620000,0.10710000,436506.50000000,1768463999999,46657.89922000,553
1768464000000,0.10700000,0.10760000,0.10620000,0.10760000,700043.70000000,1768467599999,74691.08868000,738
1768467600000,0.10760000,0.10780000,0.10640000,0.10700000,478211.00000000,1768471199999,51145.94744000,561
1768471200000,0.10710000,0.10740000,0.10660000,0.10680000,277618.10000000,1768474799999,29708.86669000,366
1768474800000,0.10670000,0.10680000,0.10560000,0.10590000,506356.70000000,1768478399999,53731.52577000,567
1768478400000,0.10600000,0.10650000,0.10560000,0.10620000,172714.40000000,1768481999999,18318.37498000,309
1768482000000,0.10620000,0.10660000,0.10600000,0.10620000,297363.60000000,1768485599999,31622.73129000,320
1768485600000,0.10610000,0.10620000,0.10480000,0.10520000,998468.50000000,1768489199999,105263.38087000,971
1768489200000,0.10530000,0.10550000,0.10220000,0.10390000,1970489.40000000,1768492799999,204409.21435000,2628
1768492800000,0.10380000,0.10400000,0.10290000,0.10380000,677847.40000000,1768496399999,70160.66342000,775
1768496400000,0.10370000,0.10410000,0.10230000,0.10250000,913943.60000000,1768499999999,94331.94637000,1109
1768500000000,0.10260000,0.10270000,0.10000000,0.10030000,2550474.10000000,1768503599999,257862.52940000,3316
1768503600000,0.10030000,0.10080000,0.09950000,0.10070000,988912.00000000,1768507199999,99016.44666000,1609
1768507200000,0.10070000,0.10120000,0.09950000,0.10020000,353207.90000000,1768510799999,35492.04425000,503
1768510800000,0.10020000,0.10090000,0.10020000,0.10090000,293106.60000000,1768514399999,29470.29292000,378
1768514400000,0.10080000,0.10150000,0.10060000,0.10140000,274829.90000000,1768517999999,27818.05286000,487
1768518000000,0.10140000,0.10210000,0.10120000,0.10200000,200139.60000000,1768521599999,20343.06402000,281
1768521600000,0.10200000,0.10220000,0.10140000,0.10170000,208893.30000000,1768525199999,21268.11980000,305
1768525200000,0.10180000,0.10180000,0.10120000,0.10150000,358344.00000000,1768528799999,36410.18678000,420
1768528800000,0.10150000,0.10220000,0.10080000,0.10180000,1047460.70000000,1768532399999,106464.52765000,1153
1768532400000,0.10190000,0.10230000,0.10170000,0.10210000,528623.50000000,1768535999999,53924.87431000,551
1768536000000,0.10220000,0.10270000,0.10090000,0.10140000,603131.10000000,1768539599999,61435.46275000,869
1768539600000,0.10140000,0.10250000,0.10100000,0.10220000,552009.80000000,1768543199999,56170.41726000,941
1768543200000,0.10210000,0.10230000,0.10150000,0.10220000,457114.80000000,1768546799999,46591.16421000,785
1768546800000,0.10220000,0.10250000,0.10180000,0.10190000,424475.30000000,1768550399999,43396.70132000,582
1768550400000,0.10200000,0.10260000,0.10190000,0.10240000,254178.60000000,1768553999999,26019.96360000,432
1768554000000,0.10230000,0.10230000,0.10190000,0.10210000,77921.70000000,1768557599999,7957.73563000,187
1768557600000,0.10210000,0.10220000,0.10170000,0.10210000,216100.60000000,1768561199999,22025.72477000,250
1768561200000,0.10210000,0.10310000,0.10210000,0.10300000,353245.80000000,1768564799999,36258.41350000,505
1768564800000,0.10310000,0.10320000,0.10220000,0.10230000,217860.00000000,1768568399999,22340.52134000,300
1768568400000,0.10240000,0.10290000,0.10210000,0.10290000,157056.60000000,1768571999999,16101.46744000,266
1768572000000,0.10290000,0.10290000,0.10220000,0.10230000,496515.20000000,1768575599999,50949.19205000,476
1768575600000,0.10220000,0.10260000,0.09890000,0.10000000,1542122.40000000,1768579199999,154707.35497000,1850
1768579200000,0.10000000,0.10300000,0.09990000,0.10210000,898145.10000000,1768582799999,91436.08692000,1243
1768582800000,0.10210000,0.10270000,0.10180000,0.10250000,295630.10000000,1768586399999,30215.40151000,414
1768586400000,0.10250000,0.10290000,0.10250000,0.10270000,321156.60000000,1768589999999,32988.70541000,526
1768590000000,0.10270000,0.10320000,0.10250000,0.10310000,184357.00000000,1768593599999,18948.72128000,252
1768593600000,0.10300000,0.10400000,0.10240000,0.10390000,564689.80000000,1768597199999,58340.48523000,652
1768597200000,0.10400000,0.10430000,0.10380000,0.10400000,352732.90000000,1768600799999,36701.96688000,484
1768600800000,0.10400000,0.10460000,0.10390000,0.10430000,274882.50000000,1768604399999,28661.20122000,575
1768604400000,0.10440000,0.10500000,0.10430000,0.10480000,355273.00000000,1768607999999,37188.99585000,493
1768608000000,0.10480000,0.10530000,0.10440000,0.10510000,313094.90000000,1768611599999,32812.32335000,501
1768611600000,0.10510000,0.10650000,0.10500000,0.10600000,774308.00000000,1768615199999,82057.90479000,1179
1768615200000,0.10600000,0.10680000,0.10520000,0.10540000,1010519.70000000,1768618799999,107218.71574000,1329
1768618800000,0.10550000,0.10590000,0.10530000,0.10550000,315188.30000000,1768622399999,33294.32378000,427
1768622400000,0.10540000,0.10590000,0.10510000,0.10560000,185023.40000000,1768625999999,19529.83034000,330
1768626000000,0.10560000,0.10640000,0.10560000,0.10590000,345744.30000000,1768629599999,36646.31120000,633
1768629600000,0.10600000,0.10630000,0.10580000,0.10590000,183105.60000000,1768633199999,19422.10571000,338
1768633200000,0.10580000,0.10580000,0.10510000,0.10570000,397981.60000000,1768636799999,41965.79209000,575
1768636800000,0.10580000,0.10600000,0.10550000,0.10580000,262080.70000000,1768640399999,27725.37169000,391
1768640400000,0.10580000,0.10590000,0.10480000,0.10500000,261552.90000000,1768643999999,27536.75192000,287
1768644000000,0.10490000,0.10500000,0.10400000,0.10420000,230359.60000000,1768647599999,24073.01870000,296
1768647600000,0.10420000,0.10460000,0.10380000,0.10420000,499212.10000000,1768651199999,52042.94036000,646
1768651200000,0.10410000,0.10450000,0.10380000,0.10430000,112838.50000000,1768654799999,11761.11905000,256
1768654800000,0.10430000,0.10450000,0.10340000,0.10340000,341031.70000000,1768658399999,35454.76483000,541
1768658400000,0.10330000,0.10400000,0.10300000,0.10380000,275420.20000000,1768661999999,28498.03652000,573
1768662000000,0.10390000,0.10440000,0.10360000,0.10360000,185106.30000000,1768665599999,19234.66417000,380
1768665600000,0.10360000,0.10390000,0.10220000,0.10260000,519485.80000000,1768669199999,53507.65311000,511
1768669200000,0.10260000,0.10330000,0.10220000,0.10230000,292458.40000000,1768672799999,30079.79949000,507
1768672800000,0.10240000,0.10270000,0.10180000,0.10230000,432576.70000000,1768676399999,44237.22156000,497
1768676400000,0.10230000,0.10250000,0.10170000,0.10200000,149305.10000000,1768679999999,15250.59651000,204
1768680000000,0.10210000,0.10240000,0.10170000,0.10230000,326664.20000000,1768683599999,33335.10526000,356
1768683600000,0.10230000,0.10240000,0.10180000,0.10220000,139118.20000000,1768687199999,14205.72639000,208
1768687200000,0.10230000,0.10300000,0.10160000,0.10230000,740338.70000000,1768690799999,75517.60126000,760
1768690800000,0.10220000,0.10260000,0.10140000,0.10150000,659401.90000000,1768694399999,67255.15170000,884
1768694400000,0.10140000,0.10230000,0.10100000,0.10150000,306887.70000000,1768697999999,31200.03489000,510
1768698000000,0.10160000,0.10180000,0.10020000,0.10090000,600766.40000000,1768701599999,60668.95513000,1028
1768701600000,0.10100000,0.10180000,0.10090000,0.10160000,646600.30000000,1768705199999,65475.55588000,762
1768705200000,0.10160000,0.10190000,0.10110000,0.10120000,372975.90000000,1768708799999,37867.00656000,523
1768708800000,0.10120000,0.10160000,0.10070000,0.10130000,273509.60000000,1768712399999,27661.92497000,300
1768712400000,0.10130000,0.10160000,0.10100000,0.10150000,188390.30000000,1768715999999,19087.06341000,315
1768716000000,0.10140000,0.10170000,0.10080000,0.10160000,836678.20000000,1768719599999,84702.11754000,823
1768719600000,0.10160000,0.10160000,0.10080000,0.10100000,342663.40000000,1768723199999,34654.27114000,487
1768723200000,0.10100000,0.10220000,0.10070000,0.10160000,354016.10000000,1768726799999,35911.22319000,497
1768726800000,0.10160000,0.10200000,0.10140000,0.10190000,508064.90000000,1768730399999,51696.46030000,646
1768730400000,0.10200000,0.10300000,0.10150000,0.10290000,340551.50000000,1768733999999,34794.37849000,356
1768734000000,0.10290000,0.10440000,0.10270000,0.10400000,696634.70000000,1768737599999,72260.85065000,862
1768737600000,0.10400000,0.10410000,0.10270000,0.10300000,417159.80000000,1768741199999,43152.96154000,647
1768741200000,0.10290000,0.10330000,0.10250000,0.10270000,567741.30000000,1768744799999,58441.30034000,646
1768744800000,0.10280000,0.10320000,0.10140000,0.10180000,1859689.10000000,1768748399999,190408.77687000,2463
1768748400000,0.10180000,0.10340000,0.10170000,0.10330000,544903.90000000,1768751999999,55948.10617000,823
1768752000000,0.10340000,0.10440000,0.10310000,0.10310000,1054301.30000000,1768755599999,109431.66649000,1314
1768755600000,0.10310000,0.10330000,0.10260000,0.10330000,272649.60000000,1768759199999,28069.90837000,426
1768759200000,0.10330000,0.10370000,0.10310000,0.10340000,238411.80000000,1768762799999,24646.90511000,490
1768762800000,0.10350000,0.10420000,0.10330000,0.10390000,882453.20000000,1768766399999,91526.04515000,858
1768766400000,0.10400000,0.10460000,0.10340000,0.10430000,288388.20000000,1768769999999,30011.21826000,339
1768770000000,0.10420000,0.10610000,0.10410000,0.10550000,1233210.80000000,1768773599999,129557.43780000,1551
1768773600000,0.10560000,0.10660000,0.10450000,0.10560000,1945645.20000000,1768777199999,205515.29388000,2478
1768777200000,0.10560000,0.10560000,0.10130000,0.10150000,2273124.90000000,1768780799999,235387.25756000,2375
1768780800000,0.10150000,0.10150000,0.07820000,0.08970000,17520867.80000000,1768784399999,1555661.41288000,23610
1768784400000,0.08970000,0.09060000,0.08890000,0.09030000,1103797.20000000,1768787999999,99233.01026000,1480
1768788000000,0.09030000,0.09130000,0.09010000,0.09030000,448334.80000000,1768791599999,40644.02554000,891
1768791600000,0.09030000,0.09050000,0.08950000,0.09020000,781468.50000000,1768795199999,70409.47787000,1148
1768795200000,0.09020000,0.09050000,0.08830000,0.08860000,800166.90000000,1768798799999,71503.30724000,1369
1768798800000,0.08860000,0.08860000,0.08740000,0.08760000,1243022.50000000,1768802399999,109232.25749000,1700
1768802400000,0.08770000,0.08830000,0.08700000,0.08780000,844590.10000000,1768805999999,74089.89729000,1141
1768806000000,0.08790000,0.08900000,0.08790000,0.08880000,347417.00000000,1768809599999,30764.79290000,543
1768809600000,0.08880000,0.08930000,0.08860000,0.08870000,464523.80000000,1768813199999,41322.91435000,626
1768813200000,0.08870000,0.08900000,0.08820000,0.08860000,660191.20000000,1768816799999,58534.81698000,655
1768816800000,0.08860000,0.08890000,0.08760000,0.08780000,678990.70000000,1768820399999,59897.38072000,1092
1768820400000,0.08790000,0.08900000,0.08780000,0.08850000,685593.70000000,1768823999999,60743.83932000,903
1768824000000,0.08860000,0.09020000,0.08840000,0.09000000,989628.20000000,1768827599999,88396.78915000,1310
1768827600000,0.08990000,0.09150000,0.08980000,0.09040000,1064474.20000000,1768831199999,96592.66237000,1318
1768831200000,0.09050000,0.09160000,0.09030000,0.09100000,810293.20000000,1768834799999,73802.79240000,1266
1768834800000,0.09100000,0.09140000,0.09020000,0.09050000,526468.80000000,1768838399999,47663.19602000,778
1768838400000,0.09040000,0.09090000,0.09030000,0.09050000,295338.50000000,1768841999999,26740.68067000,542
1768842000000,0.09050000,0.09070000,0.08990000,0.09010000,263222.30000000,1768845599999,23758.97041000,414
1768845600000,0.09020000,0.09060000,0.08980000,0.09050000,173169.70000000,1768849199999,15600.45166000,236
1768849200000,0.09070000,0.09140000,0.09050000,0.09140000,614361.80000000,1768852799999,55768.39348000,564
1768852800000,0.09140000,0.09170000,0.09000000,0.09010000,390240.30000000,1768856399999,35497.03575000,488
1768856400000,0.09010000,0.09020000,0.08910000,0.08920000,339131.60000000,1768859999999,30407.55364000,616
1768860000000,0.08930000,0.09040000,0.08920000,0.08930000,294507.00000000,1768863599999,26442.37911000,446
1768863600000,0.08940000,0.08980000,0.08870000,0.08920000,451433.80000000,1768867199999,40257.21040000,622
1768867200000,0.08910000,0.08980000,0.08900000,0.08950000,261829.30000000,1768870799999,23389.82514000,355
1768870800000,0.08950000,0.09020000,0.08890000,0.08990000,119621.50000000,1768874399999,10709.92077000,204
1768874400000,0.08980000,0.09070000,0.08940000,0.09050000,268014.20000000,1768877999999,24154.12745000,387
1768878000000,0.09050000,0.09060000,0.08930000,0.08990000,97228.80000000,1768881599999,8722.31961000,200
1768881600000,0.08980000,0.09020000,0.08940000,0.08980000,328864.30000000,1768885199999,29538.23498000,494
1768885200000,0.08980000,0.09020000,0.08910000,0.08920000,253004.10000000,1768888799999,22665.30588000,380
1768888800000,0.08920000,0.08970000,0.08830000,0.08850000,466139.20000000,1768892399999,41449.31468000,728
1768892400000,0.08860000,0.08880000,0.08780000,0.08800000,350204.90000000,1768895999999,30940.89989000,455
1768896000000,0.08800000,0.08840000,0.08640000,0.08720000,988529.30000000,1768899599999,86262.04391000,1099
1768899600000,0.08710000,0.08750000,0.08490000,0.08550000,3307588.50000000,1768903199999,284061.90388000,2963
1768903200000,0.08550000,0.08620000,0.08510000,0.08560000,648184.40000000,1768906799999,55530.32889000,824
1768906800000,0.08560000,0.08610000,0.08410000,0.08470000,462748.90000000,1768910399999,39303.84583000,727
1768910400000,0.08470000,0.08640000,0.08470000,0.08570000,481726.50000000,1768913999999,41381.45201000,690
1768914000000,0.08570000,0.08580000,0.08370000,0.08410000,1215139.20000000,1768917599999,102923.09641000,1492
1768917600000,0.08410000,0.08590000,0.08390000,0.08570000,714384.50000000,1768921199999,60622.39834000,1061
1768921200000,0.08570000,0.08580000,0.08470000,0.08570000,1148143.00000000,1768924799999,97985.72852000,1414
1768924800000,0.08570000,0.08590000,0.08420000,0.08480000,541006.50000000,1768928399999,45956.96985000,642
1768928400000,0.08470000,0.08540000,0.08360000,0.08390000,519002.40000000,1768931999999,43800.36811000,605
1768932000000,0.08390000,0.08420000,0.08270000,0.08290000,423532.00000000,1768935599999,35248.21691000,621
1768935600000,0.08290000,0.08320000,0.08210000,0.08250000,279440.90000000,1768939199999,23067.10982000,404
1768939200000,0.08250000,0.08350000,0.08250000,0.08330000,403108.30000000,1768942799999,33495.02509000,686
1768942800000,0.08340000,0.08350000,0.08230000,0.08230000,178971.60000000,1768946399999,14854.10826000,331
1768946400000,0.08230000,0.08270000,0.08070000,0.08260000,691205.70000000,1768949999999,56575.27244000,1029
1768950000000,0.08260000,0.08370000,0.08230000,0.08310000,989071.00000000,1768953599999,82237.17418000,723
1768953600000,0.08300000,0.08400000,0.08260000,0.08400000,278973.00000000,1768957199999,23223.22728000,300
1768957200000,0.08410000,0.08520000,0.08410000,0.08510000,269023.30000000,1768960799999,22846.68815000,374
1768960800000,0.08520000,0.08550000,0.08500000,0.08540000,227292.70000000,1768964399999,19379.48366000,298
1768964400000,0.08540000,0.08540000,0.08470000,0.08480000,163688.50000000,1768967999999,13938.37977000,267
1768968000000,0.08470000,0.08500000,0.08440000,0.08500000,184794.80000000,1768971599999,15652.56601000,334
1768971600000,0.08500000,0.08530000,0.08460000,0.08520000,132927.70000000,1768975199999,11295.79280000,214
1768975200000,0.08510000,0.08520000,0.08480000,0.08490000,88605.60000000,1768978799999,7536.14718000,190
1768978800000,0.08480000,0.08560000,0.08480000,0.08530000,192902.50000000,1768982399999,16452.68221000,270
1768982400000,0.08530000,0.08560000,0.08450000,0.08500000,237020.70000000,1768985999999,20122.45884000,333
1768986000000,0.08510000,0.08530000,0.08460000,0.08460000,189096.30000000,1768989599999,16089.59059000,259
1768989600000,0.08460000,0.08510000,0.08330000,0.08340000,2194685.50000000,1768993199999,185877.93942000,1515
1768993200000,0.08340000,0.08410000,0.08330000,0.08380000,680996.70000000,1768996799999,56953.47659000,1151
1768996800000,0.08380000,0.08400000,0.08270000,0.08370000,533108.80000000,1769000399999,44447.89780000,1138
1769000400000,0.08380000,0.08470000,0.08320000,0.08360000,761064.50000000,1769003999999,63899.26526000,684
1769004000000,0.08350000,0.08510000,0.08350000,0.08500000,1263204.60000000,1769007599999,106579.97430000,1855
1769007600000,0.08490000,0.08560000,0.08460000,0.08550000,558515.60000000,1769011199999,47492.90809000,615
1769011200000,0.08550000,0.08580000,0.08240000,0.08270000,1050905.90000000,1769014799999,88518.42452000,1321
1769014800000,0.08270000,0.08320000,0.08180000,0.08320000,559913.70000000,1769018399999,46294.93278000,779
1769018400000,0.08310000,0.08470000,0.08310000,0.08440000,921356.50000000,1769021999999,77403.51611000,877
1769022000000,0.08430000,0.08670000,0.08390000,0.08670000,1058954.40000000,1769025599999,90228.24383000,1624
1769025600000,0.08670000,0.08670000,0.08570000,0.08640000,271688.30000000,1769029199999,23378.32929000,526
1769029200000,0.08640000,0.08690000,0.08610000,0.08660000,551164.40000000,1769032799999,47721.28616000,751
1769032800000,0.08660000,0.08680000,0.08570000,0.08590000,137924.40000000,1769036399999,11923.26186000,244
1769036400000,0.08580000,0.08590000,0.08470000,0.08490000,313036.00000000,1769039999999,26697.86796000,511
1769040000000,0.08500000,0.08540000,0.08480000,0.08510000,275273.80000000,1769043599999,23392.87496000,282
1769043600000,0.08510000,0.08600000,0.08510000,0.08590000,131608.70000000,1769047199999,11266.76044000,147
1769047200000,0.08580000,0.08610000,0.08550000,0.08550000,121437.70000000,1769050799999,10414.40145000,168
1769050800000,0.08550000,0.08570000,0.08450000,0.08460000,179065.20000000,1769054399999,15205.47075000,250
1769054400000,0.08470000,0.08490000,0.08450000,0.08460000,162789.20000000,1769057999999,13796.11513000,186
1769058000000,0.08450000,0.08460000,0.08370000,0.08420000,537956.00000000,1769061599999,45317.81142000,460
1769061600000,0.08440000,0.08470000,0.08390000,0.08440000,331716.80000000,1769065199999,27973.69904000,413
1769065200000,0.08440000,0.08440000,0.08380000,0.08380000,250756.70000000,1769068799999,21077.27651000,314
1769068800000,0.08390000,0.08390000,0.08310000,0.08340000,602894.60000000,1769072399999,50304.35308000,422
1769072400000,0.08340000,0.08380000,0.08320000,0.08350000,551405.00000000,1769075999999,46052.51377000,400
1769076000000,0.08350000,0.08370000,0.08320000,0.08370000,149781.90000000,1769079599999,12489.41913000,150
1769079600000,0.08360000,0.08390000,0.08320000,0.08380000,282114.30000000,1769083199999,23561.97900000,369
1769083200000,0.08380000,0.08390000,0.08330000,0.08340000,213527.30000000,1769086799999,17857.08870000,272
1769086800000,0.08340000,0.08390000,0.08240000,0.08320000,1037216.40000000,1769090399999,86411.17836000,958
1769090400000,0.08310000,0.08410000,0.08280000,0.08310000,1354781.50000000,1769093999999,112766.64864000,915
1769094000000,0.08300000,0.08550000,0.08240000,0.08420000,1737191.60000000,1769097599999,145501.18541000,2397
1769097600000,0.08420000,0.08490000,0.08380000,0.08470000,577137.30000000,1769101199999,48791.55536000,602
1769101200000,0.08470000,0.08590000,0.08460000,0.08590000,646131.10000000,1769104799999,55078.23271000,908
1769104800000,0.08590000,0.08590000,0.08460000,0.08460000,600184.20000000,1769108399999,51239.60739000,705
1769108400000,0.08450000,0.08460000,0.08380000,0.08450000,266322.50000000,1769111999999,22445.68311000,400
1769112000000,0.08440000,0.08440000,0.08360000,0.08380000,490897.20000000,1769115599999,41187.84504000,511
1769115600000,0.08390000,0.08420000,0.08360000,0.08390000,186141.90000000,1769119199999,15622.61612000,303
1769119200000,0.08390000,0.08390000,0.08300000,0.08360000,312562.20000000,1769122799999,26083.41854000,371
1769122800000,0.08360000,0.08370000,0.08290000,0.08320000,276270.90000000,1769126399999,22996.33540000,306
1769126400000,0.08320000,0.08330000,0.08280000,0.08300000,253559.60000000,1769129999999,21065.68054000,341
1769130000000,0.08300000,0.08440000,0.08300000,0.08430000,329860.00000000,1769133599999,27606.43360000,388
1769133600000,0.08430000,0.08480000,0.08340000,0.08390000,431898.90000000,1769137199999,36338.47158000,669
1769137200000,0.08380000,0.08490000,0.08380000,0.08450000,216029.90000000,1769140799999,18267.90636000,323
1769140800000,0.08450000,0.08530000,0.08420000,0.08500000,206587.60000000,1769144399999,17536.10306000,279
1769144400000,0.08500000,0.08590000,0.08480000,0.08590000,262374.30000000,1769147999999,22421.44013000,356
1769148000000,0.08580000,0.08660000,0.08550000,0.08560000,452402.20000000,1769151599999,38929.24716000,615
1769151600000,0.08570000,0.08690000,0.08540000,0.08650000,540050.40000000,1769155199999,46547.27493000,722
1769155200000,0.08650000,0.08830000,0.08610000,0.08650000,1777371.10000000,1769158799999,154829.31882000,1830
1769158800000,0.08650000,0.08760000,0.08600000,0.08650000,1383164.50000000,1769162399999,120181.44118000,1545
1769162400000,0.08640000,0.08770000,0.08600000,0.08630000,1312729.90000000,1769165999999,114214.94976000,1417
1769166000000,0.08630000,0.08810000,0.08630000,0.08660000,1809180.60000000,1769169599999,157887.61619000,1754
1769169600000,0.08670000,0.08750000,0.08640000,0.08650000,699516.60000000,1769173199999,60755.29827000,853
1769173200000,0.08660000,0.08720000,0.08590000,0.08640000,436510.20000000,1769176799999,37683.71296000,550
1769176800000,0.08640000,0.08690000,0.08290000,0.08480000,2512387.10000000,1769180399999,213049.24062000,2583
1769180400000,0.08470000,0.08570000,0.08380000,0.08560000,630237.60000000,1769183999999,53455.34240000,833
1769184000000,0.08570000,0.08720000,0.08530000,0.08660000,577972.40000000,1769187599999,49895.13569000,685
1769187600000,0.08650000,0.08960000,0.08590000,0.08770000,1302351.80000000,1769191199999,114866.58356000,1385
1769191200000,0.08760000,0.08820000,0.08720000,0.08740000,216071.80000000,1769194799999,18953.33785000,277
1769194800000,0.08730000,0.08730000,0.08550000,0.08590000,471806.20000000,1769198399999,40746.36994000,471
1769198400000,0.08590000,0.08600000,0.08420000,0.08440000,497023.20000000,1769201999999,42261.43675000,734
1769202000000,0.08440000,0.08520000,0.08440000,0.08490000,370425.60000000,1769205599999,31464.53978000,436
1769205600000,0.08490000,0.08570000,0.08470000,0.08550000,191322.20000000,1769209199999,16283.57533000,309
1769209200000,0.08560000,0.08660000,0.08540000,0.08560000,725937.80000000,1769212799999,62492.40112000,1013
1769212800000,0.08550000,0.08700000,0.08530000,0.08650000,1346576.20000000,1769216399999,116243.22560000,1323
1769216400000,0.08650000,0.08890000,0.08610000,0.08870000,1173446.20000000,1769219999999,103206.85193000,1164
1769220000000,0.08880000,0.08930000,0.08800000,0.08890000,695465.80000000,1769223599999,61723.88748000,732
1769223600000,0.08900000,0.09100000,0.08840000,0.09030000,1283924.30000000,1769227199999,115632.22974000,1425
1769227200000,0.09020000,0.09200000,0.08920000,0.09100000,2165398.00000000,1769230799999,196516.37421000,1979
1769230800000,0.09090000,0.09110000,0.08990000,0.09070000,903423.60000000,1769234399999,81771.52472000,999
1769234400000,0.09060000,0.09220000,0.08980000,0.09010000,1597083.20000000,1769237999999,145616.77129000,1880
1769238000000,0.09000000,0.09080000,0.08900000,0.08950000,1547349.20000000,1769241599999,138810.05272000,1438
1769241600000,0.08940000,0.09040000,0.08920000,0.09040000,706878.60000000,1769245199999,63680.12716000,792
1769245200000,0.09030000,0.09070000,0.08940000,0.08950000,508494.10000000,1769248799999,45749.75947000,675
1769248800000,0.08930000,0.08940000,0.08800000,0.08890000,878790.20000000,1769252399999,77867.60774000,885
1769252400000,0.08890000,0.09060000,0.08800000,0.08930000,1936499.90000000,1769255999999,173198.97059000,1996
1769256000000,0.08910000,0.08960000,0.08870000,0.08890000,442703.30000000,1769259599999,39466.21298000,515
1769259600000,0.08900000,0.08920000,0.08810000,0.08840000,659899.30000000,1769263199999,58464.49450000,607
1769263200000,0.08850000,0.09020000,0.08820000,0.08980000,1679351.80000000,1769266799999,149699.71569000,1695
1769266800000,0.08980000,0.09070000,0.08850000,0.08930000,1687029.40000000,1769270399999,151334.57791000,1589
1769270400000,0.08930000,0.08960000,0.08730000,0.08830000,1581297.50000000,1769273999999,139651.49292000,1000
1769274000000,0.08840000,0.08900000,0.08800000,0.08870000,802120.40000000,1769277599999,71036.17032000,515
1769277600000,0.08870000,0.08970000,0.08850000,0.08850000,1472752.50000000,1769281199999,131158.37114000,710
1769281200000,0.08850000,0.09010000,0.08820000,0.08920000,768972.90000000,1769284799999,68602.94567000,781
1769284800000,0.08930000,0.09060000,0.08930000,0.09010000,1151937.80000000,1769288399999,103682.73503000,1087
1769288400000,0.09000000,0.09000000,0.08960000,0.08980000,85519.00000000,1769291999999,7675.60399000,110
1769292000000,0.08980000,0.09030000,0.08970000,0.09030000,346296.00000000,1769295599999,31145.84071000,761
1769295600000,0.09040000,0.09360000,0.09040000,0.09260000,4725410.50000000,1769299199999,437276.24922000,7584
1769299200000,0.09250000,0.09350000,0.09130000,0.09300000,3264519.50000000,1769302799999,302278.97600000,3601
1769302800000,0.09300000,0.09570000,0.09290000,0.09540000,2411002.30000000,1769306399999,226463.71993000,2505
1769306400000,0.09530000,0.09890000,0.09510000,0.09690000,4445361.80000000,1769309999999,431279.72063000,8425
1769310000000,0.09690000,0.09780000,0.09430000,0.09500000,2493493.80000000,1769313599999,239067.74683000,3314
1769313600000,0.09500000,0.09560000,0.09380000,0.09520000,991796.20000000,1769317199999,93925.55684000,1423
1769317200000,0.09520000,0.09600000,0.09370000,0.09520000,1171292.70000000,1769320799999,110884.92749000,1581
1769320800000,0.09520000,0.09620000,0.09380000,0.09410000,1201995.20000000,1769324399999,114357.29044000,1525
1769324400000,0.09420000,0.09700000,0.09400000,0.09630000,2830627.00000000,1769327999999,271041.84621000,2905
1769328000000,0.09630000,0.10060000,0.09600000,0.10000000,5492470.90000000,1769331599999,543449.93932000,4545
1769331600000,0.10010000,0.10150000,0.09660000,0.10030000,7970117.00000000,1769335199999,788743.39373000,7688
1769335200000,0.10020000,0.10300000,0.09910000,0.09950000,6364377.50000000,1769338799999,641418.75669000,5695
1769338800000,0.09960000,0.10070000,0.09780000,0.09900000,2859148.80000000,1769342399999,282801.53361000,2739
1769342400000,0.09890000,0.09890000,0.09480000,0.09630000,2725261.00000000,1769345999999,263078.12381000,2749
1769346000000,0.09630000,0.09780000,0.09580000,0.09610000,2115257.30000000,1769349599999,204281.06862000,2003
1769349600000,0.09610000,0.09650000,0.09200000,0.09230000,3578229.20000000,1769353199999,334943.61347000,2592
1769353200000,0.09240000,0.09370000,0.09210000,0.09280000,1487815.80000000,1769356799999,138116.61836000,1685
1769356800000,0.09270000,0.09280000,0.08900000,0.09030000,4268672.70000000,1769360399999,385631.62661000,5237
1769360400000,0.09030000,0.09080000,0.08810000,0.08870000,2875824.50000000,1769363999999,256434.85450000,3259
1769364000000,0.08860000,0.08900000,0.08730000,0.08830000,1766457.00000000,1769367599999,155473.57614000,3004
1769367600000,0.08830000,0.08840000,0.08460000,0.08520000,1929422.10000000,1769371199999,166072.21131000,2905
1769371200000,0.08520000,0.08550000,0.08460000,0.08530000,885673.40000000,1769374799999,75399.38026000,848
1769374800000,0.08530000,0.08590000,0.08500000,0.08560000,492379.20000000,1769378399999,42056.01348000,1033
1769378400000,0.08560000,0.08570000,0.08390000,0.08430000,772028.30000000,1769381999999,65314.27831000,1296
1769382000000,0.08430000,0.08540000,0.08390000,0.08530000,574486.40000000,1769385599999,48709.14857000,988
1769385600000,0.08520000,0.08650000,0.08490000,0.08630000,813450.50000000,1769389199999,69801.93053000,850
1769389200000,0.08640000,0.08730000,0.08640000,0.08670000,834369.10000000,1769392799999,72484.52186000,1428
1769392800000,0.08680000,0.08690000,0.08560000,0.08650000,470704.70000000,1769396399999,40617.95964000,524
1769396400000,0.08660000,0.08710000,0.08530000,0.08570000,665156.00000000,1769399999999,57246.89593000,573
1769400000000,0.08570000,0.08830000,0.08570000,0.08790000,751383.50000000,1769403599999,65621.78073000,924
1769403600000,0.08800000,0.08860000,0.08640000,0.08660000,727485.60000000,1769407199999,63742.46584000,1082
1769407200000,0.08670000,0.08690000,0.08590000,0.08620000,361777.40000000,1769410799999,31177.97386000,595
1769410800000,0.08610000,0.08660000,0.08560000,0.08610000,326185.50000000,1769414399999,28094.57333000,604
1769414400000,0.08610000,0.08680000,0.08560000,0.08660000,487892.20000000,1769417999999,42117.03305000,873
1769418000000,0.08670000,0.08720000,0.08630000,0.08710000,394727.60000000,1769421599999,34213.51733000,538
1769421600000,0.08720000,0.08980000,0.08720000,0.08950000,1133932.20000000,1769425199999,100532.57970000,1651
1769425200000,0.08960000,0.08990000,0.08830000,0.08850000,765199.70000000,1769428799999,68261.06679000,1074
1769428800000,0.08860000,0.08860000,0.08780000,0.08800000,388160.80000000,1769432399999,34245.23396000,451
1769432400000,0.08790000,0.08860000,0.08750000,0.08820000,668920.90000000,1769435999999,58881.14152000,821
1769436000000,0.08820000,0.08830000,0.08710000,0.08790000,552806.40000000,1769439599999,48496.00569000,1380
1769439600000,0.08790000,0.08920000,0.08710000,0.08780000,989170.10000000,1769443199999,87124.89747000,1112
1769443200000,0.08790000,0.08850000,0.08680000,0.08790000,522998.90000000,1769446799999,45828.80781000,643
1769446800000,0.08790000,0.08820000,0.08670000,0.08790000,508314.60000000,1769450399999,44475.00961000,566
1769450400000,0.08780000,0.08810000,0.08720000,0.08770000,311596.50000000,1769453999999,27312.29423000,303
1769454000000,0.08780000,0.08810000,0.08680000,0.08700000,323006.90000000,1769457599999,28222.58415000,372
1769457600000,0.08710000,0.08730000,0.08640000,0.08680000,219687.00000000,1769461199999,19101.09026000,254
1769461200000,0.08680000,0.08830000,0.08660000,0.08830000,382964.10000000,1769464799999,33479.77434000,457
1769464800000,0.08840000,0.08900000,0.08830000,0.08870000,308274.20000000,1769468399999,27325.77220000,405
1769468400000,0.08870000,0.08940000,0.08830000,0.08870000,386846.40000000,1769471999999,34401.20314000,557
1769472000000,0.08870000,0.08870000,0.08750000,0.08800000,547470.20000000,1769475599999,48090.75291000,618
1769475600000,0.08800000,0.08820000,0.08750000,0.08780000,198394.40000000,1769479199999,17444.50958000,232
1769479200000,0.08780000,0.08820000,0.08770000,0.08770000,320203.60000000,1769482799999,28152.00642000,279
1769482800000,0.08770000,0.08860000,0.08720000,0.08750000,654292.60000000,1769486399999,57550.00606000,555
1769486400000,0.08750000,0.08830000,0.08730000,0.08760000,164489.10000000,1769489999999,14435.20542000,222
1769490000000,0.08760000,0.08890000,0.08750000,0.08860000,320824.50000000,1769493599999,28276.27122000,247
1769493600000,0.08860000,0.08860000,0.08790000,0.08800000,127735.70000000,1769497199999,11258.97624000,235
1769497200000,0.08800000,0.09080000,0.08780000,0.09030000,1440913.80000000,1769500799999,129402.65139000,1199
1769500800000,0.09040000,0.09080000,0.08900000,0.08950000,943576.40000000,1769504399999,84711.00676000,699
1769504400000,0.08950000,0.08960000,0.08810000,0.08880000,441340.10000000,1769507999999,39148.76737000,746
1769508000000,0.08880000,0.08950000,0.08850000,0.08940000,447614.60000000,1769511599999,39863.04882000,493
1769511600000,0.08940000,0.08940000,0.08820000,0.08870000,745647.10000000,1769515199999,66213.08053000,626
1769515200000,0.08870000,0.08890000,0.08770000,0.08840000,603823.30000000,1769518799999,53297.78036000,600
1769518800000,0.08850000,0.08880000,0.08700000,0.08740000,713224.80000000,1769522399999,62655.14651000,570
1769522400000,0.08740000,0.08800000,0.08630000,0.08660000,477970.40000000,1769525999999,41719.59582000,549
1769526000000,0.08670000,0.08790000,0.08640000,0.08790000,413479.40000000,1769529599999,35955.36329000,314
1769529600000,0.08800000,0.08990000,0.08790000,0.08940000,646372.60000000,1769533199999,57699.90709000,1004
1769533200000,0.08950000,0.08960000,0.08740000,0.08760000,364485.90000000,1769536799999,32209.02545000,638
1769536800000,0.08760000,0.08900000,0.08750000,0.08880000,235470.30000000,1769540399999,20782.12967000,258
1769540400000,0.08880000,0.08920000,0.08850000,0.08880000,312831.20000000,1769543999999,27792.16615000,331
1769544000000,0.08870000,0.09070000,0.08870000,0.09030000,490070.90000000,1769547599999,43997.83106000,784
1769547600000,0.09040000,0.09060000,0.08940000,0.08940000,376192.80000000,1769551199999,33851.39013000,267
1769551200000,0.08940000,0.08980000,0.08910000,0.08970000,179713.60000000,1769554799999,16070.64733000,147
1769554800000,0.08980000,0.08990000,0.08960000,0.08970000,179983.00000000,1769558399999,16151.61706000,140
1769558400000,0.08980000,0.09010000,0.08870000,0.08910000,265968.70000000,1769561999999,23729.27761000,289
1769562000000,0.08900000,0.08920000,0.08770000,0.08830000,236672.00000000,1769565599999,20888.91908000,208
1769565600000,0.08830000,0.08840000,0.08780000,0.08820000,116813.90000000,1769569199999,10299.23167000,146
1769569200000,0.08820000,0.08820000,0.08760000,0.08790000,110235.60000000,1769572799999,9691.60070000,160
1769572800000,0.08780000,0.08790000,0.08700000,0.08720000,616294.20000000,1769576399999,53695.63585000,199
1769576400000,0.08730000,0.08760000,0.08670000,0.08740000,301255.50000000,1769579999999,26226.89625000,240
1769580000000,0.08740000,0.08770000,0.08720000,0.08760000,146238.00000000,1769583599999,12778.69281000,144
1769583600000,0.08770000,0.08870000,0.08740000,0.08800000,652295.20000000,1769587199999,57495.04245000,424
1769587200000,0.08790000,0.08790000,0.08700000,0.08750000,339437.40000000,1769590799999,29703.39298000,324
1769590800000,0.08750000,0.08820000,0.08670000,0.08820000,657884.30000000,1769594399999,57407.89599000,378
1769594400000,0.08810000,0.08820000,0.08710000,0.08710000,558125.20000000,1769597999999,48820.43554000,311
1769598000000,0.08720000,0.08780000,0.08670000,0.08770000,699566.00000000,1769601599999,60946.94735000,476
1769601600000,0.08770000,0.08770000,0.08630000,0.08670000,556304.50000000,1769605199999,48297.68912000,461
1769605200000,0.08660000,0.08770000,0.08660000,0.08690000,532946.60000000,1769608799999,46434.92342000,747
1769608800000,0.08680000,0.08710000,0.08550000,0.08630000,1046770.20000000,1769612399999,90162.29682000,1064
1769612400000,0.08640000,0.08690000,0.08550000,0.08560000,1237867.30000000,1769615999999,106533.73094000,669
1769616000000,0.08560000,0.08560000,0.08380000,0.08490000,1653118.50000000,1769619599999,139999.96289000,892
1769619600000,0.08490000,0.08600000,0.08440000,0.08560000,595724.90000000,1769623199999,50703.47336000,571
1769623200000,0.08550000,0.08570000,0.08490000,0.08540000,340922.20000000,1769626799999,29045.54491000,375
1769626800000,0.08530000,0.08620000,0.08520000,0.08610000,340320.70000000,1769630399999,29149.47045000,341
1769630400000,0.08600000,0.08730000,0.08590000,0.08660000,865013.50000000,1769633999999,74935.62273000,721
1769634000000,0.08660000,0.08740000,0.08610000,0.08700000,569395.80000000,1769637599999,49363.10399000,472
1769637600000,0.08710000,0.09060000,0.08630000,0.09040000,1951048.30000000,1769641199999,173525.97325000,2351
1769641200000,0.09040000,0.09140000,0.08870000,0.08880000,1684822.40000000,1769644799999,152087.51098000,2088
1769644800000,0.08890000,0.09000000,0.08790000,0.08990000,1545587.30000000,1769648399999,137354.11457000,1750
1769648400000,0.08990000,0.09100000,0.08590000,0.08620000,1968411.40000000,1769651999999,175115.82599000,1814
1769652000000,0.08610000,0.08650000,0.08440000,0.08480000,723367.10000000,1769655599999,61925.48858000,858
1769655600000,0.08470000,0.08590000,0.08460000,0.08470000,459599.00000000,1769659199999,39108.20972000,706
1769659200000,0.08460000,0.08460000,0.08330000,0.08410000,557453.20000000,1769662799999,46769.24962000,510
1769662800000,0.08400000,0.08460000,0.08360000,0.08400000,505183.40000000,1769666399999,42481.94484000,326
1769666400000,0.08400000,0.08470000,0.08360000,0.08430000,701052.10000000,1769669999999,58953.30161000,592
1769670000000,0.08420000,0.08490000,0.08370000,0.08370000,437121.50000000,1769673599999,36830.36554000,391
1769673600000,0.08370000,0.08370000,0.08210000,0.08270000,1585363.10000000,1769677199999,131171.57137000,1177
1769677200000,0.08270000,0.08290000,0.08220000,0.08270000,868319.00000000,1769680799999,71547.03153000,818
1769680800000,0.08270000,0.08360000,0.08260000,0.08330000,269610.10000000,1769684399999,22405.95174000,574
1769684400000,0.08340000,0.08360000,0.08250000,0.08300000,493335.50000000,1769687999999,40963.02994000,681
1769688000000,0.08310000,0.08320000,0.08170000,0.08240000,514502.50000000,1769691599999,42371.53145000,485
1769691600000,0.08250000,0.08320000,0.08250000,0.08310000,325030.40000000,1769695199999,26935.53158000,356
1769695200000,0.08300000,0.08340000,0.08150000,0.08170000,860089.60000000,1769698799999,71016.61085000,633
1769698800000,0.08160000,0.08170000,0.07800000,0.08040000,2474624.80000000,1769702399999,196969.50711000,2359
1769702400000,0.08030000,0.08160000,0.07910000,0.08160000,2179943.90000000,1769705999999,174349.03589000,1269
1769706000000,0.08170000,0.08360000,0.08020000,0.08040000,1811920.70000000,1769709599999,147857.82977000,1542
1769709600000,0.08040000,0.08060000,0.07900000,0.07900000,733945.00000000,1769713199999,58543.40893000,636
1769713200000,0.07910000,0.08010000,0.07810000,0.07950000,489084.10000000,1769716799999,38720.13441000,601
1769716800000,0.07940000,0.08030000,0.07910000,0.08010000,426222.10000000,1769720399999,33932.13503000,292
1769720400000,0.08010000,0.08050000,0.07950000,0.07970000,240019.90000000,1769723999999,19171.59959000,372
1769724000000,0.07970000,0.07990000,0.07870000,0.07900000,303042.60000000,1769727599999,24037.61732000,311
1769727600000,0.07890000,0.07910000,0.07840000,0.07880000,586742.50000000,1769731199999,46191.94434000,468
1769731200000,0.07880000,0.07990000,0.07860000,0.07980000,344326.90000000,1769734799999,27335.58407000,286
1769734800000,0.07980000,0.08010000,0.07530000,0.07880000,2286810.70000000,1769738399999,177139.27414000,2450
1769738400000,0.07870000,0.07870000,0.07580000,0.07710000,715547.50000000,1769741999999,55096.59582000,704
1769742000000,0.07720000,0.07760000,0.07650000,0.07680000,207809.80000000,1769745599999,16043.73207000,231
1769745600000,0.07680000,0.07780000,0.07670000,0.07740000,225353.30000000,1769749199999,17403.09258000,354
1769749200000,0.07740000,0.07800000,0.07700000,0.07740000,636116.80000000,1769752799999,49347.26812000,525
1769752800000,0.07730000,0.07730000,0.07620000,0.07660000,401330.50000000,1769756399999,30725.51373000,444
1769756400000,0.07660000,0.07760000,0.07660000,0.07730000,176595.40000000,1769759999999,13632.36252000,321
1769760000000,0.07720000,0.07740000,0.07640000,0.07660000,227505.60000000,1769763599999,17469.09550000,528
1769763600000,0.07660000,0.07690000,0.07450000,0.07550000,2209835.50000000,1769767199999,167719.51239000,1046
1769767200000,0.07560000,0.07590000,0.07510000,0.07570000,636117.80000000,1769770799999,48028.67393000,440
1769770800000,0.07580000,0.07700000,0.07580000,0.07690000,960422.40000000,1769774399999,73362.49622000,994
1769774400000,0.07690000,0.07690000,0.07590000,0.07630000,1187174.40000000,1769777999999,90685.91716000,749
1769778000000,0.07630000,0.07630000,0.07490000,0.07530000,843185.90000000,1769781599999,63666.55918000,755
1769781600000,0.07550000,0.07690000,0.07550000,0.07620000,712958.70000000,1769785199999,54403.11219000,788
1769785200000,0.07640000,0.07720000,0.07530000,0.07630000,1277900.90000000,1769788799999,97672.28335000,859
1769788800000,0.07630000,0.07720000,0.07590000,0.07660000,608984.00000000,1769792399999,46543.82472000,441
1769792400000,0.07660000,0.07720000,0.07600000,0.07660000,595064.50000000,1769795999999,45678.18212000,608
1769796000000,0.07660000,0.07850000,0.07530000,0.07830000,2827458.80000000,1769799599999,217773.90974000,1455
1769799600000,0.07840000,0.07940000,0.07800000,0.07880000,1254675.90000000,1769803199999,98496.13689000,1482
1769803200000,0.07870000,0.07910000,0.07790000,0.07870000,977152.80000000,1769806799999,76667.52559000,1058
1769806800000,0.07870000,0.07960000,0.07870000,0.07900000,361660.00000000,1769810399999,28609.55681000,435
1769810400000,0.07900000,0.07910000,0.07780000,0.07860000,601880.60000000,1769813999999,47200.05257000,302
1769814000000,0.07870000,0.07870000,0.07780000,0.07820000,281210.60000000,1769817599999,21990.38352000,381
1769817600000,0.07820000,0.07820000,0.07740000,0.07750000,168894.10000000,1769821199999,13130.54981000,245
1769821200000,0.07760000,0.07850000,0.07750000,0.07770000,487670.90000000,1769824799999,38130.50770000,251
1769824800000,0.07760000,0.07770000,0.07700000,0.07760000,263424.50000000,1769828399999,20391.06952000,227
1769828400000,0.07760000,0.07760000,0.07710000,0.07720000,80962.80000000,1769831999999,6262.32587000,104
1769832000000,0.07710000,0.07740000,0.07680000,0.07700000,105021.10000000,1769835599999,8090.66434000,156
1769835600000,0.07700000,0.07750000,0.07690000,0.07720000,175507.20000000,1769839199999,13557.97657000,151
1769839200000,0.07730000,0.07730000,0.07540000,0.07590000,864802.50000000,1769842799999,65808.92251000,556
1769842800000,0.07590000,0.07610000,0.07400000,0.07480000,1206025.90000000,1769846399999,90479.39134000,1004
1769846400000,0.07490000,0.07490000,0.07280000,0.07370000,1835144.40000000,1769849999999,134901.28002000,1395
1769850000000,0.07370000,0.07390000,0.07310000,0.07310000,265212.40000000,1769853599999,19487.17944000,255
1769853600000,0.07320000,0.07350000,0.07270000,0.07320000,236436.50000000,1769857199999,17277.41938000,257
1769857200000,0.07320000,0.07320000,0.07210000,0.07230000,214037.10000000,1769860799999,15561.90705000,233
1769860800000,0.07230000,0.07250000,0.07120000,0.07220000,923681.90000000,1769864399999,66452.02883000,616
1769864400000,0.07210000,0.07250000,0.07140000,0.07190000,705133.40000000,1769867999999,50716.19332000,434
1769868000000,0.07180000,0.07190000,0.06750000,0.06960000,2651768.50000000,1769871599999,182829.59124000,2986
1769871600000,0.06970000,0.07040000,0.06910000,0.06910000,708994.00000000,1769875199999,49457.14777000,700
1769875200000,0.06910000,0.07070000,0.06870000,0.06890000,613912.60000000,1769878799999,42745.92868000,1000
1769878800000,0.06900000,0.06900000,0.06350000,0.06590000,4630770.60000000,1769882399999,305798.51469000,5874
1769882400000,0.06600000,0.06650000,0.06030000,0.06490000,4598014.20000000,1769885999999,291414.45446000,4489
1769886000000,0.06490000,0.06570000,0.06400000,0.06470000,750443.90000000,1769889599999,48620.69245000,1139
1769889600000,0.06470000,0.06520000,0.06390000,0.06520000,543535.80000000,1769893199999,34990.52089000,772
1769893200000,0.06510000,0.06720000,0.06510000,0.06680000,826790.50000000,1769896799999,54535.93147000,991
1769896800000,0.06690000,0.06710000,0.06640000,0.06690000,308939.40000000,1769900399999,20615.00676000,395
1769900400000,0.06710000,0.06830000,0.06690000,0.06820000,506983.30000000,1769903999999,34367.13408000,684
1769904000000,0.06810000,0.06870000,0.06770000,0.06820000,354218.50000000,1769907599999,24144.41772000,536
1769907600000,0.06820000,0.06900000,0.06760000,0.06890000,436838.00000000,1769911199999,29946.38623000,656
1769911200000,0.06890000,0.06960000,0.06860000,0.06910000,284568.60000000,1769914799999,19683.61362000,376
1769914800000,0.06910000,0.06990000,0.06870000,0.06950000,315762.20000000,1769918399999,21944.19773000,591
1769918400000,0.06950000,0.07040000,0.06920000,0.07020000,341744.90000000,1769921999999,23898.11723000,552
1769922000000,0.07010000,0.07130000,0.07010000,0.07100000,596853.30000000,1769925599999,42240.44207000,921
1769925600000,0.07100000,0.07130000,0.07020000,0.07040000,532412.50000000,1769929199999,37655.73361000,726
1769929200000,0.07040000,0.07070000,0.06960000,0.06970000,823978.90000000,1769932799999,57640.39467000,1008
1769932800000,0.06960000,0.07050000,0.06960000,0.07000000,897150.40000000,1769936399999,62917.97790000,825
1769936400000,0.07000000,0.07020000,0.06930000,0.07010000,233065.80000000,1769939999999,16231.14158000,341
1769940000000,0.07010000,0.07020000,0.06820000,0.06830000,557026.20000000,1769943599999,38519.48640000,646
1769943600000,0.06840000,0.06850000,0.06780000,0.06790000,572008.40000000,1769947199999,39074.99154000,731
1769947200000,0.06790000,0.06800000,0.06740000,0.06770000,200530.80000000,1769950799999,13589.81166000,320
1769950800000,0.06780000,0.06840000,0.06730000,0.06750000,597496.60000000,1769954399999,40591.94257000,660
1769954400000,0.06750000,0.06760000,0.06630000,0.06720000,647654.70000000,1769957999999,43255.85282000,746
1769958000000,0.06710000,0.06720000,0.06480000,0.06580000,765508.50000000,1769961599999,50224.78631000,937
1769961600000,0.06570000,0.06660000,0.06560000,0.06650000,702500.00000000,1769965199999,46461.68892000,750
1769965200000,0.06650000,0.06670000,0.06570000,0.06620000,274454.20000000,1769968799999,18126.24342000,501
1769968800000,0.06620000,0.06760000,0.06620000,0.06690000,386563.60000000,1769972399999,25894.95300000,575
1769972400000,0.06700000,0.06710000,0.06600000,0.06630000,464775.30000000,1769975999999,30873.64283000,630
1769976000000,0.06630000,0.06710000,0.06570000,0.06680000,1107644.80000000,1769979599999,73969.77105000,661
1769979600000,0.06680000,0.06690000,0.06610000,0.06650000,576885.20000000,1769983199999,38424.36186000,758
1769983200000,0.06660000,0.06770000,0.06650000,0.06740000,245880.10000000,1769986799999,16499.45731000,668
1769986800000,0.06720000,0.06780000,0.06470000,0.06660000,912155.70000000,1769990399999,60532.66066000,1433
1769990400000,0.06660000,0.06870000,0.06610000,0.06770000,710851.30000000,1769993999999,48218.81258000,863
1769994000000,0.06770000,0.06820000,0.06650000,0.06770000,304329.20000000,1769997599999,20562.58906000,556
1769997600000,0.06760000,0.06770000,0.06670000,0.06680000,161609.30000000,1770001199999,10864.77432000,359
1770001200000,0.06690000,0.06690000,0.06380000,0.06660000,1120337.00000000,1770004799999,73056.02497000,1969
1770004800000,0.06670000,0.06740000,0.06550000,0.06600000,841779.40000000,1770008399999,55680.06219000,751
1770008400000,0.06590000,0.06590000,0.06420000,0.06480000,573061.90000000,1770011999999,37212.54422000,949
1770012000000,0.06480000,0.06680000,0.06410000,0.06620000,1164647.10000000,1770015599999,76015.53051000,1858
1770015600000,0.06610000,0.06660000,0.06570000,0.06580000,434121.60000000,1770019199999,28674.08445000,780
1770019200000,0.06570000,0.06620000,0.06570000,0.06570000,632806.10000000,1770022799999,41689.05206000,857
1770022800000,0.06560000,0.06640000,0.06520000,0.06600000,732662.80000000,1770026399999,48141.33840000,920
1770026400000,0.06600000,0.06660000,0.06600000,0.06630000,358590.80000000,1770029999999,23768.18458000,441
1770030000000,0.06640000,0.06670000,0.06600000,0.06610000,432555.00000000,1770033599999,28725.09339000,285
1770033600000,0.06610000,0.06700000,0.06610000,0.06690000,426962.10000000,1770037199999,28364.72111000,426
1770037200000,0.06680000,0.06690000,0.06620000,0.06670000,1464128.50000000,1770040799999,97372.96721000,1097
1770040800000,0.06670000,0.06790000,0.06620000,0.06740000,2089006.50000000,1770044399999,139957.10701000,1888
1770044400000,0.06740000,0.06870000,0.06710000,0.06790000,637669.00000000,1770047999999,43257.59152000,686
1770048000000,0.06780000,0.06800000,0.06710000,0.06710000,286550.20000000,1770051599999,19371.44582000,372
1770051600000,0.06710000,0.06760000,0.06680000,0.06690000,395440.20000000,1770055199999,26562.75039000,327
1770055200000,0.06690000,0.06700000,0.06640000,0.06690000,211113.90000000,1770058799999,14088.35865000,331
1770058800000,0.06690000,0.06700000,0.06630000,0.06640000,118390.30000000,1770062399999,7893.63634000,200
1770062400000,0.06630000,0.06660000,0.06580000,0.06600000,205106.00000000,1770065999999,13565.86031000,166
1770066000000,0.06600000,0.06670000,0.06600000,0.06650000,118442.20000000,1770069599999,7873.13996000,295
1770069600000,0.06640000,0.06680000,0.06630000,0.06660000,153653.70000000,1770073199999,10213.06262000,146
1770073200000,0.06660000,0.06680000,0.06640000,0.06640000,141480.10000000,1770076799999,9410.73706000,192
1770076800000,0.06630000,0.06630000,0.06590000,0.06610000,187308.00000000,1770080399999,12366.93111000,256
1770080400000,0.06610000,0.06610000,0.06510000,0.06550000,291572.60000000,1770083999999,19086.08531000,274
1770084000000,0.06540000,0.06540000,0.06320000,0.06340000,865442.50000000,1770087599999,55324.46063000,601
1770087600000,0.06340000,0.06410000,0.06320000,0.06400000,1421463.30000000,1770091199999,90480.28177000,835
1770091200000,0.06400000,0.06440000,0.06350000,0.06420000,806620.70000000,1770094799999,51543.47563000,831
1770094800000,0.06410000,0.06470000,0.06380000,0.06400000,230319.20000000,1770098399999,14787.91910000,315
1770098400000,0.06390000,0.06420000,0.06290000,0.06420000,621671.60000000,1770101999999,39392.23323000,496
1770102000000,0.06410000,0.06470000,0.06380000,0.06460000,365012.10000000,1770105599999,23429.29752000,334
1770105600000,0.06460000,0.06520000,0.06450000,0.06460000,248225.00000000,1770109199999,16074.64864000,352
1770109200000,0.06450000,0.06460000,0.06320000,0.06420000,629257.40000000,1770112799999,40200.25280000,1002
1770112800000,0.06430000,0.06450000,0.06380000,0.06390000,217445.00000000,1770116399999,13925.35499000,308
1770116400000,0.06400000,0.06430000,0.06370000,0.06420000,209616.10000000,1770119999999,13441.51801000,285
1770120000000,0.06430000,0.06550000,0.06400000,0.06550000,509654.20000000,1770123599999,32917.46058000,337
1770123600000,0.06540000,0.06540000,0.06410000,0.06440000,617189.80000000,1770127199999,39815.69118000,403
1770127200000,0.06430000,0.06450000,0.06280000,0.06290000,539382.10000000,1770130799999,34366.14278000,579
1770130800000,0.06280000,0.06480000,0.06270000,0.06470000,603669.30000000,1770134399999,38423.64193000,658
1770134400000,0.06460000,0.06470000,0.06300000,0.06340000,716137.20000000,1770137999999,45462.67146000,908
1770138000000,0.06330000,0.06340000,0.06140000,0.06160000,1315846.50000000,1770141599999,82125.86879000,1719
1770141600000,0.06150000,0.06190000,0.06070000,0.06080000,1305245.70000000,1770145199999,79995.57890000,1340
1770145200000,0.06080000,0.06420000,0.06080000,0.06410000,663759.40000000,1770148799999,41587.07815000,645
1770148800000,0.06410000,0.06660000,0.06340000,0.06590000,757399.40000000,1770152399999,49590.11204000,1072
1770152400000,0.06590000,0.06680000,0.06500000,0.06500000,507141.20000000,1770155999999,33307.39781000,789
1770156000000,0.06500000,0.06500000,0.06380000,0.06390000,331201.20000000,1770159599999,21309.10842000,507
1770159600000,0.06380000,0.06390000,0.06300000,0.06330000,262589.30000000,1770163199999,16644.97499000,444
1770163200000,0.06330000,0.06430000,0.06310000,0.06410000,243517.30000000,1770166799999,15587.54853000,393
1770166800000,0.06420000,0.06520000,0.06420000,0.06450000,334909.40000000,1770170399999,21730.64463000,432
1770170400000,0.06450000,0.06460000,0.06390000,0.06430000,118238.50000000,1770173999999,7599.82868000,181
1770174000000,0.06430000,0.06490000,0.06430000,0.06470000,87193.50000000,1770177599999,5635.70631000,192
1770177600000,0.06460000,0.06480000,0.06440000,0.06450000,140670.20000000,1770181199999,9075.29914000,235
1770181200000,0.06450000,0.06450000,0.06360000,0.06400000,302372.40000000,1770184799999,19411.58178000,554
1770184800000,0.06400000,0.06440000,0.06390000,0.06410000,286558.60000000,1770188399999,18390.57076000,293
1770188400000,0.06410000,0.06430000,0.06380000,0.06410000,183341.90000000,1770191999999,11731.55513000,310
1770192000000,0.06400000,0.06430000,0.06360000,0.06410000,191678.60000000,1770195599999,12251.43883000,213
1770195600000,0.06410000,0.06440000,0.06390000,0.06410000,640663.90000000,1770199199999,41107.73444000,573
1770199200000,0.06410000,0.06460000,0.06410000,0.06410000,188694.50000000,1770202799999,12140.67244000,266
1770202800000,0.06420000,0.06450000,0.06330000,0.06430000,564030.70000000,1770206399999,36013.76974000,692
1770206400000,0.06430000,0.06450000,0.06410000,0.06450000,272489.20000000,1770209999999,17532.87360000,290
1770210000000,0.06450000,0.06460000,0.06330000,0.06330000,576112.60000000,1770213599999,36881.82263000,280
1770213600000,0.06330000,0.06390000,0.06260000,0.06290000,858543.10000000,1770217199999,54315.64460000,1094
1770217200000,0.06270000,0.06360000,0.06170000,0.06250000,697096.10000000,1770220799999,43724.83761000,986
1770220800000,0.06250000,0.06310000,0.06150000,0.06230000,944704.40000000,1770224399999,58594.20364000,751
1770224400000,0.06220000,0.06230000,0.06080000,0.06170000,455283.10000000,1770227999999,27949.23545000,660
1770228000000,0.06160000,0.06270000,0.06050000,0.06210000,896428.80000000,1770231599999,55111.20363000,1265
1770231600000,0.06210000,0.06390000,0.06200000,0.06380000,659556.80000000,1770235199999,41540.73440000,748
1770235200000,0.06380000,0.06380000,0.06310000,0.06330000,197066.70000000,1770238799999,12513.30240000,330
1770238800000,0.06340000,0.06340000,0.06230000,0.06270000,224448.60000000,1770242399999,14092.66756000,318
1770242400000,0.06260000,0.06370000,0.06180000,0.06220000,479572.20000000,1770245999999,30096.21963000,705
1770246000000,0.06230000,0.06340000,0.06230000,0.06270000,456907.40000000,1770249599999,28768.71487000,596
1770249600000,0.06270000,0.06290000,0.06210000,0.06270000,381178.00000000,1770253199999,23844.46389000,416
1770253200000,0.06270000,0.06370000,0.06220000,0.06290000,600444.30000000,1770256799999,37865.17926000,659
1770256800000,0.06280000,0.06320000,0.06200000,0.06200000,510428.10000000,1770260399999,31983.48671000,434
1770260400000,0.06210000,0.06250000,0.06150000,0.06160000,476104.40000000,1770263999999,29511.40580000,533
1770264000000,0.06160000,0.06190000,0.06110000,0.06130000,382025.90000000,1770267599999,23442.33435000,404
1770267600000,0.06140000,0.06170000,0.06040000,0.06090000,780495.40000000,1770271199999,47652.36576000,621
1770271200000,0.06100000,0.06110000,0.06030000,0.06050000,676327.80000000,1770274799999,40979.56277000,570
1770274800000,0.06040000,0.06110000,0.06020000,0.06030000,290079.90000000,1770278399999,17571.57560000,310
1770278400000,0.06050000,0.06140000,0.06050000,0.06110000,193307.10000000,1770281999999,11805.84915000,207
1770282000000,0.06110000,0.06170000,0.06070000,0.06070000,695152.70000000,1770285599999,42566.65087000,544
1770285600000,0.06060000,0.06060000,0.05880000,0.05900000,1002491.40000000,1770289199999,59721.31764000,689
1770289200000,0.05910000,0.05940000,0.05800000,0.05890000,913558.70000000,1770292799999,53599.75981000,678
1770292800000,0.05890000,0.05910000,0.05830000,0.05880000,608756.10000000,1770296399999,35772.74647000,653
1770296400000,0.05880000,0.05920000,0.05820000,0.05830000,449238.10000000,1770299999999,26305.64065000,506
1770300000000,0.05820000,0.05960000,0.05820000,0.05840000,1492618.60000000,1770303599999,87527.13102000,1311
1770303600000,0.05850000,0.05860000,0.05450000,0.05690000,4036945.80000000,1770307199999,227547.38358000,3706
1770307200000,0.05690000,0.05880000,0.05660000,0.05790000,1390021.20000000,1770310799999,80192.65076000,1445
1770310800000,0.05790000,0.05820000,0.05550000,0.05560000,1202782.30000000,1770314399999,67945.87502000,1360
1770314400000,0.05570000,0.05610000,0.05480000,0.05610000,907820.40000000,1770317999999,50325.67285000,989
1770318000000,0.05600000,0.05610000,0.05480000,0.05510000,532805.50000000,1770321599999,29502.96818000,398
1770321600000,0.05510000,0.05540000,0.05220000,0.05360000,2643534.30000000,1770325199999,141393.36404000,2293
1770325200000,0.05350000,0.05470000,0.05260000,0.05340000,1113545.30000000,1770328799999,59793.73688000,1161
1770328800000,0.05350000,0.05430000,0.05230000,0.05350000,929090.00000000,1770332399999,49609.01660000,939
1770332400000,0.05350000,0.05470000,0.05180000,0.05200000,2389947.20000000,1770335999999,125649.88901000,1406
1770336000000,0.05210000,0.05230000,0.04530000,0.05000000,13572932.00000000,1770339599999,657768.15619000,12533
1770339600000,0.05000000,0.05130000,0.04980000,0.05130000,1885312.60000000,1770343199999,95137.23645000,1455
1770343200000,0.05120000,0.05170000,0.04990000,0.05010000,1568684.60000000,1770346799999,80079.30363000,1323
1770346800000,0.05020000,0.05070000,0.04990000,0.05050000,640749.50000000,1770350399999,32187.43909000,610
1770350400000,0.05060000,0.05210000,0.05040000,0.05190000,588986.90000000,1770353999999,30332.07199000,568
1770354000000,0.05180000,0.05390000,0.05180000,0.05360000,1878580.70000000,1770357599999,99747.02955000,1273
1770357600000,0.05360000,0.05400000,0.05240000,0.05250000,1785880.20000000,1770361199999,94689.27974000,996
1770361200000,0.05250000,0.05310000,0.05200000,0.05230000,478017.20000000,1770364799999,25126.25904000,472
1770364800000,0.05230000,0.05270000,0.05170000,0.05180000,1487374.70000000,1770368399999,77624.11763000,950
1770368400000,0.05180000,0.05330000,0.05150000,0.05290000,808445.60000000,1770371999999,42315.07864000,818
1770372000000,0.05290000,0.05370000,0.05260000,0.05370000,1022848.70000000,1770375599999,54561.56179000,1098
1770375600000,0.05370000,0.05420000,0.05360000,0.05390000,378534.70000000,1770379199999,20394.60387000,615
1770379200000,0.05380000,0.05400000,0.05350000,0.05380000,563254.90000000,1770382799999,30265.72599000,422
1770382800000,0.05380000,0.05460000,0.05370000,0.05380000,1370775.70000000,1770386399999,74172.78969000,1454
1770386400000,0.05370000,0.05530000,0.05320000,0.05500000,1290812.00000000,1770389999999,70055.36719000,1291
1770390000000,0.05490000,0.05510000,0.05450000,0.05480000,729264.30000000,1770393599999,39926.88725000,848
1770393600000,0.05470000,0.05720000,0.05460000,0.05690000,2458187.30000000,1770397199999,138649.41723000,1372
1770397200000,0.05690000,0.05760000,0.05630000,0.05670000,818233.90000000,1770400799999,46524.67932000,1670
1770400800000,0.05650000,0.05670000,0.05500000,0.05620000,1755113.90000000,1770404399999,97572.97670000,1104
1770404400000,0.05630000,0.05670000,0.05610000,0.05650000,397000.70000000,1770407999999,22418.65643000,531
1770408000000,0.05650000,0.05720000,0.05600000,0.05640000,459734.30000000,1770411599999,26030.08202000,532
1770411600000,0.05630000,0.05660000,0.05620000,0.05630000,643771.60000000,1770415199999,36321.65069000,695
1770415200000,0.05630000,0.05710000,0.05630000,0.05690000,352567.20000000,1770418799999,19995.68444000,522
1770418800000,0.05690000,0.05700000,0.05620000,0.05640000,195526.30000000,1770422399999,11025.26603000,243
1770422400000,0.05630000,0.05640000,0.05580000,0.05600000,461023.90000000,1770425999999,25843.63751000,505
1770426000000,0.05600000,0.05630000,0.05580000,0.05620000,192914.70000000,1770429599999,10806.74619000,222
1770429600000,0.05620000,0.05740000,0.05620000,0.05710000,626856.20000000,1770433199999,35612.25116000,460
1770433200000,0.05700000,0.05720000,0.05630000,0.05660000,548809.00000000,1770436799999,31098.07084000,521
1770436800000,0.05660000,0.05690000,0.05610000,0.05620000,345924.00000000,1770440399999,19520.34472000,399
1770440400000,0.05630000,0.05670000,0.05590000,0.05610000,331113.20000000,1770443999999,18630.97608000,313
1770444000000,0.05610000,0.05630000,0.05530000,0.05530000,484644.30000000,1770447599999,27021.14119000,579
1770447600000,0.05520000,0.05550000,0.05380000,0.05420000,1491091.30000000,1770451199999,81396.24289000,1254
1770451200000,0.05410000,0.05490000,0.05400000,0.05480000,311583.30000000,1770454799999,16946.47243000,335
1770454800000,0.05470000,0.05510000,0.05420000,0.05440000,179376.20000000,1770458399999,9804.15188000,356
1770458400000,0.05430000,0.05440000,0.05390000,0.05410000,170739.70000000,1770461999999,9251.83461000,168
1770462000000,0.05410000,0.05450000,0.05390000,0.05440000,156888.80000000,1770465599999,8519.33047000,223
1770465600000,0.05430000,0.05630000,0.05430000,0.05600000,768264.30000000,1770469199999,42500.75859000,978
1770469200000,0.05600000,0.05610000,0.05530000,0.05540000,321379.80000000,1770472799999,17831.27456000,342
1770472800000,0.05540000,0.05550000,0.05460000,0.05480000,417330.50000000,1770476399999,22909.24507000,355
1770476400000,0.05470000,0.05590000,0.05470000,0.05550000,323590.80000000,1770479999999,17894.09421000,471
1770480000000,0.05550000,0.05660000,0.05520000,0.05530000,2176661.00000000,1770483599999,121781.90114000,2107
1770483600000,0.05520000,0.05600000,0.05490000,0.05560000,526285.30000000,1770487199999,29140.95004000,406
1770487200000,0.05570000,0.05680000,0.05570000,0.05660000,175818.00000000,1770490799999,9922.10501000,256
1770490800000,0.05640000,0.05650000,0.05610000,0.05610000,110730.30000000,1770494399999,6233.28386000,158
1770494400000,0.05620000,0.05650000,0.05590000,0.05630000,108829.50000000,1770497999999,6105.54994000,103
1770498000000,0.05640000,0.05640000,0.05600000,0.05600000,266867.90000000,1770501599999,14994.98394000,286
1770501600000,0.05600000,0.05630000,0.05590000,0.05600000,71619.60000000,1770505199999,4014.07762000,109
1770505200000,0.05600000,0.05600000,0.05560000,0.05600000,85510.00000000,1770508799999,4774.69500000,204
1770508800000,0.05590000,0.05610000,0.05570000,0.05580000,190020.60000000,1770512399999,10611.00586000,299
1770512400000,0.05590000,0.05620000,0.05590000,0.05610000,102850.10000000,1770515999999,5768.13714000,125
1770516000000,0.05620000,0.05630000,0.05570000,0.05600000,68206.70000000,1770519599999,3826.10164000,80
1770519600000,0.05610000,0.05610000,0.05550000,0.05550000,74936.40000000,1770523199999,4167.94123000,121
1770523200000,0.05540000,0.05590000,0.05530000,0.05570000,119190.10000000,1770526799999,6615.22655000,182
1770526800000,0.05570000,0.05570000,0.05530000,0.05540000,115680.20000000,1770530399999,6417.88917000,113
1770530400000,0.05540000,0.05560000,0.05500000,0.05520000,239699.80000000,1770533999999,13239.71401000,266
1770534000000,0.05520000,0.05520000,0.05480000,0.05510000,96122.30000000,1770537599999,5288.02462000,93
1770537600000,0.05500000,0.05590000,0.05500000,0.05590000,332784.00000000,1770541199999,18468.52200000,180
1770541200000,0.05590000,0.05620000,0.05510000,0.05540000,343453.30000000,1770544799999,19047.11445000,435
1770544800000,0.05540000,0.05560000,0.05470000,0.05480000,284904.70000000,1770548399999,15677.11411000,306
1770548400000,0.05480000,0.05570000,0.05470000,0.05530000,1567107.20000000,1770551999999,86276.36973000,864
1770552000000,0.05540000,0.05630000,0.05530000,0.05580000,2822902.60000000,1770555599999,157858.81093000,1770
1770555600000,0.05580000,0.05590000,0.05550000,0.05580000,356384.30000000,1770559199999,19846.44433000,464
1770559200000,0.05590000,0.05790000,0.05580000,0.05790000,2131037.80000000,1770562799999,121173.86315000,2585
1770562800000,0.05800000,0.05960000,0.05620000,0.05660000,6283213.30000000,1770566399999,364399.56382000,5685
1770566400000,0.05660000,0.05730000,0.05500000,0.05530000,1593963.00000000,1770569999999,89853.40659000,1834
1770570000000,0.05530000,0.05920000,0.05520000,0.05890000,5057546.40000000,1770573599999,291358.47987000,5337
1770573600000,0.05880000,0.05900000,0.05720000,0.05880000,3115747.60000000,1770577199999,181720.08587000,3051
1770577200000,0.05870000,0.06180000,0.05840000,0.05840000,9790739.20000000,1770580799999,587677.92829000,9316
1770580800000,0.05840000,0.05840000,0.05700000,0.05730000,1748615.00000000,1770584399999,100980.75148000,1213
1770584400000,0.05740000,0.05810000,0.05700000,0.05810000,828667.10000000,1770587999999,47695.72615000,1034
1770588000000,0.05800000,0.05810000,0.05740000,0.05760000,350804.50000000,1770591599999,20268.70735000,320
1770591600000,0.05780000,0.05890000,0.05750000,0.05800000,1316308.20000000,1770595199999,76569.63061000,1287
1770595200000,0.05790000,0.05800000,0.05720000,0.05780000,476963.70000000,1770598799999,27503.71921000,574
1770598800000,0.05770000,0.05830000,0.05740000,0.05790000,1063019.40000000,1770602399999,61421.13961000,718
1770602400000,0.05790000,0.05860000,0.05770000,0.05820000,175730.60000000,1770605999999,10244.47555000,198
1770606000000,0.05820000,0.05960000,0.05800000,0.05950000,430433.40000000,1770609599999,25365.44656000,628
1770609600000,0.05950000,0.05980000,0.05870000,0.05900000,1066267.20000000,1770613199999,63141.85361000,824
1770613200000,0.05900000,0.06040000,0.05880000,0.05990000,485212.80000000,1770616799999,28970.87634000,582
1770616800000,0.05980000,0.05980000,0.05880000,0.05950000,639281.60000000,1770620399999,37909.05978000,952
1770620400000,0.05940000,0.05970000,0.05840000,0.05850000,1251640.00000000,1770623999999,73930.21354000,1226
1770624000000,0.05850000,0.05870000,0.05730000,0.05770000,681272.10000000,1770627599999,39613.31092000,635
1770627600000,0.05770000,0.05890000,0.05740000,0.05840000,1557919.90000000,1770631199999,90468.33300000,1166
1770631200000,0.05840000,0.05860000,0.05770000,0.05860000,658026.50000000,1770634799999,38295.12308000,1080
1770634800000,0.05850000,0.06020000,0.05840000,0.05860000,3079195.40000000,1770638399999,182880.40789000,3503
1770638400000,0.05860000,0.06060000,0.05840000,0.05990000,2088982.70000000,1770641999999,124897.98706000,2270
1770642000000,0.05990000,0.06170000,0.05710000,0.05740000,5403086.30000000,1770645599999,324012.33863000,5036
1770645600000,0.05730000,0.05970000,0.05710000,0.05910000,2577850.60000000,1770649199999,150027.57391000,3076
1770649200000,0.05930000,0.06150000,0.05850000,0.06010000,4117560.10000000,1770652799999,246355.58549000,4581
1770652800000,0.06020000,0.06530000,0.05990000,0.06310000,10393326.60000000,1770656399999,652818.66455000,9486
1770656400000,0.06300000,0.06480000,0.06280000,0.06390000,4233789.40000000,1770659999999,271488.45219000,2738
1770660000000,0.06390000,0.06970000,0.06380000,0.06900000,15883052.70000000,1770663599999,1075194.58978000,9829
1770663600000,0.06890000,0.07000000,0.06550000,0.06760000,7261451.20000000,1770667199999,493861.73945000,3919
1770667200000,0.06770000,0.06790000,0.06530000,0.06670000,2960448.30000000,1770670799999,195850.29093000,2657
1770670800000,0.06660000,0.06850000,0.06470000,0.06530000,3835646.20000000,1770674399999,255580.11602000,2566
1770674400000,0.06530000,0.06870000,0.06530000,0.06770000,2505515.30000000,1770677999999,168141.94914000,2579
1770678000000,0.06780000,0.06800000,0.06600000,0.06630000,1142731.70000000,1770681599999,76323.43232000,1507
1770681600000,0.06620000,0.06670000,0.06490000,0.06490000,2333116.00000000,1770685199999,153596.39208000,2936
1770685200000,0.06490000,0.06540000,0.06380000,0.06410000,2038523.90000000,1770688799999,131421.40540000,2048
1770688800000,0.06420000,0.06430000,0.06200000,0.06300000,1930906.20000000,1770692399999,121769.82552000,2827
1770692400000,0.06290000,0.06330000,0.06110000,0.06210000,2219948.70000000,1770695999999,137627.84398000,2908
1770696000000,0.06210000,0.06540000,0.06180000,0.06510000,5143906.10000000,1770699599999,329652.24252000,4920
1770699600000,0.06520000,0.06590000,0.06310000,0.06350000,2757267.50000000,1770703199999,177751.38227000,4169
1770703200000,0.06350000,0.06530000,0.06340000,0.06380000,1924892.50000000,1770706799999,123840.03739000,3440
1770706800000,0.06390000,0.06630000,0.06370000,0.06520000,2912559.00000000,1770710399999,189541.05681000,3962
1770710400000,0.06520000,0.06610000,0.06430000,0.06540000,2914876.80000000,1770713999999,190150.81926000,3566
1770714000000,0.06550000,0.06980000,0.06550000,0.06640000,8913696.40000000,1770717599999,602191.27384000,9049
1770717600000,0.06650000,0.06900000,0.06470000,0.06500000,4661723.90000000,1770721199999,311315.84146000,3426
1770721200000,0.06510000,0.06830000,0.06480000,0.06740000,4338221.90000000,1770724799999,290319.28730000,6137
1770724800000,0.06740000,0.06870000,0.06660000,0.06830000,3458622.60000000,1770728399999,233648.39701000,4383
1770728400000,0.06840000,0.06910000,0.06680000,0.06800000,3205748.80000000,1770731999999,218634.37917000,2104
1770732000000,0.06810000,0.07260000,0.06720000,0.07080000,14885260.10000000,1770735599999,1049269.62759000,10271
1770735600000,0.07080000,0.07110000,0.06690000,0.06950000,5526255.80000000,1770739199999,379853.55107000,4519
1770739200000,0.06950000,0.07250000,0.06830000,0.07200000,7441901.60000000,1770742799999,526252.12480000,4210
1770742800000,0.07180000,0.07360000,0.06960000,0.07290000,7860352.30000000,1770746399999,560566.42393000,4672
1770746400000,0.07300000,0.07360000,0.07100000,0.07210000,2516718.10000000,1770749999999,181186.45511000,1700
1770750000000,0.07220000,0.07480000,0.07090000,0.07320000,5717002.90000000,1770753599999,419919.61412000,3166
1770753600000,0.07310000,0.07570000,0.07160000,0.07450000,6892534.70000000,1770757199999,507661.25750000,5884
1770757200000,0.07460000,0.07920000,0.07420000,0.07730000,11246317.20000000,1770760799999,870674.47257000,14228
1770760800000,0.07720000,0.08200000,0.07640000,0.08020000,11383538.70000000,1770764399999,909765.67880000,9441
1770764400000,0.08010000,0.08030000,0.07570000,0.07640000,5421946.10000000,1770767999999,419296.60746000,3086
1770768000000,0.07630000,0.07920000,0.07420000,0.07840000,5496732.10000000,1770771599999,421770.82104000,4983
1770771600000,0.07850000,0.08100000,0.07670000,0.07720000,4794593.20000000,1770775199999,377415.71212000,4289
1770775200000,0.07720000,0.08050000,0.07720000,0.07830000,3623907.90000000,1770778799999,285478.83776000,5924
1770778800000,0.07830000,0.08100000,0.07700000,0.08080000,5551012.70000000,1770782399999,440379.88135000,4547
1770782400000,0.08080000,0.08500000,0.07970000,0.08040000,10239310.60000000,1770785999999,842160.70735000,8002
1770786000000,0.08040000,0.08090000,0.07170000,0.07280000,8608238.80000000,1770789599999,649623.36496000,6065
1770789600000,0.07290000,0.07530000,0.07150000,0.07400000,4932832.10000000,1770793199999,362200.45916000,3406
1770793200000,0.07390000,0.07460000,0.07230000,0.07320000,3409234.00000000,1770796799999,249303.28219000,2393
1770796800000,0.07330000,0.07420000,0.07210000,0.07240000,1941277.30000000,1770800399999,141700.72878000,1616
1770800400000,0.07240000,0.07480000,0.07180000,0.07430000,4099385.60000000,1770803999999,300758.06186000,2577
1770804000000,0.07440000,0.07620000,0.07090000,0.07410000,9825408.60000000,1770807599999,726453.09595000,5505
1770807600000,0.07390000,0.07730000,0.07290000,0.07640000,7663622.00000000,1770811199999,576262.02350000,5313
1770811200000,0.07650000,0.07950000,0.07650000,0.07770000,4670995.10000000,1770814799999,363730.65125000,3815
1770814800000,0.07770000,0.08010000,0.07670000,0.07830000,4929429.00000000,1770818399999,386745.95300000,3732
1770818400000,0.07840000,0.08090000,0.07810000,0.07940000,4226981.40000000,1770821999999,337204.62299000,3690
1770822000000,0.07950000,0.08060000,0.07680000,0.07950000,4251159.90000000,1770825599999,335364.41403000,3488
1770825600000,0.07950000,0.07960000,0.07730000,0.07900000,3688886.60000000,1770829199999,288711.42613000,2507
1770829200000,0.07900000,0.08430000,0.07890000,0.08210000,7923515.20000000,1770832799999,646552.40557000,6488
1770832800000,0.08200000,0.08260000,0.08030000,0.08070000,7126716.80000000,1770836399999,579621.65423000,5148
1770836400000,0.08070000,0.08260000,0.07930000,0.08130000,2865802.10000000,1770839999999,232864.70715000,2598
1770840000000,0.08120000,0.08920000,0.08050000,0.08550000,7453485.80000000,1770843599999,636333.90065000,5615
1770843600000,0.08550000,0.08600000,0.08230000,0.08370000,5411330.30000000,1770847199999,454358.30390000,4590
1770847200000,0.08360000,0.08380000,0.08050000,0.08140000,3902369.30000000,1770850799999,319436.80319000,3454
1770850800000,0.08130000,0.08360000,0.08000000,0.08300000,2259904.20000000,1770854399999,184443.33055000,2761
1770854400000,0.08290000,0.08450000,0.08150000,0.08260000,2311708.00000000,1770857999999,192226.01817000,3187
1770858000000,0.08260000,0.08360000,0.08160000,0.08290000,1892798.60000000,1770861599999,156330.46452000,2713
1770861600000,0.08290000,0.08660000,0.08280000,0.08410000,2588788.90000000,1770865199999,219941.15516000,2787
1770865200000,0.08410000,0.08580000,0.08330000,0.08550000,1116832.80000000,1770868799999,94405.47577000,2164
1770868800000,0.08540000,0.08670000,0.08340000,0.08500000,1735178.80000000,1770872399999,147529.99276000,1949
1770872400000,0.08510000,0.08650000,0.08430000,0.08610000,1724512.10000000,1770875999999,147180.44472000,2780
1770876000000,0.08620000,0.08690000,0.08350000,0.08440000,1449947.20000000,1770879599999,123437.15485000,2782
1770879600000,0.08440000,0.08480000,0.07850000,0.08000000,5604832.50000000,1770883199999,455773.96810000,8530
1770883200000,0.08010000,0.08110000,0.07760000,0.07990000,4365660.60000000,1770886799999,346619.74672000,6706
1770886800000,0.08000000,0.08110000,0.07910000,0.07990000,2785121.70000000,1770890399999,222724.14152000,4734
1770890400000,0.08000000,0.08040000,0.07860000,0.07910000,1432389.40000000,1770893999999,113685.46199000,2987
1770894000000,0.07920000,0.08030000,0.07840000,0.07980000,2937222.00000000,1770897599999,233240.71358000,5204
1770897600000,0.07970000,0.08000000,0.07670000,0.07820000,2590736.80000000,1770901199999,202122.77930000,3555
1770901200000,0.07830000,0.07890000,0.07670000,0.07730000,2128707.00000000,1770904799999,164907.84356000,3115
1770904800000,0.07730000,0.07750000,0.07630000,0.07670000,1106885.60000000,1770908399999,85192.98497000,2660
1770908400000,0.07660000,0.07710000,0.07530000,0.07550000,2389856.00000000,1770911999999,181835.78653000,4394
1770912000000,0.07550000,0.07580000,0.07250000,0.07280000,2991217.10000000,1770915599999,220583.07226000,5693
1770915600000,0.07290000,0.07390000,0.07170000,0.07280000,1074320.50000000,1770919199999,78461.87088000,2328
1770919200000,0.07280000,0.07450000,0.07240000,0.07410000,1126660.30000000,1770922799999,82944.41655000,2041
1770922800000,0.07420000,0.07520000,0.07410000,0.07450000,1052724.50000000,1770926399999,78535.30317000,1806
1770926400000,0.07450000,0.07480000,0.07400000,0.07440000,321476.20000000,1770929999999,23901.68366000,690
1770930000000,0.07440000,0.07460000,0.07410000,0.07420000,284334.00000000,1770933599999,21104.13021000,698
1770933600000,0.07420000,0.07710000,0.07400000,0.07630000,1229491.50000000,1770937199999,92898.36866000,2233
1770937200000,0.07630000,0.07710000,0.07590000,0.07690000,1084397.10000000,1770940799999,82996.19031000,2571
1770940800000,0.07690000,0.07740000,0.07630000,0.07720000,870466.60000000,1770944399999,66795.68997000,1681
1770944400000,0.07720000,0.08330000,0.07720000,0.08200000,4826815.60000000,1770947999999,390090.90619000,7965
1770948000000,0.08210000,0.08350000,0.08000000,0.08030000,1814354.60000000,1770951599999,148667.82896000,4815
1770951600000,0.08020000,0.08110000,0.07860000,0.07920000,895558.00000000,1770955199999,71308.60237000,2325
1770955200000,0.07920000,0.07970000,0.07750000,0.07810000,1100114.00000000,1770958799999,86129.45216000,2180
1770958800000,0.07810000,0.07980000,0.07740000,0.07940000,1176017.00000000,1770962399999,92465.00430000,2121
1770962400000,0.07950000,0.08080000,0.07920000,0.08010000,1447620.60000000,1770965999999,115921.30340000,3683
1770966000000,0.08000000,0.08040000,0.07900000,0.07980000,682953.30000000,1770969599999,54370.39647000,1286
1770969600000,0.07970000,0.08510000,0.07970000,0.08260000,6540814.00000000,1770973199999,541733.39436000,10630
1770973200000,0.08250000,0.08310000,0.08130000,0.08150000,2142001.00000000,1770976799999,175442.69753000,4206
1770976800000,0.08160000,0.08170000,0.08020000,0.08090000,1276903.00000000,1770980399999,103471.39536000,2635
1770980400000,0.08090000,0.08190000,0.08070000,0.08090000,727515.40000000,1770983999999,59149.14387000,1534
1770984000000,0.08080000,0.08210000,0.08050000,0.08100000,903611.80000000,1770987599999,73523.12969000,1860
1770987600000,0.08110000,0.08170000,0.08090000,0.08120000,1018292.20000000,1770991199999,82750.23786000,1957
1770991200000,0.08120000,0.08640000,0.08090000,0.08520000,4949026.00000000,1770994799999,419992.02080000,7544
1770994800000,0.08520000,0.08680000,0.08250000,0.08340000,5086226.40000000,1770998399999,429014.79818000,8717
1770998400000,0.08340000,0.08560000,0.08320000,0.08430000,2048523.20000000,1771001999999,172708.16325000,4797
1771002000000,0.08420000,0.08430000,0.08230000,0.08270000,1280630.40000000,1771005599999,106507.12921000,3291
1771005600000,0.08270000,0.08560000,0.08260000,0.08550000,1349042.00000000,1771009199999,113622.67186000,2406
1771009200000,0.08560000,0.08580000,0.08330000,0.08360000,1045610.10000000,1771012799999,87989.81085000,1868
1771012800000,0.08350000,0.08430000,0.08300000,0.08330000,815720.40000000,1771016399999,68188.22517000,1290
1771016400000,0.08340000,0.08380000,0.08300000,0.08330000,355361.30000000,1771019999999,29618.24584000,670
1771020000000,0.08320000,0.08360000,0.08250000,0.08340000,363608.60000000,1771023599999,30176.58131000,517
1771023600000,0.08350000,0.08420000,0.08280000,0.08330000,453320.10000000,1771027199999,37831.17814000,827
1771027200000,0.08320000,0.08390000,0.08180000,0.08380000,1283474.90000000,1771030799999,106181.53504000,2037
1771030800000,0.08390000,0.08470000,0.08300000,0.08330000,449915.10000000,1771034399999,37697.70411000,1327
1771034400000,0.08330000,0.08370000,0.08250000,0.08270000,365711.60000000,1771037999999,30320.83074000,657
1771038000000,0.08260000,0.08360000,0.08240000,0.08250000,634247.30000000,1771041599999,52659.82569000,803
1771041600000,0.08250000,0.08340000,0.08150000,0.08310000,625018.00000000,1771045199999,51441.31666000,1078
1771045200000,0.08300000,0.08310000,0.08210000,0.08210000,288869.50000000,1771048799999,23894.55612000,583
1771048800000,0.08210000,0.08430000,0.08200000,0.08340000,858953.30000000,1771052399999,71734.71863000,1406
1771052400000,0.08340000,0.08490000,0.08290000,0.08380000,892218.90000000,1771055999999,74868.20727000,1871
1771056000000,0.08390000,0.08630000,0.08380000,0.08470000,1912716.30000000,1771059599999,162976.39868000,3241
1771059600000,0.08460000,0.08460000,0.07960000,0.08170000,7992335.10000000,1771063199999,653971.54353000,8089
1771063200000,0.08160000,0.08250000,0.08130000,0.08210000,805618.10000000,1771066799999,65951.83561000,1147
1771066800000,0.08220000,0.08240000,0.08150000,0.08220000,658218.40000000,1771070399999,53983.31130000,937
1771070400000,0.08220000,0.08240000,0.08170000,0.08170000,267874.70000000,1771073999999,21975.76451000,664
1771074000000,0.08180000,0.08310000,0.08180000,0.08310000,391798.40000000,1771077599999,32350.15946000,604
1771077600000,0.08320000,0.08330000,0.08200000,0.08270000,897905.20000000,1771081199999,74099.75715000,1167
1771081200000,0.08280000,0.08600000,0.08280000,0.08460000,3273025.80000000,1771084799999,277496.57897000,4100
1771084800000,0.08470000,0.08840000,0.08360000,0.08530000,3650317.20000000,1771088399999,313393.82747000,5169
1771088400000,0.08520000,0.08550000,0.08420000,0.08480000,691378.30000000,1771091999999,58638.85701000,1303
1771092000000,0.08480000,0.08510000,0.08400000,0.08400000,281047.30000000,1771095599999,23723.23149000,749
1771095600000,0.08400000,0.08550000,0.08380000,0.08440000,1195275.40000000,1771099199999,101160.24459000,1867
1771099200000,0.08430000,0.08460000,0.08360000,0.08390000,404137.40000000,1771102799999,33933.45801000,941
1771102800000,0.08390000,0.08440000,0.08240000,0.08270000,583068.90000000,1771106399999,48570.82857000,1163
1771106400000,0.08270000,0.08410000,0.08270000,0.08350000,180193.40000000,1771109999999,15068.02700000,484
1771110000000,0.08350000,0.08390000,0.08290000,0.08300000,191925.70000000,1771113599999,15981.79648000,643
1771113600000,0.08310000,0.08350000,0.08270000,0.08350000,415863.10000000,1771117199999,34553.83504000,1155
1771117200000,0.08360000,0.08610000,0.08360000,0.08600000,702164.30000000,1771120799999,59568.86463000,1370
1771120800000,0.08600000,0.08720000,0.08500000,0.08540000,1225906.90000000,1771124399999,105345.22182000,3141
1771124400000,0.08530000,0.08540000,0.08430000,0.08520000,373095.50000000,1771127999999,31654.77662000,1058
1771128000000,0.08520000,0.08700000,0.08490000,0.08570000,480100.00000000,1771131599999,41202.11419000,1096
1771131600000,0.08580000,0.08650000,0.08540000,0.08590000,646874.20000000,1771135199999,55534.43754000,1010
1771135200000,0.08590000,0.09070000,0.08520000,0.08880000,1935792.10000000,1771138799999,170236.12610000,3433
1771138800000,0.08870000,0.09010000,0.08800000,0.08870000,1189574.60000000,1771142399999,105936.20623000,2735
1771142400000,0.08890000,0.08910000,0.08650000,0.08870000,1268216.50000000,1771145999999,111138.38172000,2290
1771146000000,0.08870000,0.09180000,0.08860000,0.08940000,3143920.60000000,1771149599999,283623.42700000,5928
1771149600000,0.08940000,0.08970000,0.08760000,0.08920000,1338118.90000000,1771153199999,118427.34810000,2708
1771153200000,0.08930000,0.09520000,0.08930000,0.09150000,8395785.30000000,1771156799999,779489.35736000,17318
1771156800000,0.09150000,0.09720000,0.09070000,0.09260000,8654437.10000000,1771160399999,817208.04150000,14499
1771160400000,0.09260000,0.09400000,0.08900000,0.09020000,4278732.60000000,1771163999999,391162.46586000,6116
1771164000000,0.09020000,0.09590000,0.09020000,0.09360000,5330206.50000000,1771167599999,499584.75649000,4724
1771167600000,0.09360000,0.09630000,0.09160000,0.09510000,5175893.00000000,1771171199999,489332.21849000,6167
1771171200000,0.09510000,0.09590000,0.09180000,0.09330000,2977918.10000000,1771174799999,277645.28720000,5509
1771174800000,0.09320000,0.09600000,0.08960000,0.09370000,6010753.00000000,1771178399999,556456.05768000,9877
1771178400000,0.09370000,0.09500000,0.09150000,0.09260000,3507111.00000000,1771181999999,326611.36508000,3646
1771182000000,0.09270000,0.09540000,0.09100000,0.09140000,4043037.80000000,1771185599999,377201.42399000,3905
1771185600000,0.09140000,0.09440000,0.09090000,0.09330000,2627137.50000000,1771189199999,243442.68244000,2092
1771189200000,0.09330000,0.10450000,0.09330000,0.09590000,22693043.80000000,1771192799999,2248295.91647000,25949
1771192800000,0.09580000,0.09720000,0.09180000,0.09380000,5187276.70000000,1771196399999,491040.88344000,4688
1771196400000,0.09390000,0.09620000,0.09310000,0.09510000,2540991.10000000,1771199999999,240745.46330000,3459
1771200000000,0.09500000,0.09620000,0.09350000,0.09570000,3357568.60000000,1771203599999,318601.26233000,3103
1771203600000,0.09570000,0.09970000,0.09470000,0.09930000,4955046.30000000,1771207199999,480316.47393000,4038
1771207200000,0.09920000,0.10030000,0.09340000,0.09390000,4929044.90000000,1771210799999,479588.35200000,3934
1771210800000,0.09400000,0.09570000,0.09210000,0.09280000,2956287.00000000,1771214399999,277861.10407000,2703
1771214400000,0.09280000,0.09290000,0.08970000,0.09030000,3533914.60000000,1771217999999,321629.33745000,2458
1771218000000,0.09020000,0.09080000,0.08900000,0.08980000,1605574.80000000,1771221599999,144214.47905000,1268
1771221600000,0.08990000,0.09330000,0.08890000,0.09200000,2003011.90000000,1771225199999,183025.87996000,1576
1771225200000,0.09200000,0.09770000,0.09180000,0.09420000,6692085.50000000,1771228799999,638373.54703000,6003
1771228800000,0.09420000,0.09430000,0.09110000,0.09220000,2533996.60000000,1771232399999,234503.44846000,2567
1771232400000,0.09200000,0.09210000,0.08820000,0.08850000,2332359.00000000,1771235999999,209504.40178000,1862
1771236000000,0.08860000,0.08870000,0.08470000,0.08650000,2125138.00000000,1771239599999,183642.16691000,1729
1771239600000,0.08650000,0.08760000,0.08580000,0.08740000,956353.90000000,1771243199999,82921.49118000,863
1771243200000,0.08750000,0.08940000,0.08730000,0.08930000,1303103.50000000,1771246799999,115155.33783000,1051
1771246800000,0.08910000,0.09080000,0.08690000,0.08760000,1619792.60000000,1771250399999,143607.50321000,1534
1771250400000,0.08760000,0.08820000,0.08720000,0.08740000,763217.70000000,1771253999999,66898.49787000,691
1771254000000,0.08760000,0.08780000,0.08450000,0.08610000,4070545.90000000,1771257599999,350870.12767000,3289
1771257600000,0.08610000,0.08760000,0.08600000,0.08760000,1217627.70000000,1771261199999,105993.97401000,918
1771261200000,0.08760000,0.08830000,0.08660000,0.08660000,586691.90000000,1771264799999,51228.26327000,979
1771264800000,0.08650000,0.08850000,0.08640000,0.08770000,958905.40000000,1771268399999,83857.62325000,1432
1771268400000,0.08780000,0.08890000,0.08730000,0.08850000,686420.70000000,1771271999999,60516.24195000,1031
1771272000000,0.08860000,0.08890000,0.08770000,0.08810000,582906.30000000,1771275599999,51396.20695000,1045
1771275600000,0.08820000,0.08850000,0.08780000,0.08820000,387440.70000000,1771279199999,34161.87071000,754
1771279200000,0.08830000,0.08850000,0.08750000,0.08780000,489814.20000000,1771282799999,43111.14146000,889
1771282800000,0.08780000,0.08820000,0.08710000,0.08760000,539407.40000000,1771286399999,47307.54130000,565
1771286400000,0.08760000,0.08770000,0.08680000,0.08680000,242667.90000000,1771289999999,21207.14340000,331
1771290000000,0.08680000,0.08760000,0.08550000,0.08730000,1027790.70000000,1771293599999,88803.24546000,1216
1771293600000,0.08730000,0.09050000,0.08710000,0.08970000,1720274.00000000,1771297199999,153501.92553000,1692
1771297200000,0.08970000,0.09240000,0.08880000,0.09120000,1153887.90000000,1771300799999,104392.47169000,1603
1771300800000,0.09120000,0.09220000,0.09020000,0.09210000,573816.10000000,1771304399999,52333.09768000,1067
1771304400000,0.09220000,0.09300000,0.08990000,0.09000000,1687255.10000000,1771307999999,153922.16290000,1725
1771308000000,0.08990000,0.09070000,0.08940000,0.08990000,780388.70000000,1771311599999,70310.41993000,889
1771311600000,0.08980000,0.08980000,0.08790000,0.08800000,604245.20000000,1771315199999,53578.01303000,687
1771315200000,0.08800000,0.08830000,0.08680000,0.08700000,413486.50000000,1771318799999,36153.89882000,611
1771318800000,0.08720000,0.08730000,0.08630000,0.08670000,689958.50000000,1771322399999,59754.29929000,965
1771322400000,0.08680000,0.08750000,0.08650000,0.08710000,593088.00000000,1771325999999,51645.58388000,961
1771326000000,0.08710000,0.08770000,0.08650000,0.08660000,1033064.50000000,1771329599999,89825.97112000,1374
1771329600000,0.08660000,0.08870000,0.08650000,0.08680000,870864.10000000,1771333199999,76628.54880000,1313
1771333200000,0.08680000,0.08710000,0.08610000,0.08650000,957026.20000000,1771336799999,82876.89967000,1264
1771336800000,0.08660000,0.09100000,0.08340000,0.08990000,4228151.90000000,1771340399999,369453.21967000,4382
1771340400000,0.09000000,0.09410000,0.08910000,0.09010000,7382858.10000000,1771343999999,676627.62158000,7818
1771344000000,0.09020000,0.09270000,0.08880000,0.09120000,2110236.80000000,1771347599999,191064.09978000,2115
1771347600000,0.09120000,0.09440000,0.09050000,0.09090000,1871364.20000000,1771351199999,172576.51560000,2212
1771351200000,0.09090000,0.09180000,0.09040000,0.09160000,363577.50000000,1771354799999,33079.90174000,636
1771354800000,0.09170000,0.09280000,0.09100000,0.09210000,905447.80000000,1771358399999,83228.20211000,1377
1771358400000,0.09210000,0.09230000,0.08910000,0.08970000,966025.20000000,1771361999999,87543.97861000,1168
1771362000000,0.08960000,0.09080000,0.08960000,0.09040000,271513.20000000,1771365599999,24505.70335000,644
1771365600000,0.09060000,0.09210000,0.09050000,0.09110000,534769.40000000,1771369199999,48884.07247000,611
1771369200000,0.09120000,0.09240000,0.09080000,0.09090000,562083.00000000,1771372799999,51568.58473000,656
1771372800000,0.09080000,0.09460000,0.09000000,0.09410000,3828345.80000000,1771376399999,353513.77744000,2948
1771376400000,0.09400000,0.09500000,0.09240000,0.09480000,1494941.50000000,1771379999999,140177.27398000,2157
1771380000000,0.09480000,0.09600000,0.09350000,0.09380000,856293.80000000,1771383599999,81208.12384000,1250
1771383600000,0.09370000,0.09530000,0.09330000,0.09450000,293269.50000000,1771387199999,27720.51380000,497
1771387200000,0.09450000,0.09600000,0.09310000,0.09350000,1662962.70000000,1771390799999,156813.42690000,1577
1771390800000,0.09360000,0.09440000,0.09260000,0.09290000,725082.90000000,1771394399999,67632.74799000,600
1771394400000,0.09290000,0.09690000,0.09290000,0.09580000,1259047.50000000,1771397999999,119937.29229000,1415
1771398000000,0.09580000,0.09710000,0.09550000,0.09680000,730822.10000000,1771401599999,70422.42061000,893
1771401600000,0.09670000,0.09940000,0.09570000,0.09730000,3594217.70000000,1771405199999,351288.75678000,4336
1771405200000,0.09740000,0.09800000,0.09580000,0.09700000,2060815.20000000,1771408799999,199306.14570000,2416
1771408800000,0.09700000,0.09750000,0.09460000,0.09540000,1676776.90000000,1771412399999,160779.65987000,1365
1771412400000,0.09550000,0.09640000,0.09450000,0.09500000,1608859.30000000,1771415999999,153339.62983000,1663
1771416000000,0.09500000,0.09740000,0.09500000,0.09640000,1078818.40000000,1771419599999,103853.02691000,1151
1771419600000,0.09640000,0.09880000,0.09620000,0.09750000,2168017.50000000,1771423199999,211820.63065000,1852
1771423200000,0.09760000,0.09840000,0.09640000,0.09780000,1684965.80000000,1771426799999,164092.00059000,1680
1771426800000,0.09780000,0.09930000,0.09620000,0.09630000,2285979.90000000,1771430399999,223681.56524000,2215
1771430400000,0.09640000,0.09820000,0.09580000,0.09630000,895778.80000000,1771433999999,86737.24675000,1056
1771434000000,0.09620000,0.09650000,0.09480000,0.09530000,654569.50000000,1771437599999,62614.78888000,681
1771437600000,0.09540000,0.09580000,0.09320000,0.09390000,1862118.30000000,1771441199999,175402.57764000,1360
1771441200000,0.09390000,0.09730000,0.09380000,0.09530000,2294356.90000000,1771444799999,219072.06041000,1485
1771444800000,0.09530000,0.09640000,0.09500000,0.09620000,689753.50000000,1771448399999,66075.21943000,854
1771448400000,0.09610000,0.09700000,0.09380000,0.09420000,1930555.10000000,1771451999999,183749.68204000,1442
1771452000000,0.09430000,0.09440000,0.09250000,0.09350000,1078224.20000000,1771455599999,100713.42062000,1150
1771455600000,0.09350000,0.09430000,0.09330000,0.09410000,271533.30000000,1771459199999,25463.38205000,352
1771459200000,0.09410000,0.09700000,0.09380000,0.09560000,3214457.50000000,1771462799999,305817.13444000,2303
1771462800000,0.09560000,0.09870000,0.09540000,0.09770000,1995407.50000000,1771466399999,194094.04013000,1806
1771466400000,0.09770000,0.09820000,0.09700000,0.09770000,503523.70000000,1771469999999,49131.85269000,522
1771470000000,0.09760000,0.09880000,0.09720000,0.09810000,469673.50000000,1771473599999,46134.77331000,432
1771473600000,0.09810000,0.09900000,0.09780000,0.09830000,596670.20000000,1771477199999,58742.98576000,644
1771477200000,0.09830000,0.10030000,0.09820000,0.09890000,1184426.60000000,1771480799999,117849.71002000,1240
1771480800000,0.09880000,0.09920000,0.09740000,0.09760000,1203426.00000000,1771484399999,118340.80084000,1058
1771484400000,0.09760000,0.09870000,0.09700000,0.09800000,724827.70000000,1771487999999,70930.43474000,679
1771488000000,0.09790000,0.09890000,0.09710000,0.09830000,973590.40000000,1771491599999,95435.96250000,945
1771491600000,0.09840000,0.10120000,0.09820000,0.10020000,2755718.90000000,1771495199999,275425.31313000,2420
1771495200000,0.10010000,0.10090000,0.09890000,0.10080000,609203.60000000,1771498799999,60756.42483000,722
1771498800000,0.10080000,0.10180000,0.09950000,0.10060000,1947083.40000000,1771502399999,195928.19133000,1797
1771502400000,0.10060000,0.10280000,0.09970000,0.10160000,1540953.60000000,1771505999999,156322.35568000,1646
1771506000000,0.10160000,0.10340000,0.09970000,0.10320000,3185626.00000000,1771509599999,323961.97851000,2502
1771509600000,0.10330000,0.10830000,0.10170000,0.10700000,6306002.40000000,1771513199999,663948.43253000,5976
1771513200000,0.10700000,0.11080000,0.10570000,0.10940000,3574854.60000000,1771516799999,385385.78222000,3610
1771516800000,0.10940000,0.11080000,0.10650000,0.10940000,4312687.90000000,1771520399999,469596.41593000,3601
1771520400000,0.10950000,0.11200000,0.10820000,0.11110000,4069967.70000000,1771523999999,448864.39846000,3506
1771524000000,0.11100000,0.11680000,0.11090000,0.11260000,8484596.90000000,1771527599999,966079.19840000,7335
1771527600000,0.11250000,0.11270000,0.10820000,0.10930000,5054068.00000000,1771531199999,558254.58322000,4859
1771531200000,0.10940000,0.11120000,0.10740000,0.10970000,2938264.60000000,1771534799999,321191.66562000,4416
1771534800000,0.10970000,0.11140000,0.10940000,0.11000000,1881384.00000000,1771538399999,207948.27747000,3307
1771538400000,0.11000000,0.11080000,0.10540000,0.10740000,3086096.80000000,1771541999999,334827.58496000,4104
1771542000000,0.10730000,0.10790000,0.10480000,0.10560000,1306770.20000000,1771545599999,138421.88577000,2875
1771545600000,0.10570000,0.10600000,0.10150000,0.10450000,3169624.50000000,1771549199999,327882.17726000,5478
1771549200000,0.10460000,0.10780000,0.10410000,0.10680000,1781782.40000000,1771552799999,189119.49627000,4728
1771552800000,0.10680000,0.11090000,0.10640000,0.11000000,4590928.10000000,1771556399999,501241.59805000,5508
1771556400000,0.11010000,0.11270000,0.10910000,0.11020000,3704789.10000000,1771559999999,411941.74764000,3510
1771560000000,0.11030000,0.11260000,0.10940000,0.11200000,1505242.90000000,1771563599999,166895.80707000,2353
1771563600000,0.11200000,0.11610000,0.11140000,0.11510000,2624338.10000000,1771567199999,299395.17882000,2658
1771567200000,0.11510000,0.11780000,0.11160000,0.11260000,2689803.60000000,1771570799999,308519.18665000,2722
1771570800000,0.11260000,0.11420000,0.10950000,0.11000000,1978443.20000000,1771574399999,220981.45743000,2974
1771574400000,0.11000000,0.11080000,0.10850000,0.11000000,2252123.80000000,1771577999999,246869.32467000,3598
1771578000000,0.10990000,0.11060000,0.10780000,0.10840000,2331022.30000000,1771581599999,253776.21581000,3325
1771581600000,0.10840000,0.11500000,0.10840000,0.11160000,4558517.60000000,1771585199999,508655.24808000,4893
1771585200000,0.11170000,0.11730000,0.11170000,0.11500000,3799893.80000000,1771588799999,437497.78832000,4239
1771588800000,0.11510000,0.12120000,0.11500000,0.12030000,3436379.90000000,1771592399999,403729.30167000,3820
1771592400000,0.12010000,0.12150000,0.11690000,0.11950000,4614138.80000000,1771595999999,549480.01759000,4557
1771596000000,0.11970000,0.12630000,0.11940000,0.12560000,8500177.50000000,1771599599999,1047556.48786000,7190
1771599600000,0.12570000,0.14310000,0.12570000,0.14230000,15369307.90000000,1771603199999,2057226.20894000,21687
1771603200000,0.14230000,0.15560000,0.14170000,0.15360000,19525377.00000000,1771606799999,2936089.71796000,24833
1771606800000,0.15350000,0.15750000,0.15060000,0.15480000,10165326.50000000,1771610399999,1566899.28565000,12628
1771610400000,0.15490000,0.16980000,0.15150000,0.15500000,18067920.70000000,1771613999999,2917493.84170000,24637
1771614000000,0.15510000,0.15610000,0.14240000,0.14710000,20192686.40000000,1771617599999,2985542.64415000,32797
1771617600000,0.14710000,0.14760000,0.13990000,0.14030000,7945727.20000000,1771621199999,1144219.10374000,9208
1771621200000,0.14020000,0.14140000,0.13570000,0.14020000,6427285.30000000,1771624799999,887496.47346000,8526
1771624800000,0.14000000,0.14200000,0.13330000,0.13650000,3512200.50000000,1771628399999,479875.50871000,4173
1771628400000,0.13650000,0.13780000,0.13230000,0.13420000,3963345.80000000,1771631999999,536155.90721000,4522
1771632000000,0.13440000,0.13770000,0.12790000,0.13060000,5203659.50000000,1771635599999,692008.84652000,6209
1771635600000,0.13060000,0.14000000,0.12890000,0.13910000,6608814.60000000,1771639199999,893133.29104000,7815
1771639200000,0.13910000,0.14130000,0.13300000,0.13750000,7274841.00000000,1771642799999,998941.00710000,7326
1771642800000,0.13750000,0.14140000,0.13460000,0.13720000,5630221.90000000,1771646399999,776514.20375000,5717
1771646400000,0.13730000,0.14490000,0.13720000,0.14270000,6730569.90000000,1771649999999,954079.88960000,6588
1771650000000,0.14270000,0.14390000,0.13530000,0.13640000,6024299.10000000,1771653599999,832603.37339000,6349
1771653600000,0.13620000,0.13810000,0.13340000,0.13410000,3226490.40000000,1771657199999,437434.85167000,4286
1771657200000,0.13420000,0.13980000,0.13420000,0.13640000,2463345.10000000,1771660799999,339110.60449000,4303
1771660800000,0.13650000,0.13970000,0.13520000,0.13680000,2409398.00000000,1771664399999,331676.09227000,3546
1771664400000,0.13670000,0.13860000,0.13550000,0.13650000,2577334.40000000,1771667999999,353415.51135000,3092
1771668000000,0.13660000,0.14280000,0.13580000,0.14180000,3295727.70000000,1771671599999,460861.22130000,3953
1771671600000,0.14170000,0.14180000,0.13630000,0.13890000,2490512.80000000,1771675199999,344853.33641000,3262
1771675200000,0.13890000,0.14050000,0.13570000,0.13730000,1869273.70000000,1771678799999,258186.87652000,4105
1771678800000,0.13760000,0.13860000,0.13430000,0.13580000,2463282.50000000,1771682399999,336583.08210000,5141
1771682400000,0.13580000,0.13810000,0.13520000,0.13700000,1661411.70000000,1771685999999,227244.62499000,4162
1771686000000,0.13700000,0.13700000,0.11720000,0.11950000,19328988.10000000,1771689599999,2382728.39910000,20867
1771689600000,0.11960000,0.12840000,0.11740000,0.11840000,12321560.80000000,1771693199999,1506699.94963000,10644
1771693200000,0.11850000,0.12360000,0.11610000,0.12340000,7790276.00000000,1771696799999,931785.63702000,7274
1771696800000,0.12340000,0.12760000,0.12210000,0.12430000,4110045.90000000,1771700399999,512519.76285000,8728
1771700400000,0.12430000,0.12500000,0.12210000,0.12230000,1406139.60000000,1771703999999,173423.79361000,4468
1771704000000,0.12240000,0.12340000,0.12180000,0.12230000,1072065.90000000,1771707599999,131365.78368000,3173
1771707600000,0.12230000,0.12280000,0.12110000,0.12120000,716355.40000000,1771711199999,87339.72981000,2257
1771711200000,0.12130000,0.12240000,0.12010000,0.12100000,1011808.80000000,1771714799999,122244.01745000,2447
1771714800000,0.12110000,0.12310000,0.12040000,0.12230000,805889.20000000,1771718399999,98353.12135000,2382
1771718400000,0.12230000,0.12280000,0.11750000,0.12020000,4910504.00000000,1771721999999,587423.91640000,7741
1771722000000,0.12020000,0.12070000,0.11700000,0.11850000,3020999.20000000,1771725599999,357697.29662000,5021
1771725600000,0.11860000,0.12130000,0.11790000,0.12100000,1872475.50000000,1771729199999,224074.22780000,4058
1771729200000,0.12100000,0.12120000,0.11930000,0.11990000,1020838.90000000,1771732799999,122766.12526000,2800
1771732800000,0.11970000,0.11970000,0.11680000,0.11680000,1326764.40000000,1771736399999,156875.03406000,2547
1771736400000,0.11680000,0.11790000,0.11500000,0.11530000,1732496.70000000,1771739999999,201759.19552000,3132
1771740000000,0.11540000,0.11770000,0.11510000,0.11690000,1509229.50000000,1771743599999,175578.39080000,3446
1771743600000,0.11700000,0.11950000,0.11700000,0.11800000,2339924.20000000,1771747199999,277249.39610000,5013
1771747200000,0.11800000,0.11870000,0.11730000,0.11820000,1347139.20000000,1771750799999,158957.06820000,2224
1771750800000,0.11830000,0.12110000,0.11780000,0.11910000,2282040.80000000,1771754399999,273409.28496000,6135
1771754400000,0.11900000,0.12080000,0.11850000,0.12000000,2127995.90000000,1771757999999,255034.82131000,4965
1771758000000,0.12000000,0.12190000,0.11830000,0.11890000,1757201.00000000,1771761599999,211033.99688000,4115
1771761600000,0.11880000,0.12000000,0.11820000,0.11870000,1073759.50000000,1771765199999,127862.87688000,2726
1771765200000,0.11870000,0.12270000,0.11830000,0.12030000,1753197.40000000,1771768799999,211256.76437000,3757
1771768800000,0.12030000,0.12110000,0.11630000,0.11710000,3155782.10000000,1771772399999,374881.60642000,4728
1771772400000,0.11700000,0.11730000,0.11560000,0.11680000,1731112.10000000,1771775999999,201485.14987000,3064
1771776000000,0.11670000,0.11680000,0.11070000,0.11230000,2099832.40000000,1771779599999,238210.45787000,4160
1771779600000,0.11230000,0.11260000,0.10930000,0.10940000,868166.20000000,1771783199999,96319.41191000,2745
1771783200000,0.10940000,0.10980000,0.10770000,0.10860000,1264018.40000000,1771786799999,137537.65810000,2655
1771786800000,0.10870000,0.10940000,0.10790000,0.10900000,673432.20000000,1771790399999,73143.27288000,1937
1771790400000,0.10910000,0.11060000,0.10830000,0.10860000,965069.10000000,1771793999999,105623.47143000,2268
1771794000000,0.10850000,0.10940000,0.10800000,0.10840000,480156.70000000,1771797599999,52127.58513000,1594
1771797600000,0.10850000,0.11070000,0.10850000,0.11010000,774222.10000000,1771801199999,84773.47997000,1436
1771801200000,0.11010000,0.11090000,0.10970000,0.11070000,554710.40000000,1771804799999,61151.58594000,1091
1771804800000,0.11080000,0.11160000,0.10940000,0.10970000,457596.20000000,1771808399999,50436.26172000,1586
1771808400000,0.10970000,0.10970000,0.10530000,0.10580000,2917273.30000000,1771811999999,312387.33321000,6082
1771812000000,0.10590000,0.10780000,0.10470000,0.10700000,997112.20000000,1771815599999,105642.50975000,1929
1771815600000,0.10710000,0.10800000,0.10580000,0.10590000,997896.10000000,1771819199999,106439.15622000,2071
1771819200000,0.10590000,0.10660000,0.10560000,0.10650000,331412.30000000,1771822799999,35192.22791000,605
1771822800000,0.10660000,0.10770000,0.10610000,0.10710000,504880.50000000,1771826399999,53896.94293000,990
1771826400000,0.10720000,0.10950000,0.10720000,0.10850000,1047290.60000000,1771829999999,113687.12458000,1838
1771830000000,0.10870000,0.11100000,0.10860000,0.11030000,1104748.20000000,1771833599999,121247.28568000,1888
1771833600000,0.11040000,0.11240000,0.10900000,0.10920000,1302005.40000000,1771837199999,144307.84187000,2028
1771837200000,0.10930000,0.10930000,0.10780000,0.10880000,655521.20000000,1771840799999,71152.10675000,934
1771840800000,0.10870000,0.10910000,0.10800000,0.10810000,558586.40000000,1771844399999,60571.37304000,769
1771844400000,0.10810000,0.10980000,0.10810000,0.10880000,506887.70000000,1771847999999,55245.45087000,736
1771848000000,0.10870000,0.10870000,0.10660000,0.10710000,640582.50000000,1771851599999,68774.40925000,948
1771851600000,0.10700000,0.10730000,0.10580000,0.10660000,1003056.20000000,1771855199999,106910.72847000,1460
1771855200000,0.10650000,0.10780000,0.10590000,0.10740000,574229.00000000,1771858799999,61282.69266000,818
1771858800000,0.10720000,0.10880000,0.10610000,0.10650000,1259802.80000000,1771862399999,135764.87522000,1562
1771862400000,0.10640000,0.10640000,0.10440000,0.10510000,869600.60000000,1771865999999,91713.85052000,1553
1771866000000,0.10520000,0.10640000,0.10190000,0.10320000,2299979.60000000,1771869599999,238056.36550000,1952
1771869600000,0.10330000,0.10560000,0.10330000,0.10390000,660104.60000000,1771873199999,68948.19017000,807
1771873200000,0.10400000,0.10430000,0.10230000,0.10310000,534774.30000000,1771876799999,55227.45582000,769
1771876800000,0.10310000,0.10310000,0.10160000,0.10220000,398645.50000000,1771880399999,40718.13209000,853
1771880400000,0.10230000,0.10290000,0.10150000,0.10230000,403878.30000000,1771883999999,41222.09608000,1007
1771884000000,0.10240000,0.10260000,0.10070000,0.10130000,475011.60000000,1771887599999,48136.28909000,738
1771887600000,0.10140000,0.10160000,0.09920000,0.09950000,1628885.10000000,1771891199999,163256.39300000,1854
1771891200000,0.09950000,0.10030000,0.09820000,0.09940000,2106465.70000000,1771894799999,208924.05293000,3387
1771894800000,0.09930000,0.10090000,0.09820000,0.09840000,1492187.40000000,1771898399999,148512.61588000,2673
1771898400000,0.09830000,0.09830000,0.09620000,0.09640000,1161602.90000000,1771901999999,113060.47753000,2044
1771902000000,0.09640000,0.09640000,0.09350000,0.09550000,1888208.40000000,1771905599999,179068.52274000,2285
1771905600000,0.09550000,0.09560000,0.09290000,0.09360000,912223.00000000,1771909199999,85686.70985000,1985
1771909200000,0.09360000,0.09400000,0.09200000,0.09240000,1278455.70000000,1771912799999,119163.64080000,2265
1771912800000,0.09230000,0.09620000,0.09180000,0.09530000,2857541.70000000,1771916399999,268965.09603000,4757
1771916400000,0.09540000,0.09610000,0.09290000,0.09300000,1173305.90000000,1771919999999,110287.91694000,1856
1771920000000,0.09300000,0.09320000,0.09020000,0.09050000,1250937.00000000,1771923599999,114351.08137000,2044
1771923600000,0.09050000,0.09550000,0.09020000,0.09380000,2914609.30000000,1771927199999,271172.96543000,4466
1771927200000,0.09380000,0.09380000,0.09260000,0.09320000,602808.90000000,1771930799999,56138.37201000,1060
1771930800000,0.09320000,0.09380000,0.09190000,0.09320000,937498.30000000,1771934399999,86990.17735000,1389
1771934400000,0.09310000,0.09320000,0.09240000,0.09280000,481382.40000000,1771937999999,44701.27237000,1062
1771938000000,0.09290000,0.09360000,0.09180000,0.09310000,1140690.90000000,1771941599999,105948.85488000,1778
1771941600000,0.09300000,0.09320000,0.09080000,0.09240000,1602663.00000000,1771945199999,148137.56765000,1574
1771945200000,0.09250000,0.09260000,0.09030000,0.09140000,1567529.10000000,1771948799999,143139.07824000,1327
1771948800000,0.09150000,0.09190000,0.08880000,0.08970000,1115054.70000000,1771952399999,100954.05449000,1220
1771952400000,0.08980000,0.09330000,0.08920000,0.09310000,1155887.30000000,1771955999999,105095.25401000,1266
1771956000000,0.09310000,0.09330000,0.09100000,0.09180000,1152515.30000000,1771959599999,106016.70838000,1184
1771959600000,0.09190000,0.09790000,0.09180000,0.09680000,2654485.10000000,1771963199999,252600.76933000,3078
1771963200000,0.09680000,0.09770000,0.09550000,0.09680000,1241867.90000000,1771966799999,119908.29505000,1736
1771966800000,0.09690000,0.09960000,0.09640000,0.09780000,2282845.50000000,1771970399999,223920.30004000,3230
1771970400000,0.09770000,0.09770000,0.09450000,0.09480000,1401833.70000000,1771973999999,134989.08170000,2861
1771974000000,0.09470000,0.09570000,0.09400000,0.09450000,1184648.60000000,1771977599999,112273.76830000,1963
1771977600000,0.09450000,0.09450000,0.09200000,0.09400000,1343177.30000000,1771981199999,125119.32085000,2215
1771981200000,0.09410000,0.09860000,0.09410000,0.09700000,1405161.40000000,1771984799999,136137.40506000,3141
1771984800000,0.09710000,0.11310000,0.09710000,0.10430000,11946562.70000000,1771988399999,1265161.76319000,19851
1771988400000,0.10440000,0.10580000,0.10150000,0.10230000,3055153.50000000,1771991999999,317149.98203000,3682
1771992000000,0.10240000,0.10650000,0.10180000,0.10520000,3308949.00000000,1771995599999,345385.59528000,4608
1771995600000,0.10520000,0.10520000,0.10240000,0.10280000,2231691.80000000,1771999199999,231946.95869000,2532
1771999200000,0.10290000,0.10380000,0.10040000,0.10060000,1167371.50000000,1772002799999,119100.30157000,2394
1772002800000,0.10050000,0.10580000,0.09990000,0.10420000,3565361.50000000,1772006399999,367540.76337000,6842
1772006400000,0.10430000,0.10570000,0.10320000,0.10560000,2401650.90000000,1772009999999,250646.83675000,3975
1772010000000,0.10560000,0.11090000,0.10320000,0.11070000,4866034.30000000,1772013599999,522606.78196000,6004
1772013600000,0.11070000,0.11150000,0.10730000,0.10830000,3477862.10000000,1772017199999,381185.22380000,5210
1772017200000,0.10830000,0.11250000,0.10760000,0.11200000,4171542.00000000,1772020799999,461020.96510000,5200
1772020800000,0.11200000,0.11480000,0.10790000,0.10850000,6183547.70000000,1772024399999,691136.74062000,7303
1772024400000,0.10850000,0.11080000,0.10700000,0.10850000,2427487.80000000,1772027999999,263567.27288000,3340
1772028000000,0.10850000,0.11730000,0.10640000,0.11450000,11007121.80000000,1772031599999,1245217.17457000,10126
1772031600000,0.11460000,0.11900000,0.11110000,0.11300000,10238809.00000000,1772035199999,1179543.90707000,9039
1772035200000,0.11290000,0.12480000,0.11240000,0.12160000,12915256.00000000,1772038799999,1548071.12042000,14670
1772038800000,0.12170000,0.12220000,0.11540000,0.11820000,5148945.70000000,1772042399999,609889.36114000,7185
1772042400000,0.11830000,0.12020000,0.11650000,0.11850000,3286396.90000000,1772045999999,388552.26815000,3782
1772046000000,0.11840000,0.11960000,0.11510000,0.11560000,2813463.00000000,1772049599999,329673.22123000,6473
1772049600000,0.11580000,0.11730000,0.11340000,0.11370000,2836309.30000000,1772053199999,326754.57053000,5350
1772053200000,0.11380000,0.11810000,0.11340000,0.11620000,2152767.30000000,1772056799999,248462.63704000,5975
1772056800000,0.11630000,0.11890000,0.11570000,0.11670000,1745587.00000000,1772060399999,204159.62080000,3573
1772060400000,0.11690000,0.11730000,0.11100000,0.11350000,3440344.50000000,1772063999999,390926.88008000,5756
1772064000000,0.11340000,0.11520000,0.11040000,0.11160000,3571711.50000000,1772067599999,403127.12534000,7071
1772067600000,0.11160000,0.11310000,0.11070000,0.11230000,1458850.20000000,1772071199999,163429.90303000,3139
1772071200000,0.11230000,0.11450000,0.11060000,0.11340000,1319369.80000000,1772074799999,148512.77352000,2858
1772074800000,0.11350000,0.11700000,0.11290000,0.11600000,2390037.20000000,1772078399999,275209.28884000,6555
1772078400000,0.11600000,0.11800000,0.11450000,0.11680000,2461779.60000000,1772081999999,285294.03138000,4818
1772082000000,0.11690000,0.11750000,0.11200000,0.11310000,3036487.40000000,1772085599999,348693.99071000,3691
1772085600000,0.11320000,0.11320000,0.11060000,0.11110000,1513617.30000000,1772089199999,169465.48832000,2366
1772089200000,0.11120000,0.11130000,0.10930000,0.11010000,1672724.20000000,1772092799999,183941.97542000,2454
1772092800000,0.11020000,0.11290000,0.10930000,0.11040000,1408757.10000000,1772096399999,156678.86465000,2516
1772096400000,0.11030000,0.11070000,0.10940000,0.11000000,908573.80000000,1772099999999,100000.39577000,1927
1772100000000,0.11000000,0.11010000,0.10690000,0.10700000,1272808.00000000,1772103599999,137552.95887000,2832
1772103600000,0.10710000,0.11360000,0.10660000,0.10990000,4136137.30000000,1772107199999,453562.44002000,5714
1772107200000,0.11000000,0.11190000,0.10990000,0.11040000,1322451.20000000,1772110799999,146351.81981000,3507
1772110800000,0.11050000,0.11700000,0.10970000,0.11380000,2548908.60000000,1772114399999,288599.58448000,5270
1772114400000,0.11370000,0.11670000,0.11290000,0.11490000,1987702.20000000,1772117999999,227314.79032000,4485
1772118000000,0.11490000,0.11540000,0.11320000,0.11360000,1527993.50000000,1772121599999,174546.67671000,3781
1772121600000,0.11360000,0.11490000,0.10870000,0.11040000,3448958.00000000,1772125199999,385087.60649000,6035
1772125200000,0.11040000,0.11100000,0.10890000,0.10900000,951498.40000000,1772128799999,104456.98665000,2913
1772128800000,0.10890000,0.10990000,0.10870000,0.10980000,841119.00000000,1772132399999,91961.92249000,2383
1772132400000,0.10990000,0.11220000,0.10990000,0.11130000,1754544.70000000,1772135999999,195434.98656000,4300
1772136000000,0.11120000,0.11200000,0.11030000,0.11060000,898083.50000000,1772139599999,99780.89866000,2149
1772139600000,0.11070000,0.11240000,0.10980000,0.11070000,973285.10000000,1772143199999,107959.80955000,1692
1772143200000,0.11080000,0.11190000,0.11060000,0.11090000,651512.00000000,1772146799999,72438.94001000,1319
1772146800000,0.11100000,0.11120000,0.11000000,0.11050000,785516.00000000,1772150399999,86947.82416000,1365
1772150400000,0.11050000,0.11140000,0.11000000,0.11090000,676324.50000000,1772153999999,74875.70198000,1295
1772154000000,0.11100000,0.11190000,0.11000000,0.11110000,926224.60000000,1772157599999,102470.56878000,1394
1772157600000,0.11100000,0.11830000,0.11050000,0.11410000,6225578.00000000,1772161199999,718494.65420000,8834
1772161200000,0.11410000,0.11690000,0.11310000,0.11560000,811886.00000000,1772164799999,93404.07171000,2272
1772164800000,0.11580000,0.11800000,0.11390000,0.11400000,1269398.70000000,1772168399999,147407.08992000,3135
1772168400000,0.11390000,0.11490000,0.11320000,0.11330000,715994.10000000,1772171999999,81514.58215000,2093
1772172000000,0.11320000,0.11650000,0.11160000,0.11500000,2487317.20000000,1772175599999,283793.53093000,4103
1772175600000,0.11500000,0.11560000,0.11380000,0.11430000,544636.70000000,1772179199999,62418.97829000,1671
1772179200000,0.11440000,0.11620000,0.11360000,0.11420000,893851.30000000,1772182799999,102668.35330000,2392
1772182800000,0.11410000,0.11590000,0.11330000,0.11570000,874380.10000000,1772186399999,100366.44838000,2741
1772186400000,0.11560000,0.11780000,0.11410000,0.11560000,2164334.30000000,1772189999999,251009.82550000,5009
1772190000000,0.11560000,0.11660000,0.11450000,0.11540000,1454418.80000000,1772193599999,168011.06969000,3438
1772193600000,0.11530000,0.12020000,0.11450000,0.11980000,3019300.00000000,1772197199999,355377.36995000,7469
1772197200000,0.11990000,0.12330000,0.11400000,0.11510000,7653320.80000000,1772200799999,914022.88550000,13639
1772200800000,0.11490000,0.11900000,0.11470000,0.11870000,2979970.70000000,1772204399999,348383.50602000,5418
1772204400000,0.11860000,0.11890000,0.11330000,0.11380000,3026580.30000000,1772207999999,349587.64896000,5442
1772208000000,0.11370000,0.11450000,0.10620000,0.10750000,4112905.50000000,1772211599999,455326.02422000,7330
1772211600000,0.10760000,0.10930000,0.10640000,0.10840000,1449929.70000000,1772215199999,155956.09529000,3466
1772215200000,0.10840000,0.10900000,0.10650000,0.10690000,1269781.30000000,1772218799999,137212.52020000,2690
1772218800000,0.10700000,0.10810000,0.10680000,0.10730000,1051114.10000000,1772222399999,112914.83192000,2198
1772222400000,0.10720000,0.10840000,0.10710000,0.10840000,428209.50000000,1772225999999,46100.06483000,1173
1772226000000,0.10840000,0.10900000,0.10720000,0.10720000,536703.90000000,1772229599999,57937.09862000,1312
1772229600000,0.10730000,0.10950000,0.10640000,0.10900000,801226.60000000,1772233199999,86353.04632000,1433
1772233200000,0.10890000,0.11020000,0.10880000,0.10970000,914979.80000000,1772236799999,100176.90348000,2441
1772236800000,0.10970000,0.11020000,0.10840000,0.10900000,658720.20000000,1772240399999,72004.45051000,1389
1772240400000,0.10910000,0.10960000,0.10730000,0.10750000,482907.40000000,1772243999999,52369.90249000,1122
1772244000000,0.10740000,0.10810000,0.10690000,0.10720000,391952.20000000,1772247599999,42089.99113000,787
1772247600000,0.10720000,0.10790000,0.10630000,0.10730000,405814.00000000,1772251199999,43490.42795000,824
1772251200000,0.10720000,0.10760000,0.10600000,0.10710000,223927.90000000,1772254799999,23913.13405000,563
1772254800000,0.10720000,0.10820000,0.10700000,0.10800000,297221.70000000,1772258399999,31990.80738000,705
1772258400000,0.10800000,0.10910000,0.10610000,0.10620000,2047347.90000000,1772261999999,219755.98245000,3109
1772262000000,0.10620000,0.10960000,0.10490000,0.10730000,1573073.60000000,1772265599999,168045.25201000,2588
1772265600000,0.10730000,0.10780000,0.10590000,0.10620000,795180.60000000,1772269199999,85043.03065000,1083
1772269200000,0.10600000,0.10600000,0.10330000,0.10380000,1385022.90000000,1772272799999,144667.09948000,1834
1772272800000,0.10390000,0.10670000,0.10390000,0.10570000,544907.10000000,1772276399999,57391.92468000,1194
1772276400000,0.10580000,0.10810000,0.10580000,0.10700000,402360.10000000,1772279999999,43060.31391000,872
1772280000000,0.10710000,0.10760000,0.10630000,0.10750000,449551.20000000,1772283599999,48084.64498000,997
1772283600000,0.10750000,0.10990000,0.10660000,0.10990000,696569.40000000,1772287199999,75484.00081000,1321
1772287200000,0.11000000,0.11010000,0.10720000,0.10720000,365495.90000000,1772290799999,39661.24492000,692
1772290800000,0.10710000,0.10750000,0.10590000,0.10670000,873871.00000000,1772294399999,93258.81874000,1649
1772294400000,0.10680000,0.10820000,0.10640000,0.10780000,490173.50000000,1772297999999,52597.68654000,774
1772298000000,0.10770000,0.10820000,0.10590000,0.10700000,469798.50000000,1772301599999,50284.73486000,551
1772301600000,0.10690000,0.11000000,0.10670000,0.10940000,745150.10000000,1772305199999,80985.99380000,923
1772305200000,0.10940000,0.11340000,0.10880000,0.11290000,2243262.70000000,1772308799999,250074.93071000,2466
1772308800000,0.11280000,0.11450000,0.11220000,0.11300000,1407787.50000000,1772312399999,159668.93841000,1521
1772312400000,0.11290000,0.11370000,0.11180000,0.11250000,491207.60000000,1772315999999,55319.01347000,885
1772316000000,0.11260000,0.11320000,0.11180000,0.11230000,417269.70000000,1772319599999,46890.97372000,671
1772319600000,0.11230000,0.11260000,0.11020000,0.11090000,740000.40000000,1772323199999,82214.89670000,994
1772323200000,0.11080000,0.11130000,0.11020000,0.11110000,305615.60000000,1772326799999,33831.44252000,582
1772326800000,0.11100000,0.11360000,0.11000000,0.11360000,949625.00000000,1772330399999,105991.18575000,1382
1772330400000,0.11360000,0.11500000,0.11250000,0.11260000,971052.50000000,1772333999999,110751.18176000,1605
1772334000000,0.11250000,0.11290000,0.11150000,0.11230000,535622.40000000,1772337599999,60078.23128000,904
1772337600000,0.11240000,0.11440000,0.11130000,0.11390000,1565448.30000000,1772341199999,176072.72234000,1243
1772341200000,0.11390000,0.11460000,0.11300000,0.11310000,368853.90000000,1772344799999,41992.29989000,467
1772344800000,0.11300000,0.11300000,0.11190000,0.11280000,534570.60000000,1772348399999,60188.91814000,501
1772348400000,0.11290000,0.11430000,0.11250000,0.11380000,385435.00000000,1772351999999,43695.95815000,407
1772352000000,0.11380000,0.11380000,0.11230000,0.11260000,539737.00000000,1772355599999,60947.96609000,532
1772355600000,0.11240000,0.11380000,0.11160000,0.11190000,568682.70000000,1772359199999,64054.47283000,643
1772359200000,0.11200000,0.11330000,0.11140000,0.11280000,422829.40000000,1772362799999,47326.76457000,516
1772362800000,0.11270000,0.11400000,0.11270000,0.11330000,439903.50000000,1772366399999,49911.50637000,802
1772366400000,0.11320000,0.11360000,0.11170000,0.11190000,375044.60000000,1772369999999,42274.05633000,522
1772370000000,0.11180000,0.11260000,0.11020000,0.11200000,444339.80000000,1772373599999,49365.22250000,551
1772373600000,0.11210000,0.11220000,0.11050000,0.11090000,542241.20000000,1772377199999,60320.46130000,558
1772377200000,0.11080000,0.11100000,0.10980000,0.11040000,246859.30000000,1772380799999,27275.52984000,279
1772380800000,0.11050000,0.11160000,0.10870000,0.10980000,499992.90000000,1772384399999,54998.44795000,506
1772384400000,0.10990000,0.10990000,0.10790000,0.10860000,306795.90000000,1772387999999,33423.27353000,390
1772388000000,0.10870000,0.10960000,0.10850000,0.10940000,230469.20000000,1772391599999,25174.79509000,304
1772391600000,0.10930000,0.11170000,0.10780000,0.11100000,870699.70000000,1772395199999,95446.83873000,1144
1772395200000,0.11110000,0.11130000,0.10850000,0.10890000,1269215.00000000,1772398799999,139524.87554000,1351
1772398800000,0.10880000,0.11110000,0.10870000,0.11050000,388404.60000000,1772402399999,42750.38488000,476
1772402400000,0.11050000,0.11260000,0.11020000,0.11080000,569307.00000000,1772405999999,63346.23755000,829
1772406000000,0.11070000,0.11130000,0.11030000,0.11070000,91307.80000000,1772409599999,10111.51326000,176
1772409600000,0.11070000,0.11070000,0.10870000,0.10890000,354163.20000000,1772413199999,38777.62771000,568
1772413200000,0.10890000,0.10960000,0.10790000,0.10830000,384129.00000000,1772416799999,41683.74719000,382
1772416800000,0.10820000,0.10820000,0.10680000,0.10690000,357658.20000000,1772420399999,38378.63825000,591
1772420400000,0.10690000,0.10760000,0.10610000,0.10700000,434606.10000000,1772423999999,46381.89212000,562
1772424000000,0.10690000,0.10810000,0.10680000,0.10720000,325211.60000000,1772427599999,34945.27044000,366
1772427600000,0.10710000,0.10800000,0.10650000,0.10750000,199173.60000000,1772431199999,21377.74283000,270
1772431200000,0.10740000,0.10770000,0.10680000,0.10700000,113068.70000000,1772434799999,12118.76322000,176
1772434800000,0.10690000,0.10690000,0.10480000,0.10600000,289320.90000000,1772438399999,30573.99681000,378
1772438400000,0.10590000,0.10590000,0.10360000,0.10500000,538378.30000000,1772441999999,56324.31866000,715
1772442000000,0.10480000,0.10660000,0.10460000,0.10530000,412025.70000000,1772445599999,43571.89996000,474
1772445600000,0.10530000,0.10590000,0.10460000,0.10510000,440967.40000000,1772449199999,46390.90322000,486
1772449200000,0.10500000,0.10570000,0.10420000,0.10500000,685460.90000000,1772452799999,71766.60440000,842
1772452800000,0.10500000,0.10570000,0.10470000,0.10490000,218553.90000000,1772456399999,22993.99031000,292
1772456400000,0.10500000,0.10560000,0.10430000,0.10470000,250927.50000000,1772459999999,26336.12203000,389
1772460000000,0.10480000,0.10720000,0.10400000,0.10640000,511435.80000000,1772463599999,54000.22973000,615
1772463600000,0.10660000,0.10920000,0.10610000,0.10750000,1032564.30000000,1772467199999,111557.80964000,1083
1772467200000,0.10770000,0.11500000,0.10760000,0.11290000,3812211.50000000,1772470799999,428023.59464000,2885
1772470800000,0.11290000,0.11380000,0.11110000,0.11160000,1067030.90000000,1772474399999,119532.03905000,1067
1772474400000,0.11170000,0.11190000,0.10900000,0.10930000,587888.60000000,1772477999999,64778.72962000,714
1772478000000,0.10940000,0.11040000,0.10840000,0.10970000,243958.10000000,1772481599999,26714.53379000,338
1772481600000,0.10970000,0.11110000,0.10960000,0.11070000,353959.60000000,1772485199999,39013.01648000,547
1772485200000,0.11070000,0.11080000,0.10850000,0.10860000,226639.70000000,1772488799999,24781.60308000,329
1772488800000,0.10850000,0.10950000,0.10790000,0.10900000,206512.20000000,1772492399999,22401.34602000,266
1772492400000,0.10890000,0.10950000,0.10790000,0.10840000,279506.30000000,1772495999999,30329.04122000,543
1772496000000,0.10840000,0.11000000,0.10760000,0.10920000,528935.40000000,1772499599999,57628.34184000,781
1772499600000,0.10910000,0.11020000,0.10850000,0.10850000,418896.20000000,1772503199999,45871.25277000,608
1772503200000,0.10850000,0.10860000,0.10710000,0.10730000,271265.90000000,1772506799999,29217.75237000,346
1772506800000,0.10740000,0.10750000,0.10510000,0.10670000,380916.20000000,1772510399999,40382.78361000,453
1772510400000,0.10660000,0.10660000,0.10460000,0.10470000,273290.50000000,1772513999999,28733.02139000,426
1772514000000,0.10480000,0.10590000,0.10450000,0.10530000,305767.60000000,1772517599999,32135.07057000,457
1772517600000,0.10530000,0.10580000,0.10420000,0.10440000,297596.70000000,1772521199999,31203.67534000,381
1772521200000,0.10430000,0.10520000,0.10420000,0.10470000,329980.30000000,1772524799999,34563.69857000,411
1772524800000,0.10460000,0.10490000,0.10140000,0.10240000,835255.90000000,1772528399999,85988.88142000,1251
1772528400000,0.10240000,0.10360000,0.10190000,0.10220000,542365.70000000,1772531999999,55657.07771000,749
1772532000000,0.10220000,0.10220000,0.10050000,0.10150000,462094.60000000,1772535599999,46818.59458000,509
1772535600000,0.10140000,0.10300000,0.10140000,0.10250000,573678.80000000,1772539199999,58637.54439000,896
1772539200000,0.10250000,0.10480000,0.10250000,0.10400000,1008864.10000000,1772542799999,104566.90142000,982
1772542800000,0.10410000,0.10450000,0.10320000,0.10340000,362076.80000000,1772546399999,37627.11526000,449
1772546400000,0.10350000,0.10420000,0.10270000,0.10300000,322497.60000000,1772549999999,33334.70680000,412
1772550000000,0.10310000,0.10960000,0.10170000,0.10900000,4892867.90000000,1772553599999,522441.94361000,4532
1772553600000,0.10910000,0.11030000,0.10550000,0.10640000,1436634.10000000,1772557199999,154585.28751000,2041
1772557200000,0.10630000,0.10740000,0.10540000,0.10660000,271460.40000000,1772560799999,28877.85831000,497
1772560800000,0.10660000,0.10790000,0.10600000,0.10610000,468620.70000000,1772564399999,50073.49802000,508
1772564400000,0.10610000,0.10610000,0.10420000,0.10470000,396488.30000000,1772567999999,41688.33101000,541
1772568000000,0.10470000,0.10550000,0.10420000,0.10420000,217045.80000000,1772571599999,22764.04526000,333
1772571600000,0.10420000,0.10470000,0.10320000,0.10430000,252306.80000000,1772575199999,26219.90231000,412
1772575200000,0.10440000,0.10580000,0.10440000,0.10500000,253847.60000000,1772578799999,26722.79857000,288
1772578800000,0.10500000,0.10560000,0.10440000,0.10450000,108237.10000000,1772582399999,11363.55674000,144
1772582400000,0.10460000,0.10480000,0.10350000,0.10390000,413293.80000000,1772585999999,42971.73522000,378
1772586000000,0.10380000,0.10420000,0.10280000,0.10300000,424639.00000000,1772589599999,43891.03453000,451
1772589600000,0.10310000,0.10320000,0.10110000,0.10260000,638242.40000000,1772593199999,65169.29135000,663
1772593200000,0.10260000,0.10280000,0.10110000,0.10190000,615061.80000000,1772596799999,62699.74386000,972
1772596800000,0.10190000,0.10190000,0.10030000,0.10130000,314818.30000000,1772600399999,31844.10559000,457
1772600400000,0.10130000,0.10290000,0.10020000,0.10240000,818308.30000000,1772603999999,83109.48785000,678
1772604000000,0.10250000,0.10450000,0.10240000,0.10380000,353159.00000000,1772607599999,36597.84917000,391
1772607600000,0.10390000,0.10570000,0.10290000,0.10540000,819964.40000000,1772611199999,85545.92038000,939
1772611200000,0.10540000,0.11180000,0.10460000,0.11150000,2439109.30000000,1772614799999,264374.54397000,2251
1772614800000,0.11160000,0.11440000,0.11130000,0.11170000,1741248.20000000,1772618399999,196087.42327000,2434
1772618400000,0.11170000,0.11230000,0.11000000,0.11040000,977215.90000000,1772621999999,108547.13112000,1297
1772622000000,0.11040000,0.11240000,0.11000000,0.11210000,659990.60000000,1772625599999,73415.04530000,930
1772625600000,0.11220000,0.11250000,0.10890000,0.10950000,971592.40000000,1772629199999,107014.16752000,1020
1772629200000,0.10940000,0.11140000,0.10910000,0.11010000,528977.30000000,1772632799999,58180.98564000,867
1772632800000,0.11000000,0.11090000,0.10930000,0.10990000,523158.40000000,1772636399999,57546.41111000,742
1772636400000,0.11000000,0.11230000,0.10940000,0.11200000,684028.20000000,1772639999999,75875.08151000,966
1772640000000,0.11200000,0.11880000,0.11070000,0.11690000,5750650.30000000,1772643599999,661559.56521000,6592
1772643600000,0.11680000,0.11970000,0.11560000,0.11960000,1902294.30000000,1772647199999,222825.68318000,2711
1772647200000,0.11950000,0.12160000,0.11840000,0.12030000,2692065.90000000,1772650799999,322060.95750000,3356
1772650800000,0.12040000,0.12450000,0.11970000,0.12280000,4463935.40000000,1772654399999,546306.70608000,6809
1772654400000,0.12280000,0.12480000,0.11910000,0.12050000,4661886.40000000,1772657999999,567214.95660000,6731
1772658000000,0.12040000,0.12280000,0.11920000,0.11950000,2896304.30000000,1772661599999,349780.68914000,4977
1772661600000,0.11950000,0.11950000,0.11800000,0.11890000,1461090.80000000,1772665199999,173436.95350000,2736
1772665200000,0.11900000,0.12410000,0.11850000,0.12110000,2762285.90000000,1772668799999,333887.12515000,6260
1772668800000,0.12110000,0.12170000,0.11850000,0.11940000,1062734.40000000,1772672399999,127512.66929000,2484
1772672400000,0.11930000,0.12150000,0.11740000,0.11760000,1382976.10000000,1772675999999,165183.66607000,2644
1772676000000,0.11750000,0.11970000,0.11690000,0.11910000,480508.50000000,1772679599999,57023.68314000,877
1772679600000,0.11900000,0.12220000,0.11850000,0.12120000,668913.20000000,1772683199999,80585.82299000,1464
1772683200000,0.12130000,0.12170000,0.11920000,0.11970000,756381.20000000,1772686799999,90942.09452000,1442
1772686800000,0.11970000,0.12040000,0.11730000,0.11800000,579892.10000000,1772690399999,68708.03979000,1268
1772690400000,0.11810000,0.12030000,0.11800000,0.11930000,1083727.20000000,1772693999999,128803.04570000,2475
1772694000000,0.11920000,0.11950000,0.11560000,0.11590000,1321607.70000000,1772697599999,155036.76586000,2476
1772697600000,0.11590000,0.11710000,0.11540000,0.11670000,649248.10000000,1772701199999,75497.51551000,1384
1772701200000,0.11670000,0.11960000,0.11650000,0.11870000,956149.60000000,1772704799999,113292.66711000,1725
1772704800000,0.11870000,0.11980000,0.11770000,0.11830000,1130013.00000000,1772708399999,133963.69884000,2252
1772708400000,0.11820000,0.11830000,0.11600000,0.11670000,676768.80000000,1772711999999,79202.19483000,1390
1772712000000,0.11680000,0.12000000,0.11650000,0.11960000,1068735.00000000,1772715599999,126346.28874000,2276
1772715600000,0.11960000,0.12020000,0.11760000,0.11900000,1380097.00000000,1772719199999,163978.55503000,3131
1772719200000,0.11910000,0.12180000,0.11850000,0.12150000,1423772.40000000,1772722799999,171456.83004000,3221
1772722800000,0.12140000,0.12140000,0.11740000,0.11780000,977512.30000000,1772726399999,116266.31328000,2342
1772726400000,0.11780000,0.11780000,0.11350000,0.11610000,2421505.10000000,1772729999999,279199.23226000,3727
1772730000000,0.11620000,0.11690000,0.11520000,0.11620000,549840.80000000,1772733599999,63859.02342000,1241
1772733600000,0.11630000,0.11870000,0.11620000,0.11870000,613528.70000000,1772737199999,72027.65044000,1358
1772737200000,0.11870000,0.11990000,0.11800000,0.11830000,565373.10000000,1772740799999,67211.17483000,1471
1772740800000,0.11840000,0.11880000,0.11800000,0.11840000,219292.00000000,1772744399999,25965.93074000,774
1772744400000,0.11850000,0.11920000,0.11790000,0.11840000,235214.10000000,1772747999999,27904.81193000,746
1772748000000,0.11830000,0.11840000,0.11660000,0.11690000,392466.20000000,1772751599999,46079.09553000,821
1772751600000,0.11690000,0.11690000,0.11540000,0.11570000,312426.60000000,1772755199999,36249.78123000,907
1772755200000,0.11580000,0.11630000,0.11510000,0.11540000,344854.00000000,1772758799999,39883.97677000,798
1772758800000,0.11550000,0.11570000,0.11260000,0.11460000,928521.10000000,1772762399999,105939.98352000,1757
1772762400000,0.11470000,0.11530000,0.11380000,0.11520000,280222.30000000,1772765999999,32077.82882000,654
1772766000000,0.11510000,0.11590000,0.11470000,0.11500000,456227.80000000,1772769599999,52615.81277000,1128
1772769600000,0.11500000,0.11520000,0.11270000,0.11270000,515199.20000000,1772773199999,58769.52014000,1281
1772773200000,0.11280000,0.11680000,0.11240000,0.11600000,1653579.30000000,1772776799999,188777.70217000,2189
1772776800000,0.11610000,0.11690000,0.11470000,0.11690000,991637.80000000,1772780399999,114575.87988000,1279
1772780400000,0.11680000,0.11890000,0.11640000,0.11790000,1029717.60000000,1772783999999,121222.02825000,2045
1772784000000,0.11790000,0.11910000,0.11720000,0.11750000,625104.50000000,1772787599999,73714.89604000,1315
1772787600000,0.11760000,0.12120000,0.11680000,0.12080000,1164275.50000000,1772791199999,139016.92118000,2491
1772791200000,0.12070000,0.13200000,0.12060000,0.13100000,4528462.90000000,1772794799999,568610.17641000,7719
1772794800000,0.13090000,0.13220000,0.12350000,0.12380000,4064124.70000000,1772798399999,519613.07705000,5884
1772798400000,0.12390000,0.12810000,0.12180000,0.12190000,2091514.30000000,1772801999999,260252.62677000,2925
1772802000000,0.12200000,0.12550000,0.12150000,0.12490000,2155607.70000000,1772805599999,264949.18864000,3069
1772805600000,0.12480000,0.12620000,0.12090000,0.12320000,2773797.40000000,1772809199999,342033.21439000,3298
1772809200000,0.12320000,0.12630000,0.12310000,0.12340000,1450649.50000000,1772812799999,180417.61636000,2493
1772812800000,0.12350000,0.12740000,0.12110000,0.12470000,3016530.40000000,1772816399999,375719.92152000,4035
1772816400000,0.12470000,0.12530000,0.12240000,0.12410000,1239547.10000000,1772819999999,153271.62348000,1436
1772820000000,0.12410000,0.12720000,0.12390000,0.12530000,1412169.60000000,1772823599999,177153.22071000,1881
1772823600000,0.12530000,0.13000000,0.12520000,0.12950000,2386615.20000000,1772827199999,305460.53994000,3492
1772827200000,0.12950000,0.12980000,0.12620000,0.12690000,1271465.60000000,1772830799999,162364.30808000,1911
1772830800000,0.12680000,0.12850000,0.12570000,0.12850000,771483.10000000,1772834399999,97917.77166000,1052
1772834400000,0.12850000,0.13200000,0.12840000,0.13120000,1512103.80000000,1772837999999,197219.15637000,1664
1772838000000,0.13110000,0.13110000,0.12890000,0.12960000,837600.40000000,1772841599999,108697.62390000,1251
1772841600000,0.12950000,0.13370000,0.12920000,0.13210000,1811172.90000000,1772845199999,237688.26359000,2443
1772845200000,0.13210000,0.13520000,0.12940000,0.13190000,2885166.30000000,1772848799999,381825.42309000,3773
1772848800000,0.13180000,0.13290000,0.12860000,0.12920000,2282801.50000000,1772852399999,297849.92270000,2937
1772852400000,0.12900000,0.13220000,0.12750000,0.12880000,1392791.40000000,1772855999999,181205.55626000,1728
1772856000000,0.12890000,0.13230000,0.12770000,0.13030000,2515186.50000000,1772859599999,326334.50844000,2544
1772859600000,0.13030000,0.13340000,0.12900000,0.13060000,1727504.50000000,1772863199999,226832.49671000,2241
1772863200000,0.13070000,0.13180000,0.12800000,0.12840000,1177266.30000000,1772866799999,153096.54767000,1464
1772866800000,0.12850000,0.12970000,0.12530000,0.12610000,2013609.30000000,1772870399999,255582.30012000,2109
1772870400000,0.12610000,0.12770000,0.12300000,0.12370000,1642823.30000000,1772873999999,206153.57010000,1882
1772874000000,0.12380000,0.12490000,0.12350000,0.12390000,859680.90000000,1772877599999,106733.86251000,1019
1772877600000,0.12390000,0.12450000,0.12270000,0.12290000,725749.10000000,1772881199999,89699.91566000,1031
1772881200000,0.12300000,0.12390000,0.12160000,0.12160000,764625.80000000,1772884799999,93730.31681000,1305
1772884800000,0.12180000,0.12340000,0.12130000,0.12180000,441296.00000000,1772888399999,53984.68920000,942
1772888400000,0.12190000,0.12370000,0.12150000,0.12320000,522936.00000000,1772891999999,64127.44799000,1023
1772892000000,0.12320000,0.12430000,0.12210000,0.12370000,817569.00000000,1772895599999,100836.95894000,1117
1772895600000,0.12360000,0.12640000,0.12300000,0.12450000,1074601.70000000,1772899199999,133852.98163000,1444
1772899200000,0.12450000,0.12860000,0.12320000,0.12420000,2339778.60000000,1772902799999,295298.58285000,2821
1772902800000,0.12430000,0.12430000,0.12300000,0.12320000,487126.70000000,1772906399999,60187.90076000,624
1772906400000,0.12330000,0.12360000,0.12230000,0.12310000,343925.10000000,1772909999999,42239.78481000,536
1772910000000,0.12320000,0.12350000,0.12140000,0.12160000,399250.20000000,1772913599999,48832.62947000,458
1772913600000,0.12170000,0.12310000,0.12150000,0.12290000,210042.40000000,1772917199999,25646.38098000,452
1772917200000,0.12290000,0.12340000,0.12190000,0.12210000,359062.10000000,1772920799999,43995.64749000,447
1772920800000,0.12220000,0.12220000,0.11970000,0.12130000,577065.70000000,1772924399999,69783.36543000,607
1772924400000,0.12130000,0.12240000,0.12080000,0.12160000,383298.90000000,1772927999999,46560.66854000,475
1772928000000,0.12170000,0.12240000,0.12090000,0.12190000,199519.60000000,1772931599999,24254.92724000,319
1772931600000,0.12180000,0.12520000,0.12150000,0.12480000,520916.40000000,1772935199999,64411.59073000,702
1772935200000,0.12480000,0.12550000,0.12330000,0.12370000,536626.70000000,1772938799999,66702.42847000,667
1772938800000,0.12360000,0.12640000,0.12340000,0.12530000,293196.40000000,1772942399999,36761.29183000,546
1772942400000,0.12520000,0.12730000,0.12450000,0.12700000,384149.60000000,1772945999999,48341.99090000,599
1772946000000,0.12710000,0.12810000,0.12540000,0.12550000,905304.40000000,1772949599999,114791.79383000,989
1772949600000,0.12570000,0.12900000,0.12540000,0.12880000,480675.90000000,1772953199999,61450.71734000,658
1772953200000,0.12870000,0.12870000,0.12580000,0.12650000,872480.30000000,1772956799999,111055.35692000,1086
1772956800000,0.12660000,0.12720000,0.12570000,0.12620000,576367.90000000,1772960399999,72898.58328000,694
1772960400000,0.12620000,0.12720000,0.12400000,0.12660000,739812.60000000,1772963999999,92948.85342000,980
1772964000000,0.12670000,0.12710000,0.12450000,0.12520000,543230.80000000,1772967599999,68222.92544000,655
1772967600000,0.12520000,0.12530000,0.12340000,0.12410000,558001.20000000,1772971199999,69339.44523000,760
1772971200000,0.12400000,0.12520000,0.12250000,0.12300000,565518.20000000,1772974799999,70087.40994000,697
1772974800000,0.12300000,0.12450000,0.12140000,0.12420000,1446903.70000000,1772978399999,178196.35238000,1271
1772978400000,0.12430000,0.12600000,0.12330000,0.12400000,996786.80000000,1772981999999,124223.03792000,1353
1772982000000,0.12400000,0.12440000,0.12180000,0.12210000,677069.10000000,1772985599999,83301.87318000,765
1772985600000,0.12210000,0.12430000,0.12150000,0.12390000,456240.20000000,1772989199999,56054.89507000,732
1772989200000,0.12400000,0.12470000,0.12340000,0.12470000,103253.80000000,1772992799999,12812.56778000,254
1772992800000,0.12480000,0.12770000,0.12440000,0.12710000,543448.50000000,1772996399999,68633.32906000,712
1772996400000,0.12720000,0.12890000,0.12630000,0.12630000,983348.70000000,1772999999999,125586.54116000,1356
1773000000000,0.12620000,0.12680000,0.12520000,0.12520000,206035.30000000,1773003599999,25945.71010000,335
1773003600000,0.12520000,0.12700000,0.12460000,0.12690000,272547.10000000,1773007199999,34203.05592000,354
1773007200000,0.12690000,0.12770000,0.12530000,0.12670000,954144.80000000,1773010799999,120859.92118000,1089
1773010800000,0.12670000,0.12880000,0.12660000,0.12800000,751339.50000000,1773014399999,95946.51590000,1063
1773014400000,0.12820000,0.13060000,0.12780000,0.12850000,948580.10000000,1773017999999,122605.01223000,1274
1773018000000,0.12840000,0.12960000,0.12760000,0.12820000,733417.50000000,1773021599999,94286.54462000,852
1773021600000,0.12810000,0.12810000,0.12590000,0.12590000,821783.50000000,1773025199999,103973.94107000,847
1773025200000,0.12590000,0.12790000,0.12590000,0.12660000,444021.20000000,1773028799999,56394.65429000,590
1773028800000,0.12670000,0.12740000,0.12550000,0.12590000,387321.50000000,1773032399999,48885.03630000,494
1773032400000,0.12600000,0.12620000,0.12350000,0.12540000,784310.60000000,1773035999999,97801.98741000,1037
1773036000000,0.12540000,0.12590000,0.12330000,0.12340000,310629.50000000,1773039599999,38749.64734000,394
1773039600000,0.12340000,0.12480000,0.12310000,0.12440000,527845.50000000,1773043199999,65472.38538000,515
1773043200000,0.12440000,0.12720000,0.12430000,0.12430000,365688.60000000,1773046799999,46003.13457000,598
1773046800000,0.12430000,0.12450000,0.12310000,0.12310000,272426.00000000,1773050399999,33751.24591000,376
1773050400000,0.12330000,0.12340000,0.12200000,0.12220000,376146.20000000,1773053999999,46152.66379000,416
1773054000000,0.12240000,0.12330000,0.12210000,0.12320000,205536.60000000,1773057599999,25210.92845000,347
1773057600000,0.12320000,0.12390000,0.12300000,0.12360000,222599.60000000,1773061199999,27498.96973000,351
1773061200000,0.12360000,0.12510000,0.12280000,0.12430000,425969.50000000,1773064799999,52790.66575000,582
1773064800000,0.12420000,0.12500000,0.12370000,0.12400000,392763.30000000,1773068399999,48873.08895000,513
1773068400000,0.12400000,0.12410000,0.12140000,0.12140000,654794.60000000,1773071999999,80159.49876000,627
1773072000000,0.12150000,0.12480000,0.12080000,0.12230000,1981266.80000000,1773075599999,243498.30468000,2084
1773075600000,0.12240000,0.12390000,0.12130000,0.12270000,692129.50000000,1773079199999,84882.45919000,849
1773079200000,0.12260000,0.12260000,0.12130000,0.12170000,272617.40000000,1773082799999,33252.36403000,489
1773082800000,0.12180000,0.12330000,0.12150000,0.12220000,700579.80000000,1773086399999,85745.11149000,675
1773086400000,0.12210000,0.12370000,0.12060000,0.12370000,963719.40000000,1773089999999,117470.41348000,1001
1773090000000,0.12370000,0.12520000,0.12370000,0.12430000,542000.40000000,1773093599999,67481.40111000,747
1773093600000,0.12420000,0.12420000,0.12180000,0.12190000,234688.70000000,1773097199999,28796.48603000,324
1773097200000,0.12190000,0.12250000,0.12160000,0.12190000,205806.90000000,1773100799999,25102.57246000,244
1773100800000,0.12170000,0.12180000,0.11940000,0.12100000,548487.60000000,1773104399999,66055.26647000,906
1773104400000,0.12100000,0.12390000,0.12070000,0.12220000,567549.90000000,1773107999999,69569.59623000,940
1773108000000,0.12230000,0.12330000,0.12160000,0.12270000,428692.40000000,1773111599999,52559.43044000,633
1773111600000,0.12260000,0.12300000,0.12080000,0.12100000,207764.50000000,1773115199999,25279.87640000,578
1773115200000,0.12090000,0.12570000,0.12090000,0.12470000,1178625.90000000,1773118799999,145657.65728000,1810
1773118800000,0.12480000,0.12670000,0.12450000,0.12560000,1123109.10000000,1773122399999,141137.50402000,2002
1773122400000,0.12550000,0.12700000,0.12510000,0.12580000,612537.90000000,1773125999999,77298.23120000,1175
1773126000000,0.12590000,0.12620000,0.12410000,0.12470000,354496.70000000,1773129599999,44234.07442000,624
1773129600000,0.12470000,0.12520000,0.12350000,0.12440000,382635.90000000,1773133199999,47616.79263000,565
1773133200000,0.12430000,0.12590000,0.12420000,0.12440000,213917.30000000,1773136799999,26752.48221000,410
1773136800000,0.12450000,0.12510000,0.12430000,0.12470000,200189.20000000,1773140399999,24959.14026000,234
1773140400000,0.12470000,0.12500000,0.12270000,0.12310000,520302.20000000,1773143999999,64358.18651000,563
1773144000000,0.12310000,0.12310000,0.12180000,0.12190000,356155.40000000,1773147599999,43611.28116000,465
1773147600000,0.12190000,0.12300000,0.12110000,0.12210000,860463.30000000,1773151199999,105001.61198000,1008
1773151200000,0.12220000,0.12420000,0.12100000,0.12350000,934029.80000000,1773154799999,114276.51173000,1108
1773154800000,0.12350000,0.12410000,0.12230000,0.12300000,1047791.70000000,1773158399999,129072.63375000,1338
1773158400000,0.12300000,0.12510000,0.12280000,0.12480000,666397.40000000,1773161999999,82509.41377000,805
1773162000000,0.12500000,0.12740000,0.12450000,0.12630000,944345.30000000,1773165599999,118873.74407000,1201
1773165600000,0.12620000,0.12710000,0.12370000,0.12470000,1061577.20000000,1773169199999,133151.22688000,1438
1773169200000,0.12470000,0.12510000,0.12110000,0.12230000,942326.50000000,1773172799999,115642.45508000,1056
1773172800000,0.12230000,0.12320000,0.12220000,0.12280000,300866.10000000,1773176399999,36913.34853000,445
1773176400000,0.12280000,0.12280000,0.12000000,0.12160000,492313.80000000,1773179999999,59890.84862000,667
1773180000000,0.12160000,0.12230000,0.12100000,0.12210000,270916.00000000,1773183599999,32876.60245000,291
1773183600000,0.12200000,0.12450000,0.12190000,0.12310000,479721.00000000,1773187199999,59051.48898000,707
1773187200000,0.12330000,0.12340000,0.12050000,0.12100000,845498.80000000,1773190799999,103118.32232000,1125
1773190800000,0.12100000,0.12120000,0.11980000,0.12030000,483008.40000000,1773194399999,58143.99063000,656
1773194400000,0.12020000,0.12020000,0.11740000,0.11780000,556311.20000000,1773197999999,65760.91908000,1012
1773198000000,0.11780000,0.11850000,0.11640000,0.11670000,326287.30000000,1773201599999,38360.12979000,503
1773201600000,0.11670000,0.11800000,0.11570000,0.11750000,783930.60000000,1773205199999,91448.58483000,712
1773205200000,0.11750000,0.11800000,0.11550000,0.11640000,456537.40000000,1773208799999,53254.38646000,418
1773208800000,0.11650000,0.11970000,0.11650000,0.11940000,1325516.20000000,1773212399999,156948.48237000,950
1773212400000,0.11940000,0.12060000,0.11920000,0.11960000,388201.00000000,1773215999999,46543.96269000,594
1773216000000,0.11960000,0.12140000,0.11940000,0.11990000,449335.30000000,1773219599999,54079.91767000,585
1773219600000,0.11990000,0.12030000,0.11850000,0.11930000,356015.40000000,1773223199999,42459.07821000,524
1773223200000,0.11930000,0.12020000,0.11870000,0.11950000,464996.20000000,1773226799999,55471.91886000,1039
1773226800000,0.11950000,0.12090000,0.11710000,0.12090000,1345220.80000000,1773230399999,160329.15798000,1536
1773230400000,0.12090000,0.12420000,0.12090000,0.12330000,998863.10000000,1773233999999,122523.31328000,1565
1773234000000,0.12340000,0.12570000,0.12340000,0.12540000,511762.10000000,1773237599999,63875.21055000,1020
1773237600000,0.12540000,0.12550000,0.12180000,0.12260000,743146.90000000,1773241199999,91856.48287000,959
1773241200000,0.12250000,0.12260000,0.12010000,0.12080000,468903.00000000,1773244799999,56758.44397000,764
1773244800000,0.12080000,0.12570000,0.12080000,0.12520000,1894636.00000000,1773248399999,233368.47746000,2162
1773248400000,0.12490000,0.12520000,0.12250000,0.12300000,445624.90000000,1773251999999,55375.07747000,812
1773252000000,0.12290000,0.12460000,0.12270000,0.12430000,210265.20000000,1773255599999,25986.51500000,428
1773255600000,0.12420000,0.12440000,0.12360000,0.12380000,172728.90000000,1773259199999,21407.91248000,392
1773259200000,0.12370000,0.12580000,0.12350000,0.12500000,340874.10000000,1773262799999,42571.66898000,555
1773262800000,0.12520000,0.12600000,0.12460000,0.12460000,388560.90000000,1773266399999,48762.07065000,500
1773266400000,0.12480000,0.12490000,0.12370000,0.12390000,151925.90000000,1773269999999,18832.99875000,326
1773270000000,0.12390000,0.12490000,0.12390000,0.12430000,203961.30000000,1773273599999,25377.47235000,267
1773273600000,0.12430000,0.12590000,0.12380000,0.12490000,445468.20000000,1773277199999,55586.64239000,530
1773277200000,0.12500000,0.12530000,0.12400000,0.12410000,90031.60000000,1773280799999,11201.40985000,178
1773280800000,0.12400000,0.12440000,0.12270000,0.12290000,294858.30000000,1773284399999,36428.03928000,378
1773284400000,0.12280000,0.12310000,0.12230000,0.12260000,89169.10000000,1773287999999,10929.26741000,196
1773288000000,0.12260000,0.12390000,0.12250000,0.12370000,238183.40000000,1773291599999,29351.20977000,341
1773291600000,0.12360000,0.12460000,0.12250000,0.12290000,429981.70000000,1773295199999,53044.32219000,439
1773295200000,0.12280000,0.12500000,0.12230000,0.12440000,267877.80000000,1773298799999,33093.45702000,461
1773298800000,0.12440000,0.12590000,0.12400000,0.12560000,248257.70000000,1773302399999,31042.23382000,402
1773302400000,0.12560000,0.13000000,0.12370000,0.12530000,1828429.20000000,1773305999999,232006.06737000,2127
1773306000000,0.12530000,0.12610000,0.12440000,0.12570000,282009.70000000,1773309599999,35338.65354000,398
1773309600000,0.12570000,0.12670000,0.12560000,0.12600000,261743.70000000,1773313199999,33010.76153000,389
1773313200000,0.12610000,0.12610000,0.12500000,0.12550000,175174.10000000,1773316799999,21978.97722000,250
1773316800000,0.12550000,0.12590000,0.12360000,0.12390000,163288.90000000,1773320399999,20310.17504000,286
1773320400000,0.12400000,0.12430000,0.12170000,0.12240000,713664.10000000,1773323999999,87545.59818000,733
1773324000000,0.12250000,0.12600000,0.12250000,0.12430000,798542.70000000,1773327599999,99143.52359000,1206
1773327600000,0.12430000,0.12460000,0.12260000,0.12300000,186747.70000000,1773331199999,23114.99047000,371
1773331200000,0.12290000,0.12320000,0.12170000,0.12240000,423071.50000000,1773334799999,51764.85777000,466
1773334800000,0.12240000,0.12640000,0.12200000,0.12570000,1181386.50000000,1773338399999,147087.03307000,1200
1773338400000,0.12570000,0.12730000,0.12480000,0.12600000,567630.90000000,1773341999999,71536.10772000,742
1773342000000,0.12600000,0.12700000,0.12480000,0.12580000,389994.40000000,1773345599999,49164.90638000,503
1773345600000,0.12590000,0.12630000,0.12520000,0.12570000,77107.60000000,1773349199999,9706.95323000,139
1773349200000,0.12580000,0.12790000,0.12550000,0.12640000,486258.00000000,1773352799999,61670.47329000,533
1773352800000,0.12640000,0.12760000,0.12640000,0.12680000,283437.90000000,1773356399999,35928.10962000,317
1773356400000,0.12680000,0.12700000,0.12610000,0.12650000,125279.70000000,1773359999999,15855.06037000,174
1773360000000,0.12650000,0.12740000,0.12550000,0.12650000,293106.20000000,1773363599999,37016.58002000,393
1773363600000,0.12650000,0.13000000,0.12650000,0.12910000,471186.70000000,1773367199999,60633.26056000,798
1773367200000,0.12900000,0.13310000,0.12850000,0.13230000,1282615.20000000,1773370799999,168088.61424000,1623
1773370800000,0.13250000,0.13300000,0.12910000,0.12920000,981591.50000000,1773374399999,128200.03599000,1284
1773374400000,0.12920000,0.13080000,0.12660000,0.12750000,882385.80000000,1773377999999,113336.26086000,1258
1773378000000,0.12740000,0.12770000,0.12620000,0.12640000,343643.40000000,1773381599999,43637.75111000,679
1773381600000,0.12620000,0.12630000,0.12470000,0.12600000,289095.00000000,1773385199999,36313.48271000,625
1773385200000,0.12610000,0.12670000,0.12560000,0.12640000,190442.40000000,1773388799999,24034.97811000,461
1773388800000,0.12640000,0.12720000,0.12570000,0.12600000,175403.90000000,1773392399999,22190.14401000,344
1773392400000,0.12590000,0.12670000,0.12590000,0.12650000,132959.10000000,1773395999999,16771.00979000,258
1773396000000,0.12660000,0.12680000,0.12500000,0.12530000,559808.80000000,1773399599999,70541.04692000,1147
1773399600000,0.12530000,0.12540000,0.12350000,0.12490000,897988.20000000,1773403199999,111785.02296000,1922
1773403200000,0.12470000,0.12650000,0.12460000,0.12620000,288651.30000000,1773406799999,36279.16740000,808
1773406800000,0.12620000,0.12780000,0.12600000,0.12650000,315758.80000000,1773410399999,40070.50200000,1112
1773410400000,0.12640000,0.12720000,0.12350000,0.12380000,606481.00000000,1773413999999,75820.12537000,1352
1773414000000,0.12380000,0.12540000,0.12370000,0.12470000,243206.00000000,1773417599999,30311.61759000,592
1773417600000,0.12480000,0.12670000,0.12430000,0.12620000,397246.50000000,1773421199999,49909.96448000,707
1773421200000,0.12630000,0.12630000,0.12490000,0.12570000,260513.50000000,1773424799999,32720.81589000,492
1773424800000,0.12560000,0.12560000,0.12390000,0.12390000,177188.70000000,1773428399999,22029.69662000,347
1773428400000,0.12380000,0.12420000,0.12210000,0.12280000,630048.10000000,1773431999999,77394.53783000,769
1773432000000,0.12280000,0.12350000,0.12270000,0.12290000,169866.30000000,1773435599999,20905.05750000,381
1773435600000,0.12310000,0.12310000,0.12150000,0.12190000,430593.90000000,1773439199999,52709.14300000,737
1773439200000,0.12200000,0.12200000,0.11970000,0.12040000,1163645.60000000,1773442799999,140438.76666000,1171
1773442800000,0.12050000,0.12100000,0.11910000,0.11960000,1298467.50000000,1773446399999,155926.06980000,1783
1773446400000,0.11970000,0.12040000,0.11870000,0.11880000,797562.20000000,1773449999999,95285.46620000,959
1773450000000,0.11880000,0.11900000,0.11780000,0.11820000,292714.10000000,1773453599999,34672.12859000,573
1773453600000,0.11810000,0.11940000,0.11750000,0.11930000,625343.00000000,1773457199999,74081.47671000,997
1773457200000,0.11930000,0.12100000,0.11880000,0.12030000,1157024.60000000,1773460799999,138731.28843000,2318
1773460800000,0.12030000,0.12060000,0.11960000,0.11980000,351305.70000000,1773464399999,42171.95284000,899
1773464400000,0.11990000,0.12030000,0.11930000,0.12010000,257082.50000000,1773467999999,30798.85954000,592
1773468000000,0.12000000,0.12120000,0.11970000,0.12090000,388889.30000000,1773471599999,46900.91739000,1010
1773471600000,0.12090000,0.12440000,0.12090000,0.12380000,824923.70000000,1773475199999,101196.30038000,2284
1773475200000,0.12390000,0.12560000,0.12330000,0.12400000,914398.50000000,1773478799999,113697.72288000,2965
1773478800000,0.12410000,0.12450000,0.12190000,0.12250000,389406.60000000,1773482399999,47847.57558000,1378
1773482400000,0.12250000,0.12700000,0.12150000,0.12550000,2144532.30000000,1773485999999,268370.21273000,5586
1773486000000,0.12550000,0.12770000,0.12520000,0.12680000,913421.60000000,1773489599999,115566.79185000,2822
1773489600000,0.12680000,0.12860000,0.12670000,0.12840000,405705.30000000,1773493199999,51895.11334000,1487
1773493200000,0.12840000,0.12950000,0.12680000,0.12810000,935109.60000000,1773496799999,119995.47983000,2626
1773496800000,0.12830000,0.13030000,0.12820000,0.12890000,680631.70000000,1773500399999,87906.10744000,1995
1773500400000,0.12870000,0.13100000,0.12770000,0.12810000,1007557.70000000,1773503999999,130590.22082000,3215
1773504000000,0.12810000,0.12940000,0.12770000,0.12850000,371985.30000000,1773507599999,47763.34417000,1098
1773507600000,0.12850000,0.13010000,0.12850000,0.12920000,309690.10000000,1773511199999,40084.79319000,1232
1773511200000,0.12910000,0.12940000,0.12620000,0.12790000,616205.20000000,1773514799999,78760.11746000,2022
1773514800000,0.12790000,0.12920000,0.12560000,0.12780000,783512.50000000,1773518399999,99774.43863000,2539
1773518400000,0.12790000,0.13570000,0.12760000,0.13090000,4080434.00000000,1773521999999,540488.08411000,12765
1773522000000,0.13070000,0.13530000,0.13000000,0.13340000,1914995.30000000,1773525599999,254382.30036000,4920
1773525600000,0.13340000,0.13480000,0.13040000,0.13410000,1208006.00000000,1773529199999,160769.90663000,3284
1773529200000,0.13400000,0.13720000,0.13390000,0.13480000,2422907.50000000,1773532799999,328906.74315000,4448
1773532800000,0.13470000,0.13590000,0.13310000,0.13500000,1268753.20000000,1773536399999,170330.04703000,3449
1773536400000,0.13500000,0.13790000,0.13350000,0.13410000,1547089.80000000,1773539999999,209707.03269000,3381
1773540000000,0.13430000,0.13490000,0.13080000,0.13280000,1286187.10000000,1773543599999,170723.55129000,4023
1773543600000,0.13270000,0.13790000,0.13250000,0.13490000,1466485.00000000,1773547199999,198695.25901000,4316
1773547200000,0.13500000,0.13660000,0.13280000,0.13500000,1113081.60000000,1773550799999,150236.66650000,2996
1773550800000,0.13490000,0.13540000,0.13100000,0.13250000,1096876.80000000,1773554399999,145508.28015000,2318
1773554400000,0.13250000,0.13370000,0.13150000,0.13270000,606416.30000000,1773557999999,80431.27380000,1897
1773558000000,0.13270000,0.13530000,0.13250000,0.13480000,901187.90000000,1773561599999,120898.88557000,2628
1773561600000,0.13460000,0.13500000,0.13300000,0.13330000,437014.30000000,1773565199999,58534.94179000,1587
1773565200000,0.13330000,0.13480000,0.13280000,0.13370000,564395.90000000,1773568799999,75514.93648000,1791
1773568800000,0.13360000,0.13530000,0.13320000,0.13430000,538377.20000000,1773572399999,72317.97085000,1795
1773572400000,0.13450000,0.13470000,0.13150000,0.13240000,659773.70000000,1773575999999,87538.18777000,2186
1773576000000,0.13230000,0.13280000,0.12960000,0.13050000,1320413.80000000,1773579599999,172860.67180000,4171
1773579600000,0.13040000,0.13070000,0.12950000,0.12970000,547072.70000000,1773583199999,71155.80582000,2513
1773583200000,0.12990000,0.13130000,0.12700000,0.12970000,1083258.80000000,1773586799999,139960.71199000,4455
1773586800000,0.12980000,0.13010000,0.12860000,0.12960000,568111.20000000,1773590399999,73545.27975000,2139
1773590400000,0.12970000,0.13050000,0.12820000,0.13000000,560227.30000000,1773593999999,72509.11560000,1602
1773594000000,0.13000000,0.13090000,0.12970000,0.13030000,293035.30000000,1773597599999,38183.41872000,1082
1773597600000,0.13030000,0.13080000,0.12990000,0.13020000,136541.60000000,1773601199999,17788.18036000,499
1773601200000,0.13020000,0.13190000,0.13020000,0.13180000,145566.70000000,1773604799999,19062.74640000,585
1773604800000,0.13170000,0.13180000,0.12970000,0.13060000,340338.60000000,1773608399999,44441.75547000,1040
1773608400000,0.13050000,0.13300000,0.13050000,0.13230000,304042.60000000,1773611999999,40145.71290000,1127
1773612000000,0.13220000,0.13270000,0.13170000,0.13170000,303781.10000000,1773615599999,40141.67815000,1116
1773615600000,0.13190000,0.13260000,0.13150000,0.13170000,251382.10000000,1773619199999,33171.61351000,791
1773619200000,0.13160000,0.13250000,0.13140000,0.13210000,288109.40000000,1773622799999,38001.35579000,862
1773622800000,0.13220000,0.13240000,0.13010000,0.13020000,662282.60000000,1773626399999,86763.27247000,2075
1773626400000,0.13030000,0.13190000,0.12990000,0.13140000,671110.20000000,1773629999999,87756.64001000,2149
1773630000000,0.13140000,0.13270000,0.13100000,0.13150000,709001.70000000,1773633599999,93279.93582000,3062
1773633600000,0.13140000,0.13140000,0.13020000,0.13070000,1046428.80000000,1773637199999,136985.46004000,4145
1773637200000,0.13070000,0.13140000,0.13010000,0.13090000,325248.50000000,1773640799999,42508.56750000,1073
1773640800000,0.13090000,0.13190000,0.13070000,0.13130000,160729.40000000,1773644399999,21096.48209000,477
1773644400000,0.13140000,0.13160000,0.13070000,0.13090000,188839.30000000,1773647999999,24754.61753000,484
1773648000000,0.13090000,0.13100000,0.12580000,0.12720000,1704112.30000000,1773651599999,217382.94974000,3950
1773651600000,0.12710000,0.12870000,0.12670000,0.12860000,525695.20000000,1773655199999,67148.83459000,1552
1773655200000,0.12870000,0.12920000,0.12760000,0.12850000,449130.00000000,1773658799999,57681.75042000,902
1773658800000,0.12840000,0.12840000,0.12640000,0.12740000,477734.40000000,1773662399999,60834.25858000,1075
1773662400000,0.12740000,0.12820000,0.12570000,0.12770000,638216.20000000,1773665999999,81025.84211000,1702
1773666000000,0.12760000,0.12830000,0.12510000,0.12690000,1124418.20000000,1773669599999,142715.14984000,1645
1773669600000,0.12690000,0.12790000,0.12620000,0.12720000,598947.30000000,1773673199999,76066.82900000,1465
1773673200000,0.12730000,0.12750000,0.12620000,0.12670000,198648.90000000,1773676799999,25174.47809000,575
1773676800000,0.12680000,0.12690000,0.12430000,0.12570000,842157.30000000,1773680399999,105682.70560000,1766
1773680400000,0.12580000,0.12600000,0.12450000,0.12490000,534846.70000000,1773683999999,66918.37511000,1293
1773684000000,0.12500000,0.12570000,0.12340000,0.12340000,526329.50000000,1773687599999,65484.76472000,1370
1773687600000,0.12340000,0.12440000,0.12250000,0.12380000,417788.30000000,1773691199999,51626.27785000,1280
1773691200000,0.12380000,0.12460000,0.12320000,0.12440000,354515.10000000,1773694799999,43902.59734000,821
1773694800000,0.12420000,0.12520000,0.12390000,0.12430000,531525.80000000,1773698399999,66217.14280000,1282
1773698400000,0.12430000,0.12480000,0.12380000,0.12410000,204934.30000000,1773701999999,25464.19187000,631
1773702000000,0.12410000,0.12410000,0.12300000,0.12330000,231168.70000000,1773705599999,28565.09696000,595
1773705600000,0.12330000,0.12460000,0.12180000,0.12290000,1026398.20000000,1773709199999,126182.74623000,2275
1773709200000,0.12300000,0.12480000,0.12300000,0.12420000,683606.30000000,1773712799999,84842.06419000,1548
1773712800000,0.12410000,0.12550000,0.12340000,0.12360000,628598.00000000,1773716399999,78204.56154000,1503
1773716400000,0.12350000,0.12420000,0.12280000,0.12390000,455329.40000000,1773719999999,56222.56758000,1276
1773720000000,0.12400000,0.12450000,0.12330000,0.12360000,561059.20000000,1773723599999,69436.64996000,1346
1773723600000,0.12360000,0.12360000,0.12090000,0.12150000,935241.60000000,1773727199999,113949.99591000,1641
1773727200000,0.12150000,0.12350000,0.12040000,0.12250000,1650675.00000000,1773730799999,201791.09142000,3671
1773730800000,0.12250000,0.12310000,0.12220000,0.12240000,247807.30000000,1773734399999,30388.65568000,863
1773734400000,0.12250000,0.12460000,0.12230000,0.12330000,594801.40000000,1773737999999,73644.77826000,1064
1773738000000,0.12320000,0.12350000,0.12200000,0.12210000,324379.70000000,1773741599999,39745.26712000,704
1773741600000,0.12210000,0.12270000,0.12200000,0.12270000,124044.90000000,1773745199999,15165.69310000,426
1773745200000,0.12270000,0.12280000,0.12200000,0.12200000,70755.70000000,1773748799999,8655.90395000,273
1773748800000,0.12200000,0.12200000,0.12010000,0.12060000,442536.80000000,1773752399999,53608.09665000,867
1773752400000,0.12060000,0.12360000,0.12060000,0.12180000,784724.10000000,1773755999999,95900.48120000,1625
1773756000000,0.12180000,0.12200000,0.11950000,0.12180000,585159.70000000,1773759599999,70749.71054000,1522
1773759600000,0.12190000,0.12310000,0.12150000,0.12180000,488366.30000000,1773763199999,59652.45040000,1235
1773763200000,0.12170000,0.12380000,0.12130000,0.12260000,502554.30000000,1773766799999,61730.89824000,1015
1773766800000,0.12260000,0.12340000,0.12250000,0.12300000,139873.30000000,1773770399999,17196.34699000,467
1773770400000,0.12290000,0.12320000,0.12240000,0.12280000,73702.10000000,1773773999999,9050.34836000,298
1773774000000,0.12270000,0.12530000,0.12220000,0.12280000,1320883.80000000,1773777599999,163712.43396000,2230
1773777600000,0.12280000,0.12410000,0.12230000,0.12370000,164993.00000000,1773781199999,20338.95342000,451
1773781200000,0.12360000,0.12460000,0.12320000,0.12370000,188632.90000000,1773784799999,23389.55982000,697
1773784800000,0.12370000,0.12390000,0.12290000,0.12320000,224161.90000000,1773788399999,27675.56668000,646
1773788400000,0.12310000,0.12350000,0.12290000,0.12310000,83918.10000000,1773791999999,10334.27431000,382
1773792000000,0.12300000,0.12480000,0.12260000,0.12420000,466163.10000000,1773795599999,57703.13695000,1246
1773795600000,0.12420000,0.12490000,0.12370000,0.12400000,414016.60000000,1773799199999,51478.42815000,1214
1773799200000,0.12390000,0.12390000,0.12210000,0.12280000,519976.10000000,1773802799999,63937.63538000,1563
1773802800000,0.12290000,0.12340000,0.12230000,0.12260000,179948.20000000,1773806399999,22114.98341000,781
1773806400000,0.12260000,0.12280000,0.12180000,0.12230000,125351.30000000,1773809999999,15320.21415000,340
1773810000000,0.12220000,0.12270000,0.12200000,0.12230000,110581.30000000,1773813599999,13538.64902000,347
1773813600000,0.12220000,0.12270000,0.12180000,0.12200000,103446.80000000,1773817199999,12652.37212000,435
1773817200000,0.12190000,0.12240000,0.12150000,0.12190000,360085.00000000,1773820799999,43885.50335000,822
1773820800000,0.12190000,0.12210000,0.12150000,0.12180000,108071.50000000,1773824399999,13168.03479000,309
1773824400000,0.12180000,0.12190000,0.12000000,0.12020000,538361.60000000,1773827999999,65044.56733000,1215
1773828000000,0.12010000,0.12250000,0.11970000,0.12190000,1440756.70000000,1773831599999,174667.58809000,2202
1773831600000,0.12200000,0.12380000,0.12100000,0.12280000,1229422.80000000,1773835199999,149836.29659000,3284
1773835200000,0.12280000,0.12320000,0.12050000,0.12140000,1065119.60000000,1773838799999,129960.58014000,2639
1773838800000,0.12140000,0.12200000,0.12030000,0.12050000,500099.60000000,1773842399999,60555.67037000,1537
1773842400000,0.12050000,0.12090000,0.11720000,0.11830000,776021.90000000,1773845999999,92044.82143000,1642
1773846000000,0.11830000,0.12050000,0.11800000,0.12010000,439346.60000000,1773849599999,52571.35246000,1062
1773849600000,0.12010000,0.12090000,0.11870000,0.11910000,291320.70000000,1773853199999,34897.16069000,847
1773853200000,0.11910000,0.12080000,0.11910000,0.11990000,205358.60000000,1773856799999,24625.69929000,533
1773856800000,0.11990000,0.12090000,0.11830000,0.11900000,245141.70000000,1773860399999,29300.08441000,652
1773860400000,0.11910000,0.12010000,0.11910000,0.12000000,145763.10000000,1773863999999,17448.05143000,281
1773864000000,0.11980000,0.12050000,0.11920000,0.12010000,186556.90000000,1773867599999,22388.07426000,688
1773867600000,0.12010000,0.12020000,0.11920000,0.11980000,105604.30000000,1773871199999,12645.50985000,390
1773871200000,0.11980000,0.11980000,0.11870000,0.11910000,174369.60000000,1773874799999,20773.32273000,375
1773874800000,0.11900000,0.11900000,0.11770000,0.11800000,294805.30000000,1773878399999,34862.87094000,519
1773878400000,0.11800000,0.11840000,0.11690000,0.11780000,227656.90000000,1773881999999,26819.10646000,495
1773882000000,0.11780000,0.11840000,0.11750000,0.11790000,102471.10000000,1773885599999,12081.62970000,266
1773885600000,0.11780000,0.11840000,0.11730000,0.11740000,356196.40000000,1773889199999,41953.72546000,417
1773889200000,0.11750000,0.11850000,0.11750000,0.11750000,158882.70000000,1773892799999,18721.04673000,360
1773892800000,0.11750000,0.11790000,0.11680000,0.11770000,176267.90000000,1773896399999,20675.73378000,372
1773896400000,0.11770000,0.11840000,0.11770000,0.11800000,60660.70000000,1773899999999,7156.69810000,193
1773900000000,0.11790000,0.11790000,0.11690000,0.11740000,155651.00000000,1773903599999,18267.90875000,343
1773903600000,0.11760000,0.11770000,0.11530000,0.11610000,712505.00000000,1773907199999,82859.34906000,1556
1773907200000,0.11600000,0.11620000,0.11530000,0.11570000,169256.90000000,1773910799999,19590.70072000,280
1773910800000,0.11580000,0.11710000,0.11580000,0.11660000,266042.00000000,1773914399999,31011.53925000,495
1773914400000,0.11660000,0.11710000,0.11580000,0.11610000,251057.10000000,1773917999999,29192.80506000,506
1773918000000,0.11620000,0.11930000,0.11620000,0.11830000,1111082.40000000,1773921599999,130902.11557000,1571
1773921600000,0.11830000,0.11910000,0.11730000,0.11750000,236582.70000000,1773925199999,27952.32145000,636
1773925200000,0.11750000,0.11800000,0.11630000,0.11750000,476517.60000000,1773928799999,55768.49076000,991
1773928800000,0.11760000,0.11810000,0.11670000,0.11730000,138304.70000000,1773932399999,16237.39165000,346
1773932400000,0.11730000,0.11800000,0.11600000,0.11690000,222470.70000000,1773935999999,26003.68913000,566
1773936000000,0.11690000,0.11740000,0.11610000,0.11650000,109563.20000000,1773939599999,12790.00906000,242
1773939600000,0.11640000,0.11680000,0.11550000,0.11640000,148341.80000000,1773943199999,17225.47626000,339
1773943200000,0.11640000,0.11670000,0.11550000,0.11590000,137889.00000000,1773946799999,16005.96723000,234
1773946800000,0.11600000,0.11660000,0.11560000,0.11600000,242607.20000000,1773950399999,28201.97785000,576
1773950400000,0.11590000,0.11600000,0.11540000,0.11590000,37012.20000000,1773953999999,4284.25208000,144
1773954000000,0.11600000,0.11620000,0.11530000,0.11580000,175159.80000000,1773957599999,20256.58715000,265
1773957600000,0.11590000,0.11600000,0.11530000,0.11540000,39808.50000000,1773961199999,4598.11910000,147
1773961200000,0.11550000,0.11590000,0.11530000,0.11550000,47669.40000000,1773964799999,5505.40671000,147
1773964800000,0.11550000,0.11550000,0.11450000,0.11510000,271686.00000000,1773968399999,31227.13005000,531
1773968400000,0.11510000,0.11560000,0.11450000,0.11450000,146459.10000000,1773971999999,16848.04329000,325
1773972000000,0.11450000,0.11500000,0.11430000,0.11460000,97219.20000000,1773975599999,11141.33905000,200
1773975600000,0.11450000,0.11480000,0.11390000,0.11410000,143692.80000000,1773979199999,16429.61342000,257
1773979200000,0.11400000,0.11460000,0.11380000,0.11440000,119734.20000000,1773982799999,13691.21411000,250
1773982800000,0.11430000,0.11450000,0.11310000,0.11330000,138658.10000000,1773986399999,15764.69784000,304
1773986400000,0.11320000,0.11350000,0.11210000,0.11270000,188072.90000000,1773989999999,21220.94775000,366
1773990000000,0.11260000,0.11550000,0.11200000,0.11520000,1088808.50000000,1773993599999,124241.43497000,1346
1773993600000,0.11520000,0.11620000,0.11480000,0.11580000,761259.20000000,1773997199999,88031.63838000,1062
1773997200000,0.11570000,0.11590000,0.11410000,0.11460000,604885.00000000,1774000799999,69542.68944000,771
1774000800000,0.11450000,0.11500000,0.11390000,0.11400000,183059.80000000,1774004399999,20963.64256000,538
1774004400000,0.11410000,0.11500000,0.11390000,0.11390000,114419.20000000,1774007999999,13076.89205000,360
1774008000000,0.11400000,0.11510000,0.11360000,0.11360000,238438.20000000,1774011599999,27218.37429000,551
1774011600000,0.11360000,0.11390000,0.11260000,0.11270000,521509.00000000,1774015199999,58982.53317000,790
1774015200000,0.11270000,0.11300000,0.11200000,0.11260000,237738.20000000,1774018799999,26760.43202000,445
1774018800000,0.11270000,0.11310000,0.11200000,0.11280000,172004.60000000,1774022399999,19377.27302000,315
1774022400000,0.11280000,0.11290000,0.11220000,0.11270000,157977.20000000,1774025999999,17773.22672000,293
1774026000000,0.11260000,0.11260000,0.10940000,0.10980000,572750.50000000,1774029599999,63381.47253000,937
1774029600000,0.10980000,0.11000000,0.10730000,0.10770000,478382.90000000,1774033199999,51995.57669000,789
1774033200000,0.10790000,0.10840000,0.10730000,0.10760000,385761.30000000,1774036799999,41636.31252000,612
1774036800000,0.10780000,0.10810000,0.10690000,0.10760000,183487.60000000,1774040399999,19731.69780000,328
1774040400000,0.10770000,0.10990000,0.10770000,0.10960000,441773.40000000,1774043999999,48137.67203000,667
1774044000000,0.10960000,0.11100000,0.10960000,0.11090000,261541.60000000,1774047599999,28874.88620000,533
1774047600000,0.11070000,0.11130000,0.11040000,0.11060000,140904.80000000,1774051199999,15634.92594000,196
1774051200000,0.11060000,0.11160000,0.11040000,0.11150000,138333.50000000,1774054799999,15342.84397000,286
1774054800000,0.11150000,0.11230000,0.11150000,0.11160000,127436.20000000,1774058399999,14249.35186000,237
1774058400000,0.11170000,0.11260000,0.11110000,0.11260000,107086.50000000,1774061999999,11946.59998000,198
1774062000000,0.11250000,0.11380000,0.11220000,0.11300000,196999.00000000,1774065599999,22260.83166000,442
1774065600000,0.11300000,0.11460000,0.11300000,0.11410000,333558.90000000,1774069199999,37942.18593000,471
1774069200000,0.11400000,0.11450000,0.11280000,0.11280000,232387.90000000,1774072799999,26397.10695000,388
1774072800000,0.11270000,0.11440000,0.11250000,0.11360000,331904.90000000,1774076399999,37625.69535000,647
1774076400000,0.11370000,0.11400000,0.11310000,0.11330000,138045.20000000,1774079999999,15663.13999000,374
1774080000000,0.11330000,0.11330000,0.11170000,0.11250000,440658.00000000,1774083599999,49530.14222000,889
1774083600000,0.11260000,0.11320000,0.11240000,0.11240000,94829.70000000,1774087199999,10690.69539000,274
1774087200000,0.11250000,0.11290000,0.11210000,0.11250000,50547.90000000,1774090799999,5685.06992000,202
1774090800000,0.11250000,0.11310000,0.11220000,0.11300000,36607.50000000,1774094399999,4121.91249000,170
1774094400000,0.11310000,0.11330000,0.11280000,0.11280000,78836.50000000,1774097999999,8912.20241000,317
1774098000000,0.11280000,0.11350000,0.11220000,0.11330000,1037706.90000000,1774101599999,117112.29139000,3916
1774101600000,0.11330000,0.11430000,0.11300000,0.11400000,515538.20000000,1774105199999,58581.88165000,2511
1774105200000,0.11380000,0.11590000,0.11380000,0.11500000,805637.90000000,1774108799999,92769.51447000,2293
1774108800000,0.11510000,0.11540000,0.11430000,0.11440000,144995.80000000,1774112399999,16648.90456000,507
1774112400000,0.11450000,0.11470000,0.11370000,0.11410000,208658.20000000,1774115999999,23802.43939000,863
1774116000000,0.11410000,0.11450000,0.11370000,0.11410000,73597.80000000,1774119599999,8395.94893000,236
1774119600000,0.11410000,0.11560000,0.11410000,0.11500000,335809.40000000,1774123199999,38561.33996000,542
1774123200000,0.11510000,0.11510000,0.11390000,0.11440000,147268.80000000,1774126799999,16844.86456000,602
1774126800000,0.11440000,0.11440000,0.11260000,0.11290000,213308.10000000,1774130399999,24234.76634000,726
1774130400000,0.11290000,0.11310000,0.11220000,0.11270000,195466.90000000,1774133999999,22030.29183000,408
1774134000000,0.11270000,0.11290000,0.11070000,0.11150000,706066.10000000,1774137599999,78714.93416000,1897
1774137600000,0.11140000,0.11180000,0.10910000,0.11080000,595889.80000000,1774141199999,65856.28862000,1380
1774141200000,0.11080000,0.11130000,0.11050000,0.11130000,81062.90000000,1774144799999,8977.52874000,280
1774144800000,0.11130000,0.11140000,0.11060000,0.11090000,69277.70000000,1774148399999,7689.85045000,220
1774148400000,0.11080000,0.11140000,0.11060000,0.11080000,56532.40000000,1774151999999,6273.56387000,131
1774152000000,0.11080000,0.11120000,0.11030000,0.11050000,51635.50000000,1774155599999,5714.78529000,175
1774155600000,0.11050000,0.11050000,0.10980000,0.11000000,41037.30000000,1774159199999,4518.37712000,149
1774159200000,0.11010000,0.11280000,0.11010000,0.11230000,311438.90000000,1774162799999,34807.58183000,718
1774162800000,0.11230000,0.11320000,0.11030000,0.11070000,551661.40000000,1774166399999,61412.81383000,1043
1774166400000,0.11060000,0.11230000,0.11050000,0.11150000,484431.60000000,1774169999999,54070.94912000,1054
1774170000000,0.11140000,0.11210000,0.11120000,0.11120000,195958.10000000,1774173599999,21881.74423000,716
1774173600000,0.11130000,0.11190000,0.11100000,0.11120000,306044.70000000,1774177199999,34117.06024000,1123
1774177200000,0.11110000,0.11120000,0.11000000,0.11030000,215386.50000000,1774180799999,23783.44233000,258
1774180800000,0.11030000,0.11130000,0.11030000,0.11080000,208204.80000000,1774184399999,23075.34111000,678
1774184400000,0.11080000,0.11120000,0.11010000,0.11110000,321754.70000000,1774187999999,35640.82308000,772
1774188000000,0.11110000,0.11160000,0.11100000,0.11140000,99663.60000000,1774191599999,11098.24615000,347
1774191600000,0.11150000,0.11210000,0.11090000,0.11120000,192852.30000000,1774195199999,21477.19931000,568
1774195200000,0.11120000,0.11150000,0.11080000,0.11090000,92827.20000000,1774198799999,10317.79995000,150
1774198800000,0.11090000,0.11150000,0.11090000,0.11130000,52549.20000000,1774202399999,5843.30778000,183
1774202400000,0.11120000,0.11130000,0.11060000,0.11070000,121761.60000000,1774205999999,13510.07659000,435
1774206000000,0.11080000,0.11080000,0.11010000,0.11040000,99082.50000000,1774209599999,10935.32774000,350
1774209600000,0.11040000,0.11080000,0.11040000,0.11060000,77789.70000000,1774213199999,8604.34367000,104
1774213200000,0.11060000,0.11060000,0.10870000,0.10980000,413896.60000000,1774216799999,45399.86887000,986
1774216800000,0.10980000,0.11050000,0.10940000,0.11010000,104884.30000000,1774220399999,11534.97383000,345
1774220400000,0.11000000,0.11020000,0.10910000,0.10940000,177186.30000000,1774223999999,19425.50477000,428
1774224000000,0.10940000,0.10970000,0.10830000,0.10880000,215838.90000000,1774227599999,23499.39850000,397
1774227600000,0.10870000,0.10950000,0.10870000,0.10930000,181234.40000000,1774231199999,19792.43725000,304
1774231200000,0.10930000,0.11040000,0.10910000,0.11020000,277856.20000000,1774234799999,30528.68130000,482
1774234800000,0.11030000,0.11040000,0.10960000,0.10980000,43052.30000000,1774238399999,4733.17624000,125
1774238400000,0.10990000,0.11070000,0.10970000,0.11050000,38377.40000000,1774241999999,4239.05909000,135
1774242000000,0.11050000,0.11050000,0.10850000,0.10910000,366846.60000000,1774245599999,40069.04281000,915
1774245600000,0.10900000,0.10900000,0.10790000,0.10840000,179049.90000000,1774249199999,19400.09775000,502
1774249200000,0.10820000,0.10970000,0.10790000,0.10840000,419706.50000000,1774252799999,45535.59427000,914
1774252800000,0.10850000,0.10900000,0.10780000,0.10780000,214047.20000000,1774256399999,23219.47226000,528
1774256400000,0.10780000,0.10860000,0.10720000,0.10790000,562322.50000000,1774259999999,60563.18587000,748
1774260000000,0.10790000,0.10810000,0.10770000,0.10770000,167953.80000000,1774263599999,18117.57707000,400
1774263600000,0.10770000,0.11100000,0.10710000,0.11000000,1347445.00000000,1774267199999,147635.53832000,3428
1774267200000,0.11000000,0.11080000,0.10930000,0.11070000,341846.70000000,1774270799999,37637.79198000,1111
1774270800000,0.11080000,0.11150000,0.11010000,0.11130000,257698.50000000,1774274399999,28579.10158000,698
1774274400000,0.11130000,0.11160000,0.11020000,0.11040000,249983.20000000,1774277999999,27711.93467000,694
1774278000000,0.11040000,0.11050000,0.10860000,0.10860000,350957.10000000,1774281599999,38491.33362000,905
1774281600000,0.10860000,0.10910000,0.10780000,0.10890000,409996.50000000,1774285199999,44496.59815000,666
1774285200000,0.10890000,0.10970000,0.10870000,0.10970000,407515.20000000,1774288799999,44502.48463000,1012
1774288800000,0.10970000,0.11060000,0.10950000,0.11000000,365975.80000000,1774292399999,40311.56587000,977
1774292400000,0.11000000,0.11040000,0.10970000,0.10980000,104710.60000000,1774295999999,11521.81291000,364
1774296000000,0.10980000,0.11050000,0.10980000,0.11020000,69428.60000000,1774299599999,7650.19580000,226
1774299600000,0.11020000,0.11240000,0.11020000,0.11170000,217204.20000000,1774303199999,24194.21531000,973
1774303200000,0.11180000,0.11180000,0.11080000,0.11090000,73280.20000000,1774306799999,8150.37425000,333
1774306800000,0.11080000,0.11080000,0.10990000,0.11050000,228456.10000000,1774310399999,25196.49403000,648
1774310400000,0.11060000,0.11090000,0.10960000,0.11080000,130543.50000000,1774313999999,14381.56772000,510
1774314000000,0.11060000,0.11100000,0.11010000,0.11070000,120348.30000000,1774317599999,13303.13744000,497
1774317600000,0.11060000,0.11170000,0.11060000,0.11100000,212090.20000000,1774321199999,23584.16658000,702
1774321200000,0.11120000,0.11160000,0.11040000,0.11160000,243770.90000000,1774324799999,27081.27445000,689
1774324800000,0.11170000,0.11180000,0.11110000,0.11160000,124773.10000000,1774328399999,13907.48390000,481
1774328400000,0.11150000,0.11150000,0.11060000,0.11110000,164072.20000000,1774331999999,18233.65324000,512
1774332000000,0.11110000,0.11260000,0.11060000,0.11060000,652507.70000000,1774335599999,72817.40706000,1184
1774335600000,0.11070000,0.11130000,0.11060000,0.11100000,199841.40000000,1774339199999,22174.65204000,577
1774339200000,0.11100000,0.11150000,0.10990000,0.10990000,171658.10000000,1774342799999,19017.62766000,477
1774342800000,0.10990000,0.11040000,0.10950000,0.11020000,262198.10000000,1774346399999,28828.73654000,677
1774346400000,0.11010000,0.11010000,0.10930000,0.10930000,99131.40000000,1774349999999,10866.48266000,212
1774350000000,0.10940000,0.11170000,0.10890000,0.11050000,1245847.90000000,1774353599999,137616.88152000,1369
1774353600000,0.11050000,0.11370000,0.11020000,0.11310000,2020545.90000000,1774357199999,226680.39132000,3514
1774357200000,0.11320000,0.11380000,0.11200000,0.11270000,656737.10000000,1774360799999,74148.76941000,1674
1774360800000,0.11280000,0.11320000,0.11140000,0.11220000,309846.80000000,1774364399999,34770.04472000,777
1774364400000,0.11230000,0.11370000,0.11180000,0.11180000,336733.50000000,1774367999999,38005.51559000,853
1774368000000,0.11180000,0.11490000,0.11120000,0.11420000,2136056.90000000,1774371599999,242751.51016000,3466
1774371600000,0.11430000,0.11580000,0.11330000,0.11570000,1335393.50000000,1774375199999,152993.17212000,3457
1774375200000,0.11570000,0.11660000,0.11330000,0.11600000,1344042.20000000,1774378799999,154615.46018000,3015
1774378800000,0.11610000,0.12110000,0.11610000,0.12010000,2101002.90000000,1774382399999,250181.03407000,4852
1774382400000,0.12010000,0.12170000,0.11750000,0.11960000,2854877.60000000,1774385999999,341429.22202000,4961
1774386000000,0.11970000,0.11980000,0.11830000,0.11950000,534296.70000000,1774389599999,63568.12210000,1385
1774389600000,0.11940000,0.12410000,0.11910000,0.12160000,4265451.40000000,1774393199999,518262.81214000,7464
1774393200000,0.12170000,0.12270000,0.12070000,0.12250000,817519.00000000,1774396799999,99627.34235000,1484
1774396800000,0.12250000,0.12320000,0.12080000,0.12160000,981477.50000000,1774400399999,119927.91547000,1673
1774400400000,0.12160000,0.12270000,0.12070000,0.12270000,608343.60000000,1774403999999,74012.10028000,872
1774404000000,0.12270000,0.12320000,0.12120000,0.12130000,326581.90000000,1774407599999,39826.09620000,753
1774407600000,0.12120000,0.12130000,0.11980000,0.12010000,566558.90000000,1774411199999,68251.35615000,761
1774411200000,0.12010000,0.12080000,0.11910000,0.12050000,369147.10000000,1774414799999,44322.97755000,852
1774414800000,0.12040000,0.12130000,0.11990000,0.12030000,238915.40000000,1774418399999,28800.13350000,773
1774418400000,0.12020000,0.12030000,0.11890000,0.11940000,581037.30000000,1774421999999,69475.46486000,1557
1774422000000,0.11950000,0.12060000,0.11910000,0.11990000,351234.90000000,1774425599999,42144.72501000,889
1774425600000,0.11990000,0.12180000,0.11990000,0.12040000,403671.80000000,1774429199999,48802.40467000,1151
1774429200000,0.12040000,0.12270000,0.11950000,0.12190000,814867.20000000,1774432799999,98667.50885000,2044
1774432800000,0.12200000,0.12330000,0.12000000,0.12010000,1101244.90000000,1774436399999,133912.89437000,2529
1774436400000,0.12000000,0.12090000,0.11960000,0.12040000,748601.60000000,1774439999999,89983.46246000,1508
1774440000000,0.12030000,0.12040000,0.11760000,0.11830000,955703.30000000,1774443599999,113299.94716000,1864
1774443600000,0.11860000,0.12020000,0.11860000,0.12000000,365087.10000000,1774447199999,43566.46399000,1335
1774447200000,0.12020000,0.12100000,0.11890000,0.12070000,652502.40000000,1774450799999,78332.13004000,1584
1774450800000,0.12080000,0.12210000,0.11990000,0.12190000,584534.30000000,1774454399999,70585.29542000,1300
1774454400000,0.12190000,0.12240000,0.12080000,0.12160000,445997.70000000,1774457999999,54218.40173000,1281
1774458000000,0.12150000,0.12200000,0.11960000,0.12000000,627181.80000000,1774461599999,75573.52039000,1491
1774461600000,0.12020000,0.12270000,0.12000000,0.12220000,640682.40000000,1774465199999,77905.65800000,1387
1774465200000,0.12240000,0.12420000,0.12190000,0.12290000,703077.50000000,1774468799999,86327.47748000,2479
1774468800000,0.12300000,0.12310000,0.11790000,0.11940000,1396798.10000000,1774472399999,167659.29657000,3350
1774472400000,0.11940000,0.12010000,0.11930000,0.11970000,168981.80000000,1774475999999,20242.67465000,943
1774476000000,0.11970000,0.12030000,0.11890000,0.11960000,269159.10000000,1774479599999,32218.79217000,1279
1774479600000,0.11960000,0.12020000,0.11870000,0.11930000,242810.80000000,1774483199999,29000.50945000,884
1774483200000,0.11940000,0.12000000,0.11910000,0.11940000,178112.50000000,1774486799999,21305.07963000,670
1774486800000,0.11940000,0.11990000,0.11920000,0.11930000,78146.00000000,1774490399999,9341.47832000,325
1774490400000,0.11930000,0.11930000,0.11780000,0.11850000,427994.00000000,1774493999999,50600.74608000,905
1774494000000,0.11860000,0.11880000,0.11790000,0.11810000,294786.00000000,1774497599999,34905.21928000,800
1774497600000,0.11820000,0.12090000,0.11820000,0.12040000,715033.50000000,1774501199999,85919.29280000,1588
1774501200000,0.12050000,0.12130000,0.12010000,0.12080000,283797.00000000,1774504799999,34235.12000000,1269
1774504800000,0.12080000,0.12200000,0.12070000,0.12110000,316444.50000000,1774508399999,38381.24103000,894
1774508400000,0.12100000,0.12160000,0.12020000,0.12020000,176533.20000000,1774511999999,21318.32264000,618
1774512000000,0.12030000,0.12140000,0.11990000,0.12080000,944467.50000000,1774515599999,113746.82514000,2118
1774515600000,0.12080000,0.12090000,0.11760000,0.11820000,1224811.90000000,1774519199999,145517.56702000,2274
1774519200000,0.11820000,0.11830000,0.11660000,0.11700000,386930.60000000,1774522799999,45363.11608000,777
1774522800000,0.11700000,0.11850000,0.11680000,0.11750000,771448.40000000,1774526399999,90714.13289000,1600
1774526400000,0.11750000,0.11880000,0.11750000,0.11830000,164357.90000000,1774529999999,19436.40209000,535
1774530000000,0.11840000,0.11890000,0.11750000,0.11800000,209833.70000000,1774533599999,24815.13684000,660
1774533600000,0.11780000,0.11860000,0.11750000,0.11840000,215186.10000000,1774537199999,25415.71788000,528
1774537200000,0.11840000,0.11850000,0.11710000,0.11740000,229226.50000000,1774540799999,26945.51863000,566
1774540800000,0.11750000,0.11790000,0.11540000,0.11570000,696482.50000000,1774544399999,80960.86226000,1327
1774544400000,0.11560000,0.11580000,0.11430000,0.11440000,426060.70000000,1774547999999,48943.76250000,1122
1774548000000,0.11440000,0.11580000,0.11410000,0.11540000,495596.00000000,1774551599999,57131.97987000,775
1774551600000,0.11550000,0.11570000,0.11500000,0.11560000,155425.60000000,1774555199999,17929.71374000,406
1774555200000,0.11560000,0.11880000,0.11560000,0.11750000,435613.90000000,1774558799999,51022.98275000,1353
1774558800000,0.11760000,0.11990000,0.11760000,0.11940000,329108.80000000,1774562399999,39048.98571000,651
1774562400000,0.11940000,0.11970000,0.11790000,0.11820000,385300.40000000,1774565999999,45698.09339000,919
1774566000000,0.11830000,0.11850000,0.11730000,0.11740000,316776.10000000,1774569599999,37318.61178000,688
1774569600000,0.11750000,0.11760000,0.11660000,0.11750000,133846.10000000,1774573199999,15669.61994000,456
1774573200000,0.11750000,0.11810000,0.11720000,0.11770000,117752.80000000,1774576799999,13851.22708000,419
1774576800000,0.11770000,0.11830000,0.11760000,0.11780000,205193.10000000,1774580399999,24231.39491000,557
1774580400000,0.11770000,0.11790000,0.11650000,0.11680000,192921.60000000,1774583999999,22578.81069000,532
1774584000000,0.11690000,0.11740000,0.11620000,0.11700000,171625.80000000,1774587599999,20017.11521000,469
1774587600000,0.11690000,0.11780000,0.11670000,0.11700000,160328.30000000,1774591199999,18786.75909000,554
1774591200000,0.11700000,0.11740000,0.11670000,0.11720000,156934.10000000,1774594799999,18370.56622000,529
1774594800000,0.11720000,0.11760000,0.11650000,0.11670000,77761.60000000,1774598399999,9111.08698000,338
1774598400000,0.11680000,0.11680000,0.11390000,0.11430000,1484295.20000000,1774601999999,170364.27170000,2262
1774602000000,0.11420000,0.11420000,0.11280000,0.11350000,234215.20000000,1774605599999,26547.35288000,512
1774605600000,0.11360000,0.11410000,0.11080000,0.11140000,464664.60000000,1774609199999,52198.01506000,961
1774609200000,0.11150000,0.11250000,0.11080000,0.11230000,401894.00000000,1774612799999,44903.45762000,1336
1774612800000,0.11240000,0.11240000,0.11050000,0.11060000,358455.90000000,1774616399999,40011.31759000,1213
1774616400000,0.11070000,0.11120000,0.11010000,0.11020000,192911.20000000,1774619999999,21347.51543000,629
1774620000000,0.11020000,0.11130000,0.10970000,0.11120000,507080.50000000,1774623599999,55889.77435000,978
1774623600000,0.11130000,0.11320000,0.11120000,0.11210000,413014.30000000,1774627199999,46450.27254000,1034
1774627200000,0.11220000,0.11230000,0.11130000,0.11130000,136813.50000000,1774630799999,15287.30494000,335
1774630800000,0.11120000,0.11240000,0.11070000,0.11100000,445329.60000000,1774634399999,49635.79858000,771
1774634400000,0.11100000,0.11100000,0.11000000,0.11020000,116360.20000000,1774637999999,12855.51900000,369
1774638000000,0.11010000,0.11070000,0.10980000,0.11020000,50867.30000000,1774641599999,5607.60281000,187
1774641600000,0.11010000,0.11010000,0.10950000,0.10970000,47587.30000000,1774645199999,5221.08054000,224
1774645200000,0.10960000,0.10960000,0.10720000,0.10740000,285183.80000000,1774648799999,30856.28645000,696
1774648800000,0.10740000,0.10810000,0.10560000,0.10780000,637543.10000000,1774652399999,68294.53504000,1201
1774652400000,0.10780000,0.10860000,0.10720000,0.10840000,301383.50000000,1774655999999,32584.62329000,690
1774656000000,0.10830000,0.10840000,0.10660000,0.10690000,320382.60000000,1774659599999,34420.36182000,502
1774659600000,0.10690000,0.10720000,0.10490000,0.10530000,719847.10000000,1774663199999,76111.65829000,1489
1774663200000,0.10540000,0.10580000,0.10510000,0.10530000,111503.30000000,1774666799999,11748.41770000,369
1774666800000,0.10540000,0.10660000,0.10540000,0.10620000,210702.50000000,1774670399999,22378.28156000,649
1774670400000,0.10620000,0.10700000,0.10580000,0.10600000,204380.60000000,1774673999999,21728.32416000,542
1774674000000,0.10610000,0.10660000,0.10600000,0.10630000,112727.50000000,1774677599999,11987.36359000,448
1774677600000,0.10630000,0.10650000,0.10600000,0.10600000,94045.00000000,1774681199999,9980.42490000,170
1774681200000,0.10600000,0.10720000,0.10530000,0.10690000,211538.00000000,1774684799999,22491.44372000,511
1774684800000,0.10690000,0.10720000,0.10570000,0.10570000,206050.50000000,1774688399999,21972.51670000,464
1774688400000,0.10580000,0.10580000,0.10520000,0.10570000,90172.90000000,1774691999999,9506.10026000,244
1774692000000,0.10580000,0.10650000,0.10560000,0.10640000,85703.70000000,1774695599999,9076.68806000,317
1774695600000,0.10650000,0.10730000,0.10650000,0.10700000,95001.90000000,1774699199999,10142.04859000,383
1774699200000,0.10690000,0.10750000,0.10600000,0.10640000,217189.20000000,1774702799999,23185.26470000,538
1774702800000,0.10650000,0.10770000,0.10630000,0.10660000,265457.50000000,1774706399999,28415.88158000,656
1774706400000,0.10660000,0.10660000,0.10560000,0.10570000,410653.60000000,1774709999999,43581.78885000,1150
1774710000000,0.10560000,0.10620000,0.10530000,0.10580000,299719.60000000,1774713599999,31714.08231000,972
1774713600000,0.10580000,0.10600000,0.10540000,0.10570000,160039.70000000,1774717199999,16901.56835000,367
1774717200000,0.10560000,0.10590000,0.10540000,0.10550000,50074.00000000,1774720799999,5289.51657000,224
1774720800000,0.10550000,0.10570000,0.10530000,0.10560000,75399.60000000,1774724399999,7957.06894000,236
1774724400000,0.10560000,0.10560000,0.10480000,0.10480000,188960.10000000,1774727999999,19855.69736000,233
1774728000000,0.10480000,0.10520000,0.10450000,0.10510000,207873.30000000,1774731599999,21795.55527000,460
1774731600000,0.10510000,0.10520000,0.10480000,0.10520000,28954.30000000,1774735199999,3041.84719000,72
1774735200000,0.10510000,0.10520000,0.10490000,0.10500000,22921.10000000,1774738799999,2407.68383000,88
1774738800000,0.10500000,0.10550000,0.10440000,0.10510000,237025.20000000,1774742399999,24883.20351000,546
1774742400000,0.10510000,0.10560000,0.10440000,0.10450000,205727.40000000,1774745999999,21599.69056000,593
1774746000000,0.10460000,0.10540000,0.10460000,0.10530000,129332.30000000,1774749599999,13595.27075000,375
1774749600000,0.10500000,0.10690000,0.10500000,0.10680000,242735.00000000,1774753199999,25827.44704000,626
1774753200000,0.10680000,0.10750000,0.10640000,0.10680000,131139.70000000,1774756799999,14039.49583000,332
1774756800000,0.10680000,0.10690000,0.10590000,0.10600000,136456.60000000,1774760399999,14509.27221000,363
1774760400000,0.10600000,0.10640000,0.10560000,0.10620000,222883.40000000,1774763999999,23633.55199000,397
1774764000000,0.10610000,0.10610000,0.10540000,0.10550000,69223.50000000,1774767599999,7308.40607000,101
1774767600000,0.10540000,0.10550000,0.10480000,0.10500000,56218.40000000,1774771199999,5909.11204000,181
1774771200000,0.10490000,0.10540000,0.10470000,0.10520000,303124.10000000,1774774799999,31836.79877000,299
1774774800000,0.10510000,0.10520000,0.10450000,0.10450000,182747.30000000,1774778399999,19140.72394000,269
1774778400000,0.10440000,0.10460000,0.10390000,0.10440000,93154.90000000,1774781999999,9710.02979000,249
1774782000000,0.10430000,0.10450000,0.10380000,0.10430000,146757.10000000,1774785599999,15301.16242000,224
1774785600000,0.10420000,0.10470000,0.10410000,0.10440000,214913.80000000,1774789199999,22432.62050000,396
1774789200000,0.10440000,0.10440000,0.10340000,0.10370000,190299.30000000,1774792799999,19748.44251000,402
1774792800000,0.10370000,0.10440000,0.10350000,0.10430000,276292.10000000,1774796399999,28722.33914000,458
1774796400000,0.10430000,0.10450000,0.10370000,0.10420000,116256.20000000,1774799999999,12085.31366000,328
1774800000000,0.10420000,0.10440000,0.10330000,0.10390000,55580.90000000,1774803599999,5772.16888000,191
1774803600000,0.10390000,0.10480000,0.10360000,0.10470000,48352.40000000,1774807199999,5034.71474000,193
1774807200000,0.10470000,0.10480000,0.10370000,0.10390000,108942.00000000,1774810799999,11340.92673000,300
1774810800000,0.10390000,0.10390000,0.10180000,0.10200000,414431.10000000,1774814399999,42360.88572000,621
1774814400000,0.10200000,0.10300000,0.10200000,0.10240000,71761.60000000,1774817999999,7366.75225000,287
1774818000000,0.10240000,0.10270000,0.10180000,0.10270000,138342.90000000,1774821599999,14136.01022000,274
1774821600000,0.10270000,0.10320000,0.10150000,0.10280000,564767.70000000,1774825199999,57726.26113000,1058
1774825200000,0.10300000,0.10360000,0.10160000,0.10180000,591441.00000000,1774828799999,60779.12125000,865
1774828800000,0.10190000,0.10320000,0.10140000,0.10240000,681129.70000000,1774832399999,69582.92940000,853
1774832400000,0.10230000,0.10390000,0.10210000,0.10330000,163033.90000000,1774835999999,16845.90426000,531
1774836000000,0.10340000,0.10360000,0.10290000,0.10320000,120145.60000000,1774839599999,12419.57098000,472
1774839600000,0.10310000,0.10440000,0.10290000,0.10430000,211172.30000000,1774843199999,21949.00255000,410
1774843200000,0.10430000,0.10530000,0.10400000,0.10490000,460670.00000000,1774846799999,48248.57422000,1016
1774846800000,0.10490000,0.10510000,0.10410000,0.10430000,63277.40000000,1774850399999,6624.53356000,200
1774850400000,0.10430000,0.10440000,0.10390000,0.10420000,78740.10000000,1774853999999,8196.91737000,218
1774854000000,0.10410000,0.10450000,0.10380000,0.10450000,71904.50000000,1774857599999,7491.22353000,254
1774857600000,0.10440000,0.10600000,0.10420000,0.10550000,227695.70000000,1774861199999,24010.66820000,540
1774861200000,0.10550000,0.10550000,0.10480000,0.10490000,164660.60000000,1774864799999,17302.21601000,518
1774864800000,0.10490000,0.10710000,0.10490000,0.10670000,426742.60000000,1774868399999,45400.18913000,902
1774868400000,0.10670000,0.10740000,0.10630000,0.10710000,161196.60000000,1774871999999,17219.84009000,503
1774872000000,0.10720000,0.10750000,0.10630000,0.10640000,204863.00000000,1774875599999,21875.34192000,735
1774875600000,0.10650000,0.10730000,0.10600000,0.10650000,155225.70000000,1774879199999,16572.73807000,432
1774879200000,0.10660000,0.10700000,0.10560000,0.10670000,111684.60000000,1774882799999,11841.58201000,324
1774882800000,0.10670000,0.10880000,0.10630000,0.10850000,376311.00000000,1774886399999,40534.66596000,997
1774886400000,0.10860000,0.11000000,0.10840000,0.10890000,622108.20000000,1774889999999,67887.69109000,1210
1774890000000,0.10900000,0.10980000,0.10830000,0.10860000,441282.00000000,1774893599999,48111.50948000,1188
1774893600000,0.10860000,0.10880000,0.10760000,0.10760000,119257.30000000,1774897199999,12917.33348000,285
1774897200000,0.10760000,0.10860000,0.10750000,0.10810000,115895.90000000,1774900799999,12518.78930000,376
1774900800000,0.10800000,0.10900000,0.10780000,0.10870000,242706.70000000,1774904399999,26286.71123000,613
1774904400000,0.10900000,0.10900000,0.10760000,0.10820000,195543.50000000,1774907999999,21137.83443000,603
1774908000000,0.10810000,0.10900000,0.10790000,0.10820000,88025.30000000,1774911599999,9554.83432000,346
1774911600000,0.10820000,0.10820000,0.10680000,0.10710000,238616.70000000,1774915199999,25673.18097000,482
1774915200000,0.10720000,0.10790000,0.10700000,0.10740000,109450.50000000,1774918799999,11761.13010000,292
1774918800000,0.10740000,0.10850000,0.10720000,0.10730000,1109429.20000000,1774922399999,119646.29402000,2520
1774922400000,0.10730000,0.10810000,0.10690000,0.10790000,764919.00000000,1774925999999,82297.53473000,1359
1774926000000,0.10780000,0.10820000,0.10590000,0.10640000,1255896.70000000,1774929599999,134325.50644000,2237
1774929600000,0.10650000,0.10710000,0.10610000,0.10680000,290052.80000000,1774933199999,30957.82313000,459
1774933200000,0.10680000,0.10790000,0.10670000,0.10780000,309785.60000000,1774936799999,33206.12718000,792
1774936800000,0.10790000,0.10880000,0.10660000,0.10800000,1124710.70000000,1774940399999,121307.48242000,2947
1774940400000,0.10810000,0.10890000,0.10780000,0.10860000,574184.90000000,1774943999999,62210.82992000,1455
1774944000000,0.10860000,0.10990000,0.10680000,0.10720000,945309.10000000,1774947599999,102630.86225000,2171
1774947600000,0.10720000,0.10740000,0.10490000,0.10520000,818096.30000000,1774951199999,86573.67014000,1257
1774951200000,0.10520000,0.10610000,0.10520000,0.10560000,182814.00000000,1774954799999,19338.66962000,393
1774954800000,0.10560000,0.10580000,0.10500000,0.10560000,90888.00000000,1774958399999,9569.66237000,263
1774958400000,0.10560000,0.10600000,0.10550000,0.10550000,85430.90000000,1774961999999,9032.57108000,145
1774962000000,0.10570000,0.10620000,0.10550000,0.10580000,92268.40000000,1774965599999,9772.35731000,278
1774965600000,0.10570000,0.10600000,0.10420000,0.10450000,235935.50000000,1774969199999,24815.83074000,473
1774969200000,0.10450000,0.10490000,0.10400000,0.10410000,133676.00000000,1774972799999,13960.55748000,225
1774972800000,0.10410000,0.10490000,0.10360000,0.10480000,233253.70000000,1774976399999,24325.89739000,448
1774976400000,0.10490000,0.10590000,0.10450000,0.10480000,82923.70000000,1774979999999,8734.93205000,243
1774980000000,0.10500000,0.10520000,0.10400000,0.10420000,163711.90000000,1774983599999,17115.34661000,300
1774983600000,0.10420000,0.10510000,0.10390000,0.10450000,331293.70000000,1774987199999,34655.28474000,568
1774987200000,0.10470000,0.10550000,0.10470000,0.10550000,155310.70000000,1774990799999,16336.87559000,292
1774990800000,0.10550000,0.10570000,0.10460000,0.10540000,643734.70000000,1774994399999,67570.69892000,990
1774994400000,0.10530000,0.10610000,0.10510000,0.10580000,92695.50000000,1774997999999,9782.75126000,209
1774998000000,0.10590000,0.10610000,0.10500000,0.10520000,124478.50000000,1775001599999,13152.98217000,328
1775001600000,0.10530000,0.10530000,0.10460000,0.10510000,62048.90000000,1775005199999,6507.03315000,161
1775005200000,0.10500000,0.10560000,0.10270000,0.10310000,755674.20000000,1775008799999,78630.29804000,972
1775008800000,0.10320000,0.10360000,0.10290000,0.10320000,179628.70000000,1775012399999,18547.42143000,352
1775012400000,0.10330000,0.10500000,0.10330000,0.10500000,317654.30000000,1775015999999,33152.92321000,323
1775016000000,0.10480000,0.10500000,0.10400000,0.10420000,247652.90000000,1775019599999,25876.81495000,634
1775019600000,0.10410000,0.10530000,0.10360000,0.10530000,213165.60000000,1775023199999,22228.94628000,465
1775023200000,0.10510000,0.10650000,0.10500000,0.10570000,254373.70000000,1775026799999,26943.77031000,548
1775026800000,0.10550000,0.10550000,0.10390000,0.10400000,124028.80000000,1775030399999,12985.79126000,218
1775030400000,0.10400000,0.10420000,0.10320000,0.10330000,175548.70000000,1775033999999,18176.11457000,281
1775034000000,0.10310000,0.10350000,0.10280000,0.10330000,250676.30000000,1775037599999,25876.67057000,485
1775037600000,0.10340000,0.10410000,0.10320000,0.10370000,242302.90000000,1775041199999,25124.44955000,730
1775041200000,0.10370000,0.10570000,0.10350000,0.10520000,601031.90000000,1775044799999,63021.40662000,1083
1775044800000,0.10520000,0.10600000,0.10410000,0.10460000,558671.70000000,1775048399999,58707.70051000,1369
1775048400000,0.10460000,0.10500000,0.10410000,0.10440000,261215.90000000,1775051999999,27308.80919000,713
1775052000000,0.10430000,0.10490000,0.10400000,0.10480000,166214.50000000,1775055599999,17363.84977000,400
1775055600000,0.10470000,0.10500000,0.10450000,0.10500000,55580.70000000,1775059199999,5820.61122000,175
1775059200000,0.10480000,0.10670000,0.10480000,0.10650000,328930.90000000,1775062799999,34855.75717000,793
1775062800000,0.10650000,0.10860000,0.10600000,0.10850000,736481.10000000,1775066399999,79173.19152000,1220
1775066400000,0.10850000,0.10930000,0.10760000,0.10900000,473402.10000000,1775069999999,51435.74793000,1098
1775070000000,0.10900000,0.11030000,0.10800000,0.10880000,495100.30000000,1775073599999,54007.76373000,1300
1775073600000,0.10870000,0.10960000,0.10830000,0.10920000,147495.90000000,1775077199999,16076.28181000,587
1775077200000,0.10920000,0.11020000,0.10830000,0.10890000,531547.00000000,1775080799999,58164.00857000,1109
1775080800000,0.10890000,0.10960000,0.10760000,0.10780000,440789.30000000,1775084399999,47812.18192000,938
1775084400000,0.10780000,0.10780000,0.10680000,0.10720000,217626.60000000,1775087999999,23335.21003000,662
1775088000000,0.10710000,0.10810000,0.10690000,0.10790000,303297.30000000,1775091599999,32596.25251000,975
1775091600000,0.10780000,0.10780000,0.10520000,0.10620000,917447.40000000,1775095199999,97741.83346000,1742
1775095200000,0.10620000,0.10630000,0.10460000,0.10460000,303603.20000000,1775098799999,31960.63940000,875
1775098800000,0.10460000,0.10540000,0.10440000,0.10470000,101270.00000000,1775102399999,10610.57780000,364
1775102400000,0.10470000,0.10530000,0.10390000,0.10490000,167393.40000000,1775105999999,17504.69680000,516
1775106000000,0.10470000,0.10600000,0.10430000,0.10590000,297641.30000000,1775109599999,31255.22566000,768
1775109600000,0.10590000,0.10690000,0.10560000,0.10660000,206690.00000000,1775113199999,21958.60567000,779
1775113200000,0.10660000,0.10750000,0.10610000,0.10700000,183761.90000000,1775116799999,19624.73939000,611
1775116800000,0.10710000,0.10810000,0.10660000,0.10780000,279085.20000000,1775120399999,29946.47544000,645
1775120400000,0.10790000,0.10860000,0.10580000,0.10670000,1143361.10000000,1775123999999,122590.67853000,2933
1775124000000,0.10680000,0.10710000,0.10550000,0.10640000,359019.60000000,1775127599999,38143.05795000,918
1775127600000,0.10640000,0.10650000,0.10560000,0.10620000,144367.60000000,1775131199999,15320.84002000,492
1775131200000,0.10630000,0.10660000,0.10510000,0.10530000,185807.90000000,1775134799999,19640.73301000,427
1775134800000,0.10530000,0.10650000,0.10500000,0.10620000,347742.60000000,1775138399999,36754.53892000,991
1775138400000,0.10620000,0.10750000,0.10580000,0.10740000,313236.00000000,1775141999999,33372.82976000,858
1775142000000,0.10740000,0.10790000,0.10640000,0.10650000,211871.90000000,1775145599999,22667.54771000,516
1775145600000,0.10650000,0.10730000,0.10610000,0.10640000,253821.60000000,1775149199999,27064.55361000,809
1775149200000,0.10640000,0.10670000,0.10570000,0.10570000,165457.80000000,1775152799999,17557.45628000,603
1775152800000,0.10570000,0.10600000,0.10550000,0.10550000,49811.00000000,1775156399999,5270.70418000,172
1775156400000,0.10540000,0.10630000,0.10540000,0.10620000,141391.00000000,1775159999999,14980.41610000,327
1775160000000,0.10620000,0.10660000,0.10570000,0.10650000,128783.20000000,1775163599999,13660.57366000,403
1775163600000,0.10640000,0.10640000,0.10520000,0.10530000,93546.40000000,1775167199999,9906.45903000,316
1775167200000,0.10530000,0.10570000,0.10520000,0.10560000,75801.90000000,1775170799999,7997.92748000,187
1775170800000,0.10550000,0.10550000,0.10500000,0.10540000,53238.10000000,1775174399999,5606.63723000,161
1775174400000,0.10550000,0.10550000,0.10470000,0.10510000,128336.50000000,1775177999999,13489.82182000,378
1775178000000,0.10520000,0.10550000,0.10410000,0.10480000,207950.50000000,1775181599999,21773.49726000,315
1775181600000,0.10470000,0.10490000,0.10420000,0.10480000,31939.70000000,1775185199999,3341.73941000,111
1775185200000,0.10470000,0.10480000,0.10430000,0.10450000,92509.60000000,1775188799999,9667.25007000,157
1775188800000,0.10440000,0.10450000,0.10360000,0.10450000,68677.60000000,1775192399999,7148.43309000,157
1775192400000,0.10440000,0.10520000,0.10440000,0.10480000,60837.20000000,1775195999999,6376.23610000,98
1775196000000,0.10470000,0.10470000,0.10430000,0.10460000,41266.40000000,1775199599999,4312.87807000,145
1775199600000,0.10460000,0.10500000,0.10440000,0.10440000,93018.50000000,1775203199999,9734.88331000,221
1775203200000,0.10440000,0.10520000,0.10430000,0.10520000,34206.60000000,1775206799999,3588.83167000,64
1775206800000,0.10500000,0.10550000,0.10470000,0.10550000,49055.50000000,1775210399999,5160.58265000,172
1775210400000,0.10550000,0.10560000,0.10470000,0.10500000,231282.20000000,1775213999999,24332.95880000,437
1775214000000,0.10510000,0.10540000,0.10450000,0.10540000,155637.50000000,1775217599999,16327.02054000,531
1775217600000,0.10540000,0.10610000,0.10460000,0.10490000,216452.90000000,1775221199999,22795.55341000,578
1775221200000,0.10490000,0.10490000,0.10350000,0.10360000,115965.40000000,1775224799999,12078.69352000,341
1775224800000,0.10370000,0.10450000,0.10330000,0.10440000,175991.30000000,1775228399999,18277.60327000,615
1775228400000,0.10440000,0.10490000,0.10350000,0.10370000,200213.60000000,1775231999999,20837.44100000,489
1775232000000,0.10360000,0.10430000,0.10360000,0.10390000,130738.20000000,1775235599999,13599.95216000,229
1775235600000,0.10390000,0.10420000,0.10340000,0.10400000,77276.30000000,1775239199999,8004.06746000,185
1775239200000,0.10400000,0.10470000,0.10400000,0.10450000,61183.20000000,1775242799999,6378.75957000,106
1775242800000,0.10450000,0.10550000,0.10430000,0.10510000,212713.70000000,1775246399999,22329.71141000,515
1775246400000,0.10500000,0.10500000,0.10400000,0.10440000,107407.80000000,1775249999999,11217.58303000,276
1775250000000,0.10440000,0.10470000,0.10400000,0.10450000,105201.70000000,1775253599999,10973.25679000,348
1775253600000,0.10470000,0.10470000,0.10380000,0.10400000,204443.70000000,1775257199999,21314.29187000,335
1775257200000,0.10380000,0.10420000,0.10300000,0.10410000,140084.60000000,1775260799999,14510.93710000,269
1775260800000,0.10410000,0.10430000,0.10320000,0.10380000,466549.00000000,1775264399999,48384.13434000,643
1775264400000,0.10380000,0.10410000,0.10360000,0.10370000,127758.20000000,1775267999999,13268.07649000,280
1775268000000,0.10370000,0.10410000,0.10320000,0.10330000,106851.90000000,1775271599999,11079.72582000,372
1775271600000,0.10340000,0.10370000,0.10310000,0.10360000,87677.70000000,1775275199999,9058.23377000,146
1775275200000,0.10330000,0.10350000,0.10310000,0.10330000,100388.20000000,1775278799999,10370.24955000,174
1775278800000,0.10300000,0.10430000,0.10290000,0.10410000,130471.10000000,1775282399999,13553.65619000,246
1775282400000,0.10390000,0.10420000,0.10340000,0.10410000,96249.50000000,1775285999999,9998.55952000,215
1775286000000,0.10410000,0.10540000,0.10410000,0.10490000,124729.00000000,1775289599999,13110.66598000,196
1775289600000,0.10510000,0.10540000,0.10480000,0.10490000,73570.80000000,1775293199999,7738.55930000,167
1775293200000,0.10500000,0.10590000,0.10490000,0.10580000,88913.40000000,1775296799999,9375.36226000,192
1775296800000,0.10590000,0.10590000,0.10480000,0.10500000,153652.80000000,1775300399999,16147.17495000,405
1775300400000,0.10510000,0.10580000,0.10510000,0.10530000,88142.00000000,1775303999999,9284.28227000,221
1775304000000,0.10530000,0.10540000,0.10440000,0.10450000,46516.50000000,1775307599999,4880.09778000,99
1775307600000,0.10450000,0.10450000,0.10400000,0.10430000,168067.70000000,1775311199999,17509.15102000,278
1775311200000,0.10430000,0.10490000,0.10380000,0.10440000,293771.40000000,1775314799999,30676.96055000,711
1775314800000,0.10460000,0.10470000,0.10420000,0.10450000,47152.10000000,1775318399999,4932.79737000,137
1775318400000,0.10440000,0.10490000,0.10420000,0.10460000,52915.90000000,1775321999999,5533.28329000,103
1775322000000,0.10450000,0.10480000,0.10430000,0.10440000,69194.20000000,1775325599999,7231.37454000,97
1775325600000,0.10450000,0.10450000,0.10370000,0.10370000,42353.20000000,1775329199999,4409.21607000,65
1775329200000,0.10360000,0.10400000,0.10330000,0.10330000,75039.60000000,1775332799999,7774.95064000,292
1775332800000,0.10330000,0.10350000,0.10310000,0.10340000,116612.10000000,1775336399999,12034.08604000,331
1775336400000,0.10350000,0.10360000,0.10270000,0.10280000,110269.30000000,1775339999999,11383.30261000,352
1775340000000,0.10260000,0.10270000,0.10200000,0.10220000,183685.70000000,1775343599999,18781.94405000,443
1775343600000,0.10230000,0.10240000,0.10210000,0.10210000,52623.60000000,1775347199999,5381.13832000,207
1775347200000,0.10200000,0.10210000,0.10080000,0.10080000,153333.20000000,1775350799999,15554.06714000,372
1775350800000,0.10080000,0.10170000,0.10080000,0.10120000,68273.60000000,1775354399999,6920.07318000,227
1775354400000,0.10110000,0.10250000,0.10110000,0.10200000,376456.00000000,1775357999999,38366.72436000,684
1775358000000,0.10200000,0.10230000,0.10180000,0.10190000,54810.00000000,1775361599999,5591.34680000,107
1775361600000,0.10190000,0.10210000,0.10130000,0.10180000,103174.00000000,1775365199999,10493.76412000,111
1775365200000,0.10210000,0.10230000,0.10180000,0.10180000,23150.00000000,1775368799999,2361.79605000,96
1775368800000,0.10170000,0.10170000,0.10100000,0.10160000,112696.70000000,1775372399999,11420.68728000,279
1775372400000,0.10160000,0.10190000,0.10080000,0.10080000,277572.70000000,1775375999999,28111.79507000,505
1775376000000,0.10090000,0.10090000,0.09970000,0.09990000,175324.10000000,1775379599999,17576.03549000,333
1775379600000,0.10000000,0.10050000,0.09980000,0.10010000,211176.20000000,1775383199999,21135.08938000,165
1775383200000,0.10000000,0.10450000,0.10000000,0.10310000,1437162.50000000,1775386799999,147719.13582000,1918
1775386800000,0.10320000,0.10540000,0.10300000,0.10410000,1804458.10000000,1775390399999,188773.77264000,3194
1775390400000,0.10430000,0.10610000,0.10420000,0.10570000,1478584.70000000,1775393999999,155691.44311000,3761
1775394000000,0.10580000,0.10660000,0.10490000,0.10660000,570107.10000000,1775397599999,60272.46518000,1222
1775397600000,0.10660000,0.10850000,0.10590000,0.10700000,1070817.60000000,1775401199999,114982.52581000,2760
1775401200000,0.10700000,0.10790000,0.10630000,0.10710000,432471.40000000,1775404799999,46349.01482000,938
1775404800000,0.10720000,0.10780000,0.10650000,0.10710000,341113.90000000,1775408399999,36573.22934000,673
1775408400000,0.10720000,0.10790000,0.10610000,0.10780000,384732.10000000,1775411999999,41120.22182000,884
1775412000000,0.10800000,0.10820000,0.10710000,0.10750000,231611.60000000,1775415599999,24915.79778000,512
1775415600000,0.10750000,0.10780000,0.10590000,0.10610000,296494.20000000,1775419199999,31629.87951000,787
1775419200000,0.10610000,0.10690000,0.10560000,0.10670000,226133.10000000,1775422799999,23996.52907000,682
1775422800000,0.10680000,0.10720000,0.10650000,0.10690000,225322.50000000,1775426399999,24071.98665000,466
1775426400000,0.10700000,0.10750000,0.10680000,0.10710000,140786.70000000,1775429999999,15067.35439000,321
1775430000000,0.10700000,0.10850000,0.10670000,0.10770000,323204.20000000,1775433599999,34786.75615000,656
1775433600000,0.10770000,0.10810000,0.10670000,0.10690000,116788.90000000,1775437199999,12558.87522000,366
1775437200000,0.10690000,0.10720000,0.10650000,0.10690000,62314.90000000,1775440799999,6664.37555000,185
1775440800000,0.10680000,0.10830000,0.10680000,0.10710000,207419.30000000,1775444399999,22326.25929000,607
1775444400000,0.10720000,0.10840000,0.10700000,0.10800000,177548.90000000,1775447999999,19140.19513000,305
1775448000000,0.10790000,0.10870000,0.10750000,0.10860000,151971.50000000,1775451599999,16410.09443000,347
1775451600000,0.10850000,0.10880000,0.10730000,0.10800000,261669.60000000,1775455199999,28289.42540000,537
1775455200000,0.10810000,0.10810000,0.10690000,0.10690000,95191.00000000,1775458799999,10219.75077000,288
1775458800000,0.10680000,0.10760000,0.10680000,0.10720000,94695.00000000,1775462399999,10151.49977000,309
1775462400000,0.10710000,0.10710000,0.10610000,0.10650000,77463.00000000,1775465999999,8251.52243000,180
1775466000000,0.10660000,0.10690000,0.10600000,0.10640000,84535.10000000,1775469599999,9007.67876000,312
1775469600000,0.10640000,0.10680000,0.10600000,0.10630000,136767.80000000,1775473199999,14556.66428000,322
1775473200000,0.10630000,0.10650000,0.10610000,0.10610000,92457.40000000,1775476799999,9820.65833000,179
1775476800000,0.10630000,0.10700000,0.10620000,0.10660000,115519.40000000,1775480399999,12312.55982000,359
1775480400000,0.10650000,0.10740000,0.10630000,0.10650000,175489.10000000,1775483999999,18732.19116000,397
1775484000000,0.10660000,0.10760000,0.10620000,0.10740000,115914.00000000,1775487599999,12363.69822000,216
1775487600000,0.10740000,0.10930000,0.10720000,0.10920000,162050.90000000,1775491199999,17609.23114000,432
1775491200000,0.10920000,0.10950000,0.10820000,0.10860000,254017.70000000,1775494799999,27588.41100000,523
1775494800000,0.10840000,0.10860000,0.10800000,0.10860000,68434.80000000,1775498399999,7411.76497000,173
1775498400000,0.10870000,0.10870000,0.10780000,0.10790000,76549.40000000,1775501999999,8286.50450000,128
1775502000000,0.10780000,0.10790000,0.10730000,0.10780000,85963.40000000,1775505599999,9248.83997000,207
1775505600000,0.10770000,0.10800000,0.10770000,0.10780000,31997.60000000,1775509199999,3450.87406000,125
1775509200000,0.10770000,0.10810000,0.10740000,0.10750000,155359.30000000,1775512799999,16745.31000000,537
1775512800000,0.10740000,0.10760000,0.10650000,0.10650000,68815.70000000,1775516399999,7378.06806000,227
1775516400000,0.10650000,0.10690000,0.10600000,0.10660000,234883.60000000,1775519999999,24970.16456000,511
1775520000000,0.10670000,0.10690000,0.10620000,0.10640000,31862.60000000,1775523599999,3397.66898000,91
1775523600000,0.10630000,0.10670000,0.10580000,0.10590000,41891.40000000,1775527199999,4449.25075000,149
1775527200000,0.10580000,0.10730000,0.10500000,0.10680000,305358.20000000,1775530799999,32456.72180000,790
1775530800000,0.10690000,0.10740000,0.10670000,0.10680000,240824.40000000,1775534399999,25788.11063000,691
1775534400000,0.10690000,0.10770000,0.10660000,0.10690000,117778.80000000,1775537999999,12631.98843000,472
1775538000000,0.10680000,0.10710000,0.10630000,0.10630000,183311.10000000,1775541599999,19544.80680000,273
1775541600000,0.10630000,0.10750000,0.10630000,0.10730000,210129.30000000,1775545199999,22481.78656000,397
1775545200000,0.10720000,0.10750000,0.10680000,0.10740000,99200.30000000,1775548799999,10628.25650000,271
1775548800000,0.10740000,0.10760000,0.10690000,0.10750000,65617.50000000,1775552399999,7036.90815000,198
1775552400000,0.10750000,0.10890000,0.10740000,0.10860000,189822.50000000,1775555999999,20530.32108000,407
1775556000000,0.10870000,0.10930000,0.10780000,0.10810000,468226.20000000,1775559599999,50833.61564000,1049
1775559600000,0.10810000,0.10860000,0.10660000,0.10700000,443780.20000000,1775563199999,47700.03846000,1048
1775563200000,0.10700000,0.10720000,0.10530000,0.10580000,412213.40000000,1775566799999,43749.03438000,679
1775566800000,0.10570000,0.10580000,0.10470000,0.10500000,277874.40000000,1775570399999,29256.45508000,690
1775570400000,0.10510000,0.10520000,0.10450000,0.10450000,102072.40000000,1775573999999,10691.87923000,268
1775574000000,0.10450000,0.10460000,0.10330000,0.10380000,345877.80000000,1775577599999,35909.27488000,825
1775577600000,0.10380000,0.10430000,0.10370000,0.10380000,172002.20000000,1775581199999,17880.31008000,572
1775581200000,0.10380000,0.10420000,0.10340000,0.10370000,132937.00000000,1775584799999,13793.60254000,288
1775584800000,0.10360000,0.10360000,0.10240000,0.10240000,55625.20000000,1775588399999,5739.42611000,183
1775588400000,0.10240000,0.10320000,0.10220000,0.10320000,88179.50000000,1775591999999,9046.33073000,357
1775592000000,0.10310000,0.10400000,0.10310000,0.10310000,83293.30000000,1775595599999,8630.63116000,277
1775595600000,0.10310000,0.10440000,0.10300000,0.10430000,164873.90000000,1775599199999,17120.64892000,295
1775599200000,0.10440000,0.10660000,0.10430000,0.10640000,465836.10000000,1775602799999,49053.44703000,820
1775602800000,0.10650000,0.10890000,0.10630000,0.10770000,1103503.00000000,1775606399999,118885.16215000,2162
1775606400000,0.10760000,0.10830000,0.10720000,0.10720000,289814.50000000,1775609999999,31255.85876000,501
1775610000000,0.10710000,0.10710000,0.10640000,0.10700000,64106.00000000,1775613599999,6843.84852000,194
1775613600000,0.10700000,0.10810000,0.10700000,0.10740000,135490.60000000,1775617199999,14576.38959000,384
1775617200000,0.10710000,0.10740000,0.10670000,0.10670000,111263.80000000,1775620799999,11907.11004000,313
1775620800000,0.10670000,0.10980000,0.10640000,0.10840000,579012.20000000,1775624399999,62649.74056000,1264
1775624400000,0.10820000,0.10840000,0.10790000,0.10820000,287334.90000000,1775627999999,31077.00490000,613
1775628000000,0.10820000,0.10820000,0.10770000,0.10800000,129677.30000000,1775631599999,14006.14292000,188
1775631600000,0.10790000,0.10950000,0.10780000,0.10950000,191032.80000000,1775635199999,20767.24526000,398
1775635200000,0.10940000,0.10940000,0.10810000,0.10810000,223152.00000000,1775638799999,24226.37136000,353
1775638800000,0.10820000,0.10860000,0.10800000,0.10830000,123090.90000000,1775642399999,13327.96562000,296
1775642400000,0.10820000,0.10850000,0.10810000,0.10820000,72459.60000000,1775645999999,7845.92158000,204
1775646000000,0.10820000,0.10840000,0.10710000,0.10750000,69628.30000000,1775649599999,7490.38487000,168
1775649600000,0.10730000,0.10800000,0.10710000,0.10750000,168722.00000000,1775653199999,18143.35074000,302
1775653200000,0.10750000,0.10820000,0.10740000,0.10800000,147923.90000000,1775656799999,15954.98423000,239
1775656800000,0.10800000,0.10810000,0.10620000,0.10640000,242884.30000000,1775660399999,25958.82439000,346
1775660400000,0.10630000,0.10650000,0.10500000,0.10590000,549508.20000000,1775663999999,58038.63045000,1047
1775664000000,0.10590000,0.10790000,0.10570000,0.10780000,238078.20000000,1775667599999,25380.86727000,611
1775667600000,0.10790000,0.10930000,0.10760000,0.10870000,284531.20000000,1775671199999,30873.10100000,850
1775671200000,0.10880000,0.11200000,0.10850000,0.10920000,1051628.30000000,1775674799999,115996.07949000,1716
1775674800000,0.10920000,0.11260000,0.10880000,0.11020000,2037555.10000000,1775678399999,225954.53480000,2864
1775678400000,0.11050000,0.11250000,0.10950000,0.10990000,841076.80000000,1775681999999,93398.68250000,1900
1775682000000,0.10990000,0.11060000,0.10920000,0.11030000,144173.40000000,1775685599999,15816.82507000,405
1775685600000,0.11060000,0.11060000,0.10850000,0.10890000,267229.90000000,1775689199999,29213.86474000,452
1775689200000,0.10880000,0.10920000,0.10820000,0.10850000,243480.40000000,1775692799999,26446.43460000,555
1775692800000,0.10840000,0.10940000,0.10800000,0.10920000,257781.90000000,1775696399999,28047.96520000,542
1775696400000,0.10920000,0.10950000,0.10840000,0.10870000,367494.20000000,1775699999999,40038.03963000,678
1775700000000,0.10880000,0.11160000,0.10880000,0.11080000,734634.20000000,1775703599999,81269.60383000,1492
1775703600000,0.11100000,0.11130000,0.10970000,0.11020000,247524.20000000,1775707199999,27343.46211000,497
1775707200000,0.11030000,0.11080000,0.10990000,0.11040000,172419.30000000,1775710799999,19028.74712000,525
1775710800000,0.11020000,0.11110000,0.11000000,0.11030000,145640.70000000,1775714399999,16102.52298000,282
1775714400000,0.11020000,0.11020000,0.10870000,0.11010000,195660.20000000,1775717999999,21453.06544000,389
1775718000000,0.11010000,0.11080000,0.10990000,0.11020000,172913.90000000,1775721599999,19087.16820000,334
1775721600000,0.11010000,0.11040000,0.10920000,0.10940000,81450.60000000,1775725199999,8924.49032000,178
1775725200000,0.10930000,0.11020000,0.10910000,0.10980000,130443.60000000,1775728799999,14280.29263000,199
1775728800000,0.10950000,0.10970000,0.10770000,0.10770000,552364.50000000,1775732399999,60014.41302000,862
1775732400000,0.10790000,0.10790000,0.10720000,0.10720000,89570.70000000,1775735999999,9639.87577000,258
1775736000000,0.10720000,0.10750000,0.10700000,0.10730000,54254.00000000,1775739599999,5814.38673000,104
1775739600000,0.10730000,0.10770000,0.10660000,0.10730000,341598.70000000,1775743199999,36607.12619000,748
1775743200000,0.10730000,0.10740000,0.10680000,0.10710000,97173.50000000,1775746799999,10407.56587000,215
1775746800000,0.10710000,0.10850000,0.10710000,0.10810000,283122.70000000,1775750399999,30501.30750000,572
1775750400000,0.10800000,0.10880000,0.10770000,0.10840000,525281.30000000,1775753999999,56927.45753000,755
1775754000000,0.10880000,0.10910000,0.10790000,0.10840000,565913.90000000,1775757599999,61433.92162000,664
1775757600000,0.10840000,0.10840000,0.10790000,0.10820000,165622.90000000,1775761199999,17918.63359000,384
1775761200000,0.10810000,0.10850000,0.10800000,0.10820000,98680.90000000,1775764799999,10689.66218000,188
1775764800000,0.10820000,0.10820000,0.10690000,0.10690000,124810.90000000,1775768399999,13447.45868000,229
1775768400000,0.10680000,0.10690000,0.10570000,0.10610000,174954.20000000,1775771999999,18565.75400000,334
1775772000000,0.10620000,0.10720000,0.10620000,0.10650000,133259.00000000,1775775599999,14226.77886000,348
1775775600000,0.10650000,0.10650000,0.10560000,0.10580000,132835.00000000,1775779199999,14069.67411000,323
1775779200000,0.10610000,0.10610000,0.10260000,0.10310000,746298.10000000,1775782799999,77609.57926000,1875
1775782800000,0.10340000,0.10350000,0.10250000,0.10300000,373908.20000000,1775786399999,38497.42437000,652
1775786400000,0.10300000,0.10410000,0.10300000,0.10360000,176613.80000000,1775789999999,18317.46583000,507
1775790000000,0.10360000,0.10400000,0.10320000,0.10340000,125143.30000000,1775793599999,12976.02221000,394
1775793600000,0.10350000,0.10470000,0.10330000,0.10430000,102672.20000000,1775797199999,10669.97216000,314
1775797200000,0.10430000,0.10480000,0.10380000,0.10470000,170001.50000000,1775800799999,17731.85915000,285
1775800800000,0.10470000,0.10500000,0.10430000,0.10430000,123554.20000000,1775804399999,12938.83478000,322
1775804400000,0.10430000,0.10430000,0.10310000,0.10320000,250360.80000000,1775807999999,25911.65698000,479
1775808000000,0.10320000,0.10320000,0.10240000,0.10280000,100779.20000000,1775811599999,10361.97109000,303
1775811600000,0.10280000,0.10330000,0.10250000,0.10310000,95745.50000000,1775815199999,9842.39517000,329
1775815200000,0.10310000,0.10330000,0.10220000,0.10270000,198956.20000000,1775818799999,20426.85171000,363
1775818800000,0.10260000,0.10310000,0.10210000,0.10240000,168401.70000000,1775822399999,17267.62277000,460
1775822400000,0.10240000,0.10240000,0.10150000,0.10160000,273354.00000000,1775825999999,27879.49533000,519
1775826000000,0.10160000,0.10210000,0.10090000,0.10120000,280977.00000000,1775829599999,28486.23504000,668
1775829600000,0.10120000,0.10160000,0.10040000,0.10140000,280110.30000000,1775833199999,28269.05967000,624
1775833200000,0.10160000,0.10180000,0.10010000,0.10040000,348148.10000000,1775836799999,35092.96900000,1029
1775836800000,0.10030000,0.10300000,0.10020000,0.10150000,1271058.20000000,1775840399999,129348.14809000,2139
1775840400000,0.10150000,0.10150000,0.10080000,0.10100000,71705.60000000,1775843999999,7249.96130000,253
1775844000000,0.10090000,0.10170000,0.10070000,0.10160000,105326.50000000,1775847599999,10664.07987000,459
1775847600000,0.10160000,0.10180000,0.10080000,0.10080000,134122.90000000,1775851199999,13587.21131000,265
1775851200000,0.10080000,0.10100000,0.10010000,0.10060000,206940.60000000,1775854799999,20789.41993000,671
1775854800000,0.10070000,0.10080000,0.10010000,0.10060000,133542.50000000,1775858399999,13416.08016000,418
1775858400000,0.10060000,0.10060000,0.09840000,0.09930000,383472.60000000,1775861999999,38085.34567000,829
1775862000000,0.09900000,0.09930000,0.09860000,0.09920000,190217.90000000,1775865599999,18815.44673000,441
1775865600000,0.09930000,0.09930000,0.09780000,0.09910000,327385.80000000,1775869199999,32247.70150000,891
1775869200000,0.09910000,0.09940000,0.09850000,0.09910000,134536.20000000,1775872799999,13312.13492000,455
1775872800000,0.09910000,0.10050000,0.09900000,0.09980000,290706.70000000,1775876399999,29050.79995000,983
1775876400000,0.09990000,0.10090000,0.09910000,0.10050000,312524.60000000,1775879999999,31280.74679000,743
1775880000000,0.10060000,0.10060000,0.09950000,0.09970000,403160.00000000,1775883599999,40333.56289000,624
1775883600000,0.09980000,0.10270000,0.09980000,0.10260000,676488.20000000,1775887199999,68612.63679000,1409
1775887200000,0.10270000,0.10320000,0.10160000,0.10230000,463202.30000000,1775890799999,47407.53602000,1198
1775890800000,0.10230000,0.10280000,0.10180000,0.10180000,91698.30000000,1775894399999,9382.56635000,243
1775894400000,0.10190000,0.10360000,0.10170000,0.10340000,218699.80000000,1775897999999,22520.37785000,536
1775898000000,0.10350000,0.10500000,0.10280000,0.10490000,527265.60000000,1775901599999,54755.27381000,1158
1775901600000,0.10510000,0.10700000,0.10510000,0.10680000,972351.60000000,1775905199999,103242.66154000,2691
1775905200000,0.10680000,0.10680000,0.10530000,0.10570000,648359.00000000,1775908799999,68612.99825000,1612
1775908800000,0.10590000,0.10610000,0.10350000,0.10380000,731299.40000000,1775912399999,76585.53753000,1805
1775912400000,0.10370000,0.10410000,0.10290000,0.10370000,324196.60000000,1775915999999,33486.26973000,800
1775916000000,0.10380000,0.10390000,0.10250000,0.10340000,242459.20000000,1775919599999,25059.09535000,815
1775919600000,0.10360000,0.10530000,0.10330000,0.10410000,757466.40000000,1775923199999,79014.90898000,1832
1775923200000,0.10400000,0.10430000,0.10290000,0.10340000,309698.40000000,1775926799999,32020.26688000,811
1775926800000,0.10350000,0.10430000,0.10330000,0.10340000,193602.80000000,1775930399999,20073.50329000,497
1775930400000,0.10350000,0.10700000,0.10310000,0.10680000,827032.40000000,1775933999999,87306.54332000,2149
1775934000000,0.10680000,0.10810000,0.10650000,0.10770000,542030.60000000,1775937599999,58094.89942000,1377
1775937600000,0.10770000,0.11010000,0.10690000,0.10710000,1630875.30000000,1775941199999,177298.90425000,4226
1775941200000,0.10720000,0.10850000,0.10670000,0.10730000,559087.30000000,1775944799999,59988.62708000,1351
1775944800000,0.10740000,0.10810000,0.10720000,0.10810000,230254.30000000,1775948399999,24795.41610000,848
1775948400000,0.10820000,0.10820000,0.10700000,0.10800000,601252.40000000,1775951999999,64697.27025000,1251
1775952000000,0.10790000,0.10900000,0.10790000,0.10810000,505767.20000000,1775955599999,54820.75522000,1090
1775955600000,0.10810000,0.10830000,0.10590000,0.10650000,733793.40000000,1775959199999,78429.66923000,2203
1775959200000,0.10640000,0.10720000,0.10480000,0.10710000,664206.00000000,1775962799999,70419.14383000,1935
1775962800000,0.10710000,0.10820000,0.10670000,0.10770000,318094.00000000,1775966399999,34224.13465000,973
1775966400000,0.10780000,0.10910000,0.10750000,0.10800000,689373.40000000,1775969999999,74696.60079000,1664
1775970000000,0.10810000,0.10820000,0.10610000,0.10650000,421484.50000000,1775973599999,45036.25590000,893
1775973600000,0.10660000,0.10770000,0.10660000,0.10670000,243575.50000000,1775977199999,26130.97976000,675
1775977200000,0.10660000,0.10670000,0.10580000,0.10600000,428118.40000000,1775980799999,45491.90138000,1123
1775980800000,0.10610000,0.10700000,0.10600000,0.10660000,84439.90000000,1775984399999,8986.61973000,291
1775984400000,0.10660000,0.10810000,0.10610000,0.10690000,442899.70000000,1775987999999,47441.00467000,951
1775988000000,0.10690000,0.10700000,0.10610000,0.10670000,344088.30000000,1775991599999,36670.07704000,1088
1775991600000,0.10680000,0.10740000,0.10590000,0.10670000,550114.30000000,1775995199999,58715.12978000,1121
1775995200000,0.10670000,0.10810000,0.10640000,0.10760000,431563.80000000,1775998799999,46375.63911000,1205
1775998800000,0.10760000,0.10840000,0.10730000,0.10770000,362780.70000000,1776002399999,39101.03192000,1207
1776002400000,0.10770000,0.10780000,0.10650000,0.10670000,191717.10000000,1776005999999,20552.56516000,545
1776006000000,0.10680000,0.10730000,0.10610000,0.10700000,557372.10000000,1776009599999,59470.05775000,1566
1776009600000,0.10710000,0.10740000,0.10530000,0.10550000,522783.70000000,1776013199999,55678.80253000,1167
1776013200000,0.10550000,0.10660000,0.10480000,0.10620000,640012.60000000,1776016799999,67582.41400000,1872
1776016800000,0.10630000,0.10630000,0.10510000,0.10580000,403250.30000000,1776020399999,42575.05444000,1274
1776020400000,0.10580000,0.10610000,0.10500000,0.10600000,159325.90000000,1776023999999,16811.03511000,359
1776024000000,0.10610000,0.10900000,0.10580000,0.10850000,1191192.80000000,1776027599999,128241.24630000,3040
1776027600000,0.10850000,0.10940000,0.10790000,0.10840000,677734.40000000,1776031199999,73654.99433000,1232
1776031200000,0.10840000,0.10860000,0.10710000,0.10760000,260075.20000000,1776034799999,28024.69435000,853
1776034800000,0.10760000,0.10900000,0.10700000,0.10840000,484806.80000000,1776038399999,52279.55859000,1276
1776038400000,0.10850000,0.10890000,0.10770000,0.10780000,415426.30000000,1776041999999,44966.27256000,1209
1776042000000,0.10790000,0.10990000,0.10790000,0.10910000,513323.10000000,1776045599999,56079.73248000,1488
1776045600000,0.10910000,0.11030000,0.10820000,0.11020000,782860.60000000,1776049199999,85543.11842000,2428
1776049200000,0.11020000,0.11110000,0.10900000,0.11040000,750149.80000000,1776052799999,82510.49525000,1969
1776052800000,0.11040000,0.11080000,0.10970000,0.10990000,281555.40000000,1776056399999,31077.32944000,1048
1776056400000,0.10990000,0.10990000,0.10840000,0.10920000,512384.90000000,1776059999999,55799.50621000,1511
1776060000000,0.10920000,0.11000000,0.10850000,0.10980000,209750.20000000,1776063599999,22914.04431000,838
1776063600000,0.10980000,0.11030000,0.10870000,0.10980000,286284.50000000,1776067199999,31342.99135000,901
1776067200000,0.11000000,0.11010000,0.10910000,0.10990000,212927.30000000,1776070799999,23328.75824000,803
1776070800000,0.11000000,0.11080000,0.10900000,0.11070000,599786.90000000,1776074399999,65992.63871000,2101
1776074400000,0.11070000,0.11440000,0.11060000,0.11430000,1457171.50000000,1776077999999,163759.35841000,4166
1776078000000,0.11430000,0.11700000,0.11180000,0.11300000,4084686.50000000,1776081599999,466633.16195000,12361
1776081600000,0.11310000,0.11350000,0.11120000,0.11180000,1019505.10000000,1776085199999,114365.65267000,2751
1776085200000,0.11180000,0.11210000,0.10900000,0.10970000,792242.70000000,1776088799999,87306.40009000,2052
1776088800000,0.10970000,0.11120000,0.10970000,0.11040000,783994.70000000,1776092399999,86486.12390000,1589
1776092400000,0.11050000,0.11060000,0.10890000,0.10900000,406125.30000000,1776095999999,44488.30379000,1185
1776096000000,0.10910000,0.11020000,0.10750000,0.11000000,1126819.20000000,1776099599999,122332.00425000,2738
1776099600000,0.11010000,0.11130000,0.10880000,0.10930000,864882.60000000,1776103199999,95277.08600000,2873
1776103200000,0.10940000,0.10990000,0.10880000,0.10910000,286084.50000000,1776106799999,31242.26394000,838
1776106800000,0.10910000,0.11410000,0.10860000,0.11310000,1506754.80000000,1776110399999,168960.30336000,4233
1776110400000,0.11310000,0.11440000,0.11180000,0.11410000,364824.80000000,1776113999999,41192.22700000,1144
1776114000000,0.11410000,0.11480000,0.11270000,0.11400000,337639.10000000,1776117599999,38331.22794000,1211
1776117600000,0.11410000,0.11480000,0.11380000,0.11420000,204582.00000000,1776121199999,23385.08038000,803
1776121200000,0.11410000,0.11420000,0.11320000,0.11360000,263226.50000000,1776124799999,29931.58864000,772
1776124800000,0.11360000,0.11400000,0.11280000,0.11280000,207422.60000000,1776128399999,23516.53664000,354
1776128400000,0.11270000,0.11420000,0.11250000,0.11350000,222166.10000000,1776131999999,25245.70127000,748
1776132000000,0.11340000,0.11380000,0.11270000,0.11320000,292009.40000000,1776135599999,33091.64771000,619
1776135600000,0.11320000,0.11480000,0.11300000,0.11330000,511459.10000000,1776139199999,58267.41632000,1367
1776139200000,0.11330000,0.11340000,0.11140000,0.11160000,719046.00000000,1776142799999,80870.85170000,1455
1776142800000,0.11170000,0.11180000,0.11000000,0.11050000,431742.30000000,1776146399999,47836.12207000,1129
1776146400000,0.11060000,0.11450000,0.11040000,0.11260000,1559737.10000000,1776149999999,176033.86259000,4482
1776150000000,0.11250000,0.11300000,0.11170000,0.11270000,363384.80000000,1776153599999,40878.78098000,1323
1776153600000,0.11280000,0.11710000,0.11210000,0.11640000,1433743.10000000,1776157199999,163956.03267000,3710
1776157200000,0.11640000,0.11710000,0.11440000,0.11490000,1245028.20000000,1776160799999,144102.57836000,4559
1776160800000,0.11500000,0.11520000,0.11260000,0.11450000,1353185.10000000,1776164399999,154090.94853000,4435
1776164400000,0.11450000,0.11490000,0.11270000,0.11290000,550605.40000000,1776167999999,62642.97198000,1865
1776168000000,0.11290000,0.11310000,0.11140000,0.11170000,459655.80000000,1776171599999,51713.59544000,1503
1776171600000,0.11170000,0.11320000,0.11130000,0.11280000,550575.40000000,1776175199999,61719.45795000,1907
1776175200000,0.11280000,0.11470000,0.11260000,0.11310000,845928.20000000,1776178799999,96173.88855000,2622
1776178800000,0.11300000,0.11420000,0.11210000,0.11380000,451445.60000000,1776182399999,51030.62002000,1197
1776182400000,0.11380000,0.11400000,0.11120000,0.11140000,427227.90000000,1776185999999,48062.39645000,1711
1776186000000,0.11140000,0.11220000,0.11090000,0.11130000,471261.00000000,1776189599999,52576.06163000,1803
1776189600000,0.11130000,0.11140000,0.11040000,0.11060000,154196.50000000,1776193199999,17101.74448000,655
1776193200000,0.11070000,0.11080000,0.10910000,0.10970000,141743.20000000,1776196799999,15554.87416000,515
1776196800000,0.10970000,0.11000000,0.10900000,0.10920000,116272.70000000,1776200399999,12715.52669000,321
1776200400000,0.10920000,0.11040000,0.10920000,0.11020000,155559.50000000,1776203999999,17108.85202000,573
1776204000000,0.11020000,0.11050000,0.10980000,0.11000000,55397.50000000,1776207599999,6098.00405000,276
1776207600000,0.10990000,0.11020000,0.10950000,0.11000000,123969.60000000,1776211199999,13607.64609000,419
1776211200000,0.11010000,0.11090000,0.10980000,0.11050000,362329.40000000,1776214799999,39982.17468000,1131
1776214800000,0.11050000,0.11130000,0.11020000,0.11050000,209254.80000000,1776218399999,23174.91352000,803
1776218400000,0.11050000,0.11080000,0.11010000,0.11070000,252309.90000000,1776221999999,27859.87982000,803
1776222000000,0.11070000,0.11070000,0.10960000,0.10990000,227080.90000000,1776225599999,24988.41692000,600
1776225600000,0.10990000,0.11000000,0.10900000,0.10920000,208622.50000000,1776229199999,22829.18273000,713
1776229200000,0.10930000,0.10930000,0.10880000,0.10900000,55968.80000000,1776232799999,6105.88769000,265
1776232800000,0.10890000,0.10920000,0.10840000,0.10860000,92670.10000000,1776236399999,10081.87178000,414
1776236400000,0.10860000,0.10880000,0.10590000,0.10700000,696570.00000000,1776239999999,74870.80669000,1433
1776240000000,0.10690000,0.10740000,0.10610000,0.10640000,282124.50000000,1776243599999,30122.73279000,777
1776243600000,0.10650000,0.10660000,0.10590000,0.10620000,112384.90000000,1776247199999,11937.89144000,407
1776247200000,0.10630000,0.10770000,0.10610000,0.10690000,290301.20000000,1776250799999,31097.52420000,660
1776250800000,0.10700000,0.10930000,0.10700000,0.10850000,388492.70000000,1776254399999,42037.92919000,1062
1776254400000,0.10840000,0.10910000,0.10810000,0.10830000,253068.90000000,1776257999999,27467.58235000,716
1776258000000,0.10840000,0.10870000,0.10660000,0.10680000,423281.30000000,1776261599999,45485.38336000,917
1776261600000,0.10680000,0.10750000,0.10660000,0.10750000,55203.30000000,1776265199999,5908.50632000,214
1776265200000,0.10750000,0.10760000,0.10590000,0.10710000,230225.60000000,1776268799999,24600.34208000,633
1776268800000,0.10710000,0.10740000,0.10620000,0.10720000,214610.40000000,1776272399999,22913.35147000,757
1776272400000,0.10710000,0.10740000,0.10690000,0.10720000,77582.70000000,1776275999999,8315.12015000,388
1776276000000,0.10730000,0.10780000,0.10730000,0.10740000,85688.60000000,1776279599999,9222.01636000,284
1776279600000,0.10750000,0.10850000,0.10750000,0.10840000,160949.70000000,1776283199999,17388.06723000,544
1776283200000,0.10830000,0.10890000,0.10780000,0.10820000,157666.00000000,1776286799999,17076.80557000,428
1776286800000,0.10820000,0.10890000,0.10760000,0.10890000,98684.20000000,1776290399999,10689.76792000,348
1776290400000,0.10890000,0.10940000,0.10870000,0.10910000,162091.70000000,1776293999999,17694.03579000,396
1776294000000,0.10900000,0.10900000,0.10800000,0.10820000,203848.70000000,1776297599999,22104.32803000,430
1776297600000,0.10820000,0.10940000,0.10790000,0.10940000,50853.50000000,1776301199999,5529.16123000,209
1776301200000,0.10940000,0.10970000,0.10880000,0.10940000,93211.90000000,1776304799999,10186.72755000,337
1776304800000,0.10950000,0.11090000,0.10930000,0.11050000,406132.40000000,1776308399999,44763.17805000,1380
1776308400000,0.11050000,0.11220000,0.11020000,0.11180000,801765.60000000,1776311999999,89243.45983000,2048
1776312000000,0.11180000,0.11290000,0.11160000,0.11180000,393867.40000000,1776315599999,44238.94536000,1722
1776315600000,0.11190000,0.11280000,0.11120000,0.11160000,356234.80000000,1776319199999,39806.69343000,1197
1776319200000,0.11150000,0.11190000,0.11100000,0.11120000,482460.70000000,1776322799999,53731.63151000,639
1776322800000,0.11110000,0.11200000,0.11090000,0.11120000,211027.10000000,1776326399999,23491.23503000,586
1776326400000,0.11130000,0.11230000,0.11020000,0.11030000,680020.90000000,1776329999999,75579.63842000,1240
1776330000000,0.11030000,0.11040000,0.10810000,0.10880000,918695.50000000,1776333599999,100301.99668000,2009
1776333600000,0.10880000,0.10900000,0.10810000,0.10810000,125008.70000000,1776337199999,13562.46761000,468
1776337200000,0.10800000,0.10800000,0.10690000,0.10710000,141932.90000000,1776340799999,15246.17817000,427
1776340800000,0.10710000,0.10830000,0.10710000,0.10820000,247976.40000000,1776344399999,26716.15077000,1040
1776344400000,0.10820000,0.11050000,0.10810000,0.11000000,1631136.20000000,1776347999999,178763.53327000,5299
1776348000000,0.10990000,0.10990000,0.10770000,0.10810000,740330.00000000,1776351599999,80402.81130000,2434
1776351600000,0.10830000,0.11070000,0.10820000,0.10950000,1084196.30000000,1776355199999,118765.87995000,2213
1776355200000,0.10960000,0.11020000,0.10760000,0.10790000,663481.50000000,1776358799999,72135.43850000,2052
1776358800000,0.10780000,0.10880000,0.10760000,0.10860000,244640.10000000,1776362399999,26475.20116000,942
1776362400000,0.10860000,0.10970000,0.10850000,0.10960000,131508.50000000,1776365999999,14329.72964000,680
1776366000000,0.10950000,0.11000000,0.10900000,0.11000000,177782.90000000,1776369599999,19480.55472000,669
1776369600000,0.11000000,0.11090000,0.10990000,0.11010000,232004.70000000,1776373199999,25613.00024000,840
1776373200000,0.11020000,0.11070000,0.10910000,0.11060000,307164.10000000,1776376799999,33787.77678000,1154
1776376800000,0.11060000,0.11130000,0.11040000,0.11100000,229055.80000000,1776380399999,25397.89571000,640
1776380400000,0.11110000,0.11180000,0.11110000,0.11150000,323710.80000000,1776383999999,36070.05517000,1064
1776384000000,0.11150000,0.11240000,0.11100000,0.11230000,192923.70000000,1776387599999,21554.52131000,632
1776387600000,0.11230000,0.11820000,0.11200000,0.11450000,1920645.30000000,1776391199999,221317.50092000,3471
1776391200000,0.11450000,0.11450000,0.11280000,0.11380000,659074.60000000,1776394799999,74950.97961000,1494
1776394800000,0.11390000,0.11480000,0.11370000,0.11440000,127336.50000000,1776398399999,14558.92209000,290
1776398400000,0.11410000,0.11430000,0.11350000,0.11400000,123649.80000000,1776401999999,14084.37343000,292
1776402000000,0.11410000,0.11640000,0.11250000,0.11320000,1704278.10000000,1776405599999,195360.82572000,4324
1776405600000,0.11320000,0.11480000,0.11320000,0.11380000,254995.30000000,1776409199999,29090.58645000,626
1776409200000,0.11370000,0.11500000,0.11310000,0.11450000,350897.50000000,1776412799999,40138.16088000,947
1776412800000,0.11470000,0.11490000,0.11320000,0.11330000,331291.10000000,1776416399999,37693.84271000,588
1776416400000,0.11340000,0.11370000,0.11310000,0.11350000,112857.00000000,1776419999999,12804.97586000,440
1776420000000,0.11330000,0.11370000,0.11260000,0.11280000,232034.10000000,1776423599999,26258.94191000,488
1776423600000,0.11300000,0.11830000,0.11280000,0.11600000,2185674.20000000,1776427199999,253890.75146000,5518
1776427200000,0.11610000,0.11700000,0.11340000,0.11340000,1965498.30000000,1776430799999,226184.03359000,3478
1776430800000,0.11340000,0.11540000,0.11340000,0.11510000,781217.30000000,1776434399999,89227.11719000,1798
1776434400000,0.11510000,0.11540000,0.11430000,0.11480000,193780.50000000,1776437999999,22297.40805000,375
1776438000000,0.11480000,0.11480000,0.11310000,0.11350000,468239.40000000,1776441599999,53339.60251000,1173
1776441600000,0.11360000,0.11430000,0.11260000,0.11370000,369155.50000000,1776445199999,41855.73507000,1247
1776445200000,0.11380000,0.11400000,0.11230000,0.11240000,383418.10000000,1776448799999,43444.64349000,762
1776448800000,0.11240000,0.11250000,0.11070000,0.11110000,336276.50000000,1776452399999,37473.34660000,891
1776452400000,0.11080000,0.11190000,0.10980000,0.11080000,608164.90000000,1776455999999,67518.71509000,950
1776456000000,0.11100000,0.11130000,0.10920000,0.11040000,459494.50000000,1776459599999,50554.14320000,1298
1776459600000,0.11050000,0.11150000,0.11000000,0.11120000,140017.00000000,1776463199999,15507.05833000,385
1776463200000,0.11120000,0.11240000,0.10980000,0.11200000,316925.90000000,1776466799999,35245.30277000,1044
1776466800000,0.11210000,0.11210000,0.11100000,0.11130000,217964.20000000,1776470399999,24313.10994000,614
1776470400000,0.11130000,0.11180000,0.11020000,0.11090000,129551.50000000,1776473999999,14365.40176000,361
1776474000000,0.11110000,0.11140000,0.11050000,0.11070000,124158.50000000,1776477599999,13780.88487000,414
1776477600000,0.11070000,0.11190000,0.11040000,0.11150000,75850.10000000,1776481199999,8434.39447000,285
1776481200000,0.11150000,0.11240000,0.11140000,0.11160000,160830.40000000,1776484799999,17988.12331000,413
1776484800000,0.11160000,0.11210000,0.11140000,0.11140000,81118.00000000,1776488399999,9072.72842000,247
1776488400000,0.11140000,0.11300000,0.11120000,0.11260000,342209.00000000,1776491999999,38452.15853000,629
1776492000000,0.11260000,0.11440000,0.11260000,0.11440000,374635.80000000,1776495599999,42436.15780000,728
1776495600000,0.11430000,0.11430000,0.11260000,0.11360000,438121.60000000,1776499199999,49804.39611000,1231
1776499200000,0.11360000,0.11380000,0.11200000,0.11370000,427126.80000000,1776502799999,48261.47282000,691
1776502800000,0.11370000,0.11400000,0.11270000,0.11380000,365984.90000000,1776506399999,41433.19999000,918
1776506400000,0.11370000,0.11370000,0.11230000,0.11240000,218964.00000000,1776509999999,24739.03218000,588
1776510000000,0.11230000,0.11230000,0.11100000,0.11190000,393018.60000000,1776513599999,43887.16036000,1323
1776513600000,0.11180000,0.11200000,0.11090000,0.11150000,286020.00000000,1776517199999,31847.67783000,998
1776517200000,0.11140000,0.11230000,0.11040000,0.11200000,348577.40000000,1776520799999,38861.03067000,1003
1776520800000,0.11190000,0.11190000,0.11080000,0.11110000,126374.70000000,1776524399999,14061.38113000,372
1776524400000,0.11110000,0.11460000,0.11090000,0.11170000,1149722.20000000,1776527999999,129717.65664000,3330
1776528000000,0.11170000,0.11220000,0.11010000,0.11040000,318545.80000000,1776531599999,35485.43813000,976
1776531600000,0.11040000,0.11090000,0.10970000,0.11040000,127653.20000000,1776535199999,14089.29608000,355
1776535200000,0.11040000,0.11080000,0.10890000,0.10900000,182435.30000000,1776538799999,20024.32312000,567
1776538800000,0.10910000,0.10960000,0.10720000,0.10760000,322602.50000000,1776542399999,34912.89864000,1052
1776542400000,0.10760000,0.10760000,0.10620000,0.10740000,193978.40000000,1776545999999,20743.48850000,599
1776546000000,0.10750000,0.10780000,0.10710000,0.10760000,98303.70000000,1776549599999,10556.35965000,331
1776549600000,0.10770000,0.10790000,0.10730000,0.10740000,39710.90000000,1776553199999,4269.86815000,130
1776553200000,0.10740000,0.10740000,0.10410000,0.10460000,556061.60000000,1776556799999,58579.91586000,1459
1776556800000,0.10470000,0.10470000,0.10280000,0.10380000,369522.00000000,1776560399999,38302.95940000,1079
1776560400000,0.10380000,0.10400000,0.10180000,0.10220000,456438.90000000,1776563999999,46770.43142000,595
1776564000000,0.10220000,0.10220000,0.10100000,0.10120000,245943.60000000,1776567599999,24927.56470000,841
1776567600000,0.10140000,0.10220000,0.10130000,0.10180000,71615.10000000,1776571199999,7294.46388000,423
1776571200000,0.10170000,0.10220000,0.10140000,0.10200000,169665.60000000,1776574799999,17259.77644000,515
1776574800000,0.10190000,0.10340000,0.10190000,0.10210000,599035.60000000,1776578399999,61552.44726000,1428
1776578400000,0.10200000,0.10290000,0.10120000,0.10160000,465755.40000000,1776581999999,47488.96393000,957
1776582000000,0.10170000,0.10170000,0.10010000,0.10070000,453608.60000000,1776585599999,45710.01138000,741
1776585600000,0.10070000,0.10160000,0.10040000,0.10090000,272763.70000000,1776589199999,27519.41079000,718
1776589200000,0.10090000,0.10350000,0.10090000,0.10270000,1348401.90000000,1776592799999,138034.41397000,4098
1776592800000,0.10260000,0.10340000,0.10000000,0.10060000,896612.20000000,1776596399999,91187.59062000,1962
1776596400000,0.10050000,0.10170000,0.09970000,0.09990000,514824.80000000,1776599999999,51837.34503000,1098
1776600000000,0.09990000,0.10070000,0.09960000,0.10020000,220706.60000000,1776603599999,22089.37946000,570
1776603600000,0.10020000,0.10070000,0.09990000,0.10000000,194640.00000000,1776607199999,19511.41912000,495
1776607200000,0.10000000,0.10170000,0.09960000,0.10150000,750955.30000000,1776610799999,75606.71554000,1589
1776610800000,0.10160000,0.10170000,0.10050000,0.10050000,167431.00000000,1776614399999,16925.52732000,597
1776614400000,0.10050000,0.10050000,0.09980000,0.09990000,333691.80000000,1776617999999,33404.50989000,712
1776618000000,0.10000000,0.10000000,0.09860000,0.09940000,448533.50000000,1776621599999,44586.65520000,806
1776621600000,0.09930000,0.09960000,0.09890000,0.09910000,129293.20000000,1776625199999,12822.72837000,549
1776625200000,0.09910000,0.10090000,0.09910000,0.10070000,317364.90000000,1776628799999,31836.04420000,696
1776628800000,0.10060000,0.10060000,0.09870000,0.09940000,364782.90000000,1776632399999,36346.03859000,829
1776632400000,0.09930000,0.09970000,0.09880000,0.09920000,210258.90000000,1776635999999,20856.38545000,571
1776636000000,0.09910000,0.09940000,0.09820000,0.09870000,514549.60000000,1776639599999,50822.14521000,1527
1776639600000,0.09870000,0.09910000,0.09830000,0.09900000,178207.80000000,1776643199999,17573.52900000,503
1776643200000,0.09890000,0.10060000,0.09830000,0.10060000,410160.40000000,1776646799999,40747.01122000,1553
1776646800000,0.10060000,0.10140000,0.10030000,0.10080000,359325.30000000,1776650399999,36268.46833000,1217
1776650400000,0.10080000,0.10220000,0.10050000,0.10200000,181556.30000000,1776653999999,18434.19231000,593
1776654000000,0.10200000,0.10230000,0.10140000,0.10220000,91273.70000000,1776657599999,9300.07210000,245
1776657600000,0.10220000,0.10340000,0.10220000,0.10310000,270132.10000000,1776661199999,27790.68081000,768
1776661200000,0.10280000,0.10610000,0.10250000,0.10430000,1611750.60000000,1776664799999,167969.72568000,4413
1776664800000,0.10440000,0.10580000,0.10310000,0.10500000,747695.90000000,1776668399999,78045.28985000,2030
1776668400000,0.10510000,0.10930000,0.10510000,0.10800000,1669252.60000000,1776671999999,179213.18141000,4083
1776672000000,0.10800000,0.10830000,0.10600000,0.10690000,976147.50000000,1776675599999,104723.78694000,2043
1776675600000,0.10690000,0.10970000,0.10690000,0.10770000,1187382.20000000,1776679199999,128770.86289000,3623
1776679200000,0.10770000,0.10860000,0.10570000,0.10710000,424047.50000000,1776682799999,45477.14555000,1419
1776682800000,0.10710000,0.10930000,0.10640000,0.10920000,394170.10000000,1776686399999,42592.92076000,1164
1776686400000,0.10920000,0.11330000,0.10730000,0.11030000,5300201.50000000,1776689999999,584230.99648000,15392
1776690000000,0.11030000,0.11330000,0.10960000,0.11290000,2458433.60000000,1776693599999,274440.98066000,5918
1776693600000,0.11300000,0.11530000,0.11230000,0.11460000,2071032.50000000,1776697199999,236026.12517000,4608
1776697200000,0.11450000,0.11800000,0.11150000,0.11540000,3634957.30000000,1776700799999,417700.74708000,6656
1776700800000,0.11540000,0.11640000,0.11270000,0.11380000,2495156.80000000,1776704399999,286447.65453000,4556
1776704400000,0.11390000,0.11500000,0.11240000,0.11390000,1450913.20000000,1776707999999,164950.20135000,3746
1776708000000,0.11400000,0.11430000,0.10970000,0.11270000,1908714.80000000,1776711599999,212631.48160000,4654
1776711600000,0.11260000,0.11290000,0.11060000,0.11140000,1133343.70000000,1776715199999,126724.81830000,2255
1776715200000,0.11150000,0.11310000,0.11120000,0.11270000,396282.30000000,1776718799999,44612.19755000,1265
1776718800000,0.11260000,0.11370000,0.11190000,0.11280000,640074.50000000,1776722399999,72245.91181000,1835
1776722400000,0.11270000,0.11340000,0.11220000,0.11250000,432040.40000000,1776725999999,48772.14416000,1241
1776726000000,0.11240000,0.11370000,0.11180000,0.11340000,403991.70000000,1776729599999,45604.32427000,1263
1776729600000,0.11340000,0.11570000,0.11280000,0.11530000,542106.90000000,1776733199999,61770.29936000,1377
1776733200000,0.11520000,0.11850000,0.11500000,0.11800000,1101054.30000000,1776736799999,128613.81367000,2773
1776736800000,0.11790000,0.12070000,0.11600000,0.11960000,2212604.00000000,1776740399999,261871.37196000,5159
1776740400000,0.11970000,0.12160000,0.11620000,0.11910000,3067548.70000000,1776743999999,365654.44664000,6020
1776744000000,0.11910000,0.12450000,0.11860000,0.12350000,3072097.00000000,1776747599999,375265.84884000,7436
1776747600000,0.12340000,0.13200000,0.12280000,0.12790000,10666417.70000000,1776751199999,1360066.40787000,18714
1776751200000,0.12790000,0.12810000,0.11770000,0.12170000,5218358.60000000,1776754799999,634080.21611000,6772
1776754800000,0.12150000,0.12380000,0.12110000,0.12330000,1822748.80000000,1776758399999,223246.86370000,3449
1776758400000,0.12340000,0.12550000,0.11720000,0.11880000,2945261.70000000,1776761999999,355969.35456000,4926
1776762000000,0.11890000,0.11970000,0.11760000,0.11850000,1622341.90000000,1776765599999,192486.31344000,2493
1776765600000,0.11850000,0.11920000,0.11720000,0.11880000,1185393.70000000,1776769199999,140038.15812000,2273
1776769200000,0.11880000,0.12070000,0.11860000,0.12030000,1012733.90000000,1776772799999,121189.51362000,2051
1776772800000,0.12030000,0.12290000,0.12020000,0.12220000,1150871.00000000,1776776399999,140087.58113000,2506
1776776400000,0.12230000,0.12270000,0.11940000,0.12030000,1527666.10000000,1776779999999,184817.29831000,3187
1776780000000,0.12040000,0.12150000,0.11800000,0.11920000,1443763.00000000,1776783599999,172390.39857000,2787
1776783600000,0.11940000,0.13000000,0.11930000,0.12040000,3325474.70000000,1776787199999,407078.90608000,5434
1776787200000,0.12050000,0.12090000,0.11830000,0.12010000,619059.30000000,1776790799999,74114.69217000,1035
1776790800000,0.12010000,0.12120000,0.11940000,0.11970000,643411.80000000,1776794399999,77337.81298000,781
1776794400000,0.11980000,0.12070000,0.11920000,0.11980000,406288.80000000,1776797999999,48656.39890000,557
1776798000000,0.11980000,0.12010000,0.11810000,0.11840000,547713.60000000,1776801599999,65262.08114000,879
1776801600000,0.11840000,0.11940000,0.11580000,0.11600000,986024.30000000,1776805199999,116003.32219000,1646
1776805200000,0.11590000,0.12010000,0.11590000,0.11980000,667314.00000000,1776808799999,78675.20265000,1053
1776808800000,0.11990000,0.12170000,0.11810000,0.12130000,486356.10000000,1776812399999,58357.79944000,888
1776812400000,0.12150000,0.12300000,0.11890000,0.11950000,1075147.90000000,1776815999999,130021.23662000,1645
1776816000000,0.11940000,0.12040000,0.11840000,0.11920000,631498.40000000,1776819599999,75505.50706000,1050
1776819600000,0.11930000,0.11990000,0.11840000,0.11880000,375495.60000000,1776823199999,44721.58200000,747
1776823200000,0.11870000,0.12080000,0.11840000,0.12000000,410100.20000000,1776826799999,49134.73373000,813
1776826800000,0.12010000,0.12030000,0.11890000,0.11910000,278998.70000000,1776830399999,33382.22219000,494
1776830400000,0.11900000,0.11960000,0.11820000,0.11900000,336237.60000000,1776833999999,39993.34295000,633
1776834000000,0.11890000,0.12080000,0.11880000,0.11940000,476646.10000000,1776837599999,57082.70935000,893
1776837600000,0.11930000,0.11940000,0.11760000,0.11800000,389440.50000000,1776841199999,46115.65463000,755
1776841200000,0.11800000,0.11900000,0.11800000,0.11860000,125509.30000000,1776844799999,14884.21377000,264
1776844800000,0.11850000,0.11950000,0.11780000,0.11860000,582149.90000000,1776848399999,69079.46072000,1045
1776848400000,0.11850000,0.11910000,0.11710000,0.11720000,350880.40000000,1776851999999,41479.35374000,546
1776852000000,0.11720000,0.11930000,0.11710000,0.11920000,174652.40000000,1776855599999,20606.09087000,401
1776855600000,0.11920000,0.12000000,0.11840000,0.11910000,331373.30000000,1776859199999,39520.00647000,850
1776859200000,0.11910000,0.11930000,0.11780000,0.11820000,200448.50000000,1776862799999,23760.63936000,464
1776862800000,0.11820000,0.11950000,0.11780000,0.11850000,196124.00000000,1776866399999,23269.65668000,494
1776866400000,0.11870000,0.11950000,0.11810000,0.11930000,128989.00000000,1776869999999,15321.98645000,298
1776870000000,0.11940000,0.12630000,0.11930000,0.12290000,2255264.80000000,1776873599999,278772.53333000,4361
1776873600000,0.12320000,0.12420000,0.12140000,0.12240000,844129.20000000,1776877199999,103805.87669000,1639
1776877200000,0.12240000,0.12350000,0.12020000,0.12150000,746615.40000000,1776880799999,91025.00431000,1505
1776880800000,0.12160000,0.12280000,0.12080000,0.12220000,441548.00000000,1776884399999,53792.95887000,1026
1776884400000,0.12220000,0.12300000,0.12060000,0.12080000,615713.80000000,1776887999999,75025.79264000,1367
1776888000000,0.12080000,0.12250000,0.12060000,0.12210000,233660.00000000,1776891599999,28434.41290000,487
1776891600000,0.12210000,0.12250000,0.12060000,0.12090000,333831.40000000,1776895199999,40555.96458000,499
1776895200000,0.12080000,0.12180000,0.12030000,0.12070000,322360.00000000,1776898799999,39060.21651000,697
1776898800000,0.12060000,0.12170000,0.11960000,0.11990000,400049.80000000,1776902399999,48146.15175000,770
1776902400000,0.11990000,0.12150000,0.11930000,0.11950000,553855.60000000,1776905999999,66621.30043000,1016
1776906000000,0.11950000,0.12060000,0.11850000,0.12040000,351235.90000000,1776909599999,41913.84266000,694
1776909600000,0.12040000,0.12040000,0.11670000,0.11750000,447070.00000000,1776913199999,52863.91748000,1043
1776913200000,0.11770000,0.11790000,0.11620000,0.11680000,216262.30000000,1776916799999,25309.53439000,464
1776916800000,0.11680000,0.11750000,0.11620000,0.11630000,316587.70000000,1776920399999,37013.73428000,649
1776920400000,0.11640000,0.11640000,0.11210000,0.11340000,743296.00000000,1776923999999,84627.83158000,1443
1776924000000,0.11350000,0.11460000,0.11340000,0.11430000,367343.00000000,1776927599999,41870.06459000,656
1776927600000,0.11420000,0.11480000,0.11330000,0.11370000,276093.20000000,1776931199999,31496.90713000,504
1776931200000,0.11370000,0.11470000,0.11340000,0.11450000,281239.10000000,1776934799999,32012.89619000,465
1776934800000,0.11440000,0.11500000,0.11280000,0.11300000,138070.90000000,1776938399999,15712.52864000,442
1776938400000,0.11310000,0.11340000,0.11240000,0.11280000,128879.30000000,1776941999999,14548.36484000,401
1776942000000,0.11280000,0.11440000,0.11270000,0.11440000,279303.60000000,1776945599999,31756.09116000,600
1776945600000,0.11430000,0.11480000,0.11290000,0.11370000,211238.00000000,1776949199999,24049.44092000,450
1776949200000,0.11370000,0.11400000,0.11290000,0.11330000,157118.00000000,1776952799999,17814.88821000,347
1776952800000,0.11330000,0.11410000,0.11260000,0.11410000,184232.20000000,1776956399999,20841.71099000,405
1776956400000,0.11400000,0.11540000,0.11400000,0.11460000,223095.60000000,1776959999999,25575.49742000,434
1776960000000,0.11460000,0.11580000,0.11450000,0.11580000,144206.00000000,1776963599999,16606.84843000,334
1776963600000,0.11570000,0.11570000,0.11390000,0.11420000,187651.60000000,1776967199999,21504.23573000,457
1776967200000,0.11420000,0.11510000,0.11400000,0.11470000,105015.30000000,1776970799999,12027.87410000,277
1776970800000,0.11470000,0.11830000,0.11470000,0.11710000,991676.40000000,1776974399999,116297.31773000,2722
1776974400000,0.11710000,0.12260000,0.11710000,0.12250000,528259.00000000,1776977999999,63389.79052000,1167
1776978000000,0.12250000,0.12370000,0.12100000,0.12260000,776459.60000000,1776981599999,94973.49768000,1452
1776981600000,0.12260000,0.12590000,0.12250000,0.12400000,879148.40000000,1776985199999,109647.97862000,1830
1776985200000,0.12400000,0.12890000,0.12350000,0.12850000,966304.30000000,1776988799999,121075.09280000,2179
1776988800000,0.12860000,0.13200000,0.12690000,0.13160000,2760822.00000000,1776992399999,356999.94124000,5557
1776992400000,0.13160000,0.13850000,0.13140000,0.13440000,6333151.60000000,1776995999999,853634.34085000,14464
1776996000000,0.13420000,0.13590000,0.12880000,0.12960000,1689914.10000000,1776999599999,221767.67354000,3970
1776999600000,0.12960000,0.13090000,0.12740000,0.12990000,909880.00000000,1777003199999,117183.02970000,1781
1777003200000,0.13000000,0.13220000,0.12930000,0.12950000,675573.60000000,1777006799999,88366.66874000,1653
1777006800000,0.12950000,0.13480000,0.12920000,0.13250000,1690696.20000000,1777010399999,224584.48357000,3006
1777010400000,0.13260000,0.13280000,0.12850000,0.12920000,1065603.10000000,1777013999999,138825.68980000,2273
1777014000000,0.12910000,0.13110000,0.12800000,0.12930000,1034180.50000000,1777017599999,133947.44215000,1901
1777017600000,0.12930000,0.13020000,0.12840000,0.12970000,506639.80000000,1777021199999,65490.82579000,1063
1777021200000,0.12970000,0.13060000,0.12880000,0.12990000,295903.70000000,1777024799999,38397.67787000,635
1777024800000,0.13000000,0.13060000,0.12840000,0.12980000,518079.30000000,1777028399999,67087.19179000,1000
1777028400000,0.12980000,0.13150000,0.12490000,0.12520000,1301172.60000000,1777031999999,166412.77351000,2356
1777032000000,0.12510000,0.12520000,0.12230000,0.12280000,784223.80000000,1777035599999,97118.13508000,1559
1777035600000,0.12280000,0.12360000,0.12190000,0.12330000,295103.30000000,1777039199999,36236.15520000,648
1777039200000,0.12340000,0.12360000,0.12220000,0.12260000,283288.20000000,1777042799999,34761.33121000,749
1777042800000,0.12270000,0.12480000,0.12240000,0.12380000,797408.40000000,1777046399999,98770.46163000,1421
1777046400000,0.12370000,0.12380000,0.12140000,0.12170000,399557.10000000,1777049999999,48844.55927000,922
1777050000000,0.12160000,0.12300000,0.12070000,0.12100000,198663.40000000,1777053599999,24191.97678000,389
1777053600000,0.12090000,0.12090000,0.11840000,0.12050000,523979.80000000,1777057199999,62697.18894000,1162
1777057200000,0.12040000,0.12090000,0.11960000,0.12050000,188143.90000000,1777060799999,22630.82340000,327
1777060800000,0.12040000,0.12060000,0.11920000,0.11960000,291194.80000000,1777064399999,34885.14140000,678
1777064400000,0.11970000,0.12100000,0.11940000,0.12070000,196859.70000000,1777067999999,23629.51271000,309
1777068000000,0.12060000,0.12160000,0.12040000,0.12140000,73026.60000000,1777071599999,8833.78272000,175
1777071600000,0.12140000,0.12170000,0.12040000,0.12120000,215915.00000000,1777075199999,26112.83666000,483
1777075200000,0.12110000,0.12240000,0.12110000,0.12170000,268817.70000000,1777078799999,32746.54042000,438
1777078800000,0.12170000,0.12290000,0.12150000,0.12240000,143529.70000000,1777082399999,17506.84325000,302
1777082400000,0.12240000,0.12400000,0.12210000,0.12300000,205152.60000000,1777085999999,25257.43102000,468
1777086000000,0.12290000,0.12580000,0.12290000,0.12460000,456287.90000000,1777089599999,56745.54648000,723
1777089600000,0.12440000,0.12440000,0.12230000,0.12240000,165893.40000000,1777093199999,20447.10334000,267
1777093200000,0.12240000,0.12280000,0.12120000,0.12200000,219065.50000000,1777096799999,26719.92810000,353
1777096800000,0.12200000,0.12250000,0.12080000,0.12130000,136761.30000000,1777100399999,16609.27596000,312
1777100400000,0.12120000,0.12180000,0.12090000,0.12120000,150369.70000000,1777103999999,18257.11715000,482
1777104000000,0.12120000,0.12120000,0.11750000,0.11900000,559128.20000000,1777107599999,66596.33148000,1132
1777107600000,0.11900000,0.11950000,0.11880000,0.11890000,178862.50000000,1777111199999,21309.48137000,296
1777111200000,0.11880000,0.11910000,0.11830000,0.11830000,101359.50000000,1777114799999,12041.82694000,257
1777114800000,0.11830000,0.11840000,0.11550000,0.11640000,702022.20000000,1777118399999,82128.10113000,874
1777118400000,0.11640000,0.11900000,0.11490000,0.11750000,1187808.10000000,1777121999999,138830.85002000,1600
1777122000000,0.11740000,0.11850000,0.11690000,0.11830000,178567.30000000,1777125599999,20996.77870000,256
1777125600000,0.11820000,0.11970000,0.11780000,0.11810000,245637.50000000,1777129199999,29182.94373000,363
1777129200000,0.11820000,0.11930000,0.11770000,0.11800000,239969.40000000,1777132799999,28424.24970000,401
1777132800000,0.11790000,0.11820000,0.11720000,0.11750000,70574.10000000,1777136399999,8299.36791000,190
1777136400000,0.11750000,0.11790000,0.11540000,0.11570000,548724.60000000,1777139999999,63975.33224000,648
1777140000000,0.11580000,0.11590000,0.11540000,0.11560000,58211.00000000,1777143599999,6729.24623000,161
1777143600000,0.11550000,0.11600000,0.11460000,0.11460000,59224.50000000,1777147199999,6825.64877000,126
1777147200000,0.11460000,0.11480000,0.11310000,0.11460000,251528.50000000,1777150799999,28673.98235000,468
1777150800000,0.11470000,0.11580000,0.11470000,0.11480000,171280.40000000,1777154399999,19755.61752000,336
1777154400000,0.11470000,0.11490000,0.11420000,0.11460000,50774.50000000,1777157999999,5817.28509000,124
1777158000000,0.11460000,0.11760000,0.11460000,0.11690000,286738.60000000,1777161599999,33371.36872000,724
1777161600000,0.11680000,0.11830000,0.11660000,0.11770000,130055.70000000,1777165199999,15277.47247000,425
1777165200000,0.11770000,0.11880000,0.11750000,0.11790000,103687.90000000,1777168799999,12236.83917000,312
1777168800000,0.11780000,0.11890000,0.11740000,0.11860000,120568.20000000,1777172399999,14226.52548000,339
1777172400000,0.11850000,0.11890000,0.11610000,0.11610000,155543.30000000,1777175999999,18209.66833000,303
1777176000000,0.11600000,0.11670000,0.11560000,0.11620000,136203.70000000,1777179599999,15815.18589000,238
1777179600000,0.11610000,0.11630000,0.11540000,0.11570000,131660.90000000,1777183199999,15250.20941000,322
1777183200000,0.11560000,0.11670000,0.11530000,0.11610000,98793.40000000,1777186799999,11479.50185000,182
1777186800000,0.11600000,0.11820000,0.11570000,0.11710000,205172.30000000,1777190399999,23994.80373000,378
1777190400000,0.11700000,0.11790000,0.11640000,0.11640000,107126.50000000,1777193999999,12535.06799000,264
1777194000000,0.11660000,0.11700000,0.11530000,0.11560000,152057.90000000,1777197599999,17668.33909000,335
1777197600000,0.11560000,0.11710000,0.11550000,0.11650000,97321.80000000,1777201199999,11305.30581000,273
1777201200000,0.11640000,0.11690000,0.11590000,0.11620000,67784.60000000,1777204799999,7886.49201000,207
1777204800000,0.11630000,0.11660000,0.11540000,0.11560000,63144.20000000,1777208399999,7334.25990000,143
1777208400000,0.11560000,0.11590000,0.11490000,0.11530000,57126.80000000,1777211999999,6584.72181000,166
1777212000000,0.11520000,0.11610000,0.11490000,0.11540000,35779.80000000,1777215599999,4134.36977000,103
1777215600000,0.11550000,0.11570000,0.11530000,0.11530000,28282.30000000,1777219199999,3265.87990000,66
1777219200000,0.11520000,0.11560000,0.11470000,0.11520000,67417.50000000,1777222799999,7760.49964000,142
1777222800000,0.11530000,0.11610000,0.11520000,0.11550000,97402.90000000,1777226399999,11251.05658000,159
1777226400000,0.11550000,0.11570000,0.11490000,0.11560000,40060.40000000,1777229999999,4622.16679000,116
1777230000000,0.11570000,0.11620000,0.11520000,0.11520000,39037.70000000,1777233599999,4520.24257000,121
1777233600000,0.11520000,0.11540000,0.11500000,0.11500000,61649.70000000,1777237199999,7101.54338000,194
1777237200000,0.11490000,0.11490000,0.11340000,0.11420000,250403.60000000,1777240799999,28559.81425000,429
1777240800000,0.11430000,0.11480000,0.11350000,0.11350000,200103.30000000,1777244399999,22803.22215000,250
1777244400000,0.11350000,0.11350000,0.11270000,0.11300000,247168.20000000,1777247999999,27925.02353000,417
1777248000000,0.11320000,0.11390000,0.11280000,0.11370000,92546.80000000,1777251599999,10494.87427000,155
1777251600000,0.11370000,0.11500000,0.11350000,0.11440000,488710.10000000,1777255199999,55994.70904000,549
1777255200000,0.11430000,0.11480000,0.11380000,0.11440000,162362.60000000,1777258799999,18559.86091000,228
1777258800000,0.11450000,0.11490000,0.11410000,0.11410000,29343.70000000,1777262399999,3363.21556000,74
1777262400000,0.11410000,0.11460000,0.11410000,0.11430000,33309.60000000,1777265999999,3805.63701000,58
1777266000000,0.11400000,0.11440000,0.11320000,0.11380000,235517.50000000,1777269599999,26814.35237000,389
1777269600000,0.11380000,0.11570000,0.11360000,0.11480000,485677.90000000,1777273199999,55771.52016000,723
1777273200000,0.11500000,0.11500000,0.11300000,0.11360000,271632.40000000,1777276799999,30928.27839000,431
1777276800000,0.11360000,0.11390000,0.10960000,0.11040000,713326.70000000,1777280399999,79212.82805000,1024
1777280400000,0.11030000,0.11090000,0.10940000,0.11000000,495368.90000000,1777283999999,54591.36567000,745
1777284000000,0.11030000,0.11050000,0.11000000,0.11000000,88943.90000000,1777287599999,9807.02069000,213
1777287600000,0.10990000,0.11030000,0.10560000,0.10680000,701433.60000000,1777291199999,75591.58178000,1474
1777291200000,0.10670000,0.10900000,0.10550000,0.10850000,1184176.50000000,1777294799999,127202.67996000,1596
1777294800000,0.10850000,0.10940000,0.10790000,0.10920000,239203.70000000,1777298399999,26021.56154000,442
1777298400000,0.10930000,0.10950000,0.10890000,0.10930000,64651.20000000,1777301999999,7056.66882000,119
1777302000000,0.10920000,0.11270000,0.10910000,0.11120000,570498.40000000,1777305599999,63325.02412000,742
1777305600000,0.11110000,0.11210000,0.10950000,0.10980000,278254.20000000,1777309199999,30805.63202000,515
1777309200000,0.10980000,0.11040000,0.10920000,0.11000000,177726.90000000,1777312799999,19497.69935000,339
1777312800000,0.11010000,0.11250000,0.10990000,0.11190000,351290.00000000,1777316399999,39113.16670000,699
1777316400000,0.11180000,0.11250000,0.10850000,0.10960000,681863.60000000,1777319999999,74915.61605000,1371
1777320000000,0.10960000,0.10990000,0.10900000,0.10940000,162287.80000000,1777323599999,17770.02333000,412
1777323600000,0.10930000,0.10930000,0.10830000,0.10880000,202119.60000000,1777327199999,21992.95313000,503
1777327200000,0.10880000,0.10890000,0.10800000,0.10830000,126012.10000000,1777330799999,13651.78708000,223
1777330800000,0.10830000,0.10930000,0.10830000,0.10870000,141801.50000000,1777334399999,15412.47214000,300
1777334400000,0.10870000,0.10990000,0.10870000,0.10920000,197577.40000000,1777337999999,21612.61632000,263
1777338000000,0.10910000,0.11110000,0.10910000,0.11070000,131688.20000000,1777341599999,14544.66737000,274
1777341600000,0.11070000,0.11340000,0.11050000,0.11290000,487595.70000000,1777345199999,54722.16413000,826
1777345200000,0.11310000,0.11320000,0.11170000,0.11180000,322743.50000000,1777348799999,36326.67250000,509
1777348800000,0.11160000,0.11210000,0.11110000,0.11170000,134258.30000000,1777352399999,14962.93425000,185
1777352400000,0.11180000,0.11230000,0.11090000,0.11120000,222440.20000000,1777355999999,24823.16412000,340
1777356000000,0.11110000,0.11220000,0.11100000,0.11210000,48996.10000000,1777359599999,5459.46709000,130
1777359600000,0.11190000,0.11260000,0.11120000,0.11190000,168348.00000000,1777363199999,18819.87588000,269
1777363200000,0.11170000,0.11190000,0.11050000,0.11160000,157767.60000000,1777366799999,17567.32737000,295
1777366800000,0.11160000,0.11190000,0.11080000,0.11150000,143970.50000000,1777370399999,16030.89211000,256
1777370400000,0.11160000,0.11260000,0.11080000,0.11100000,394502.50000000,1777373999999,44016.52892000,548
1777374000000,0.11110000,0.11230000,0.11060000,0.11120000,364492.20000000,1777377599999,40621.53911000,489
1777377600000,0.11150000,0.11170000,0.11090000,0.11130000,104572.30000000,1777381199999,11647.40814000,146
1777381200000,0.11130000,0.11200000,0.11020000,0.11080000,370798.30000000,1777384799999,41171.91499000,559
1777384800000,0.11080000,0.11170000,0.11060000,0.11080000,124436.10000000,1777388399999,13816.95975000,272
1777388400000,0.11070000,0.11440000,0.11050000,0.11320000,1464862.10000000,1777391999999,165384.43029000,1487
1777392000000,0.11310000,0.11340000,0.11220000,0.11320000,152744.90000000,1777395599999,17221.11316000,345
1777395600000,0.11350000,0.11370000,0.11260000,0.11270000,82803.80000000,1777399199999,9363.07537000,180
1777399200000,0.11270000,0.11300000,0.11230000,0.11240000,39303.10000000,1777402799999,4425.13959000,54
1777402800000,0.11220000,0.11220000,0.11140000,0.11140000,33142.80000000,1777406399999,3703.08855000,94
1777406400000,0.11150000,0.11240000,0.11130000,0.11170000,82030.30000000,1777409999999,9171.88398000,238
1777410000000,0.11160000,0.11180000,0.11080000,0.11150000,96315.80000000,1777413599999,10732.39235000,148
1777413600000,0.11140000,0.11140000,0.11100000,0.11110000,21792.60000000,1777417199999,2421.72923000,38
1777417200000,0.11110000,0.11170000,0.11090000,0.11130000,37450.30000000,1777420799999,4167.15717000,59
1777420800000,0.11130000,0.11130000,0.11040000,0.11100000,87047.60000000,1777424399999,9642.53049000,139
1777424400000,0.11110000,0.11110000,0.11010000,0.11050000,63250.40000000,1777427999999,6991.50486000,186
1777428000000,0.11040000,0.11130000,0.10980000,0.11020000,279214.60000000,1777431599999,30849.13225000,536
1777431600000,0.11010000,0.11090000,0.10990000,0.11070000,146151.90000000,1777435199999,16122.65912000,519
1777435200000,0.11060000,0.11090000,0.11050000,0.11060000,59044.00000000,1777438799999,6534.98937000,267
1777438800000,0.11060000,0.11110000,0.11050000,0.11070000,33663.60000000,1777442399999,3729.54029000,212
1777442400000,0.11070000,0.11150000,0.11020000,0.11080000,167182.40000000,1777445999999,18505.83420000,694
1777446000000,0.11080000,0.11120000,0.10970000,0.11010000,453956.50000000,1777449599999,50148.59895000,1448
1777449600000,0.11010000,0.11180000,0.11000000,0.11100000,319488.10000000,1777453199999,35441.27577000,804
1777453200000,0.11110000,0.11180000,0.11080000,0.11130000,190715.00000000,1777456799999,21225.84644000,744
1777456800000,0.11110000,0.11150000,0.11050000,0.11060000,288612.80000000,1777460399999,32061.85532000,655
1777460400000,0.11050000,0.11120000,0.11020000,0.11100000,119404.60000000,1777463999999,13225.78714000,416
1777464000000,0.11090000,0.11100000,0.10980000,0.11060000,206738.60000000,1777467599999,22845.26501000,458
1777467600000,0.11070000,0.11130000,0.11010000,0.11070000,176156.10000000,1777471199999,19476.55297000,428
1777471200000,0.11070000,0.11290000,0.11030000,0.11240000,457008.60000000,1777474799999,51162.55588000,1067
1777474800000,0.11220000,0.11250000,0.11020000,0.11050000,296556.00000000,1777478399999,32960.09786000,626
1777478400000,0.11040000,0.11170000,0.10960000,0.11020000,519794.30000000,1777481999999,57475.50363000,1115
1777482000000,0.11010000,0.11090000,0.11000000,0.11060000,72614.10000000,1777485599999,8011.12602000,274
1777485600000,0.11060000,0.11100000,0.10950000,0.11030000,762474.50000000,1777489199999,84170.73301000,1969
1777489200000,0.11040000,0.11040000,0.10930000,0.10960000,109305.80000000,1777492799999,12004.64440000,361
1777492800000,0.10950000,0.10980000,0.10900000,0.10950000,130953.10000000,1777496399999,14333.00205000,448
1777496400000,0.10950000,0.11020000,0.10940000,0.11000000,36124.00000000,1777499999999,3964.50533000,203
1777500000000,0.10980000,0.11040000,0.10970000,0.10970000,41664.20000000,1777503599999,4585.67728000,247
1777503600000,0.10980000,0.10990000,0.10910000,0.10930000,56730.10000000,1777507199999,6208.82260000,234
1777507200000,0.10920000,0.11010000,0.10910000,0.10990000,74675.80000000,1777510799999,8191.43879000,283
1777510800000,0.10990000,0.11010000,0.10920000,0.10920000,81963.70000000,1777514399999,8997.81513000,276
1777514400000,0.10920000,0.11000000,0.10880000,0.10930000,275183.30000000,1777517999999,30104.55718000,841
1777518000000,0.10930000,0.10970000,0.10890000,0.10930000,75305.80000000,1777521599999,8225.28950000,305
1777521600000,0.10920000,0.10930000,0.10740000,0.10800000,215749.80000000,1777525199999,23304.20050000,531
1777525200000,0.10800000,0.10800000,0.10750000,0.10760000,128455.80000000,1777528799999,13840.38934000,364
1777528800000,0.10750000,0.10800000,0.10740000,0.10750000,62098.40000000,1777532399999,6685.40189000,197
1777532400000,0.10740000,0.10830000,0.10700000,0.10790000,144274.90000000,1777535999999,15503.95546000,393
1777536000000,0.10790000,0.10870000,0.10760000,0.10770000,153093.90000000,1777539599999,16555.25328000,374
1777539600000,0.10770000,0.10970000,0.10770000,0.10970000,240820.90000000,1777543199999,26250.28256000,543
1777543200000,0.10970000,0.11250000,0.10970000,0.11180000,1001503.20000000,1777546799999,111408.10655000,1833
1777546800000,0.11190000,0.11390000,0.11170000,0.11370000,673277.20000000,1777550399999,75914.41041000,1358
1777550400000,0.11370000,0.11530000,0.11270000,0.11450000,1187185.80000000,1777553999999,135517.02737000,2348
1777554000000,0.11450000,0.11630000,0.11390000,0.11600000,640314.60000000,1777557599999,73423.90284000,1362
1777557600000,0.11610000,0.11680000,0.11440000,0.11500000,675813.30000000,1777561199999,77961.00389000,1318
1777561200000,0.11500000,0.11570000,0.11420000,0.11530000,314405.80000000,1777564799999,36148.60066000,613
1777564800000,0.11540000,0.11590000,0.11420000,0.11580000,175120.20000000,1777568399999,20171.33375000,364
1777568400000,0.11580000,0.11810000,0.11580000,0.11800000,600941.60000000,1777571999999,70371.50370000,1001
1777572000000,0.11810000,0.12020000,0.11700000,0.11700000,476779.00000000,1777575599999,56550.37095000,851
1777575600000,0.11690000,0.11750000,0.11510000,0.11560000,544299.80000000,1777579199999,63325.92305000,1009
1777579200000,0.11550000,0.11750000,0.11550000,0.11610000,453199.60000000,1777582799999,52814.76505000,726
1777582800000,0.11610000,0.11900000,0.11570000,0.11790000,245059.30000000,1777586399999,28610.98914000,530
1777586400000,0.11810000,0.11960000,0.11800000,0.11910000,298902.10000000,1777589999999,35523.00715000,545
1777590000000,0.11920000,0.12310000,0.11880000,0.12240000,992665.70000000,1777593599999,120571.40010000,1495
1777593600000,0.12240000,0.12430000,0.12110000,0.12330000,1166380.80000000,1777597199999,143287.88249000,1655
1777597200000,0.12350000,0.12730000,0.12340000,0.12430000,2565726.20000000,1777600799999,322116.80670000,4535
1777600800000,0.12440000,0.12450000,0.12090000,0.12360000,949791.10000000,1777604399999,116663.79668000,1455
1777604400000,0.12360000,0.12380000,0.11930000,0.11980000,1443539.40000000,1777607999999,174648.01174000,1881
1777608000000,0.11980000,0.12190000,0.11930000,0.12190000,528462.00000000,1777611599999,63749.44562000,855
1777611600000,0.12180000,0.12200000,0.11940000,0.12070000,790691.60000000,1777615199999,95427.89422000,1324
1777615200000,0.12060000,0.12230000,0.12030000,0.12080000,312482.30000000,1777618799999,37896.41376000,560
1777618800000,0.12080000,0.12340000,0.12080000,0.12270000,484860.00000000,1777622399999,59287.45788000,795
1777622400000,0.12270000,0.12480000,0.11940000,0.12060000,1615489.00000000,1777625999999,197478.12146000,2536
1777626000000,0.12070000,0.12200000,0.11990000,0.12150000,454298.60000000,1777629599999,55023.03966000,776
1777629600000,0.12130000,0.12280000,0.12110000,0.12130000,324930.30000000,1777633199999,39654.15376000,622
1777633200000,0.12130000,0.12130000,0.11960000,0.12050000,464008.50000000,1777636799999,55808.65416000,800
1777636800000,0.12060000,0.12280000,0.11940000,0.12270000,452449.60000000,1777640399999,54786.39854000,955
1777640400000,0.12250000,0.12350000,0.11900000,0.11960000,597283.90000000,1777643999999,72276.75361000,862
1777644000000,0.11970000,0.12100000,0.11970000,0.12090000,201141.90000000,1777647599999,24205.74015000,419
1777647600000,0.12080000,0.12240000,0.11980000,0.12020000,397110.00000000,1777651199999,48171.84710000,689
1777651200000,0.12010000,0.12050000,0.11860000,0.11900000,344119.00000000,1777654799999,41166.75036000,633
1777654800000,0.11900000,0.12020000,0.11860000,0.11890000,264202.30000000,1777658399999,31519.38591000,569
1777658400000,0.11890000,0.11920000,0.11760000,0.11830000,139285.70000000,1777661999999,16464.71833000,323
1777662000000,0.11850000,0.11870000,0.11770000,0.11810000,111095.00000000,1777665599999,13118.15201000,290
1777665600000,0.11820000,0.11910000,0.11730000,0.11880000,135863.60000000,1777669199999,16080.54353000,370
1777669200000,0.11870000,0.11940000,0.11800000,0.11850000,137185.60000000,1777672799999,16280.65081000,348
1777672800000,0.11850000,0.11860000,0.11700000,0.11760000,172310.00000000,1777676399999,20285.80586000,519
1777676400000,0.11760000,0.11810000,0.11720000,0.11750000,140966.00000000,1777679999999,16566.00616000,407
1777680000000,0.11760000,0.11770000,0.11610000,0.11640000,175026.50000000,1777683599999,20434.11756000,531
1777683600000,0.11640000,0.11700000,0.11530000,0.11610000,331928.80000000,1777687199999,38497.40435000,771
1777687200000,0.11610000,0.11670000,0.11580000,0.11640000,101778.30000000,1777690799999,11822.73719000,305
1777690800000,0.11640000,0.11760000,0.11640000,0.11730000,108657.00000000,1777694399999,12720.44978000,452
1777694400000,0.11720000,0.11820000,0.11600000,0.11750000,279266.10000000,1777697999999,32639.47652000,1056
1777698000000,0.11750000,0.11910000,0.11730000,0.11850000,364056.00000000,1777701599999,43089.45120000,1223
1777701600000,0.11840000,0.11950000,0.11750000,0.11770000,189967.70000000,1777705199999,22498.17312000,758
1777705200000,0.11760000,0.11980000,0.11720000,0.11960000,160572.40000000,1777708799999,19017.91594000,649
1777708800000,0.11990000,0.12220000,0.11930000,0.11950000,382899.00000000,1777712399999,46170.09920000,1308
1777712400000,0.11950000,0.12120000,0.11890000,0.12010000,310428.10000000,1777715999999,37330.15126000,902
1777716000000,0.12010000,0.12100000,0.11980000,0.12040000,185254.40000000,1777719599999,22303.48244000,645
1777719600000,0.12040000,0.12060000,0.11940000,0.12000000,175847.00000000,1777723199999,21086.78023000,568
1777723200000,0.12010000,0.12110000,0.11990000,0.12110000,226584.90000000,1777726799999,27292.77981000,733
1777726800000,0.12110000,0.12110000,0.11890000,0.11910000,162932.80000000,1777730399999,19529.70030000,527
1777730400000,0.11910000,0.12010000,0.11900000,0.11950000,161311.20000000,1777733999999,19285.63235000,521
1777734000000,0.11940000,0.12550000,0.11930000,0.12500000,1511080.50000000,1777737599999,186157.14705000,2754
1777737600000,0.12520000,0.12550000,0.12180000,0.12310000,726426.40000000,1777741199999,89840.57584000,1269
1777741200000,0.12290000,0.12490000,0.12250000,0.12440000,449116.40000000,1777744799999,55546.16371000,905
1777744800000,0.12440000,0.12440000,0.12060000,0.12150000,724654.10000000,1777748399999,88335.96656000,1400
1777748400000,0.12150000,0.12250000,0.12150000,0.12180000,62782.30000000,1777751999999,7661.34758000,226
1777752000000,0.12180000,0.12220000,0.12110000,0.12110000,93923.20000000,1777755599999,11407.35381000,330
1777755600000,0.12110000,0.12170000,0.12100000,0.12120000,167469.00000000,1777759199999,20321.07449000,455
1777759200000,0.12130000,0.12230000,0.12070000,0.12200000,146041.70000000,1777762799999,17717.29548000,581
1777762800000,0.12200000,0.12270000,0.12120000,0.12270000,244991.30000000,1777766399999,29901.26778000,595
1777766400000,0.12270000,0.12280000,0.12130000,0.12190000,171907.50000000,1777769999999,20949.31686000,589
1777770000000,0.12190000,0.12230000,0.12100000,0.12210000,156384.60000000,1777773599999,19044.03766000,518
1777773600000,0.12210000,0.12240000,0.12020000,0.12060000,157907.50000000,1777777199999,19130.28144000,545
1777777200000,0.12070000,0.12120000,0.12010000,0.12070000,70602.10000000,1777780799999,8514.25553000,347
1777780800000,0.12060000,0.12160000,0.12050000,0.12080000,120183.60000000,1777784399999,14548.96357000,327
1777784400000,0.12070000,0.12200000,0.12030000,0.12070000,113998.80000000,1777787999999,13779.59033000,542
1777788000000,0.12070000,0.12270000,0.12030000,0.12200000,408066.80000000,1777791599999,49550.04501000,954
1777791600000,0.12210000,0.12440000,0.12150000,0.12370000,264823.00000000,1777795199999,32611.26893000,759
1777795200000,0.12370000,0.12410000,0.12240000,0.12250000,274664.00000000,1777798799999,33863.69785000,667
1777798800000,0.12260000,0.12560000,0.12180000,0.12370000,403589.40000000,1777802399999,50002.72376000,832
1777802400000,0.12370000,0.12420000,0.12220000,0.12260000,187565.80000000,1777805999999,23163.70460000,463
1777806000000,0.12260000,0.12450000,0.12240000,0.12340000,326000.10000000,1777809599999,40266.03919000,811
1777809600000,0.12340000,0.12400000,0.12270000,0.12390000,227253.40000000,1777813199999,28026.42442000,437
1777813200000,0.12390000,0.12390000,0.12020000,0.12130000,456156.30000000,1777816799999,55641.30999000,930
1777816800000,0.12140000,0.12150000,0.11990000,0.12080000,361221.00000000,1777820399999,43537.24595000,646
1777820400000,0.12090000,0.12090000,0.12020000,0.12070000,99205.40000000,1777823999999,11956.92772000,226
1777824000000,0.12060000,0.12120000,0.11910000,0.11930000,434324.60000000,1777827599999,52146.55887000,912
1777827600000,0.11930000,0.11960000,0.11850000,0.11950000,149725.80000000,1777831199999,17796.56091000,184
1777831200000,0.11960000,0.12030000,0.11920000,0.12030000,53818.70000000,1777834799999,6449.11031000,122
1777834800000,0.12020000,0.12020000,0.11930000,0.11930000,49544.80000000,1777838399999,5924.91330000,125
1777838400000,0.11930000,0.12050000,0.11920000,0.12020000,97285.50000000,1777841999999,11658.81824000,241
1777842000000,0.12010000,0.12070000,0.11990000,0.12030000,79910.60000000,1777845599999,9610.99265000,163
1777845600000,0.12040000,0.12120000,0.11980000,0.12090000,89211.60000000,1777849199999,10744.38157000,155
1777849200000,0.12090000,0.12160000,0.12000000,0.12050000,150212.30000000,1777852799999,18139.18320000,273
1777852800000,0.12060000,0.12270000,0.12050000,0.12270000,120592.00000000,1777856399999,14646.81033000,323
1777856400000,0.12280000,0.12510000,0.12270000,0.12390000,773169.30000000,1777859999999,95971.90878000,1341
1777860000000,0.12390000,0.12530000,0.12360000,0.12440000,281085.80000000,1777863599999,34922.15169000,479
1777863600000,0.12450000,0.12690000,0.12440000,0.12550000,439684.70000000,1777867199999,55272.49268000,660
1777867200000,0.12550000,0.12680000,0.12490000,0.12540000,323280.70000000,1777870799999,40635.40997000,480
1777870800000,0.12540000,0.12660000,0.12370000,0.12660000,692321.50000000,1777874399999,86687.79888000,999
1777874400000,0.12660000,0.13140000,0.12630000,0.12860000,1723570.50000000,1777877999999,222948.38738000,3064
1777878000000,0.12850000,0.13340000,0.12780000,0.12920000,2418473.80000000,1777881599999,316351.83438000,3930
1777881600000,0.12920000,0.13090000,0.12610000,0.13010000,1257703.80000000,1777885199999,162198.94374000,1511
1777885200000,0.13020000,0.13140000,0.12480000,0.12530000,1029471.00000000,1777888799999,131332.73338000,1838
1777888800000,0.12520000,0.12590000,0.11970000,0.12020000,1869891.30000000,1777892399999,228533.48513000,3038
1777892400000,0.12020000,0.12100000,0.11940000,0.11970000,319286.30000000,1777895999999,38374.41301000,558
1777896000000,0.11980000,0.12020000,0.11850000,0.11910000,323485.60000000,1777899599999,38629.02514000,483
1777899600000,0.11890000,0.11940000,0.11770000,0.11810000,407316.90000000,1777903199999,48204.08442000,390
1777903200000,0.11800000,0.11920000,0.11750000,0.11890000,251975.30000000,1777906799999,29785.20130000,305
1777906800000,0.11900000,0.11960000,0.11780000,0.11840000,365228.40000000,1777910399999,43271.45741000,560
1777910400000,0.11830000,0.11840000,0.11630000,0.11800000,339871.10000000,1777913999999,39923.72005000,672
1777914000000,0.11810000,0.11950000,0.11770000,0.11940000,402628.10000000,1777917599999,47836.39044000,893
1777917600000,0.11950000,0.12040000,0.11890000,0.11920000,656979.50000000,1777921199999,78472.89792000,906
1777921200000,0.11920000,0.11920000,0.11780000,0.11810000,200822.60000000,1777924799999,23759.32318000,357
1777924800000,0.11820000,0.11900000,0.11750000,0.11780000,93336.10000000,1777928399999,11017.92699000,199
1777928400000,0.11770000,0.11830000,0.11760000,0.11760000,88332.80000000,1777931999999,10407.53863000,243
1777932000000,0.11770000,0.11780000,0.11420000,0.11540000,270059.90000000,1777935599999,31334.78700000,593
1777935600000,0.11530000,0.11620000,0.11420000,0.11610000,463267.30000000,1777939199999,53333.25898000,740
1777939200000,0.11610000,0.11690000,0.11570000,0.11630000,154352.70000000,1777942799999,17959.19055000,366
1777942800000,0.11610000,0.11710000,0.11580000,0.11700000,85620.50000000,1777946399999,9999.45064000,144
1777946400000,0.11700000,0.11790000,0.11660000,0.11680000,166438.10000000,1777949999999,19489.06880000,426
1777950000000,0.11690000,0.11720000,0.11570000,0.11660000,535394.90000000,1777953599999,62374.74170000,1455
1777953600000,0.11660000,0.11790000,0.11630000,0.11710000,245999.60000000,1777957199999,28754.88967000,711
1777957200000,0.11720000,0.11780000,0.11690000,0.11720000,154002.10000000,1777960799999,18075.65244000,247
1777960800000,0.11740000,0.11750000,0.11700000,0.11740000,49246.10000000,1777964399999,5775.90674000,78
1777964400000,0.11730000,0.11820000,0.11730000,0.11790000,201029.20000000,1777967999999,23660.61038000,323
1777968000000,0.11790000,0.11850000,0.11730000,0.11730000,222143.90000000,1777971599999,26192.70264000,495
1777971600000,0.11730000,0.11800000,0.11690000,0.11720000,262217.10000000,1777975199999,30782.32951000,639
1777975200000,0.11730000,0.11790000,0.11710000,0.11760000,124805.80000000,1777978799999,14676.48464000,363
1777978800000,0.11760000,0.11820000,0.11710000,0.11720000,77382.90000000,1777982399999,9103.25488000,329
1777982400000,0.11710000,0.11740000,0.11690000,0.11720000,71904.70000000,1777985999999,8425.08515000,232
1777986000000,0.11710000,0.11750000,0.11710000,0.11740000,32673.60000000,1777989599999,3833.82951000,170
1777989600000,0.11730000,0.11780000,0.11710000,0.11740000,60878.70000000,1777993199999,7153.13598000,245
1777993200000,0.11740000,0.11770000,0.11700000,0.11740000,165384.70000000,1777996799999,19418.62463000,414
1777996800000,0.11740000,0.11830000,0.11680000,0.11680000,255947.50000000,1778000399999,30065.96922000,361
1778000400000,0.11680000,0.11700000,0.11610000,0.11670000,124799.90000000,1778003999999,14550.79757000,256
1778004000000,0.11670000,0.11710000,0.11580000,0.11690000,366486.10000000,1778007599999,42584.81446000,332
1778007600000,0.11690000,0.11780000,0.11690000,0.11730000,156460.60000000,1778011199999,18352.66985000,315
1778011200000,0.11730000,0.11780000,0.11640000,0.11780000,115407.10000000,1778014799999,13525.63725000,238
1778014800000,0.11780000,0.11800000,0.11580000,0.11610000,349784.20000000,1778018399999,41058.12182000,491
1778018400000,0.11620000,0.11620000,0.11460000,0.11510000,226485.10000000,1778021999999,26103.69428000,321
1778022000000,0.11510000,0.11510000,0.11310000,0.11420000,252393.50000000,1778025599999,28761.21828000,429
1778025600000,0.11410000,0.11480000,0.11370000,0.11450000,201718.00000000,1778029199999,23054.95083000,363
1778029200000,0.11440000,0.11480000,0.11310000,0.11360000,177756.90000000,1778032799999,20244.31957000,271
1778032800000,0.11360000,0.11390000,0.11300000,0.11340000,258419.10000000,1778036399999,29312.94313000,430
1778036400000,0.11330000,0.11330000,0.11180000,0.11230000,227423.00000000,1778039999999,25607.89140000,478
1778040000000,0.11230000,0.11380000,0.11210000,0.11270000,451896.40000000,1778043599999,51140.52792000,782
1778043600000,0.11270000,0.11310000,0.11140000,0.11170000,139425.50000000,1778047199999,15624.31616000,363
1778047200000,0.11180000,0.11210000,0.10980000,0.11150000,644254.80000000,1778050799999,71477.12537000,789
1778050800000,0.11150000,0.11240000,0.11150000,0.11200000,309031.20000000,1778054399999,34597.25583000,727
1778054400000,0.11210000,0.11580000,0.11210000,0.11460000,1140206.80000000,1778057999999,129728.15340000,2911
1778058000000,0.11460000,0.11550000,0.11430000,0.11530000,180024.20000000,1778061599999,20678.10429000,585
1778061600000,0.11540000,0.11640000,0.11480000,0.11570000,233577.50000000,1778065199999,27032.37363000,466
1778065200000,0.11560000,0.11580000,0.11490000,0.11510000,115016.90000000,1778068799999,13273.11562000,262
1778068800000,0.11510000,0.11710000,0.11460000,0.11620000,217750.80000000,1778072399999,25253.19964000,565
1778072400000,0.11610000,0.11620000,0.11400000,0.11490000,294008.30000000,1778075999999,33815.01387000,772
1778076000000,0.11500000,0.11580000,0.11410000,0.11490000,303699.20000000,1778079599999,34920.59986000,623
1778079600000,0.11500000,0.11670000,0.11450000,0.11470000,288180.70000000,1778083199999,33216.78397000,687
1778083200000,0.11470000,0.11470000,0.11340000,0.11420000,263691.20000000,1778086799999,30086.96588000,402
1778086800000,0.11420000,0.11420000,0.10730000,0.10770000,1930319.00000000,1778090399999,213070.66669000,2340
1778090400000,0.10770000,0.10900000,0.10570000,0.10810000,2239427.40000000,1778093999999,240215.13120000,3030
1778094000000,0.10820000,0.11000000,0.10780000,0.10940000,834414.60000000,1778097599999,91072.31281000,967
1778097600000,0.10930000,0.11040000,0.10900000,0.11030000,151404.70000000,1778101199999,16646.87828000,249
1778101200000,0.11030000,0.11160000,0.11030000,0.11130000,228519.50000000,1778104799999,25382.83145000,346
1778104800000,0.11130000,0.11160000,0.11030000,0.11080000,139344.70000000,1778108399999,15454.41818000,286
1778108400000,0.11080000,0.11110000,0.11060000,0.11090000,83962.70000000,1778111999999,9300.23303000,267
1778112000000,0.11080000,0.11140000,0.10940000,0.11140000,243830.60000000,1778115599999,26918.53558000,666
1778115600000,0.11140000,0.11150000,0.11010000,0.11090000,143598.30000000,1778119199999,15906.70697000,357
1778119200000,0.11090000,0.11110000,0.11040000,0.11060000,144900.10000000,1778122799999,16028.59088000,237
1778122800000,0.11060000,0.11090000,0.11040000,0.11060000,83278.40000000,1778126399999,9213.65262000,336
1778126400000,0.11050000,0.11090000,0.11030000,0.11070000,190997.90000000,1778129999999,21118.10217000,828
1778130000000,0.11070000,0.11080000,0.11020000,0.11070000,312975.90000000,1778133599999,34587.81325000,1017
1778133600000,0.11070000,0.11080000,0.10900000,0.11060000,1237064.80000000,1778137199999,136034.70174000,2116
1778137200000,0.11060000,0.11080000,0.10890000,0.11030000,1223778.40000000,1778140799999,134387.33391000,1825
1778140800000,0.11010000,0.11030000,0.10990000,0.11000000,76940.80000000,1778144399999,8470.72296000,218
1778144400000,0.10990000,0.11110000,0.10970000,0.11070000,196923.20000000,1778147999999,21744.70215000,464
1778148000000,0.11080000,0.11190000,0.11030000,0.11160000,441974.70000000,1778151599999,49126.56563000,732
1778151600000,0.11160000,0.11180000,0.10770000,0.10830000,1042562.40000000,1778155199999,114422.75557000,2498
1778155200000,0.10840000,0.10990000,0.10830000,0.10960000,213996.20000000,1778158799999,23414.15693000,501
1778158800000,0.10970000,0.10970000,0.10700000,0.10750000,398040.30000000,1778162399999,42948.35261000,651
1778162400000,0.10750000,0.10820000,0.10690000,0.10710000,258328.60000000,1778165999999,27800.19214000,319
1778166000000,0.10690000,0.10780000,0.10600000,0.10760000,420831.10000000,1778169599999,45057.97608000,671
1778169600000,0.10750000,0.10800000,0.10590000,0.10740000,561046.30000000,1778173199999,60133.34927000,930
1778173200000,0.10740000,0.10860000,0.10720000,0.10850000,421995.40000000,1778176799999,45511.43656000,1175
1778176800000,0.10840000,0.10900000,0.10510000,0.10800000,1464764.20000000,1778180399999,156057.12452000,3483
1778180400000,0.10790000,0.10860000,0.10570000,0.10630000,997143.20000000,1778183999999,106509.35285000,1653
1778184000000,0.10630000,0.10710000,0.10620000,0.10680000,397156.40000000,1778187599999,42405.98204000,1077
1778187600000,0.10690000,0.10700000,0.10630000,0.10690000,332845.40000000,1778191199999,35532.42075000,963
1778191200000,0.10690000,0.10850000,0.10660000,0.10830000,684897.30000000,1778194799999,73666.15556000,1113
1778194800000,0.10830000,0.10860000,0.10750000,0.10800000,228112.30000000,1778198399999,24633.66346000,570
1778198400000,0.10810000,0.10860000,0.10770000,0.10810000,108335.30000000,1778201999999,11713.18695000,513
1778202000000,0.10810000,0.10840000,0.10750000,0.10840000,240994.70000000,1778205599999,26033.32270000,808
1778205600000,0.10840000,0.10890000,0.10750000,0.10850000,254338.30000000,1778209199999,27516.71234000,780
1778209200000,0.10840000,0.10930000,0.10790000,0.10890000,253544.50000000,1778212799999,27578.96416000,796
1778212800000,0.10900000,0.10980000,0.10880000,0.10900000,151362.70000000,1778216399999,16521.20794000,754
1778216400000,0.10890000,0.10950000,0.10840000,0.10860000,192062.60000000,1778219999999,20923.42185000,782
1778220000000,0.10850000,0.10890000,0.10710000,0.10800000,631753.60000000,1778223599999,68232.67398000,1168
1778223600000,0.10800000,0.10870000,0.10770000,0.10870000,136789.80000000,1778227199999,14802.10198000,313
1778227200000,0.10860000,0.10870000,0.10830000,0.10860000,68628.20000000,1778230799999,7451.08554000,275
1778230800000,0.10860000,0.11000000,0.10700000,0.10740000,1972928.50000000,1778234399999,213319.50440000,4599
1778234400000,0.10740000,0.10750000,0.10600000,0.10640000,392333.70000000,1778237999999,41890.00402000,1933
1778238000000,0.10630000,0.10640000,0.10370000,0.10530000,1369774.70000000,1778241599999,144026.42031000,4978
1778241600000,0.10520000,0.10550000,0.10440000,0.10520000,573374.60000000,1778245199999,60155.30341000,2211
1778245200000,0.10510000,0.10540000,0.10270000,0.10400000,607954.70000000,1778248799999,63279.16686000,2690
1778248800000,0.10400000,0.10500000,0.10380000,0.10440000,408676.20000000,1778252399999,42650.29561000,2130
1778252400000,0.10440000,0.10520000,0.10390000,0.10500000,201807.40000000,1778255999999,21084.89917000,778
1778256000000,0.10500000,0.10520000,0.10360000,0.10400000,707649.00000000,1778259599999,73807.80825000,1616
1778259600000,0.10400000,0.10510000,0.10370000,0.10490000,378288.90000000,1778263199999,39439.41314000,1953
1778263200000,0.10510000,0.10700000,0.10500000,0.10630000,822560.30000000,1778266799999,87244.92071000,3466
1778266800000,0.10630000,0.10640000,0.10210000,0.10320000,1965368.90000000,1778270399999,204152.20528000,6790
1778270400000,0.10320000,0.10390000,0.10310000,0.10330000,440146.00000000,1778273999999,45523.17193000,1556
1778274000000,0.10330000,0.10410000,0.10320000,0.10400000,240853.90000000,1778277599999,24953.82986000,644
1778277600000,0.10390000,0.10450000,0.10360000,0.10380000,221127.30000000,1778281199999,22986.40740000,538
1778281200000,0.10370000,0.10430000,0.10340000,0.10420000,261449.10000000,1778284799999,27107.61952000,481
1778284800000,0.10420000,0.10510000,0.10400000,0.10500000,258835.40000000,1778288399999,27087.52799000,470
1778288400000,0.10500000,0.10570000,0.10490000,0.10540000,147279.00000000,1778291999999,15513.03397000,406
1778292000000,0.10540000,0.10700000,0.10500000,0.10620000,779646.20000000,1778295599999,82686.38087000,2854
1778295600000,0.10620000,0.10640000,0.10550000,0.10610000,502891.10000000,1778299199999,53292.40317000,1763
1778299200000,0.10610000,0.10640000,0.10530000,0.10570000,278721.60000000,1778302799999,29509.32673000,608
1778302800000,0.10570000,0.10790000,0.10570000,0.10700000,532785.80000000,1778306399999,57021.91048000,1204
1778306400000,0.10700000,0.10740000,0.10560000,0.10590000,313150.90000000,1778309999999,33366.06180000,1057
1778310000000,0.10590000,0.10640000,0.10560000,0.10610000,115464.80000000,1778313599999,12246.16777000,440
1778313600000,0.10610000,0.10670000,0.10580000,0.10640000,252653.80000000,1778317199999,26867.01084000,500
1778317200000,0.10640000,0.10670000,0.10560000,0.10590000,209303.80000000,1778320799999,22232.61032000,578
1778320800000,0.10590000,0.10590000,0.10460000,0.10560000,429905.80000000,1778324399999,45224.80252000,965
1778324400000,0.10550000,0.10570000,0.10490000,0.10550000,586216.80000000,1778327999999,61805.94997000,1662
1778328000000,0.10550000,0.10630000,0.10520000,0.10630000,442390.50000000,1778331599999,46739.69304000,1370
1778331600000,0.10620000,0.10740000,0.10530000,0.10690000,388682.10000000,1778335199999,41372.15590000,964
1778335200000,0.10700000,0.10730000,0.10570000,0.10620000,555219.90000000,1778338799999,59065.71545000,1220
1778338800000,0.10630000,0.10750000,0.10600000,0.10640000,313354.10000000,1778342399999,33471.74256000,645
1778342400000,0.10650000,0.10650000,0.10430000,0.10460000,733926.60000000,1778345999999,77259.72950000,1325
1778346000000,0.10460000,0.10610000,0.10460000,0.10550000,450628.50000000,1778349599999,47440.28390000,853
1778349600000,0.10560000,0.10970000,0.10340000,0.10670000,2592290.70000000,1778353199999,277302.25347000,7331
1778353200000,0.10670000,0.10760000,0.10270000,0.10370000,2604573.20000000,1778356799999,272102.57188000,5304
1778356800000,0.10390000,0.10510000,0.10390000,0.10460000,369014.70000000,1778360399999,38581.82918000,920
1778360400000,0.10460000,0.10460000,0.10380000,0.10440000,342299.20000000,1778363999999,35684.18117000,891
1778364000000,0.10420000,0.10460000,0.10390000,0.10400000,227127.60000000,1778367599999,23668.60742000,764
1778367600000,0.10410000,0.10410000,0.10330000,0.10360000,226678.80000000,1778371199999,23515.76427000,674
1778371200000,0.10360000,0.10450000,0.10330000,0.10350000,324609.60000000,1778374799999,33737.51462000,760
1778374800000,0.10340000,0.10350000,0.10260000,0.10310000,189727.80000000,1778378399999,19550.56424000,415
1778378400000,0.10310000,0.10440000,0.10180000,0.10380000,406289.20000000,1778381999999,41896.27194000,1005
1778382000000,0.10380000,0.10520000,0.10370000,0.10500000,404392.90000000,1778385599999,42218.24346000,884
1778385600000,0.10490000,0.10510000,0.10440000,0.10470000,159164.10000000,1778389199999,16674.64087000,347
1778389200000,0.10450000,0.10480000,0.10380000,0.10450000,412169.20000000,1778392799999,42988.63460000,778
1778392800000,0.10440000,0.10480000,0.10420000,0.10430000,100224.50000000,1778396399999,10467.87921000,225
1778396400000,0.10410000,0.10450000,0.10350000,0.10400000,242715.20000000,1778399999999,25264.15751000,393
1778400000000,0.10390000,0.10440000,0.10370000,0.10400000,138702.00000000,1778403599999,14426.99863000,346
1778403600000,0.10400000,0.10470000,0.10390000,0.10410000,167796.60000000,1778407199999,17507.02232000,410
1778407200000,0.10410000,0.10490000,0.10310000,0.10450000,292344.90000000,1778410799999,30385.56909000,607
1778410800000,0.10450000,0.10480000,0.10370000,0.10410000,346478.60000000,1778414399999,36066.97385000,521
1778414400000,0.10400000,0.10450000,0.10330000,0.10340000,375821.40000000,1778417999999,38994.65992000,434
1778418000000,0.10350000,0.10420000,0.10330000,0.10360000,248650.30000000,1778421599999,25827.22356000,321
1778421600000,0.10360000,0.10430000,0.10360000,0.10390000,121347.80000000,1778425199999,12625.84889000,281
1778425200000,0.10390000,0.10490000,0.10390000,0.10460000,222439.00000000,1778428799999,23244.33853000,436
1778428800000,0.10460000,0.10550000,0.10270000,0.10300000,1350927.10000000,1778432399999,140466.53288000,2208
1778432400000,0.10300000,0.10400000,0.10100000,0.10340000,1324581.60000000,1778435999999,135774.00230000,2269
1778436000000,0.10350000,0.10490000,0.09870000,0.09920000,6400369.10000000,1778439599999,647532.65462000,8401
1778439600000,0.09920000,0.09990000,0.09610000,0.09920000,2139732.50000000,1778443199999,209738.48083000,3700
1778443200000,0.09930000,0.09980000,0.09350000,0.09560000,4086294.00000000,1778446799999,391734.23193000,8713
1778446800000,0.09560000,0.09700000,0.09310000,0.09550000,1624796.60000000,1778450399999,154956.40816000,3573
1778450400000,0.09550000,0.09740000,0.09540000,0.09690000,1005147.90000000,1778453999999,97037.76948000,2041
1778454000000,0.09690000,0.09780000,0.09600000,0.09630000,668104.20000000,1778457599999,64715.58274000,1418
1778457600000,0.09620000,0.09690000,0.09510000,0.09650000,834545.10000000,1778461199999,80220.61504000,1587
1778461200000,0.09650000,0.09790000,0.09630000,0.09760000,447487.10000000,1778464799999,43392.05118000,975
1778464800000,0.09770000,0.09810000,0.09660000,0.09810000,478484.60000000,1778468399999,46574.40759000,752
1778468400000,0.09800000,0.09810000,0.09680000,0.09730000,593880.90000000,1778471999999,57833.76866000,1337
1778472000000,0.09740000,0.09760000,0.09580000,0.09640000,764476.70000000,1778475599999,73934.90405000,1778
1778475600000,0.09640000,0.09690000,0.09440000,0.09500000,1525548.60000000,1778479199999,145784.02178000,2509
1778479200000,0.09500000,0.09660000,0.09470000,0.09530000,966285.50000000,1778482799999,92462.31989000,1115
1778482800000,0.09530000,0.09620000,0.09490000,0.09580000,362423.20000000,1778486399999,34641.70426000,527
1778486400000,0.09590000,0.09620000,0.09450000,0.09610000,812218.00000000,1778489999999,77402.59568000,809
1778490000000,0.09600000,0.09620000,0.09520000,0.09520000,289968.70000000,1778493599999,27738.26985000,496
1778493600000,0.09530000,0.09720000,0.09510000,0.09610000,770264.10000000,1778497199999,73939.42813000,1055
1778497200000,0.09610000,0.09720000,0.09570000,0.09640000,704771.50000000,1778500799999,67927.97537000,994
1778500800000,0.09630000,0.09660000,0.09560000,0.09640000,223126.90000000,1778504399999,21426.29103000,401
1778504400000,0.09640000,0.09650000,0.09530000,0.09550000,348091.70000000,1778507999999,33382.41481000,544
1778508000000,0.09550000,0.09600000,0.09350000,0.09490000,914218.60000000,1778511599999,86655.99728000,1491
1778511600000,0.09480000,0.09570000,0.09460000,0.09510000,643439.70000000,1778515199999,61164.04408000,1101
1778515200000,0.09520000,0.09560000,0.09430000,0.09510000,654582.10000000,1778518799999,62154.41231000,988
1778518800000,0.09500000,0.09570000,0.09460000,0.09510000,246959.40000000,1778522399999,23506.26542000,469
1778522400000,0.09510000,0.09600000,0.09490000,0.09520000,625111.50000000,1778525999999,59637.82664000,1059
1778526000000,0.09540000,0.09560000,0.09400000,0.09450000,819004.80000000,1778529599999,77483.74405000,935
1778529600000,0.09450000,0.09490000,0.09410000,0.09420000,291715.80000000,1778533199999,27551.13763000,441
1778533200000,0.09410000,0.09420000,0.09340000,0.09350000,194031.90000000,1778536799999,18199.63818000,442
1778536800000,0.09350000,0.09470000,0.09350000,0.09430000,116775.50000000,1778540399999,10995.78177000,241
1778540400000,0.09440000,0.09480000,0.09390000,0.09480000,155554.70000000,1778543999999,14676.56173000,323
1778544000000,0.09470000,0.09560000,0.09450000,0.09490000,443271.30000000,1778547599999,42123.38370000,773
1778547600000,0.09500000,0.09560000,0.09340000,0.09410000,722763.90000000,1778551199999,68171.89567000,1271
1778551200000,0.09400000,0.09500000,0.09390000,0.09490000,221481.50000000,1778554799999,20950.73679000,542
1778554800000,0.09500000,0.09690000,0.09460000,0.09630000,842107.20000000,1778558399999,80810.78654000,957
1778558400000,0.09620000,0.09750000,0.09580000,0.09740000,771659.00000000,1778561999999,74643.58260000,1208
1778562000000,0.09750000,0.09750000,0.09500000,0.09540000,998553.00000000,1778565599999,95829.04677000,1350
1778565600000,0.09540000,0.09540000,0.09380000,0.09500000,1057422.10000000,1778569199999,99817.51921000,1389
1778569200000,0.09500000,0.09540000,0.09480000,0.09490000,121594.20000000,1778572799999,11560.78975000,371
1778572800000,0.09490000,0.09540000,0.09410000,0.09490000,330534.10000000,1778576399999,31302.75501000,533
1778576400000,0.09490000,0.09600000,0.09470000,0.09510000,484175.40000000,1778579999999,46176.29604000,534
1778580000000,0.09510000,0.09570000,0.09470000,0.09490000,395860.10000000,1778583599999,37667.13176000,643
1778583600000,0.09500000,0.09530000,0.09340000,0.09450000,464826.40000000,1778587199999,43796.05958000,663
1778587200000,0.09450000,0.09550000,0.09400000,0.09490000,660152.30000000,1778590799999,62703.78013000,1616
1778590800000,0.09500000,0.09590000,0.09470000,0.09500000,353037.00000000,1778594399999,33664.36966000,682
1778594400000,0.09490000,0.09630000,0.09480000,0.09590000,985604.50000000,1778597999999,94320.82702000,2141
1778598000000,0.09600000,0.09660000,0.09440000,0.09520000,962411.40000000,1778601599999,91805.74594000,1610
1778601600000,0.09510000,0.09590000,0.09450000,0.09500000,679650.60000000,1778605199999,64831.41670000,1538
1778605200000,0.09490000,0.09570000,0.09450000,0.09540000,263277.40000000,1778608799999,25033.21517000,782
1778608800000,0.09530000,0.09600000,0.09510000,0.09540000,231638.80000000,1778612399999,22171.87385000,334
1778612400000,0.09530000,0.09540000,0.09460000,0.09510000,321031.00000000,1778615999999,30476.17075000,418
1778616000000,0.09500000,0.09500000,0.09290000,0.09380000,580609.90000000,1778619599999,54564.96233000,925
1778619600000,0.09380000,0.09410000,0.09300000,0.09330000,389834.60000000,1778623199999,36414.46543000,591
1778623200000,0.09330000,0.09390000,0.09330000,0.09350000,76632.00000000,1778626799999,7181.24037000,204
1778626800000,0.09350000,0.09360000,0.09170000,0.09190000,441016.40000000,1778630399999,40735.46657000,982
1778630400000,0.09190000,0.09310000,0.09170000,0.09280000,408666.00000000,1778633999999,37815.81225000,775
1778634000000,0.09290000,0.09420000,0.09290000,0.09350000,347881.50000000,1778637599999,32537.17349000,298
1778637600000,0.09350000,0.09350000,0.09200000,0.09330000,772917.00000000,1778641199999,71663.48762000,1881
1778641200000,0.09320000,0.09400000,0.09300000,0.09380000,179355.00000000,1778644799999,16781.00131000,320
1778644800000,0.09380000,0.09380000,0.09300000,0.09320000,219048.90000000,1778648399999,20468.52589000,400
1778648400000,0.09330000,0.09350000,0.09240000,0.09280000,231033.80000000,1778651999999,21438.91144000,396
1778652000000,0.09270000,0.09380000,0.09250000,0.09310000,331496.50000000,1778655599999,30838.08920000,508
1778655600000,0.09320000,0.09340000,0.09180000,0.09210000,522434.40000000,1778659199999,48279.64648000,958
1778659200000,0.09210000,0.09320000,0.09180000,0.09190000,579216.60000000,1778662799999,53442.68239000,715
1778662800000,0.09190000,0.09250000,0.09170000,0.09210000,257205.20000000,1778666399999,23718.16702000,501
1778666400000,0.09200000,0.09250000,0.09060000,0.09120000,628024.70000000,1778669999999,57451.20620000,1303
1778670000000,0.09110000,0.09220000,0.09080000,0.09190000,515365.30000000,1778673599999,47196.71178000,1050
1778673600000,0.09190000,0.09190000,0.08960000,0.09020000,960582.70000000,1778677199999,86874.91223000,1705
1778677200000,0.09020000,0.09110000,0.08780000,0.08920000,1390954.90000000,1778680799999,124341.94756000,2027
1778680800000,0.08920000,0.08980000,0.08870000,0.08920000,825337.70000000,1778684399999,73684.75053000,1763
1778684400000,0.08930000,0.08970000,0.08780000,0.08790000,1075299.50000000,1778687999999,95395.24316000,2021
1778688000000,0.08790000,0.08950000,0.08790000,0.08920000,256701.40000000,1778691599999,22776.77386000,565
1778691600000,0.08930000,0.08950000,0.08820000,0.08900000,166814.60000000,1778695199999,14822.19481000,424
1778695200000,0.08900000,0.08940000,0.08840000,0.08850000,225760.60000000,1778698799999,20076.86164000,492
1778698800000,0.08840000,0.08850000,0.08730000,0.08780000,385509.90000000,1778702399999,33856.34460000,572
1778702400000,0.08780000,0.08880000,0.08780000,0.08870000,293862.50000000,1778705999999,25954.31970000,451
1778706000000,0.08880000,0.08900000,0.08810000,0.08860000,225463.30000000,1778709599999,19972.44533000,258
1778709600000,0.08870000,0.08950000,0.08840000,0.08910000,202146.40000000,1778713199999,17989.51121000,250
1778713200000,0.08910000,0.08930000,0.08870000,0.08880000,145832.90000000,1778716799999,12970.63956000,243
1778716800000,0.08890000,0.09010000,0.08880000,0.08950000,225812.50000000,1778720399999,20245.24736000,408
1778720400000,0.08950000,0.09030000,0.08940000,0.09000000,278858.00000000,1778723999999,25034.11199000,427
1778724000000,0.09000000,0.09010000,0.08930000,0.08930000,72407.10000000,1778727599999,6494.43828000,222
1778727600000,0.08940000,0.08940000,0.08820000,0.08850000,227582.30000000,1778731199999,20165.02172000,234
1778731200000,0.08840000,0.08880000,0.08830000,0.08880000,53874.00000000,1778734799999,4767.98896000,112
1778734800000,0.08880000,0.08970000,0.08880000,0.08940000,44394.50000000,1778738399999,3968.25623000,141
1778738400000,0.08930000,0.08930000,0.08840000,0.08860000,164155.70000000,1778741999999,14602.27736000,325
1778742000000,0.08850000,0.08920000,0.08820000,0.08870000,213632.70000000,1778745599999,18972.15607000,363
1778745600000,0.08860000,0.08940000,0.08830000,0.08890000,293345.90000000,1778749199999,26070.90961000,666
1778749200000,0.08890000,0.08940000,0.08810000,0.08840000,393977.60000000,1778752799999,35006.06513000,585
1778752800000,0.08840000,0.08860000,0.08770000,0.08850000,373675.00000000,1778756399999,32959.31118000,798
1778756400000,0.08860000,0.08870000,0.08790000,0.08800000,102601.00000000,1778759999999,9063.58620000,252
1778760000000,0.08790000,0.08820000,0.08760000,0.08780000,222612.20000000,1778763599999,19567.69650000,415
1778763600000,0.08770000,0.08810000,0.08770000,0.08780000,177343.40000000,1778767199999,15593.24279000,290
1778767200000,0.08780000,0.08860000,0.08760000,0.08840000,484225.60000000,1778770799999,42692.26077000,791
1778770800000,0.08830000,0.08870000,0.08750000,0.08850000,743538.90000000,1778774399999,65536.30755000,1502
1778774400000,0.08850000,0.08910000,0.08790000,0.08840000,1742931.20000000,1778777999999,154380.83272000,2870
1778778000000,0.08850000,0.08890000,0.08760000,0.08820000,738359.10000000,1778781599999,65206.83194000,1580
1778781600000,0.08810000,0.08890000,0.08800000,0.08880000,142803.70000000,1778785199999,12649.71681000,442
1778785200000,0.08890000,0.08890000,0.08830000,0.08860000,139995.30000000,1778788799999,12415.22301000,389
1778788800000,0.08870000,0.08910000,0.08840000,0.08900000,225641.10000000,1778792399999,20032.57951000,513
1778792400000,0.08900000,0.08900000,0.08870000,0.08890000,178476.70000000,1778795999999,15864.96874000,540
1778796000000,0.08890000,0.08960000,0.08870000,0.08930000,182062.30000000,1778799599999,16230.36064000,511
1778799600000,0.08920000,0.08950000,0.08860000,0.08880000,583390.20000000,1778803199999,51957.04078000,1239
1778803200000,0.08890000,0.08990000,0.08870000,0.08920000,366842.60000000,1778806799999,32749.89303000,969
1778806800000,0.08930000,0.08940000,0.08830000,0.08840000,312838.90000000,1778810399999,27778.72465000,857
1778810400000,0.08840000,0.08870000,0.08810000,0.08850000,322413.10000000,1778813999999,28488.32426000,990
1778814000000,0.08850000,0.08860000,0.08820000,0.08860000,115993.10000000,1778817599999,10262.40614000,321
1778817600000,0.08850000,0.08860000,0.08790000,0.08820000,150575.40000000,1778821199999,13298.46755000,354
1778821200000,0.08820000,0.08860000,0.08750000,0.08810000,340432.80000000,1778824799999,29945.10656000,918
1778824800000,0.08820000,0.09000000,0.08820000,0.08970000,772883.20000000,1778828399999,69002.10234000,1898
1778828400000,0.08970000,0.08990000,0.08920000,0.08930000,458267.80000000,1778831999999,41040.40090000,1072
1778832000000,0.08930000,0.08950000,0.08680000,0.08760000,1050069.80000000,1778835599999,92489.01455000,1772
1778835600000,0.08760000,0.08780000,0.08710000,0.08730000,364662.90000000,1778839199999,31903.63338000,735
1778839200000,0.08720000,0.08720000,0.08590000,0.08670000,583299.90000000,1778842799999,50484.93097000,1220
1778842800000,0.08670000,0.08670000,0.08600000,0.08610000,140795.30000000,1778846399999,12169.34499000,350
1778846400000,0.08610000,0.08620000,0.08480000,0.08510000,812103.20000000,1778849999999,69379.52543000,1427
1778850000000,0.08500000,0.08520000,0.08230000,0.08270000,1541172.40000000,1778853599999,129012.42122000,3019
1778853600000,0.08270000,0.08300000,0.08150000,0.08220000,1097705.60000000,1778857199999,90235.61409000,2081
1778857200000,0.08230000,0.08420000,0.08180000,0.08380000,2104879.90000000,1778860799999,175072.13914000,3860
1778860800000,0.08380000,0.08440000,0.08320000,0.08420000,257836.50000000,1778864399999,21611.61542000,621
1778864400000,0.08430000,0.08450000,0.08330000,0.08370000,308056.90000000,1778867999999,25827.13413000,442
1778868000000,0.08380000,0.08420000,0.08350000,0.08380000,96813.80000000,1778871599999,8118.15686000,218
1778871600000,0.08390000,0.08450000,0.08380000,0.08420000,102457.20000000,1778875199999,8619.05945000,215
1778875200000,0.08420000,0.08460000,0.08390000,0.08410000,100559.90000000,1778878799999,8469.62207000,212
1778878800000,0.08410000,0.08430000,0.08370000,0.08380000,187864.80000000,1778882399999,15763.97043000,215
1778882400000,0.08390000,0.08450000,0.08390000,0.08440000,34050.20000000,1778885999999,2868.83432000,67
1778886000000,0.08440000,0.08450000,0.08370000,0.08380000,186558.00000000,1778889599999,15643.23946000,196
1778889600000,0.08380000,0.08430000,0.08360000,0.08380000,292195.40000000,1778893199999,24521.33559000,416
1778893200000,0.08380000,0.08390000,0.08330000,0.08390000,137540.90000000,1778896799999,11496.36891000,336
1778896800000,0.08390000,0.08400000,0.08340000,0.08370000,49461.00000000,1778900399999,4141.40284000,98
1778900400000,0.08380000,0.08380000,0.08340000,0.08350000,27684.90000000,1778903999999,2312.93090000,66
1778904000000,0.08350000,0.08350000,0.08270000,0.08310000,155174.50000000,1778907599999,12890.92986000,283
1778907600000,0.08310000,0.08390000,0.08290000,0.08350000,164504.90000000,1778911199999,13716.97264000,351
1778911200000,0.08350000,0.08360000,0.08230000,0.08340000,424818.10000000,1778914799999,35274.28152000,741
1778914800000,0.08340000,0.08360000,0.08140000,0.08200000,598649.20000000,1778918399999,49085.35730000,928
1778918400000,0.08200000,0.08320000,0.08190000,0.08300000,133957.30000000,1778921999999,11077.74382000,220
1778922000000,0.08310000,0.08350000,0.08250000,0.08340000,296693.70000000,1778925599999,24586.86396000,585
1778925600000,0.08340000,0.08380000,0.08210000,0.08320000,647530.10000000,1778929199999,53585.46551000,930
1778929200000,0.08330000,0.08400000,0.08310000,0.08360000,150368.40000000,1778932799999,12550.28351000,294
1778932800000,0.08360000,0.08450000,0.08350000,0.08420000,86883.10000000,1778936399999,7305.26339000,187
1778936400000,0.08430000,0.08440000,0.08310000,0.08320000,226897.20000000,1778939999999,18966.47562000,403
1778940000000,0.08320000,0.08480000,0.08260000,0.08460000,752494.00000000,1778943599999,63203.19298000,1578
1778943600000,0.08460000,0.08610000,0.08450000,0.08500000,1113397.10000000,1778947199999,94942.35275000,2089
1778947200000,0.08510000,0.08540000,0.08450000,0.08480000,183724.30000000,1778950799999,15607.40752000,297
1778950800000,0.08480000,0.08680000,0.08480000,0.08640000,1103127.80000000,1778954399999,95110.32576000,2014
1778954400000,0.08640000,0.08730000,0.08550000,0.08680000,700686.30000000,1778957999999,60495.09172000,1536
1778958000000,0.08690000,0.08800000,0.08680000,0.08750000,801033.80000000,1778961599999,70122.37040000,1335
1778961600000,0.08750000,0.08780000,0.08590000,0.08670000,761800.90000000,1778965199999,66256.36030000,1478
1778965200000,0.08680000,0.08800000,0.08670000,0.08750000,380030.70000000,1778968799999,33178.71032000,936
1778968800000,0.08750000,0.08750000,0.08650000,0.08680000,347077.40000000,1778972399999,30222.49074000,759
1778972400000,0.08690000,0.08770000,0.08670000,0.08670000,306399.20000000,1778975999999,26719.41323000,751
1778976000000,0.08670000,0.08740000,0.08650000,0.08730000,263024.60000000,1778979599999,22863.73865000,485
1778979600000,0.08730000,0.08800000,0.08650000,0.08750000,871413.70000000,1778983199999,76000.85667000,1602
1778983200000,0.08750000,0.08750000,0.08570000,0.08620000,500859.10000000,1778986799999,43270.15198000,790
1778986800000,0.08620000,0.08720000,0.08560000,0.08620000,812528.00000000,1778990399999,70274.56480000,1244
1778990400000,0.08620000,0.08630000,0.08500000,0.08580000,458715.30000000,1778993999999,39286.91202000,891
1778994000000,0.08570000,0.08630000,0.08530000,0.08570000,202906.40000000,1778997599999,17418.59736000,392
1778997600000,0.08580000,0.08600000,0.08540000,0.08600000,161359.00000000,1779001199999,13833.43162000,377
1779001200000,0.08600000,0.08650000,0.08560000,0.08570000,303888.90000000,1779004799999,26144.46754000,533
1779004800000,0.08570000,0.08680000,0.08560000,0.08580000,461316.40000000,1779008399999,39725.46652000,848
1779008400000,0.08580000,0.08600000,0.08550000,0.08580000,237850.30000000,1779011999999,20389.14852000,369
1779012000000,0.08570000,0.08620000,0.08570000,0.08610000,169475.40000000,1779015599999,14576.90192000,362
1779015600000,0.08600000,0.08680000,0.08600000,0.08660000,125110.00000000,1779019199999,10811.85340000,225
1779019200000,0.08660000,0.08710000,0.08650000,0.08670000,266074.30000000,1779022799999,23089.21502000,496
1779022800000,0.08670000,0.08770000,0.08630000,0.08710000,588103.20000000,1779026399999,51258.14315000,1309
1779026400000,0.08710000,0.08780000,0.08650000,0.08720000,648499.30000000,1779029999999,56564.96563000,971
1779030000000,0.08730000,0.08740000,0.08660000,0.08710000,161554.30000000,1779033599999,14039.10896000,336
1779033600000,0.08700000,0.08730000,0.08690000,0.08710000,65345.00000000,1779037199999,5695.04821000,140
1779037200000,0.08700000,0.08700000,0.08580000,0.08600000,412920.50000000,1779040799999,35682.03920000,462
1779040800000,0.08590000,0.08650000,0.08590000,0.08590000,268009.70000000,1779044399999,23087.62037000,296
1779044400000,0.08590000,0.08610000,0.08570000,0.08590000,104778.70000000,1779047999999,9000.59527000,193
1779048000000,0.08590000,0.08640000,0.08590000,0.08630000,258746.40000000,1779051599999,22285.22259000,434
1779051600000,0.08630000,0.08640000,0.08580000,0.08600000,213375.70000000,1779055199999,18369.37648000,300
1779055200000,0.08600000,0.08610000,0.08520000,0.08540000,206756.00000000,1779058799999,17675.12439000,273
1779058800000,0.08530000,0.08540000,0.08170000,0.08360000,1479433.70000000,1779062399999,123257.24256000,2056
1779062400000,0.08360000,0.08430000,0.08290000,0.08420000,439650.70000000,1779065999999,36805.02309000,1284
1779066000000,0.08430000,0.08440000,0.08290000,0.08360000,944448.70000000,1779069599999,79017.04193000,1575
1779069600000,0.08370000,0.08440000,0.08350000,0.08390000,255206.30000000,1779073199999,21403.48132000,673
1779073200000,0.08390000,0.08440000,0.08360000,0.08360000,257945.70000000,1779076799999,21664.08261000,746
1779076800000,0.08360000,0.08410000,0.08350000,0.08390000,237545.40000000,1779080399999,19894.32558000,705
1779080400000,0.08390000,0.08400000,0.08320000,0.08340000,92016.30000000,1779083999999,7680.63363000,268
1779084000000,0.08340000,0.08360000,0.08240000,0.08270000,387919.80000000,1779087599999,32138.06542000,812
1779087600000,0.08270000,0.08300000,0.08220000,0.08260000,138821.70000000,1779091199999,11461.68016000,477
1779091200000,0.08260000,0.08290000,0.08220000,0.08280000,147109.10000000,1779094799999,12124.95670000,220
1779094800000,0.08280000,0.08280000,0.08230000,0.08230000,81605.50000000,1779098399999,6735.63780000,188
1779098400000,0.08240000,0.08270000,0.08230000,0.08260000,56066.90000000,1779101999999,4626.55590000,167
1779102000000,0.08250000,0.08320000,0.08200000,0.08280000,222236.00000000,1779105599999,18312.92422000,525
1779105600000,0.08270000,0.08430000,0.08270000,0.08380000,732362.10000000,1779109199999,61312.56738000,1906
1779109200000,0.08370000,0.08380000,0.08280000,0.08300000,60989.00000000,1779112799999,5081.71036000,232
1779112800000,0.08300000,0.08350000,0.08240000,0.08260000,502815.60000000,1779116399999,41744.74839000,1103
1779116400000,0.08250000,0.08250000,0.08150000,0.08190000,237399.00000000,1779119999999,19459.78056000,564
1779120000000,0.08190000,0.08250000,0.08180000,0.08240000,59314.00000000,1779123599999,4877.87478000,161
1779123600000,0.08230000,0.08260000,0.08210000,0.08220000,98291.30000000,1779127199999,8103.27496000,242
1779127200000,0.08220000,0.08220000,0.08090000,0.08100000,183698.30000000,1779130799999,14994.26092000,424
1779130800000,0.08100000,0.08280000,0.08100000,0.08270000,254518.20000000,1779134399999,20859.01827000,802
1779134400000,0.08270000,0.08300000,0.08230000,0.08240000,160102.00000000,1779137999999,13249.56021000,588
1779138000000,0.08240000,0.08370000,0.08230000,0.08370000,136403.70000000,1779141599999,11338.22941000,497
1779141600000,0.08360000,0.08360000,0.08280000,0.08290000,73462.50000000,1779145199999,6105.66430000,165
1779145200000,0.08300000,0.08310000,0.08260000,0.08280000,88790.50000000,1779148799999,7351.40270000,204
1779148800000,0.08280000,0.08360000,0.08260000,0.08330000,139083.90000000,1779152399999,11578.47724000,395
1779152400000,0.08330000,0.08330000,0.08270000,0.08290000,118991.30000000,1779155999999,9878.56183000,370
1779156000000,0.08290000,0.08310000,0.08240000,0.08240000,50269.50000000,1779159599999,4161.33832000,136
1779159600000,0.08240000,0.08310000,0.08240000,0.08300000,57185.80000000,1779163199999,4741.72462000,178
1779163200000,0.08290000,0.08330000,0.08280000,0.08300000,38508.80000000,1779166799999,3201.58536000,104
1779166800000,0.08300000,0.08320000,0.08230000,0.08240000,221988.00000000,1779170399999,18327.80462000,288
1779170400000,0.08250000,0.08290000,0.08250000,0.08280000,43590.60000000,1779173999999,3602.65368000,124
1779174000000,0.08280000,0.08330000,0.08270000,0.08320000,33256.10000000,1779177599999,2759.20044000,62
1779177600000,0.08310000,0.08310000,0.08270000,0.08290000,93478.00000000,1779181199999,7747.43579000,259
1779181200000,0.08280000,0.08280000,0.08170000,0.08200000,125072.20000000,1779184799999,10271.90555000,337
1779184800000,0.08200000,0.08370000,0.08170000,0.08370000,626144.70000000,1779188399999,51760.79945000,1845
1779188400000,0.08360000,0.08440000,0.08330000,0.08410000,381904.90000000,1779191999999,32026.00849000,946
1779192000000,0.08410000,0.08600000,0.08390000,0.08580000,967144.10000000,1779195599999,82344.01510000,1496
1779195600000,0.08580000,0.08640000,0.08520000,0.08590000,230927.20000000,1779199199999,19805.40194000,335
1779199200000,0.08590000,0.08680000,0.08580000,0.08660000,398613.60000000,1779202799999,34377.05881000,563
1779202800000,0.08660000,0.08680000,0.08470000,0.08540000,483485.60000000,1779206399999,41403.17205000,709
1779206400000,0.08540000,0.08580000,0.08510000,0.08540000,147808.40000000,1779209999999,12631.78636000,295
1779210000000,0.08540000,0.08560000,0.08390000,0.08420000,351553.80000000,1779213599999,29677.38991000,665
1779213600000,0.08430000,0.08450000,0.08380000,0.08410000,103672.20000000,1779217199999,8727.70412000,206
1779217200000,0.08400000,0.08490000,0.08400000,0.08470000,93768.40000000,1779220799999,7915.36884000,158
1779220800000,0.08480000,0.08480000,0.08420000,0.08450000,125633.80000000,1779224399999,10611.46403000,212
1779224400000,0.08450000,0.08520000,0.08440000,0.08460000,46479.30000000,1779227999999,3942.04794000,131
1779228000000,0.08450000,0.08500000,0.08430000,0.08490000,111896.30000000,1779231599999,9483.72676000,189
1779231600000,0.08480000,0.08490000,0.08450000,0.08450000,35744.80000000,1779235199999,3027.43483000,131
1779235200000,0.08450000,0.08530000,0.08440000,0.08480000,110696.00000000,1779238799999,9390.42862000,253
1779238800000,0.08470000,0.08470000,0.08370000,0.08440000,115320.10000000,1779242399999,9710.30717000,167
1779242400000,0.08430000,0.08450000,0.08390000,0.08410000,114310.60000000,1779245999999,9642.40920000,101
1779246000000,0.08400000,0.08500000,0.08400000,0.08470000,296964.00000000,1779249599999,25096.85266000,383
1779249600000,0.08470000,0.08510000,0.08410000,0.08450000,208131.80000000,1779253199999,17622.10156000,326
1779253200000,0.08450000,0.08480000,0.08430000,0.08460000,100498.60000000,1779256799999,8492.13987000,192
1779256800000,0.08450000,0.08500000,0.08450000,0.08470000,71677.70000000,1779260399999,6074.01781000,168
1779260400000,0.08470000,0.08470000,0.08420000,0.08440000,53693.80000000,1779263999999,4532.03395000,117
1779264000000,0.08440000,0.08450000,0.08400000,0.08410000,49350.20000000,1779267599999,4155.32313000,159
1779267600000,0.08420000,0.08760000,0.08420000,0.08480000,1623349.60000000,1779271199999,140184.80770000,2976
1779271200000,0.08470000,0.08500000,0.08420000,0.08430000,175187.60000000,1779274799999,14813.18244000,368
1779274800000,0.08440000,0.08460000,0.08400000,0.08430000,83741.40000000,1779278399999,7064.07077000,148
1779278400000,0.08430000,0.08640000,0.08380000,0.08590000,577638.00000000,1779281999999,49332.50096000,1380
1779282000000,0.08580000,0.08600000,0.08510000,0.08550000,187508.80000000,1779285599999,16026.73294000,536
1779285600000,0.08540000,0.08590000,0.08500000,0.08540000,132255.20000000,1779289199999,11310.57168000,376
1779289200000,0.08540000,0.08560000,0.08500000,0.08520000,149324.80000000,1779292799999,12732.66638000,363
1779292800000,0.08510000,0.08550000,0.08480000,0.08480000,129849.40000000,1779296399999,11050.90578000,252
1779296400000,0.08480000,0.08530000,0.08460000,0.08530000,96649.60000000,1779299999999,8218.81560000,178
1779300000000,0.08520000,0.08620000,0.08520000,0.08560000,190270.20000000,1779303599999,16315.60061000,309
1779303600000,0.08560000,0.08620000,0.08530000,0.08590000,190238.20000000,1779307199999,16308.60778000,265
1779307200000,0.08580000,0.08660000,0.08520000,0.08620000,215070.60000000,1779310799999,18497.40688000,390
1779310800000,0.08620000,0.08800000,0.08610000,0.08770000,235328.10000000,1779314399999,20466.08104000,631
1779314400000,0.08780000,0.08910000,0.08730000,0.08880000,520283.40000000,1779317999999,46022.33726000,808
1779318000000,0.08880000,0.08900000,0.08720000,0.08770000,328351.60000000,1779321599999,28910.63088000,571
1779321600000,0.08770000,0.08890000,0.08750000,0.08800000,183683.00000000,1779325199999,16214.74622000,470
1779325200000,0.08800000,0.08840000,0.08750000,0.08820000,151615.70000000,1779328799999,13323.35098000,282
1779328800000,0.08810000,0.08850000,0.08760000,0.08820000,133439.30000000,1779332399999,11744.24081000,366
1779332400000,0.08820000,0.08870000,0.08790000,0.08820000,224303.40000000,1779335999999,19795.17129000,448
1779336000000,0.08810000,0.08840000,0.08760000,0.08800000,136134.50000000,1779339599999,11978.80054000,370
1779339600000,0.08810000,0.08890000,0.08800000,0.08890000,238048.50000000,1779343199999,21030.70023000,388
1779343200000,0.08890000,0.08900000,0.08790000,0.08850000,161207.20000000,1779346799999,14264.43683000,340
1779346800000,0.08840000,0.08920000,0.08790000,0.08890000,311468.30000000,1779350399999,27613.88671000,640
1779350400000,0.08900000,0.08930000,0.08850000,0.08920000,99132.20000000,1779353999999,8820.01441000,271
1779354000000,0.08920000,0.09240000,0.08910000,0.09110000,2914828.70000000,1779357599999,265803.35344000,5970
1779357600000,0.09120000,0.09140000,0.08890000,0.08900000,19135385.80000000,1779361199999,1718042.92471000,41293
1779361200000,0.08910000,0.09060000,0.08710000,0.08730000,20956981.00000000,1779364799999,1858064.83225000,38403
1779364800000,0.08730000,0.08790000,0.08650000,0.08750000,39278692.80000000,1779368399999,3430983.81114000,32572
1779368400000,0.08740000,0.08770000,0.08670000,0.08740000,57489103.20000000,1779371999999,5020218.55712000,30274
1779372000000,0.08740000,0.08890000,0.08500000,0.08590000,179994114.30000000,1779375599999,15710765.03885000,45135
1779375600000,0.08600000,0.08610000,0.08360000,0.08400000,179313707.50000000,1779379199999,15196895.40370000,67900
1779379200000,0.08390000,0.08490000,0.08240000,0.08460000,13815854.20000000,1779382799999,1158328.05882000,26354
1779382800000,0.08460000,0.08690000,0.08460000,0.08680000,9372177.30000000,1779386399999,802859.92951000,20251
1779386400000,0.08690000,0.08740000,0.08630000,0.08700000,10037324.50000000,1779389999999,872453.09986000,18629
1779390000000,0.08690000,0.08930000,0.08690000,0.08910000,7008547.50000000,1779393599999,615456.08507000,11810
1779393600000,0.08920000,0.09200000,0.08910000,0.09100000,7505613.80000000,1779397199999,681541.44068000,10125
1779397200000,0.09110000,0.09260000,0.09060000,0.09100000,3266272.50000000,1779400799999,299189.69488000,5796
1779400800000,0.09100000,0.09240000,0.09060000,0.09210000,4730858.20000000,1779404399999,434337.91968000,6277
1779404400000,0.09220000,0.09280000,0.09040000,0.09160000,6883540.70000000,1779407999999,629594.43990000,10900
1779408000000,0.09160000,0.09280000,0.09060000,0.09070000,5791821.10000000,1779411599999,528141.81221000,10490
1779411600000,0.09070000,0.09100000,0.08950000,0.09030000,6435789.60000000,1779415199999,581269.44032000,14652
1779415200000,0.09040000,0.09140000,0.08990000,0.09120000,8740348.30000000,1779418799999,791811.76454000,13959
1779418800000,0.09110000,0.09400000,0.08980000,0.09160000,16651827.90000000,1779422399999,1538019.00006000,16601
1779422400000,0.09170000,0.09260000,0.09100000,0.09160000,12825578.20000000,1779425999999,1177573.79380000,14120
1779426000000,0.09160000,0.09270000,0.09070000,0.09110000,51866341.00000000,1779429599999,4752929.70545000,21490
1779429600000,0.09110000,0.09130000,0.08890000,0.09020000,53890943.90000000,1779433199999,4857721.32994000,27026
1779433200000,0.09020000,0.09070000,0.08890000,0.09050000,39024910.60000000,1779436799999,3507519.30414000,20684
1779436800000,0.09040000,0.09160000,0.08960000,0.09120000,61077138.70000000,1779440399999,5546421.34709000,43255
1779440400000,0.09130000,0.09190000,0.09030000,0.09050000,34416026.20000000,1779443999999,3133082.04439000,32244
1779444000000,0.09050000,0.09240000,0.09040000,0.09230000,6377279.40000000,1779447599999,583662.08176000,20463
1779447600000,0.09240000,0.09600000,0.09230000,0.09550000,10661990.70000000,1779451199999,1006131.72502000,12076
1779451200000,0.09540000,0.10300000,0.09540000,0.10100000,26837558.60000000,1779454799999,2646602.69935000,24366
1779454800000,0.10110000,0.10230000,0.09610000,0.09730000,15618374.30000000,1779458399999,1542450.64180000,32182
1779458400000,0.09730000,0.09730000,0.09410000,0.09510000,9746762.20000000,1779461999999,930755.71302000,20606
1779462000000,0.09510000,0.10030000,0.09470000,0.09970000,14258092.60000000,1779465599999,1396200.75685000,30793
1779465600000,0.09980000,0.10090000,0.09480000,0.09860000,13651699.40000000,1779469199999,1334067.18219000,24478
1779469200000,0.09860000,0.10110000,0.09780000,0.10040000,9819367.90000000,1779472799999,975410.80250000,19489
1779472800000,0.10040000,0.10090000,0.09830000,0.09900000,7807589.70000000,1779476399999,777695.12857000,16917
1779476400000,0.09910000,0.09970000,0.09640000,0.09790000,6735962.30000000,1779479999999,659140.70374000,13108
1779480000000,0.09780000,0.10060000,0.09720000,0.09990000,6316833.80000000,1779483599999,624246.35966000,13734
1779483600000,0.09990000,0.10010000,0.09540000,0.09570000,4342761.00000000,1779487199999,422652.28632000,6816
1779487200000,0.09570000,0.09570000,0.09260000,0.09280000,4102867.90000000,1779490799999,385759.93625000,6830
1779490800000,0.09290000,0.09330000,0.08800000,0.08960000,5028157.10000000,1779494399999,454968.18328000,10698
1779494400000,0.08970000,0.09020000,0.08810000,0.08860000,3602179.10000000,1779497999999,321028.68694000,10115
1779498000000,0.08870000,0.09020000,0.08850000,0.08930000,3508498.00000000,1779501599999,313269.49832000,10063
1779501600000,0.08920000,0.08970000,0.08750000,0.08900000,3798708.50000000,1779505199999,335629.85194000,9168
1779505200000,0.08910000,0.09050000,0.08840000,0.09030000,2277898.10000000,1779508799999,204198.82125000,5773
1779508800000,0.09030000,0.09140000,0.08980000,0.09050000,4023615.70000000,1779512399999,363967.17891000,7975
1779512400000,0.09040000,0.09050000,0.08830000,0.08860000,4142087.40000000,1779515999999,370679.31546000,10267
1779516000000,0.08850000,0.08900000,0.08660000,0.08670000,5410666.30000000,1779519599999,473123.85288000,10602
1779519600000,0.08670000,0.08690000,0.08330000,0.08360000,13584949.50000000,1779523199999,1152939.60834000,14936
1779523200000,0.08360000,0.08460000,0.08310000,0.08430000,14041558.80000000,1779526799999,1173009.95032000,21613
1779526800000,0.08430000,0.08530000,0.08400000,0.08480000,7027956.50000000,1779530399999,594847.82728000,15783
1779530400000,0.08490000,0.08620000,0.08470000,0.08490000,5645811.80000000,1779533999999,482404.00044000,8061
1779534000000,0.08490000,0.08630000,0.08480000,0.08480000,4099358.00000000,1779537599999,350793.47006000,7020
1779537600000,0.08480000,0.08600000,0.08440000,0.08580000,4254256.00000000,1779541199999,361891.64947000,6862
1779541200000,0.08590000,0.08650000,0.08560000,0.08590000,3378101.80000000,1779544799999,290672.02989000,6934
1779544800000,0.08580000,0.08690000,0.08580000,0.08650000,4932152.00000000,1779548399999,426629.02886000,7289
1779548400000,0.08660000,0.08690000,0.08580000,0.08670000,3128516.70000000,1779551999999,270072.44485000,6533
1779552000000,0.08680000,0.08770000,0.08630000,0.08740000,3041662.30000000,1779555599999,264141.81323000,5406
1779555600000,0.08730000,0.08870000,0.08730000,0.08790000,3528287.70000000,1779559199999,310784.38293000,7905
1779559200000,0.08790000,0.09060000,0.08780000,0.09000000,3905932.50000000,1779562799999,349894.99638000,6469
1779562800000,0.09010000,0.09110000,0.08960000,0.08990000,3433331.10000000,1779566399999,310043.18912000,5577
1779566400000,0.09000000,0.09530000,0.08980000,0.09450000,5343400.00000000,1779569999999,495040.64172000,9512
1779570000000,0.09440000,0.09460000,0.09190000,0.09300000,2217108.10000000,1779573599999,206704.07798000,4370
1779573600000,0.09300000,0.09320000,0.09110000,0.09170000,1932087.50000000,1779577199999,177576.19791000,3816
1779577200000,0.09160000,0.09300000,0.09160000,0.09260000,2053908.90000000,1779580799999,189324.28333000,8127
1779580800000,0.09250000,0.09320000,0.09160000,0.09160000,2980737.90000000,1779584399999,274940.04194000,10305
1779584400000,0.09170000,0.09340000,0.09160000,0.09290000,2645364.40000000,1779587999999,244067.46025000,12699
1779588000000,0.09290000,0.09410000,0.09220000,0.09220000,5041274.90000000,1779591599999,468538.63185000,21534
1779591600000,0.09230000,0.09300000,0.09180000,0.09260000,2108643.50000000,1779595199999,194646.49482000,7985
1779595200000,0.09270000,0.09480000,0.09260000,0.09320000,4860482.50000000,1779598799999,456254.62957000,8356
1779598800000,0.09310000,0.09320000,0.09050000,0.09090000,3469508.10000000,1779602399999,317668.96468000,7230
1779602400000,0.09080000,0.09180000,0.09060000,0.09170000,2491076.90000000,1779605999999,227153.08479000,6536
1779606000000,0.09160000,0.09210000,0.09070000,0.09080000,3036389.30000000,1779609599999,277083.53180000,7381
1779609600000,0.09090000,0.09180000,0.09010000,0.09100000,5111405.70000000,1779613199999,464860.70170000,11887
1779613200000,0.09100000,0.09160000,0.09030000,0.09050000,5213264.70000000,1779616799999,473283.51250000,11496
1779616800000,0.09060000,0.09100000,0.09010000,0.09010000,1741554.40000000,1779620399999,157777.10655000,4596
1779620400000,0.09010000,0.09030000,0.08880000,0.08920000,1836026.10000000,1779623999999,164089.97783000,5003
1779624000000,0.08930000,0.08980000,0.08840000,0.08880000,1691691.40000000,1779627599999,150750.71646000,5255
1779627600000,0.08870000,0.08910000,0.08830000,0.08840000,1803569.30000000,1779631199999,160060.87874000,5228
1779631200000,0.08840000,0.08930000,0.08810000,0.08830000,2004714.80000000,1779634799999,177735.15576000,5963
1779634800000,0.08840000,0.08860000,0.08780000,0.08810000,1319816.20000000,1779638399999,116404.23739000,3374
1779638400000,0.08820000,0.08850000,0.08760000,0.08830000,1357565.40000000,1779641999999,119447.87439000,4054
1779642000000,0.08840000,0.08860000,0.08760000,0.08830000,1569410.80000000,1779645599999,138291.90285000,4404
1779645600000,0.08840000,0.08880000,0.08760000,0.08780000,1729355.50000000,1779649199999,152605.05275000,4186
1779649200000,0.08780000,0.08810000,0.08740000,0.08770000,1939167.00000000,1779652799999,170262.25543000,9793
1779652800000,0.08780000,0.08830000,0.08770000,0.08820000,2242125.50000000,1779656399999,197350.79466000,13501
1779656400000,0.08830000,0.08870000,0.08660000,0.08690000,2935742.20000000,1779659999999,257027.34947000,15277
1779660000000,0.08690000,0.08790000,0.08680000,0.08730000,1753183.90000000,1779663599999,153501.14226000,10964
1779663600000,0.08730000,0.08830000,0.08720000,0.08810000,1939013.70000000,1779667199999,170153.76662000,10210
1779667200000,0.08820000,0.08880000,0.08810000,0.08830000,1746187.50000000,1779670799999,154416.21522000,7263
1779670800000,0.08830000,0.08840000,0.08720000,0.08720000,1952789.50000000,1779674399999,171383.36495000,11302
1779674400000,0.08720000,0.08850000,0.08720000,0.08800000,2760558.50000000,1779677999999,243168.47950000,14572
1779678000000,0.08790000,0.08860000,0.08750000,0.08760000,3174462.90000000,1779681599999,279427.43868000,12903
1779681600000,0.08750000,0.08810000,0.08720000,0.08810000,2880103.60000000,1779685199999,252182.18408000,17264
1779685200000,0.08810000,0.08840000,0.08760000,0.08760000,1568459.90000000,1779688799999,137975.96203000,2868
1779688800000,0.08760000,0.08840000,0.08740000,0.08770000,3457850.60000000,1779692399999,303598.97559000,16915
1779692400000,0.08760000,0.08790000,0.08690000,0.08750000,2579324.60000000,1779695999999,225441.61701000,11673
1779696000000,0.08740000,0.08780000,0.08730000,0.08730000,907273.70000000,1779699599999,79414.58843000,1850
1779699600000,0.08740000,0.08740000,0.08600000,0.08630000,2508136.40000000,1779703199999,216838.13904000,3589
1779703200000,0.08630000,0.08720000,0.08620000,0.08700000,1714665.30000000,1779706799999,148970.27118000,3177
1779706800000,0.08710000,0.08860000,0.08670000,0.08790000,3342331.50000000,1779710399999,293431.84970000,4206
1779710400000,0.08780000,0.08830000,0.08750000,0.08820000,1865640.90000000,1779713999999,163993.47726000,3235
1779714000000,0.08810000,0.08840000,0.08760000,0.08760000,1980079.80000000,1779717599999,174020.21316000,3016
1779717600000,0.08770000,0.08780000,0.08720000,0.08760000,1959398.90000000,1779721199999,171467.46493000,3056
1779721200000,0.08760000,0.08790000,0.08670000,0.08710000,1691135.30000000,1779724799999,147384.63677000,4146
1779724800000,0.08720000,0.08740000,0.08630000,0.08730000,1904799.50000000,1779728399999,165632.39231000,5284
1779728400000,0.08730000,0.08790000,0.08710000,0.08770000,2345270.00000000,1779731999999,205011.77018000,4400
1779732000000,0.08780000,0.08830000,0.08740000,0.08770000,2714338.70000000,1779735599999,238771.86837000,4034
1779735600000,0.08760000,0.08780000,0.08670000,0.08670000,1678569.10000000,1779739199999,146479.28084000,2665
1779739200000,0.08680000,0.08710000,0.08650000,0.08660000,968481.70000000,1779742799999,84019.07299000,1554
1779742800000,0.08670000,0.08720000,0.08660000,0.08700000,1258161.60000000,1779746399999,109296.05487000,1489
1779746400000,0.08710000,0.08710000,0.08540000,0.08540000,1716730.50000000,1779749999999,148083.81101000,1400
1779750000000,0.08540000,0.08550000,0.08410000,0.08510000,3027650.10000000,1779753599999,256962.29207000,2307
1779753600000,0.08520000,0.08560000,0.08360000,0.08450000,2405351.60000000,1779757199999,203599.38107000,2097
1779757200000,0.08440000,0.08440000,0.08330000,0.08400000,2579474.80000000,1779760799999,216285.84874000,2516
1779760800000,0.08410000,0.08410000,0.08310000,0.08330000,1568120.50000000,1779764399999,131345.36633000,2165
1779764400000,0.08320000,0.08360000,0.08300000,0.08320000,1983932.00000000,1779767999999,165154.34986000,2827
1779768000000,0.08310000,0.08360000,0.08280000,0.08340000,1688432.20000000,1779771599999,140487.30487000,3766
1779771600000,0.08340000,0.08410000,0.08290000,0.08400000,2083462.10000000,1779775199999,174071.54497000,4214
1779775200000,0.08390000,0.08460000,0.08380000,0.08440000,2257406.80000000,1779778799999,189936.37140000,4391
1779778800000,0.08450000,0.08450000,0.08300000,0.08380000,2784614.10000000,1779782399999,232677.38277000,3830
1779782400000,0.08380000,0.08470000,0.08360000,0.08410000,1882829.40000000,1779785999999,158402.55607000,2859
1779786000000,0.08410000,0.08510000,0.08200000,0.08270000,6883375.70000000,1779789599999,575273.88417000,7689
1779789600000,0.08280000,0.08530000,0.08250000,0.08520000,4048449.70000000,1779793199999,340255.66615000,3780
1779793200000,0.08520000,0.08540000,0.08440000,0.08470000,2850890.50000000,1779796799999,242113.54958000,2802
1779796800000,0.08470000,0.08480000,0.08380000,0.08410000,2563311.50000000,1779800399999,215831.55831000,2964
1779800400000,0.08420000,0.08480000,0.08370000,0.08410000,3465322.40000000,1779803999999,291659.67810000,4887
1779804000000,0.08420000,0.08470000,0.08350000,0.08390000,3930671.10000000,1779807599999,330252.72187000,4612
1779807600000,0.08380000,0.08390000,0.08230000,0.08290000,4693403.20000000,1779811199999,389730.57575000,5406
1779811200000,0.08280000,0.08290000,0.08200000,0.08260000,3450922.00000000,1779814799999,284359.23576000,5623
1779814800000,0.08250000,0.08450000,0.08180000,0.08320000,8071216.90000000,1779818399999,670156.08786000,8991
1779818400000,0.08310000,0.08550000,0.08280000,0.08300000,4754057.00000000,1779821999999,399921.65699000,8753
1779822000000,0.08300000,0.08350000,0.08250000,0.08340000,2172273.20000000,1779825599999,180269.74457000,3642
1779825600000,0.08330000,0.08390000,0.08300000,0.08310000,2013300.80000000,1779829199999,167954.96628000,2565
1779829200000,0.08300000,0.08450000,0.08290000,0.08400000,2196308.60000000,1779832799999,183472.97152000,2968
1779832800000,0.08400000,0.08420000,0.08310000,0.08330000,1536091.80000000,1779836399999,128312.25622000,2591
1779836400000,0.08330000,0.08450000,0.08330000,0.08400000,1403801.10000000,1779839999999,117546.73113000,1998
1779840000000,0.08400000,0.08480000,0.08360000,0.08480000,1895297.00000000,1779843599999,159875.22382000,2407
1779843600000,0.08480000,0.08500000,0.08390000,0.08450000,1647236.50000000,1779847199999,139062.79294000,4197
1779847200000,0.08460000,0.08530000,0.08420000,0.08470000,2594516.90000000,1779850799999,219625.95448000,6253
1779850800000,0.08470000,0.08590000,0.08430000,0.08470000,2886657.80000000,1779854399999,245506.58661000,6679
1779854400000,0.08480000,0.08560000,0.08370000,0.08560000,3000355.90000000,1779857999999,254034.33831000,6030
1779858000000,0.08550000,0.08590000,0.08490000,0.08560000,2389415.60000000,1779861599999,204137.42648000,4186
1779861600000,0.08570000,0.08800000,0.08570000,0.08730000,3812016.10000000,1779865199999,332292.66730000,5815
1779865200000,0.08730000,0.08750000,0.08620000,0.08640000,4215315.70000000,1779868799999,365963.07301000,6864
1779868800000,0.08650000,0.08810000,0.08640000,0.08730000,3997038.90000000,1779872399999,348421.07120000,6223
1779872400000,0.08740000,0.08920000,0.08690000,0.08890000,5675147.20000000,1779875999999,500278.97489000,8970
1779876000000,0.08890000,0.09040000,0.08830000,0.08940000,10947285.10000000,1779879599999,979447.42977000,26032
1779879600000,0.08930000,0.09250000,0.08930000,0.09150000,8421069.50000000,1779883199999,767861.99941000,16328
1779883200000,0.09140000,0.09450000,0.09010000,0.09150000,10562617.80000000,1779886799999,977157.56315000,19383
1779886800000,0.09160000,0.09210000,0.08980000,0.09150000,7753424.90000000,1779890399999,703702.02428000,16900
1779890400000,0.09150000,0.09190000,0.08940000,0.09080000,6513731.60000000,1779893999999,589667.09366000,11810
1779894000000,0.09080000,0.09100000,0.08920000,0.08970000,6652632.10000000,1779897599999,598953.05327000,10768
1779897600000,0.08960000,0.09190000,0.08930000,0.09100000,8629059.10000000,1779901199999,781572.44679000,14410
1779901200000,0.09100000,0.09100000,0.08870000,0.08970000,7728864.00000000,1779904799999,693820.35704000,12198
1779904800000,0.08970000,0.09170000,0.08950000,0.09160000,6133395.90000000,1779908399999,555734.02438000,9983
1779908400000,0.09160000,0.09280000,0.09020000,0.09160000,5182999.60000000,1779911999999,474562.39710000,7357
1779912000000,0.09170000,0.09420000,0.09160000,0.09270000,6446681.50000000,1779915599999,597510.88369000,9143
1779915600000,0.09280000,0.09310000,0.08850000,0.09000000,3969473.80000000,1779919199999,361938.60454000,6475
1779919200000,0.09000000,0.09150000,0.08930000,0.08940000,6365253.80000000,1779922799999,576941.39659000,13269
1779922800000,0.08950000,0.09190000,0.08930000,0.09170000,6051227.60000000,1779926399999,547789.08672000,19644
1779926400000,0.09160000,0.09310000,0.09100000,0.09250000,6415035.60000000,1779929999999,590243.52891000,25316
1779930000000,0.09240000,0.09310000,0.09120000,0.09230000,6797696.80000000,1779933599999,627436.56396000,13253
1779933600000,0.09220000,0.09330000,0.09130000,0.09320000,6293014.40000000,1779937199999,581024.69221000,10541
1779937200000,0.09320000,0.09350000,0.08980000,0.09040000,9584695.30000000,1779940799999,877928.04285000,21957
1779940800000,0.09050000,0.09140000,0.08900000,0.09060000,7545629.50000000,1779944399999,681721.57065000,13379
1779944400000,0.09060000,0.09160000,0.08980000,0.09140000,60959446.20000000,1779947999999,5519036.35905000,30105
1779948000000,0.09140000,0.09340000,0.09130000,0.09200000,60580704.90000000,1779951599999,5599007.71940000,24740
1779951600000,0.09210000,0.09330000,0.09030000,0.09330000,78478580.50000000,1779955199999,7241647.72422000,34784
1779955200000,0.09320000,0.09330000,0.09010000,0.09060000,50624500.80000000,1779958799999,4631209.04541000,37754
1779958800000,0.09050000,0.09490000,0.08950000,0.09470000,52786113.80000000,1779962399999,4850601.08948000,53406
1779962400000,0.09470000,0.09720000,0.09420000,0.09660000,10150359.30000000,1779965999999,974242.89321000,11451
1779966000000,0.09660000,0.10000000,0.09630000,0.09910000,10066231.60000000,1779969599999,988281.60881000,10957
1779969600000,0.09920000,0.09980000,0.09770000,0.09820000,4920642.80000000,1779973199999,485759.61672000,5018
1779973200000,0.09810000,0.10300000,0.09770000,0.10000000,9121708.80000000,1779976799999,917452.90064000,11094
1779976800000,0.10000000,0.10600000,0.09980000,0.10520000,11805318.50000000,1779980399999,1219426.46177000,16022
1779980400000,0.10530000,0.10900000,0.10350000,0.10870000,11231579.40000000,1779983999999,1196405.14344000,16114
1779984000000,0.10870000,0.11990000,0.10750000,0.11960000,24638640.40000000,1779987599999,2840630.54219000,32974
1779987600000,0.11960000,0.13020000,0.11670000,0.12680000,27193334.40000000,1779991199999,3377838.77026000,44378
1779991200000,0.12680000,0.14850000,0.12680000,0.14630000,34656226.40000000,1779994799999,4831629.34007000,58029
1779994800000,0.14630000,0.15390000,0.13750000,0.14650000,32056377.90000000,1779998399999,4679235.86442000,63813
1779998400000,0.14650000,0.15550000,0.13990000,0.14590000,33910341.30000000,1780001999999,5034067.59713000,68146
1780002000000,0.14590000,0.16000000,0.14400000,0.15500000,17609403.40000000,1780005599999,2665505.96373000,33118
1780005600000,0.15500000,0.16320000,0.15090000,0.16110000,16461981.00000000,1780009199999,2596543.11478000,36442
1780009200000,0.16100000,0.16760000,0.15880000,0.16200000,13721072.10000000,1780012799999,2243460.96074000,28190
1780012800000,0.16200000,0.17380000,0.15340000,0.17160000,18647327.40000000,1780016399999,3012528.22486000,35966
1780016400000,0.17160000,0.17830000,0.16650000,0.17040000,14887330.80000000,1780019999999,2559210.74362000,33171
1780020000000,0.17050000,0.19400000,0.16990000,0.18680000,23173188.20000000,1780023599999,4247949.75675000,51431
1780023600000,0.18680000,0.19760000,0.17990000,0.19230000,22731203.10000000,1780027199999,4288520.26708000,57779
1780027200000,0.19230000,0.19930000,0.17990000,0.19410000,20601885.60000000,1780030799999,3895312.90938000,60830
1780030800000,0.19410000,0.24430000,0.19130000,0.22980000,37184651.00000000,1780034399999,8005460.95273000,133355
1780034400000,0.22980000,0.24820000,0.21520000,0.24260000,35081071.80000000,1780037999999,8292119.11504000,118744
1780038000000,0.24260000,0.34790000,0.23530000,0.29010000,68423216.20000000,1780041599999,19254221.97618000,273420
1780041600000,0.29010000,0.30500000,0.24180000,0.27610000,50473620.40000000,1780045199999,13812811.41386000,251316
1780045200000,0.27600000,0.29880000,0.26190000,0.28050000,30741633.20000000,1780048799999,8595277.70701000,132281
1780048800000,0.28060000,0.30970000,0.27650000,0.30440000,20786685.80000000,1780052399999,6081698.09441000,58836
1780052400000,0.30450000,0.30730000,0.26560000,0.26920000,17275797.90000000,1780055999999,4868874.07284000,58991
1780056000000,0.26920000,0.27830000,0.24830000,0.26260000,18440128.40000000,1780059599999,4858551.88818000,63114
1780059600000,0.26240000,0.28400000,0.25090000,0.26000000,14423297.40000000,1780063199999,3842845.46025000,49888
1780063200000,0.25990000,0.27510000,0.24700000,0.26300000,12479966.40000000,1780066799999,3292151.43751000,46579
1780066800000,0.26300000,0.27920000,0.25470000,0.27130000,17411028.90000000,1780070399999,4649319.16411000,44944
1780070400000,0.27120000,0.28550000,0.24910000,0.25340000,19393995.10000000,1780073999999,5116311.11261000,51308
1780074000000,0.25360000,0.26880000,0.23020000,0.24940000,23307040.40000000,1780077599999,5746411.98242000,66606
1780077600000,0.24960000,0.26080000,0.24370000,0.25690000,7499581.10000000,1780081199999,1884500.89088000,23944
1780081200000,0.25680000,0.25860000,0.24910000,0.25430000,5085998.30000000,1780084799999,1292355.27193000,18806
1780084800000,0.25420000,0.25990000,0.23920000,0.24070000,6293236.60000000,1780088399999,1563551.75776000,28765
1780088400000,0.24080000,0.25490000,0.23840000,0.25020000,4571282.60000000,1780091999999,1123911.28885000,13090
1780092000000,0.25020000,0.25860000,0.24700000,0.25040000,5785163.90000000,1780095599999,1463488.40490000,16876
1780095600000,0.25030000,0.26670000,0.24800000,0.25540000,6482982.80000000,1780099199999,1671536.57043000,22762
1780099200000,0.25530000,0.29470000,0.24850000,0.28030000,15296467.40000000,1780102799999,4219060.45998000,64796
1780102800000,0.28020000,0.30520000,0.27540000,0.28210000,14914948.20000000,1780106399999,4336852.81881000,57446
1780106400000,0.28220000,0.28260000,0.26280000,0.27190000,8861524.80000000,1780109999999,2399957.62199000,36946
1780110000000,0.27170000,0.27270000,0.23420000,0.24500000,12426688.80000000,1780113599999,3082049.10148000,40233
1780113600000,0.24500000,0.25370000,0.24000000,0.24580000,6148072.60000000,1780117199999,1516030.23870000,22636
1780117200000,0.24590000,0.26260000,0.24400000,0.25690000,5231613.80000000,1780120799999,1331639.04327000,20961
1780120800000,0.25700000,0.26140000,0.24740000,0.25420000,3242076.00000000,1780124399999,821821.84527000,16000
1780124400000,0.25410000,0.27700000,0.25340000,0.26420000,7646216.70000000,1780127999999,2053921.24747000,37761
1780128000000,0.26410000,0.29290000,0.26330000,0.27980000,8203986.70000000,1780131599999,2303933.27201000,35969
1780131600000,0.27980000,0.29220000,0.26860000,0.27240000,5159076.60000000,1780135199999,1443231.80805000,29371
1780135200000,0.27250000,0.29820000,0.27100000,0.29440000,5696059.20000000,1780138799999,1620786.42206000,34688
1780138800000,0.29450000,0.31740000,0.28270000,0.30680000,15054494.50000000,1780142399999,4456967.16229000,69207
1780142400000,0.30670000,0.32140000,0.27230000,0.29090000,16798405.90000000,1780145999999,4950916.01087000,82193
1780146000000,0.29110000,0.30260000,0.28510000,0.28800000,5045496.60000000,1780149599999,1480811.98334000,23177
1780149600000,0.28780000,0.29280000,0.26590000,0.26860000,6182002.50000000,1780153199999,1726783.49448000,23555
1780153200000,0.26850000,0.27240000,0.24280000,0.25380000,11943815.80000000,1780156799999,3048607.89248000,38609
1780156800000,0.25360000,0.26350000,0.24050000,0.24970000,10282980.50000000,1780160399999,2579473.47271000,30995
1780160400000,0.24960000,0.25530000,0.24640000,0.24820000,3045420.90000000,1780163999999,761838.08634000,8644
1780164000000,0.24810000,0.24980000,0.24230000,0.24550000,2027224.60000000,1780167599999,498289.99763000,9495
1780167600000,0.24540000,0.25220000,0.24120000,0.25100000,2350133.90000000,1780171199999,581316.03456000,14068
1780171200000,0.25140000,0.25350000,0.24660000,0.24810000,1246995.00000000,1780174799999,310907.09190000,5738
1780174800000,0.24810000,0.24920000,0.24350000,0.24620000,1234546.80000000,1780178399999,304221.43814000,2929
1780178400000,0.24630000,0.24970000,0.21910000,0.23280000,8699588.80000000,1780181999999,2018855.10190000,20332
1780182000000,0.23270000,0.24410000,0.22890000,0.23580000,4144062.90000000,1780185599999,980075.87454000,12069
1780185600000,0.23590000,0.24100000,0.22740000,0.22960000,3898210.90000000,1780189199999,912741.05379000,12379
1780189200000,0.22970000,0.26830000,0.22830000,0.25080000,12677889.00000000,1780192799999,3199709.88253000,37267
1780192800000,0.25090000,0.25730000,0.24670000,0.25110000,3873603.90000000,1780196399999,977105.16940000,12902
1780196400000,0.25130000,0.25930000,0.24930000,0.25710000,1638941.80000000,1780199999999,416782.08057000,8588
1780200000000,0.25730000,0.25740000,0.23610000,0.23980000,2757067.90000000,1780203599999,682467.91237000,12917
1780203600000,0.23980000,0.24550000,0.23710000,0.23830000,2394584.70000000,1780207199999,576867.37186000,9053
1780207200000,0.23820000,0.23870000,0.22860000,0.23480000,3917714.20000000,1780210799999,910497.70027000,10109
1780210800000,0.23470000,0.23950000,0.22870000,0.23740000,1700419.80000000,1780214399999,396294.71541000,5981
1780214400000,0.23730000,0.25370000,0.23290000,0.25190000,3554547.10000000,1780217999999,874399.94113000,16156
1780218000000,0.25180000,0.25330000,0.24500000,0.24920000,3367100.60000000,1780221599999,837398.91273000,12122
1780221600000,0.24940000,0.26550000,0.24730000,0.26190000,3700621.00000000,1780225199999,944099.61457000,16575
1780225200000,0.26190000,0.27770000,0.25980000,0.26860000,5531980.30000000,1780228799999,1481879.94198000,24088
1780228800000,0.26870000,0.28500000,0.26270000,0.26900000,5510085.60000000,1780232399999,1506935.16971000,21277
1780232400000,0.26910000,0.27580000,0.25730000,0.26280000,4710860.70000000,1780235999999,1254202.47794000,17087
1780236000000,0.26290000,0.27890000,0.25840000,0.27580000,3890721.40000000,1780239599999,1049368.01462000,18019
1780239600000,0.27560000,0.35980000,0.27210000,0.28170000,42266811.50000000,1780243199999,12961439.29972000,188860
1780243200000,0.28160000,0.29460000,0.26770000,0.29050000,11346893.50000000,1780246799999,3242224.29162000,41189
1780246800000,0.29060000,0.29100000,0.26640000,0.27440000,6731195.30000000,1780250399999,1858486.17004000,26486
1780250400000,0.27470000,0.27980000,0.26460000,0.26630000,4267881.60000000,1780253999999,1158545.33082000,16058
1780254000000,0.26630000,0.29420000,0.26630000,0.28320000,6569801.10000000,1780257599999,1864370.15389000,23680
1780257600000,0.28300000,0.29060000,0.27220000,0.27790000,3180586.90000000,1780261199999,892261.30287000,12395
1780261200000,0.27790000,0.27860000,0.27060000,0.27520000,2059845.90000000,1780264799999,565240.98698000,12837
1780264800000,0.27520000,0.27720000,0.26780000,0.27110000,2435298.10000000,1780268399999,662635.44121000,12767
1780268400000,0.27110000,0.27610000,0.26840000,0.27250000,1447244.20000000,1780271999999,393863.81131000,8045
1780272000000,0.27250000,0.29200000,0.27210000,0.28610000,5606138.80000000,1780275599999,1582776.97712000,22799
1780275600000,0.28610000,0.29850000,0.27160000,0.27410000,5617003.30000000,1780279199999,1587219.11083000,21311
1780279200000,0.27410000,0.28290000,0.26160000,0.26890000,3351574.40000000,1780282799999,912097.96811000,15208
1780282800000,0.26890000,0.27390000,0.26650000,0.26800000,1847193.60000000,1780286399999,499315.41744000,7676
1780286400000,0.26810000,0.27240000,0.24590000,0.24670000,4669285.10000000,1780289999999,1211902.24881000,14395
1780290000000,0.24680000,0.25010000,0.18650000,0.20020000,51516715.00000000,1780293599999,10978933.01275000,153347
1780293600000,0.20000000,0.20550000,0.18190000,0.19370000,11941420.70000000,1780297199999,2321978.98111000,38424
1780297200000,0.19380000,0.19490000,0.18240000,0.18360000,7262804.10000000,1780300799999,1373152.07005000,19968
1780300800000,0.18360000,0.19090000,0.17690000,0.18530000,8457909.40000000,1780304399999,1542139.22229000,20125
1780304400000,0.18530000,0.18750000,0.17810000,0.17870000,3483355.00000000,1780307999999,639518.65239000,10523
1780308000000,0.17880000,0.18300000,0.17740000,0.17960000,2341910.80000000,1780311599999,422062.99466000,6297
1780311600000,0.17980000,0.19010000,0.17870000,0.18380000,4053973.00000000,1780315199999,750539.04389000,10789
1780315200000,0.18400000,0.19510000,0.18330000,0.18560000,3627030.10000000,1780318799999,683513.20917000,10484
1780318800000,0.18540000,0.18850000,0.17220000,0.17700000,5811343.10000000,1780322399999,1041139.83544000,13019
1780322400000,0.17690000,0.18310000,0.17540000,0.18090000,4346424.80000000,1780325999999,784319.92666000,8399
1780326000000,0.18090000,0.18090000,0.17460000,0.17540000,1845283.30000000,1780329599999,326200.88983000,5086
1780329600000,0.17540000,0.17680000,0.17090000,0.17350000,3012857.30000000,1780333199999,522810.97177000,6917
1780333200000,0.17360000,0.17690000,0.16530000,0.17360000,4398129.90000000,1780336799999,750944.86983000,9249
1780336800000,0.17350000,0.18310000,0.17140000,0.17860000,3738659.60000000,1780340399999,663482.59429000,7191
1780340400000,0.17870000,0.18930000,0.17820000,0.18640000,3226217.90000000,1780343999999,590752.04887000,6673
1780344000000,0.18650000,0.18800000,0.18120000,0.18540000,2305087.00000000,1780347599999,424119.02821000,5033
1780347600000,0.18550000,0.18600000,0.17980000,0.18010000,1172509.10000000,1780351199999,213597.31946000,3095
1780351200000,0.18000000,0.18180000,0.17650000,0.18050000,1859868.60000000,1780354799999,333437.14109000,4152
1780354800000,0.18050000,0.18090000,0.17240000,0.17360000,1267550.20000000,1780358399999,223416.60168000,2713
1780358400000,0.17350000,0.17750000,0.17160000,0.17480000,1354388.70000000,1780361999999,236694.99372000,2870
1780362000000,0.17470000,0.17660000,0.17040000,0.17210000,1988469.70000000,1780365599999,343609.26178000,3855
1780365600000,0.17200000,0.17230000,0.16400000,0.16620000,2700720.00000000,1780369199999,452020.31579000,4856
1780369200000,0.16650000,0.17150000,0.16560000,0.16670000,1981654.40000000,1780372799999,333905.59404000,3578
1780372800000,0.16650000,0.16990000,0.16580000,0.16990000,1230498.50000000,1780376399999,206740.19476000,2633
1780376400000,0.16990000,0.17660000,0.16840000,0.17590000,2738417.50000000,1780379999999,470914.16950000,6518
1780380000000,0.17560000,0.17710000,0.16770000,0.17220000,2961883.70000000,1780383599999,508776.62406000,4958
1780383600000,0.17230000,0.17440000,0.16500000,0.16820000,2247189.80000000,1780387199999,382595.25438000,4510
1780387200000,0.16810000,0.17200000,0.16450000,0.16790000,2502223.50000000,1780390799999,421727.12790000,6706
1780390800000,0.16800000,0.17250000,0.16690000,0.16710000,2057295.60000000,1780394399999,349427.42282000,4035
1780394400000,0.16710000,0.16970000,0.16640000,0.16890000,943173.80000000,1780397999999,158783.29994000,1611
1780398000000,0.16900000,0.16920000,0.16370000,0.16490000,2853456.20000000,1780401599999,473774.93186000,3907
1780401600000,0.16500000,0.16790000,0.16410000,0.16450000,1479002.20000000,1780405199999,245589.54487000,3021
1780405200000,0.16460000,0.16660000,0.16180000,0.16280000,1474587.10000000,1780408799999,241979.00693000,2543
1780408800000,0.16300000,0.17260000,0.16280000,0.17180000,2537576.40000000,1780412399999,424951.29278000,4830
1780412400000,0.17170000,0.21130000,0.16550000,0.20840000,19012384.30000000,1780415999999,3594843.70470000,42386
1780416000000,0.20810000,0.21760000,0.17800000,0.17960000,21605201.50000000,1780419599999,4198038.96884000,47626
1780419600000,0.17950000,0.18260000,0.17350000,0.17800000,6935803.80000000,1780423199999,1234097.28026000,12670
1780423200000,0.17820000,0.18130000,0.17530000,0.17720000,2632605.20000000,1780426799999,469305.59730000,5002
1780426800000,0.17730000,0.17750000,0.16590000,0.17190000,4427900.10000000,1780430399999,758206.38953000,8146
1780430400000,0.17200000,0.17320000,0.16980000,0.17020000,1675060.10000000,1780433999999,286576.58483000,4685
1780434000000,0.17010000,0.18020000,0.16800000,0.17660000,3327089.00000000,1780437599999,574640.52848000,5648
1780437600000,0.17660000,0.17790000,0.17050000,0.17450000,2459348.70000000,1780441199999,427093.88301000,5681
1780441200000,0.17470000,0.17650000,0.16980000,0.17010000,2389161.60000000,1780444799999,413717.15378000,10058
1780444800000,0.17000000,0.17520000,0.16930000,0.17410000,1976042.00000000,1780448399999,341502.98625000,7888
1780448400000,0.17410000,0.17470000,0.16740000,0.16970000,1331030.10000000,1780451999999,226686.89132000,4302
1780452000000,0.16960000,0.17240000,0.16770000,0.17130000,692128.50000000,1780455599999,117518.89035000,2419
1780455600000,0.17140000,0.17260000,0.16880000,0.17080000,849536.80000000,1780459199999,145142.38411000,3096
1780459200000,0.17080000,0.17290000,0.16970000,0.17220000,1604862.80000000,1780462799999,275021.57950000,3564
1780462800000,0.17230000,0.18260000,0.17200000,0.17760000,3383363.60000000,1780466399999,604677.14421000,10849
1780466400000,0.17760000,0.18030000,0.17450000,0.17810000,1697917.60000000,1780469999999,300021.19365000,3685
1780470000000,0.17820000,0.18720000,0.17710000,0.18260000,3500924.60000000,1780473599999,640477.87224000,8257
1780473600000,0.18270000,0.18720000,0.17940000,0.18100000,3043205.40000000,1780477199999,557527.25672000,7012
1780477200000,0.18120000,0.18520000,0.17650000,0.18070000,2870067.90000000,1780480799999,517156.70115000,5939
1780480800000,0.18090000,0.18100000,0.17610000,0.17740000,1724337.30000000,1780484399999,307135.97889000,3259
1780484400000,0.17720000,0.18110000,0.17310000,0.17460000,4109280.60000000,1780487999999,729033.02820000,7400
1780488000000,0.17460000,0.17610000,0.17160000,0.17210000,1287328.60000000,1780491599999,223857.12053000,2952
1780491600000,0.17220000,0.17910000,0.17000000,0.17810000,2068944.50000000,1780495199999,360502.88679000,3856
1780495200000,0.17830000,0.18510000,0.17590000,0.18470000,1679479.50000000,1780498799999,303093.90010000,3516
1780498800000,0.18470000,0.19400000,0.17880000,0.19020000,3512769.10000000,1780502399999,654358.42278000,9084
1780502400000,0.19010000,0.19130000,0.18190000,0.18400000,3944339.10000000,1780505999999,734195.33915000,14684
1780506000000,0.18420000,0.19590000,0.18380000,0.18720000,3718411.50000000,1780509599999,711144.74448000,16189
1780509600000,0.18720000,0.19280000,0.18590000,0.19140000,3222761.90000000,1780513199999,609550.31620000,12716
1780513200000,0.19150000,0.19400000,0.18400000,0.18480000,2086315.50000000,1780516799999,393190.20897000,9955
1780516800000,0.18480000,0.18610000,0.18020000,0.18050000,1166576.10000000,1780520399999,214191.47853000,5079
1780520400000,0.18040000,0.18630000,0.18030000,0.18440000,1263447.20000000,1780523999999,232226.22756000,3948
1780524000000,0.18450000,0.18690000,0.18200000,0.18500000,911590.00000000,1780527599999,167910.98482000,4220
1780527600000,0.18510000,0.18520000,0.18080000,0.18220000,751517.60000000,1780531199999,137333.74512000,4118
1780531200000,0.18210000,0.18490000,0.18090000,0.18240000,987465.60000000,1780534799999,180702.37470000,3633
1780534800000,0.18240000,0.18540000,0.17520000,0.17640000,2054021.40000000,1780538399999,368908.46804000,6640
1780538400000,0.17650000,0.18470000,0.17010000,0.18300000,3472913.50000000,1780541999999,616095.36701000,14158
1780542000000,0.18300000,0.18800000,0.17900000,0.18510000,2053766.60000000,1780545599999,376329.90561000,8079
1780545600000,0.18540000,0.19020000,0.18320000,0.18910000,2139644.20000000,1780549199999,400700.42561000,9400
1780549200000,0.18920000,0.19120000,0.18610000,0.18760000,3099557.90000000,1780552799999,585478.84844000,11063
1780552800000,0.18750000,0.18760000,0.17570000,0.17730000,2003074.60000000,1780556399999,360972.70767000,9480
1780556400000,0.17730000,0.17930000,0.17560000,0.17780000,1085804.40000000,1780559999999,192633.72081000,4243
1780560000000,0.17790000,0.18550000,0.17730000,0.18450000,1408927.70000000,1780563599999,255732.96135000,5704
1780563600000,0.18440000,0.18510000,0.17300000,0.17720000,2619768.60000000,1780567199999,466291.23567000,9308
1780567200000,0.17710000,0.17770000,0.17180000,0.17240000,1658914.40000000,1780570799999,290598.65924000,4316
1780570800000,0.17250000,0.17440000,0.17150000,0.17310000,1104117.30000000,1780574399999,191008.58330000,3623
1780574400000,0.17310000,0.17380000,0.16820000,0.17180000,1166730.60000000,1780577999999,199909.58319000,2312
1780578000000,0.17190000,0.17560000,0.17100000,0.17490000,713249.40000000,1780581599999,123720.57194000,1694
1780581600000,0.17510000,0.17760000,0.17200000,0.17730000,882896.10000000,1780585199999,154475.81531000,2300
1780585200000,0.17730000,0.18230000,0.17450000,0.18110000,2679969.40000000,1780588799999,479885.13206000,10080
1780588800000,0.18110000,0.19140000,0.17760000,0.19120000,3921229.90000000,1780592399999,721387.50659000,17774
1780592400000,0.19110000,0.20670000,0.19030000,0.19200000,8273333.20000000,1780595999999,1635604.33181000,35472
1780596000000,0.19220000,0.19580000,0.18970000,0.19410000,2749481.40000000,1780599599999,530732.13312000,14487
1780599600000,0.19410000,0.19520000,0.19010000,0.19320000,1617454.40000000,1780603199999,311755.99592000,9712
1780603200000,0.19310000,0.19430000,0.18750000,0.18800000,1907681.90000000,1780606799999,363581.94010000,7863
1780606800000,0.18810000,0.18950000,0.18220000,0.18240000,1161186.30000000,1780610399999,215418.39695000,4345
1780610400000,0.18220000,0.18490000,0.18030000,0.18310000,1169057.90000000,1780613999999,212392.68999000,5298
1780614000000,0.18310000,0.18450000,0.17900000,0.17940000,1048824.10000000,1780617599999,190561.39560000,4255
1780617600000,0.17940000,0.18040000,0.17710000,0.17880000,875642.60000000,1780621199999,156806.98983000,3817
1780621200000,0.17890000,0.18420000,0.17890000,0.18000000,935378.40000000,1780624799999,170379.91841000,4264
1780624800000,0.18000000,0.18520000,0.17860000,0.18260000,1602540.40000000,1780628399999,291832.23860000,5369
1780628400000,0.18260000,0.18600000,0.17780000,0.18520000,1719953.00000000,1780631999999,313583.86893000,7069
1780632000000,0.18510000,0.19270000,0.18350000,0.19200000,1476284.50000000,1780635599999,276024.65537000,8045
1780635600000,0.19200000,0.19280000,0.18470000,0.18520000,1262354.50000000,1780639199999,238109.06884000,6385
1780639200000,0.18520000,0.18610000,0.17750000,0.17900000,2775689.40000000,1780642799999,502798.31570000,16791
1780642800000,0.17910000,0.18280000,0.17600000,0.18120000,1862565.50000000,1780646399999,334418.84592000,8987
1780646400000,0.18130000,0.18180000,0.17460000,0.18050000,1759522.70000000,1780649999999,313338.14570000,7220
1780650000000,0.18040000,0.18740000,0.17920000,0.18690000,1149675.60000000,1780653599999,210602.04673000,5168
1780653600000,0.18690000,0.19040000,0.18450000,0.18550000,1450273.50000000,1780657199999,272155.82237000,5422
1780657200000,0.18550000,0.18800000,0.18130000,0.18800000,709487.90000000,1780660799999,131127.38907000,2954
1780660800000,0.18800000,0.20020000,0.18680000,0.19060000,6604199.20000000,1780664399999,1284586.77870000,36496
1780664400000,0.19060000,0.19420000,0.18890000,0.19000000,2137161.10000000,1780667999999,408401.92618000,5609
1780668000000,0.19000000,0.19590000,0.18800000,0.19090000,2399504.60000000,1780671599999,460734.63281000,13299
1780671600000,0.19100000,0.19530000,0.19020000,0.19230000,2631895.50000000,1780675199999,507960.91259000,16266
1780675200000,0.19230000,0.19940000,0.18880000,0.19470000,2822367.80000000,1780678799999,546002.84926000,14113
1780678800000,0.19480000,0.20420000,0.19180000,0.20350000,2978746.20000000,1780682399999,591992.89293000,15814
1780682400000,0.20360000,0.20910000,0.20070000,0.20140000,4553002.10000000,1780685999999,933116.99665000,24048
1780686000000,0.20150000,0.23670000,0.19810000,0.21870000,16982605.30000000,1780689599999,3738317.97247000,73765
1780689600000,0.21870000,0.23620000,0.21520000,0.23090000,5301119.60000000,1780693199999,1190070.59361000,31311
1780693200000,0.23100000,0.24390000,0.22510000,0.23570000,4296193.80000000,1780696799999,1004100.55205000,21521
1780696800000,0.23570000,0.23900000,0.22110000,0.23430000,4721388.30000000,1780700399999,1092138.23259000,27579
1780700400000,0.23410000,0.24080000,0.22300000,0.22370000,3554421.20000000,1780703999999,825774.07005000,19767
1780704000000,0.22370000,0.23750000,0.22330000,0.22950000,3215710.90000000,1780707599999,743215.66089000,14763
1780707600000,0.22960000,0.23310000,0.21550000,0.22750000,2463852.10000000,1780711199999,553708.37426000,12292
1780711200000,0.22740000,0.24460000,0.20760000,0.22300000,9558830.20000000,1780714799999,2161058.29480000,37723
1780714800000,0.22300000,0.22710000,0.21480000,0.22440000,2764539.00000000,1780718399999,613331.16862000,11077
1780718400000,0.22450000,0.23550000,0.22200000,0.23440000,3493604.00000000,1780721999999,795661.14841000,17085
1780722000000,0.23450000,0.24810000,0.22920000,0.24750000,4939964.00000000,1780725599999,1174451.63828000,20210
1780725600000,0.24730000,0.25720000,0.22970000,0.24150000,7979756.60000000,1780729199999,1942695.51093000,30080
1780729200000,0.24130000,0.25660000,0.23300000,0.25360000,3953915.40000000,1780732799999,963251.13097000,15573
1780732800000,0.25360000,0.27810000,0.24940000,0.27510000,8611272.00000000,1780736399999,2271548.02703000,28446
1780736400000,0.27500000,0.33010000,0.27480000,0.32530000,13713861.20000000,1780739999999,4134014.16568000,55173
1780740000000,0.32520000,0.39770000,0.31840000,0.39000000,33135850.20000000,1780743599999,11917194.83893000,152745
1780743600000,0.39000000,0.46520000,0.38370000,0.39130000,28656234.20000000,1780747199999,12033014.69503000,169689
1780747200000,0.39150000,0.44550000,0.37390000,0.41950000,20781361.90000000,1780750799999,8484716.76365000,119233
1780750800000,0.41950000,0.43870000,0.40310000,0.40890000,11536638.30000000,1780754399999,4876461.79828000,93252
1780754400000,0.40900000,0.42180000,0.39180000,0.40950000,9222730.50000000,1780757999999,3736527.71250000,78886
1780758000000,0.40960000,0.44590000,0.40360000,0.43850000,8964777.90000000,1780761599999,3830524.06946000,55374
1780761600000,0.43820000,0.46330000,0.42080000,0.44070000,12263453.30000000,1780765199999,5437312.79459000,86179
1780765200000,0.44080000,0.47650000,0.42420000,0.45460000,8990582.70000000,1780768799999,4046560.91080000,83183
1780768800000,0.45450000,0.46160000,0.43330000,0.45010000,4667989.90000000,1780772399999,2092387.62667000,44875
1780772400000,0.45020000,0.45650000,0.43570000,0.44500000,3606927.10000000,1780775999999,1609768.75446000,34396
1780776000000,0.44500000,0.47900000,0.44340000,0.47580000,4734018.80000000,1780779599999,2176539.79972000,50069
1780779600000,0.47560000,0.47590000,0.44870000,0.45430000,3095503.70000000,1780783199999,1432661.90794000,26593
1780783200000,0.45450000,0.45600000,0.39310000,0.40310000,10349839.40000000,1780786799999,4361751.40491000,75691
1780786800000,0.40300000,0.44240000,0.39050000,0.43770000,5377441.20000000,1780790399999,2192286.81208000,46773
1780790400000,0.43760000,0.48410000,0.40900000,0.44920000,12856048.30000000,1780793999999,5731858.50493000,106699
1780794000000,0.44910000,0.46700000,0.44440000,0.45470000,5128114.50000000,1780797599999,2335387.07978000,46165
1780797600000,0.45480000,0.47320000,0.44860000,0.46300000,3132147.50000000,1780801199999,1444574.50589000,26256
1780801200000,0.46320000,0.47780000,0.35300000,0.35800000,12132986.40000000,1780804799999,4837414.33468000,75007
1780804800000,0.35790000,0.36390000,0.29940000,0.34420000,25700595.90000000,1780808399999,8513500.04032000,138397
1780808400000,0.34430000,0.35560000,0.32450000,0.32730000,7687805.00000000,1780811999999,2607601.41352000,41858
1780812000000,0.32710000,0.33110000,0.28730000,0.29200000,13953477.00000000,1780815599999,4242394.16278000,68984
1780815600000,0.29210000,0.30330000,0.28690000,0.29870000,4865736.70000000,1780819199999,1446515.49407000,21583
1780819200000,0.29890000,0.32100000,0.29520000,0.30230000,7245662.90000000,1780822799999,2238086.48608000,37108
1780822800000,0.30250000,0.30770000,0.29490000,0.30060000,2917439.50000000,1780826399999,878617.09753000,13974
1780826400000,0.30070000,0.30400000,0.29690000,0.30140000,3052716.60000000,1780829999999,916275.53263000,9944
1780830000000,0.30150000,0.30940000,0.29890000,0.30080000,1910959.80000000,1780833599999,578920.36119000,8057
1780833600000,0.30090000,0.30370000,0.29070000,0.29940000,2357299.80000000,1780837199999,707196.54691000,8519
1780837200000,0.29950000,0.30320000,0.29600000,0.29830000,1675911.40000000,1780840799999,501895.46914000,5228
1780840800000,0.29830000,0.31500000,0.29540000,0.30380000,4992068.90000000,1780844399999,1522204.61245000,18407
1780844400000,0.30390000,0.31360000,0.30040000,0.30850000,3257333.80000000,1780847999999,994623.96888000,11477
1780848000000,0.30860000,0.32880000,0.30080000,0.32580000,7048739.30000000,1780851599999,2225546.27357000,23446
1780851600000,0.32590000,0.32830000,0.30350000,0.31110000,3520898.90000000,1780855199999,1109150.24434000,15945
1780855200000,0.31130000,0.31370000,0.30180000,0.30550000,1318830.30000000,1780858799999,403529.19522000,6194
1780858800000,0.30550000,0.31520000,0.30210000,0.31490000,1272284.30000000,1780862399999,391933.74638000,5735
1780862400000,0.31510000,0.31840000,0.31040000,0.31340000,1293384.70000000,1780865999999,406091.13024000,6478
1780866000000,0.31340000,0.31970000,0.31090000,0.31550000,1258007.80000000,1780869599999,397886.60535000,3517
1780869600000,0.31530000,0.33420000,0.30840000,0.32960000,4036854.80000000,1780873199999,1301929.26713000,13722
1780873200000,0.32960000,0.34580000,0.31830000,0.33010000,5660277.20000000,1780876799999,1885952.15957000,23791
1780876800000,0.33030000,0.37790000,0.32390000,0.35280000,9375514.10000000,1780880399999,3334118.45068000,42429
1780880400000,0.35290000,0.38300000,0.33500000,0.38070000,7789167.70000000,1780883999999,2811847.45545000,44467
1780884000000,0.38080000,0.38730000,0.35520000,0.37810000,9715661.80000000,1780887599999,3639720.24736000,49266
1780887600000,0.37810000,0.40800000,0.37500000,0.38310000,7719398.90000000,1780891199999,2995002.42769000,38122
1780891200000,0.38310000,0.40360000,0.37210000,0.37610000,6887738.30000000,1780894799999,2668870.01285000,40069
1780894800000,0.37630000,0.39800000,0.36280000,0.37070000,5877434.70000000,1780898399999,2229780.25027000,37911
1780898400000,0.37080000,0.42720000,0.36830000,0.41860000,8077095.10000000,1780901999999,3216387.35182000,44165
1780902000000,0.41870000,0.47770000,0.40400000,0.47350000,16143181.50000000,1780905599999,7156133.21254000,72661
1780905600000,0.47340000,0.48350000,0.44390000,0.45490000,12388085.10000000,1780909199999,5744932.50937000,73364
1780909200000,0.45470000,0.48940000,0.45020000,0.46240000,8043084.40000000,1780912799999,3790946.50577000,48316
1780912800000,0.46210000,0.54940000,0.46140000,0.53090000,12278814.10000000,1780916399999,6201816.29451000,115179
1780916400000,0.53100000,0.55930000,0.43160000,0.46660000,22422293.70000000,1780919999999,11174684.80766000,180371
1780920000000,0.46660000,0.47370000,0.40200000,0.42630000,17687034.10000000,1780923599999,7595156.81631000,124378
1780923600000,0.42630000,0.48650000,0.42030000,0.48400000,8659721.00000000,1780927199999,3908421.94466000,51140
1780927200000,0.48440000,0.48480000,0.42070000,0.44580000,9497024.20000000,1780930799999,4313050.18303000,61494
1780930800000,0.44580000,0.45670000,0.42860000,0.43810000,5733071.30000000,1780934399999,2530852.94614000,36426
1780934400000,0.43790000,0.44590000,0.39210000,0.40110000,7846754.70000000,1780937999999,3244533.77198000,44463
1780938000000,0.40100000,0.42770000,0.39370000,0.41300000,5445899.80000000,1780941599999,2254375.21131000,29433
1780941600000,0.41320000,0.41740000,0.40670000,0.41020000,2329533.20000000,1780945199999,959032.83823000,14073
1780945200000,0.41020000,0.41020000,0.37510000,0.39490000,6654093.80000000,1780948799999,2609700.48541000,30642
1780948800000,0.39500000,0.40450000,0.38190000,0.39920000,3477264.10000000,1780952399999,1368530.69785000,25059
1780952400000,0.39940000,0.41970000,0.39300000,0.41970000,2944564.10000000,1780955999999,1191025.31006000,17089
1780956000000,0.41960000,0.42090000,0.39760000,0.40620000,3073102.20000000,1780959599999,1251610.73943000,22225
1780959600000,0.40610000,0.41870000,0.40430000,0.41380000,2641599.90000000,1780963199999,1089931.20703000,17990
1780963200000,0.41400000,0.43160000,0.40610000,0.41590000,4924449.70000000,1780966799999,2064885.43428000,27630
1780966800000,0.41590000,0.46990000,0.38510000,0.45550000,12295734.50000000,1780970399999,5304855.68242000,61788
1780970400000,0.45560000,0.46550000,0.42000000,0.45140000,5923733.10000000,1780973999999,2609359.29066000,42445
1780974000000,0.45130000,0.45780000,0.43080000,0.45330000,3633470.80000000,1780977599999,1614769.47778000,24908
1780977600000,0.45310000,0.48710000,0.45060000,0.47620000,6735754.30000000,1780981199999,3151096.29750000,47634
1780981200000,0.47630000,0.48400000,0.44380000,0.45080000,6801482.30000000,1780984799999,3173931.50780000,49990
1780984800000,0.45080000,0.46350000,0.42470000,0.44760000,6980806.10000000,1780988399999,3092892.66838000,37411
1780988400000,0.44760000,0.47200000,0.44600000,0.46790000,3545388.30000000,1780991999999,1617599.11696000,24125
1780992000000,0.46780000,0.47380000,0.45040000,0.47180000,3462081.00000000,1780995599999,1601280.15070000,41155
1780995600000,0.47170000,0.50090000,0.47040000,0.49100000,5484788.00000000,1780999199999,2673946.05776000,44899
1780999200000,0.49080000,0.49720000,0.45250000,0.46080000,6359458.50000000,1781002799999,2985000.70254000,38757
1781002800000,0.46070000,0.48010000,0.44480000,0.46640000,5985943.60000000,1781006399999,2784029.08279000,43158
1781006400000,0.46630000,0.46660000,0.44790000,0.44910000,2981118.40000000,1781009999999,1357567.54273000,19527
1781010000000,0.44920000,0.46420000,0.43530000,0.45400000,4408517.80000000,1781013599999,1994601.76438000,27925
1781013600000,0.45390000,0.47240000,0.44950000,0.45920000,3387338.20000000,1781017199999,1554689.16879000,22888
1781017200000,0.45910000,0.47120000,0.45470000,0.45570000,2729537.30000000,1781020799999,1262815.60127000,16856
1781020800000,0.45560000,0.46550000,0.43600000,0.44940000,3525964.20000000,1781024399999,1593213.06919000,21402
1781024400000,0.44950000,0.45990000,0.44340000,0.44500000,2150316.10000000,1781027999999,969495.79881000,12094
1781028000000,0.44520000,0.44560000,0.40350000,0.42260000,5888232.70000000,1781031599999,2476125.05209000,35187
1781031600000,0.42270000,0.43180000,0.41670000,0.41910000,3311987.40000000,1781035199999,1400976.13864000,24975
1781035200000,0.41910000,0.42380000,0.41090000,0.41190000,1643069.60000000,1781038799999,684929.29106000,12823
1781038800000,0.41200000,0.43000000,0.40940000,0.41560000,1588180.30000000,1781042399999,666522.11691000,9581
1781042400000,0.41560000,0.41560000,0.40720000,0.41080000,1020124.20000000,1781045999999,418686.47595000,7862
1781046000000,0.41080000,0.41170000,0.39690000,0.40990000,1401820.70000000,1781049599999,567980.99021000,14596
1781049600000,0.41000000,0.41300000,0.39310000,0.39880000,2171163.40000000,1781053199999,868151.49379000,13693
1781053200000,0.39890000,0.40050000,0.38200000,0.38840000,1997753.50000000,1781056799999,777268.51370000,11937
1781056800000,0.38830000,0.41760000,0.38630000,0.40570000,4796392.80000000,1781060399999,1924759.95991000,22365
1781060400000,0.40580000,0.40930000,0.38980000,0.39250000,1654187.80000000,1781063999999,662428.22812000,10475
1781064000000,0.39240000,0.39670000,0.38170000,0.38670000,2115992.40000000,1781067599999,821346.39587000,11428
1781067600000,0.38660000,0.39340000,0.38370000,0.38530000,1720029.00000000,1781071199999,665899.26069000,10699
1781071200000,0.38540000,0.41320000,0.37850000,0.40960000,3946075.80000000,1781074799999,1567044.65841000,18251
1781074800000,0.40950000,0.43800000,0.40870000,0.43150000,4778553.00000000,1781078399999,2028848.40945000,32895
1781078400000,0.43160000,0.43590000,0.41570000,0.43460000,2533706.40000000,1781081999999,1081289.55937000,21237
1781082000000,0.43470000,0.44510000,0.42280000,0.43370000,2488393.90000000,1781085599999,1080398.87355000,22996
1781085600000,0.43360000,0.45760000,0.42730000,0.44800000,4452928.10000000,1781089199999,1967288.37969000,34279
1781089200000,0.44790000,0.44960000,0.41080000,0.41730000,3250781.90000000,1781092799999,1412055.02160000,23167
1781092800000,0.41700000,0.42130000,0.38440000,0.38520000,5383027.00000000,1781096399999,2183680.41990000,35871
1781096400000,0.38520000,0.40890000,0.38430000,0.39940000,3263478.70000000,1781099999999,1290643.28000000,24202
1781100000000,0.39950000,0.41640000,0.39040000,0.40830000,3162672.90000000,1781103599999,1276568.92093000,21549
1781103600000,0.40840000,0.41110000,0.38700000,0.39110000,1956251.20000000,1781107199999,775534.86567000,15904
1781107200000,0.39120000,0.40160000,0.38880000,0.39510000,1718265.60000000,1781110799999,680813.51161000,11816
1781110800000,0.39500000,0.39750000,0.39140000,0.39330000,1414085.90000000,1781114399999,557745.79232000,7527
1781114400000,0.39310000,0.39640000,0.38250000,0.38820000,1404788.10000000,1781117999999,547062.76476000,8177
1781118000000,0.38820000,0.39460000,0.38230000,0.38350000,927424.30000000,1781121599999,359414.45102000,7241
1781121600000,0.38350000,0.38760000,0.36980000,0.38510000,2948035.50000000,1781125199999,1115767.35114000,18317
1781125200000,0.38500000,0.38910000,0.37820000,0.38460000,809851.20000000,1781128799999,311208.31577000,5143
1781128800000,0.38480000,0.39510000,0.38000000,0.39300000,1033029.60000000,1781132399999,400288.27507000,9967
1781132400000,0.39320000,0.39700000,0.37010000,0.37250000,1891734.60000000,1781135999999,727625.98282000,12103
1781136000000,0.37270000,0.38930000,0.37270000,0.38790000,1551168.00000000,1781139599999,591943.32258000,12220
1781139600000,0.38800000,0.39090000,0.37450000,0.37690000,1640554.80000000,1781143199999,627160.01085000,8855
1781143200000,0.37700000,0.37970000,0.37210000,0.37340000,941478.50000000,1781146799999,352803.36556000,6180
1781146800000,0.37340000,0.38100000,0.37250000,0.37920000,662057.50000000,1781150399999,249438.37568000,5408
1781150400000,0.37900000,0.38410000,0.37840000,0.38140000,744391.20000000,1781153999999,283797.97521000,5481
1781154000000,0.38130000,0.38260000,0.37310000,0.37800000,791326.50000000,1781157599999,297695.13872000,5491
1781157600000,0.37810000,0.38190000,0.37080000,0.37210000,734070.00000000,1781161199999,276254.33845000,5186
1781161200000,0.37220000,0.43580000,0.36600000,0.39670000,12066114.60000000,1781164799999,4852516.15501000,70420
1781164800000,0.39680000,0.41070000,0.38870000,0.39060000,2005479.70000000,1781168399999,799657.00883000,14344
1781168400000,0.39070000,0.39640000,0.37930000,0.39110000,2105965.50000000,1781171999999,817438.84868000,14830
1781172000000,0.39120000,0.39580000,0.38710000,0.38890000,882804.00000000,1781175599999,344706.77690000,6627
1781175600000,0.38870000,0.39120000,0.38260000,0.38730000,837496.00000000,1781179199999,323838.79275000,5855
1781179200000,0.38730000,0.38790000,0.37680000,0.37830000,1184594.50000000,1781182799999,451128.91514000,6633
1781182800000,0.37820000,0.38320000,0.37380000,0.37860000,1208491.70000000,1781186399999,457442.69615000,8605
1781186400000,0.37850000,0.38470000,0.37550000,0.38150000,742359.80000000,1781189999999,280887.69884000,5564
1781190000000,0.38150000,0.39470000,0.38050000,0.38560000,1893393.60000000,1781193599999,732208.62616000,10676
1781193600000,0.38590000,0.41110000,0.38560000,0.38730000,2994558.50000000,1781197199999,1190721.88220000,19776
1781197200000,0.38730000,0.39100000,0.38060000,0.38230000,1284021.70000000,1781200799999,494383.33404000,8589
1781200800000,0.38230000,0.39060000,0.37910000,0.38970000,1071515.80000000,1781204399999,411550.94744000,6934
1781204400000,0.38990000,0.40180000,0.38980000,0.39480000,1103199.10000000,1781207999999,437345.37059000,9474
1781208000000,0.39480000,0.40380000,0.39330000,0.39470000,1049426.30000000,1781211599999,418655.06599000,8355
1781211600000,0.39460000,0.40270000,0.39290000,0.40090000,698732.20000000,1781215199999,278303.61182000,5223
1781215200000,0.40100000,0.41100000,0.39420000,0.39450000,2434606.30000000,1781218799999,981337.83635000,14680
1781218800000,0.39460000,0.40340000,0.38950000,0.39850000,1344153.20000000,1781222399999,532566.74400000,8860
1781222400000,0.39870000,0.41000000,0.39680000,0.40620000,1802594.00000000,1781225999999,727113.19964000,10098
1781226000000,0.40620000,0.41110000,0.39910000,0.40120000,2130864.40000000,1781229599999,863498.81194000,11252
1781229600000,0.40130000,0.40190000,0.38120000,0.39450000,2806799.80000000,1781233199999,1101471.37568000,15135
1781233200000,0.39460000,0.39540000,0.38890000,0.39170000,552290.20000000,1781236799999,216517.60789000,4522
1781236800000,0.39170000,0.39290000,0.38920000,0.39070000,671773.10000000,1781240399999,262735.24847000,4094
1781240400000,0.39060000,0.40650000,0.38950000,0.40470000,1094108.60000000,1781243999999,433456.95557000,7531
1781244000000,0.40480000,0.41000000,0.38990000,0.39340000,1837393.10000000,1781247599999,738696.55318000,11088
1781247600000,0.39340000,0.39610000,0.38770000,0.38860000,840838.90000000,1781251199999,329129.19482000,5044
1781251200000,0.38870000,0.39130000,0.38160000,0.38360000,751673.60000000,1781254799999,290784.37513000,4344
1781254800000,0.38360000,0.38800000,0.37630000,0.37990000,2946489.60000000,1781258399999,1125630.60997000,12291
1781258400000,0.38000000,0.38510000,0.37270000,0.37610000,2750748.80000000,1781261999999,1039837.65782000,17664
1781262000000,0.37630000,0.38180000,0.37440000,0.38080000,884570.70000000,1781265599999,333916.22541000,7429
1781265600000,0.38070000,0.38620000,0.37420000,0.38290000,2127551.80000000,1781269199999,807948.07392000,11577
1781269200000,0.38300000,0.39650000,0.38290000,0.39600000,1824300.90000000,1781272799999,711846.94860000,11451
1781272800000,0.39610000,0.42810000,0.39570000,0.42020000,5620258.90000000,1781276399999,2311108.95840000,33660
1781276400000,0.42040000,0.46080000,0.39910000,0.45960000,9915304.30000000,1781279999999,4290041.81052000,66023
1781280000000,0.45940000,0.47460000,0.40210000,0.42940000,13681241.10000000,1781283599999,5914460.11883000,88782
1781283600000,0.42930000,0.44090000,0.41800000,0.42100000,5000032.10000000,1781287199999,2157958.93727000,35945
1781287200000,0.42110000,0.44000000,0.41360000,0.42980000,3020118.20000000,1781290799999,1294169.53370000,24683
1781290800000,0.42970000,0.43730000,0.42020000,0.43050000,1729826.40000000,1781294399999,741482.86270000,18641
1781294400000,0.43060000,0.43510000,0.42390000,0.42560000,1380597.70000000,1781297999999,593067.08205000,12261
1781298000000,0.42570000,0.44610000,0.42190000,0.42860000,1253055.70000000,1781301599999,542807.39133000,8124
1781301600000,0.42870000,0.43650000,0.41470000,0.42670000,1830193.10000000,1781305199999,780412.43392000,16355
1781305200000,0.42670000,0.43080000,0.39170000,0.39740000,3702598.70000000,1781308799999,1509164.61326000,27368
1781308800000,0.39740000,0.40090000,0.38910000,0.39390000,1912507.70000000,1781312399999,754728.75966000,15100
1781312400000,0.39380000,0.39470000,0.38920000,0.39360000,779748.00000000,1781315999999,305395.96265000,6172
1781316000000,0.39360000,0.39700000,0.38990000,0.39060000,881951.90000000,1781319599999,346152.15851000,4518
1781319600000,0.39050000,0.39610000,0.39000000,0.39080000,759975.10000000,1781323199999,299015.43722000,4000
1781323200000,0.39070000,0.39810000,0.39020000,0.39610000,1084361.50000000,1781326799999,427907.50692000,6701
1781326800000,0.39620000,0.40170000,0.39070000,0.39860000,803707.60000000,1781330399999,319024.91637000,6833
1781330400000,0.39850000,0.40090000,0.39220000,0.39520000,721679.40000000,1781333999999,286293.02921000,5154
1781334000000,0.39510000,0.39710000,0.39180000,0.39320000,614526.30000000,1781337599999,241898.15668000,3152
1781337600000,0.39320000,0.39630000,0.39170000,0.39270000,452761.80000000,1781341199999,178035.01911000,3562
1781341200000,0.39270000,0.39460000,0.39150000,0.39340000,247122.80000000,1781344799999,97012.60950000,1677
1781344800000,0.39350000,0.39930000,0.39180000,0.39260000,1062270.60000000,1781348399999,419820.67617000,5055
1781348400000,0.39260000,0.39300000,0.38230000,0.38630000,1498481.20000000,1781351999999,578324.71913000,7595
1781352000000,0.38610000,0.38860000,0.38490000,0.38620000,630306.10000000,1781355599999,243868.68545000,3818
1781355600000,0.38630000,0.39210000,0.38060000,0.38260000,1874211.10000000,1781359199999,723016.86678000,9970
1781359200000,0.38270000,0.38640000,0.37750000,0.38230000,1570399.90000000,1781362799999,599609.41095000,8459
1781362800000,0.38240000,0.38420000,0.37860000,0.38050000,735473.80000000,1781366399999,280114.89919000,4515
1781366400000,0.38050000,0.38140000,0.36620000,0.37000000,2433448.30000000,1781369999999,905212.51449000,11791
1781370000000,0.37000000,0.37520000,0.34190000,0.36740000,5599592.00000000,1781373599999,2009113.35605000,39789
1781373600000,0.36740000,0.39020000,0.36520000,0.38750000,1659179.80000000,1781377199999,621881.02127000,12268
1781377200000,0.38750000,0.38950000,0.37280000,0.37680000,1396499.80000000,1781380799999,530591.48023000,12815
1781380800000,0.37690000,0.37720000,0.36810000,0.37000000,1068197.70000000,1781384399999,397458.94586000,6506
1781384400000,0.37000000,0.37070000,0.36210000,0.36380000,442677.30000000,1781387999999,161942.83379000,2858
1781388000000,0.36380000,0.37120000,0.36180000,0.37080000,449800.60000000,1781391599999,165218.58137000,3888
1781391600000,0.37090000,0.37120000,0.36610000,0.36670000,315736.60000000,1781395199999,116645.98838000,3031
1781395200000,0.36680000,0.37690000,0.36570000,0.37290000,616449.90000000,1781398799999,229185.88604000,4301
1781398800000,0.37320000,0.38010000,0.37230000,0.37400000,526514.90000000,1781402399999,198130.95365000,4700
1781402400000,0.37390000,0.38560000,0.36770000,0.37690000,2234752.30000000,1781405999999,843623.97541000,11316
1781406000000,0.37710000,0.38090000,0.36760000,0.37130000,1436315.00000000,1781409599999,536781.18499000,7269
1781409600000,0.37120000,0.37160000,0.36690000,0.36850000,417310.20000000,1781413199999,153949.91369000,2824
1781413200000,0.36860000,0.37540000,0.36300000,0.36590000,1329450.60000000,1781416799999,489391.47628000,6984
1781416800000,0.36590000,0.36610000,0.35580000,0.35740000,732785.40000000,1781420399999,263398.43035000,4488
1781420400000,0.35740000,0.35850000,0.35240000,0.35760000,892795.90000000,1781423999999,317055.03398000,5510
1781424000000,0.35760000,0.36870000,0.35650000,0.36390000,862884.90000000,1781427599999,312494.21854000,6569
1781427600000,0.36380000,0.37140000,0.36300000,0.36840000,671408.40000000,1781431199999,246437.63271000,5129
1781431200000,0.36850000,0.38400000,0.36790000,0.38100000,2591737.50000000,1781434799999,979677.06120000,18497
1781434800000,0.38110000,0.38910000,0.37350000,0.38300000,1818695.40000000,1781438399999,697029.92082000,12844
1781438400000,0.38310000,0.39700000,0.37750000,0.38590000,2319775.40000000,1781441999999,900997.58766000,20204
1781442000000,0.38580000,0.38750000,0.37440000,0.38630000,1687838.70000000,1781445599999,639431.57658000,16884
1781445600000,0.38640000,0.38890000,0.37340000,0.37860000,2013871.60000000,1781449199999,765048.36586000,16644
1781449200000,0.37860000,0.37860000,0.36690000,0.36900000,861614.60000000,1781452799999,319692.39183000,8245
1781452800000,0.36920000,0.37050000,0.36520000,0.36720000,632140.80000000,1781456399999,232463.92289000,5178
1781456400000,0.36720000,0.37850000,0.36640000,0.37190000,1478373.80000000,1781459999999,551212.19795000,8390
1781460000000,0.37210000,0.37360000,0.36410000,0.37360000,675259.60000000,1781463599999,248904.94867000,5098
1781463600000,0.37360000,0.38510000,0.36990000,0.37130000,1993931.90000000,1781467199999,754794.70437000,11238
1781467200000,0.37140000,0.37730000,0.36850000,0.37440000,828473.30000000,1781470799999,308568.54040000,4446
1781470800000,0.37450000,0.37490000,0.36750000,0.36920000,827840.10000000,1781474399999,307342.47843000,5116
1781474400000,0.36920000,0.36980000,0.36500000,0.36600000,1050989.10000000,1781477999999,385731.77888000,5007
1781478000000,0.36600000,0.36880000,0.36560000,0.36640000,327205.10000000,1781481599999,120101.28814000,2382
1781481600000,0.36650000,0.36950000,0.36500000,0.36630000,531514.20000000,1781485199999,194970.83385000,3153
1781485200000,0.36610000,0.37310000,0.36550000,0.37020000,830921.00000000,1781488799999,307038.18285000,3918
1781488800000,0.37020000,0.37080000,0.35410000,0.35930000,2422217.60000000,1781492399999,878922.21593000,13649
1781492400000,0.35930000,0.35980000,0.35390000,0.35390000,849691.70000000,1781495999999,302927.18141000,4828
1781496000000,0.35390000,0.35920000,0.33980000,0.34180000,2994313.10000000,1781499599999,1044831.33143000,17757
1781499600000,0.34180000,0.34180000,0.33020000,0.33230000,1982877.60000000,1781503199999,661921.74239000,14338
1781503200000,0.33230000,0.33570000,0.31850000,0.32860000,3444604.10000000,1781506799999,1129927.99221000,17180
1781506800000,0.32870000,0.34070000,0.32450000,0.33470000,2112681.20000000,1781510399999,705157.62581000,14791
1781510400000,0.33480000,0.34020000,0.32460000,0.32560000,983126.00000000,1781513999999,325327.43798000,7236
1781514000000,0.32570000,0.33980000,0.32560000,0.33690000,949494.60000000,1781517599999,315353.16246000,5549
1781517600000,0.33680000,0.36000000,0.33490000,0.35230000,4763175.50000000,1781521199999,1662867.37816000,28971
1781521200000,0.35230000,0.37090000,0.34650000,0.36460000,4437755.80000000,1781524799999,1607897.52367000,27028
1781524800000,0.36470000,0.39300000,0.36470000,0.37580000,5647405.90000000,1781528399999,2140927.36362000,36327
1781528400000,0.37570000,0.38830000,0.37360000,0.38320000,3259073.50000000,1781531999999,1243661.22449000,24145
1781532000000,0.38330000,0.39080000,0.37530000,0.37730000,3809750.90000000,1781535599999,1461667.31793000,27293
1781535600000,0.37730000,0.38320000,0.35710000,0.36030000,3782934.90000000,1781539199999,1403474.64060000,24496
1781539200000,0.36020000,0.36300000,0.34910000,0.34970000,1686442.30000000,1781542799999,599160.09775000,12235
1781542800000,0.34960000,0.35500000,0.34370000,0.35350000,1341051.50000000,1781546399999,469485.35115000,10187
1781546400000,0.35340000,0.35420000,0.34630000,0.34810000,384068.50000000,1781549999999,134115.80326000,3500
1781550000000,0.34810000,0.36620000,0.34720000,0.35790000,1030597.60000000,1781553599999,369261.76004000,8073
1781553600000,0.35780000,0.36100000,0.35340000,0.35660000,665317.60000000,1781557199999,237713.44716000,7156
1781557200000,0.35660000,0.36030000,0.35320000,0.35740000,435040.10000000,1781560799999,155315.35801000,2617
1781560800000,0.35740000,0.36540000,0.35110000,0.35780000,994302.40000000,1781564399999,358272.82110000,8541
1781564400000,0.35790000,0.36540000,0.35750000,0.36450000,556847.40000000,1781567999999,201315.20196000,5391
1781568000000,0.36460000,0.37760000,0.36360000,0.37530000,1235316.90000000,1781571599999,459756.54676000,9958
1781571600000,0.37540000,0.38710000,0.37060000,0.37260000,1795018.10000000,1781575199999,681391.01759000,15235
1781575200000,0.37250000,0.38290000,0.36920000,0.38200000,1637851.10000000,1781578799999,616856.68480000,11880
1781578800000,0.38190000,0.38350000,0.36690000,0.37000000,1399435.30000000,1781582399999,522582.96357000,8531
1781582400000,0.37020000,0.38250000,0.36450000,0.38000000,1999802.80000000,1781585999999,749456.14361000,11327
1781586000000,0.38010000,0.39770000,0.37590000,0.38430000,4971282.50000000,1781589599999,1922451.13987000,32010
1781589600000,0.38400000,0.39560000,0.37780000,0.38840000,3912583.20000000,1781593199999,1517517.75742000,28686
1781593200000,0.38840000,0.38880000,0.38010000,0.38260000,1867276.80000000,1781596799999,717354.36205000,13548
1781596800000,0.38240000,0.38680000,0.37830000,0.38460000,1079957.50000000,1781600399999,413221.05148000,7601
1781600400000,0.38470000,0.40420000,0.38110000,0.39870000,2756388.20000000,1781603999999,1087948.39076000,15266
1781604000000,0.39870000,0.40870000,0.38790000,0.38990000,5273039.30000000,1781607599999,2098909.70451000,30862
1781607600000,0.39010000,0.39460000,0.38440000,0.39100000,1807948.60000000,1781611199999,704525.82828000,17710
1781611200000,0.39130000,0.40290000,0.39090000,0.39900000,1369291.80000000,1781614799999,544784.93999000,11451
1781614800000,0.39910000,0.40500000,0.38940000,0.39750000,3764790.30000000,1781618399999,1504162.28478000,29458
1781618400000,0.39770000,0.40300000,0.39400000,0.39540000,1748881.40000000,1781621999999,697735.65506000,14782
1781622000000,0.39530000,0.40140000,0.37540000,0.38240000,2509379.60000000,1781625599999,975627.55690000,18998
1781625600000,0.38230000,0.38770000,0.37810000,0.37980000,1168939.00000000,1781629199999,448569.07854000,10598
1781629200000,0.38010000,0.38200000,0.37060000,0.37230000,1786145.50000000,1781632799999,674269.23555000,9327
1781632800000,0.37220000,0.37450000,0.36780000,0.37090000,520575.40000000,1781636399999,193110.39277000,3773
1781636400000,0.37100000,0.37270000,0.36850000,0.36990000,383583.80000000,1781639999999,142183.52820000,2515
1781640000000,0.36990000,0.37540000,0.36870000,0.37100000,325887.70000000,1781643599999,121018.24761000,2603
1781643600000,0.37100000,0.37500000,0.36960000,0.37280000,575579.60000000,1781647199999,214292.37359000,1918
1781647200000,0.37280000,0.37430000,0.36800000,0.36920000,256121.30000000,1781650799999,95151.38216000,1948
1781650800000,0.36910000,0.36930000,0.35900000,0.36080000,1204231.60000000,1781654399999,439489.92148000,6043
1781654400000,0.36080000,0.36470000,0.36070000,0.36210000,832751.10000000,1781657999999,301583.83554000,5225
1781658000000,0.36200000,0.36550000,0.35930000,0.36160000,787188.10000000,1781661599999,284950.39044000,4493
1781661600000,0.36150000,0.36690000,0.35850000,0.36490000,696354.90000000,1781665199999,252392.95163000,4420
1781665200000,0.36480000,0.36550000,0.36090000,0.36180000,313128.60000000,1781668799999,113632.36336000,2372
1781668800000,0.36170000,0.36530000,0.36130000,0.36380000,196654.40000000,1781672399999,71449.91442000,1866
1781672400000,0.36400000,0.36420000,0.35710000,0.35970000,561018.60000000,1781675999999,201632.86676000,2312
1781676000000,0.35960000,0.36700000,0.35510000,0.35540000,1695748.00000000,1781679599999,612527.16597000,10634
1781679600000,0.35550000,0.35780000,0.35450000,0.35570000,353550.60000000,1781683199999,126007.90805000,2649
1781683200000,0.35570000,0.35770000,0.35180000,0.35360000,422389.60000000,1781686799999,150040.69380000,2347
1781686800000,0.35350000,0.35730000,0.35110000,0.35150000,390094.20000000,1781690399999,138120.72143000,2849
1781690400000,0.35160000,0.36690000,0.34970000,0.36300000,1741417.20000000,1781693999999,627716.51731000,8632
1781694000000,0.36320000,0.38110000,0.36030000,0.37370000,2141447.60000000,1781697599999,798049.36971000,12691
1781697600000,0.37360000,0.37880000,0.36900000,0.37220000,1132665.00000000,1781701199999,422662.31377000,9194
1781701200000,0.37210000,0.37350000,0.36630000,0.36730000,1003762.40000000,1781704799999,370571.61998000,7037
1781704800000,0.36720000,0.37500000,0.35720000,0.35970000,1138453.00000000,1781708399999,416419.82473000,7372
1781708400000,0.35970000,0.36040000,0.35420000,0.35850000,824117.10000000,1781711999999,294146.47605000,4766
1781712000000,0.35860000,0.36710000,0.35860000,0.36080000,772911.00000000,1781715599999,280571.89747000,4241
1781715600000,0.36090000,0.36990000,0.35910000,0.36370000,439563.60000000,1781719199999,160517.16039000,3228
1781719200000,0.36370000,0.36830000,0.35990000,0.36280000,752156.70000000,1781722799999,273847.27578000,5784
1781722800000,0.36270000,0.36780000,0.35670000,0.35780000,1449029.40000000,1781726399999,524436.34793000,7574
1781726400000,0.35780000,0.36510000,0.35570000,0.36320000,819553.90000000,1781729999999,295855.94040000,5056
1781730000000,0.36320000,0.37790000,0.36320000,0.37470000,1076753.10000000,1781733599999,401233.43662000,6110
1781733600000,0.37480000,0.37660000,0.36480000,0.37140000,704976.30000000,1781737199999,261565.22129000,5452
1781737200000,0.37140000,0.37450000,0.36610000,0.36810000,406451.50000000,1781740799999,150197.62872000,3464
1781740800000,0.36810000,0.37600000,0.36780000,0.37580000,590401.40000000,1781744399999,219585.04905000,4093
1781744400000,0.37580000,0.37670000,0.37130000,0.37560000,427768.80000000,1781747999999,159812.06108000,2474
1781748000000,0.37560000,0.37560000,0.36890000,0.37260000,358617.60000000,1781751599999,133247.91202000,2367
1781751600000,0.37260000,0.37540000,0.36940000,0.36980000,672524.40000000,1781755199999,250260.74518000,2699
1781755200000,0.36980000,0.37380000,0.36290000,0.36340000,1203602.30000000,1781758799999,443946.35963000,5474
1781758800000,0.36350000,0.36410000,0.34800000,0.35470000,3148714.00000000,1781762399999,1115573.48179000,13661
1781762400000,0.35470000,0.36750000,0.35000000,0.36290000,3133817.70000000,1781765999999,1129139.88580000,21740
1781766000000,0.36290000,0.38910000,0.36160000,0.38380000,2435517.50000000,1781769599999,924977.88228000,17351
1781769600000,0.38390000,0.39400000,0.37520000,0.37750000,1991316.80000000,1781773199999,766201.63785000,15438
1781773200000,0.37760000,0.39020000,0.37330000,0.38520000,1079375.50000000,1781776799999,414042.54559000,11241
1781776800000,0.38520000,0.39610000,0.38230000,0.39130000,1160028.00000000,1781780399999,451742.99031000,11742
1781780400000,0.39120000,0.40410000,0.39080000,0.39470000,1735613.70000000,1781783999999,688673.87313000,14424
1781784000000,0.39460000,0.39760000,0.38690000,0.38960000,1299710.40000000,1781787599999,509448.90711000,10208
1781787600000,0.38960000,0.39390000,0.38530000,0.39180000,1443018.30000000,1781791199999,563752.75478000,11119
1781791200000,0.39190000,0.39780000,0.38250000,0.38320000,1665647.00000000,1781794799999,649760.42210000,9253
1781794800000,0.38330000,0.38870000,0.38010000,0.38320000,1156987.60000000,1781798399999,444209.57000000,8194
1781798400000,0.38310000,0.38890000,0.38030000,0.38570000,1082818.50000000,1781801999999,416513.41113000,6610
1781802000000,0.38580000,0.39120000,0.38340000,0.38690000,654250.80000000,1781805599999,253193.50135000,4959
1781805600000,0.38700000,0.38830000,0.38400000,0.38540000,343581.10000000,1781809199999,132510.93305000,2693
1781809200000,0.38550000,0.38830000,0.38420000,0.38670000,371554.80000000,1781812799999,143420.60527000,2881
1781812800000,0.38680000,0.39590000,0.38680000,0.38980000,1985661.60000000,1781816399999,777553.50068000,7748
1781816400000,0.38990000,0.39040000,0.38630000,0.38910000,218623.20000000,1781819999999,84763.28974000,1108
1781820000000,0.38930000,0.39060000,0.38420000,0.38430000,249621.30000000,1781823599999,96701.56703000,1937
1781823600000,0.38440000,0.38920000,0.38430000,0.38690000,301227.90000000,1781827199999,116487.98900000,2163
1781827200000,0.38690000,0.39170000,0.38500000,0.39030000,464670.40000000,1781830799999,180460.59371000,3147
1781830800000,0.39040000,0.39100000,0.38460000,0.38760000,347236.40000000,1781834399999,134473.17784000,1924
1781834400000,0.38770000,0.39240000,0.38770000,0.38930000,408814.70000000,1781837999999,159701.23033000,3195
1781838000000,0.38920000,0.39310000,0.38850000,0.39020000,517522.70000000,1781841599999,202388.79772000,3303
1781841600000,0.39030000,0.39350000,0.38220000,0.38360000,881464.40000000,1781845199999,342708.89273000,3916
1781845200000,0.38380000,0.41340000,0.37730000,0.39570000,4041879.30000000,1781848799999,1594177.62889000,23344
1781848800000,0.39570000,0.40020000,0.38660000,0.38910000,1621726.70000000,1781852399999,638688.38879000,15735
1781852400000,0.38900000,0.39110000,0.38460000,0.38930000,628493.90000000,1781855999999,243733.41023000,4785
1781856000000,0.38930000,0.39070000,0.38330000,0.38550000,505997.30000000,1781859599999,195456.66323000,4061
1781859600000,0.38570000,0.38850000,0.37990000,0.38810000,945743.80000000,1781863199999,363679.08358000,5585
1781863200000,0.38810000,0.38890000,0.38000000,0.38150000,523513.60000000,1781866799999,201425.99690000,3959
1781866800000,0.38150000,0.38200000,0.36940000,0.37250000,1519805.10000000,1781870399999,568714.85839000,8227
1781870400000,0.37270000,0.37650000,0.36650000,0.37590000,772609.10000000,1781873999999,286572.17926000,4472
1781874000000,0.37580000,0.38970000,0.37520000,0.38680000,1219560.40000000,1781877599999,468506.25806000,7067
1781877600000,0.38680000,0.39430000,0.38580000,0.39390000,879537.90000000,1781881199999,343698.87894000,4931
1781881200000,0.39390000,0.39700000,0.39050000,0.39500000,593977.40000000,1781884799999,234016.72972000,3172
1781884800000,0.39510000,0.39800000,0.39170000,0.39540000,568660.10000000,1781888399999,224611.52211000,3185
1781888400000,0.39540000,0.39570000,0.38780000,0.39120000,860626.00000000,1781891999999,336497.06662000,3323
1781892000000,0.39110000,0.39250000,0.38800000,0.38950000,170907.90000000,1781895599999,66850.33619000,1349
1781895600000,0.38940000,0.39240000,0.38780000,0.39080000,259398.40000000,1781899199999,101282.33665000,1903
1781899200000,0.39080000,0.39390000,0.39030000,0.39180000,304326.50000000,1781902799999,119251.76218000,1862
1781902800000,0.39170000,0.39240000,0.39080000,0.39150000,154766.60000000,1781906399999,60607.52835000,583
1781906400000,0.39150000,0.39310000,0.38960000,0.39070000,493738.20000000,1781909999999,193246.39555000,1570
1781910000000,0.39070000,0.39230000,0.39000000,0.39160000,360547.90000000,1781913599999,140958.67838000,1490
1781913600000,0.39150000,0.39290000,0.38820000,0.38960000,373221.30000000,1781917199999,145778.77786000,1567
1781917200000,0.38960000,0.39030000,0.38820000,0.38920000,216412.10000000,1781920799999,84248.14186000,1147
1781920800000,0.38920000,0.39160000,0.38670000,0.38670000,267103.30000000,1781924399999,104121.27525000,1218
1781924400000,0.38670000,0.38680000,0.38090000,0.38230000,606860.00000000,1781927999999,232560.45531000,2409
1781928000000,0.38240000,0.38880000,0.38100000,0.38190000,1291269.30000000,1781931599999,496721.86487000,3460
1781931600000,0.38190000,0.38550000,0.38110000,0.38440000,423863.00000000,1781935199999,162380.37668000,1088
1781935200000,0.38420000,0.38450000,0.38110000,0.38180000,352728.20000000,1781938799999,134884.75116000,1121
1781938800000,0.38180000,0.38200000,0.37620000,0.37630000,446178.60000000,1781942399999,169043.98284000,1573
1781942400000,0.37630000,0.37700000,0.37320000,0.37430000,258740.70000000,1781945999999,96966.07952000,1310
1781946000000,0.37440000,0.37460000,0.37000000,0.37160000,324155.70000000,1781949599999,120569.57601000,1605
1781949600000,0.37180000,0.38580000,0.36980000,0.37900000,703448.90000000,1781953199999,265743.07013000,4267
1781953200000,0.37890000,0.38990000,0.37500000,0.38880000,1153564.40000000,1781956799999,443520.22183000,7218
1781956800000,0.38890000,0.43050000,0.38740000,0.40460000,8094837.90000000,1781960399999,3319449.58141000,45696
1781960400000,0.40450000,0.40900000,0.39070000,0.39870000,3397180.20000000,1781963999999,1357962.51828000,16247
1781964000000,0.39880000,0.40900000,0.39790000,0.40140000,2288132.40000000,1781967599999,922108.13732000,7865
1781967600000,0.40150000,0.40520000,0.39860000,0.40410000,792128.30000000,1781971199999,318048.92659000,3051
1781971200000,0.40400000,0.40500000,0.39920000,0.40000000,543496.20000000,1781974799999,218638.54585000,2338
1781974800000,0.40010000,0.40340000,0.39950000,0.40040000,641292.80000000,1781978399999,256961.81268000,2037
1781978400000,0.40060000,0.40160000,0.39980000,0.39990000,338619.20000000,1781981999999,135582.43106000,988
1781982000000,0.39990000,0.40160000,0.39740000,0.39770000,230162.50000000,1781985599999,91970.23918000,998
1781985600000,0.39760000,0.40050000,0.39760000,0.39950000,180515.00000000,1781989199999,72093.25653000,859
1781989200000,0.39940000,0.40000000,0.39770000,0.39770000,118179.20000000,1781992799999,47114.50877000,331
1781992800000,0.39760000,0.39760000,0.39310000,0.39440000,406182.00000000,1781996399999,160626.59441000,1820
1781996400000,0.39450000,0.39520000,0.39330000,0.39480000,146815.20000000,1781999999999,57836.64287000,1027
1782000000000,0.39470000,0.39580000,0.39040000,0.39090000,225172.60000000,1782003599999,88487.62264000,954
1782003600000,0.39080000,0.39080000,0.38930000,0.39040000,286918.00000000,1782007199999,111936.95735000,986
1782007200000,0.39040000,0.39040000,0.38560000,0.38700000,439835.30000000,1782010799999,170159.60175000,1891
1782010800000,0.38700000,0.38780000,0.38580000,0.38710000,333261.10000000,1782014399999,128882.95816000,865
1782014400000,0.38710000,0.38820000,0.38680000,0.38760000,155916.80000000,1782017999999,60434.81880000,605
1782018000000,0.38750000,0.38800000,0.38660000,0.38670000,171841.60000000,1782021599999,66553.99139000,520
1782021600000,0.38670000,0.39960000,0.38430000,0.39700000,1089228.10000000,1782025199999,427942.29779000,3675
1782025200000,0.39690000,0.40450000,0.39520000,0.39920000,1770760.60000000,1782028799999,707143.65326000,5990
1782028800000,0.39930000,0.40050000,0.39690000,0.39840000,476014.80000000,1782032399999,189900.88406000,1874
1782032400000,0.39840000,0.39840000,0.39020000,0.39180000,334274.50000000,1782035999999,131698.68377000,1602
1782036000000,0.39160000,0.39330000,0.38410000,0.39180000,423080.80000000,1782039599999,164407.66016000,2411
1782039600000,0.39160000,0.42340000,0.39130000,0.41280000,4411070.10000000,1782043199999,1797606.67988000,20427
1782043200000,0.41270000,0.41480000,0.39070000,0.39380000,2501357.70000000,1782046799999,1008512.53481000,14681
1782046800000,0.39360000,0.40020000,0.38840000,0.39620000,624257.10000000,1782050399999,247099.30439000,5279
1782050400000,0.39610000,0.39840000,0.39000000,0.39410000,638353.40000000,1782053999999,251976.30665000,4565
1782054000000,0.39410000,0.39610000,0.38730000,0.39110000,805921.60000000,1782057599999,315788.55759000,3743
1782057600000,0.39120000,0.40250000,0.38500000,0.38770000,1274852.20000000,1782061199999,501018.19272000,6091
1782061200000,0.38760000,0.38770000,0.37830000,0.38160000,1066457.20000000,1782064799999,408429.88077000,4967
1782064800000,0.38170000,0.38670000,0.38060000,0.38670000,303022.40000000,1782068399999,116260.76708000,1578
1782068400000,0.38660000,0.38930000,0.38580000,0.38630000,310838.50000000,1782071999999,120432.59328000,1559
1782072000000,0.38630000,0.38760000,0.38510000,0.38670000,111551.00000000,1782075599999,43117.34753000,722
1782075600000,0.38670000,0.38740000,0.38480000,0.38620000,103802.90000000,1782079199999,40076.59143000,567
1782079200000,0.38620000,0.38640000,0.38400000,0.38460000,79351.90000000,1782082799999,30574.35575000,631
1782082800000,0.38450000,0.38460000,0.37940000,0.37950000,229666.00000000,1782086399999,87772.35405000,1055
1782086400000,0.37950000,0.38160000,0.37870000,0.37970000,221567.00000000,1782089999999,84196.95424000,880
1782090000000,0.37980000,0.38610000,0.37830000,0.38540000,334334.60000000,1782093599999,127758.17102000,1871
1782093600000,0.38530000,0.39730000,0.38400000,0.39660000,995603.30000000,1782097199999,391151.27831000,6091
1782097200000,0.39660000,0.39780000,0.39350000,0.39700000,555806.00000000,1782100799999,220042.38446000,3225
1782100800000,0.39710000,0.40200000,0.39170000,0.39490000,678383.10000000,1782104399999,269059.13075000,4391
1782104400000,0.39490000,0.41040000,0.39390000,0.40450000,1348373.20000000,1782107999999,546787.77687000,5881
1782108000000,0.40450000,0.42800000,0.40440000,0.42700000,1276859.90000000,1782111599999,530508.32216000,5959
1782111600000,0.42710000,0.45960000,0.42500000,0.43550000,7300644.80000000,1782115199999,3242291.10706000,51919
1782115200000,0.43570000,0.44020000,0.41660000,0.42960000,3988012.80000000,1782118799999,1707376.86570000,23294
1782118800000,0.42960000,0.44030000,0.42940000,0.43730000,1705208.10000000,1782122399999,744447.89810000,15339
1782122400000,0.43740000,0.44030000,0.41940000,0.42750000,2703568.90000000,1782125999999,1160001.62585000,16482
1782126000000,0.42750000,0.43580000,0.42290000,0.42730000,1323230.00000000,1782129599999,566737.43416000,8565
1782129600000,0.42740000,0.43800000,0.42340000,0.42970000,1341733.10000000,1782133199999,576387.80250000,6660
1782133200000,0.42980000,0.43490000,0.42570000,0.43360000,1041972.60000000,1782136799999,449267.68003000,6979
1782136800000,0.43360000,0.43940000,0.43140000,0.43760000,1206195.70000000,1782140399999,526543.55242000,8508
1782140400000,0.43760000,0.45730000,0.43630000,0.44230000,3962012.20000000,1782143999999,1773361.18985000,22878
1782144000000,0.44230000,0.46860000,0.44200000,0.44820000,4548399.90000000,1782147599999,2069454.50708000,27094
1782147600000,0.44820000,0.44820000,0.42850000,0.43670000,2347473.20000000,1782151199999,1024783.20259000,12662
1782151200000,0.43670000,0.43810000,0.42690000,0.43110000,1337440.00000000,1782154799999,577541.39514000,11297
1782154800000,0.43110000,0.43360000,0.42050000,0.42210000,878291.90000000,1782158399999,373691.45187000,6648
1782158400000,0.42200000,0.43360000,0.41880000,0.42440000,661661.80000000,1782161999999,281129.41533000,5064
1782162000000,0.42430000,0.42970000,0.42410000,0.42680000,442049.30000000,1782165599999,188730.64432000,2878
1782165600000,0.42680000,0.42990000,0.42450000,0.42550000,255794.20000000,1782169199999,109225.25556000,3302
1782169200000,0.42530000,0.42990000,0.42140000,0.42860000,365378.40000000,1782172799999,155291.68820000,3482
1782172800000,0.42840000,0.44030000,0.42580000,0.44010000,793318.00000000,1782176399999,343683.07668000,6822
1782176400000,0.44020000,0.44130000,0.42880000,0.43820000,1951297.70000000,1782179999999,849969.16242000,15621
1782180000000,0.43830000,0.44020000,0.42880000,0.43830000,1480399.60000000,1782183599999,643367.60181000,9368
1782183600000,0.43840000,0.43880000,0.42580000,0.43260000,558893.50000000,1782187199999,241244.72148000,4948
1782187200000,0.43260000,0.43260000,0.40710000,0.40880000,1490174.90000000,1782190799999,619857.34171000,9478
1782190800000,0.40880000,0.41410000,0.39900000,0.40340000,1259786.80000000,1782194399999,510394.78814000,8413
1782194400000,0.40350000,0.40530000,0.39500000,0.39700000,1033728.00000000,1782197999999,412341.94347000,7762
1782198000000,0.39680000,0.40720000,0.39400000,0.39800000,837205.40000000,1782201599999,335488.27623000,5850
1782201600000,0.39810000,0.40230000,0.39480000,0.40190000,505932.80000000,1782205199999,201632.26892000,4039
1782205200000,0.40180000,0.40500000,0.39950000,0.40170000,266825.30000000,1782208799999,107352.39397000,2133
1782208800000,0.40160000,0.40330000,0.38970000,0.39290000,534502.50000000,1782212399999,210635.15701000,2823
1782212400000,0.39280000,0.39460000,0.39000000,0.39370000,314264.80000000,1782215999999,123244.33748000,1978
1782216000000,0.39360000,0.39460000,0.38370000,0.39090000,953901.70000000,1782219599999,370957.78955000,4894
1782219600000,0.39100000,0.40120000,0.38770000,0.39260000,741375.80000000,1782223199999,290637.30913000,4907
1782223200000,0.39270000,0.39560000,0.38680000,0.39410000,1177972.60000000,1782226799999,461447.82702000,6456
1782226800000,0.39420000,0.40110000,0.38960000,0.39300000,795828.80000000,1782230399999,315486.86678000,7472
1782230400000,0.39310000,0.39990000,0.39000000,0.39540000,660463.80000000,1782233999999,261328.45705000,5767
1782234000000,0.39550000,0.40000000,0.39220000,0.39240000,427150.90000000,1782237599999,169328.75379000,3142
1782237600000,0.39240000,0.40360000,0.39000000,0.40340000,467903.30000000,1782241199999,185566.75961000,4612
1782241200000,0.40360000,0.41480000,0.40100000,0.41390000,496738.40000000,1782244799999,201972.54321000,5968
1782244800000,0.41380000,0.41960000,0.41020000,0.41780000,865685.60000000,1782248399999,358582.18263000,6551
1782248400000,0.41800000,0.42660000,0.41100000,0.41660000,960764.20000000,1782251999999,401633.89623000,5689
1782252000000,0.41660000,0.42030000,0.41290000,0.41630000,272764.60000000,1782255599999,113683.81390000,2514
1782255600000,0.41630000,0.42010000,0.41310000,0.41550000,281371.00000000,1782259199999,117230.92332000,2846
1782259200000,0.41540000,0.42610000,0.41530000,0.42290000,601533.60000000,1782262799999,253180.40005000,4855
1782262800000,0.42280000,0.43200000,0.42220000,0.42560000,909251.10000000,1782266399999,388385.43787000,7681
1782266400000,0.42560000,0.43450000,0.42000000,0.43450000,537758.00000000,1782269999999,229074.88308000,4836
1782270000000,0.43410000,0.43660000,0.42690000,0.43470000,638091.20000000,1782273599999,275855.92606000,5428
1782273600000,0.43460000,0.44120000,0.42960000,0.43300000,782263.60000000,1782277199999,339960.62332000,5746
1782277200000,0.43300000,0.43990000,0.40760000,0.41360000,2174458.70000000,1782280799999,921389.36757000,14170
1782280800000,0.41360000,0.41950000,0.40430000,0.41050000,1833740.30000000,1782284399999,754732.04262000,15506
1782284400000,0.41060000,0.41380000,0.40840000,0.41290000,341807.90000000,1782287999999,140418.50839000,3959
1782288000000,0.41300000,0.41390000,0.39260000,0.39410000,858468.70000000,1782291599999,342729.20966000,6442
1782291600000,0.39410000,0.39570000,0.38900000,0.38980000,570573.60000000,1782295199999,223655.86159000,3388
1782295200000,0.38980000,0.40320000,0.38810000,0.39620000,914648.50000000,1782298799999,362013.56470000,6634
1782298800000,0.39620000,0.39730000,0.38920000,0.39290000,573366.00000000,1782302399999,224930.08051000,4729
1782302400000,0.39280000,0.39700000,0.38910000,0.39540000,486706.50000000,1782305999999,191277.68208000,3486
1782306000000,0.39530000,0.40270000,0.38900000,0.40150000,1041757.50000000,1782309599999,413118.74715000,7824
1782309600000,0.40120000,0.40920000,0.39870000,0.40390000,1159299.30000000,1782313199999,467392.99101000,8900
1782313200000,0.40390000,0.40670000,0.39960000,0.40030000,403610.50000000,1782316799999,162559.63857000,3029
1782316800000,0.40040000,0.40860000,0.39860000,0.40450000,569430.90000000,1782320399999,229787.55519000,5287
1782320400000,0.40460000,0.40720000,0.40000000,0.40230000,488787.30000000,1782323999999,197128.04545000,4223
1782324000000,0.40230000,0.41870000,0.40180000,0.41600000,903949.30000000,1782327599999,371980.45052000,7654
1782327600000,0.41600000,0.41880000,0.41050000,0.41280000,515351.80000000,1782331199999,213842.03508000,5121
1782331200000,0.41280000,0.41740000,0.40990000,0.41700000,422985.90000000,1782334799999,175129.25965000,3886
1782334800000,0.41710000,0.41910000,0.40950000,0.41090000,289189.40000000,1782338399999,119262.91282000,2291
1782338400000,0.41080000,0.41080000,0.40380000,0.40440000,279377.20000000,1782341999999,113612.03987000,2860
1782342000000,0.40450000,0.40580000,0.39620000,0.39840000,515213.40000000,1782345599999,206617.37785000,3379
1782345600000,0.39840000,0.40110000,0.39170000,0.39190000,265469.80000000,1782349199999,105448.56163000,3063
1782349200000,0.39200000,0.40000000,0.38870000,0.39140000,538199.30000000,1782352799999,211145.06912000,6255
1782352800000,0.39140000,0.39770000,0.39090000,0.39410000,432069.30000000,1782356399999,170161.39773000,3729
1782356400000,0.39400000,0.40140000,0.39040000,0.39440000,403285.50000000,1782359999999,159015.46055000,2715
1782360000000,0.39440000,0.39510000,0.39110000,0.39340000,104005.90000000,1782363599999,40874.15582000,1087
1782363600000,0.39320000,0.39660000,0.39240000,0.39550000,227206.80000000,1782367199999,89710.91591000,1199
1782367200000,0.39560000,0.39620000,0.37930000,0.39080000,1041159.30000000,1782370799999,402177.69390000,8003
1782370800000,0.39060000,0.41410000,0.38740000,0.40720000,1816761.30000000,1782374399999,733044.64468000,15419
1782374400000,0.40720000,0.41150000,0.40050000,0.40280000,524533.20000000,1782377999999,211859.39925000,4561
1782378000000,0.40290000,0.40450000,0.40040000,0.40230000,242100.40000000,1782381599999,97477.80630000,1704
1782381600000,0.40220000,0.40450000,0.39840000,0.40250000,327193.40000000,1782385199999,131266.98760000,1430
1782385200000,0.40250000,0.42020000,0.40240000,0.41170000,1474437.70000000,1782388799999,608033.20858000,8379
1782388800000,0.41170000,0.41690000,0.41020000,0.41020000,655853.60000000,1782392399999,272045.00218000,3270
1782392400000,0.41030000,0.41270000,0.38990000,0.39150000,1533370.30000000,1782395999999,613095.65173000,9206
1782396000000,0.39160000,0.39700000,0.38570000,0.38810000,1246923.50000000,1782399599999,485802.19519000,8139
1782399600000,0.38800000,0.39070000,0.38120000,0.38540000,673614.80000000,1782403199999,259537.65466000,3649
1782403200000,0.38530000,0.39110000,0.38520000,0.38790000,501663.30000000,1782406799999,194728.34886000,2888
1782406800000,0.38800000,0.38890000,0.38250000,0.38280000,383580.90000000,1782410399999,148253.89304000,1827
1782410400000,0.38280000,0.38310000,0.37970000,0.38020000,256844.60000000,1782413999999,98064.73002000,1088
1782414000000,0.38020000,0.38060000,0.36810000,0.36950000,1095849.70000000,1782417599999,410039.09480000,5514
1782417600000,0.36960000,0.37920000,0.36930000,0.37770000,714750.00000000,1782421199999,268411.15832000,4958
1782421200000,0.37760000,0.38010000,0.37690000,0.37720000,376713.30000000,1782424799999,142529.20008000,1764
1782424800000,0.37700000,0.37780000,0.37620000,0.37740000,150443.00000000,1782428399999,56739.79598000,652
1782428400000,0.37740000,0.37870000,0.37510000,0.37610000,681418.80000000,1782431999999,257225.25174000,2287
1782432000000,0.37610000,0.38150000,0.37520000,0.38090000,495764.20000000,1782435599999,187799.64660000,2159
1782435600000,0.38100000,0.38270000,0.37690000,0.37760000,295048.70000000,1782439199999,112129.62560000,1757
1782439200000,0.37770000,0.39330000,0.37560000,0.38940000,910664.00000000,1782442799999,347866.21585000,6252
1782442800000,0.38940000,0.39440000,0.38260000,0.39190000,1959155.00000000,1782446399999,762851.27101000,17664
1782446400000,0.39200000,0.39880000,0.39010000,0.39260000,543243.00000000,1782449999999,213581.58022000,5605
1782450000000,0.39270000,0.39370000,0.38550000,0.38750000,198506.30000000,1782453599999,77025.45599000,2769
1782453600000,0.38740000,0.38740000,0.38080000,0.38330000,289238.20000000,1782457199999,110908.41090000,2180
1782457200000,0.38340000,0.39190000,0.38270000,0.38530000,358121.20000000,1782460799999,138786.78079000,2771
1782460800000,0.38520000,0.39160000,0.38420000,0.38670000,209023.20000000,1782464399999,81282.46198000,2253
1782464400000,0.38660000,0.39320000,0.38300000,0.39230000,558930.90000000,1782467999999,217348.87248000,4660
1782468000000,0.39230000,0.39770000,0.38990000,0.39130000,930075.40000000,1782471599999,365771.31561000,6265
1782471600000,0.39130000,0.39750000,0.39100000,0.39280000,367850.50000000,1782475199999,144829.76789000,4143
1782475200000,0.39270000,0.39990000,0.39180000,0.39180000,629636.40000000,1782478799999,249021.47442000,7439
1782478800000,0.39200000,0.40430000,0.39140000,0.40260000,410663.40000000,1782482399999,162967.77047000,4314
1782482400000,0.40250000,0.41600000,0.40220000,0.41570000,1109102.10000000,1782485999999,453530.74364000,10950
1782486000000,0.41580000,0.42010000,0.40810000,0.40900000,2196501.60000000,1782489599999,911520.58955000,11490
1782489600000,0.40900000,0.41160000,0.39110000,0.39200000,2288043.70000000,1782493199999,914224.96280000,15170
1782493200000,0.39210000,0.39540000,0.38620000,0.39150000,1786558.80000000,1782496799999,698212.02237000,7062
1782496800000,0.39160000,0.39310000,0.37610000,0.37720000,803456.30000000,1782500399999,307338.21041000,6312
1782500400000,0.37700000,0.37820000,0.35610000,0.36100000,2948690.10000000,1782503999999,1077785.68242000,22092
1782504000000,0.36100000,0.36640000,0.32420000,0.32770000,6304911.00000000,1782507599999,2125966.89767000,48508
1782507600000,0.32770000,0.34720000,0.32760000,0.33470000,3638558.90000000,1782511199999,1232949.44952000,20613
1782511200000,0.33460000,0.34400000,0.33370000,0.33890000,1061467.20000000,1782514799999,360563.04445000,11268
1782514800000,0.33900000,0.34160000,0.33430000,0.33760000,1171880.20000000,1782518399999,394877.46386000,6887
1782518400000,0.33770000,0.37420000,0.33660000,0.36950000,2451586.70000000,1782521999999,874159.29587000,20518
1782522000000,0.36980000,0.38320000,0.35140000,0.35780000,2287521.30000000,1782525599999,838557.95263000,21589
1782525600000,0.35790000,0.36940000,0.35400000,0.36490000,416370.50000000,1782529199999,150666.23097000,5525
1782529200000,0.36500000,0.37070000,0.35030000,0.35200000,775345.20000000,1782532799999,279215.93896000,6393
1782532800000,0.35200000,0.35950000,0.34810000,0.35020000,972597.40000000,1782536399999,344569.71277000,5762
1782536400000,0.35030000,0.35240000,0.34230000,0.34400000,527201.80000000,1782539999999,182716.19681000,3233
1782540000000,0.34390000,0.34420000,0.33220000,0.33480000,615578.30000000,1782543599999,207026.97409000,5883
1782543600000,0.33500000,0.34160000,0.32640000,0.32830000,1216749.90000000,1782547199999,405809.50732000,7125
1782547200000,0.32820000,0.32950000,0.31130000,0.32180000,2544493.80000000,1782550799999,816406.93900000,18144
1782550800000,0.32170000,0.32240000,0.30000000,0.31330000,5461803.50000000,1782554399999,1695810.48446000,33200
1782554400000,0.31330000,0.32050000,0.30300000,0.31050000,4147343.10000000,1782557999999,1286332.24300000,25035
1782558000000,0.31060000,0.31220000,0.30360000,0.30970000,1568010.60000000,1782561599999,482730.09643000,9774
1782561600000,0.30980000,0.31010000,0.29250000,0.29350000,2178356.90000000,1782565199999,654399.41839000,12948
1782565200000,0.29350000,0.30550000,0.29280000,0.30380000,1346937.80000000,1782568799999,403580.66735000,9028
1782568800000,0.30390000,0.31110000,0.30030000,0.30520000,1935151.60000000,1782572399999,595767.08390000,8713
1782572400000,0.30510000,0.30560000,0.29530000,0.29570000,1196906.10000000,1782575999999,357014.77642000,8948
1782576000000,0.29590000,0.31510000,0.29370000,0.31360000,1638938.50000000,1782579599999,499038.86840000,9747
1782579600000,0.31340000,0.31380000,0.29940000,0.29980000,587960.40000000,1782583199999,179642.07110000,4741
1782583200000,0.29970000,0.30350000,0.29570000,0.29780000,771881.10000000,1782586799999,230729.59050000,4444
1782586800000,0.29780000,0.29840000,0.29460000,0.29710000,332213.00000000,1782590399999,98529.35596000,2449
1782590400000,0.29720000,0.30740000,0.29610000,0.30620000,422040.70000000,1782593999999,127109.77223000,2696
1782594000000,0.30640000,0.30640000,0.30070000,0.30090000,298849.90000000,1782597599999,90622.16736000,1696
1782597600000,0.30080000,0.30490000,0.30040000,0.30310000,360061.40000000,1782601199999,108754.03596000,1346
1782601200000,0.30310000,0.30860000,0.30270000,0.30800000,234164.50000000,1782604799999,71728.19554000,1966
1782604800000,0.30790000,0.31180000,0.30220000,0.30750000,585796.50000000,1782608399999,179813.20771000,3315
1782608400000,0.30750000,0.30820000,0.29860000,0.30080000,465769.20000000,1782611999999,140798.50896000,3121
1782612000000,0.30070000,0.30360000,0.29800000,0.29950000,257607.60000000,1782615599999,77692.02685000,1726
1782615600000,0.29950000,0.30880000,0.29870000,0.30420000,405389.10000000,1782619199999,123690.03963000,2956
1782619200000,0.30430000,0.30460000,0.29920000,0.30240000,529503.90000000,1782622799999,159528.06828000,2512
1782622800000,0.30250000,0.30660000,0.29890000,0.29970000,450000.10000000,1782626399999,136314.74879000,2934
1782626400000,0.29960000,0.30520000,0.29720000,0.30120000,472350.70000000,1782629999999,142684.06268000,2602
1782630000000,0.30120000,0.30360000,0.29950000,0.30040000,323546.70000000,1782633599999,97639.64901000,1927
1782633600000,0.30030000,0.30470000,0.29930000,0.30360000,451964.10000000,1782637199999,136436.67162000,1749
1782637200000,0.30370000,0.30570000,0.30080000,0.30560000,695284.70000000,1782640799999,210889.66103000,2225
1782640800000,0.30560000,0.31000000,0.30220000,0.30320000,587151.70000000,1782644399999,180160.26089000,3957
1782644400000,0.30320000,0.30440000,0.30020000,0.30140000,600278.60000000,1782647999999,181493.25836000,2334
1782648000000,0.30130000,0.30460000,0.30100000,0.30170000,783227.30000000,1782651599999,236963.24558000,1964
1782651600000,0.30180000,0.30340000,0.29670000,0.29780000,294442.00000000,1782655199999,88404.93090000,1729
1782655200000,0.29800000,0.30460000,0.29750000,0.30270000,348764.40000000,1782658799999,105453.28445000,2152
1782658800000,0.30260000,0.30330000,0.29770000,0.30120000,551376.80000000,1782662399999,165756.71293000,1531
1782662400000,0.30100000,0.30100000,0.29600000,0.29630000,417654.00000000,1782665999999,124384.58617000,1663
1782666000000,0.29620000,0.29730000,0.29400000,0.29510000,434336.60000000,1782669599999,128273.20841000,1679
1782669600000,0.29500000,0.30160000,0.29490000,0.30100000,342593.50000000,1782673199999,102241.66775000,1565
1782673200000,0.30120000,0.30590000,0.30080000,0.30520000,431631.60000000,1782676799999,130799.54282000,2162
1782676800000,0.30490000,0.30800000,0.30350000,0.30610000,425472.50000000,1782680399999,130038.30020000,2248
1782680400000,0.30610000,0.30890000,0.30150000,0.30280000,380550.50000000,1782683999999,116252.77442000,1787
1782684000000,0.30280000,0.30390000,0.29790000,0.29800000,431707.80000000,1782687599999,129770.39135000,2132
1782687600000,0.29810000,0.30140000,0.29790000,0.29880000,114766.20000000,1782691199999,34374.11198000,899
1782691200000,0.29880000,0.30230000,0.29520000,0.29860000,705090.70000000,1782694799999,209936.73043000,4195
1782694800000,0.29860000,0.29910000,0.29520000,0.29750000,207409.90000000,1782698399999,61702.26659000,1841
1782698400000,0.29750000,0.30020000,0.29630000,0.29920000,250494.00000000,1782701999999,74622.54179000,1591
1782702000000,0.29920000,0.30120000,0.29610000,0.29710000,300935.40000000,1782705599999,89901.76306000,1554
1782705600000,0.29710000,0.29890000,0.29680000,0.29890000,105520.10000000,1782709199999,31441.10312000,1017
1782709200000,0.29900000,0.30290000,0.29860000,0.30040000,207345.50000000,1782712799999,62289.44672000,1613
1782712800000,0.30050000,0.30270000,0.29500000,0.29580000,333204.80000000,1782716399999,99005.57567000,1540
1782716400000,0.29580000,0.29700000,0.28200000,0.28440000,2133260.10000000,1782719999999,613284.30447000,7348
1782720000000,0.28440000,0.29220000,0.28300000,0.28480000,1923842.20000000,1782723599999,552163.64388000,6795
1782723600000,0.28480000,0.29130000,0.28440000,0.28860000,522479.70000000,1782727199999,150524.19320000,2677
1782727200000,0.28860000,0.28860000,0.28430000,0.28640000,270502.80000000,1782730799999,77346.43958000,1133
1782730800000,0.28650000,0.28790000,0.28080000,0.28230000,954520.30000000,1782734399999,270841.11970000,2322
1782734400000,0.28230000,0.28600000,0.28030000,0.28530000,637221.00000000,1782737999999,180412.29679000,2062
1782738000000,0.28530000,0.28670000,0.28290000,0.28400000,299550.40000000,1782741599999,85210.46031000,988
1782741600000,0.28390000,0.28420000,0.27640000,0.27720000,855626.40000000,1782745199999,238432.79652000,3932
1782745200000,0.27720000,0.28310000,0.27530000,0.27850000,676728.80000000,1782748799999,188788.92405000,3483
1782748800000,0.27850000,0.28300000,0.27590000,0.27670000,809758.70000000,1782752399999,227088.67487000,3648
1782752400000,0.27670000,0.28060000,0.27320000,0.27790000,1418236.40000000,1782755999999,392749.44305000,3675
1782756000000,0.27800000,0.28610000,0.27500000,0.28360000,1097114.50000000,1782759599999,306564.94249000,4209
1782759600000,0.28340000,0.29080000,0.28170000,0.28320000,1384734.00000000,1782763199999,395876.49351000,4563
1782763200000,0.28330000,0.28530000,0.28030000,0.28110000,801267.30000000,1782766799999,226860.18464000,3524
1782766800000,0.28120000,0.28730000,0.27960000,0.28450000,904217.90000000,1782770399999,255359.64199000,5502
1782770400000,0.28450000,0.28860000,0.28430000,0.28510000,681790.80000000,1782773999999,195255.37761000,3744
1782774000000,0.28520000,0.28820000,0.28200000,0.28220000,209498.80000000,1782777599999,59751.89420000,1451
1782777600000,0.28200000,0.28230000,0.27730000,0.27910000,315362.70000000,1782781199999,88175.16942000,1712
1782781200000,0.27890000,0.28490000,0.27890000,0.28120000,298842.50000000,1782784799999,84447.46793000,1874
1782784800000,0.28110000,0.28170000,0.27500000,0.27940000,372728.40000000,1782788399999,103838.88287000,1822
1782788400000,0.27950000,0.28040000,0.27680000,0.28020000,292912.10000000,1782791999999,81550.15561000,1218
1782792000000,0.28010000,0.29000000,0.27960000,0.28580000,843872.20000000,1782795599999,240293.34894000,6586
1782795600000,0.28570000,0.28680000,0.27830000,0.28250000,589594.50000000,1782799199999,166661.60296000,3557
1782799200000,0.28260000,0.28840000,0.28240000,0.28330000,368154.80000000,1782802799999,105071.60000000,3053
1782802800000,0.28320000,0.28780000,0.28210000,0.28460000,294205.70000000,1782806399999,83699.24719000,1597
1782806400000,0.28500000,0.28650000,0.27730000,0.27850000,220143.90000000,1782809999999,61987.41016000,1297
1782810000000,0.27840000,0.28140000,0.27450000,0.28040000,544802.10000000,1782813599999,151930.66986000,2812
1782813600000,0.28020000,0.28190000,0.27940000,0.28070000,163664.10000000,1782817199999,45935.27297000,942
1782817200000,0.28070000,0.28180000,0.27890000,0.27930000,343901.90000000,1782820799999,96335.73413000,980
1782820800000,0.27930000,0.27940000,0.27460000,0.27460000,348959.30000000,1782824399999,96567.87718000,1394
1782824400000,0.27500000,0.27550000,0.26780000,0.27160000,678044.20000000,1782827999999,184236.08256000,2512
1782828000000,0.27170000,0.27270000,0.26320000,0.26570000,772403.70000000,1782831599999,206086.97891000,2664
1782831600000,0.26580000,0.26960000,0.26550000,0.26760000,415348.80000000,1782835199999,111187.91924000,2085
1782835200000,0.26770000,0.27000000,0.26220000,0.26630000,656012.90000000,1782838799999,174804.41675000,2391
1782838800000,0.26610000,0.26790000,0.26410000,0.26740000,247369.70000000,1782842399999,65810.18238000,1798
1782842400000,0.26740000,0.26950000,0.26270000,0.26430000,518670.40000000,1782845999999,137853.73560000,2781
1782846000000,0.26410000,0.26480000,0.26280000,0.26400000,229697.10000000,1782849599999,60539.51949000,1161
1782849600000,0.26390000,0.26390000,0.25740000,0.26140000,556443.20000000,1782853199999,145091.92335000,2007
1782853200000,0.26140000,0.26140000,0.25400000,0.25720000,569638.40000000,1782856799999,145776.71045000,2548
1782856800000,0.25710000,0.25720000,0.25020000,0.25090000,893106.80000000,1782860399999,225750.15761000,3254
1782860400000,0.25110000,0.25560000,0.25090000,0.25170000,461681.60000000,1782863999999,116826.83072000,1978
1782864000000,0.25180000,0.25810000,0.25070000,0.25690000,689128.10000000,1782867599999,175450.40554000,3494
1782867600000,0.25680000,0.26690000,0.25620000,0.25680000,1176437.80000000,1782871199999,307182.87852000,6582
1782871200000,0.25670000,0.25750000,0.24830000,0.25380000,1085803.00000000,1782874799999,274734.67442000,5289
1782874800000,0.25400000,0.25590000,0.25350000,0.25490000,171089.90000000,1782878399999,43568.14730000,1052
1782878400000,0.25500000,0.26370000,0.25500000,0.26310000,550199.90000000,1782881999999,143060.81210000,2534
1782882000000,0.26300000,0.26470000,0.25780000,0.25780000,338843.10000000,1782885599999,88602.30664000,1841
1782885600000,0.25790000,0.26320000,0.25790000,0.26260000,256837.80000000,1782889199999,67116.25352000,1664
1782889200000,0.26260000,0.26320000,0.26020000,0.26080000,283191.10000000,1782892799999,73984.57895000,1874
1782892800000,0.26060000,0.26770000,0.25960000,0.26530000,437556.30000000,1782896399999,115442.57614000,2525
1782896400000,0.26520000,0.27010000,0.26040000,0.26050000,720472.60000000,1782899999999,191362.60845000,3797
1782900000000,0.26050000,0.26190000,0.25770000,0.25840000,540873.40000000,1782903599999,140383.81103000,1820
1782903600000,0.25840000,0.25940000,0.25600000,0.25600000,364393.10000000,1782907199999,93916.19126000,1248
1782907200000,0.25620000,0.26070000,0.25350000,0.25400000,531139.40000000,1782910799999,136211.65351000,1795
1782910800000,0.25410000,0.25620000,0.25270000,0.25510000,357964.00000000,1782914399999,91073.84810000,1457
1782914400000,0.25520000,0.25860000,0.25260000,0.25830000,505661.10000000,1782917999999,129259.43590000,1833
1782918000000,0.25820000,0.26240000,0.25720000,0.25810000,404132.40000000,1782921599999,104720.96275000,1783
1782921600000,0.25820000,0.25830000,0.25100000,0.25320000,1114281.30000000,1782925199999,283817.31817000,3497
1782925200000,0.25340000,0.25830000,0.25290000,0.25790000,506274.10000000,1782928799999,129249.46142000,2560
1782928800000,0.25790000,0.26050000,0.25170000,0.25180000,440803.00000000,1782932399999,112289.48467000,2384
1782932400000,0.25190000,0.25290000,0.24110000,0.24110000,1075302.70000000,1782935999999,266165.66942000,2807
1782936000000,0.24120000,0.24220000,0.23520000,0.23670000,1665119.40000000,1782939599999,396600.08368000,6230
1782939600000,0.23680000,0.24260000,0.23600000,0.23870000,395446.90000000,1782943199999,94987.03499000,1241
1782943200000,0.23880000,0.23880000,0.22770000,0.23150000,1178848.40000000,1782946799999,273996.75777000,4299
1782946800000,0.23150000,0.23400000,0.22590000,0.22660000,678302.70000000,1782950399999,156139.63223000,2960
1782950400000,0.22660000,0.23920000,0.22360000,0.23750000,1590179.70000000,1782953999999,366391.38102000,5306
1782954000000,0.23760000,0.25010000,0.23570000,0.24960000,1312619.50000000,1782957599999,318565.85741000,6931
1782957600000,0.24960000,0.25220000,0.24300000,0.24390000,1253177.70000000,1782961199999,310090.00819000,6153
1782961200000,0.24390000,0.25260000,0.24310000,0.24950000,626348.70000000,1782964799999,155373.84486000,4665
1782964800000,0.24970000,0.25440000,0.24520000,0.24550000,776496.20000000,1782968399999,194700.06916000,4792
1782968400000,0.24530000,0.25350000,0.24500000,0.25340000,377831.60000000,1782971999999,93947.46172000,2611
1782972000000,0.25330000,0.25730000,0.24990000,0.25640000,799373.80000000,1782975599999,202872.64641000,4800
1782975600000,0.25640000,0.26620000,0.25250000,0.26520000,1123005.80000000,1782979199999,291935.19588000,5691
1782979200000,0.26510000,0.27000000,0.25910000,0.26770000,1863910.20000000,1782982799999,495226.85934000,7612
1782982800000,0.26790000,0.26980000,0.26280000,0.26570000,1234848.10000000,1782986399999,329551.07546000,4965
1782986400000,0.26560000,0.27030000,0.26360000,0.26620000,670942.20000000,1782989999999,179588.19388000,3706
1782990000000,0.26650000,0.26980000,0.25960000,0.26880000,921031.70000000,1782993599999,243417.60529000,4651
1782993600000,0.26880000,0.28710000,0.26790000,0.28570000,2386758.00000000,1782997199999,667864.44207000,10856
1782997200000,0.28610000,0.32360000,0.28400000,0.32000000,8779610.30000000,1783000799999,2664153.59914000,41037
1783000800000,0.31960000,0.33500000,0.30310000,0.30420000,8515493.50000000,1783004399999,2730182.18941000,40373
1783004400000,0.30420000,0.32110000,0.29910000,0.31420000,5706674.20000000,1783007999999,1763574.54416000,28158
1783008000000,0.31410000,0.33160000,0.30860000,0.32910000,5238873.20000000,1783011599999,1689038.66836000,29108
1783011600000,0.32940000,0.34690000,0.32750000,0.34590000,5049925.10000000,1783015199999,1714834.67182000,30027
1783015200000,0.34620000,0.36130000,0.34320000,0.35500000,4655764.70000000,1783018799999,1649424.65862000,24268
1783018800000,0.35520000,0.35950000,0.34290000,0.34840000,2553528.90000000,1783022399999,900420.64313000,19156
1783022400000,0.34850000,0.36800000,0.33750000,0.33800000,4821438.10000000,1783025999999,1699292.70974000,23104
1783026000000,0.33780000,0.34880000,0.32600000,0.34520000,3150216.10000000,1783029599999,1054628.52553000,13832
1783029600000,0.34510000,0.35210000,0.34060000,0.34220000,2034888.00000000,1783033199999,703271.29633000,13606
1783033200000,0.34250000,0.34400000,0.33450000,0.34010000,1304235.20000000,1783036799999,442230.43609000,9907
1783036800000,0.34010000,0.35020000,0.33070000,0.33830000,2251540.60000000,1783040399999,763374.87490000,15996
1783040400000,0.33840000,0.34690000,0.33220000,0.34240000,1275149.10000000,1783043999999,432837.15388000,9769
1783044000000,0.34230000,0.34360000,0.33310000,0.33680000,680169.70000000,1783047599999,229613.29311000,6601
1783047600000,0.33690000,0.35460000,0.32750000,0.34210000,1926807.70000000,1783051199999,659105.73200000,15206
1783051200000,0.34200000,0.34870000,0.34160000,0.34480000,754614.30000000,1783054799999,260260.48286000,7300
1783054800000,0.34460000,0.34480000,0.32110000,0.32560000,2738791.00000000,1783058399999,901756.88519000,18108
1783058400000,0.32560000,0.37600000,0.32500000,0.37160000,4701907.20000000,1783061999999,1671430.66454000,27340
1783062000000,0.37160000,0.37640000,0.34990000,0.35090000,3326687.60000000,1783065599999,1207952.61550000,22450
1783065600000,0.35100000,0.35680000,0.33960000,0.34170000,1795314.30000000,1783069199999,621757.43103000,13509
1783069200000,0.34160000,0.35180000,0.33330000,0.34320000,3066336.60000000,1783072799999,1046915.90867000,15717
1783072800000,0.34330000,0.35060000,0.33670000,0.34950000,1044691.30000000,1783076399999,361378.04668000,6721
1783076400000,0.34950000,0.35800000,0.34920000,0.35510000,1948448.10000000,1783079999999,688370.29219000,13610
1783080000000,0.35500000,0.37000000,0.35110000,0.35840000,2961522.60000000,1783083599999,1070284.99265000,20671
1783083600000,0.35860000,0.38470000,0.35760000,0.37500000,5345513.20000000,1783087199999,2006243.19861000,31172
1783087200000,0.37490000,0.38790000,0.37090000,0.37920000,3893258.60000000,1783090799999,1476398.32648000,26671
1783090800000,0.37930000,0.38110000,0.36280000,0.36560000,2050959.60000000,1783094399999,756847.24675000,12232
1783094400000,0.36550000,0.36670000,0.35410000,0.35870000,1722126.50000000,1783097999999,619066.29556000,10022
1783098000000,0.35880000,0.36310000,0.35670000,0.36020000,793597.50000000,1783101599999,285602.80870000,4622
1783101600000,0.36020000,0.36270000,0.35530000,0.35550000,796876.20000000,1783105199999,285585.94589000,3355
1783105200000,0.35560000,0.36090000,0.35420000,0.35730000,526005.90000000,1783108799999,187989.57991000,3033
1783108800000,0.35720000,0.36720000,0.35540000,0.35760000,1283443.50000000,1783112399999,463210.07249000,7073
1783112400000,0.35750000,0.36190000,0.35430000,0.35910000,430420.10000000,1783115999999,154183.67478000,3075
1783116000000,0.35920000,0.35920000,0.35040000,0.35120000,402794.10000000,1783119599999,143234.59557000,2820
1783119600000,0.35130000,0.35540000,0.34720000,0.34970000,449004.70000000,1783123199999,157269.91881000,3889
1783123200000,0.34960000,0.35530000,0.34500000,0.34800000,739917.20000000,1783126799999,258093.73144000,4894
1783126800000,0.34790000,0.35100000,0.34250000,0.34590000,543230.20000000,1783130399999,188449.84951000,4129
1783130400000,0.34570000,0.34940000,0.33830000,0.34070000,924875.10000000,1783133999999,316872.16389000,5658
1783134000000,0.34060000,0.34230000,0.33440000,0.33460000,586058.40000000,1783137599999,197899.21668000,3691
1783137600000,0.33460000,0.34030000,0.33190000,0.33920000,561923.40000000,1783141199999,189014.48620000,3786
1783141200000,0.33900000,0.33900000,0.32720000,0.33060000,684717.70000000,1783144799999,226694.37015000,3925
1783144800000,0.33050000,0.33270000,0.32690000,0.32710000,445506.70000000,1783148399999,147071.51020000,2961
1783148400000,0.32710000,0.33740000,0.32500000,0.33140000,2051230.80000000,1783151999999,680374.98670000,7200
1783152000000,0.33150000,0.34730000,0.33050000,0.34410000,1000180.90000000,1783155599999,338611.86997000,5342
1783155600000,0.34420000,0.34990000,0.33780000,0.33830000,1332595.40000000,1783159199999,460831.52773000,9151
1783159200000,0.33840000,0.34670000,0.33660000,0.34340000,746043.50000000,1783162799999,254586.03451000,5580
1783162800000,0.34340000,0.35580000,0.34160000,0.35410000,1194917.90000000,1783166399999,414866.43518000,6966
1783166400000,0.35380000,0.35880000,0.34830000,0.35490000,1063581.10000000,1783169999999,377281.57667000,7878
1783170000000,0.35500000,0.35780000,0.34880000,0.35610000,787782.10000000,1783173599999,278575.62305000,6481
1783173600000,0.35620000,0.36480000,0.35080000,0.35330000,1403286.60000000,1783177199999,502546.54174000,9182
1783177200000,0.35330000,0.36350000,0.35190000,0.35470000,1198430.30000000,1783180799999,428243.00705000,6981
1783180800000,0.35470000,0.36180000,0.34980000,0.34990000,565644.70000000,1783184399999,201108.50887000,4937
1783184400000,0.34980000,0.35280000,0.34450000,0.35150000,474760.70000000,1783187999999,165867.66987000,4002
1783188000000,0.35140000,0.36240000,0.35010000,0.35930000,745429.10000000,1783191599999,265566.54540000,4770
1783191600000,0.35930000,0.36210000,0.35830000,0.36190000,429698.10000000,1783195199999,154999.99601000,2994
1783195200000,0.36200000,0.36550000,0.35920000,0.36550000,596825.30000000,1783198799999,215991.98414000,3338
1783198800000,0.36550000,0.37350000,0.35450000,0.36110000,1154499.70000000,1783202399999,423091.74194000,5690
1783202400000,0.36120000,0.36360000,0.35270000,0.35380000,687612.20000000,1783205999999,246030.11357000,3362
1783206000000,0.35370000,0.35390000,0.34960000,0.35080000,222416.10000000,1783209599999,78047.31432000,1609
1783209600000,0.35070000,0.35500000,0.34930000,0.35470000,282322.60000000,1783213199999,99299.75715000,2303
1783213200000,0.35470000,0.35490000,0.34680000,0.35370000,391951.50000000,1783216799999,137022.97089000,3372
1783216800000,0.35390000,0.36250000,0.35150000,0.35680000,803802.40000000,1783220399999,286776.55724000,6175
1783220400000,0.35670000,0.36270000,0.35500000,0.36080000,833165.40000000,1783223999999,298741.18530000,5594
1783224000000,0.36090000,0.36430000,0.35470000,0.35500000,754106.30000000,1783227599999,271283.50083000,5169
1783227600000,0.35490000,0.35830000,0.35230000,0.35610000,238742.50000000,1783231199999,84771.41651000,2816
1783231200000,0.35640000,0.36120000,0.35510000,0.35890000,417662.80000000,1783234799999,149706.91140000,3489
1783234800000,0.35910000,0.36290000,0.34790000,0.35060000,428131.30000000,1783238399999,152188.42528000,4172
1783238400000,0.35060000,0.36430000,0.34940000,0.36100000,758399.10000000,1783241999999,271988.19572000,4385
1783242000000,0.36080000,0.36250000,0.35560000,0.35760000,733040.30000000,1783245599999,263572.41438000,5921
1783245600000,0.35750000,0.36350000,0.35720000,0.35850000,362410.50000000,1783249199999,130488.30166000,4029
1783249200000,0.35860000,0.36010000,0.35290000,0.35520000,315071.30000000,1783252799999,112335.74107000,2459
1783252800000,0.35510000,0.35510000,0.34680000,0.34860000,527079.00000000,1783256399999,184431.73735000,2903
1783256400000,0.34860000,0.35950000,0.34770000,0.35790000,377305.10000000,1783259999999,133846.27610000,2544
1783260000000,0.35780000,0.36000000,0.35400000,0.35830000,408595.60000000,1783263599999,146384.73391000,3308
1783263600000,0.35840000,0.35980000,0.35460000,0.35620000,279097.50000000,1783267199999,99753.59340000,2365
1783267200000,0.35620000,0.35960000,0.35410000,0.35620000,556684.20000000,1783270799999,198918.76558000,3044
1783270800000,0.35610000,0.35870000,0.35410000,0.35730000,333101.70000000,1783274399999,118588.79701000,1989
1783274400000,0.35720000,0.36420000,0.35580000,0.36360000,518824.40000000,1783277999999,186290.38220000,3051
1783278000000,0.36350000,0.37170000,0.36170000,0.36520000,590633.90000000,1783281599999,216469.60642000,4949
1783281600000,0.36510000,0.38380000,0.36450000,0.37110000,1460870.20000000,1783285199999,550858.74705000,9491
1783285200000,0.37090000,0.37120000,0.35550000,0.35720000,706696.40000000,1783288799999,257991.47151000,3857
1783288800000,0.35710000,0.35810000,0.35500000,0.35550000,437738.60000000,1783292399999,156167.57030000,1893
1783292400000,0.35550000,0.36600000,0.35520000,0.36480000,192877.70000000,1783295999999,69510.26308000,1980
1783296000000,0.36470000,0.36770000,0.35750000,0.36230000,670377.00000000,1783299599999,243611.59312000,4671
1783299600000,0.36240000,0.36500000,0.35820000,0.36100000,261747.90000000,1783303199999,94632.36274000,2482
1783303200000,0.36110000,0.36470000,0.35960000,0.36020000,374950.20000000,1783306799999,135877.64823000,2700
1783306800000,0.36010000,0.36220000,0.35670000,0.36190000,227573.10000000,1783310399999,81777.21102000,1784
1783310400000,0.36200000,0.36240000,0.35790000,0.36010000,202886.30000000,1783313999999,73109.57082000,1563
1783314000000,0.36020000,0.36170000,0.35670000,0.35880000,205728.00000000,1783317599999,73870.10807000,1801
1783317600000,0.35860000,0.35890000,0.35440000,0.35690000,239873.90000000,1783321199999,85440.17609000,1588
1783321200000,0.35700000,0.35920000,0.35440000,0.35580000,223760.60000000,1783324799999,79810.73056000,1656
1783324800000,0.35590000,0.35680000,0.35010000,0.35140000,234599.90000000,1783328399999,83021.67391000,1527
1783328400000,0.35130000,0.35130000,0.34040000,0.34120000,609698.30000000,1783331999999,211118.48437000,3211
1783332000000,0.34110000,0.34730000,0.33610000,0.34360000,805332.60000000,1783335599999,275517.35735000,5637
1783335600000,0.34350000,0.34420000,0.33650000,0.33870000,488934.00000000,1783339199999,165771.69170000,3614
1783339200000,0.33870000,0.34640000,0.33830000,0.34340000,484956.10000000,1783342799999,166047.04136000,3530
1783342800000,0.34330000,0.35260000,0.34110000,0.35070000,1111248.90000000,1783346399999,385200.27986000,6088
1783346400000,0.35060000,0.35390000,0.34440000,0.35130000,517831.80000000,1783349999999,181081.53220000,3988
1783350000000,0.35110000,0.36950000,0.34990000,0.36920000,1056097.10000000,1783353599999,381897.99212000,7462
1783353600000,0.36920000,0.39990000,0.36910000,0.39950000,3868708.10000000,1783357199999,1482096.08959000,25081
1783357200000,0.39950000,0.42180000,0.39620000,0.40870000,6262162.40000000,1783360799999,2572503.28942000,42877
1783360800000,0.40860000,0.41420000,0.39870000,0.40360000,3237373.80000000,1783364399999,1315102.07768000,23055
1783364400000,0.40380000,0.41910000,0.39090000,0.40010000,2872540.00000000,1783367999999,1167722.50356000,19365
1783368000000,0.40010000,0.40850000,0.39630000,0.40830000,1492372.00000000,1783371599999,599742.09208000,12159
1783371600000,0.40830000,0.42820000,0.40690000,0.41290000,1686735.80000000,1783375199999,702911.93109000,10225
1783375200000,0.41280000,0.42490000,0.41120000,0.41900000,1228038.00000000,1783378799999,513715.96813000,9022
1783378800000,0.41910000,0.42870000,0.41900000,0.42180000,811855.40000000,1783382399999,343997.80047000,5581
1783382400000,0.42190000,0.42750000,0.41700000,0.41810000,878975.90000000,1783385999999,371053.80297000,6094
1783386000000,0.41800000,0.42700000,0.41520000,0.41690000,867690.00000000,1783389599999,365850.49236000,4730
1783389600000,0.41720000,0.42450000,0.41660000,0.42100000,542361.10000000,1783393199999,228028.62834000,3405
1783393200000,0.42100000,0.42150000,0.40840000,0.41380000,702221.40000000,1783396799999,290521.71532000,5469
1783396800000,0.41390000,0.42780000,0.41070000,0.42500000,800383.70000000,1783400399999,337216.80869000,6108
1783400400000,0.42470000,0.42840000,0.41220000,0.41900000,610984.60000000,1783403999999,255352.39512000,6216
1783404000000,0.41910000,0.42600000,0.41280000,0.42270000,444196.30000000,1783407599999,186346.12913000,5444
1783407600000,0.42260000,0.42610000,0.41520000,0.41870000,405131.70000000,1783411199999,170645.30578000,3993
1783411200000,0.41880000,0.42360000,0.41640000,0.42210000,559519.90000000,1783414799999,234887.38631000,4987
1783414800000,0.42210000,0.42710000,0.41400000,0.42270000,1051063.80000000,1783418399999,442489.79688000,7383
1783418400000,0.42250000,0.43920000,0.41970000,0.42500000,2819951.50000000,1783421999999,1214175.99684000,21294
1783422000000,0.42510000,0.43260000,0.42240000,0.42850000,1301925.60000000,1783425599999,556859.76121000,9908
1783425600000,0.42860000,0.43530000,0.42060000,0.42230000,1236908.80000000,1783429199999,529264.49747000,7528
1783429200000,0.42220000,0.42250000,0.41200000,0.41540000,1646044.00000000,1783432799999,686838.21520000,11301
1783432800000,0.41540000,0.42640000,0.41250000,0.42360000,1071973.50000000,1783436399999,449844.33808000,8268
1783436400000,0.42350000,0.42460000,0.41750000,0.42080000,1368924.20000000,1783439999999,577032.23612000,7660
1783440000000,0.42070000,0.43330000,0.41860000,0.42300000,1141106.40000000,1783443599999,485363.24862000,7810
1783443600000,0.42310000,0.43110000,0.42300000,0.42780000,985532.00000000,1783447199999,422018.12436000,5357
1783447200000,0.42780000,0.43010000,0.42040000,0.42260000,379750.10000000,1783450799999,161063.03125000,3019
1783450800000,0.42240000,0.42340000,0.40090000,0.40160000,868353.50000000,1783454399999,357093.45787000,7284
1783454400000,0.40170000,0.40570000,0.39640000,0.40560000,508940.00000000,1783457999999,204226.32461000,4535
1783458000000,0.40550000,0.40710000,0.39560000,0.39630000,1326601.00000000,1783461599999,533084.54172000,4039
1783461600000,0.39620000,0.41210000,0.39430000,0.40920000,509823.70000000,1783465199999,204878.39434000,3561
1783465200000,0.40910000,0.41280000,0.39660000,0.39810000,703808.90000000,1783468799999,285171.40086000,4022
1783468800000,0.39820000,0.41120000,0.39820000,0.40830000,549126.90000000,1783472399999,222585.59547000,4819
1783472400000,0.40820000,0.41120000,0.40310000,0.40470000,341065.30000000,1783475999999,138628.02284000,2469
1783476000000,0.40460000,0.41010000,0.39780000,0.40870000,576509.30000000,1783479599999,232459.57181000,3263
1783479600000,0.40880000,0.41190000,0.40340000,0.40750000,411976.20000000,1783483199999,167629.72104000,2407
1783483200000,0.40770000,0.41130000,0.40380000,0.40900000,197399.40000000,1783486799999,80616.62380000,2014
1783486800000,0.40890000,0.42060000,0.40890000,0.41790000,641852.30000000,1783490399999,266658.31914000,4884
1783490400000,0.41790000,0.41980000,0.40320000,0.40670000,524224.40000000,1783493999999,215212.21216000,4186
1783494000000,0.40680000,0.40950000,0.40270000,0.40510000,351215.90000000,1783497599999,142613.25441000,3356
1783497600000,0.40520000,0.40980000,0.40120000,0.40630000,708704.40000000,1783501199999,287593.10128000,6278
1783501200000,0.40630000,0.40760000,0.39670000,0.39930000,530780.90000000,1783504799999,212379.56404000,4412
1783504800000,0.39930000,0.40400000,0.39760000,0.39940000,557994.30000000,1783508399999,223268.93014000,3873
1783508400000,0.39930000,0.40120000,0.38860000,0.38930000,635781.90000000,1783511999999,249555.56231000,4123
1783512000000,0.38920000,0.39060000,0.38350000,0.38530000,517500.80000000,1783515599999,199699.54748000,4595
1783515600000,0.38530000,0.38590000,0.38090000,0.38310000,339486.00000000,1783519199999,130060.83183000,3664
1783519200000,0.38310000,0.38450000,0.37310000,0.37610000,980818.70000000,1783522799999,370861.98988000,6541
1783522800000,0.37610000,0.37630000,0.36430000,0.36490000,699618.80000000,1783526399999,257802.11421000,5472
1783526400000,0.36500000,0.40110000,0.36470000,0.39540000,2349510.40000000,1783529999999,905467.37703000,16438
1783530000000,0.39550000,0.40650000,0.38770000,0.39890000,1070618.90000000,1783533599999,426549.04019000,11055
1783533600000,0.39890000,0.41210000,0.39690000,0.40640000,782784.30000000,1783537199999,315807.46247000,6985
1783537200000,0.40650000,0.41090000,0.40170000,0.40400000,188653.70000000,1783540799999,76743.96340000,3057
1783540800000,0.40390000,0.41710000,0.40130000,0.41140000,1003774.40000000,1783544399999,411824.73398000,7868
1783544400000,0.41160000,0.41680000,0.40570000,0.41110000,577511.70000000,1783547999999,237380.78935000,2922
1783548000000,0.41110000,0.41960000,0.41080000,0.41130000,575161.60000000,1783551599999,238469.50712000,3401
1783551600000,0.41140000,0.41610000,0.41070000,0.41500000,189120.10000000,1783555199999,78343.00565000,1564
1783555200000,0.41500000,0.41540000,0.40810000,0.40930000,326132.50000000,1783558799999,134449.62622000,2413
1783558800000,0.40920000,0.41400000,0.40450000,0.40680000,250576.00000000,1783562399999,102583.35291000,1657
1783562400000,0.40700000,0.41450000,0.40630000,0.41130000,287183.10000000,1783565999999,117901.32058000,1766
1783566000000,0.41120000,0.41390000,0.40690000,0.41050000,128025.20000000,1783569599999,52483.70691000,1525
1783569600000,0.41040000,0.41810000,0.40930000,0.41310000,167453.40000000,1783573199999,69405.92899000,2306
1783573200000,0.41320000,0.41960000,0.41320000,0.41510000,155007.30000000,1783576799999,64577.39160000,2092
1783576800000,0.41500000,0.41530000,0.40190000,0.40230000,313663.90000000,1783580399999,127602.69570000,3503
1783580400000,0.40240000,0.40480000,0.39490000,0.39970000,394679.10000000,1783583999999,157892.78887000,2758
1783584000000,0.39970000,0.40000000,0.39170000,0.39530000,252311.90000000,1783587599999,99612.10645000,2696
1783587600000,0.39550000,0.40960000,0.39390000,0.40660000,466501.20000000,1783591199999,187629.33085000,3972
1783591200000,0.40660000,0.41290000,0.40200000,0.40300000,316322.10000000,1783594799999,128805.98616000,3265
1783594800000,0.40320000,0.40570000,0.39730000,0.40200000,216516.30000000,1783598399999,86891.35657000,2537
1783598400000,0.40190000,0.41040000,0.40000000,0.40690000,449569.70000000,1783601999999,182633.75653000,4190
1783602000000,0.40700000,0.41300000,0.40310000,0.40490000,323478.80000000,1783605599999,132009.95075000,2981
1783605600000,0.40470000,0.41390000,0.40020000,0.41250000,684322.60000000,1783609199999,279773.46134000,5081
1783609200000,0.41240000,0.45190000,0.41240000,0.44810000,4591300.00000000,1783612799999,2005209.70948000,35149
1783612800000,0.44840000,0.45970000,0.42890000,0.43810000,3846444.30000000,1783616399999,1719146.49890000,29560
1783616400000,0.43770000,0.44690000,0.42750000,0.43980000,1960495.20000000,1783619999999,858335.94202000,18069
1783620000000,0.43980000,0.44080000,0.43110000,0.43610000,483938.30000000,1783623599999,210906.14958000,5931
1783623600000,0.43590000,0.43650000,0.42430000,0.43280000,652435.00000000,1783627199999,281179.68017000,5581
1783627200000,0.43270000,0.43360000,0.42790000,0.43030000,178771.50000000,1783630799999,76892.25771000,3433
1783630800000,0.43020000,0.43790000,0.42890000,0.43350000,357208.00000000,1783634399999,154803.21008000,2214
1783634400000,0.43340000,0.44480000,0.43330000,0.43850000,393515.50000000,1783637999999,173224.66667000,2238
1783638000000,0.43840000,0.44220000,0.43450000,0.43660000,132879.90000000,1783641599999,58250.31123000,2039
1783641600000,0.43650000,0.43760000,0.43100000,0.43140000,156983.70000000,1783645199999,68101.84739000,2146
1783645200000,0.43160000,0.44400000,0.43080000,0.43680000,271907.00000000,1783648799999,119147.87673000,2810
1783648800000,0.43690000,0.44130000,0.43590000,0.43990000,155885.80000000,1783652399999,68309.54154000,1713
1783652400000,0.44000000,0.44480000,0.43020000,0.43230000,239990.90000000,1783655999999,105180.21981000,2484
1783656000000,0.43240000,0.43750000,0.43000000,0.43280000,213812.90000000,1783659599999,92731.82919000,2321
1783659600000,0.43300000,0.43390000,0.42250000,0.42420000,291940.00000000,1783663199999,125215.59479000,3098
1783663200000,0.42420000,0.42580000,0.41540000,0.41890000,356226.50000000,1783666799999,149754.23701000,3603
1783666800000,0.41880000,0.42140000,0.41580000,0.41760000,193726.70000000,1783670399999,81035.89558000,2182
1783670400000,0.41760000,0.42060000,0.41400000,0.41640000,248592.60000000,1783673999999,103748.50974000,2521
1783674000000,0.41650000,0.42180000,0.41580000,0.41630000,317459.30000000,1783677599999,132879.35363000,2111
1783677600000,0.41620000,0.42120000,0.41620000,0.41850000,110425.00000000,1783681199999,46310.39239000,1409
1783681200000,0.41860000,0.41910000,0.40760000,0.40940000,225268.50000000,1783684799999,92791.51931000,2252
1783684800000,0.40930000,0.41590000,0.40820000,0.41180000,154642.40000000,1783688399999,63808.14957000,2128
1783688400000,0.41170000,0.42140000,0.41070000,0.41540000,501201.40000000,1783691999999,208081.56903000,3861
1783692000000,0.41540000,0.41700000,0.40970000,0.41070000,333246.90000000,1783695599999,138100.99244000,3160
1783695600000,0.41100000,0.41900000,0.41040000,0.41760000,362426.30000000,1783699199999,150415.96239000,3198
1783699200000,0.41750000,0.41790000,0.40620000,0.41100000,241588.00000000,1783702799999,99498.52006000,2523
1783702800000,0.41100000,0.41370000,0.40970000,0.41350000,78809.70000000,1783706399999,32465.99212000,1055
1783706400000,0.41340000,0.41420000,0.40370000,0.40550000,338741.30000000,1783709999999,138306.09095000,2686
1783710000000,0.40570000,0.40660000,0.40200000,0.40250000,102211.10000000,1783713599999,41188.89066000,1193
1783713600000,0.40250000,0.40360000,0.40080000,0.40080000,91254.20000000,1783717199999,36722.73022000,1095
1783717200000,0.40090000,0.40290000,0.39770000,0.39970000,148228.80000000,1783720799999,59285.90684000,1056
1783720800000,0.39970000,0.40560000,0.39970000,0.40210000,130382.90000000,1783724399999,52581.36408000,1180
1783724400000,0.40210000,0.40460000,0.40210000,0.40350000,87004.30000000,1783727999999,35104.28135000,787
1783728000000,0.40350000,0.41350000,0.40300000,0.40830000,230925.90000000,1783731599999,94540.64467000,2386
1783731600000,0.40820000,0.41410000,0.40800000,0.41320000,151225.40000000,1783735199999,62233.30603000,1960
1783735200000,0.41320000,0.41590000,0.40580000,0.41550000,188010.60000000,1783738799999,77040.13193000,2019
1783738800000,0.41570000,0.42500000,0.40960000,0.41010000,472213.80000000,1783742399999,197492.71229000,5124
1783742400000,0.41010000,0.41410000,0.40100000,0.40320000,367470.30000000,1783745999999,148949.37054000,3468
1783746000000,0.40330000,0.41100000,0.40020000,0.40130000,294927.70000000,1783749599999,119218.18339000,3147
1783749600000,0.40120000,0.40510000,0.39590000,0.40000000,213470.40000000,1783753199999,85509.57047000,2779
1783753200000,0.40020000,0.40060000,0.39360000,0.39880000,300331.70000000,1783756799999,119144.74938000,4258
1783756800000,0.39890000,0.40170000,0.39240000,0.39290000,170301.10000000,1783760399999,67803.84739000,2328
1783760400000,0.39280000,0.39890000,0.38900000,0.39750000,278092.20000000,1783763999999,109513.77182000,3239
1783764000000,0.39750000,0.40390000,0.39330000,0.39370000,290149.00000000,1783767599999,115912.83056000,3360
1783767600000,0.39350000,0.40030000,0.39230000,0.39510000,176676.10000000,1783771199999,69958.52877000,1927
1783771200000,0.39510000,0.39620000,0.38850000,0.38930000,151096.80000000,1783774799999,59250.96942000,1798
1783774800000,0.38940000,0.39560000,0.38890000,0.39150000,231723.30000000,1783778399999,90813.00202000,2213
1783778400000,0.39140000,0.39180000,0.38250000,0.38370000,568579.50000000,1783781999999,219733.10404000,3380
1783782000000,0.38360000,0.38640000,0.38280000,0.38470000,152351.80000000,1783785599999,58638.35096000,1371
1783785600000,0.38470000,0.38550000,0.38080000,0.38300000,200336.50000000,1783789199999,76654.10961000,1393
1783789200000,0.38300000,0.38430000,0.37950000,0.38090000,134944.20000000,1783792799999,51586.33771000,1174
1783792800000,0.38080000,0.38290000,0.37950000,0.37980000,94807.30000000,1783796399999,36089.49027000,810
1783796400000,0.38000000,0.38080000,0.36560000,0.36980000,974037.60000000,1783799999999,362166.00187000,5346
1783800000000,0.36990000,0.37110000,0.36550000,0.36620000,299722.90000000,1783803599999,110131.88494000,2300
1783803600000,0.36610000,0.36820000,0.36250000,0.36330000,427845.90000000,1783807199999,156147.77797000,1944
1783807200000,0.36340000,0.36810000,0.35700000,0.36500000,1298150.80000000,1783810799999,467968.58150000,6530
1783810800000,0.36510000,0.36660000,0.35920000,0.36340000,354835.90000000,1783814399999,128815.93391000,2551
1783814400000,0.36350000,0.37810000,0.36310000,0.36910000,1109509.10000000,1783817999999,411499.38525000,8261
1783818000000,0.36910000,0.37550000,0.36570000,0.37230000,613232.60000000,1783821599999,227392.26515000,3529
1783821600000,0.37220000,0.37510000,0.37100000,0.37290000,242715.10000000,1783825199999,90498.24942000,1887
1783825200000,0.37280000,0.37520000,0.36810000,0.36810000,132527.80000000,1783828799999,49241.39549000,1263
1783828800000,0.36800000,0.36970000,0.35600000,0.35760000,853311.40000000,1783832399999,309513.22504000,4149
1783832400000,0.35760000,0.36020000,0.35100000,0.35640000,499807.90000000,1783835999999,177843.67511000,3379
1783836000000,0.35620000,0.35620000,0.34370000,0.34400000,835109.70000000,1783839599999,290942.49979000,7866
1783839600000,0.34410000,0.34770000,0.34050000,0.34180000,436346.80000000,1783843199999,149585.43321000,4358
1783843200000,0.34160000,0.34390000,0.33470000,0.33490000,685103.20000000,1783846799999,231910.92502000,5960
1783846800000,0.33500000,0.39180000,0.33470000,0.38100000,3495184.40000000,1783850399999,1253602.71261000,22782
1783850400000,0.38100000,0.38790000,0.35650000,0.36130000,2268598.70000000,1783853999999,837291.79889000,16543
1783854000000,0.36120000,0.38640000,0.35010000,0.38180000,2323241.50000000,1783857599999,844813.80933000,14268
1783857600000,0.38180000,0.38940000,0.36430000,0.36460000,1899986.90000000,1783861199999,710764.45082000,13664
1783861200000,0.36440000,0.37400000,0.36220000,0.37360000,501903.10000000,1783864799999,183740.83712000,3752
1783864800000,0.37350000,0.37730000,0.36780000,0.37730000,970260.30000000,1783868399999,360581.31854000,6680
1783868400000,0.37730000,0.37780000,0.36470000,0.37240000,679868.50000000,1783871999999,251731.25524000,5704
1783872000000,0.37230000,0.38220000,0.37100000,0.37820000,872308.10000000,1783875599999,327814.18018000,5484
1783875600000,0.37840000,0.38490000,0.37750000,0.37750000,512745.30000000,1783879199999,195666.89675000,4146
1783879200000,0.37760000,0.39000000,0.37760000,0.38850000,577210.00000000,1783882799999,222548.77561000,3618
1783882800000,0.38860000,0.39180000,0.38230000,0.38910000,552409.10000000,1783886399999,214537.67836000,3614
1783886400000,0.38920000,0.39490000,0.38520000,0.38700000,834209.50000000,1783889999999,326006.17355000,4988
1783890000000,0.38710000,0.39200000,0.38380000,0.38440000,369949.50000000,1783893599999,143840.54295000,1456
1783893600000,0.38450000,0.38480000,0.37430000,0.37570000,398139.40000000,1783897199999,151284.00993000,1801
1783897200000,0.37590000,0.37680000,0.37310000,0.37360000,185602.70000000,1783900799999,69546.87801000,873
1783900800000,0.37360000,0.38120000,0.37310000,0.37470000,569168.40000000,1783904399999,214497.53254000,4132
1783904400000,0.37490000,0.38400000,0.37430000,0.38380000,209089.00000000,1783907999999,79207.00306000,2049
1783908000000,0.38370000,0.38740000,0.37940000,0.38110000,521941.90000000,1783911599999,199968.29171000,3533
1783911600000,0.38120000,0.38230000,0.37480000,0.37780000,438065.60000000,1783915199999,165324.30023000,3872
1783915200000,0.37770000,0.38760000,0.37750000,0.38120000,430313.80000000,1783918799999,164623.35831000,3512
1783918800000,0.38120000,0.38300000,0.37920000,0.38140000,136484.50000000,1783922399999,51959.61004000,1125
1783922400000,0.38140000,0.38150000,0.37400000,0.37770000,254388.10000000,1783925999999,96050.29981000,1783
1783926000000,0.37780000,0.38390000,0.37250000,0.38180000,651243.40000000,1783929599999,245516.46683000,4789
1783929600000,0.38190000,0.38690000,0.37720000,0.38030000,533174.50000000,1783933199999,203282.13034000,3141
1783933200000,0.38030000,0.39060000,0.38030000,0.38930000,1005496.20000000,1783936799999,387766.25550000,6131
1783936800000,0.38940000,0.39180000,0.38180000,0.38320000,449247.40000000,1783940399999,173887.58867000,3236
1783940400000,0.38330000,0.39600000,0.38330000,0.39290000,1162060.70000000,1783943999999,456343.74301000,8040
1783944000000,0.39290000,0.40340000,0.39280000,0.39900000,1366154.10000000,1783947599999,545284.16231000,10606
1783947600000,0.39890000,0.40430000,0.39170000,0.40180000,669878.80000000,1783951199999,266138.67339000,4704
1783951200000,0.40210000,0.42030000,0.40190000,0.41900000,2241455.20000000,1783954799999,923334.58854000,18535
1783954800000,0.41910000,0.43370000,0.41650000,0.42890000,2409506.90000000,1783958399999,1025867.60953000,14271
1783958400000,0.42910000,0.45000000,0.42740000,0.44380000,3161013.50000000,1783961999999,1392203.75815000,21678
1783962000000,0.44390000,0.47630000,0.44390000,0.47500000,3683331.00000000,1783965599999,1715953.08493000,33933
1783965600000,0.47500000,0.52250000,0.46740000,0.51420000,6553832.80000000,1783969199999,3249899.10948000,54113
1783969200000,0.51440000,0.53200000,0.50110000,0.51400000,8915500.20000000,1783972799999,4598645.89613000,85604
1783972800000,0.51390000,0.51900000,0.46800000,0.46860000,6720267.30000000,1783976399999,3325055.19799000,67761
1783976400000,0.46880000,0.47980000,0.45290000,0.46020000,5920526.30000000,1783979999999,2752096.89194000,37652
1783980000000,0.46020000,0.47080000,0.45550000,0.46360000,1927170.60000000,1783983599999,892520.44938000,19950
1783983600000,0.46370000,0.47360000,0.45590000,0.47310000,948274.20000000,1783987199999,440946.49202000,9408
1783987200000,0.47310000,0.47780000,0.46100000,0.47520000,1218468.00000000,1783990799999,572630.74241000,12651
1783990800000,0.47520000,0.47560000,0.42080000,0.42790000,4167233.20000000,1783994399999,1828994.10948000,38634
1783994400000,0.42810000,0.42820000,0.41020000,0.41330000,2430161.90000000,1783997999999,1013008.09168000,22325
1783998000000,0.41350000,0.41870000,0.39450000,0.39470000,1993395.40000000,1784001599999,814135.51897000,16717
1784001600000,0.39460000,0.39620000,0.37670000,0.38090000,2143709.90000000,1784005199999,828386.49780000,21616
1784005200000,0.38080000,0.38960000,0.37840000,0.38210000,1184571.50000000,1784008799999,454563.67408000,14965
1784008800000,0.38210000,0.38300000,0.37460000,0.37670000,1265184.10000000,1784012399999,479671.40586000,9639
1784012400000,0.37670000,0.38400000,0.37540000,0.38270000,1257405.60000000,1784015999999,478691.75063000,9918
1784016000000,0.38270000,0.39120000,0.37750000,0.37970000,1438838.50000000,1784019599999,550833.61127000,16957
1784019600000,0.37950000,0.38460000,0.37730000,0.37930000,1165005.60000000,1784023199999,443221.66242000,8767
1784023200000,0.37920000,0.38170000,0.36750000,0.37760000,1184047.40000000,1784026799999,443393.80263000,8834
1784026800000,0.37730000,0.39490000,0.37710000,0.39330000,1416276.00000000,1784030399999,546519.72340000,8235
1784030400000,0.39310000,0.39350000,0.37740000,0.38740000,1234818.50000000,1784033999999,473694.25842000,11380
1784034000000,0.38720000,0.38810000,0.38270000,0.38370000,761641.40000000,1784037599999,293352.41445000,4918
1784037600000,0.38380000,0.38430000,0.37250000,0.37600000,1701251.40000000,1784041199999,643376.80314000,10892
1784041200000,0.37600000,0.38090000,0.37110000,0.37580000,1223199.50000000,1784044799999,459214.19684000,10214
1784044800000,0.37590000,0.37980000,0.37070000,0.37860000,1095054.70000000,1784048399999,410172.32651000,11358
1784048400000,0.37880000,0.37980000,0.37210000,0.37650000,823137.70000000,1784051999999,308382.08813000,5261
1784052000000,0.37650000,0.37700000,0.35740000,0.36040000,1753955.10000000,1784055599999,640924.14061000,13288
1784055600000,0.36050000,0.36440000,0.35740000,0.36380000,1779197.30000000,1784059199999,641553.09974000,11039
1784059200000,0.36380000,0.36580000,0.36050000,0.36430000,879344.30000000,1784062799999,319233.06101000,5137
1784062800000,0.36410000,0.36590000,0.36030000,0.36340000,802007.20000000,1784066399999,290874.16177000,6886
1784066400000,0.36340000,0.37430000,0.36090000,0.37050000,1483243.40000000,1784069999999,546226.35581000,12816
1784070000000,0.37070000,0.37070000,0.36110000,0.36300000,785041.00000000,1784073599999,286122.07638000,8092
1784073600000,0.36310000,0.36790000,0.36100000,0.36170000,583836.00000000,1784077199999,212617.70915000,4698
1784077200000,0.36150000,0.37090000,0.36110000,0.36390000,425952.10000000,1784080799999,156108.55808000,4231
1784080800000,0.36350000,0.36510000,0.35920000,0.35950000,590037.40000000,1784084399999,213639.31119000,4718
1784084400000,0.35950000,0.37320000,0.35390000,0.36720000,1217320.20000000,1784087999999,440495.91113000,7294
1784088000000,0.36710000,0.38520000,0.36290000,0.37920000,2595237.40000000,1784091599999,976001.55467000,18632
1784091600000,0.37900000,0.38510000,0.35800000,0.36090000,1792572.00000000,1784095199999,668503.33223000,10957
1784095200000,0.36120000,0.36570000,0.35360000,0.36490000,999617.60000000,1784098799999,359429.81232000,6888
1784098800000,0.36480000,0.37660000,0.36210000,0.36430000,1521692.10000000,1784102399999,561465.67872000,11639
1784102400000,0.36430000,0.36640000,0.36070000,0.36100000,587883.70000000,1784105999999,213721.00218000,4996
1784106000000,0.36110000,0.36920000,0.36100000,0.36450000,701802.90000000,1784109599999,256422.13765000,5240
1784109600000,0.36450000,0.36800000,0.35950000,0.35960000,531578.40000000,1784113199999,192970.73562000,3700
1784113200000,0.35960000,0.36600000,0.35620000,0.35660000,1113441.20000000,1784116799999,401994.09920000,5279
1784116800000,0.35670000,0.37230000,0.35390000,0.36810000,1073498.40000000,1784120399999,389897.70689000,8816
1784120400000,0.36820000,0.37610000,0.36670000,0.37000000,1431375.10000000,1784123999999,532664.63174000,11549
1784124000000,0.37010000,0.37260000,0.36670000,0.36920000,523998.90000000,1784127599999,193531.43472000,3704
1784127600000,0.36910000,0.41000000,0.36560000,0.40710000,5924667.00000000,1784131199999,2346093.83700000,31479
1784131200000,0.40720000,0.41630000,0.39100000,0.39740000,6812018.20000000,1784134799999,2757659.33672000,40632
1784134800000,0.39770000,0.40730000,0.39500000,0.40180000,1780018.60000000,1784138399999,713926.15622000,14064
1784138400000,0.40190000,0.40560000,0.39770000,0.39910000,1350651.90000000,1784141999999,542262.08623000,11308
1784142000000,0.39920000,0.40830000,0.39870000,0.40700000,813965.80000000,1784145599999,328117.74696000,5647
1784145600000,0.40690000,0.40800000,0.39860000,0.39900000,851241.70000000,1784149199999,342383.63937000,8437
1784149200000,0.39920000,0.40580000,0.39310000,0.40280000,1327181.30000000,1784152799999,530627.69687000,11018
1784152800000,0.40290000,0.40570000,0.39680000,0.39700000,579007.00000000,1784156399999,232464.07763000,4228
1784156400000,0.39700000,0.40120000,0.39560000,0.39970000,332403.90000000,1784159999999,132385.71315000,3481
1784160000000,0.39960000,0.40300000,0.39740000,0.40070000,502289.00000000,1784163599999,201192.66481000,5263
1784163600000,0.40050000,0.40050000,0.39110000,0.39610000,386526.70000000,1784167199999,152456.00487000,3502
1784167200000,0.39630000,0.39990000,0.38900000,0.39030000,477440.20000000,1784170799999,188122.85199000,4714
1784170800000,0.39010000,0.39930000,0.38970000,0.39380000,681384.60000000,1784174399999,269077.72108000,4372
1784174400000,0.39390000,0.39770000,0.39100000,0.39690000,328632.20000000,1784177999999,129552.09003000,3572
1784178000000,0.39710000,0.40580000,0.39460000,0.40410000,617361.30000000,1784181599999,246959.63040000,4982
1784181600000,0.40420000,0.40440000,0.39530000,0.39740000,851947.30000000,1784185199999,340632.47029000,6012
1784185200000,0.39740000,0.40110000,0.39520000,0.39630000,693255.50000000,1784188799999,275675.49336000,4035
1784188800000,0.39620000,0.40200000,0.39270000,0.40130000,704366.70000000,1784192399999,279744.24186000,4649
1784192400000,0.40130000,0.40180000,0.39420000,0.39800000,586417.50000000,1784195999999,233360.05600000,4579
1784196000000,0.39810000,0.40020000,0.39610000,0.39760000,400612.90000000,1784199599999,159690.77613000,3652
1784199600000,0.39760000,0.39950000,0.39480000,0.39840000,587990.00000000,1784203199999,233305.45479000,2847
1784203200000,0.39850000,0.40890000,0.39830000,0.40190000,1505800.40000000,1784206799999,609021.13239000,10114
1784206800000,0.40210000,0.40500000,0.39750000,0.40160000,640624.40000000,1784210399999,256472.06157000,3512
1784210400000,0.40150000,0.40470000,0.38910000,0.38940000,1106030.30000000,1784213999999,437919.43612000,4891
1784214000000,0.38950000,0.39050000,0.37960000,0.38330000,1040757.00000000,1784217599999,400029.32320000,8119
1784217600000,0.38320000,0.38790000,0.37670000,0.37900000,772110.00000000,1784221199999,296131.41029000,3964
1784221200000,0.37890000,0.37930000,0.37380000,0.37690000,395870.70000000,1784224799999,148986.37497000,2303
1784224800000,0.37690000,0.39300000,0.37690000,0.38940000,1154658.60000000,1784228399999,443964.50320000,4939
1784228400000,0.38950000,0.40000000,0.38900000,0.39750000,783450.30000000,1784231999999,308347.21400000,4599
1784232000000,0.39760000,0.39930000,0.38790000,0.39240000,516913.70000000,1784235599999,203163.49982000,3121
1784235600000,0.39220000,0.39850000,0.39030000,0.39830000,374514.80000000,1784239199999,147867.77128000,1877
1784239200000,0.39860000,0.40370000,0.39830000,0.40110000,778742.10000000,1784242799999,312457.82692000,4302
1784242800000,0.40110000,0.40940000,0.40070000,0.40840000,1230008.60000000,1784246399999,499170.41545000,7139
1784246400000,0.40860000,0.41750000,0.40650000,0.40990000,1390749.30000000,1784249999999,573418.19775000,8076
1784250000000,0.41000000,0.41550000,0.40560000,0.40650000,579251.90000000,1784253599999,238126.92521000,5394
1784253600000,0.40660000,0.40930000,0.39780000,0.40350000,604588.80000000,1784257199999,243154.69319000,4698
1784257200000,0.40350000,0.40350000,0.39420000,0.39640000,367044.60000000,1784260799999,146407.38902000,3654
1784260800000,0.39650000,0.40280000,0.39380000,0.39860000,421565.00000000,1784264399999,167687.38313000,4008
1784264400000,0.39870000,0.40220000,0.39670000,0.40160000,320181.20000000,1784267999999,128186.13434000,3561
1784268000000,0.40170000,0.41210000,0.40170000,0.41170000,702158.60000000,1784271599999,285716.21636000,4583
1784271600000,0.41170000,0.41230000,0.40340000,0.40490000,361129.60000000,1784275199999,147261.77138000,3561
1784275200000,0.40500000,0.40920000,0.40150000,0.40480000,414672.00000000,1784278799999,168219.57286000,4174
1784278800000,0.40500000,0.40670000,0.40060000,0.40150000,243145.80000000,1784282399999,98124.45851000,2698
1784282400000,0.40140000,0.40590000,0.40040000,0.40500000,401985.90000000,1784285999999,162419.09516000,2397
1784286000000,0.40520000,0.40790000,0.39140000,0.39940000,1024068.40000000,1784289599999,409273.44636000,5390
1784289600000,0.39940000,0.40140000,0.39390000,0.39760000,422702.30000000,1784293199999,167780.89723000,3037
1784293200000,0.39780000,0.40290000,0.39590000,0.40170000,370746.70000000,1784296799999,148338.98235000,4006
1784296800000,0.40160000,0.40490000,0.39900000,0.39980000,461742.40000000,1784300399999,185314.98808000,4830
1784300400000,0.39980000,0.40300000,0.39530000,0.39970000,401836.30000000,1784303999999,160823.25881000,4173
1784304000000,0.39970000,0.40480000,0.39360000,0.39790000,716957.80000000,1784307599999,286769.50159000,5329
1784307600000,0.39800000,0.39910000,0.39550000,0.39660000,464714.50000000,1784311199999,184587.75121000,1973
1784311200000,0.39670000,0.39810000,0.39210000,0.39750000,377013.10000000,1784314799999,149026.13488000,2163
1784314800000,0.39750000,0.39770000,0.39100000,0.39410000,443966.10000000,1784318399999,174669.77241000,2413
1784318400000,0.39400000,0.40550000,0.39400000,0.40460000,345403.10000000,1784321999999,138164.40268000,2730
1784322000000,0.40460000,0.40500000,0.39780000,0.39920000,207316.90000000,1784325599999,83322.38988000,1424
1784325600000,0.39910000,0.39930000,0.39560000,0.39560000,149669.70000000,1784329199999,59455.99099000,1254
1784329200000,0.39590000,0.39820000,0.39450000,0.39600000,114154.80000000,1784332799999,45212.98283000,913
1784332800000,0.39580000,0.39660000,0.39190000,0.39550000,239698.70000000,1784336399999,94533.17871000,1382
1784336400000,0.39560000,0.39800000,0.39370000,0.39390000,100158.80000000,1784339999999,39658.80424000,1019
1784340000000,0.39390000,0.39440000,0.38840000,0.38880000,328518.20000000,1784343599999,128586.00851000,1652
1784343600000,0.38850000,0.38870000,0.38130000,0.38220000,341194.30000000,1784347199999,131412.33308000,1939
1784347200000,0.38200000,0.38740000,0.37900000,0.38710000,285103.80000000,1784350799999,109346.38714000,2125
1784350800000,0.38710000,0.38760000,0.37770000,0.37940000,257141.40000000,1784354399999,98101.93080000,1737
1784354400000,0.37930000,0.41380000,0.37780000,0.40680000,1674960.30000000,1784357999999,675729.60169000,12709
1784358000000,0.40690000,0.41890000,0.40440000,0.40950000,1852892.20000000,1784361599999,763200.80902000,15974
1784361600000,0.40940000,0.42540000,0.40750000,0.41940000,1317372.80000000,1784365199999,548751.11737000,10392
1784365200000,0.41940000,0.44520000,0.41150000,0.44470000,3035240.30000000,1784368799999,1305488.96952000,19413
1784368800000,0.44460000,0.45770000,0.43390000,0.44730000,3420734.70000000,1784372399999,1534584.74045000,25282
1784372400000,0.44740000,0.45520000,0.44240000,0.44610000,2571494.90000000,1784375999999,1158440.92920000,21525
1784376000000,0.44630000,0.45440000,0.44260000,0.45350000,1539634.90000000,1784379599999,691338.62206000,13241
1784379600000,0.45350000,0.46860000,0.45010000,0.46420000,1598651.90000000,1784383199999,735201.44454000,12068
1784383200000,0.46430000,0.47640000,0.45910000,0.45920000,2155878.90000000,1784386799999,1012965.84032000,14474
1784386800000,0.45950000,0.46190000,0.44770000,0.45250000,2002240.90000000,1784390399999,911473.24943000,19382
1784390400000,0.45260000,0.45810000,0.44140000,0.45180000,1659494.30000000,1784393999999,747469.13614000,13723
1784394000000,0.45210000,0.45400000,0.44350000,0.44930000,860797.50000000,1784397599999,385827.17871000,9337
1784397600000,0.44910000,0.45580000,0.44450000,0.45180000,456013.80000000,1784401199999,205164.16898000,5355
1784401200000,0.45180000,0.45290000,0.44610000,0.45230000,297981.60000000,1784404799999,133775.40392000,3785
1784404800000,0.45240000,0.45240000,0.44650000,0.45000000,296462.70000000,1784408399999,133081.98414000,2653
1784408400000,0.44970000,0.45010000,0.44380000,0.44660000,356747.20000000,1784411999999,159198.99803000,3806
1784412000000,0.44650000,0.45130000,0.44310000,0.44330000,362931.80000000,1784415599999,162370.99881000,4734
1784415600000,0.44320000,0.45520000,0.44300000,0.44990000,445821.70000000,1784419199999,200753.50150000,3894
1784419200000,0.44990000,0.45970000,0.44920000,0.45510000,412225.50000000,1784422799999,187594.71816000,3814
1784422800000,0.45500000,0.45580000,0.44850000,0.45040000,361488.30000000,1784426399999,163493.02782000,3684
1784426400000,0.45030000,0.45250000,0.44390000,0.45020000,361095.40000000,1784429999999,161669.64587000,3713
1784430000000,0.45020000,0.45690000,0.43550000,0.43830000,869851.40000000,1784433599999,387052.43214000,6648
1784433600000,0.43840000,0.45600000,0.43840000,0.45470000,703061.10000000,1784437199999,316097.99029000,5684
1784437200000,0.45480000,0.45780000,0.44990000,0.45040000,472399.30000000,1784440799999,214294.94499000,3262
1784440800000,0.45050000,0.46680000,0.45040000,0.46020000,1106500.60000000,1784444399999,510910.19901000,7483
1784444400000,0.46020000,0.46560000,0.45700000,0.46240000,827851.00000000,1784447999999,382478.08033000,4573
1784448000000,0.46230000,0.48390000,0.45980000,0.48040000,1416924.40000000,1784451599999,670672.42073000,10321
1784451600000,0.48020000,0.48500000,0.46690000,0.46820000,1187526.50000000,1784455199999,566656.14081000,8418
1784455200000,0.46810000,0.47070000,0.45080000,0.45820000,874244.90000000,1784458799999,403580.09484000,6403
1784458800000,0.45830000,0.46340000,0.45370000,0.46040000,853738.20000000,1784462399999,391780.80321000,6775
1784462400000,0.46020000,0.46120000,0.44590000,0.45420000,1065000.80000000,1784465999999,479982.03618000,6441
1784466000000,0.45400000,0.45850000,0.44860000,0.45560000,488958.20000000,1784469599999,222001.97645000,3405
1784469600000,0.45570000,0.46820000,0.45450000,0.46390000,727939.70000000,1784473199999,337908.41627000,4600
1784473200000,0.46400000,0.47660000,0.46310000,0.47110000,1076732.70000000,1784476799999,506458.74300000,7163
1784476800000,0.47120000,0.47560000,0.46220000,0.46370000,449951.50000000,1784480399999,210753.77234000,4142
1784480400000,0.46360000,0.47570000,0.46160000,0.46440000,785632.60000000,1784483999999,369242.81332000,6029
1784484000000,0.46450000,0.46740000,0.45860000,0.46520000,505178.70000000,1784487599999,234290.51931000,4031
1784487600000,0.46520000,0.46740000,0.46320000,0.46390000,204006.80000000,1784491199999,94836.37833000,1807
1784491200000,0.46400000,0.46470000,0.46020000,0.46200000,139434.10000000,1784494799999,64445.94805000,1717
1784494800000,0.46190000,0.46290000,0.45570000,0.45660000,160305.90000000,1784498399999,73664.55141000,1252
1784498400000,0.45660000,0.45880000,0.44860000,0.44910000,336305.30000000,1784501999999,152772.04111000,2728
1784502000000,0.44920000,0.45300000,0.44670000,0.45270000,194547.10000000,1784505599999,87462.54310000,1715
1784505600000,0.45250000,0.46270000,0.44050000,0.46150000,1182828.90000000,1784509199999,534759.90701000,7490
1784509200000,0.46140000,0.46230000,0.45510000,0.45760000,237033.90000000,1784512799999,108644.65767000,2538
1784512800000,0.45770000,0.46330000,0.45430000,0.46050000,339420.20000000,1784516399999,155665.25919000,3140
1784516400000,0.46040000,0.46400000,0.45610000,0.45640000,218876.50000000,1784519999999,100812.60806000,1826
1784520000000,0.45660000,0.46180000,0.45260000,0.46030000,249113.70000000,1784523599999,113630.23610000,2323
1784523600000,0.46040000,0.46070000,0.45670000,0.46030000,126041.80000000,1784527199999,57872.83703000,1424
1784527200000,0.46030000,0.46600000,0.45630000,0.46410000,523042.30000000,1784530799999,241332.86726000,2996
1784530800000,0.46420000,0.46720000,0.46180000,0.46440000,208371.90000000,1784534399999,96808.59128000,2337
1784534400000,0.46450000,0.46480000,0.45360000,0.45800000,385667.30000000,1784537999999,176517.16538000,4246
1784538000000,0.45780000,0.45860000,0.44380000,0.45020000,742562.00000000,1784541599999,333837.49238000,6185
1784541600000,0.45000000,0.45330000,0.44410000,0.44940000,301606.90000000,1784545199999,135378.40436000,3028
1784545200000,0.44920000,0.45220000,0.44640000,0.45010000,253553.70000000,1784548799999,113878.46450000,2193
1784548800000,0.45030000,0.45220000,0.44390000,0.44680000,339622.40000000,1784552399999,152109.96296000,3730
1784552400000,0.44690000,0.45490000,0.44400000,0.45210000,365262.20000000,1784555999999,164266.32996000,3311
1784556000000,0.45200000,0.45320000,0.44680000,0.45130000,213350.70000000,1784559599999,96102.83770000,2506
1784559600000,0.45140000,0.47180000,0.45000000,0.46970000,707044.10000000,1784563199999,328729.78906000,7051
1784563200000,0.46950000,0.49560000,0.46930000,0.48720000,2296907.30000000,1784566799999,1117809.28839000,19882
1784566800000,0.48730000,0.49850000,0.48660000,0.49420000,666439.80000000,1784570399999,327703.26877000,6232
1784570400000,0.49430000,0.49840000,0.47400000,0.47400000,747985.70000000,1784573999999,361173.36646000,6685
1784574000000,0.47430000,0.47800000,0.46320000,0.46940000,1342910.50000000,1784577599999,631344.71674000,7294
1784577600000,0.46920000,0.47400000,0.46070000,0.46110000,415709.90000000,1784581199999,195105.64212000,3235
1784581200000,0.46120000,0.47230000,0.46030000,0.46870000,266277.40000000,1784584799999,124095.30817000,1928
1784584800000,0.46880000,0.48170000,0.46820000,0.47700000,360776.20000000,1784588399999,171922.26610000,4257
1784588400000,0.47710000,0.48890000,0.47590000,0.47840000,569346.00000000,1784591999999,274180.18245000,3567
1784592000000,0.47830000,0.48270000,0.47750000,0.48060000,243399.90000000,1784595599999,117002.87019000,2479
1784595600000,0.48060000,0.48230000,0.47000000,0.47460000,435861.50000000,1784599199999,207179.44153000,3013
1784599200000,0.47470000,0.48180000,0.47080000,0.47680000,388527.10000000,1784602799999,184897.10339000,3673
1784602800000,0.47690000,0.48570000,0.47690000,0.48150000,307519.40000000,1784606399999,148330.63811000,2878
1784606400000,0.48150000,0.49200000,0.47960000,0.48110000,400545.80000000,1784609999999,194773.63881000,3669
1784610000000,0.48090000,0.48240000,0.47220000,0.47350000,315957.00000000,1784613599999,150564.42288000,2621
1784613600000,0.47360000,0.47860000,0.46660000,0.47860000,369857.60000000,1784617199999,174600.11517000,3480
1784617200000,0.47870000,0.48820000,0.47830000,0.48030000,521078.10000000,1784620799999,251557.75867000,3494
1784620800000,0.48040000,0.48460000,0.47550000,0.47560000,441131.30000000,1784624399999,211921.38137000,4247
1784624400000,0.47540000,0.47780000,0.46930000,0.47460000,344785.10000000,1784627999999,163271.50924000,3345
1784628000000,0.47460000,0.47640000,0.47080000,0.47560000,200924.50000000,1784631599999,95079.31876000,1935
1784631600000,0.47570000,0.49650000,0.47500000,0.49450000,1097702.70000000,1784635199999,535779.31581000,6081
1784635200000,0.49410000,0.49490000,0.48750000,0.48850000,776344.10000000,1784638799999,381541.77487000,5105
1784638800000,0.48860000,0.51000000,0.48860000,0.49910000,1609788.50000000,1784642399999,808076.30352000,10194
1784642400000,0.49890000,0.50710000,0.49190000,0.49270000,691842.40000000,1784645999999,345980.85861000,5860
1784646000000,0.49270000,0.49730000,0.48100000,0.48380000,445555.00000000,1784649599999,218135.31264000,4668
1784649600000,0.48360000,0.50450000,0.48180000,0.49260000,766024.30000000,1784653199999,379988.16439000,5712
1784653200000,0.49250000,0.49540000,0.48600000,0.48680000,205753.70000000,1784656799999,100910.95072000,3084
1784656800000,0.48690000,0.49290000,0.48310000,0.48780000,179081.30000000,1784660399999,87442.10763000,2511
1784660400000,0.48780000,0.49320000,0.48760000,0.49000000,84170.90000000,1784663999999,41189.75456000,1438
1784664000000,0.49010000,0.49100000,0.47930000,0.47960000,186583.80000000,1784667599999,90446.72925000,1956
1784667600000,0.47940000,0.48040000,0.47220000,0.47930000,470754.40000000,1784671199999,224444.81739000,2586
1784671200000,0.47930000,0.48680000,0.47790000,0.48020000,251493.60000000,1784674799999,121246.20226000,2566
1784674800000,0.48020000,0.48580000,0.47890000,0.48050000,128975.70000000,1784678399999,62129.12180000,1621
1784678400000,0.48040000,0.48280000,0.47540000,0.48240000,194340.60000000,1784681999999,93015.26379000,2400
1784682000000,0.48230000,0.49190000,0.48020000,0.48390000,268142.50000000,1784685599999,130489.98472000,3075
1784685600000,0.48400000,0.49310000,0.48330000,0.48820000,145305.60000000,1784689199999,70934.10666000,1902
1784689200000,0.48810000,0.49440000,0.48410000,0.49300000,167415.80000000,1784692799999,81852.74610000,2166
1784692800000,0.49310000,0.49460000,0.48630000,0.48740000,212164.10000000,1784696399999,104177.96776000,2291
1784696400000,0.48750000,0.49400000,0.48700000,0.49090000,196888.20000000,1784699999999,96623.92825000,2407
1784700000000,0.49080000,0.49250000,0.48530000,0.48670000,262885.50000000,1784703599999,128358.88944000,2524
1784703600000,0.48670000,0.49360000,0.48630000,0.49110000,220653.30000000,1784707199999,108192.16956000,2131
1784707200000,0.49120000,0.50870000,0.48810000,0.50400000,1104209.90000000,1784710799999,551306.41143000,5975
1784710800000,0.50400000,0.50540000,0.49680000,0.49700000,585164.10000000,1784714399999,293391.46633000,4497
1784714400000,0.49690000,0.50390000,0.49590000,0.49830000,263457.50000000,1784717999999,131856.43582000,3002
1784718000000,0.49790000,0.50480000,0.49780000,0.50020000,179394.00000000,1784721599999,89836.95768000,2127
1784721600000,0.50000000,0.50500000,0.49340000,0.49720000,466071.30000000,1784725199999,232978.68627000,3695
1784725200000,0.49730000,0.51000000,0.49670000,0.50380000,497956.20000000,1784728799999,250865.90913000,4320
1784728800000,0.50370000,0.50520000,0.49700000,0.50070000,400371.10000000,1784732399999,200237.36763000,3300
1784732400000,0.50060000,0.50550000,0.49520000,0.49940000,470620.30000000,1784735999999,235758.26383000,3505
1784736000000,0.49960000,0.50400000,0.49100000,0.49890000,562666.40000000,1784739599999,280184.71383000,3102
1784739600000,0.49870000,0.50430000,0.49490000,0.50200000,170036.90000000,1784743199999,85054.12944000,1942
1784743200000,0.50220000,0.50460000,0.49770000,0.50200000,310488.90000000,1784746799999,155456.52525000,2052
1784746800000,0.50200000,0.50370000,0.49940000,0.50020000,241543.30000000,1784750399999,121211.02594000,1993
1784750400000,0.50010000,0.50250000,0.49500000,0.50240000,352145.30000000,1784753999999,175849.53040000,2150
1784754000000,0.50240000,0.50430000,0.49500000,0.50250000,471407.20000000,1784757599999,235494.13686000,2200
1784757600000,0.50260000,0.50760000,0.50180000,0.50320000,215466.40000000,1784761199999,108738.01257000,1931
1784761200000,0.50330000,0.50490000,0.50110000,0.50390000,119489.70000000,1784764799999,60115.22906000,1834
1784764800000,0.50380000,0.50950000,0.50070000,0.50650000,274532.10000000,1784768399999,139162.56127000,3276
1784768400000,0.50640000,0.50640000,0.50160000,0.50290000,157710.70000000,1784771999999,79425.43064000,2095
1784772000000,0.50280000,0.50420000,0.49260000,0.49890000,737911.30000000,1784775599999,367942.34591000,5829
1784775600000,0.49900000,0.50410000,0.49800000,0.49910000,99872.10000000,1784779199999,50044.49346000,1613
1784779200000,0.49920000,0.50310000,0.49840000,0.50100000,101941.80000000,1784782799999,51073.94833000,1289
1784782800000,0.50090000,0.50240000,0.49680000,0.49740000,92078.80000000,1784786399999,45935.18872000,963
1784786400000,0.49740000,0.50250000,0.49640000,0.49980000,124154.50000000,1784789999999,62058.27328000,1446
1784790000000,0.50000000,0.50440000,0.49930000,0.49980000,129304.80000000,1784793599999,64828.43916000,2088
1784793600000,0.49990000,0.50980000,0.49850000,0.50950000,332835.80000000,1784797199999,168498.61779000,3584
1784797200000,0.50950000,0.51540000,0.49910000,0.50280000,600238.80000000,1784800799999,303824.16174000,4689
1784800800000,0.50290000,0.50300000,0.49750000,0.49960000,162976.40000000,1784804399999,81398.03467000,1809
1784804400000,0.49940000,0.50070000,0.47630000,0.48570000,1174211.50000000,1784807999999,569414.85137000,7227
1784808000000,0.48580000,0.50840000,0.48580000,0.49940000,1207467.60000000,1784811599999,602442.55032000,8887
1784811600000,0.49960000,0.51330000,0.49960000,0.50270000,738494.40000000,1784815199999,374536.73108000,6755
1784815200000,0.50280000,0.51320000,0.50110000,0.50490000,323993.40000000,1784818799999,164405.09853000,2743
1784818800000,0.50480000,0.51490000,0.50330000,0.50970000,397344.60000000,1784822399999,202624.98265000,3777
1784822400000,0.50970000,0.51100000,0.50370000,0.50430000,268607.10000000,1784825999999,136398.51204000,3046
1784826000000,0.50440000,0.51340000,0.50430000,0.50710000,271846.40000000,1784829599999,138708.44546000,2663
1784829600000,0.50690000,0.50990000,0.50460000,0.50770000,221095.80000000,1784833199999,112029.41007000,1762
1784833200000,0.50780000,0.51340000,0.50770000,0.51190000,143224.10000000,1784836799999,73134.75616000,1719
1784836800000,0.51190000,0.51390000,0.50420000,0.50910000,170150.80000000,1784840399999,86673.34314000,1771
1784840400000,0.50910000,0.51080000,0.50370000,0.50390000,149557.60000000,1784843999999,75949.32448000,1182
1784844000000,0.50400000,0.51230000,0.50370000,0.51100000,227715.10000000,1784847599999,115752.97781000,1261
1784847600000,0.51110000,0.51230000,0.50690000,0.51100000,76048.20000000,1784851199999,38777.05195000,1255
1784851200000,0.51090000,0.51390000,0.50860000,0.50940000,126896.00000000,1784854799999,64978.62803000,1690
1784854800000,0.50950000,0.51170000,0.50700000,0.50870000,106657.90000000,1784858399999,54268.21966000,1082
1784858400000,0.50880000,0.52310000,0.50880000,0.52030000,466151.00000000,1784861999999,240881.25061000,4052
1784862000000,0.52050000,0.55120000,0.49920000,0.50870000,2619096.10000000,1784865599999,1362037.96635000,27769
1784865600000,0.50880000,0.51320000,0.49320000,0.50330000,1157123.00000000,1784869199999,580826.57435000,15975
1784869200000,0.50340000,0.50700000,0.48360000,0.49810000,824082.40000000,1784872799999,408009.08141000,8768
1784872800000,0.49800000,0.51360000,0.49430000,0.50870000,495539.50000000,1784876399999,249306.46312000,5611
1784876400000,0.50860000,0.51270000,0.50030000,0.50340000,334534.40000000,1784879999999,168901.90683000,5673
1784880000000,0.50340000,0.51300000,0.50020000,0.51180000,302267.50000000,1784883599999,153759.60185000,3785
1784883600000,0.51190000,0.51620000,0.50600000,0.50880000,320665.00000000,1784887199999,163895.13999000,3757
1784887200000,0.50860000,0.51560000,0.50310000,0.51460000,365056.30000000,1784890799999,185953.18984000,3992
1784890800000,0.51460000,0.52830000,0.50600000,0.50960000,736386.10000000,1784894399999,381120.33980000,7879
1784894400000,0.50950000,0.51140000,0.48220000,0.48430000,1164466.50000000,1784897999999,575474.53171000,14968
1784898000000,0.48460000,0.49500000,0.47990000,0.48660000,580543.50000000,1784901599999,282769.34959000,7167
1784901600000,0.48690000,0.48810000,0.46030000,0.47000000,2186128.00000000,1784905199999,1036941.76990000,14894
1784905200000,0.47020000,0.49260000,0.46100000,0.48030000,1244733.10000000,1784908799999,593898.98268000,15012
1784908800000,0.48090000,0.48520000,0.47670000,0.47860000,441025.60000000,1784912399999,212075.52081000,5587
1784912400000,0.47880000,0.49740000,0.47800000,0.49500000,294705.30000000,1784915999999,143770.11829000,3398
1784916000000,0.49480000,0.50910000,0.49260000,0.50480000,482451.80000000,1784919599999,242677.09084000,7132
1784919600000,0.50470000,0.51700000,0.49930000,0.51150000,779847.20000000,1784923199999,396471.62437000,7903
1784923200000,0.51160000,0.51990000,0.51070000,0.51590000,337120.30000000,1784926799999,173684.79574000,5530
1784926800000,0.51580000,0.51810000,0.50670000,0.51240000,535869.40000000,1784930399999,274425.30832000,3538
1784930400000,0.51250000,0.51740000,0.51160000,0.51530000,156168.70000000,1784933999999,80373.18476000,2840
1784934000000,0.51530000,0.51880000,0.51280000,0.51730000,388060.50000000,1784937599999,200078.88914000,3961
1784937600000,0.51720000,0.51870000,0.51360000,0.51610000,138038.70000000,1784941199999,71276.26162000,2609
1784941200000,0.51620000,0.51840000,0.51320000,0.51410000,133151.30000000,1784944799999,68763.99549000,1964
1784944800000,0.51420000,0.51650000,0.50520000,0.50730000,153600.50000000,1784948399999,78549.01389000,2063
1784948400000,0.50730000,0.51030000,0.49700000,0.50000000,168178.40000000,1784951999999,84559.56295000,2904
1784952000000,0.49990000,0.50270000,0.48000000,0.48520000,580621.90000000,1784955599999,283004.50399000,7882
1784955600000,0.48530000,0.49140000,0.46520000,0.47020000,826916.10000000,1784959199999,396371.84363000,11284
1784959200000,0.47030000,0.47200000,0.40010000,0.41630000,6973754.00000000,1784962799999,2921355.56257000,65359
1784962800000,0.41660000,0.42070000,0.37250000,0.38400000,7639677.10000000,1784966399999,3036375.22447000,77948
1784966400000,0.38400000,0.39350000,0.36180000,0.37300000,6171861.90000000,1784969999999,2329552.81305000,61093
1784970000000,0.37300000,0.38430000,0.36780000,0.38030000,3300399.30000000,1784973599999,1242713.35099000,33663
1784973600000,0.38040000,0.38140000,0.36550000,0.37080000,2143179.00000000,1784977199999,803588.48906000,26333
1784977200000,0.37070000,0.37500000,0.36620000,0.37170000,1529879.60000000,1784980799999,568455.29653000,16334
1784980800000,0.37180000,0.38900000,0.36780000,0.38730000,2262570.40000000,1784984399999,858730.19404000,26291
1784984400000,0.38730000,0.40640000,0.35270000,0.35420000,8854896.40000000,1784987999999,3275130.65682000,104931
1784988000000,0.35420000,0.36500000,0.34570000,0.35350000,5482305.30000000,1784991599999,1938903.67999000,55829
1784991600000,0.35340000,0.35620000,0.33120000,0.33410000,5862079.50000000,1784995199999,2017141.11666000,33830
1784995200000,0.33420000,0.35640000,0.31230000,0.32670000,8639535.10000000,1784998799999,2849167.01457000,63085
1784998800000,0.32680000,0.34970000,0.32590000,0.34840000,3383811.40000000,1785002399999,1142205.67833000,25662
1785002400000,0.34870000,0.35400000,0.33370000,0.34580000,3073205.20000000,1785005999999,1060280.91122000,18562
1785006000000,0.34600000,0.37330000,0.34600000,0.37060000,3246321.90000000,1785009599999,1179454.19930000,21088
1785009600000,0.37080000,0.37590000,0.35780000,0.36890000,1938602.30000000,1785013199999,714729.43655000,15603
1785013200000,0.36870000,0.38240000,0.36860000,0.37550000,1521822.90000000,1785016799999,572944.84534000,7656
1785016800000,0.37570000,0.37810000,0.37130000,0.37410000,807544.80000000,1785020399999,302503.60000000,5749
1785020400000,0.37420000,0.38710000,0.37270000,0.38420000,891656.70000000,1785023999999,338607.70279000,7170
1785024000000,0.38410000,0.39630000,0.36450000,0.36760000,3316167.60000000,1785027599999,1269689.34431000,23705
1785027600000,0.36740000,0.36970000,0.32640000,0.32990000,4700712.00000000,1785031199999,1605879.42158000,34312
1785031200000,0.32990000,0.34590000,0.32950000,0.33870000,2145085.70000000,1785034799999,724172.42788000,16406
1785034800000,0.33880000,0.34670000,0.33620000,0.33760000,1821365.90000000,1785038399999,622629.23699000,13245
1785038400000,0.33730000,0.34430000,0.33210000,0.33490000,1584083.30000000,1785041999999,533271.72456000,9222
1785042000000,0.33510000,0.34160000,0.33380000,0.33490000,812034.00000000,1785045599999,273688.17588000,5625
1785045600000,0.33500000,0.34910000,0.32300000,0.34640000,2607422.10000000,1785049199999,871616.21491000,13557
1785049200000,0.34650000,0.36490000,0.34650000,0.35410000,3894600.80000000,1785052799999,1390083.77795000,20501
1785052800000,0.35400000,0.35400000,0.33740000,0.34440000,1975369.70000000,1785056399999,676176.75107000,12526
1785056400000,0.34410000,0.34500000,0.33710000,0.33840000,1098547.40000000,1785059999999,374426.99912000,5255
1785060000000,0.33850000,0.34300000,0.33710000,0.33960000,752429.50000000,1785063599999,255436.40441000,4095
1785063600000,0.33980000,0.34050000,0.33430000,0.33770000,933764.40000000,1785067199999,315204.43487000,4432
1785067200000,0.33760000,0.33810000,0.33270000,0.33590000,878698.20000000,1785070799999,294022.62420000,3954
1785070800000,0.33590000,0.35060000,0.33580000,0.34220000,1226949.20000000,1785074399999,420915.98716000,6736
1785074400000,0.34220000,0.34650000,0.33950000,0.34240000,869275.70000000,1785077999999,297697.83572000,5494
1785078000000,0.34240000,0.34590000,0.33830000,0.34230000,586602.80000000,1785081599999,200895.59319000,4368
1785081600000,0.34230000,0.34430000,0.33440000,0.33650000,1168500.70000000,1785085199999,395560.98455000,6528
1785085200000,0.33640000,0.33960000,0.33400000,0.33440000,826037.60000000,1785088799999,278016.59375000,4446
1785088800000,0.33450000,0.33730000,0.33280000,0.33670000,588565.50000000,1785092399999,196931.47575000,2978
1785092400000,0.33660000,0.33660000,0.32890000,0.33180000,1220443.00000000,1785095999999,405822.36791000,5048
1785096000000,0.33190000,0.33490000,0.33060000,0.33070000,417161.10000000,1785099599999,138916.11343000,2244
1785099600000,0.33080000,0.34150000,0.33070000,0.33770000,578045.70000000,1785103199999,194885.87893000,2006
1785103200000,0.33770000,0.34020000,0.33400000,0.33440000,441769.10000000,1785106799999,149165.19328000,2663
1785106800000,0.33450000,0.33510000,0.32900000,0.32900000,523187.10000000,1785110399999,173242.07126000,3176
1785110400000,0.32940000,0.33070000,0.32220000,0.32850000,1606238.60000000,1785113999999,524486.88151000,7416
1785114000000,0.32880000,0.33320000,0.32610000,0.32710000,775152.10000000,1785117599999,254879.41297000,4945
1785117600000,0.32740000,0.33460000,0.32570000,0.32790000,600651.80000000,1785121199999,198312.53708000,3657
1785121200000,0.32780000,0.33040000,0.32250000,0.32400000,690710.50000000,1785124799999,225036.78074000,3393
1785124800000,0.32440000,0.32470000,0.31900000,0.32080000,903634.70000000,1785128399999,290724.79924000,3536
1785128400000,0.32080000,0.32400000,0.31590000,0.31670000,816700.40000000,1785131999999,260511.84675000,3912
1785132000000,0.31670000,0.32840000,0.31490000,0.31790000,1483855.00000000,1785135599999,475169.61609000,7253
1785135600000,0.31790000,0.32770000,0.31650000,0.32240000,942527.20000000,1785139199999,302646.46032000,5207
1785139200000,0.32220000,0.33110000,0.32120000,0.32640000,1002810.00000000,1785142799999,327068.82537000,6495
1785142800000,0.32650000,0.32770000,0.32040000,0.32140000,539662.00000000,1785146399999,174207.47792000,4367
1785146400000,0.32150000,0.32240000,0.31530000,0.31650000,566169.60000000,1785149999999,180569.93768000,3399
1785150000000,0.31640000,0.32170000,0.31620000,0.31910000,405923.40000000,1785153599999,129649.27159000,3437
1785153600000,0.31920000,0.31990000,0.31650000,0.31750000,475046.50000000,1785157199999,151021.23306000,3838
1785157200000,0.31780000,0.32290000,0.31630000,0.31860000,529624.20000000,1785160799999,169106.00658000,4511
1785160800000,0.31860000,0.32700000,0.31590000,0.32400000,953573.30000000,1785164399999,304865.20227000,5214
1785164400000,0.32380000,0.32380000,0.31720000,0.31910000,858161.30000000,1785167999999,273499.69449000,8112
1785168000000,0.31910000,0.33250000,0.31910000,0.32970000,1326987.80000000,1785171599999,433980.31185000,16482
1785171600000,0.32960000,0.34020000,0.32880000,0.33200000,1726196.30000000,1785175199999,577158.10876000,18678
1785175200000,0.33220000,0.34710000,0.33120000,0.34160000,2798661.50000000,1785178799999,954978.29913000,17677
1785178800000,0.34180000,0.34540000,0.33110000,0.33780000,1411865.80000000,1785182399999,478026.05353000,9761
1785182400000,0.33790000,0.35590000,0.33650000,0.34970000,2435684.00000000,1785185999999,846328.25188000,16428
1785186000000,0.34960000,0.34960000,0.33270000,0.33450000,1529085.20000000,1785189599999,521345.01584000,8415
1785189600000,0.33450000,0.33510000,0.33130000,0.33280000,461472.30000000,1785193199999,153671.13975000,4141
1785193200000,0.33290000,0.34490000,0.32850000,0.34100000,1004709.10000000,1785196799999,336254.76165000,6813
1785196800000,0.34090000,0.34460000,0.33600000,0.34120000,629404.40000000,1785200399999,214822.03725000,7227
1785200400000,0.34120000,0.34970000,0.34120000,0.34840000,847990.50000000,1785203999999,292686.36934000,8286
1785204000000,0.34850000,0.35260000,0.34730000,0.34910000,643945.30000000,1785207599999,225214.73014000,7305
1785207600000,0.34900000,0.35250000,0.34480000,0.34970000,493532.80000000,1785211199999,172570.69581000,4850
1785211200000,0.34980000,0.35250000,0.34290000,0.34920000,892770.50000000,1785214799999,310696.58702000,7658
1785214800000,0.34930000,0.34970000,0.34400000,0.34920000,461675.40000000,1785218399999,160103.16265000,4977
1785218400000,0.34900000,0.34950000,0.33280000,0.33520000,1399666.70000000,1785221999999,475532.09315000,9888
1785222000000,0.33530000,0.33560000,0.32870000,0.33450000,618711.60000000,1785225599999,205511.39575000,4680
1785225600000,0.33440000,0.34190000,0.33140000,0.34120000,943614.50000000,1785229199999,317779.84764000,6410
1785229200000,0.34130000,0.34750000,0.33920000,0.34460000,1009747.70000000,1785232799999,347367.48055000,8349
1785232800000,0.34450000,0.34620000,0.33480000,0.33670000,740228.60000000,1785236399999,251873.90660000,5195
1785236400000,0.33680000,0.34040000,0.33420000,0.33630000,480308.10000000,1785239999999,162537.21313000,3995
1785240000000,0.33640000,0.34250000,0.33520000,0.33560000,397424.70000000,1785243599999,134402.10391000,3641
1785243600000,0.33570000,0.34190000,0.33280000,0.34050000,546437.60000000,1785247199999,184407.33254000,3784
1785247200000,0.34050000,0.34560000,0.34050000,0.34310000,677267.30000000,1785250799999,232456.85312000,5422
1785250800000,0.34300000,0.34670000,0.33710000,0.33740000,856478.30000000,1785254399999,292501.83869000,5763
1785254400000,0.33760000,0.34030000,0.33030000,0.33110000,1013568.00000000,1785257999999,338267.27618000,4782
1785258000000,0.33120000,0.33190000,0.32300000,0.32620000,570509.80000000,1785261599999,186360.08951000,3518
1785261600000,0.32610000,0.33330000,0.32570000,0.33250000,422067.50000000,1785265199999,139036.81033000,3308
1785265200000,0.33260000,0.33670000,0.33110000,0.33600000,370713.80000000,1785268799999,123946.08963000,3534
1785268800000,0.33610000,0.33760000,0.32950000,0.33140000,530732.60000000,1785272399999,177049.95288000,4004
1785272400000,0.33150000,0.33300000,0.32040000,0.32150000,317232.00000000,1785275999999,104166.05816000,2163
1785276000000,0.32180000,0.32430000,0.32100000,0.32200000,331798.20000000,1785279599999,106905.40322000,2133
1785279600000,0.32210000,0.32480000,0.31620000,0.31910000,347838.90000000,1785283199999,111289.96660000,2534
1785283200000,0.31920000,0.32200000,0.31640000,0.32040000,418205.70000000,1785286799999,133374.09361000,3688
1785286800000,0.32050000,0.32080000,0.31650000,0.31650000,300760.10000000,1785290399999,95824.26992000,2017
1785290400000,0.31690000,0.31760000,0.31280000,0.31520000,358706.60000000,1785293999999,113023.93873000,2855
1785294000000,0.31530000,0.31870000,0.30790000,0.31400000,614749.20000000,1785297599999,192386.41283000,4066
1785297600000,0.31410000,0.33270000,0.30980000,0.32620000,1309259.60000000,1785301199999,420349.66603000,10083
1785301200000,0.32630000,0.33160000,0.31760000,0.31870000,730870.80000000,1785304799999,238906.89438000,6403
1785304800000,0.31860000,0.31970000,0.31410000,0.31530000,492632.80000000,1785308399999,156079.39763000,4019
1785308400000,0.31540000,0.32330000,0.31510000,0.31820000,291890.50000000,1785311999999,93085.58539000,2862
1785312000000,0.31820000,0.31970000,0.31200000,0.31380000,590517.60000000,1785315599999,186434.22023000,3814
1785315600000,0.31370000,0.31650000,0.31200000,0.31460000,461681.40000000,1785319199999,145051.29723000,3730
1785319200000,0.31470000,0.31510000,0.31150000,0.31450000,146957.00000000,1785322799999,46052.33976000,1372
1785322800000,0.31460000,0.31780000,0.31360000,0.31490000,152932.40000000,1785326399999,48286.37648000,1334
1785326400000,0.31480000,0.31910000,0.31160000,0.31490000,304295.10000000,1785329999999,96107.83225000,2194
1785330000000,0.31500000,0.31710000,0.31240000,0.31350000,225131.00000000,1785333599999,70829.69229000,1667
1785333600000,0.31360000,0.31810000,0.31230000,0.31630000,215723.30000000,1785337199999,68065.15197000,1795
1785337200000,0.31640000,0.31770000,0.31320000,0.31360000,106514.80000000,1785340799999,33507.23292000,908
1785340800000,0.31380000,0.31580000,0.31220000,0.31390000,114790.20000000,1785344399999,36017.45642000,1093
1785344400000,0.31400000,0.31910000,0.31320000,0.31600000,286682.80000000,1785347999999,90706.60026000,2216
1785348000000,0.31600000,0.31790000,0.30930000,0.30980000,933054.50000000,1785351599999,292254.94817000,5598
1785351600000,0.30980000,0.31320000,0.30880000,0.30970000,373777.30000000,1785355199999,116155.52544000,3102
1785355200000,0.30980000,0.31670000,0.30980000,0.31350000,177293.60000000,1785358799999,55569.17891000,1945
1785358800000,0.31360000,0.31700000,0.31270000,0.31380000,180566.70000000,1785362399999,56959.99561000,1140
1785362400000,0.31380000,0.31380000,0.30930000,0.31020000,237563.20000000,1785365999999,73807.08407000,1808
1785366000000,0.31030000,0.31180000,0.30940000,0.31110000,209022.80000000,1785369599999,64922.74228000,1688
1785369600000,0.31100000,0.31440000,0.31090000,0.31200000,182119.10000000,1785373199999,56903.36433000,1623
1785373200000,0.31190000,0.31570000,0.30980000,0.30990000,195028.30000000,1785376799999,60969.74050000,1558
1785376800000,0.30980000,0.31130000,0.30940000,0.31070000,221708.10000000,1785380399999,68830.06722000,2028
1785380400000,0.31080000,0.31150000,0.30860000,0.30970000,188146.50000000,1785383999999,58270.57472000,1058
1785384000000,0.30970000,0.30980000,0.29890000,0.30030000,904738.80000000,1785387599999,273136.51159000,4443
1785387600000,0.30010000,0.31340000,0.29570000,0.30740000,1234996.70000000,1785391199999,375866.77108000,7813
1785391200000,0.30750000,0.31450000,0.30700000,0.30860000,452021.10000000,1785394799999,140550.73401000,4227
1785394800000,0.30860000,0.30930000,0.30190000,0.30360000,743614.40000000,1785398399999,227012.31378000,5512
1785398400000,0.30360000,0.30570000,0.30190000,0.30220000,293790.00000000,1785401999999,89298.05871000,2349
1785402000000,0.30230000,0.30660000,0.29960000,0.30660000,481595.30000000,1785405599999,145898.43891000,3735
1785405600000,0.30670000,0.31010000,0.30490000,0.30770000,381746.30000000,1785409199999,117516.90235000,4177
1785409200000,0.30770000,0.30830000,0.29920000,0.30080000,280455.70000000,1785412799999,84805.74173000,2173
1785412800000,0.30070000,0.30080000,0.29760000,0.29940000,356660.10000000,1785416399999,106789.78822000,2109
1785416400000,0.29940000,0.30100000,0.29590000,0.29940000,312081.90000000,1785419999999,93185.69662000,1752
1785420000000,0.29930000,0.30000000,0.29170000,0.29410000,527446.50000000,1785423599999,154863.19119000,2884
1785423600000,0.29410000,0.29490000,0.29200000,0.29260000,310101.70000000,1785427199999,90792.11764000,2074
1785427200000,0.29270000,0.29790000,0.28540000,0.28600000,1311794.50000000,1785430799999,381006.20502000,6996
1785430800000,0.28600000,0.30740000,0.28190000,0.30330000,2144907.30000000,1785434399999,630900.52302000,14934
1785434400000,0.30320000,0.30350000,0.28860000,0.29390000,2341203.90000000,1785437999999,686365.36174000,16774
1785438000000,0.29390000,0.29520000,0.28870000,0.28890000,810279.20000000,1785441599999,236109.94208000,7454
1785441600000,0.28910000,0.28930000,0.28110000,0.28330000,933801.50000000,1785445199999,265963.88625000,7202
1785445200000,0.28340000,0.28470000,0.28050000,0.28060000,548951.10000000,1785448799999,155217.16913000,3911
1785448800000,0.28060000,0.28380000,0.27880000,0.27960000,829227.70000000,1785452399999,233048.55561000,6365
1785452400000,0.27970000,0.28070000,0.27410000,0.27440000,766515.10000000,1785455999999,213424.75056000,6105
1785456000000,0.27440000,0.28350000,0.27040000,0.28000000,1290161.10000000,1785459599999,356884.66023000,9380
1785459600000,0.27970000,0.28630000,0.27290000,0.28390000,1413602.20000000,1785463199999,396591.91216000,8792
1785463200000,0.28400000,0.28920000,0.27810000,0.28070000,644229.30000000,1785466799999,182058.39591000,5368
1785466800000,0.28060000,0.28460000,0.27860000,0.28270000,398006.40000000,1785470399999,111971.41664000,4471
1785470400000,0.28280000,0.28620000,0.28050000,0.28110000,380720.50000000,1785473999999,108149.88753000,3888
1785474000000,0.28090000,0.28460000,0.28030000,0.28030000,224046.80000000,1785477599999,63223.84780000,2455
1785477600000,0.28020000,0.28080000,0.27660000,0.27740000,358795.90000000,1785481199999,100120.27334000,2686
1785481200000,0.27730000,0.27940000,0.27430000,0.27470000,366753.20000000,1785484799999,101595.03212000,2916
1785484800000,0.27460000,0.27590000,0.27080000,0.27510000,405656.80000000,1785488399999,110790.49909000,3053
1785488400000,0.27510000,0.27860000,0.27280000,0.27370000,248065.80000000,1785491999999,68465.82075000,2065
1785492000000,0.27360000,0.27890000,0.27220000,0.27380000,485770.90000000,1785495599999,134029.27113000,2717
1785495600000,0.27380000,0.27790000,0.27290000,0.27520000,626478.90000000,1785499199999,172620.34128000,3296
1785499200000,0.27530000,0.27870000,0.27360000,0.27530000,457639.40000000,1785502799999,126345.89546000,3086
1785502800000,0.27540000,0.28340000,0.27440000,0.28080000,622969.90000000,1785506399999,174654.71763000,4228
1785506400000,0.28080000,0.28230000,0.27690000,0.27890000,529948.40000000,1785509999999,148265.15605000,3486
1785510000000,0.27900000,0.28000000,0.27330000,0.27500000,261333.60000000,1785513599999,72141.99884000,2018
1785513600000,0.27490000,0.27710000,0.27330000,0.27530000,237281.60000000,1785517199999,65219.70686000,1429
1785517200000,0.27550000,0.27830000,0.27300000,0.27460000,314738.00000000,1785520799999,86690.23215000,2193
1785520800000,0.27460000,0.27790000,0.27440000,0.27640000,489410.40000000,1785524399999,135139.79767000,2932
1785524400000,0.27630000,0.27700000,0.27440000,0.27440000,93133.70000000,1785527999999,25670.39781000,1066
1785528000000,0.27450000,0.27490000,0.27180000,0.27220000,134460.60000000,1785531599999,36730.31169000,1184
1785531600000,0.27210000,0.27320000,0.27060000,0.27210000,322747.60000000,1785535199999,87653.68270000,1253
1785535200000,0.27220000,0.27390000,0.27150000,0.27290000,152253.30000000,1785538799999,41572.40847000,1061
1785538800000,0.27290000,0.27310000,0.27110000,0.27310000,250687.30000000,1785542399999,68140.61288000,2385
1785542400000,0.27300000,0.27780000,0.27220000,0.27590000,413243.50000000,1785545999999,113918.45462000,3023
1785546000000,0.27590000,0.27690000,0.27260000,0.27380000,210376.80000000,1785549599999,57756.21330000,1893
1785549600000,0.27380000,0.28450000,0.27380000,0.28280000,657586.30000000,1785553199999,184623.70066000,5459
1785553200000,0.28280000,0.28520000,0.27720000,0.28080000,475399.60000000,1785556799999,133537.09506000,3670
1785556800000,0.28080000,0.28110000,0.27740000,0.27880000,236642.00000000,1785560399999,65941.85707000,1880
1785560400000,0.27900000,0.28120000,0.27750000,0.27840000,236269.40000000,1785563999999,65902.21289000,2164
1785564000000,0.27850000,0.28340000,0.27750000,0.28280000,445721.20000000,1785567599999,125546.70243000,3720
1785567600000,0.28290000,0.28820000,0.28080000,0.28760000,581068.30000000,1785571199999,165119.68671000,4503
1785571200000,0.28750000,0.28800000,0.27790000,0.28130000,717288.60000000,1785574799999,202839.08976000,4868
1785574800000,0.28140000,0.28400000,0.28060000,0.28160000,206278.90000000,1785578399999,58260.04024000,1559
1785578400000,0.28170000,0.28250000,0.27620000,0.27690000,232901.90000000,1785581999999,64929.99600000,1966
1785582000000,0.27700000,0.28100000,0.27530000,0.28070000,265582.30000000,1785585599999,73666.30111000,1734
1785585600000,0.28060000,0.28180000,0.27630000,0.27870000,297553.10000000,1785589199999,82929.96383000,2261
1785589200000,0.27870000,0.28080000,0.27780000,0.27950000,191123.30000000,1785592799999,53363.28571000,1593
1785592800000,0.27940000,0.28030000,0.27720000,0.27810000,178752.60000000,1785596399999,49793.79729000,1204
1785596400000,0.27820000,0.28310000,0.27700000,0.28250000,365407.00000000,1785599999999,102331.36269000,2264
1785600000000,0.28260000,0.28290000,0.27830000,0.27830000,194109.30000000,1785603599999,54487.90826000,1816
1785603600000,0.27850000,0.27970000,0.27750000,0.27810000,119724.90000000,1785607199999,33356.53284000,1051
1785607200000,0.27830000,0.27850000,0.27100000,0.27560000,424099.80000000,1785610799999,116408.12137000,3116
1785610800000,0.27580000,0.27640000,0.27190000,0.27230000,215390.90000000,1785614399999,58844.11436000,1621
1785614400000,0.27230000,0.27430000,0.26800000,0.26930000,570982.70000000,1785617999999,154141.15185000,2760
1785618000000,0.26930000,0.26970000,0.26270000,0.26390000,516676.90000000,1785621599999,137094.28574000,3097
1785621600000,0.26400000,0.26820000,0.26340000,0.26620000,382806.30000000,1785625199999,101673.18419000,3113
1785625200000,0.26630000,0.26660000,0.26100000,0.26410000,409764.90000000,1785628799999,107815.78446000,2837
1785628800000,0.26420000,0.27130000,0.26410000,0.26950000,260655.50000000,1785632399999,69754.50765000,1773
1785632400000,0.26940000,0.27490000,0.26870000,0.27330000,170865.10000000,1785635999999,46419.92921000,1614
1785636000000,0.27310000,0.27560000,0.26930000,0.26940000,221207.60000000,1785639599999,60186.28660000,1705
1785639600000,0.26930000,0.27070000,0.26670000,0.26690000,99130.00000000,1785643199999,26711.49845000,1045
1785643200000,0.26670000,0.26900000,0.26650000,0.26870000,77749.60000000,1785646799999,20786.70832000,861
1785646800000,0.26890000,0.27090000,0.26690000,0.26720000,107747.00000000,1785650399999,28971.93348000,1071
1785650400000,0.26740000,0.26770000,0.26430000,0.26620000,171852.60000000,1785653999999,45616.73418000,1700
1785654000000,0.26610000,0.26710000,0.26430000,0.26550000,152972.90000000,1785657599999,40598.54334000,859
1785657600000,0.26560000,0.26590000,0.26330000,0.26360000,79082.00000000,1785661199999,20933.90493000,570
1785661200000,0.26360000,0.26490000,0.26220000,0.26400000,199399.50000000,1785664799999,52553.13088000,1329
1785664800000,0.26400000,0.26420000,0.26250000,0.26290000,108542.20000000,1785668399999,28552.23679000,1033
1785668400000,0.26280000,0.26290000,0.25780000,0.25820000,427636.30000000,1785671999999,111006.24997000,2841
1785672000000,0.25830000,0.25990000,0.25680000,0.25770000,278002.00000000,1785675599999,71818.97267000,1959
1785675600000,0.25760000,0.26070000,0.25550000,0.25990000,283555.50000000,1785679199999,73201.60370000,1782
1785679200000,0.26000000,0.26110000,0.25630000,0.25850000,327292.00000000,1785682799999,84701.43855000,2232
1785682800000,0.25840000,0.25990000,0.24940000,0.25310000,625957.40000000,1785686399999,158579.08407000,4315
1785686400000,0.25300000,0.25390000,0.25130000,0.25130000,354722.10000000,1785689999999,89555.37670000,3635
1785690000000,0.25140000,0.25350000,0.24980000,0.25140000,443155.00000000,1785693599999,111428.12428000,3163
1785693600000,0.25140000,0.25420000,0.25000000,0.25010000,323353.80000000,1785697199999,81612.75935000,2538
1785697200000,0.25010000,0.25250000,0.24970000,0.25150000,269246.50000000,1785700799999,67595.67321000,1931
1785700800000,0.25140000,0.25650000,0.25090000,0.25490000,461710.70000000,1785704399999,117577.04848000,3958
1785704400000,0.25500000,0.25970000,0.25500000,0.25670000,326308.60000000,1785707999999,83990.94831000,2404
1785708000000,0.25690000,0.25800000,0.25190000,0.25250000,276754.60000000,1785711599999,70699.93421000,2041
1785711600000,0.25230000,0.25230000,0.24980000,0.25090000,280470.80000000,1785715199999,70337.70603000,2169
1785715200000,0.25100000,0.25430000,0.24970000,0.24990000,343582.80000000,1785718799999,86611.88417000,2249
1785718800000,0.24990000,0.25110000,0.24460000,0.24660000,571641.90000000,1785722399999,141198.38791000,2482
1785722400000,0.24670000,0.26080000,0.24490000,0.25310000,1526847.00000000,1785725999999,386646.06845000,7785
1785726000000,0.25310000,0.25630000,0.25110000,0.25310000,530459.00000000,1785729599999,134563.99714000,3804
1785729600000,0.25310000,0.25440000,0.25070000,0.25250000,257478.00000000,1785733199999,64975.33039000,1823
1785733200000,0.25260000,0.26170000,0.25230000,0.26130000,985224.80000000,1785736799999,253947.87197000,5034
1785736800000,0.26130000,0.26340000,0.25880000,0.26030000,613336.00000000,1785740399999,160317.52118000,4698
1785740400000,0.26040000,0.26490000,0.25910000,0.26390000,400531.30000000,1785743999999,104992.02909000,3088
1785744000000,0.26400000,0.27530000,0.26310000,0.27500000,1035239.60000000,1785747599999,278058.17330000,6226
1785747600000,0.27480000,0.28800000,0.27210000,0.28520000,3616874.20000000,1785751199999,1017478.65773000,17295
1785751200000,0.28520000,0.30470000,0.28290000,0.30380000,4804466.20000000,1785754799999,1417251.00874000,23195
1785754800000,0.30380000,0.31080000,0.28290000,0.29200000,8453443.20000000,1785758399999,2507568.74810000,33983
1785758400000,0.29190000,0.29960000,0.27720000,0.27920000,5019856.50000000,1785761999999,1447106.73574000,23644
1785762000000,0.27910000,0.27920000,0.25640000,0.25980000,4118330.10000000,1785765599999,1089658.15958000,18345
1785765600000,0.25990000,0.26280000,0.25470000,0.25810000,1511752.40000000,1785769199999,390985.41339000,8435
1785769200000,0.25820000,0.26500000,0.25800000,0.26270000,1215321.40000000,1785772799999,317194.27399000,6182
1785772800000,0.26280000,0.27570000,0.26050000,0.27520000,1955541.10000000,1785776399999,525340.15803000,9527
1785776400000,0.27530000,0.27740000,0.26720000,0.27550000,1309601.70000000,1785779999999,356324.11867000,6693
1785780000000,0.27550000,0.27660000,0.26700000,0.26700000,775670.80000000,1785783599999,210396.50811000,4269
1785783600000,0.26710000,0.27000000,0.26230000,0.26350000,755014.70000000,1785787199999,200996.30497000,3673
1785787200000,0.26350000,0.26870000,0.26340000,0.26710000,507560.50000000,1785790799999,135288.80344000,2518
1785790800000,0.26720000,0.26730000,0.26130000,0.26300000,432990.80000000,1785794399999,114418.62967000,1925
1785794400000,0.26310000,0.26340000,0.26060000,0.26090000,246475.00000000,1785797999999,64541.00819000,1324
1785798000000,0.26100000,0.26160000,0.25710000,0.25780000,367248.30000000,1785801599999,95069.60162000,1562
1785801600000,0.25790000,0.26050000,0.25780000,0.25830000,382026.90000000,1785805199999,99015.72704000,1942
1785805200000,0.25830000,0.26510000,0.25780000,0.26440000,537405.60000000,1785808799999,140702.01855000,1810
1785808800000,0.26430000,0.26620000,0.26070000,0.26130000,406952.60000000,1785812399999,107012.30971000,1684
1785812400000,0.26140000,0.26210000,0.25840000,0.25910000,425272.00000000,1785815999999,110655.62093000,1672
1785816000000,0.25900000,0.26280000,0.25610000,0.25970000,1468343.30000000,1785819599999,381052.86328000,5445
1785819600000,0.25990000,0.26350000,0.25910000,0.26110000,266151.80000000,1785823199999,69489.08139000,1300
1785823200000,0.26120000,0.26220000,0.25890000,0.26150000,213669.70000000,1785826799999,55686.25650000,1148
1785826800000,0.26150000,0.26270000,0.25800000,0.25940000,330931.50000000,1785830399999,85878.04003000,1627
1785830400000,0.25940000,0.26350000,0.25790000,0.26180000,355796.40000000,1785833999999,92733.75988000,1849
1785834000000,0.26190000,0.26350000,0.25930000,0.26290000,351874.40000000,1785837599999,91882.16339000,1535
1785837600000,0.26280000,0.26330000,0.25980000,0.26220000,318655.60000000,1785841199999,83205.35866000,1244
1785841200000,0.26200000,0.26280000,0.25900000,0.25980000,334705.20000000,1785844799999,87278.84611000,1236
1785844800000,0.25960000,0.26050000,0.25740000,0.25950000,443647.90000000,1785848399999,114901.66174000,1960
1785848400000,0.25940000,0.26010000,0.25740000,0.25830000,390138.40000000,1785851999999,100883.27583000,1598
1785852000000,0.25830000,0.25890000,0.25170000,0.25330000,720484.10000000,1785855599999,183253.38677000,2704
1785855600000,0.25340000,0.25450000,0.25080000,0.25310000,572443.00000000,1785859199999,144399.07064000,2359
1785859200000,0.25310000,0.25440000,0.25090000,0.25200000,342913.00000000,1785862799999,86562.49430000,1558
1785862800000,0.25210000,0.25360000,0.24800000,0.25000000,704692.80000000,1785866399999,176309.49365000,2113
1785866400000,0.24980000,0.25640000,0.24910000,0.25580000,458798.10000000,1785869999999,115653.93002000,2157
1785870000000,0.25590000,0.25840000,0.25490000,0.25520000,453537.60000000,1785873599999,116522.20522000,1939
1785873600000,0.25530000,0.25610000,0.25140000,0.25210000,474488.90000000,1785877199999,120476.34836000,1944
1785877200000,0.25210000,0.25640000,0.25040000,0.25600000,175193.60000000,1785880799999,44221.66024000,866
1785880800000,0.25600000,0.25650000,0.25370000,0.25400000,102862.30000000,1785884399999,26241.61054000,715
1785884400000,0.25390000,0.25410000,0.25200000,0.25220000,177718.50000000,1785887999999,44941.44138000,1318
1785888000000,0.25240000,0.25680000,0.25130000,0.25490000,298006.10000000,1785891599999,75918.07600000,2496
1785891600000,0.25500000,0.25740000,0.25350000,0.25420000,149010.60000000,1785895199999,38126.04008000,1464
1785895200000,0.25400000,0.25650000,0.25340000,0.25620000,99976.40000000,1785898799999,25536.27208000,1032
1785898800000,0.25630000,0.25960000,0.25550000,0.25880000,364932.20000000,1785902399999,94053.12865000,2497
1785902400000,0.25880000,0.26010000,0.25420000,0.25450000,302677.60000000,1785905999999,77659.78438000,1980
1785906000000,0.25460000,0.26100000,0.25440000,0.25820000,411955.20000000,1785909599999,106108.28787000,2268
1785909600000,0.25830000,0.27290000,0.25800000,0.27190000,1440328.50000000,1785913199999,382740.17352000,6669
1785913200000,0.27190000,0.27360000,0.26470000,0.26760000,1380916.60000000,1785916799999,371593.05377000,8315
1785916800000,0.26750000,0.26810000,0.25980000,0.26320000,982322.50000000,1785920399999,259106.85231000,6811
1785920400000,0.26320000,0.26660000,0.26030000,0.26370000,477918.70000000,1785923999999,125593.38994000,3084
1785924000000,0.26380000,0.26550000,0.26060000,0.26110000,255124.10000000,1785927599999,66949.21358000,2154
1785927600000,0.26110000,0.26290000,0.25720000,0.25990000,396797.80000000,1785931199999,103055.75816000,2228
1785931200000,0.25990000,0.26060000,0.25670000,0.25860000,299023.10000000,1785934799999,77334.43857000,1549
1785934800000,0.25860000,0.26380000,0.25770000,0.26210000,397945.80000000,1785938399999,104164.05615000,2612
1785938400000,0.26220000,0.26280000,0.25870000,0.25950000,239453.00000000,1785941999999,62441.37591000,1518
1785942000000,0.25950000,0.26120000,0.25650000,0.25800000,378033.80000000,1785945599999,97857.96338000,1689
1785945600000,0.25800000,0.26060000,0.25790000,0.25870000,195660.10000000,1785949199999,50668.77794000,1001
1785949200000,0.25880000,0.26030000,0.25760000,0.25770000,268427.50000000,1785952799999,69496.70455000,1105
1785952800000,0.25780000,0.25790000,0.25560000,0.25610000,277146.50000000,1785956399999,71130.66116000,1347
1785956400000,0.25620000,0.25760000,0.25270000,0.25340000,467236.40000000,1785959999999,119077.79842000,1863
1785960000000,0.25340000,0.25530000,0.25220000,0.25430000,326954.80000000,1785963599999,82909.42712000,1381
1785963600000,0.25450000,0.26480000,0.25400000,0.26200000,448233.40000000,1785967199999,116696.83159000,2107
1785967200000,0.26210000,0.26650000,0.26190000,0.26560000,753018.50000000,1785970799999,198916.65702000,4231
1785970800000,0.26550000,0.26660000,0.26240000,0.26520000,432781.20000000,1785974399999,114510.89180000,2629
1785974400000,0.26510000,0.26620000,0.26350000,0.26440000,283904.20000000,1785977999999,75165.16954000,1672
1785978000000,0.26460000,0.26980000,0.26450000,0.26550000,372852.40000000,1785981599999,99417.42888000,1984
1785981600000,0.26540000,0.26580000,0.26050000,0.26310000,243522.70000000,1785985199999,63833.69994000,1438
1785985200000,0.26300000,0.26310000,0.25880000,0.25920000,250620.50000000,1785988799999,65366.57712000,1576
1785988800000,0.25930000,0.26150000,0.25670000,0.25710000,285405.50000000,1785992399999,73836.86841000,1538
1785992400000,0.25720000,0.25730000,0.25490000,0.25720000,188312.70000000,1785995999999,48278.74426000,1261
1785996000000,0.25710000,0.26220000,0.25680000,0.25870000,442630.10000000,1785999599999,114719.81948000,2196
1785999600000,0.25870000,0.26290000,0.25850000,0.25980000,497755.90000000,1786003199999,129662.30420000,2752
1786003200000,0.25990000,0.26120000,0.25760000,0.25960000,321945.70000000,1786006799999,83553.71751000,1864
1786006800000,0.25970000,0.26230000,0.25890000,0.26020000,327393.20000000,1786010399999,85260.24325000,1961
1786010400000,0.26010000,0.26630000,0.26010000,0.26350000,357932.10000000,1786013999999,94368.82242000,2190
1786014000000,0.26370000,0.26960000,0.26280000,0.26710000,491089.00000000,1786017599999,130644.34794000,3510
1786017600000,0.26710000,0.26940000,0.26350000,0.26630000,647510.10000000,1786021199999,172750.70110000,4874
1786021200000,0.26630000,0.27170000,0.26630000,0.27070000,796679.10000000,1786024799999,215200.60190000,3980
1786024800000,0.27070000,0.27940000,0.26940000,0.27790000,1130306.70000000,1786028399999,309852.27707000,6404
1786028400000,0.27790000,0.27920000,0.27350000,0.27660000,1122247.80000000,1786031999999,310126.89951000,6353
1786032000000,0.27680000,0.28340000,0.27060000,0.27330000,1293197.50000000,1786035599999,357280.94798000,8134
1786035600000,0.27350000,0.27360000,0.26600000,0.27220000,789187.60000000,1786039199999,211884.51799000,4859
1786039200000,0.27230000,0.28260000,0.27020000,0.28140000,737212.70000000,1786042799999,203990.31714000,5073
1786042800000,0.28160000,0.28200000,0.27630000,0.28030000,720154.20000000,1786046399999,201198.76718000,5628
1786046400000,0.28020000,0.28730000,0.27880000,0.28710000,600700.50000000,1786049999999,169519.56912000,4363
1786050000000,0.28720000,0.29570000,0.28340000,0.29490000,1083914.50000000,1786053599999,314532.80822000,5496
1786053600000,0.29490000,0.29880000,0.29180000,0.29710000,1126884.60000000,1786057199999,333395.45573000,5697
1786057200000,0.29710000,0.30550000,0.29690000,0.30460000,994022.00000000,1786060799999,300132.05271000,6276
1786060800000,0.30440000,0.31180000,0.30140000,0.30480000,1945831.80000000,1786064399999,597467.92945000,12725
1786064400000,0.30480000,0.30520000,0.28630000,0.29280000,2118641.00000000,1786067999999,623214.13422000,17433
1786068000000,0.29280000,0.30140000,0.28910000,0.30120000,1056441.20000000,1786071599999,311238.58982000,7843
1786071600000,0.30130000,0.30930000,0.29320000,0.30430000,1362714.70000000,1786075199999,410912.47506000,12262
1786075200000,0.30440000,0.30600000,0.28390000,0.29660000,2060734.20000000,1786078799999,601438.00309000,16409
1786078800000,0.29660000,0.30400000,0.29460000,0.29980000,1115840.60000000,1786082399999,334374.98062000,7778
1786082400000,0.29990000,0.31500000,0.29980000,0.31310000,1850806.40000000,1786085999999,570659.52645000,11383
1786086000000,0.31320000,0.32520000,0.30900000,0.32330000,3738686.20000000,1786089599999,1186087.96586000,23516
1786089600000,0.32340000,0.32760000,0.31180000,0.31710000,3336191.60000000,1786093199999,1074894.04318000,21946
1786093200000,0.31730000,0.33000000,0.31470000,0.32850000,2382163.10000000,1786096799999,773916.75634000,18585
1786096800000,0.32850000,0.33870000,0.32250000,0.33600000,1785929.20000000,1786100399999,592791.01388000,13271
1786100400000,0.33610000,0.34780000,0.33610000,0.34490000,2908054.50000000,1786103999999,998083.74005000,15657
1786104000000,0.34500000,0.34550000,0.32630000,0.33940000,3275320.90000000,1786107599999,1105867.23541000,25432
1786107600000,0.33950000,0.33990000,0.32990000,0.33640000,1964337.30000000,1786111199999,658279.57023000,15323
1786111200000,0.33650000,0.35070000,0.33450000,0.34650000,3699439.90000000,1786114799999,1266778.48323000,22844
1786114800000,0.34660000,0.35570000,0.34450000,0.35080000,2204473.10000000,1786118399999,772889.77929000,17620
1786118400000,0.35090000,0.35500000,0.33320000,0.34790000,3269750.20000000,1786121999999,1127821.42982000,26449
1786122000000,0.34780000,0.36860000,0.34770000,0.36430000,2543234.80000000,1786125599999,912558.08974000,19545
1786125600000,0.36420000,0.37000000,0.35950000,0.35960000,2206434.00000000,1786129199999,806117.47543000,17509
1786129200000,0.35970000,0.36120000,0.33740000,0.34460000,2200340.70000000,1786132799999,766319.25812000,21863
1786132800000,0.34470000,0.34520000,0.31720000,0.32900000,3366721.40000000,1786136399999,1103039.41449000,29994
1786136400000,0.32940000,0.33330000,0.30540000,0.30880000,1886815.30000000,1786139999999,603790.44484000,11341
1786140000000,0.30870000,0.32050000,0.30730000,0.32010000,671350.40000000,1786143599999,209384.99467000,8171
1786143600000,0.32010000,0.32600000,0.31760000,0.32440000,477616.90000000,1786147199999,153846.33087000,5085
1786147200000,0.32450000,0.33110000,0.31890000,0.33070000,1757557.10000000,1786150799999,569695.05369000,13376
1786150800000,0.33060000,0.33060000,0.31590000,0.32310000,836466.40000000,1786154399999,270948.75589000,7640
1786154400000,0.32310000,0.33480000,0.32150000,0.32290000,843497.70000000,1786157999999,276686.08037000,8006
1786158000000,0.32280000,0.32880000,0.32190000,0.32340000,576244.20000000,1786161599999,187391.83771000,5830
1786161600000,0.32320000,0.32770000,0.31580000,0.31840000,897255.80000000,1786165199999,289322.44119000,7428
1786165200000,0.31850000,0.33150000,0.31850000,0.33100000,910124.70000000,1786168799999,295728.41857000,7583
1786168800000,0.33090000,0.33210000,0.32110000,0.32350000,651138.00000000,1786172399999,212574.39709000,6582
1786172400000,0.32340000,0.32450000,0.31650000,0.31750000,589112.30000000,1786175999999,187845.34280000,5382
1786176000000,0.31780000,0.32140000,0.30630000,0.30990000,830335.30000000,1786179599999,261093.83753000,7054
1786179600000,0.31000000,0.31500000,0.30760000,0.31210000,514165.80000000,1786183199999,160219.38773000,4925
1786183200000,0.31220000,0.31650000,0.31110000,0.31170000,434814.30000000,1786186799999,136195.18039000,3527
1786186800000,0.31150000,0.31900000,0.30770000,0.31580000,869915.90000000,1786190399999,271521.41008000,6678
1786190400000,0.31570000,0.32830000,0.31470000,0.32500000,798715.70000000,1786193999999,258249.96615000,7305
1786194000000,0.32510000,0.32990000,0.32080000,0.32570000,938053.00000000,1786197599999,305198.95668000,7707
1786197600000,0.32570000,0.33210000,0.32570000,0.33170000,646833.00000000,1786201199999,212903.84808000,5590
1786201200000,0.33180000,0.33230000,0.32510000,0.32650000,451901.70000000,1786204799999,148453.48391000,4591
1786204800000,0.32640000,0.33240000,0.32360000,0.32390000,681479.20000000,1786208399999,224142.55160000,5445
1786208400000,0.32390000,0.32540000,0.32010000,0.32330000,553738.40000000,1786211999999,178744.17911000,5167
1786212000000,0.32320000,0.32580000,0.31620000,0.32490000,615494.00000000,1786215599999,197329.37172000,6109
1786215600000,0.32500000,0.33760000,0.32480000,0.33380000,808234.70000000,1786219199999,267643.78485000,6597
1786219200000,0.33380000,0.33620000,0.32600000,0.32750000,568502.40000000,1786222799999,188556.99882000,5477
1786222800000,0.32740000,0.32910000,0.31970000,0.32000000,704278.00000000,1786226399999,229263.75166000,3928
1786226400000,0.32000000,0.32310000,0.31860000,0.32280000,266514.20000000,1786229999999,85570.63992000,2054
1786230000000,0.32270000,0.32300000,0.31730000,0.31870000,221178.60000000,1786233599999,70620.83764000,2479
1786233600000,0.31870000,0.32180000,0.31340000,0.31420000,502230.40000000,1786237199999,159123.41285000,4760
1786237200000,0.31430000,0.31970000,0.31400000,0.31620000,286026.90000000,1786240799999,90675.56103000,3139
1786240800000,0.31610000,0.31660000,0.30840000,0.31230000,391510.40000000,1786244399999,121858.85449000,3985
1786244400000,0.31220000,0.31280000,0.30670000,0.30970000,225339.10000000,1786247999999,69674.78600000,2533
1786248000000,0.30960000,0.31180000,0.30410000,0.31050000,442424.90000000,1786251599999,136019.96060000,3517
1786251600000,0.31060000,0.31380000,0.30530000,0.31310000,366640.30000000,1786255199999,113548.42550000,4370
1786255200000,0.31310000,0.32360000,0.30740000,0.31630000,696779.00000000,1786258799999,219899.59603000,8448
1786258800000,0.31620000,0.31900000,0.31010000,0.31160000,597909.90000000,1786262399999,187740.69886000,7044
1786262400000,0.31170000,0.31730000,0.30970000,0.31350000,466369.00000000,1786265999999,145901.94639000,5212
1786266000000,0.31350000,0.31470000,0.30950000,0.31060000,187923.60000000,1786269599999,58605.71112000,2438
1786269600000,0.31070000,0.31940000,0.31030000,0.31770000,497318.10000000,1786273199999,156912.29753000,7512
1786273200000,0.31800000,0.31910000,0.31480000,0.31630000,278331.50000000,1786276799999,88300.84508000,3627
1786276800000,0.31640000,0.31770000,0.31370000,0.31530000,203675.60000000,1786280399999,64248.44066000,2761
1786280400000,0.31540000,0.31630000,0.31230000,0.31360000,317927.60000000,1786283999999,99933.31571000,2974
1786284000000,0.31340000,0.31790000,0.31280000,0.31590000,235990.10000000,1786287599999,74462.71927000,2951
1786287600000,0.31590000,0.31620000,0.30860000,0.30940000,266789.20000000,1786291199999,82951.61493000,2415
1786291200000,0.30950000,0.31150000,0.30590000,0.30670000,208751.60000000,1786294799999,64519.22933000,2086
1786294800000,0.30660000,0.30970000,0.30440000,0.30600000,204053.40000000,1786298399999,62457.30409000,2108
1786298400000,0.30590000,0.30590000,0.29780000,0.29900000,528849.10000000,1786301999999,158847.29899000,4132
1786302000000,0.29880000,0.30120000,0.29710000,0.29850000,169038.60000000,1786305599999,50571.60125000,1787
1786305600000,0.29860000,0.30070000,0.29660000,0.29670000,162561.40000000,1786309199999,48590.39293000,1581
1786309200000,0.29690000,0.30400000,0.29560000,0.30180000,112033.20000000,1786312799999,33669.41189000,1384
1786312800000,0.30180000,0.30580000,0.30100000,0.30560000,198786.30000000,1786316399999,60369.94601000,2943
1786316400000,0.30550000,0.30650000,0.30160000,0.30330000,195540.50000000,1786319999999,59358.93968000,1969
1786320000000,0.30310000,0.30710000,0.30070000,0.30480000,177433.80000000,1786323599999,53986.41295000,2190
1786323600000,0.30490000,0.30780000,0.30360000,0.30450000,197728.10000000,1786327199999,60435.15611000,2286
1786327200000,0.30440000,0.31680000,0.30040000,0.30280000,1062247.60000000,1786330799999,326251.52591000,8428
1786330800000,0.30270000,0.30660000,0.29890000,0.30570000,494900.90000000,1786334399999,149465.22552000,3983
1786334400000,0.30550000,0.31100000,0.30340000,0.30950000,209231.00000000,1786337999999,64198.03762000,2618
1786338000000,0.30960000,0.31410000,0.30760000,0.31110000,394128.90000000,1786341599999,122605.00194000,4258
1786341600000,0.31130000,0.31390000,0.30780000,0.30850000,320400.50000000,1786345199999,99552.58483000,4340
1786345200000,0.30850000,0.31050000,0.30610000,0.30850000,153057.30000000,1786348799999,47163.49927000,2259
1786348800000,0.30830000,0.30980000,0.30370000,0.30600000,420141.60000000,1786352399999,128746.93474000,3616
1786352400000,0.30600000,0.31150000,0.30600000,0.30670000,328487.90000000,1786355999999,101491.45381000,3703
1786356000000,0.30670000,0.31110000,0.30670000,0.30980000,281838.50000000,1786359599999,87034.06940000,2572
1786359600000,0.30960000,0.31270000,0.30880000,0.31070000,288013.30000000,1786363199999,89384.32464000,2834
1786363200000,0.31060000,0.31210000,0.30820000,0.30990000,422391.80000000,1786366799999,131015.15565000,3504
1786366800000,0.31000000,0.31020000,0.30200000,0.30820000,545795.30000000,1786370399999,166808.27553000,4295
1786370400000,0.30830000,0.31170000,0.30610000,0.31120000,234025.40000000,1786373999999,72486.03334000,2334
1786374000000,0.31120000,0.32440000,0.31050000,0.32330000,876236.20000000,1786377599999,277680.47673000,6515
1786377600000,0.32340000,0.32900000,0.31900000,0.32670000,1584115.10000000,1786381199999,515063.58090000,13076
1786381200000,0.32700000,0.32800000,0.32130000,0.32210000,792376.70000000,1786384799999,257361.17533000,7612
1786384800000,0.32220000,0.32300000,0.31630000,0.31700000,413528.90000000,1786388399999,131994.87461000,4456
1786388400000,0.31700000,0.32040000,0.31140000,0.31350000,430530.90000000,1786391999999,135995.54765000,3789
1786392000000,0.31380000,0.31650000,0.31040000,0.31390000,378306.70000000,1786395599999,118612.99977000,4318
1786395600000,0.31370000,0.31370000,0.30870000,0.31120000,255716.80000000,1786399199999,79364.58639000,1882
1786399200000,0.31090000,0.31310000,0.30780000,0.30810000,209113.90000000,1786402799999,64765.87717000,1959
1786402800000,0.30780000,0.31090000,0.30750000,0.30840000,136068.70000000,1786406399999,42015.73445000,1600
1786406400000,0.30830000,0.31530000,0.30780000,0.31080000,326622.40000000,1786409999999,101812.60476000,3578
1786410000000,0.31090000,0.31160000,0.30470000,0.30490000,442971.20000000,1786413599999,136703.43847000,2728
1786413600000,0.30490000,0.30590000,0.30290000,0.30460000,200226.70000000,1786417199999,60957.88314000,2273
1786417200000,0.30450000,0.30530000,0.30120000,0.30370000,156895.50000000,1786420799999,47500.25084000,1495
1786420800000,0.30370000,0.30720000,0.30200000,0.30550000,124116.10000000,1786424399999,37813.61743000,1339
1786424400000,0.30560000,0.31020000,0.30560000,0.30960000,108118.90000000,1786427999999,33270.23713000,1564
1786428000000,0.30970000,0.31250000,0.30830000,0.30850000,205930.10000000,1786431599999,63919.45444000,2339
1786431600000,0.30870000,0.31350000,0.30750000,0.31280000,234994.70000000,1786435199999,73082.76086000,2479
1786435200000,0.31270000,0.31400000,0.30800000,0.31210000,285285.70000000,1786438799999,88865.36991000,2326
1786438800000,0.31210000,0.31390000,0.30880000,0.30920000,168343.10000000,1786442399999,52376.49069000,1437
1786442400000,0.30920000,0.31020000,0.30600000,0.30640000,98266.40000000,1786445999999,30216.43080000,840
1786446000000,0.30630000,0.30660000,0.30240000,0.30540000,177521.30000000,1786449599999,54018.57325000,1569
1786449600000,0.30530000,0.30910000,0.30450000,0.30490000,201791.90000000,1786453199999,61922.77485000,1795
1786453200000,0.30490000,0.30590000,0.30100000,0.30320000,217424.00000000,1786456799999,65869.72068000,1895
1786456800000,0.30310000,0.30700000,0.30290000,0.30680000,262250.10000000,1786460399999,79915.21598000,1743
1786460400000,0.30690000,0.30780000,0.30150000,0.30230000,307568.80000000,1786463999999,93694.65164000,1949
1786464000000,0.30200000,0.30980000,0.30180000,0.30250000,597862.40000000,1786467599999,182999.70253000,4571
1786467600000,0.30250000,0.30390000,0.29600000,0.29680000,282512.40000000,1786471199999,84966.63057000,1658
1786471200000,0.29690000,0.29950000,0.29610000,0.29630000,181312.60000000,1786474799999,54049.38023000,1512
1786474800000,0.29620000,0.29910000,0.29330000,0.29870000,152327.50000000,1786478399999,44933.74985000,1375
1786478400000,0.29860000,0.30070000,0.29850000,0.30030000,117590.60000000,1786481999999,35179.42273000,1307
1786482000000,0.30040000,0.30270000,0.29830000,0.30080000,131670.40000000,1786485599999,39624.49788000,999
1786485600000,0.30070000,0.30670000,0.30000000,0.30650000,69840.90000000,1786489199999,21208.43962000,671
1786489200000,0.30650000,0.30810000,0.30320000,0.30320000,145135.30000000,1786492799999,44347.50000000,1202
1786492800000,0.30340000,0.30560000,0.30070000,0.30170000,138204.80000000,1786496399999,41924.12396000,1061
1786496400000,0.30170000,0.30220000,0.29750000,0.29840000,116774.10000000,1786499999999,34935.27421000,733
1786500000000,0.29830000,0.30300000,0.29750000,0.30200000,86879.20000000,1786503599999,26079.91526000,635
1786503600000,0.30200000,0.30400000,0.30060000,0.30250000,78442.00000000,1786507199999,23726.92089000,682
1786507200000,0.30250000,0.30740000,0.30010000,0.30580000,187868.00000000,1786510799999,57111.55415000,1370
1786510800000,0.30590000,0.30890000,0.30470000,0.30590000,355466.90000000,1786514399999,109137.67076000,2216
1786514400000,0.30620000,0.30830000,0.30190000,0.30270000,160639.60000000,1786517999999,49049.65068000,1093
1786518000000,0.30270000,0.30460000,0.30040000,0.30200000,155962.50000000,1786521599999,47120.41239000,1147
1786521600000,0.30190000,0.30770000,0.30130000,0.30290000,354432.40000000,1786525199999,107965.83514000,1752
1786525200000,0.30280000,0.31490000,0.30270000,0.31070000,1559002.60000000,1786528799999,484404.21175000,7733
1786528800000,0.31080000,0.31270000,0.29380000,0.29660000,11792252.70000000,1786532399999,3576225.51545000,40664
1786532400000,0.29650000,0.29830000,0.28050000,0.28100000,14889815.80000000,1786535999999,4280962.73052000,50933
1786536000000,0.28100000,0.28310000,0.27800000,0.27870000,7773586.70000000,1786539599999,2179446.75719000,36730
1786539600000,0.27880000,0.28490000,0.27810000,0.28310000,12272145.20000000,1786543199999,3462352.44899000,48976
1786543200000,0.28310000,0.30070000,0.28300000,0.29790000,30136171.40000000,1786546799999,8791325.05336000,81249
1786546800000,0.29800000,0.31070000,0.29710000,0.30940000,22240069.70000000,1786550399999,6757408.98651000,72440
1786550400000,0.30950000,0.31130000,0.30450000,0.30720000,11497894.30000000,1786553999999,3540604.37551000,45517
1786554000000,0.30720000,0.31060000,0.30190000,0.30210000,9259156.80000000,1786557599999,2850405.58665000,32189
1786557600000,0.30220000,0.30310000,0.28950000,0.28960000,6488330.00000000,1786561199999,1920125.13904000,26339
1786561200000,0.28950000,0.29020000,0.28340000,0.28620000,5304247.20000000,1786564799999,1522010.13103000,21997
1786564800000,0.28630000,0.29380000,0.28040000,0.29260000,3199304.00000000,1786568399999,918383.80326000,14981
1786568400000,0.29250000,0.29710000,0.29020000,0.29120000,2740462.40000000,1786571999999,805769.38034000,12460
1786572000000,0.29130000,0.29190000,0.28520000,0.28770000,2205823.50000000,1786575599999,634235.68629000,9980
1786575600000,0.28780000,0.28880000,0.28460000,0.28790000,1751764.60000000,1786579199999,503212.55125000,7147
1786579200000,0.28790000,0.29260000,0.28710000,0.29210000,2123927.00000000,1786582799999,616479.57070000,9343
1786582800000,0.29210000,0.29240000,0.28680000,0.28890000,3617519.20000000,1786586399999,1048942.52678000,14182
1786586400000,0.28900000,0.29590000,0.28850000,0.29250000,4958551.50000000,1786589999999,1450597.69267000,18540
1786590000000,0.29250000,0.29290000,0.29070000,0.29090000,3727276.50000000,1786593599999,1087621.90982000,14241
1786593600000,0.29090000,0.29410000,0.29090000,0.29200000,2943759.60000000,1786597199999,860320.46814000,11762
1786597200000,0.29200000,0.29320000,0.28820000,0.29040000,3153175.10000000,1786600799999,917016.78697000,12304
1786600800000,0.29030000,0.29240000,0.28920000,0.29020000,3917005.80000000,1786604399999,1139100.66572000,14729
1786604400000,0.29030000,0.29160000,0.28970000,0.29000000,3516921.00000000,1786607999999,1022536.13714000,11960
1786608000000,0.28990000,0.29220000,0.28940000,0.29120000,6476002.20000000,1786611599999,1881619.33213000,24419
1786611600000,0.29120000,0.29140000,0.28500000,0.28570000,9428984.60000000,1786615199999,2714599.29078000,33872
1786615200000,0.28570000,0.28810000,0.28440000,0.28470000,8198478.60000000,1786618799999,2341362.35026000,29893
1786618800000,0.28470000,0.29130000,0.28450000,0.29100000,5251385.30000000,1786622399999,1509748.41627000,22764
1786622400000,0.29100000,0.29200000,0.28750000,0.28840000,5832675.10000000,1786625999999,1691224.20967000,21511
1786626000000,0.28850000,0.29120000,0.28760000,0.29000000,3690989.80000000,1786629599999,1068421.86837000,15115
1786629600000,0.29010000,0.29240000,0.28950000,0.29050000,5709924.30000000,1786633199999,1660995.98577000,21226
1786633200000,0.29050000,0.29500000,0.28640000,0.28710000,7783544.10000000,1786636799999,2266445.52182000,31151
1786636800000,0.28720000,0.28970000,0.28500000,0.28590000,8722309.70000000,1786640399999,2506625.60318000,28330
1786640400000,0.28590000,0.28730000,0.28270000,0.28330000,6638110.60000000,1786643999999,1893517.11550000,21944
1786644000000,0.28330000,0.28490000,0.28250000,0.28360000,3225437.30000000,1786647599999,914910.75813000,10251
1786647600000,0.28360000,0.28370000,0.26800000,0.27000000,10466940.50000000,1786651199999,2856613.60308000,27932
1786651200000,0.26990000,0.27330000,0.26750000,0.27300000,6317211.80000000,1786654799999,1708422.01385000,15933
1786654800000,0.27310000,0.27460000,0.26870000,0.26970000,3907394.20000000,1786658399999,1061946.60539000,8547
1786658400000,0.26960000,0.27060000,0.26740000,0.26810000,3027107.60000000,1786661999999,813932.54275000,8940
1786662000000,0.26810000,0.27030000,0.26730000,0.26970000,2956834.40000000,1786665599999,794875.04831000,9282
1786665600000,0.26970000,0.27570000,0.26870000,0.27140000,10165985.20000000,1786669199999,2766291.45387000,21605
1786669200000,0.27140000,0.27290000,0.26750000,0.26970000,4736677.20000000,1786672799999,1279697.50227000,18107
1786672800000,0.26960000,0.27110000,0.26880000,0.27050000,3572454.20000000,1786676399999,964544.12531000,12234
1786676400000,0.27040000,0.27160000,0.26770000,0.26960000,5647772.80000000,1786679999999,1526197.36978000,14938
1786680000000,0.26950000,0.27170000,0.26920000,0.27090000,6023032.00000000,1786683599999,1630515.86474000,18612
1786683600000,0.27080000,0.27160000,0.26860000,0.27020000,13183139.80000000,1786687199999,3568507.37508000,19906
1786687200000,0.27020000,0.27670000,0.26940000,0.27420000,112299838.70000000,1786690799999,30440875.56839000,31222
1786690800000,0.27410000,0.27440000,0.27050000,0.27210000,11579328.30000000,1786694399999,3146531.95952000,18248
1786694400000,0.27210000,0.27480000,0.26280000,0.26500000,49450829.00000000,1786697999999,13278756.70893000,44275
1786698000000,0.26500000,0.26890000,0.26240000,0.26540000,76048428.50000000,1786701599999,20210392.85527000,49820
1786701600000,0.26530000,0.26910000,0.26530000,0.26850000,4286161.10000000,1786705199999,1144776.64204000,15197
1786705200000,0.26850000,0.27490000,0.26720000,0.26870000,4778127.20000000,1786708799999,1295698.98579000,20576
1786708800000,0.26880000,0.27550000,0.26860000,0.27540000,3318685.50000000,1786712399999,905631.34760000,17130
1786712400000,0.27540000,0.28380000,0.27490000,0.27910000,4645157.90000000,1786715999999,1301245.39016000,24405
1786716000000,0.27900000,0.28240000,0.27140000,0.27250000,3635805.20000000,1786719599999,1004529.40213000,17907
1786719600000,0.27240000,0.27270000,0.26810000,0.26810000,2968141.80000000,1786723199999,804332.80586000,12982
1786723200000,0.26820000,0.26880000,0.26420000,0.26540000,2793210.60000000,1786726799999,743959.80646000,12996
1786726800000,0.26540000,0.26630000,0.26430000,0.26560000,3147272.70000000,1786730399999,834985.05933000,12764
1786730400000,0.26550000,0.26560000,0.26270000,0.26350000,2021298.10000000,1786733999999,533697.16646000,10557
1786734000000,0.26340000,0.26820000,0.26310000,0.26510000,1517692.90000000,1786737599999,403332.96861000,10090
1786737600000,0.26520000,0.26910000,0.26520000,0.26670000,949898.30000000,1786741199999,254136.57471000,7734
1786741200000,0.26670000,0.26730000,0.26460000,0.26590000,650466.00000000,1786744799999,172788.25804000,4640
1786744800000,0.26590000,0.26600000,0.26250000,0.26380000,634950.00000000,1786748399999,167559.74936000,4756
1786748400000,0.26380000,0.26630000,0.26350000,0.26480000,829272.70000000,1786751999999,219817.99641000,5817
1786752000000,0.26490000,0.26780000,0.26460000,0.26630000,1606018.00000000,1786755599999,427541.86580000,13184
1786755600000,0.26630000,0.26680000,0.26410000,0.26560000,1424931.30000000,1786759199999,378533.94137000,12344
1786759200000,0.26570000,0.26920000,0.26350000,0.26860000,11658244.90000000,1786762799999,3096017.66279000,15067
1786762800000,0.26870000,0.26890000,0.26050000,0.26320000,13539878.20000000,1786766399999,3582422.29636000,16442
1786766400000,0.26320000,0.26470000,0.26250000,0.26420000,3938933.10000000,1786769999999,1038864.26828000,11227
1786770000000,0.26410000,0.26620000,0.26280000,0.26350000,7411683.00000000,1786773599999,1957176.44570000,15415
1786773600000,0.26350000,0.26390000,0.26030000,0.26080000,4799619.00000000,1786777199999,1258525.63864000,11749
1786777200000,0.26080000,0.26210000,0.25990000,0.26030000,5027676.50000000,1786780799999,1311354.01577000,19815
1786780800000,0.26030000,0.26130000,0.25720000,0.26080000,14052843.50000000,1786784399999,3642273.53858000,46088
1786784400000,0.26080000,0.26730000,0.26070000,0.26550000,25146866.70000000,1786787999999,6641970.35347000,105254
1786788000000,0.26540000,0.26700000,0.26250000,0.26300000,6593936.50000000,1786791599999,1746246.35046000,31854
1786791600000,0.26300000,0.26300000,0.26060000,0.26200000,4158513.00000000,1786795199999,1090037.96651000,19914
1786795200000,0.26200000,0.26270000,0.25850000,0.25960000,3797226.50000000,1786798799999,989915.83200000,18168
1786798800000,0.25960000,0.26000000,0.25620000,0.25810000,5554483.60000000,1786802399999,1435222.94974000,24043
1786802400000,0.25820000,0.26070000,0.25760000,0.26050000,2915414.60000000,1786805999999,756055.82894000,12951
1786806000000,0.26050000,0.26240000,0.25650000,0.25880000,5558840.90000000,1786809599999,1438112.17557000,19998
1786809600000,0.25880000,0.26280000,0.25790000,0.26200000,17897311.70000000,1786813199999,4680732.98582000,43292
1786813200000,0.26210000,0.26350000,0.26010000,0.26070000,46851791.70000000,1786816799999,12272334.64285000,59781
1786816800000,0.26080000,0.26320000,0.25950000,0.25960000,13191072.70000000,1786820399999,3457131.48240000,21978
1786820400000,0.25960000,0.26120000,0.25900000,0.26080000,1596122.10000000,1786823999999,415227.36376000,7581
1786824000000,0.26090000,0.26680000,0.26060000,0.26620000,1947382.30000000,1786827599999,514705.76717000,7108
1786827600000,0.26620000,0.26640000,0.26190000,0.26350000,2312525.90000000,1786831199999,608886.38356000,9518
1786831200000,0.26350000,0.26550000,0.26260000,0.26520000,2031939.60000000,1786834799999,536510.07628000,8797
1786834800000,0.26530000,0.26730000,0.26400000,0.26520000,2560712.60000000,1786838399999,680243.71473000,11782
1786838400000,0.26520000,0.26710000,0.26490000,0.26610000,3086961.60000000,1786841999999,821908.96446000,11687
1786842000000,0.26610000,0.26750000,0.26390000,0.26560000,3185869.70000000,1786845599999,846628.52457000,11726
1786845600000,0.26560000,0.26610000,0.26260000,0.26450000,5444735.70000000,1786849199999,1438021.20277000,20401
1786849200000,0.26450000,0.26500000,0.26210000,0.26350000,12386141.00000000,1786852799999,3260251.59587000,22179
1786852800000,0.26360000,0.26780000,0.26260000,0.26760000,7646245.50000000,1786856399999,2031917.71823000,22098
1786856400000,0.26750000,0.26810000,0.26600000,0.26740000,6080073.20000000,1786859999999,1623721.75676000,16508
1786860000000,0.26750000,0.27010000,0.26540000,0.26680000,13459218.70000000,1786863599999,3595715.79417000,26682
1786863600000,0.26670000,0.26920000,0.26450000,0.26570000,104764779.40000000,1786867199999,28000770.13662000,44189
1786867200000,0.26570000,0.26860000,0.26330000,0.26420000,162907133.60000000,1786870799999,43463928.27387000,54843
1786870800000,0.26420000,0.26500000,0.26080000,0.26320000,42303491.60000000,1786874399999,11148543.98744000,45586
1786874400000,0.26330000,0.27230000,0.26310000,0.27220000,3437555.20000000,1786877999999,919716.15255000,24841
1786878000000,0.27220000,0.28190000,0.26950000,0.27400000,8409483.80000000,1786881599999,2310906.97551000,41655
1786881600000,0.27390000,0.27840000,0.27170000,0.27550000,4914676.80000000,1786885199999,1353188.79406000,29288
1786885200000,0.27550000,0.27600000,0.26800000,0.27080000,3807247.40000000,1786888799999,1033562.39162000,30126
1786888800000,0.27080000,0.27110000,0.26780000,0.26810000,2505063.60000000,1786892399999,674202.74139000,19588
1786892400000,0.26800000,0.26890000,0.26340000,0.26420000,1594646.70000000,1786895999999,423066.20710000,16771
1786896000000,0.26410000,0.26700000,0.26340000,0.26660000,2204248.20000000,1786899599999,584621.53652000,17497
1786899600000,0.26650000,0.27120000,0.26620000,0.26950000,16346754.50000000,1786903199999,4397452.55040000,31261
1786903200000,0.26950000,0.27120000,0.26500000,0.26600000,4213695.80000000,1786906799999,1132029.64350000,17327
1786906800000,0.26600000,0.26970000,0.26540000,0.26860000,926632.40000000,1786910399999,248577.48296000,7304
1786910400000,0.26870000,0.26900000,0.26670000,0.26690000,1124354.80000000,1786913999999,300890.43899000,6865
1786914000000,0.26700000,0.26720000,0.26490000,0.26580000,598899.60000000,1786917599999,159331.17688000,4359
1786917600000,0.26590000,0.26680000,0.26510000,0.26560000,305904.80000000,1786921199999,81285.48913000,3086
1786921200000,0.26550000,0.26590000,0.26340000,0.26370000,542197.70000000,1786924799999,143257.30920000,4919
1786924800000,0.26380000,0.26510000,0.26170000,0.26250000,862540.90000000,1786928399999,227312.73450000,7012
1786928400000,0.26250000,0.26500000,0.26200000,0.26420000,836339.90000000,1786931999999,220348.06040000,7849
1786932000000,0.26420000,0.26980000,0.26370000,0.26940000,1858129.80000000,1786935599999,497419.28332000,12610
1786935600000,0.26930000,0.27070000,0.26710000,0.26880000,2112905.30000000,1786939199999,568284.56519000,12555
1786939200000,0.26880000,0.27060000,0.26800000,0.26860000,2721872.90000000,1786942799999,733308.84212000,13266
1786942800000,0.26850000,0.27020000,0.26750000,0.26880000,4072657.10000000,1786946399999,1095089.58416000,28413
1786946400000,0.26880000,0.27530000,0.26850000,0.27490000,5035460.00000000,1786949999999,1368938.09725000,30014
1786950000000,0.27490000,0.27980000,0.27330000,0.27370000,5512306.30000000,1786953599999,1525636.32773000,31235
1786953600000,0.27370000,0.27400000,0.26930000,0.26960000,3979462.50000000,1786957199999,1079181.86046000,22537
1786957200000,0.26960000,0.27190000,0.26920000,0.27060000,5205130.60000000,1786960799999,1407630.66881000,29019
1786960800000,0.27060000,0.27190000,0.26940000,0.27050000,4096775.90000000,1786964399999,1108214.30954000,24194
1786964400000,0.27050000,0.27530000,0.26950000,0.27520000,3921024.10000000,1786967999999,1071064.51266000,22327
1786968000000,0.27510000,0.27710000,0.27410000,0.27600000,5428336.20000000,1786971599999,1496803.53771000,23970
1786971600000,0.27600000,0.27900000,0.27480000,0.27810000,5161650.80000000,1786975199999,1432104.35496000,27403
1786975200000,0.27810000,0.28680000,0.27800000,0.28000000,8172643.50000000,1786978799999,2307520.04268000,46158
1786978800000,0.28010000,0.28020000,0.27170000,0.27610000,4439579.10000000,1786982399999,1220319.56810000,28754
1786982400000,0.27610000,0.28090000,0.27440000,0.28040000,5258119.80000000,1786985999999,1462092.44405000,37811
1786986000000,0.28040000,0.28470000,0.27800000,0.28020000,5615418.90000000,1786989599999,1579049.13766000,36919
1786989600000,0.28010000,0.29700000,0.27890000,0.29230000,9446758.00000000,1786993199999,2732438.19292000,47547
1786993200000,0.29240000,0.30270000,0.29160000,0.30020000,11203491.90000000,1786996799999,3331415.02276000,51668
1786996800000,0.30030000,0.30790000,0.29720000,0.30650000,7813254.60000000,1787000399999,2371254.32244000,46327
1787000400000,0.30650000,0.30840000,0.29050000,0.29090000,4914127.40000000,1787003999999,1474474.72226000,33485
1787004000000,0.29090000,0.29100000,0.28090000,0.28630000,3767152.00000000,1787007599999,1075519.76515000,21796
1787007600000,0.28620000,0.29530000,0.28510000,0.29500000,3796515.70000000,1787011199999,1104911.09181000,23075
1787011200000,0.29510000,0.29840000,0.29110000,0.29560000,3434922.70000000,1787014799999,1013808.44627000,25085
1787014800000,0.29550000,0.30000000,0.29260000,0.29570000,3347584.40000000,1787018399999,990725.92359000,26144
1787018400000,0.29570000,0.29670000,0.28700000,0.28780000,2867926.80000000,1787021999999,835440.56927000,20575
1787022000000,0.28790000,0.29560000,0.28560000,0.29500000,3342979.10000000,1787025599999,969042.03772000,21154
1787025600000,0.29500000,0.29860000,0.29000000,0.29090000,4460443.80000000,1787029199999,1316344.01820000,24890
1787029200000,0.29090000,0.29790000,0.28910000,0.29510000,4328671.40000000,1787032799999,1274263.63038000,25337
1787032800000,0.29500000,0.29630000,0.29290000,0.29470000,5683418.50000000,1787036399999,1673676.80247000,28381
1787036400000,0.29480000,0.29620000,0.29060000,0.29220000,8146681.40000000,1787039999999,2386056.84006000,35706
1787040000000,0.29220000,0.29580000,0.29150000,0.29480000,10658094.20000000,1787043599999,3134943.02518000,47635
1787043600000,0.29480000,0.30220000,0.28790000,0.29210000,17073274.90000000,1787047199999,5048984.79243000,85164
1787047200000,0.29210000,0.29620000,0.28480000,0.29080000,13643207.50000000,1787050799999,3966157.88777000,72446
1787050800000,0.29080000,0.29920000,0.28830000,0.29790000,12515528.20000000,1787054399999,3691930.77014000,58259
1787054400000,0.29800000,0.29860000,0.29240000,0.29240000,7657649.60000000,1787057999999,2265330.22320000,29328
1787058000000,0.29250000,0.29320000,0.29030000,0.29130000,9137451.60000000,1787061599999,2667043.72016000,38493
1787061600000,0.29130000,0.29830000,0.29090000,0.29770000,7124772.20000000,1787065199999,2103174.47713000,33771
1787065200000,0.29770000,0.30700000,0.29770000,0.30570000,8362696.10000000,1787068799999,2528203.85672000,65443
1787068800000,0.30570000,0.30640000,0.29890000,0.29980000,6803349.30000000,1787072399999,2051322.63563000,45287
1787072400000,0.29970000,0.30130000,0.28610000,0.28650000,5655006.40000000,1787075999999,1657982.82848000,37598
1787076000000,0.28640000,0.29220000,0.28490000,0.29050000,6214307.20000000,1787079599999,1796879.77745000,31943
1787079600000,0.29050000,0.29380000,0.29000000,0.29110000,3966178.80000000,1787083199999,1158028.84865000,24554
1787083200000,0.29100000,0.29980000,0.29090000,0.29800000,3987568.10000000,1787086799999,1184933.04358000,23579
1787086800000,0.29800000,0.29970000,0.29550000,0.29780000,2241360.70000000,1787090399999,666741.53041000,11662
1787090400000,0.29780000,0.29790000,0.29410000,0.29630000,1743869.80000000,1787093999999,515106.12695000,9448
1787094000000,0.29640000,0.30230000,0.29590000,0.30220000,1756045.30000000,1787097599999,525938.75691000,12675
1787097600000,0.30210000,0.30460000,0.30100000,0.30410000,2054339.40000000,1787101199999,621787.92687000,13090
1787101200000,0.30420000,0.30700000,0.29930000,0.30500000,9386129.30000000,1787104799999,2854401.26480000,37362
1787104800000,0.30500000,0.30780000,0.30130000,0.30310000,13318313.90000000,1787108399999,4054024.48206000,58995
1787108400000,0.30300000,0.30590000,0.29520000,0.29650000,17931820.50000000,1787111999999,5400272.08406000,77571
1787112000000,0.29640000,0.30300000,0.29510000,0.29520000,17548108.20000000,1787115599999,5255293.77780000,70864
1787115600000,0.29520000,0.30340000,0.29260000,0.30310000,29175918.10000000,1787119199999,8682946.49206000,95523
1787119200000,0.30310000,0.30380000,0.29650000,0.29920000,42864519.40000000,1787122799999,12881924.88042000,93521
1787122800000,0.29930000,0.30190000,0.29320000,0.29540000,52999996.30000000,1787126399999,15702983.24598000,153564
1787126400000,0.29540000,0.30200000,0.28960000,0.29400000,76663559.00000000,1787129999999,22576982.24719000,238216
1787130000000,0.29400000,0.29640000,0.28820000,0.29380000,97854090.40000000,1787133599999,28556409.01221000,247742
1787133600000,0.29370000,0.29920000,0.29280000,0.29470000,4318722.60000000,1787137199999,1279978.87775000,17904
1787137200000,0.29480000,0.29850000,0.29470000,0.29770000,1559411.10000000,1787140799999,462749.83641000,7355
1787140800000,0.29770000,0.30090000,0.29660000,0.29690000,2060619.30000000,1787144399999,616048.84553000,9015
1787144400000,0.29690000,0.29700000,0.29280000,0.29430000,1243725.40000000,1787147999999,365573.56683000,5910
1787148000000,0.29440000,0.29570000,0.29340000,0.29420000,954049.30000000,1787151599999,280934.09407000,4697
1787151600000,0.29410000,0.30390000,0.29370000,0.29940000,2875666.40000000,1787155199999,862064.28502000,13728
1787155200000,0.29940000,0.30050000,0.29300000,0.29480000,2237288.50000000,1787158799999,663455.74001000,8607
1787158800000,0.29480000,0.29790000,0.29410000,0.29570000,1134831.10000000,1787162399999,335313.42627000,5248
1787162400000,0.29570000,0.29580000,0.29060000,0.29140000,1034792.60000000,1787165999999,303163.10256000,4781
1787166000000,0.29140000,0.29260000,0.29060000,0.29080000,902521.90000000,1787169599999,263095.64284000,3629
1787169600000,0.29080000,0.29350000,0.28930000,0.29190000,1180308.00000000,1787173199999,343758.76486000,6101
1787173200000,0.29200000,0.29690000,0.29180000,0.29450000,1132439.90000000,1787176799999,334176.49823000,5366
1787176800000,0.29460000,0.29560000,0.29020000,0.29060000,671964.10000000,1787180399999,197550.84613000,3618
1787180400000,0.29050000,0.29180000,0.28750000,0.28970000,1036621.10000000,1787183999999,300125.57938000,5697
1787184000000,0.28980000,0.29490000,0.28930000,0.29120000,1458500.50000000,1787187599999,425380.50887000,6808
1787187600000,0.29120000,0.29380000,0.28880000,0.29090000,636646.40000000,1787191199999,185328.84701000,4352
1787191200000,0.29070000,0.29380000,0.28970000,0.29180000,393316.50000000,1787194799999,114705.24977000,2832
1787194800000,0.29190000,0.29260000,0.29020000,0.29220000,212469.40000000,1787198399999,61864.39151000,2150
1787198400000,0.29210000,0.29260000,0.28550000,0.28610000,578736.90000000,1787201999999,166533.82635000,4851
1787202000000,0.28620000,0.28930000,0.28380000,0.28800000,468598.60000000,1787205599999,134035.93492000,3742
1787205600000,0.28790000,0.28890000,0.28460000,0.28740000,508300.30000000,1787209199999,145538.28427000,5668
1787209200000,0.28740000,0.28910000,0.28460000,0.28510000,307668.30000000,1787212799999,88333.19362000,3519
1787212800000,0.28510000,0.29130000,0.28500000,0.28900000,743074.20000000,1787216399999,214810.55828000,5467
1787216400000,0.28910000,0.29360000,0.28790000,0.29140000,644627.80000000,1787219999999,187173.72838000,4521
1787220000000,0.29140000,0.29320000,0.28950000,0.29100000,519922.90000000,1787223599999,151558.35632000,3811
1787223600000,0.29100000,0.29330000,0.29030000,0.29310000,379834.90000000,1787227199999,110839.31130000,2967
1787227200000,0.29310000,0.29430000,0.28850000,0.29260000,792044.10000000,1787230799999,230673.24477000,6861
1787230800000,0.29270000,0.29310000,0.28980000,0.29040000,486234.10000000,1787234399999,141508.19490000,4211
1787234400000,0.29040000,0.30030000,0.28940000,0.29900000,1278810.70000000,1787237999999,377577.02616000,7672
1787238000000,0.29890000,0.29890000,0.29360000,0.29440000,822713.30000000,1787241599999,243402.63467000,6249
1787241600000,0.29440000,0.30940000,0.29410000,0.30740000,2194359.40000000,1787245199999,665164.72342000,22523
1787245200000,0.30750000,0.32580000,0.30720000,0.32350000,3610026.00000000,1787248799999,1145061.23694000,39657
1787248800000,0.32360000,0.33340000,0.31580000,0.31870000,3931962.90000000,1787252399999,1285535.57880000,45766
1787252400000,0.31870000,0.32740000,0.31670000,0.32280000,2133069.50000000,1787255999999,685439.05875000,30279
1787256000000,0.32290000,0.32320000,0.30100000,0.30290000,1702666.60000000,1787259599999,530008.50720000,19975
1787259600000,0.30290000,0.30560000,0.29940000,0.30100000,828097.30000000,1787263199999,250297.12197000,6973
1787263200000,0.30110000,0.30620000,0.30080000,0.30530000,1352981.20000000,1787266799999,411021.54296000,8583
1787266800000,0.30530000,0.30690000,0.30220000,0.30360000,1293612.80000000,1787270399999,394402.40715000,7826
1787270400000,0.30350000,0.30930000,0.30330000,0.30390000,689824.00000000,1787273999999,211406.86687000,6602
1787274000000,0.30390000,0.30700000,0.30170000,0.30700000,575355.90000000,1787277599999,174968.52206000,4922
1787277600000,0.30700000,0.31090000,0.30660000,0.30820000,679437.20000000,1787281199999,209591.62244000,6607
1787281200000,0.30810000,0.30870000,0.30280000,0.30360000,291897.70000000,1787284799999,89155.31766000,2958
1787284800000,0.30360000,0.30880000,0.30290000,0.30770000,380672.00000000,1787288399999,116231.50962000,3975
1787288400000,0.30770000,0.31010000,0.30600000,0.30630000,672472.50000000,1787291999999,207301.69623000,6175
1787292000000,0.30640000,0.30920000,0.30620000,0.30770000,146780.80000000,1787295599999,45234.66215000,2138
1787295600000,0.30770000,0.30930000,0.30540000,0.30570000,310140.00000000,1787299199999,95275.72646000,2687
1787299200000,0.30570000,0.30840000,0.30480000,0.30690000,553832.90000000,1787302799999,169674.70496000,6937
1787302800000,0.30690000,0.30920000,0.29650000,0.30200000,1440817.10000000,1787306399999,435292.72699000,10380
1787306400000,0.30200000,0.30630000,0.30200000,0.30560000,302591.40000000,1787309999999,92274.69402000,3760
1787310000000,0.30550000,0.30760000,0.30440000,0.30470000,340094.00000000,1787313599999,104048.48618000,3332
1787313600000,0.30470000,0.30550000,0.30300000,0.30460000,440755.90000000,1787317199999,134201.71665000,3444
1787317200000,0.30470000,0.30790000,0.30320000,0.30790000,375968.40000000,1787320799999,114644.08313000,3706
1787320800000,0.30790000,0.30800000,0.30210000,0.30420000,463429.70000000,1787324399999,140812.67821000,4054
1787324400000,0.30420000,0.30560000,0.30070000,0.30130000,847178.40000000,1787327999999,256452.23447000,7671
1787328000000,0.30120000,0.30390000,0.29730000,0.30320000,761361.40000000,1787331599999,229036.45445000,6596
1787331600000,0.30320000,0.30430000,0.29950000,0.30100000,712994.70000000,1787335199999,214770.35377000,8791
1787335200000,0.30090000,0.30300000,0.29970000,0.30190000,816412.40000000,1787338799999,245933.59586000,9211
1787338800000,0.30200000,0.30240000,0.30010000,0.30050000,387099.00000000,1787342399999,116646.71189000,5829
1787342400000,0.30050000,0.30270000,0.30010000,0.30220000,378784.80000000,1787345999999,114138.93142000,5204
1787346000000,0.30220000,0.30430000,0.30110000,0.30270000,206370.20000000,1787349599999,62409.08009000,2315
1787349600000,0.30280000,0.30350000,0.30060000,0.30090000,375084.30000000,1787353199999,113320.71745000,4300
1787353200000,0.30080000,0.30090000,0.29770000,0.29870000,721167.70000000,1787356799999,215797.93081000,9637
1787356800000,0.29880000,0.30720000,0.29880000,0.30660000,713744.40000000,1787360399999,216161.92409000,4821
1787360400000,0.30670000,0.30850000,0.30090000,0.30220000,491941.50000000,1787363999999,149715.83488000,4582
1787364000000,0.30220000,0.30860000,0.30190000,0.30860000,386496.80000000,1787367599999,118115.26737000,3526
1787367600000,0.30850000,0.31000000,0.30660000,0.30870000,804972.70000000,1787371199999,248376.24923000,6212
1787371200000,0.30860000,0.31290000,0.30860000,0.31150000,1001393.70000000,1787374799999,310797.40783000,6489
1787374800000,0.31140000,0.31280000,0.26090000,0.28490000,4973834.20000000,1787378399999,1431655.77979000,34838
1787378400000,0.28480000,0.29360000,0.28240000,0.29150000,1847782.40000000,1787381999999,528944.45672000,17919
1787382000000,0.29150000,0.29250000,0.28840000,0.28940000,631321.00000000,1787385599999,183408.17256000,7569
1787385600000,0.28940000,0.28960000,0.28510000,0.28930000,464916.50000000,1787389199999,133532.71627000,5525
1787389200000,0.28920000,0.28920000,0.28620000,0.28790000,576411.60000000,1787392799999,165963.87156000,4909
1787392800000,0.28800000,0.28830000,0.28320000,0.28680000,530291.90000000,1787396399999,151356.83398000,5174
1787396400000,0.28670000,0.29430000,0.28640000,0.29130000,433639.80000000,1787399999999,125933.14523000,4378
1787400000000,0.29140000,0.29350000,0.29000000,0.29060000,348811.70000000,1787403599999,101774.66611000,2820
1787403600000,0.29060000,0.29100000,0.28800000,0.28840000,154836.20000000,1787407199999,44755.48515000,1616
1787407200000,0.28850000,0.29030000,0.28680000,0.28780000,281176.00000000,1787410799999,81090.26247000,2399
1787410800000,0.28780000,0.28860000,0.28600000,0.28720000,164028.90000000,1787414399999,47094.09311000,1844
1787414400000,0.28720000,0.29080000,0.28650000,0.28740000,228156.00000000,1787417999999,65820.66224000,2219
1787418000000,0.28750000,0.28960000,0.28740000,0.28850000,176135.30000000,1787421599999,50806.84528000,2208
1787421600000,0.28850000,0.28890000,0.28420000,0.28480000,152975.40000000,1787425199999,43770.45250000,1670
1787425200000,0.28480000,0.28520000,0.28210000,0.28310000,159250.90000000,1787428799999,45073.12591000,1677
1787428800000,0.28300000,0.28580000,0.28290000,0.28460000,175085.10000000,1787432399999,49790.56454000,1631
1787432400000,0.28470000,0.28480000,0.28110000,0.28270000,195998.00000000,1787435999999,55448.96058000,1854
1787436000000,0.28280000,0.28560000,0.28120000,0.28550000,321166.50000000,1787439599999,91173.45164000,2409
1787439600000,0.28530000,0.28830000,0.28320000,0.28480000,446452.70000000,1787443199999,127415.50000000,4123
1787443200000,0.28480000,0.28550000,0.28140000,0.28240000,328849.90000000,1787446799999,93124.79277000,3760
1787446800000,0.28250000,0.28500000,0.28200000,0.28420000,202646.70000000,1787450399999,57539.84374000,2645
1787450400000,0.28420000,0.28830000,0.28280000,0.28320000,594625.20000000,1787453999999,169857.68898000,5053
1787454000000,0.28330000,0.28330000,0.27730000,0.27830000,493891.40000000,1787457599999,138367.52735000,4937
1787457600000,0.27830000,0.27830000,0.27140000,0.27160000,829215.50000000,1787461199999,228232.33408000,6180
1787461200000,0.27160000,0.27230000,0.26710000,0.27060000,1052080.70000000,1787464799999,283504.91665000,9355
1787464800000,0.27060000,0.27480000,0.26940000,0.27150000,458226.60000000,1787468399999,124688.30720000,4602
1787468400000,0.27150000,0.27200000,0.27020000,0.27130000,328485.50000000,1787471999999,89040.06922000,2260
1787472000000,0.27130000,0.27500000,0.27050000,0.27200000,426501.20000000,1787475599999,116614.60815000,3155
1787475600000,0.27200000,0.27580000,0.27200000,0.27340000,503538.40000000,1787479199999,138022.89217000,2899
1787479200000,0.27350000,0.27470000,0.27310000,0.27350000,237881.80000000,1787482799999,65096.21231000,1597
1787482800000,0.27360000,0.27570000,0.27230000,0.27520000,201829.80000000,1787486399999,55356.63544000,1734
1787486400000,0.27520000,0.27520000,0.27290000,0.27410000,367824.80000000,1787489999999,100852.84123000,4122
1787490000000,0.27410000,0.27790000,0.27400000,0.27720000,410934.30000000,1787493599999,113350.26115000,3557
1787493600000,0.27720000,0.27840000,0.27440000,0.27580000,518731.30000000,1787497199999,143176.95990000,4427
1787497200000,0.27580000,0.27670000,0.27450000,0.27560000,273467.40000000,1787500799999,75388.52254000,3359
1787500800000,0.27560000,0.27610000,0.27220000,0.27240000,340898.10000000,1787504399999,93368.10333000,3323
1787504400000,0.27240000,0.27330000,0.27130000,0.27260000,474631.00000000,1787507999999,129231.71627000,3805
1787508000000,0.27260000,0.27360000,0.27140000,0.27230000,247205.80000000,1787511599999,67333.32599000,2609
1787511600000,0.27240000,0.27520000,0.27200000,0.27510000,181406.10000000,1787515199999,49659.78329000,1738
1787515200000,0.27510000,0.27720000,0.27400000,0.27430000,171467.10000000,1787518799999,47244.79857000,1328
1787518800000,0.27430000,0.27620000,0.27300000,0.27400000,326894.80000000,1787522399999,89759.16697000,2602
1787522400000,0.27410000,0.27480000,0.27280000,0.27410000,255605.70000000,1787525999999,69914.79822000,2552
1787526000000,0.27410000,0.27790000,0.27380000,0.27630000,495158.50000000,1787529599999,137004.28017000,2881
1787529600000,0.27620000,0.27650000,0.27050000,0.27360000,473287.80000000,1787533199999,129300.77858000,5067
1787533200000,0.27360000,0.27360000,0.26550000,0.26610000,347452.40000000,1787536799999,93539.40825000,3961
1787536800000,0.26620000,0.26680000,0.26380000,0.26440000,584916.80000000,1787540399999,155180.51502000,5835
1787540400000,0.26440000,0.26880000,0.26080000,0.26580000,806221.70000000,1787543999999,213641.19528000,6871
1787544000000,0.26590000,0.26830000,0.26590000,0.26730000,294146.30000000,1787547599999,78519.04235000,3309
1787547600000,0.26730000,0.27100000,0.26610000,0.26910000,425988.60000000,1787551199999,114531.58715000,4512
1787551200000,0.26920000,0.26960000,0.26610000,0.26740000,286377.80000000,1787554799999,76651.27272000,2322
1787554800000,0.26730000,0.27010000,0.26650000,0.26700000,342737.50000000,1787558399999,91995.00039000,2863
1787558400000,0.26700000,0.26940000,0.26660000,0.26710000,219139.50000000,1787561999999,58671.65562000,2215
1787562000000,0.26700000,0.26780000,0.26570000,0.26610000,305698.30000000,1787565599999,81565.86658000,1964
1787565600000,0.26610000,0.26860000,0.26510000,0.26560000,326297.60000000,1787569199999,87154.85316000,3133
1787569200000,0.26550000,0.26740000,0.26450000,0.26510000,245506.50000000,1787572799999,65268.37459000,2612
1787572800000,0.26510000,0.26630000,0.26350000,0.26600000,478359.20000000,1787576399999,126641.49523000,2844
1787576400000,0.26600000,0.26670000,0.26190000,0.26450000,415521.80000000,1787579999999,109842.23657000,3425
1787580000000,0.26440000,0.26870000,0.26390000,0.26730000,397215.10000000,1787583599999,105651.41262000,3904
1787583600000,0.26720000,0.26830000,0.26340000,0.26390000,332952.30000000,1787587199999,88735.23660000,2294
1787587200000,0.26400000,0.26820000,0.26320000,0.26580000,342972.10000000,1787590799999,91084.33960000,1690
1787590800000,0.26590000,0.26590000,0.25870000,0.26140000,541457.00000000,1787594399999,141985.11245000,2404
1787594400000,0.26140000,0.26390000,0.26110000,0.26180000,103680.70000000,1787597999999,27199.77142000,718
1787598000000,0.26170000,0.26170000,0.25850000,0.25940000,257612.90000000,1787601599999,66968.46303000,1198
1787601600000,0.25940000,0.26470000,0.25940000,0.26450000,625076.70000000,1787605199999,163637.25356000,2358
1787605200000,0.26460000,0.26560000,0.26180000,0.26180000,131889.70000000,1787608799999,34791.62734000,496
1787608800000,0.26170000,0.26340000,0.26160000,0.26250000,36860.40000000,1787612399999,9684.47843000,284
1787612400000,0.26260000,0.26290000,0.26140000,0.26260000,63000.80000000,1787615999999,16521.46714000,316
1787616000000,0.26250000,0.26480000,0.26150000,0.26270000,210161.50000000,1787619599999,55291.16967000,1831
