open_time,open,high,low,close,volume,close_time,quote_volume,n_trades
1776776400000,0.01200000,0.06500000,0.01200000,0.05815000,134304000.00000000,1776779999999,7655450.05952000,78508
1776780000000,0.05820000,0.06426000,0.05306000,0.05875000,129718876.00000000,1776783599999,7651971.81297000,94934
1776783600000,0.05880000,0.06200000,0.05708000,0.05894000,72824113.00000000,1776787199999,4312483.21048000,38390
1776787200000,0.05892000,0.05924000,0.05720000,0.05848000,36594968.00000000,1776790799999,2131913.63875000,20502
1776790800000,0.05845000,0.05974000,0.05555000,0.05882000,37312329.00000000,1776794399999,2150327.04662000,24009
1776794400000,0.05881000,0.06030000,0.05703000,0.05786000,25040271.00000000,1776797999999,1460530.03087000,17344
1776798000000,0.05784000,0.06186000,0.05729000,0.05799000,46896934.00000000,1776801599999,2793889.37828000,31841
1776801600000,0.05800000,0.06431000,0.05734000,0.06415000,50650826.00000000,1776805199999,3056112.81606000,28254
1776805200000,0.06410000,0.06899000,0.06082000,0.06176000,89167085.00000000,1776808799999,5833323.91866000,48266
1776808800000,0.06176000,0.06450000,0.05960000,0.06159000,37901441.00000000,1776812399999,2327358.83108000,25071
1776812400000,0.06157000,0.06258000,0.06010000,0.06132000,26247282.00000000,1776815999999,1613847.40093000,20240
1776816000000,0.06134000,0.06462000,0.05456000,0.05821000,49354628.00000000,1776819599999,2913418.09416000,35758
1776819600000,0.05820000,0.05888000,0.05518000,0.05781000,29131765.00000000,1776823199999,1657713.68325000,21446
1776823200000,0.05776000,0.06199000,0.05708000,0.05996000,30419570.00000000,1776826799999,1812551.08727000,19729
1776826800000,0.05989000,0.06555000,0.05902000,0.06412000,56923406.00000000,1776830399999,3556934.95966000,27443
1776830400000,0.06403000,0.06471000,0.06058000,0.06142000,45491947.00000000,1776833999999,2834344.30616000,22545
1776834000000,0.06142000,0.07754000,0.06134000,0.07722000,135057447.00000000,1776837599999,9445766.07463000,61106
1776837600000,0.07723000,0.08300000,0.07425000,0.07775000,188234207.00000000,1776841199999,14774658.36027000,89699
1776841200000,0.07776000,0.08650000,0.07690000,0.08538000,130171989.00000000,1776844799999,10495340.36665000,60181
1776844800000,0.08536000,0.08950000,0.08201000,0.08501000,114128471.00000000,1776848399999,9751794.09033000,60859
1776848400000,0.08504000,0.08588000,0.07548000,0.07997000,89610180.00000000,1776851999999,7164293.70446000,56810
1776852000000,0.07996000,0.08602000,0.07920000,0.08514000,65733001.00000000,1776855599999,5470430.81771000,45980
1776855600000,0.08511000,0.09770000,0.08434000,0.09430000,344179744.00000000,1776859199999,31374189.36415000,555545
1776859200000,0.09428000,0.11924000,0.09293000,0.11069000,428242019.00000000,1776862799999,45735730.69364000,448159
1776862800000,0.11071000,0.11744000,0.09420000,0.09572000,331542646.00000000,1776866399999,35167870.17159000,415213
1776866400000,0.09572000,0.11400000,0.09540000,0.10963000,261538565.00000000,1776869999999,26867978.28862000,343043
1776870000000,0.10968000,0.11850000,0.10195000,0.11248000,284940241.00000000,1776873599999,31260381.90548000,336268
1776873600000,0.11252000,0.11866000,0.10440000,0.10792000,227791841.00000000,1776877199999,25371395.12050000,309841
1776877200000,0.10789000,0.11330000,0.10210000,0.11131000,127815322.00000000,1776880799999,13892734.44621000,213667
1776880800000,0.11134000,0.12175000,0.11000000,0.11441000,153982729.00000000,1776884399999,17592399.80976000,228034
1776884400000,0.11438000,0.11542000,0.10136000,0.10412000,130953802.00000000,1776887999999,14251210.32817000,191369
1776888000000,0.10412000,0.11073000,0.10034000,0.10986000,92584928.00000000,1776891599999,9846889.69930000,160322
1776891600000,0.10985000,0.11545000,0.10613000,0.10878000,83436599.00000000,1776895199999,9194828.60720000,114426
1776895200000,0.10876000,0.11094000,0.10408000,0.10880000,84531262.00000000,1776898799999,9087614.19364000,131185
1776898800000,0.10878000,0.11488000,0.10671000,0.11284000,77680779.00000000,1776902399999,8660339.16957000,175009
1776902400000,0.11284000,0.12710000,0.10792000,0.12187000,191453290.00000000,1776905999999,22585022.90313000,366722
1776906000000,0.12188000,0.14069000,0.11995000,0.13407000,208257971.00000000,1776909599999,27546489.75448000,422049
1776909600000,0.13406000,0.13646000,0.11290000,0.12062000,215075196.00000000,1776913199999,26403304.70052000,406192
1776913200000,0.12057000,0.12287000,0.09773000,0.10262000,178674528.00000000,1776916799999,19518622.71391000,245991
1776916800000,0.10262000,0.10849000,0.09032000,0.09532000,136236915.00000000,1776920399999,13654296.67274000,251472
1776920400000,0.09529000,0.10646000,0.09167000,0.10395000,127796420.00000000,1776923999999,12565384.99121000,218471
1776924000000,0.10394000,0.11454000,0.09809000,0.11166000,109979601.00000000,1776927599999,11741006.43980000,210780
1776927600000,0.11167000,0.11396000,0.10539000,0.11038000,114653039.00000000,1776931199999,12493350.05146000,205541
1776931200000,0.11037000,0.11879000,0.10668000,0.11488000,110231576.00000000,1776934799999,12525403.27187000,188121
1776934800000,0.11493000,0.11700000,0.10500000,0.10953000,97717258.00000000,1776938399999,10706921.18555000,200860
1776938400000,0.10952000,0.11221000,0.10207000,0.10448000,66989913.00000000,1776941999999,7142894.63545000,119996
1776942000000,0.10449000,0.10829000,0.09973000,0.10646000,69333036.00000000,1776945599999,7191064.19419000,161850
1776945600000,0.10646000,0.11089000,0.10339000,0.10614000,65275506.00000000,1776949199999,7004623.70760000,209291
1776949200000,0.10617000,0.10678000,0.09712000,0.10120000,70305951.00000000,1776952799999,7134003.81226000,111612
1776952800000,0.10119000,0.10264000,0.09600000,0.10052000,72973895.00000000,1776956399999,7236473.38465000,59108
1776956400000,0.10052000,0.10450000,0.09285000,0.09551000,78215081.00000000,1776959999999,7677694.89487000,51881
1776960000000,0.09546000,0.09791000,0.09108000,0.09166000,55382896.00000000,1776963599999,5222982.30685000,41127
1776963600000,0.09169000,0.09462000,0.08971000,0.09217000,46988042.00000000,1776967199999,4329551.97004000,46722
1776967200000,0.09217000,0.09970000,0.09216000,0.09457000,55257681.00000000,1776970799999,5319077.26787000,42404
1776970800000,0.09456000,0.09773000,0.09298000,0.09674000,23125739.00000000,1776974399999,2211138.19747000,25200
1776974400000,0.09674000,0.10071000,0.09536000,0.09960000,33837908.00000000,1776977999999,3336531.68895000,31200
1776978000000,0.09964000,0.10634000,0.09710000,0.10250000,45130344.00000000,1776981599999,4608385.46213000,40191
1776981600000,0.10253000,0.10870000,0.10080000,0.10632000,42327624.00000000,1776985199999,4455140.42195000,43364
1776985200000,0.10633000,0.10829000,0.10243000,0.10383000,35716562.00000000,1776988799999,3768021.41348000,40127
1776988800000,0.10384000,0.10585000,0.09734000,0.09848000,47028399.00000000,1776992399999,4705646.26600000,47553
1776992400000,0.09848000,0.10440000,0.09818000,0.09923000,29119367.00000000,1776995999999,2933151.87946000,27830
1776996000000,0.09926000,0.10027000,0.09604000,0.09746000,25711219.00000000,1776999599999,2524714.42717000,25720
1776999600000,0.09745000,0.09830000,0.09385000,0.09436000,26052753.00000000,1777003199999,2501285.70243000,25711
1777003200000,0.09435000,0.09690000,0.09350000,0.09664000,23344853.00000000,1777006799999,2228469.14893000,27480
1777006800000,0.09662000,0.09890000,0.09424000,0.09460000,27910279.00000000,1777010399999,2681732.86010000,28562
1777010400000,0.09460000,0.09583000,0.09110000,0.09323000,33406703.00000000,1777013999999,3104780.01007000,37870
1777014000000,0.09321000,0.09543000,0.09280000,0.09388000,28781002.00000000,1777017599999,2710909.64990000,24036
1777017600000,0.09388000,0.09775000,0.09283000,0.09600000,32586472.00000000,1777021199999,3097533.36375000,30475
1777021200000,0.09600000,0.09700000,0.09306000,0.09524000,37079478.00000000,1777024799999,3522896.76394000,38447
1777024800000,0.09525000,0.09631000,0.09151000,0.09450000,87905390.00000000,1777028399999,8295313.08713000,91035
1777028400000,0.09450000,0.09519000,0.08888000,0.09074000,60438666.00000000,1777031999999,5594572.80546000,60441
1777032000000,0.09074000,0.09385000,0.08981000,0.09279000,50021103.00000000,1777035599999,4620600.44348000,53142
1777035600000,0.09282000,0.09342000,0.08925000,0.08940000,48036756.00000000,1777039199999,4392950.55204000,45780
1777039200000,0.08940000,0.08992000,0.08654000,0.08802000,48720166.00000000,1777042799999,4314077.11618000,46433
1777042800000,0.08800000,0.08921000,0.08734000,0.08855000,27541287.00000000,1777046399999,2431454.52902000,26148
1777046400000,0.08858000,0.08872000,0.08549000,0.08825000,31941331.00000000,1777049999999,2769671.23591000,33028
1777050000000,0.08825000,0.09184000,0.08705000,0.08752000,41886807.00000000,1777053599999,3764040.92537000,39051
1777053600000,0.08753000,0.08894000,0.08587000,0.08717000,21164500.00000000,1777057199999,1845748.90079000,20291
1777057200000,0.08717000,0.08966000,0.08667000,0.08671000,19912864.00000000,1777060799999,1758199.38098000,16606
1777060800000,0.08672000,0.08855000,0.08586000,0.08820000,23687223.00000000,1777064399999,2060324.44085000,20467
1777064400000,0.08821000,0.08962000,0.08717000,0.08867000,13587953.00000000,1777067999999,1201270.97632000,13434
1777068000000,0.08868000,0.08978000,0.08605000,0.08664000,14825967.00000000,1777071599999,1299756.81573000,12293
1777071600000,0.08665000,0.08703000,0.08301000,0.08477000,35448986.00000000,1777075199999,3022086.34372000,29529
1777075200000,0.08476000,0.08626000,0.08140000,0.08281000,22901473.00000000,1777078799999,1905459.49753000,23739
1777078800000,0.08284000,0.08312000,0.07913000,0.07946000,27841218.00000000,1777082399999,2267064.29991000,25233
1777082400000,0.07943000,0.08071000,0.07752000,0.07819000,23478512.00000000,1777085999999,1856144.39746000,21320
1777086000000,0.07819000,0.08036000,0.07579000,0.07927000,32792996.00000000,1777089599999,2540520.67142000,24223
1777089600000,0.07927000,0.08099000,0.07752000,0.07949000,21409886.00000000,1777093199999,1696013.87268000,20368
1777093200000,0.07949000,0.08016000,0.07663000,0.07773000,18612503.00000000,1777096799999,1452552.90349000,17437
1777096800000,0.07775000,0.07978000,0.07711000,0.07885000,23332125.00000000,1777100399999,1827899.41017000,21070
1777100400000,0.07882000,0.08181000,0.07863000,0.07978000,31271093.00000000,1777103999999,2500982.21452000,27997
1777104000000,0.07979000,0.08051000,0.07767000,0.07835000,28634240.00000000,1777107599999,2265211.36358000,30838
1777107600000,0.07832000,0.07873000,0.07739000,0.07750000,30353477.00000000,1777111199999,2369611.79837000,29931
1777111200000,0.07750000,0.07963000,0.07700000,0.07854000,26045492.00000000,1777114799999,2045216.40285000,27225
1777114800000,0.07853000,0.07917000,0.07721000,0.07754000,27296674.00000000,1777118399999,2131017.71585000,28517
1777118400000,0.07754000,0.07788000,0.07125000,0.07252000,69906762.00000000,1777121999999,5107206.66180000,59654
1777122000000,0.07251000,0.07355000,0.07182000,0.07281000,36636084.00000000,1777125599999,2666504.14241000,31216
1777125600000,0.07280000,0.07292000,0.07034000,0.07110000,37367375.00000000,1777129199999,2684640.85824000,38577
1777129200000,0.07110000,0.07174000,0.06932000,0.07043000,37467565.00000000,1777132799999,2657377.34743000,41424
1777132800000,0.07043000,0.07231000,0.06874000,0.06972000,36329895.00000000,1777136399999,2559317.82400000,38923
1777136400000,0.06972000,0.07169000,0.06951000,0.07013000,25608696.00000000,1777139999999,1802399.83747000,30973
1777140000000,0.07011000,0.07364000,0.07011000,0.07249000,25245695.00000000,1777143599999,1815892.06371000,17478
1777143600000,0.07250000,0.07281000,0.07098000,0.07278000,24257081.00000000,1777147199999,1744820.72353000,23361
1777147200000,0.07280000,0.07293000,0.07179000,0.07225000,16933945.00000000,1777150799999,1224272.77347000,21205
1777150800000,0.07228000,0.07251000,0.07170000,0.07218000,7340913.00000000,1777154399999,529324.13539000,5195
1777154400000,0.07218000,0.07545000,0.07217000,0.07269000,20383419.00000000,1777157999999,1496163.75654000,14810
1777158000000,0.07267000,0.07325000,0.07185000,0.07304000,13519027.00000000,1777161599999,980120.91249000,16090
1777161600000,0.07304000,0.07341000,0.06902000,0.06975000,27212946.00000000,1777165199999,1915981.94417000,21459
1777165200000,0.06976000,0.07206000,0.06845000,0.07045000,31074628.00000000,1777168799999,2172726.14624000,32674
1777168800000,0.07045000,0.07060000,0.06727000,0.06769000,27627796.00000000,1777172399999,1899773.20007000,26619
1777172400000,0.06770000,0.06889000,0.06590000,0.06743000,46691022.00000000,1777175999999,3152770.20197000,42418
1777176000000,0.06741000,0.06860000,0.06693000,0.06738000,48878055.00000000,1777179599999,3310731.58911000,42239
1777179600000,0.06738000,0.06799000,0.06709000,0.06763000,79447877.00000000,1777183199999,5368665.74970000,65828
1777183200000,0.06762000,0.07051000,0.06752000,0.06963000,116391228.00000000,1777186799999,8037207.03421000,126885
1777186800000,0.06962000,0.06980000,0.06741000,0.06792000,64595830.00000000,1777190399999,4408852.12806000,46212
1777190400000,0.06793000,0.06925000,0.06737000,0.06849000,56110402.00000000,1777193999999,3834526.33618000,49375
1777194000000,0.06849000,0.06985000,0.06814000,0.06941000,108087758.00000000,1777197599999,7458445.11725000,93792
1777197600000,0.06940000,0.07022000,0.06790000,0.06824000,163601731.00000000,1777201199999,11292455.21314000,165183
1777201200000,0.06823000,0.06879000,0.06771000,0.06825000,218888933.00000000,1777204799999,14952547.26006000,185397
1777204800000,0.06824000,0.07381000,0.06824000,0.07187000,199926906.00000000,1777208399999,14159076.87104000,199343
1777208400000,0.07187000,0.07273000,0.07000000,0.07013000,228222778.00000000,1777211999999,16255812.69382000,176241
1777212000000,0.07012000,0.07245000,0.06941000,0.07227000,158796893.00000000,1777215599999,11222094.07377000,117923
1777215600000,0.07227000,0.07772000,0.07226000,0.07303000,189866281.00000000,1777219199999,14233639.90435000,125932
1777219200000,0.07303000,0.07724000,0.07218000,0.07439000,102998584.00000000,1777222799999,7681226.98204000,71858
1777222800000,0.07437000,0.07892000,0.07384000,0.07640000,86888292.00000000,1777226399999,6631385.01357000,61391
1777226400000,0.07640000,0.07994000,0.07606000,0.07883000,98237908.00000000,1777229999999,7670069.47474000,73249
1777230000000,0.07885000,0.07894000,0.07532000,0.07640000,102800048.00000000,1777233599999,7872222.48805000,153643
1777233600000,0.07638000,0.07811000,0.07357000,0.07373000,59415396.00000000,1777237199999,4518112.12594000,52115
1777237200000,0.07373000,0.07529000,0.07216000,0.07372000,53708507.00000000,1777240799999,3956869.21974000,56604
1777240800000,0.07372000,0.07619000,0.07321000,0.07589000,44968568.00000000,1777244399999,3347009.34472000,35268
1777244400000,0.07587000,0.07619000,0.07288000,0.07296000,35255693.00000000,1777247999999,2618239.09766000,29010
1777248000000,0.07295000,0.07626000,0.07257000,0.07296000,39942978.00000000,1777251599999,2956772.03510000,37184
1777251600000,0.07295000,0.07414000,0.07196000,0.07250000,37768296.00000000,1777255199999,2749460.91694000,31113
1777255200000,0.07249000,0.07825000,0.07244000,0.07817000,53268815.00000000,1777258799999,3972764.13929000,47187
1777258800000,0.07818000,0.08536000,0.07704000,0.08425000,108766400.00000000,1777262399999,8820287.59589000,79187
1777262400000,0.08424000,0.08637000,0.08072000,0.08328000,107829310.00000000,1777265999999,9052877.10727000,91748
1777266000000,0.08328000,0.08398000,0.07760000,0.07765000,91456499.00000000,1777269599999,7390527.31333000,69025
1777269600000,0.07766000,0.07860000,0.07572000,0.07665000,83174945.00000000,1777273199999,6412886.58388000,112322
1777273200000,0.07664000,0.07706000,0.07379000,0.07503000,52531204.00000000,1777276799999,3958030.78887000,45808
1777276800000,0.07504000,0.07597000,0.07348000,0.07579000,109232296.00000000,1777280399999,8186875.47863000,88738
1777280400000,0.07580000,0.07653000,0.07364000,0.07375000,106752792.00000000,1777283999999,7982120.36553000,118268
1777284000000,0.07376000,0.07540000,0.07200000,0.07497000,219568143.00000000,1777287599999,16151740.38336000,222770
1777287600000,0.07498000,0.07599000,0.07301000,0.07340000,259604783.00000000,1777291199999,19244033.29224000,168557
1777291200000,0.07340000,0.07761000,0.07278000,0.07587000,255078606.00000000,1777294799999,19382401.74555000,224464
1777294800000,0.07588000,0.07719000,0.07430000,0.07501000,260345032.00000000,1777298399999,19841439.17456000,138626
1777298400000,0.07501000,0.07592000,0.07350000,0.07355000,171977964.00000000,1777301999999,12842498.75186000,119613
1777302000000,0.07355000,0.07407000,0.07190000,0.07281000,300944635.00000000,1777305599999,22048495.31873000,176108
1777305600000,0.07281000,0.07323000,0.07057000,0.07275000,404282891.00000000,1777309199999,29072504.17458000,316232
1777309200000,0.07275000,0.07543000,0.07211000,0.07473000,390720999.00000000,1777312799999,28840000.72012000,263339
1777312800000,0.07474000,0.07588000,0.07427000,0.07465000,325605475.00000000,1777316399999,24405115.18240000,236233
1777316400000,0.07465000,0.07546000,0.07440000,0.07544000,330316131.00000000,1777319999999,24757883.93327000,221188
1777320000000,0.07545000,0.07650000,0.07469000,0.07616000,174290474.00000000,1777323599999,13136856.45389000,107920
1777323600000,0.07617000,0.07627000,0.07430000,0.07473000,74089931.00000000,1777327199999,5584071.85299000,39743
1777327200000,0.07472000,0.07541000,0.07441000,0.07522000,9752906.00000000,1777330799999,728888.87289000,10166
1777330800000,0.07522000,0.07573000,0.07375000,0.07472000,16074706.00000000,1777334399999,1200642.40059000,13029
1777334400000,0.07472000,0.07710000,0.07362000,0.07681000,21898286.00000000,1777337999999,1658083.29274000,24211
1777338000000,0.07680000,0.07953000,0.07658000,0.07665000,38612522.00000000,1777341599999,3005022.95601000,36763
1777341600000,0.07665000,0.07728000,0.07489000,0.07671000,41342239.00000000,1777345199999,3147622.82563000,40953
1777345200000,0.07672000,0.07704000,0.07426000,0.07466000,19740886.00000000,1777348799999,1488313.71473000,24019
1777348800000,0.07466000,0.07470000,0.07289000,0.07321000,25626902.00000000,1777352399999,1889733.25315000,34861
1777352400000,0.07321000,0.07366000,0.07219000,0.07287000,33496333.00000000,1777355999999,2444076.18434000,31054
1777356000000,0.07287000,0.07328000,0.07174000,0.07225000,132416341.00000000,1777359599999,9597598.72458000,67317
1777359600000,0.07224000,0.07224000,0.07063000,0.07107000,171106528.00000000,1777363199999,12182021.98657000,82007
1777363200000,0.07106000,0.07185000,0.06914000,0.07094000,234972395.00000000,1777366799999,16621688.57044000,105196
1777366800000,0.07094000,0.07177000,0.07030000,0.07050000,175435644.00000000,1777370399999,12479923.55167000,72023
1777370400000,0.07049000,0.07052000,0.06955000,0.06968000,109329546.00000000,1777373999999,7671881.54219000,53932
1777374000000,0.06967000,0.07023000,0.06938000,0.06967000,150464364.00000000,1777377599999,10511086.66360000,66566
1777377600000,0.06967000,0.07095000,0.06951000,0.07055000,189021515.00000000,1777381199999,13277697.89944000,64942
1777381200000,0.07054000,0.07114000,0.06964000,0.07024000,245744699.00000000,1777384799999,17280031.85948000,79499
1777384800000,0.07024000,0.07155000,0.07008000,0.07063000,286051912.00000000,1777388399999,20265519.32587000,112056
1777388400000,0.07063000,0.07205000,0.07040000,0.07188000,493136107.00000000,1777391999999,35027810.52551000,138738
1777392000000,0.07188000,0.07189000,0.07055000,0.07087000,215066572.00000000,1777395599999,15270964.17919000,85056
1777395600000,0.07087000,0.07156000,0.07026000,0.07097000,162463098.00000000,1777399199999,11525962.27418000,56439
1777399200000,0.07098000,0.07163000,0.07076000,0.07094000,113984477.00000000,1777402799999,8112311.53327000,38860
1777402800000,0.07094000,0.07115000,0.07060000,0.07071000,34751109.00000000,1777406399999,2463246.16774000,16655
1777406400000,0.07073000,0.07142000,0.07071000,0.07077000,18099632.00000000,1777409999999,1285173.53349000,12286
1777410000000,0.07077000,0.07102000,0.06848000,0.06930000,25363084.00000000,1777413599999,1775864.69591000,17340
1777413600000,0.06931000,0.06980000,0.06885000,0.06920000,15596396.00000000,1777417199999,1080859.20117000,14517
1777417200000,0.06920000,0.06963000,0.06872000,0.06894000,14850418.00000000,1777420799999,1026721.95913000,12111
1777420800000,0.06895000,0.06914000,0.06743000,0.06849000,20081887.00000000,1777424399999,1370521.07825000,14708
1777424400000,0.06850000,0.06883000,0.06720000,0.06784000,19488129.00000000,1777427999999,1321532.66722000,14786
1777428000000,0.06784000,0.06804000,0.06687000,0.06736000,20377740.00000000,1777431599999,1372157.72828000,18783
1777431600000,0.06735000,0.06939000,0.06735000,0.06885000,27852626.00000000,1777435199999,1907990.63839000,24167
1777435200000,0.06885000,0.06946000,0.06862000,0.06917000,56618265.00000000,1777438799999,3913544.65663000,34607
1777438800000,0.06916000,0.07013000,0.06878000,0.06891000,98796151.00000000,1777442399999,6868440.72641000,49060
1777442400000,0.06892000,0.06913000,0.06791000,0.06849000,86912365.00000000,1777445999999,5954920.18883000,43691
1777446000000,0.06849000,0.06871000,0.06643000,0.06728000,99237805.00000000,1777449599999,6725716.13981000,48100
1777449600000,0.06727000,0.06747000,0.06638000,0.06714000,146538343.00000000,1777453199999,9820172.78420000,57368
1777453200000,0.06715000,0.06720000,0.06481000,0.06541000,147963760.00000000,1777456799999,9716019.88089000,49237
1777456800000,0.06540000,0.06607000,0.06378000,0.06384000,165362585.00000000,1777460399999,10763474.19401000,40978
1777460400000,0.06384000,0.06416000,0.06303000,0.06370000,110304217.00000000,1777463999999,7020558.07673000,42718
1777464000000,0.06370000,0.06435000,0.06308000,0.06427000,196938943.00000000,1777467599999,12579678.85695000,58840
1777467600000,0.06426000,0.06488000,0.06250000,0.06348000,1473755473.00000000,1777471199999,93859025.68378000,324371
1777471200000,0.06348000,0.06397000,0.06308000,0.06357000,299553850.00000000,1777474799999,19019462.96118000,60679
1777474800000,0.06356000,0.06361000,0.06165000,0.06206000,350793977.00000000,1777478399999,21986635.47052000,76650
1777478400000,0.06207000,0.06442000,0.06194000,0.06334000,221824147.00000000,1777481999999,13903348.92543000,60014
1777482000000,0.06334000,0.06441000,0.06324000,0.06384000,109753715.00000000,1777485599999,7019786.99207000,45785
1777485600000,0.06385000,0.06398000,0.06244000,0.06276000,57136252.00000000,1777489199999,3595455.56350000,27387
1777489200000,0.06276000,0.06550000,0.06244000,0.06455000,42142639.00000000,1777492799999,2675534.78881000,24825
1777492800000,0.06454000,0.06462000,0.06384000,0.06393000,13790086.00000000,1777496399999,885104.84565000,12981
1777496400000,0.06393000,0.06458000,0.06392000,0.06429000,11130797.00000000,1777499999999,714580.21937000,12078
1777500000000,0.06428000,0.06517000,0.06400000,0.06440000,12976157.00000000,1777503599999,837347.38443000,12093
1777503600000,0.06442000,0.06457000,0.06359000,0.06374000,14141962.00000000,1777507199999,905317.63301000,12458
1777507200000,0.06374000,0.06705000,0.06356000,0.06651000,36027487.00000000,1777510799999,2368461.28492000,25810
1777510800000,0.06650000,0.06839000,0.06650000,0.06770000,25435005.00000000,1777514399999,1715573.39401000,24530
1777514400000,0.06770000,0.06796000,0.06495000,0.06517000,28750342.00000000,1777517999999,1902869.59648000,25700
1777518000000,0.06516000,0.06637000,0.06462000,0.06614000,36556234.00000000,1777521599999,2404977.74652000,29349
1777521600000,0.06614000,0.06617000,0.06439000,0.06528000,116846058.00000000,1777525199999,7594980.63479000,44637
1777525200000,0.06529000,0.06572000,0.06403000,0.06508000,111325007.00000000,1777528799999,7248706.95763000,39337
1777528800000,0.06507000,0.06742000,0.06499000,0.06689000,121853167.00000000,1777532399999,8096740.93673000,47636
1777532400000,0.06689000,0.06789000,0.06581000,0.06624000,132734711.00000000,1777535999999,8888329.66546000,63001
1777536000000,0.06623000,0.06632000,0.06445000,0.06499000,131784216.00000000,1777539599999,8596194.82228000,51514
1777539600000,0.06500000,0.06647000,0.06490000,0.06575000,176614101.00000000,1777543199999,11564775.38181000,55157
1777543200000,0.06575000,0.06782000,0.06564000,0.06639000,163579587.00000000,1777546799999,10918575.74727000,49679
1777546800000,0.06638000,0.06660000,0.06376000,0.06454000,250190451.00000000,1777550399999,16347334.79578000,60058
1777550400000,0.06454000,0.06454000,0.06284000,0.06337000,351204778.00000000,1777553999999,22369366.44206000,84846
1777554000000,0.06337000,0.06394000,0.06219000,0.06292000,341322543.00000000,1777557599999,21449702.67247000,66864
1777557600000,0.06292000,0.06380000,0.06275000,0.06290000,283550838.00000000,1777561199999,17928712.31456000,57153
1777561200000,0.06290000,0.06331000,0.06232000,0.06276000,416693924.00000000,1777564799999,26178447.68752000,79877
1777564800000,0.06275000,0.06373000,0.06248000,0.06349000,431245418.00000000,1777568399999,27249977.96823000,103125
1777568400000,0.06349000,0.06537000,0.06336000,0.06511000,376888205.00000000,1777571999999,24269430.84846000,92206
1777572000000,0.06512000,0.06563000,0.06413000,0.06415000,283729734.00000000,1777575599999,18399547.72129000,66059
1777575600000,0.06414000,0.06524000,0.06403000,0.06499000,253396259.00000000,1777579199999,16417240.18865000,60351
1777579200000,0.06498000,0.06505000,0.06380000,0.06390000,253805762.00000000,1777582799999,16349057.29366000,59706
1777582800000,0.06389000,0.06449000,0.06370000,0.06376000,232696501.00000000,1777586399999,14897376.12152000,56598
1777586400000,0.06375000,0.06437000,0.06342000,0.06430000,64656073.00000000,1777589999999,4130292.43936000,21305
1777590000000,0.06430000,0.06430000,0.06332000,0.06373000,51587504.00000000,1777593599999,3281543.94422000,14919
1777593600000,0.06371000,0.06381000,0.06263000,0.06283000,18664594.00000000,1777597199999,1176904.16259000,9797
1777597200000,0.06283000,0.06474000,0.06252000,0.06388000,18197786.00000000,1777600799999,1160523.41784000,12707
1777600800000,0.06388000,0.06425000,0.06289000,0.06328000,37175468.00000000,1777604399999,2357970.16840000,21553
1777604400000,0.06327000,0.06480000,0.06303000,0.06394000,41730496.00000000,1777607999999,2670801.88564000,18555
1777608000000,0.06395000,0.06467000,0.06312000,0.06319000,19825943.00000000,1777611599999,1267588.19318000,18152
1777611600000,0.06320000,0.06328000,0.06168000,0.06193000,96987598.00000000,1777615199999,6034665.43674000,30282
1777615200000,0.06192000,0.06257000,0.06145000,0.06233000,166574413.00000000,1777618799999,10327171.60927000,31803
1777618800000,0.06234000,0.06328000,0.06218000,0.06324000,91424144.00000000,1777622399999,5747888.54139000,36853
1777622400000,0.06323000,0.06359000,0.06250000,0.06342000,170740462.00000000,1777625999999,10778069.83398000,55102
1777626000000,0.06343000,0.06346000,0.06227000,0.06252000,220769043.00000000,1777629599999,13924585.44649000,50721
1777629600000,0.06251000,0.06260000,0.06144000,0.06190000,92803999.00000000,1777633199999,5750589.56968000,25449
1777633200000,0.06191000,0.06230000,0.06164000,0.06189000,181244251.00000000,1777636799999,11226969.57123000,50191
1777636800000,0.06188000,0.06291000,0.06174000,0.06273000,272679901.00000000,1777640399999,16985376.15002000,63669
1777640400000,0.06273000,0.06303000,0.06173000,0.06296000,337706577.00000000,1777643999999,21019169.79902000,63744
1777644000000,0.06296000,0.06306000,0.06191000,0.06208000,196635860.00000000,1777647599999,12301168.03170000,42162
1777647600000,0.06207000,0.06300000,0.06192000,0.06271000,161957036.00000000,1777651199999,10122433.13057000,47089
1777651200000,0.06271000,0.06388000,0.06209000,0.06349000,222921036.00000000,1777654799999,14016126.47590000,52009
1777654800000,0.06349000,0.06388000,0.06252000,0.06304000,113845091.00000000,1777658399999,7199488.41173000,32473
1777658400000,0.06305000,0.06402000,0.06272000,0.06369000,27402529.00000000,1777661999999,1737643.45341000,20847
1777662000000,0.06370000,0.06421000,0.06339000,0.06374000,19009654.00000000,1777665599999,1213206.26931000,19210
1777665600000,0.06374000,0.06485000,0.06358000,0.06390000,18461400.00000000,1777669199999,1186457.03067000,18297
1777669200000,0.06391000,0.06490000,0.06350000,0.06489000,11016187.00000000,1777672799999,704748.69233000,13741
1777672800000,0.06490000,0.06515000,0.06424000,0.06458000,18868971.00000000,1777676399999,1221782.65563000,15729
1777676400000,0.06457000,0.06469000,0.06354000,0.06444000,15865225.00000000,1777679999999,1018686.25258000,14722
1777680000000,0.06443000,0.06761000,0.06391000,0.06682000,38719949.00000000,1777683599999,2549302.05265000,28427
1777683600000,0.06684000,0.06745000,0.06554000,0.06655000,31236970.00000000,1777687199999,2073345.64340000,26132
1777687200000,0.06654000,0.06671000,0.06509000,0.06557000,25309935.00000000,1777690799999,1671321.54815000,22377
1777690800000,0.06557000,0.06749000,0.06537000,0.06594000,38917565.00000000,1777694399999,2591065.15489000,28680
1777694400000,0.06595000,0.06603000,0.06450000,0.06536000,28689235.00000000,1777697999999,1869755.84683000,25361
1777698000000,0.06536000,0.06672000,0.06470000,0.06670000,37850058.00000000,1777701599999,2493235.54003000,27612
1777701600000,0.06671000,0.06745000,0.06607000,0.06743000,62226331.00000000,1777705199999,4160041.38208000,36483
1777705200000,0.06743000,0.06811000,0.06674000,0.06715000,31944238.00000000,1777708799999,2150183.09024000,27214
1777708800000,0.06715000,0.06908000,0.06650000,0.06870000,67733868.00000000,1777712399999,4587139.03711000,45026
1777712400000,0.06870000,0.06906000,0.06700000,0.06703000,31943970.00000000,1777715999999,2177909.58304000,25628
1777716000000,0.06702000,0.06719000,0.06574000,0.06622000,27209317.00000000,1777719599999,1807781.98153000,19376
1777719600000,0.06622000,0.06684000,0.06543000,0.06678000,16554788.00000000,1777723199999,1094415.54252000,17071
1777723200000,0.06679000,0.06722000,0.06578000,0.06590000,19427108.00000000,1777726799999,1293126.24524000,18887
1777726800000,0.06589000,0.06796000,0.06553000,0.06750000,29291682.00000000,1777730399999,1953578.18926000,20075
1777730400000,0.06750000,0.06785000,0.06637000,0.06677000,34203754.00000000,1777733999999,2293722.83405000,21010
1777734000000,0.06676000,0.06799000,0.06673000,0.06701000,29328664.00000000,1777737599999,1972820.98829000,24882
1777737600000,0.06701000,0.06756000,0.06622000,0.06625000,24168419.00000000,1777741199999,1616438.84265000,22231
1777741200000,0.06625000,0.06700000,0.06585000,0.06675000,19743933.00000000,1777744799999,1312026.33963000,16753
1777744800000,0.06674000,0.06702000,0.06628000,0.06637000,11644735.00000000,1777748399999,775871.16617000,10118
1777748400000,0.06637000,0.06645000,0.06560000,0.06567000,12926300.00000000,1777751999999,853841.84761000,9836
1777752000000,0.06567000,0.06630000,0.06000000,0.06184000,46678927.00000000,1777755599999,2923418.25538000,23565
1777755600000,0.06183000,0.06317000,0.06178000,0.06300000,38754515.00000000,1777759199999,2423740.82424000,15904
1777759200000,0.06300000,0.06315000,0.06237000,0.06248000,16840357.00000000,1777762799999,1055951.15295000,8086
1777762800000,0.06247000,0.06247000,0.06129000,0.06135000,28167881.00000000,1777766399999,1744409.34499000,9869
1777766400000,0.06134000,0.06186000,0.06058000,0.06098000,33129109.00000000,1777769999999,2021594.54444000,12628
1777770000000,0.06099000,0.06137000,0.05941000,0.05971000,34171573.00000000,1777773599999,2058514.32582000,13464
1777773600000,0.05970000,0.06037000,0.05967000,0.05997000,27082328.00000000,1777777199999,1622661.73202000,11175
1777777200000,0.05996000,0.06035000,0.05930000,0.06009000,24101749.00000000,1777780799999,1445383.28836000,13161
1777780800000,0.06008000,0.06037000,0.05991000,0.06011000,74060542.00000000,1777784399999,4452058.75106000,21667
1777784400000,0.06010000,0.06034000,0.05971000,0.05979000,67014851.00000000,1777787999999,4029574.24542000,15962
1777788000000,0.05979000,0.06010000,0.05935000,0.05999000,33749199.00000000,1777791599999,2014049.70810000,11974
1777791600000,0.05999000,0.06103000,0.05975000,0.05988000,40716149.00000000,1777795199999,2459290.53637000,19732
1777795200000,0.05989000,0.06024000,0.05950000,0.05971000,27204497.00000000,1777798799999,1627502.96039000,18419
1777798800000,0.05972000,0.05976000,0.05768000,0.05882000,51118257.00000000,1777802399999,2994626.94432000,21867
1777802400000,0.05882000,0.05904000,0.05850000,0.05875000,18108448.00000000,1777805999999,1064853.63661000,16004
1777806000000,0.05874000,0.05909000,0.05821000,0.05825000,45788435.00000000,1777809599999,2686306.39504000,19307
1777809600000,0.05823000,0.05888000,0.05821000,0.05826000,73860508.00000000,1777813199999,4312871.27480000,25855
1777813200000,0.05827000,0.05875000,0.05793000,0.05858000,129102788.00000000,1777816799999,7523571.63533000,33737
1777816800000,0.05859000,0.05932000,0.05847000,0.05914000,126584198.00000000,1777820399999,7443470.57636000,37823
1777820400000,0.05913000,0.05978000,0.05904000,0.05936000,81202496.00000000,1777823999999,4817825.88915000,35409
1777824000000,0.05937000,0.05979000,0.05878000,0.05930000,48939587.00000000,1777827599999,2897939.01489000,18347
1777827600000,0.05929000,0.05981000,0.05913000,0.05956000,47782373.00000000,1777831199999,2843937.09494000,18117
1777831200000,0.05957000,0.06033000,0.05956000,0.05986000,23611513.00000000,1777834799999,1415434.98209000,13951
1777834800000,0.05985000,0.06156000,0.05980000,0.06155000,52065841.00000000,1777838399999,3172010.45591000,17534
1777838400000,0.06155000,0.06156000,0.05994000,0.06002000,24866922.00000000,1777841999999,1506737.11644000,12039
1777842000000,0.06001000,0.06031000,0.05962000,0.05988000,10817900.00000000,1777845599999,648500.59468000,10008
1777845600000,0.05989000,0.06038000,0.05976000,0.06029000,18179765.00000000,1777849199999,1092166.81266000,12684
1777849200000,0.06028000,0.06034000,0.05943000,0.05953000,11330184.00000000,1777852799999,677365.72732000,6206
1777852800000,0.05953000,0.05955000,0.05831000,0.05912000,21412746.00000000,1777856399999,1261621.25297000,9971
1777856400000,0.05913000,0.05994000,0.05851000,0.05984000,21610386.00000000,1777859999999,1278606.52325000,10447
1777860000000,0.05985000,0.06077000,0.05960000,0.06054000,32156174.00000000,1777863599999,1934742.94875000,14481
1777863600000,0.06054000,0.06076000,0.06005000,0.06046000,26595850.00000000,1777867199999,1607082.79684000,13434
1777867200000,0.06047000,0.06084000,0.06001000,0.06036000,30046857.00000000,1777870799999,1817278.92862000,14021
1777870800000,0.06035000,0.06086000,0.05996000,0.06031000,74767457.00000000,1777874399999,4519280.02141000,23421
1777874400000,0.06032000,0.06034000,0.05950000,0.06003000,91472637.00000000,1777877999999,5482858.19038000,20467
1777878000000,0.06002000,0.06054000,0.05984000,0.06007000,22502900.00000000,1777881599999,1352817.07278000,8453
1777881600000,0.06006000,0.06009000,0.05924000,0.05928000,14350041.00000000,1777885199999,855330.59904000,9720
1777885200000,0.05927000,0.05946000,0.05902000,0.05928000,15590471.00000000,1777888799999,923951.86180000,9128
1777888800000,0.05927000,0.05929000,0.05784000,0.05833000,25804491.00000000,1777892399999,1507474.24167000,15377
1777892400000,0.05833000,0.06011000,0.05823000,0.05969000,39880345.00000000,1777895999999,2360791.48760000,23459
1777896000000,0.05968000,0.06071000,0.05957000,0.05976000,162312547.00000000,1777899599999,9740944.73518000,50278
1777899600000,0.05977000,0.06032000,0.05950000,0.05962000,72519829.00000000,1777903199999,4336842.54602000,36327
1777903200000,0.05962000,0.06041000,0.05952000,0.06027000,161456287.00000000,1777906799999,9667214.64649000,60118
1777906800000,0.06027000,0.06042000,0.05912000,0.05939000,128455143.00000000,1777910399999,7687266.79715000,46226
1777910400000,0.05938000,0.06050000,0.05902000,0.06021000,96191199.00000000,1777913999999,5760341.66165000,43874
1777914000000,0.06021000,0.06145000,0.05988000,0.06112000,75731497.00000000,1777917599999,4597545.98723000,34930
1777917600000,0.06113000,0.06124000,0.06030000,0.06058000,14890342.00000000,1777921199999,906466.63517000,10146
1777921200000,0.06058000,0.06068000,0.05990000,0.06015000,9332004.00000000,1777924799999,562216.07355000,5446
1777924800000,0.06015000,0.06030000,0.05976000,0.05995000,6266831.00000000,1777928399999,376012.91056000,4821
1777928400000,0.05994000,0.06040000,0.05984000,0.06003000,6125991.00000000,1777931999999,368216.93754000,4795
1777932000000,0.06003000,0.06020000,0.05911000,0.05963000,12654079.00000000,1777935599999,756153.42318000,4548
1777935600000,0.05964000,0.06037000,0.05944000,0.06002000,8314385.00000000,1777939199999,498475.73852000,4186
1777939200000,0.06002000,0.06094000,0.05970000,0.06003000,19514546.00000000,1777942799999,1175619.73671000,12262
1777942800000,0.06002000,0.06042000,0.05974000,0.05974000,11966264.00000000,1777946399999,718985.51071000,8685
1777946400000,0.05974000,0.06013000,0.05952000,0.05960000,13177952.00000000,1777949999999,788166.72120000,9182
1777950000000,0.05960000,0.05997000,0.05920000,0.05960000,11983685.00000000,1777953599999,713982.13726000,8271
1777953600000,0.05960000,0.05965000,0.05875000,0.05880000,14594584.00000000,1777957199999,862719.61430000,8380
1777957200000,0.05880000,0.05893000,0.05854000,0.05865000,11383996.00000000,1777960799999,668468.41375000,10697
1777960800000,0.05864000,0.05874000,0.05804000,0.05831000,15211186.00000000,1777964399999,887711.43699000,10280
1777964400000,0.05832000,0.05846000,0.05724000,0.05759000,20286397.00000000,1777967999999,1173773.03544000,12039
1777968000000,0.05759000,0.05791000,0.05742000,0.05756000,16268797.00000000,1777971599999,937777.36460000,7756
1777971600000,0.05755000,0.05755000,0.05693000,0.05735000,19237969.00000000,1777975199999,1100805.06294000,8602
1777975200000,0.05735000,0.05790000,0.05734000,0.05782000,11446416.00000000,1777978799999,659416.02820000,8275
1777978800000,0.05782000,0.05912000,0.05760000,0.05862000,44015492.00000000,1777982399999,2578155.27950000,15861
1777982400000,0.05860000,0.05902000,0.05795000,0.05797000,124073071.00000000,1777985999999,7247754.42257000,23705
1777986000000,0.05797000,0.05819000,0.05748000,0.05775000,24621205.00000000,1777989599999,1425065.25366000,9483
1777989600000,0.05774000,0.05827000,0.05768000,0.05816000,13139728.00000000,1777993199999,761573.77801000,9156
1777993200000,0.05815000,0.05830000,0.05708000,0.05745000,29191753.00000000,1777996799999,1676527.84690000,12875
1777996800000,0.05744000,0.05771000,0.05702000,0.05712000,37784426.00000000,1778000399999,2166768.75798000,10333
1778000400000,0.05712000,0.05764000,0.05711000,0.05757000,11255206.00000000,1778003999999,645947.59700000,7247
1778004000000,0.05757000,0.05806000,0.05756000,0.05795000,6217651.00000000,1778007599999,359529.54216000,4614
1778007600000,0.05794000,0.05800000,0.05744000,0.05753000,5511584.00000000,1778011199999,318144.32743000,3329
1778011200000,0.05753000,0.05795000,0.05749000,0.05769000,5927929.00000000,1778014799999,342341.87036000,3072
1778014800000,0.05769000,0.05793000,0.05725000,0.05744000,5622018.00000000,1778018399999,323557.47784000,2737
1778018400000,0.05745000,0.05762000,0.05651000,0.05693000,11931090.00000000,1778021999999,681127.98428000,4655
1778022000000,0.05692000,0.05723000,0.05676000,0.05680000,6455906.00000000,1778025599999,367742.18241000,2818
1778025600000,0.05680000,0.05681000,0.05550000,0.05617000,18657657.00000000,1778029199999,1047005.94825000,7950
1778029200000,0.05618000,0.05655000,0.05611000,0.05650000,9766820.00000000,1778032799999,550399.23018000,5434
1778032800000,0.05652000,0.05672000,0.05568000,0.05615000,10564864.00000000,1778036399999,592705.19473000,6687
1778036400000,0.05615000,0.05637000,0.05497000,0.05585000,15268733.00000000,1778039999999,852231.26017000,8199
1778040000000,0.05586000,0.05595000,0.05430000,0.05458000,22480788.00000000,1778043599999,1236026.73116000,10155
1778043600000,0.05457000,0.05465000,0.05388000,0.05444000,16743002.00000000,1778047199999,908535.21735000,8549
1778047200000,0.05443000,0.05475000,0.05413000,0.05467000,13480333.00000000,1778050799999,734455.66505000,7646
1778050800000,0.05467000,0.05476000,0.05362000,0.05380000,22530794.00000000,1778054399999,1222533.50624000,9884
1778054400000,0.05381000,0.05428000,0.05337000,0.05415000,18877761.00000000,1778057999999,1017597.35811000,9995
1778058000000,0.05414000,0.05519000,0.05407000,0.05493000,21482856.00000000,1778061599999,1169131.40115000,10768
1778061600000,0.05493000,0.05504000,0.05458000,0.05492000,15185384.00000000,1778065199999,832264.19914000,7205
1778065200000,0.05492000,0.05549000,0.05489000,0.05522000,16310475.00000000,1778068799999,900058.43473000,9346
1778068800000,0.05521000,0.05576000,0.05494000,0.05562000,17966607.00000000,1778072399999,995129.98783000,11459
1778072400000,0.05561000,0.05561000,0.05359000,0.05410000,28654070.00000000,1778075999999,1566252.19251000,13926
1778076000000,0.05410000,0.05447000,0.05343000,0.05416000,17678631.00000000,1778079599999,955659.11848000,12183
1778079600000,0.05416000,0.05517000,0.05414000,0.05480000,12139019.00000000,1778083199999,665592.43491000,9661
1778083200000,0.05481000,0.05521000,0.05451000,0.05498000,37571156.00000000,1778086799999,2057752.86745000,21001
1778086800000,0.05498000,0.05562000,0.05446000,0.05446000,50175297.00000000,1778090399999,2763591.19010000,24519
1778090400000,0.05446000,0.05466000,0.05407000,0.05408000,15707948.00000000,1778093999999,854884.05071000,9875
1778094000000,0.05409000,0.05414000,0.05362000,0.05400000,7007244.00000000,1778097599999,377359.11824000,4796
1778097600000,0.05401000,0.05461000,0.05401000,0.05454000,110148119.00000000,1778101199999,5985450.76474000,19797
1778101200000,0.05455000,0.05485000,0.05421000,0.05475000,59397593.00000000,1778104799999,3241210.71788000,9986
1778104800000,0.05476000,0.05495000,0.05429000,0.05431000,21092662.00000000,1778108399999,1153534.68699000,5412
1778108400000,0.05431000,0.05508000,0.05404000,0.05488000,10562092.00000000,1778111999999,576322.39624000,3331
1778112000000,0.05489000,0.05529000,0.05444000,0.05493000,11158416.00000000,1778115599999,611924.36010000,5624
1778115600000,0.05493000,0.05496000,0.05386000,0.05392000,11490013.00000000,1778119199999,624701.16029000,6982
1778119200000,0.05393000,0.05409000,0.05189000,0.05272000,25239818.00000000,1778122799999,1339499.97289000,11766
1778122800000,0.05272000,0.05272000,0.05175000,0.05192000,19165806.00000000,1778126399999,1000221.21923000,12186
1778126400000,0.05194000,0.05242000,0.05176000,0.05225000,12916896.00000000,1778129999999,672666.16251000,10571
1778130000000,0.05226000,0.05268000,0.05209000,0.05265000,12149464.00000000,1778133599999,635830.83864000,8328
1778133600000,0.05265000,0.05292000,0.05218000,0.05229000,12361704.00000000,1778137199999,650816.11430000,8467
1778137200000,0.05230000,0.05309000,0.05200000,0.05282000,11344372.00000000,1778140799999,596624.00264000,9512
1778140800000,0.05281000,0.05303000,0.05263000,0.05286000,15386542.00000000,1778144399999,813050.20188000,12884
1778144400000,0.05286000,0.05321000,0.05264000,0.05310000,51378932.00000000,1778147999999,2724960.24734000,16130
1778148000000,0.05310000,0.05441000,0.05307000,0.05438000,127224621.00000000,1778151599999,6839752.15441000,25586
1778151600000,0.05438000,0.05463000,0.05387000,0.05409000,76234423.00000000,1778155199999,4139657.14461000,22585
1778155200000,0.05410000,0.05569000,0.05408000,0.05564000,99825554.00000000,1778158799999,5495622.67627000,36121
1778158800000,0.05563000,0.05648000,0.05463000,0.05501000,44119985.00000000,1778162399999,2450714.42276000,23875
1778162400000,0.05500000,0.05646000,0.05428000,0.05457000,35228075.00000000,1778165999999,1947051.59240000,22362
1778166000000,0.05458000,0.05574000,0.05430000,0.05548000,24828334.00000000,1778169599999,1366950.80899000,22289
1778169600000,0.05549000,0.05777000,0.05529000,0.05746000,36185114.00000000,1778173199999,2042224.35818000,23721
1778173200000,0.05748000,0.05815000,0.05565000,0.05639000,39754318.00000000,1778176799999,2259113.89854000,27641
1778176800000,0.05640000,0.05642000,0.05517000,0.05544000,25911532.00000000,1778180399999,1441881.84962000,17779
1778180400000,0.05545000,0.05579000,0.05494000,0.05538000,21774594.00000000,1778183999999,1204256.57230000,15114
1778184000000,0.05539000,0.05636000,0.05525000,0.05574000,14600815.00000000,1778187599999,816128.64042000,7840
1778187600000,0.05574000,0.05649000,0.05532000,0.05572000,10218939.00000000,1778191199999,571841.48232000,5456
1778191200000,0.05572000,0.05619000,0.05541000,0.05600000,9862497.00000000,1778194799999,550117.83362000,5569
1778194800000,0.05600000,0.05678000,0.05598000,0.05647000,10420822.00000000,1778198399999,587710.85649000,6338
1778198400000,0.05647000,0.05793000,0.05583000,0.05694000,18356772.00000000,1778201999999,1048850.38524000,12127
1778202000000,0.05696000,0.05832000,0.05676000,0.05829000,14208573.00000000,1778205599999,818336.07342000,12674
1778205600000,0.05829000,0.05936000,0.05728000,0.05913000,25055973.00000000,1778209199999,1459430.97694000,19015
1778209200000,0.05914000,0.06090000,0.05845000,0.05871000,34864650.00000000,1778212799999,2081355.61445000,22443
1778212800000,0.05871000,0.05978000,0.05798000,0.05892000,23100674.00000000,1778216399999,1362965.02175000,26353
1778216400000,0.05892000,0.06079000,0.05879000,0.05990000,35813795.00000000,1778219999999,2142349.29856000,39957
1778220000000,0.05989000,0.06525000,0.05944000,0.06520000,95866582.00000000,1778223599999,6027750.04608000,66450
1778223600000,0.06520000,0.06820000,0.06350000,0.06601000,166400842.00000000,1778227199999,10969000.43595000,103187
1778227200000,0.06598000,0.06722000,0.06460000,0.06537000,73389078.00000000,1778230799999,4814822.65816000,52705
1778230800000,0.06538000,0.06555000,0.06234000,0.06395000,73011358.00000000,1778234399999,4640529.92947000,61742
1778234400000,0.06396000,0.06850000,0.06316000,0.06634000,222244729.00000000,1778237999999,14662986.09836000,128822
1778238000000,0.06633000,0.07077000,0.06626000,0.06850000,125959985.00000000,1778241599999,8651783.53846000,71792
1778241600000,0.06851000,0.07024000,0.06600000,0.06691000,143429811.00000000,1778245199999,9695390.15899000,85968
1778245200000,0.06690000,0.06850000,0.06610000,0.06674000,190312255.00000000,1778248799999,12786624.03509000,118161
1778248800000,0.06674000,0.06846000,0.06652000,0.06660000,139176630.00000000,1778252399999,9340754.62898000,81571
1778252400000,0.06661000,0.06765000,0.06457000,0.06730000,217470008.00000000,1778255999999,14332358.40341000,107103
1778256000000,0.06731000,0.07569000,0.06702000,0.07382000,214644182.00000000,1778259599999,15427474.82502000,83817
1778259600000,0.07382000,0.07442000,0.07121000,0.07196000,111324264.00000000,1778263199999,8072648.94058000,57646
1778263200000,0.07195000,0.07491000,0.07163000,0.07261000,70714883.00000000,1778266799999,5183124.62093000,54693
1778266800000,0.07264000,0.07526000,0.07244000,0.07439000,86530937.00000000,1778270399999,6410439.53941000,46702
1778270400000,0.07438000,0.07584000,0.07263000,0.07475000,54554982.00000000,1778273999999,4043755.49875000,32983
1778274000000,0.07476000,0.07487000,0.07176000,0.07271000,26138942.00000000,1778277599999,1903485.39341000,20097
1778277600000,0.07272000,0.07301000,0.07127000,0.07172000,24243436.00000000,1778281199999,1749207.86309000,15304
1778281200000,0.07171000,0.07258000,0.07033000,0.07246000,22518695.00000000,1778284799999,1602898.00277000,15167
1778284800000,0.07247000,0.07261000,0.06916000,0.06992000,26573442.00000000,1778288399999,1868725.62305000,19455
1778288400000,0.06991000,0.07073000,0.06854000,0.06900000,22877868.00000000,1778291999999,1586753.08461000,19460
1778292000000,0.06899000,0.06902000,0.06815000,0.06882000,21184215.00000000,1778295599999,1455169.73222000,26226
1778295600000,0.06880000,0.06970000,0.06736000,0.06853000,31868750.00000000,1778299199999,2186662.63357000,29365
1778299200000,0.06852000,0.06972000,0.06762000,0.06785000,33919912.00000000,1778302799999,2328471.21153000,28876
1778302800000,0.06785000,0.06857000,0.06732000,0.06811000,38625155.00000000,1778306399999,2623340.49430000,31640
1778306400000,0.06810000,0.06867000,0.06682000,0.06709000,64916467.00000000,1778309999999,4385851.65052000,36424
1778310000000,0.06710000,0.06967000,0.06651000,0.06926000,54580563.00000000,1778313599999,3731194.97467000,28540
1778313600000,0.06923000,0.06952000,0.06785000,0.06803000,121683052.00000000,1778317199999,8363632.97415000,44948
1778317200000,0.06802000,0.06821000,0.06700000,0.06750000,132069556.00000000,1778320799999,8927369.02293000,41059
1778320800000,0.06750000,0.06763000,0.06522000,0.06528000,162736361.00000000,1778324399999,10793872.21731000,46851
1778324400000,0.06527000,0.06610000,0.06519000,0.06580000,249850121.00000000,1778327999999,16444510.80344000,59946
1778328000000,0.06579000,0.06634000,0.06531000,0.06608000,248792397.00000000,1778331599999,16376547.14780000,52874
1778331600000,0.06608000,0.06645000,0.06533000,0.06628000,283378469.00000000,1778335199999,18678152.90859000,52487
1778335200000,0.06627000,0.06633000,0.06535000,0.06598000,245886843.00000000,1778338799999,16191159.29050000,58457
1778338800000,0.06598000,0.06626000,0.06538000,0.06572000,177200418.00000000,1778342399999,11661360.16362000,56158
1778342400000,0.06571000,0.06724000,0.06565000,0.06577000,209951006.00000000,1778345999999,13938109.14196000,79991
1778346000000,0.06578000,0.06723000,0.06568000,0.06712000,188686584.00000000,1778349599999,12517743.95611000,68928
1778349600000,0.06712000,0.06817000,0.06658000,0.06734000,168064527.00000000,1778353199999,11296323.91143000,61916
1778353200000,0.06734000,0.06755000,0.06672000,0.06672000,115765627.00000000,1778356799999,7766035.43254000,56618
1778356800000,0.06673000,0.06686000,0.06614000,0.06655000,54590382.00000000,1778360399999,3635117.18253000,44008
1778360400000,0.06655000,0.06699000,0.06622000,0.06673000,43703299.00000000,1778363999999,2909627.30742000,30841
1778364000000,0.06672000,0.06730000,0.06622000,0.06641000,27296867.00000000,1778367599999,1822833.59622000,25976
1778367600000,0.06640000,0.06683000,0.06566000,0.06582000,14956030.00000000,1778371199999,990629.57757000,15758
1778371200000,0.06583000,0.06752000,0.06353000,0.06374000,48643763.00000000,1778374799999,3155163.10586000,30324
1778374800000,0.06375000,0.06383000,0.06278000,0.06342000,17083738.00000000,1778378399999,1081377.24146000,19786
1778378400000,0.06341000,0.06392000,0.06302000,0.06341000,12371664.00000000,1778381999999,786533.22274000,15764
1778382000000,0.06342000,0.06380000,0.06335000,0.06359000,92743146.00000000,1778385599999,5894587.44024000,134059
1778385600000,0.06360000,0.06393000,0.06310000,0.06336000,255773736.00000000,1778389199999,16246466.25801000,356838
1778389200000,0.06336000,0.06342000,0.06184000,0.06193000,177305846.00000000,1778392799999,11114138.02051000,167189
1778392800000,0.06193000,0.06240000,0.06142000,0.06233000,420015029.00000000,1778396399999,26060771.11567000,367986
1778396400000,0.06234000,0.06268000,0.06197000,0.06238000,267535777.00000000,1778399999999,16676834.89442000,184036
1778400000000,0.06239000,0.06267000,0.06217000,0.06241000,130197492.00000000,1778403599999,8126472.21088000,66961
1778403600000,0.06241000,0.06267000,0.06216000,0.06243000,256669180.00000000,1778407199999,16026014.52732000,122301
1778407200000,0.06244000,0.06249000,0.06181000,0.06221000,341384630.00000000,1778410799999,21212636.51774000,131994
1778410800000,0.06221000,0.06261000,0.06199000,0.06205000,215335289.00000000,1778414399999,13404280.84753000,97608
1778414400000,0.06204000,0.06256000,0.06184000,0.06218000,89143257.00000000,1778417999999,5546460.91779000,67913
1778418000000,0.06219000,0.06294000,0.06215000,0.06264000,156539110.00000000,1778421599999,9792331.65576000,100296
1778421600000,0.06265000,0.06294000,0.06199000,0.06283000,123661091.00000000,1778425199999,7730439.89336000,65861
1778425200000,0.06284000,0.06363000,0.06279000,0.06321000,344626643.00000000,1778428799999,21744715.49649000,92531
1778428800000,0.06321000,0.06424000,0.06284000,0.06406000,242237158.00000000,1778432399999,15339714.18704000,75524
1778432400000,0.06406000,0.06442000,0.06365000,0.06432000,135611061.00000000,1778435999999,8678304.11192000,39405
1778436000000,0.06433000,0.06443000,0.06333000,0.06349000,33034514.00000000,1778439599999,2106533.26115000,18155
1778439600000,0.06349000,0.06459000,0.06323000,0.06447000,30418519.00000000,1778443199999,1945901.66440000,19811
1778443200000,0.06446000,0.06569000,0.06334000,0.06404000,31395375.00000000,1778446799999,2029528.68527000,13887
1778446800000,0.06404000,0.06405000,0.06269000,0.06320000,19874964.00000000,1778450399999,1257971.20251000,12744
1778450400000,0.06321000,0.06448000,0.06310000,0.06434000,15978628.00000000,1778453999999,1019867.35704000,11103
1778454000000,0.06434000,0.06448000,0.06350000,0.06386000,9229747.00000000,1778457599999,590049.60718000,6168
1778457600000,0.06386000,0.06403000,0.06226000,0.06283000,16117561.00000000,1778461199999,1015010.83849000,12510
1778461200000,0.06283000,0.06302000,0.06207000,0.06252000,16747579.00000000,1778464799999,1046823.89839000,17154
1778464800000,0.06252000,0.06252000,0.06050000,0.06096000,26402223.00000000,1778468399999,1618483.89109000,21212
1778468400000,0.06097000,0.06116000,0.05967000,0.05997000,21232990.00000000,1778471999999,1278655.87128000,21271
1778472000000,0.05998000,0.06065000,0.05967000,0.06044000,25821766.00000000,1778475599999,1557363.66584000,30109
1778475600000,0.06044000,0.06117000,0.06041000,0.06083000,52715889.00000000,1778479199999,3201523.43226000,45107
1778479200000,0.06084000,0.06125000,0.06046000,0.06064000,223818308.00000000,1778482799999,13596503.62002000,83160
1778482800000,0.06065000,0.06092000,0.06019000,0.06056000,398833093.00000000,1778486399999,24159951.51364000,75881
1778486400000,0.06055000,0.06067000,0.05997000,0.06031000,216265235.00000000,1778489999999,13046978.79890000,70675
1778490000000,0.06030000,0.06324000,0.06025000,0.06276000,203109545.00000000,1778493599999,12607900.31024000,76296
1778493600000,0.06276000,0.06403000,0.06222000,0.06324000,263778369.00000000,1778497199999,16593420.41068000,71218
1778497200000,0.06324000,0.06502000,0.06309000,0.06485000,282600305.00000000,1778500799999,18168237.36043000,123310
1778500800000,0.06485000,0.06530000,0.06328000,0.06329000,284424846.00000000,1778504399999,18261567.49515000,112567
1778504400000,0.06329000,0.06422000,0.06212000,0.06221000,352834495.00000000,1778507999999,22313077.49574000,138009
1778508000000,0.06222000,0.06282000,0.06097000,0.06140000,271405170.00000000,1778511599999,16774904.27829000,141093
1778511600000,0.06139000,0.06198000,0.06113000,0.06178000,300844642.00000000,1778515199999,18508861.85001000,144452
1778515200000,0.06177000,0.06252000,0.06158000,0.06228000,216070430.00000000,1778518799999,13417633.82683000,119978
1778518800000,0.06228000,0.06238000,0.06166000,0.06183000,79636835.00000000,1778522399999,4942845.91147000,65728
1778522400000,0.06183000,0.06210000,0.06127000,0.06133000,47032633.00000000,1778525999999,2905911.06237000,39753
1778526000000,0.06134000,0.06189000,0.06113000,0.06139000,38300188.00000000,1778529599999,2353819.48177000,38366
1778529600000,0.06140000,0.06160000,0.06088000,0.06120000,22381997.00000000,1778533199999,1370396.40834000,22124
1778533200000,0.06120000,0.06144000,0.06060000,0.06084000,16293594.00000000,1778536799999,995556.43927000,18411
1778536800000,0.06084000,0.06139000,0.06072000,0.06124000,14184472.00000000,1778540399999,867565.92041000,17944
1778540400000,0.06125000,0.06151000,0.06091000,0.06113000,12315824.00000000,1778543999999,753739.20809000,14968
1778544000000,0.06112000,0.06196000,0.06044000,0.06195000,24471833.00000000,1778547599999,1501542.75213000,26108
1778547600000,0.06195000,0.06239000,0.05981000,0.06068000,32351723.00000000,1778551199999,1976841.99978000,45094
1778551200000,0.06067000,0.06199000,0.06028000,0.06159000,33103141.00000000,1778554799999,2023355.29893000,50013
1778554800000,0.06159000,0.06285000,0.06153000,0.06237000,39766620.00000000,1778558399999,2474795.74879000,56918
1778558400000,0.06238000,0.06394000,0.06235000,0.06336000,52269309.00000000,1778561999999,3312987.35177000,78830
1778562000000,0.06337000,0.06443000,0.06276000,0.06321000,81465430.00000000,1778565599999,5193249.31435000,84220
1778565600000,0.06320000,0.06476000,0.06288000,0.06322000,152132257.00000000,1778569199999,9687169.44406000,109538
1778569200000,0.06321000,0.06392000,0.06266000,0.06322000,237934134.00000000,1778572799999,15056237.72341000,139438
1778572800000,0.06323000,0.06545000,0.06268000,0.06495000,328392646.00000000,1778576399999,21014524.44879000,153491
1778576400000,0.06495000,0.06607000,0.06440000,0.06538000,262104476.00000000,1778579999999,17071410.77665000,156081
1778580000000,0.06539000,0.06805000,0.06489000,0.06759000,238038249.00000000,1778583599999,15760679.04961000,154085
1778583600000,0.06760000,0.06796000,0.06628000,0.06780000,219126964.00000000,1778587199999,14744226.71939000,155858
1778587200000,0.06780000,0.06814000,0.06528000,0.06582000,242923682.00000000,1778590799999,16186530.27442000,161661
1778590800000,0.06582000,0.06595000,0.06328000,0.06368000,480712996.00000000,1778594399999,31119303.32065000,229534
1778594400000,0.06368000,0.06408000,0.06200000,0.06245000,390166252.00000000,1778597999999,24652692.95540000,172942
1778598000000,0.06245000,0.06354000,0.06244000,0.06315000,640119548.00000000,1778601599999,40301889.29551000,215150
1778601600000,0.06315000,0.06344000,0.06136000,0.06150000,667563194.00000000,1778605199999,41753083.51062000,160352
1778605200000,0.06151000,0.06238000,0.06141000,0.06206000,535042990.00000000,1778608799999,33152947.11317000,149530
1778608800000,0.06206000,0.06295000,0.06200000,0.06263000,541650564.00000000,1778612399999,33849764.13918000,101575
1778612400000,0.06263000,0.06340000,0.06235000,0.06317000,264244073.00000000,1778615999999,16608534.65741000,66415
1778616000000,0.06317000,0.06416000,0.06266000,0.06378000,280552804.00000000,1778619599999,17812214.22572000,72683
1778619600000,0.06378000,0.06477000,0.06350000,0.06363000,170915613.00000000,1778623199999,10946288.49940000,57553
1778623200000,0.06363000,0.06482000,0.06353000,0.06360000,70886919.00000000,1778626799999,4544211.76374000,38832
1778626800000,0.06359000,0.06569000,0.06350000,0.06482000,127816622.00000000,1778630399999,8271421.89472000,58953
1778630400000,0.06482000,0.06610000,0.06381000,0.06542000,132707343.00000000,1778633999999,8657022.00907000,115109
1778634000000,0.06543000,0.06735000,0.06488000,0.06699000,240275156.00000000,1778637599999,15886598.88000000,132859
1778637600000,0.06698000,0.06967000,0.06673000,0.06765000,390912935.00000000,1778641199999,26661064.43424000,272660
1778641200000,0.06765000,0.06841000,0.06641000,0.06663000,421006280.00000000,1778644799999,28499196.02506000,171639
1778644800000,0.06662000,0.06681000,0.06560000,0.06637000,575984780.00000000,1778648399999,38237317.39355000,185966
1778648400000,0.06637000,0.06741000,0.06621000,0.06657000,1186369885.00000000,1778651999999,79273648.74341000,285604
1778652000000,0.06656000,0.06667000,0.06494000,0.06523000,1328257434.00000000,1778655599999,87068523.03885000,309934
1778655600000,0.06523000,0.06555000,0.06411000,0.06422000,1725839015.00000000,1778659199999,111630004.29064000,357603
1778659200000,0.06421000,0.06448000,0.06322000,0.06379000,2670638035.00000000,1778662799999,170612765.78933000,481978
1778662800000,0.06379000,0.06447000,0.06270000,0.06377000,3813817932.00000000,1778666399999,242418856.21200000,859429
1778666400000,0.06377000,0.06419000,0.06233000,0.06267000,4376501903.00000000,1778669999999,278439900.67409000,776717
1778670000000,0.06266000,0.06320000,0.06230000,0.06310000,32924456.00000000,1778673599999,2067080.89517000,15748
1778673600000,0.06310000,0.06351000,0.06175000,0.06296000,33486577.00000000,1778677199999,2100040.19662000,22384
1778677200000,0.06296000,0.06307000,0.06071000,0.06106000,36552748.00000000,1778680799999,2257972.41198000,23983
1778680800000,0.06105000,0.06135000,0.06047000,0.06083000,24459226.00000000,1778684399999,1488408.05752000,19222
1778684400000,0.06082000,0.06099000,0.06003000,0.06020000,24632746.00000000,1778687999999,1489665.07407000,21790
1778688000000,0.06020000,0.06137000,0.06007000,0.06102000,19424004.00000000,1778691599999,1181743.83389000,13836
1778691600000,0.06102000,0.06133000,0.06047000,0.06055000,7275833.00000000,1778695199999,442674.33860000,4145
1778695200000,0.06056000,0.06074000,0.06023000,0.06048000,6063280.00000000,1778698799999,366614.62387000,3069
1778698800000,0.06049000,0.06058000,0.05859000,0.05882000,22908043.00000000,1778702399999,1356715.70870000,9877
1778702400000,0.05883000,0.05930000,0.05838000,0.05919000,8817297.00000000,1778705999999,518610.98220000,3658
1778706000000,0.05920000,0.05934000,0.05786000,0.05834000,9547500.00000000,1778709599999,557397.06519000,4609
1778709600000,0.05836000,0.05859000,0.05800000,0.05845000,4666784.00000000,1778713199999,272277.11726000,2711
1778713200000,0.05844000,0.05883000,0.05837000,0.05876000,4933966.00000000,1778716799999,289501.61614000,2273
1778716800000,0.05875000,0.05920000,0.05826000,0.05839000,9375997.00000000,1778720399999,550778.83231000,4437
1778720400000,0.05839000,0.05841000,0.05748000,0.05771000,8340685.00000000,1778723999999,481846.12791000,4936
1778724000000,0.05771000,0.05849000,0.05762000,0.05773000,6252000.00000000,1778727599999,362795.35163000,4447
1778727600000,0.05772000,0.05793000,0.05675000,0.05702000,10850088.00000000,1778731199999,621007.73886000,5222
1778731200000,0.05704000,0.05746000,0.05668000,0.05745000,7471536.00000000,1778734799999,426827.56523000,3387
1778734800000,0.05746000,0.05832000,0.05746000,0.05775000,9286870.00000000,1778738399999,537862.09256000,4336
1778738400000,0.05776000,0.05821000,0.05762000,0.05787000,4267945.00000000,1778741999999,247358.78741000,2396
1778742000000,0.05787000,0.05822000,0.05759000,0.05763000,6994984.00000000,1778745599999,405339.71498000,3178
1778745600000,0.05762000,0.05813000,0.05731000,0.05787000,6481828.00000000,1778749199999,374439.19612000,2918
1778749200000,0.05788000,0.05922000,0.05788000,0.05893000,12495566.00000000,1778752799999,732566.18027000,4673
1778752800000,0.05892000,0.06046000,0.05889000,0.05987000,13372635.00000000,1778756399999,799232.93585000,7105
1778756400000,0.05987000,0.06110000,0.05978000,0.06065000,9950325.00000000,1778759999999,603386.46463000,5953
1778760000000,0.06064000,0.06180000,0.06051000,0.06081000,13229790.00000000,1778763599999,809715.86234000,6558
1778763600000,0.06083000,0.06088000,0.05977000,0.05996000,13747836.00000000,1778767199999,827827.55772000,7311
1778767200000,0.05996000,0.06031000,0.05952000,0.06000000,12782061.00000000,1778770799999,766946.04376000,5524
1778770800000,0.06004000,0.06067000,0.05974000,0.06009000,6628086.00000000,1778774399999,398922.38754000,4443
1778774400000,0.06010000,0.06134000,0.05996000,0.06117000,13084125.00000000,1778777999999,794427.09049000,5016
1778778000000,0.06116000,0.06162000,0.06031000,0.06125000,14391219.00000000,1778781599999,877151.93088000,6856
1778781600000,0.06124000,0.06160000,0.06011000,0.06021000,7592678.00000000,1778785199999,462454.43493000,3331
1778785200000,0.06020000,0.06046000,0.05982000,0.06015000,5158807.00000000,1778788799999,309976.92520000,2531
1778788800000,0.06016000,0.06066000,0.05989000,0.06062000,5057280.00000000,1778792399999,304404.14868000,2366
1778792400000,0.06062000,0.06100000,0.06039000,0.06089000,5439765.00000000,1778795999999,330338.09035000,2561
1778796000000,0.06091000,0.06135000,0.06065000,0.06069000,7397932.00000000,1778799599999,450843.29832000,2558
1778799600000,0.06068000,0.06094000,0.06037000,0.06070000,6918978.00000000,1778803199999,419700.15218000,2954
1778803200000,0.06070000,0.06137000,0.06018000,0.06059000,13179274.00000000,1778806799999,800148.29806000,5171
1778806800000,0.06057000,0.06073000,0.05974000,0.06009000,10435415.00000000,1778810399999,628653.10705000,4006
1778810400000,0.06008000,0.06051000,0.05925000,0.05962000,11392310.00000000,1778813999999,681055.92428000,4756
1778814000000,0.05962000,0.05987000,0.05922000,0.05957000,4635817.00000000,1778817599999,276121.30016000,2244
1778817600000,0.05956000,0.05995000,0.05895000,0.05934000,4713945.00000000,1778821199999,279926.08334000,3157
1778821200000,0.05935000,0.05971000,0.05812000,0.05857000,12755509.00000000,1778824799999,749637.65848000,5395
1778824800000,0.05858000,0.06010000,0.05848000,0.05936000,7932201.00000000,1778828399999,470328.30074000,3995
1778828400000,0.05936000,0.06119000,0.05936000,0.06100000,13019378.00000000,1778831999999,789926.49730000,6264
1778832000000,0.06100000,0.06157000,0.06011000,0.06035000,13731197.00000000,1778835599999,837806.24506000,7537
1778835600000,0.06036000,0.06041000,0.05954000,0.05979000,9855684.00000000,1778839199999,590957.07675000,4934
1778839200000,0.05979000,0.06028000,0.05942000,0.06011000,5702547.00000000,1778842799999,341452.45511000,3372
1778842800000,0.06010000,0.06028000,0.05942000,0.05951000,6881759.00000000,1778846399999,411103.15408000,2706
1778846400000,0.05950000,0.05955000,0.05881000,0.05907000,5420323.00000000,1778849999999,320961.15660000,3204
1778850000000,0.05908000,0.05946000,0.05691000,0.05750000,16459150.00000000,1778853599999,955803.52031000,9106
1778853600000,0.05750000,0.05756000,0.05684000,0.05734000,15701837.00000000,1778857199999,898900.90694000,7023
1778857200000,0.05734000,0.05767000,0.05693000,0.05746000,9007112.00000000,1778860799999,515391.69872000,3800
1778860800000,0.05747000,0.05782000,0.05702000,0.05753000,4485230.00000000,1778864399999,257993.77046000,2386
1778864400000,0.05753000,0.05834000,0.05749000,0.05811000,6298220.00000000,1778867999999,364527.48495000,2585
1778868000000,0.05810000,0.05823000,0.05750000,0.05781000,3362454.00000000,1778871599999,194410.25821000,1888
1778871600000,0.05781000,0.05790000,0.05747000,0.05780000,1657552.00000000,1778875199999,95614.96717000,1523
1778875200000,0.05781000,0.05824000,0.05756000,0.05801000,4196989.00000000,1778878799999,243016.31120000,2379
1778878800000,0.05802000,0.05820000,0.05750000,0.05754000,2229094.00000000,1778882399999,128744.89899000,1371
1778882400000,0.05756000,0.05772000,0.05711000,0.05726000,4091050.00000000,1778885999999,234702.30962000,1428
1778886000000,0.05725000,0.05734000,0.05700000,0.05721000,3570249.00000000,1778889599999,204011.46865000,1057
1778889600000,0.05722000,0.05935000,0.05683000,0.05901000,14237844.00000000,1778893199999,830580.62052000,4445
1778893200000,0.05901000,0.05921000,0.05759000,0.05773000,12577086.00000000,1778896799999,734623.91185000,4085
1778896800000,0.05772000,0.05785000,0.05689000,0.05748000,6242347.00000000,1778900399999,357534.68859000,2345
1778900400000,0.05750000,0.05755000,0.05699000,0.05718000,3726842.00000000,1778903999999,213418.99926000,1545
1778904000000,0.05717000,0.05729000,0.05588000,0.05613000,8405542.00000000,1778907599999,473525.65562000,3241
1778907600000,0.05614000,0.05618000,0.05557000,0.05565000,4780661.00000000,1778911199999,266957.99246000,2018
1778911200000,0.05566000,0.05579000,0.05475000,0.05525000,11542225.00000000,1778914799999,637195.45575000,3595
1778914800000,0.05524000,0.05525000,0.05355000,0.05406000,10273701.00000000,1778918399999,556518.84287000,4374
1778918400000,0.05404000,0.05434000,0.05353000,0.05392000,5307301.00000000,1778921999999,286187.24884000,2181
1778922000000,0.05392000,0.05400000,0.05281000,0.05336000,8716566.00000000,1778925599999,464857.31679000,3952
1778925600000,0.05334000,0.05375000,0.05303000,0.05359000,6810251.00000000,1778929199999,363806.01043000,2178
1778929200000,0.05358000,0.05435000,0.05358000,0.05413000,5189263.00000000,1778932799999,280007.12087000,2877
1778932800000,0.05411000,0.05491000,0.05403000,0.05471000,3456444.00000000,1778936399999,187967.25908000,1884
1778936400000,0.05472000,0.05475000,0.05419000,0.05422000,2840374.00000000,1778939999999,154461.08943000,1668
1778940000000,0.05423000,0.05534000,0.05404000,0.05533000,4511336.00000000,1778943599999,246898.75088000,2132
1778943600000,0.05533000,0.05613000,0.05533000,0.05603000,3815353.00000000,1778947199999,212423.79471000,2453
1778947200000,0.05603000,0.05619000,0.05543000,0.05543000,6051471.00000000,1778950799999,337234.13418000,2138
1778950800000,0.05545000,0.05558000,0.05516000,0.05522000,1515038.00000000,1778954399999,83862.74412000,1091
1778954400000,0.05521000,0.05525000,0.05485000,0.05491000,2300609.00000000,1778957999999,126638.83637000,1065
1778958000000,0.05492000,0.05496000,0.05457000,0.05466000,2023332.00000000,1778961599999,110864.09878000,1162
1778961600000,0.05467000,0.05494000,0.05445000,0.05485000,1421546.00000000,1778965199999,77728.41048000,1009
1778965200000,0.05484000,0.05501000,0.05469000,0.05469000,1049098.00000000,1778968799999,57621.10321000,993
1778968800000,0.05470000,0.05494000,0.05456000,0.05461000,1744115.00000000,1778972399999,95455.91506000,864
1778972400000,0.05461000,0.05471000,0.05437000,0.05448000,2066752.00000000,1778975999999,112681.78563000,902
1778976000000,0.05447000,0.05447000,0.05401000,0.05406000,2558773.00000000,1778979599999,138780.84761000,1229
1778979600000,0.05407000,0.05414000,0.05346000,0.05355000,4850644.00000000,1778983199999,260777.11510000,1691
1778983200000,0.05354000,0.05384000,0.05354000,0.05370000,1921688.00000000,1778986799999,103183.86509000,760
1778986800000,0.05370000,0.05415000,0.05370000,0.05402000,2484411.00000000,1778990399999,134009.19135000,986
1778990400000,0.05402000,0.05451000,0.05402000,0.05422000,3031016.00000000,1778993999999,164698.11961000,1087
1778994000000,0.05421000,0.05474000,0.05398000,0.05465000,3093449.00000000,1778997599999,168044.59703000,1209
1778997600000,0.05464000,0.05499000,0.05457000,0.05482000,3139349.00000000,1779001199999,171804.97982000,1145
1779001200000,0.05483000,0.05507000,0.05445000,0.05507000,2372554.00000000,1779004799999,130060.75078000,890
1779004800000,0.05507000,0.05514000,0.05436000,0.05436000,3510268.00000000,1779008399999,192186.59767000,1197
1779008400000,0.05435000,0.05435000,0.05397000,0.05420000,3908274.00000000,1779011999999,211686.14879000,1317
1779012000000,0.05419000,0.05448000,0.05419000,0.05446000,4160498.00000000,1779015599999,226129.60310000,1272
1779015600000,0.05447000,0.05453000,0.05377000,0.05381000,3001477.00000000,1779019199999,162201.46343000,1093
1779019200000,0.05380000,0.05384000,0.05304000,0.05327000,6556361.00000000,1779022799999,350394.55595000,2385
1779022800000,0.05327000,0.05342000,0.05266000,0.05324000,5264722.00000000,1779026399999,279461.63608000,1763
1779026400000,0.05324000,0.05335000,0.05251000,0.05329000,4562292.00000000,1779029999999,241680.44618000,1548
1779030000000,0.05328000,0.05357000,0.05292000,0.05352000,3082201.00000000,1779033599999,164008.59884000,1139
1779033600000,0.05355000,0.05367000,0.05266000,0.05269000,2860622.00000000,1779037199999,151940.52498000,933
1779037200000,0.05271000,0.05272000,0.05222000,0.05259000,5738429.00000000,1779040799999,301331.71983000,1343
1779040800000,0.05261000,0.05365000,0.05261000,0.05327000,6878108.00000000,1779044399999,366002.01031000,2630
1779044400000,0.05320000,0.05348000,0.05299000,0.05329000,1725022.00000000,1779047999999,91853.89098000,770
1779048000000,0.05327000,0.05343000,0.05284000,0.05306000,1624701.00000000,1779051599999,86248.88100000,588
1779051600000,0.05306000,0.05330000,0.05294000,0.05303000,1342571.00000000,1779055199999,71294.10848000,605
1779055200000,0.05301000,0.05304000,0.05067000,0.05241000,24378186.00000000,1779058799999,1264274.45479000,6679
1779058800000,0.05241000,0.05297000,0.05040000,0.05172000,17064456.00000000,1779062399999,884381.18967000,6262
1779062400000,0.05169000,0.05178000,0.05086000,0.05122000,8873321.00000000,1779065999999,454951.69756000,2655
1779066000000,0.05124000,0.05148000,0.05072000,0.05098000,6834539.00000000,1779069599999,348799.19619000,2763
1779069600000,0.05098000,0.05227000,0.05094000,0.05223000,5002406.00000000,1779073199999,257949.49026000,1688
1779073200000,0.05222000,0.05255000,0.05188000,0.05205000,4856748.00000000,1779076799999,253804.12772000,1807
1779076800000,0.05206000,0.05247000,0.05179000,0.05224000,3916082.00000000,1779080399999,203703.45794000,1511
1779080400000,0.05224000,0.05226000,0.05118000,0.05140000,4100618.00000000,1779083999999,211869.62688000,1620
1779084000000,0.05139000,0.05149000,0.05068000,0.05088000,4117804.00000000,1779087599999,210263.99426000,1658
1779087600000,0.05089000,0.05105000,0.05001000,0.05009000,6119735.00000000,1779091199999,308460.23051000,2410
1779091200000,0.05010000,0.05040000,0.04984000,0.05012000,5089285.00000000,1779094799999,255067.06918000,1552
1779094800000,0.05016000,0.05025000,0.04959000,0.04967000,3822477.00000000,1779098399999,190652.03095000,1395
1779098400000,0.04968000,0.04974000,0.04896000,0.04930000,9291397.00000000,1779101999999,457677.28020000,2139
1779102000000,0.04931000,0.05040000,0.04912000,0.05004000,5253195.00000000,1779105599999,261774.93703000,2305
1779105600000,0.05004000,0.05055000,0.04999000,0.05017000,4470024.00000000,1779109199999,224793.49959000,1855
1779109200000,0.05018000,0.05023000,0.04925000,0.04972000,4169868.00000000,1779112799999,207524.62481000,2132
1779112800000,0.04972000,0.04972000,0.04870000,0.04933000,6839418.00000000,1779116399999,336482.85699000,3022
1779116400000,0.04936000,0.04961000,0.04875000,0.04960000,5809210.00000000,1779119999999,285528.94385000,2391
1779120000000,0.04964000,0.05006000,0.04927000,0.04992000,4318908.00000000,1779123599999,214434.64267000,1974
1779123600000,0.04994000,0.05073000,0.04984000,0.05041000,7622751.00000000,1779127199999,383871.02895000,3630
1779127200000,0.05039000,0.05042000,0.04910000,0.04924000,4808110.00000000,1779130799999,238367.33802000,1469
1779130800000,0.04923000,0.05013000,0.04918000,0.04999000,4430289.00000000,1779134399999,220660.99464000,2006
1779134400000,0.05000000,0.05017000,0.04965000,0.04976000,2959129.00000000,1779137999999,147778.38001000,1501
1779138000000,0.04976000,0.05046000,0.04966000,0.05040000,2782164.00000000,1779141599999,139282.88885000,1045
1779141600000,0.05038000,0.05049000,0.04984000,0.05006000,2071754.00000000,1779145199999,103890.23773000,912
1779145200000,0.05003000,0.05096000,0.04990000,0.05072000,3883924.00000000,1779148799999,196059.27781000,1360
1779148800000,0.05073000,0.05086000,0.05030000,0.05061000,4095928.00000000,1779152399999,207246.19521000,1630
1779152400000,0.05062000,0.05067000,0.05000000,0.05009000,3002783.00000000,1779155999999,151129.99555000,1210
1779156000000,0.05008000,0.05058000,0.04919000,0.04942000,4045156.00000000,1779159599999,201667.59589000,1680
1779159600000,0.04946000,0.04954000,0.04921000,0.04926000,2249048.00000000,1779163199999,110985.93189000,854
1779163200000,0.04925000,0.04946000,0.04904000,0.04934000,2004277.00000000,1779166799999,98668.06990000,898
1779166800000,0.04937000,0.04945000,0.04891000,0.04914000,2779693.00000000,1779170399999,136622.51373000,1184
1779170400000,0.04914000,0.04929000,0.04896000,0.04908000,2408922.00000000,1779173999999,118303.09454000,1116
1779174000000,0.04907000,0.04938000,0.04900000,0.04913000,2710710.00000000,1779177599999,133301.86479000,1051
1779177600000,0.04912000,0.04913000,0.04817000,0.04821000,5439330.00000000,1779181199999,263762.94414000,1753
1779181200000,0.04820000,0.04828000,0.04732000,0.04783000,7484128.00000000,1779184799999,357603.96585000,2662
1779184800000,0.04785000,0.04818000,0.04766000,0.04771000,4817709.00000000,1779188399999,230797.00411000,1991
1779188400000,0.04772000,0.04814000,0.04764000,0.04781000,4507196.00000000,1779191999999,215579.57782000,1624
1779192000000,0.04782000,0.04858000,0.04757000,0.04852000,5534541.00000000,1779195599999,265900.02867000,2173
1779195600000,0.04852000,0.04908000,0.04804000,0.04813000,10858562.00000000,1779199199999,526697.32070000,4068
1779199200000,0.04812000,0.04841000,0.04754000,0.04769000,6263917.00000000,1779202799999,300823.81914000,2369
1779202800000,0.04769000,0.04804000,0.04730000,0.04792000,3754895.00000000,1779206399999,179137.17745000,1706
1779206400000,0.04796000,0.04824000,0.04766000,0.04811000,1990036.00000000,1779209999999,95526.94021000,1254
1779210000000,0.04811000,0.04846000,0.04744000,0.04748000,2347048.00000000,1779213599999,112265.17510000,1487
1779213600000,0.04748000,0.04800000,0.04723000,0.04734000,4951816.00000000,1779217199999,236047.95624000,2457
1779217200000,0.04735000,0.04765000,0.04686000,0.04706000,5563636.00000000,1779220799999,262115.79646000,1883
1779220800000,0.04706000,0.04737000,0.04695000,0.04737000,1641083.00000000,1779224399999,77380.01267000,849
1779224400000,0.04738000,0.04745000,0.04696000,0.04696000,2442372.00000000,1779227999999,115366.66933000,897
1779228000000,0.04695000,0.04696000,0.04627000,0.04632000,4444660.00000000,1779231599999,206606.53696000,2002
1779231600000,0.04629000,0.04734000,0.04616000,0.04697000,6132425.00000000,1779235199999,287089.33135000,2196
1779235200000,0.04697000,0.04764000,0.04666000,0.04736000,4048893.00000000,1779238799999,190667.28140000,1681
1779238800000,0.04737000,0.04842000,0.04734000,0.04831000,4385589.00000000,1779242399999,209959.63765000,2217
1779242400000,0.04830000,0.04834000,0.04786000,0.04801000,3681798.00000000,1779245999999,177146.47074000,1905
1779246000000,0.04802000,0.04939000,0.04787000,0.04797000,11419730.00000000,1779249599999,557001.11244000,4845
1779249600000,0.04797000,0.04817000,0.04759000,0.04817000,2860110.00000000,1779253199999,136912.02028000,1606
1779253200000,0.04817000,0.04940000,0.04809000,0.04929000,5939244.00000000,1779256799999,290083.88127000,2147
1779256800000,0.04931000,0.04982000,0.04919000,0.04940000,4805456.00000000,1779260399999,237830.83910000,2051
1779260400000,0.04941000,0.04994000,0.04905000,0.04918000,3072811.00000000,1779263999999,152205.41022000,1575
1779264000000,0.04917000,0.05047000,0.04907000,0.05033000,4833623.00000000,1779267599999,241168.57953000,2247
1779267600000,0.05034000,0.05198000,0.05022000,0.05048000,20032164.00000000,1779271199999,1023480.47256000,9570
1779271200000,0.05049000,0.05240000,0.05023000,0.05235000,13226218.00000000,1779274799999,679658.05566000,7161
1779274800000,0.05230000,0.05497000,0.05224000,0.05391000,33212166.00000000,1779278399999,1776822.32335000,23845
1779278400000,0.05388000,0.05428000,0.05170000,0.05278000,15138227.00000000,1779281999999,798701.35085000,10850
1779282000000,0.05280000,0.05402000,0.05252000,0.05377000,13796759.00000000,1779285599999,734925.12140000,7510
1779285600000,0.05378000,0.05415000,0.05225000,0.05228000,15607012.00000000,1779289199999,829192.58321000,7756
1779289200000,0.05227000,0.05322000,0.05200000,0.05297000,8195025.00000000,1779292799999,431574.91098000,5065
1779292800000,0.05297000,0.05350000,0.05209000,0.05210000,10038719.00000000,1779296399999,530544.45834000,5609
1779296400000,0.05211000,0.05327000,0.05209000,0.05272000,7444160.00000000,1779299999999,391899.64956000,3440
1779300000000,0.05272000,0.05314000,0.05158000,0.05172000,8263977.00000000,1779303599999,431913.87442000,3561
1779303600000,0.05172000,0.05220000,0.05130000,0.05167000,5971006.00000000,1779307199999,308405.17362000,2961
1779307200000,0.05167000,0.05173000,0.05089000,0.05090000,4604802.00000000,1779310799999,235769.66666000,2183
1779310800000,0.05090000,0.05119000,0.05062000,0.05091000,3703481.00000000,1779314399999,188482.49263000,1704
1779314400000,0.05091000,0.05098000,0.05023000,0.05046000,3377308.00000000,1779317999999,170527.28195000,1835
1779318000000,0.05043000,0.05053000,0.04976000,0.05022000,6104292.00000000,1779321599999,305515.71296000,2451
1779321600000,0.05022000,0.05135000,0.04996000,0.05091000,6880560.00000000,1779325199999,348191.10232000,3618
1779325200000,0.05092000,0.05131000,0.05060000,0.05131000,4055581.00000000,1779328799999,206892.14882000,2101
1779328800000,0.05132000,0.05185000,0.05098000,0.05098000,4836627.00000000,1779332399999,248679.68190000,2343
1779332400000,0.05096000,0.05154000,0.05093000,0.05149000,2664793.00000000,1779335999999,136565.42389000,1222
1779336000000,0.05148000,0.05190000,0.05086000,0.05138000,4238915.00000000,1779339599999,217866.00849000,2780
1779339600000,0.05138000,0.05181000,0.05071000,0.05096000,2842380.00000000,1779343199999,145581.55223000,2450
1779343200000,0.05095000,0.05127000,0.04936000,0.04950000,6956227.00000000,1779346799999,349982.51599000,3590
1779346800000,0.04950000,0.04972000,0.04903000,0.04942000,4797642.00000000,1779350399999,236807.17091000,3439
1779350400000,0.04944000,0.04996000,0.04935000,0.04947000,4518531.00000000,1779353999999,224120.87141000,2607
1779354000000,0.04946000,0.04953000,0.04862000,0.04863000,4643050.00000000,1779357599999,227580.62662000,2274
1779357600000,0.04864000,0.04879000,0.04776000,0.04803000,5357544.00000000,1779361199999,258264.62980000,3369
1779361200000,0.04804000,0.04892000,0.04794000,0.04863000,5459706.00000000,1779364799999,264905.87766000,2511
1779364800000,0.04864000,0.04915000,0.04858000,0.04883000,4277795.00000000,1779368399999,209102.22221000,2132
1779368400000,0.04883000,0.04896000,0.04814000,0.04883000,4476205.00000000,1779371999999,217322.52438000,2399
1779372000000,0.04882000,0.04896000,0.04843000,0.04853000,4730765.00000000,1779375599999,230598.95421000,2676
1779375600000,0.04853000,0.04918000,0.04839000,0.04917000,2915831.00000000,1779379199999,142345.73396000,1956
1779379200000,0.04917000,0.04935000,0.04882000,0.04891000,1915809.00000000,1779382799999,93911.52163000,1392
1779382800000,0.04893000,0.04987000,0.04892000,0.04955000,6417533.00000000,1779386399999,317964.83386000,3657
1779386400000,0.04955000,0.04988000,0.04889000,0.04903000,3375404.00000000,1779389999999,166978.48409000,2011
1779390000000,0.04901000,0.04925000,0.04889000,0.04908000,1592581.00000000,1779393599999,78165.59724000,1217
1779393600000,0.04910000,0.04922000,0.04874000,0.04884000,1581125.00000000,1779397199999,77405.77330000,1107
1779397200000,0.04883000,0.04905000,0.04861000,0.04866000,1650053.00000000,1779400799999,80501.67243000,679
1779400800000,0.04864000,0.04869000,0.04841000,0.04849000,1756224.00000000,1779404399999,85232.63676000,968
1779404400000,0.04850000,0.04851000,0.04801000,0.04806000,5142289.00000000,1779407999999,248079.08264000,1860
1779408000000,0.04807000,0.04986000,0.04790000,0.04848000,19543032.00000000,1779411599999,958104.23486000,16362
1779411600000,0.04848000,0.04888000,0.04766000,0.04806000,6652378.00000000,1779415199999,320671.14841000,6399
1779415200000,0.04807000,0.04878000,0.04807000,0.04870000,3115351.00000000,1779418799999,150766.33762000,2791
1779418800000,0.04868000,0.04875000,0.04836000,0.04873000,3126116.00000000,1779422399999,151849.54304000,1919
1779422400000,0.04873000,0.04899000,0.04825000,0.04832000,3649089.00000000,1779425999999,177276.61888000,1836
1779426000000,0.04830000,0.04847000,0.04811000,0.04830000,3874521.00000000,1779429599999,187223.07658000,1363
1779429600000,0.04830000,0.04830000,0.04764000,0.04774000,4346920.00000000,1779433199999,208040.97475000,1682
1779433200000,0.04774000,0.04825000,0.04743000,0.04772000,5088323.00000000,1779436799999,243278.68965000,2480
1779436800000,0.04773000,0.04804000,0.04757000,0.04780000,4795732.00000000,1779440399999,229162.69739000,2735
1779440400000,0.04781000,0.04816000,0.04775000,0.04797000,5616888.00000000,1779443999999,269303.61967000,2513
1779444000000,0.04796000,0.04799000,0.04760000,0.04774000,2055642.00000000,1779447599999,98249.56015000,988
1779447600000,0.04774000,0.04821000,0.04770000,0.04818000,2325206.00000000,1779451199999,111675.88647000,1441
1779451200000,0.04812000,0.04871000,0.04807000,0.04856000,4214583.00000000,1779454799999,203805.95740000,2399
1779454800000,0.04858000,0.04888000,0.04820000,0.04835000,4339587.00000000,1779458399999,210421.32501000,2137
1779458400000,0.04834000,0.04834000,0.04756000,0.04783000,4045179.00000000,1779461999999,193985.95241000,2183
1779462000000,0.04782000,0.04842000,0.04760000,0.04842000,2576047.00000000,1779465599999,123611.17556000,1504
1779465600000,0.04841000,0.04846000,0.04765000,0.04790000,2047905.00000000,1779469199999,98313.14937000,1424
1779469200000,0.04790000,0.04862000,0.04790000,0.04840000,4377990.00000000,1779472799999,211154.15058000,2109
1779472800000,0.04838000,0.04844000,0.04664000,0.04721000,5144394.00000000,1779476399999,243753.57478000,2707
1779476400000,0.04721000,0.04764000,0.04670000,0.04701000,5316336.00000000,1779479999999,250238.09047000,2694
1779480000000,0.04700000,0.04749000,0.04699000,0.04738000,3094194.00000000,1779483599999,146050.00305000,1542
1779483600000,0.04739000,0.04770000,0.04730000,0.04750000,879878.00000000,1779487199999,41761.23053000,692
1779487200000,0.04747000,0.04805000,0.04747000,0.04799000,1024048.00000000,1779490799999,48904.23474000,907
1779490800000,0.04800000,0.04815000,0.04683000,0.04709000,3119170.00000000,1779494399999,147709.43267000,1874
1779494400000,0.04708000,0.04813000,0.04693000,0.04722000,4302673.00000000,1779497999999,203954.84018000,2801
1779498000000,0.04723000,0.04813000,0.04723000,0.04796000,3774802.00000000,1779501599999,180270.49195000,2185
1779501600000,0.04798000,0.04810000,0.04715000,0.04749000,3463397.00000000,1779505199999,164458.17840000,2357
1779505200000,0.04749000,0.04766000,0.04711000,0.04760000,2634832.00000000,1779508799999,124810.89523000,1611
1779508800000,0.04760000,0.04822000,0.04751000,0.04814000,2641392.00000000,1779512399999,126594.66287000,1652
1779512400000,0.04818000,0.04904000,0.04796000,0.04807000,6749818.00000000,1779515999999,328063.27017000,3515
1779516000000,0.04810000,0.04812000,0.04723000,0.04736000,2944203.00000000,1779519599999,140039.88689000,1946
1779519600000,0.04738000,0.04752000,0.04528000,0.04583000,13297455.00000000,1779523199999,614943.64394000,5646
1779523200000,0.04583000,0.04638000,0.04528000,0.04623000,6749088.00000000,1779526799999,309516.23711000,3693
1779526800000,0.04623000,0.04674000,0.04605000,0.04633000,2599025.00000000,1779530399999,120650.76052000,1493
1779530400000,0.04634000,0.04677000,0.04611000,0.04624000,3927357.00000000,1779533999999,182345.43307000,1437
1779534000000,0.04624000,0.04645000,0.04593000,0.04612000,2305302.00000000,1779537599999,106453.61342000,1451
1779537600000,0.04612000,0.04654000,0.04580000,0.04650000,1915243.00000000,1779541199999,88227.19364000,1379
1779541200000,0.04651000,0.04697000,0.04651000,0.04676000,2654230.00000000,1779544799999,124126.24744000,1727
1779544800000,0.04675000,0.04710000,0.04659000,0.04698000,10135098.00000000,1779548399999,476196.50495000,2374
1779548400000,0.04697000,0.04779000,0.04691000,0.04775000,4921971.00000000,1779551999999,232920.58766000,2092
1779552000000,0.04777000,0.04857000,0.04745000,0.04851000,4388064.00000000,1779555599999,210724.88241000,2500
1779555600000,0.04852000,0.04888000,0.04813000,0.04827000,4641794.00000000,1779559199999,225128.78723000,2745
1779559200000,0.04828000,0.04895000,0.04803000,0.04873000,3834465.00000000,1779562799999,186114.56253000,2251
1779562800000,0.04874000,0.04918000,0.04832000,0.04913000,4006432.00000000,1779566399999,195697.93736000,2025
1779566400000,0.04914000,0.04927000,0.04838000,0.04920000,6205743.00000000,1779569999999,303177.33019000,3134
1779570000000,0.04919000,0.04926000,0.04824000,0.04843000,3530688.00000000,1779573599999,171996.42209000,1837
1779573600000,0.04844000,0.04866000,0.04800000,0.04811000,2977943.00000000,1779577199999,143689.24339000,1560
1779577200000,0.04810000,0.04829000,0.04800000,0.04802000,1749484.00000000,1779580799999,84219.26333000,1043
1779580800000,0.04804000,0.04853000,0.04771000,0.04848000,3134407.00000000,1779584399999,150667.63662000,1743
1779584400000,0.04848000,0.04904000,0.04815000,0.04893000,3530154.00000000,1779587999999,171683.79196000,2427
1779588000000,0.04894000,0.04938000,0.04861000,0.04879000,3826739.00000000,1779591599999,187257.62061000,2126
1779591600000,0.04879000,0.04893000,0.04841000,0.04884000,1467411.00000000,1779595199999,71420.59369000,1148
1779595200000,0.04886000,0.04978000,0.04886000,0.04968000,3548922.00000000,1779598799999,175679.44490000,1822
1779598800000,0.04969000,0.04969000,0.04840000,0.04881000,2284890.00000000,1779602399999,111441.11180000,1459
1779602400000,0.04882000,0.04953000,0.04835000,0.04927000,1750132.00000000,1779605999999,85568.37999000,1234
1779606000000,0.04926000,0.04974000,0.04909000,0.04948000,2487893.00000000,1779609599999,122972.27390000,1463
1779609600000,0.04949000,0.04961000,0.04866000,0.04879000,3333231.00000000,1779613199999,163175.11091000,1395
1779613200000,0.04879000,0.04885000,0.04837000,0.04856000,2442531.00000000,1779616799999,118710.37379000,1440
1779616800000,0.04857000,0.04858000,0.04796000,0.04821000,2938282.00000000,1779620399999,141746.45287000,1561
1779620400000,0.04819000,0.04830000,0.04769000,0.04798000,2028243.00000000,1779623999999,97311.22319000,1219
1779624000000,0.04800000,0.04823000,0.04776000,0.04823000,1171109.00000000,1779627599999,56162.00750000,930
1779627600000,0.04822000,0.04847000,0.04769000,0.04787000,2327794.00000000,1779631199999,112000.33303000,1459
1779631200000,0.04788000,0.04807000,0.04703000,0.04783000,3433343.00000000,1779634799999,163398.44426000,2487
1779634800000,0.04785000,0.04969000,0.04783000,0.04927000,9098801.00000000,1779638399999,446769.47528000,3292
1779638400000,0.04925000,0.05122000,0.04911000,0.05027000,12715172.00000000,1779641999999,638430.63819000,6022
1779642000000,0.05026000,0.05037000,0.04881000,0.04888000,9731945.00000000,1779645599999,480780.72247000,4348
1779645600000,0.04887000,0.04897000,0.04824000,0.04850000,6003173.00000000,1779649199999,291926.45623000,2907
1779649200000,0.04850000,0.04891000,0.04840000,0.04876000,2103369.00000000,1779652799999,102348.15233000,1557
1779652800000,0.04876000,0.04884000,0.04820000,0.04862000,1762772.00000000,1779656399999,85440.15405000,1483
1779656400000,0.04862000,0.04864000,0.04725000,0.04732000,2288247.00000000,1779659999999,109764.41514000,1404
1779660000000,0.04731000,0.04856000,0.04731000,0.04803000,3254941.00000000,1779663599999,156763.56677000,1853
1779663600000,0.04802000,0.04849000,0.04800000,0.04839000,2090580.00000000,1779667199999,100922.78975000,1752
1779667200000,0.04839000,0.04968000,0.04826000,0.04968000,4866498.00000000,1779670799999,237783.90300000,2575
1779670800000,0.04966000,0.04981000,0.04860000,0.04900000,4894776.00000000,1779674399999,240822.85686000,2927
1779674400000,0.04900000,0.04976000,0.04896000,0.04968000,3400999.00000000,1779677999999,168135.09090000,2111
1779678000000,0.04968000,0.05005000,0.04916000,0.04924000,3533850.00000000,1779681599999,175550.56363000,2417
1779681600000,0.04928000,0.05004000,0.04916000,0.05001000,2550381.00000000,1779685199999,126465.10989000,1911
1779685200000,0.05001000,0.05062000,0.04985000,0.05030000,4766741.00000000,1779688799999,239756.67178000,3033
1779688800000,0.05031000,0.05032000,0.04928000,0.04950000,3009368.00000000,1779692399999,149500.26188000,1849
1779692400000,0.04949000,0.04969000,0.04910000,0.04942000,2190133.00000000,1779695999999,108202.87477000,1877
1779696000000,0.04941000,0.04969000,0.04913000,0.04933000,2228770.00000000,1779699599999,110027.93869000,1586
1779699600000,0.04935000,0.04978000,0.04926000,0.04963000,3187891.00000000,1779703199999,157710.51948000,1793
1779703200000,0.04963000,0.05003000,0.04947000,0.04952000,3433993.00000000,1779706799999,170890.12613000,1874
1779706800000,0.04952000,0.04955000,0.04868000,0.04880000,3634671.00000000,1779710399999,178375.14455000,1882
1779710400000,0.04881000,0.04916000,0.04857000,0.04887000,2906604.00000000,1779713999999,142037.30869000,1418
1779714000000,0.04888000,0.04910000,0.04863000,0.04885000,1671056.00000000,1779717599999,81588.70696000,959
1779717600000,0.04884000,0.04910000,0.04876000,0.04903000,3184731.00000000,1779721199999,155764.77862000,1393
1779721200000,0.04903000,0.04905000,0.04661000,0.04730000,32371148.00000000,1779724799999,1531502.57302000,22755
1779724800000,0.04732000,0.04734000,0.04669000,0.04670000,13429806.00000000,1779728399999,630840.77255000,9159
1779728400000,0.04670000,0.04742000,0.04646000,0.04662000,14197090.00000000,1779731999999,666650.84653000,6546
1779732000000,0.04662000,0.04663000,0.04617000,0.04655000,4884897.00000000,1779735599999,227082.59803000,2682
1779735600000,0.04655000,0.04685000,0.04641000,0.04660000,3119993.00000000,1779739199999,145556.97581000,1985
1779739200000,0.04660000,0.04681000,0.04630000,0.04641000,2533070.00000000,1779742799999,117970.57652000,1610
1779742800000,0.04641000,0.04657000,0.04627000,0.04652000,2333922.00000000,1779746399999,108290.39318000,1403
1779746400000,0.04654000,0.04654000,0.04569000,0.04585000,7971280.00000000,1779749999999,367119.19334000,3377
1779750000000,0.04585000,0.04632000,0.04578000,0.04602000,2885774.00000000,1779753599999,133028.98445000,1874
1779753600000,0.04600000,0.04603000,0.04420000,0.04447000,12122912.00000000,1779757199999,546191.28792000,5141
1779757200000,0.04446000,0.04446000,0.04345000,0.04392000,9130302.00000000,1779760799999,401163.53714000,4206
1779760800000,0.04394000,0.04405000,0.04325000,0.04340000,4977119.00000000,1779764399999,217487.66799000,3309
1779764400000,0.04341000,0.04348000,0.04303000,0.04319000,5367172.00000000,1779767999999,232414.66450000,2893
1779768000000,0.04320000,0.04379000,0.04311000,0.04378000,7377231.00000000,1779771599999,320333.21330000,3433
1779771600000,0.04379000,0.04415000,0.04354000,0.04392000,7172854.00000000,1779775199999,314323.39960000,3369
1779775200000,0.04391000,0.04439000,0.04371000,0.04418000,3967735.00000000,1779778799999,174709.76221000,2275
1779778800000,0.04420000,0.04434000,0.04379000,0.04420000,7270981.00000000,1779782399999,320556.06178000,3266
1779782400000,0.04420000,0.04432000,0.04378000,0.04388000,3002207.00000000,1779785999999,132080.98641000,1719
1779786000000,0.04389000,0.04389000,0.04348000,0.04360000,5092174.00000000,1779789599999,222194.96132000,2141
1779789600000,0.04360000,0.04452000,0.04352000,0.04428000,5808849.00000000,1779793199999,255737.75194000,2980
1779793200000,0.04431000,0.04435000,0.04366000,0.04369000,4792146.00000000,1779796799999,211017.53841000,2362
1779796800000,0.04369000,0.04376000,0.04332000,0.04375000,5749730.00000000,1779800399999,250146.03591000,2550
1779800400000,0.04375000,0.04407000,0.04331000,0.04368000,8198896.00000000,1779803999999,357387.88634000,3856
1779804000000,0.04369000,0.04392000,0.04316000,0.04353000,6775918.00000000,1779807599999,295153.19981000,3839
1779807600000,0.04354000,0.04403000,0.04282000,0.04393000,7851459.00000000,1779811199999,340801.33333000,3827
1779811200000,0.04393000,0.04406000,0.04338000,0.04371000,4646641.00000000,1779814799999,203412.36874000,2666
1779814800000,0.04372000,0.04391000,0.04241000,0.04260000,7713671.00000000,1779818399999,331363.68483000,3434
1779818400000,0.04262000,0.04298000,0.04233000,0.04263000,5894226.00000000,1779821999999,251383.03584000,2462
1779822000000,0.04265000,0.04293000,0.04236000,0.04291000,1469050.00000000,1779825599999,62722.51510000,1155
1779825600000,0.04291000,0.04353000,0.04288000,0.04351000,2598638.00000000,1779829199999,112460.44028000,1355
1779829200000,0.04351000,0.04360000,0.04272000,0.04290000,2309486.00000000,1779832799999,99696.72618000,1081
1779832800000,0.04293000,0.04315000,0.04277000,0.04287000,2295423.00000000,1779836399999,98652.86553000,1231
1779836400000,0.04288000,0.04295000,0.04221000,0.04249000,2506718.00000000,1779839999999,106631.77804000,1579
1779840000000,0.04249000,0.04440000,0.04247000,0.04360000,20579965.00000000,1779843599999,893231.24836000,9053
1779843600000,0.04359000,0.04393000,0.04326000,0.04332000,2309009.00000000,1779847199999,100681.97544000,1726
1779847200000,0.04333000,0.04410000,0.04291000,0.04410000,3536997.00000000,1779850799999,154191.51706000,1777
1779850800000,0.04410000,0.04464000,0.04340000,0.04364000,5312219.00000000,1779854399999,234716.50520000,3519
1779854400000,0.04366000,0.04383000,0.04252000,0.04302000,3446446.00000000,1779857999999,148825.71626000,2398
1779858000000,0.04303000,0.04306000,0.04253000,0.04284000,2554192.00000000,1779861599999,109395.96824000,1698
1779861600000,0.04284000,0.04310000,0.04242000,0.04307000,2704075.00000000,1779865199999,115533.14550000,1731
1779865200000,0.04307000,0.04338000,0.04299000,0.04314000,2162953.00000000,1779868799999,93431.48416000,1528
1779868800000,0.04313000,0.04317000,0.04261000,0.04269000,1515565.00000000,1779872399999,65022.82110000,1156
1779872400000,0.04267000,0.04305000,0.04250000,0.04296000,2580905.00000000,1779875999999,110501.35315000,1646
1779876000000,0.04296000,0.04309000,0.04259000,0.04273000,3097122.00000000,1779879599999,132695.32833000,1402
1779879600000,0.04272000,0.04316000,0.04270000,0.04294000,3430518.00000000,1779883199999,147133.55971000,1744
1779883200000,0.04295000,0.04340000,0.04281000,0.04296000,3188383.00000000,1779886799999,137616.17857000,1890
1779886800000,0.04297000,0.04304000,0.04214000,0.04260000,4482610.00000000,1779890399999,190522.31833000,2446
1779890400000,0.04262000,0.04310000,0.04254000,0.04307000,5911758.00000000,1779893999999,252637.54701000,2608
1779894000000,0.04306000,0.04325000,0.04277000,0.04292000,2395851.00000000,1779897599999,103071.49851000,1560
1779897600000,0.04293000,0.04308000,0.04230000,0.04252000,4624092.00000000,1779901199999,196712.25941000,1700
1779901200000,0.04251000,0.04299000,0.04227000,0.04275000,2226808.00000000,1779904799999,94964.10255000,1590
1779904800000,0.04274000,0.04284000,0.04234000,0.04283000,1507393.00000000,1779908399999,64161.01079000,1153
1779908400000,0.04283000,0.04302000,0.04275000,0.04284000,955761.00000000,1779911999999,40982.06414000,890
1779912000000,0.04285000,0.04323000,0.04285000,0.04313000,4040520.00000000,1779915599999,173964.58406000,1626
1779915600000,0.04314000,0.04332000,0.04186000,0.04223000,3667389.00000000,1779919199999,156686.73639000,1540
1779919200000,0.04225000,0.04243000,0.04164000,0.04165000,2275949.00000000,1779922799999,95596.15148000,1463
1779922800000,0.04163000,0.04169000,0.04110000,0.04151000,4123159.00000000,1779926399999,170725.93564000,2546
1779926400000,0.04151000,0.04186000,0.04114000,0.04172000,2329226.00000000,1779929999999,96694.69061000,1840
1779930000000,0.04172000,0.04186000,0.04079000,0.04173000,7529700.00000000,1779933599999,311167.64719000,3095
1779933600000,0.04174000,0.04252000,0.04174000,0.04212000,3825581.00000000,1779937199999,161129.22724000,2408
1779937200000,0.04212000,0.04212000,0.04048000,0.04111000,9712882.00000000,1779940799999,399397.09681000,4432
1779940800000,0.04112000,0.04117000,0.04015000,0.04055000,8524310.00000000,1779944399999,345383.87762000,3832
1779944400000,0.04054000,0.04067000,0.03954000,0.04036000,9573705.00000000,1779947999999,382708.26867000,3285
1779948000000,0.04036000,0.04091000,0.04005000,0.04083000,7508299.00000000,1779951599999,303054.62437000,3096
1779951600000,0.04083000,0.04109000,0.04032000,0.04039000,5373910.00000000,1779955199999,218397.94972000,2264
1779955200000,0.04038000,0.04054000,0.03993000,0.04014000,9372466.00000000,1779958799999,376922.94961000,2723
1779958800000,0.04015000,0.04030000,0.03977000,0.03994000,5760951.00000000,1779962399999,230207.27924000,2232
1779962400000,0.03995000,0.04003000,0.03922000,0.03928000,3236613.00000000,1779965999999,128321.19845000,1763
1779966000000,0.03928000,0.03954000,0.03906000,0.03908000,3803157.00000000,1779969599999,149452.10726000,1847
1779969600000,0.03909000,0.03972000,0.03887000,0.03967000,4323875.00000000,1779973199999,170004.42143000,2232
1779973200000,0.03966000,0.03992000,0.03935000,0.03978000,3502201.00000000,1779976799999,138786.07824000,2095
1779976800000,0.03980000,0.04042000,0.03944000,0.04026000,6280797.00000000,1779980399999,251735.52997000,3086
1779980400000,0.04026000,0.04034000,0.03951000,0.03998000,3393941.00000000,1779983999999,135346.24483000,2062
1779984000000,0.03997000,0.04037000,0.03983000,0.04028000,2632672.00000000,1779987599999,105540.82766000,1949
1779987600000,0.04028000,0.04048000,0.04008000,0.04023000,1370840.00000000,1779991199999,55184.78000000,1079
1779991200000,0.04021000,0.04041000,0.04008000,0.04017000,1643181.00000000,1779994799999,66150.94649000,1193
1779994800000,0.04016000,0.04020000,0.03987000,0.04000000,999989.00000000,1779998399999,40010.31844000,825
1779998400000,0.04000000,0.04039000,0.03967000,0.04020000,1357200.00000000,1780001999999,54399.85654000,878
1780002000000,0.04020000,0.04047000,0.03995000,0.03995000,1391670.00000000,1780005599999,56071.36682000,764
1780005600000,0.03995000,0.04007000,0.03934000,0.03950000,1432678.00000000,1780009199999,56832.45801000,1097
1780009200000,0.03949000,0.03984000,0.03933000,0.03977000,2178562.00000000,1780012799999,86259.03046000,943
1780012800000,0.03977000,0.04041000,0.03977000,0.04039000,5334324.00000000,1780016399999,214182.46119000,1738
1780016400000,0.04040000,0.04097000,0.04025000,0.04085000,3461355.00000000,1780019999999,140426.85453000,1755
1780020000000,0.04085000,0.04094000,0.04013000,0.04038000,2599397.00000000,1780023599999,105472.20649000,1766
1780023600000,0.04038000,0.04084000,0.04027000,0.04047000,3561269.00000000,1780027199999,144534.51921000,1896
1780027200000,0.04046000,0.04047000,0.03977000,0.04024000,6805078.00000000,1780030799999,272179.66073000,2068
1780030800000,0.04024000,0.04045000,0.03970000,0.04003000,3713510.00000000,1780034399999,148660.38711000,1706
1780034400000,0.04002000,0.04006000,0.03967000,0.03975000,4619041.00000000,1780037999999,184117.69089000,1562
1780038000000,0.03975000,0.04000000,0.03950000,0.03998000,2733947.00000000,1780041599999,108725.60203000,1319
1780041600000,0.03997000,0.04018000,0.03941000,0.03979000,5412806.00000000,1780045199999,215236.14820000,1477
1780045200000,0.03978000,0.04015000,0.03976000,0.04011000,2373183.00000000,1780048799999,94932.07737000,1046
1780048800000,0.04012000,0.04030000,0.03957000,0.03966000,2692919.00000000,1780052399999,107253.93664000,1076
1780052400000,0.03965000,0.03987000,0.03905000,0.03920000,3146000.00000000,1780055999999,123798.72771000,1171
1780056000000,0.03922000,0.03927000,0.03857000,0.03871000,3843849.00000000,1780059599999,149368.19359000,1795
1780059600000,0.03870000,0.03908000,0.03835000,0.03869000,4209305.00000000,1780063199999,162568.12916000,1842
1780063200000,0.03871000,0.03889000,0.03798000,0.03842000,5245168.00000000,1780066799999,201712.62422000,2165
1780066800000,0.03844000,0.03931000,0.03832000,0.03927000,5988244.00000000,1780070399999,233481.28249000,2118
1780070400000,0.03930000,0.03931000,0.03869000,0.03905000,3984687.00000000,1780073999999,155392.96753000,1452
1780074000000,0.03905000,0.03938000,0.03879000,0.03886000,2338727.00000000,1780077599999,91556.49952000,982
1780077600000,0.03888000,0.03900000,0.03843000,0.03856000,2335627.00000000,1780081199999,90436.59511000,995
1780081200000,0.03855000,0.03882000,0.03819000,0.03874000,2074814.00000000,1780084799999,79864.61451000,825
1780084800000,0.03873000,0.03906000,0.03853000,0.03900000,1655669.00000000,1780088399999,64259.68215000,843
1780088400000,0.03902000,0.03989000,0.03890000,0.03893000,4581534.00000000,1780091999999,181021.59336000,1682
1780092000000,0.03894000,0.03925000,0.03884000,0.03912000,940679.00000000,1780095599999,36721.26741000,487
1780095600000,0.03910000,0.03934000,0.03900000,0.03931000,1083694.00000000,1780099199999,42433.22537000,470
1780099200000,0.03929000,0.03941000,0.03879000,0.03879000,1489692.00000000,1780102799999,58242.14044000,668
1780102800000,0.03879000,0.03943000,0.03879000,0.03904000,2551069.00000000,1780106399999,99975.99911000,1019
1780106400000,0.03905000,0.03953000,0.03901000,0.03935000,2820478.00000000,1780109999999,110588.60443000,975
1780110000000,0.03935000,0.03940000,0.03853000,0.03858000,2959056.00000000,1780113599999,114872.46140000,1132
1780113600000,0.03857000,0.03871000,0.03809000,0.03857000,2672748.00000000,1780117199999,102678.09165000,1270
1780117200000,0.03856000,0.03901000,0.03851000,0.03885000,2660534.00000000,1780120799999,103260.97003000,1046
1780120800000,0.03887000,0.03915000,0.03874000,0.03880000,1970550.00000000,1780124399999,76841.21985000,691
1780124400000,0.03880000,0.03901000,0.03859000,0.03894000,2529090.00000000,1780127999999,98034.51406000,755
1780128000000,0.03896000,0.03902000,0.03861000,0.03873000,2017250.00000000,1780131599999,78157.41141000,721
1780131600000,0.03872000,0.03873000,0.03849000,0.03861000,2796763.00000000,1780135199999,108006.50649000,1081
1780135200000,0.03862000,0.03876000,0.03856000,0.03865000,2321779.00000000,1780138799999,89718.75432000,603
1780138800000,0.03864000,0.03875000,0.03839000,0.03864000,1194634.00000000,1780142399999,46070.03664000,519
1780142400000,0.03864000,0.03864000,0.03843000,0.03854000,829156.00000000,1780145999999,31944.62773000,319
1780146000000,0.03854000,0.03861000,0.03824000,0.03841000,1485536.00000000,1780149599999,57022.71171000,565
1780149600000,0.03842000,0.03873000,0.03842000,0.03872000,1502188.00000000,1780153199999,57931.17866000,707
1780153200000,0.03877000,0.03896000,0.03867000,0.03874000,2337186.00000000,1780156799999,90760.14042000,988
1780156800000,0.03874000,0.03890000,0.03857000,0.03865000,2891908.00000000,1780160399999,111996.04626000,1124
1780160400000,0.03866000,0.03898000,0.03847000,0.03892000,1442304.00000000,1780163999999,55763.07098000,746
1780164000000,0.03891000,0.03905000,0.03887000,0.03899000,1560754.00000000,1780167599999,60797.16609000,677
1780167600000,0.03901000,0.03933000,0.03896000,0.03923000,1827207.00000000,1780171199999,71589.01942000,692
1780171200000,0.03925000,0.03940000,0.03913000,0.03939000,1263002.00000000,1780174799999,49576.03563000,582
1780174800000,0.03940000,0.03990000,0.03916000,0.03916000,4178608.00000000,1780178399999,165439.30813000,1077
1780178400000,0.03919000,0.03919000,0.03873000,0.03876000,1717505.00000000,1780181999999,66811.77716000,619
1780182000000,0.03873000,0.03903000,0.03861000,0.03892000,1291338.00000000,1780185599999,50158.49464000,586
1780185600000,0.03891000,0.04104000,0.03874000,0.03951000,27284770.00000000,1780189199999,1092802.54773000,8850
1780189200000,0.03950000,0.03979000,0.03908000,0.03909000,4068612.00000000,1780192799999,160006.16492000,1373
1780192800000,0.03909000,0.03945000,0.03834000,0.03851000,4869790.00000000,1780196399999,189212.37571000,1344
1780196400000,0.03851000,0.03869000,0.03841000,0.03862000,2811669.00000000,1780199999999,108350.74499000,867
1780200000000,0.03858000,0.03918000,0.03856000,0.03911000,2289083.00000000,1780203599999,88915.88257000,912
1780203600000,0.03907000,0.03914000,0.03878000,0.03884000,2142425.00000000,1780207199999,83597.43955000,793
1780207200000,0.03886000,0.03909000,0.03853000,0.03878000,2196749.00000000,1780210799999,85273.54295000,779
1780210800000,0.03877000,0.03880000,0.03824000,0.03847000,2127276.00000000,1780214399999,81863.81030000,985
1780214400000,0.03849000,0.03874000,0.03835000,0.03867000,1340894.00000000,1780217999999,51723.98473000,691
1780218000000,0.03868000,0.03869000,0.03819000,0.03828000,2624155.00000000,1780221599999,100805.70550000,859
1780221600000,0.03827000,0.03830000,0.03767000,0.03810000,6335443.00000000,1780225199999,240417.06217000,2265
1780225200000,0.03809000,0.03866000,0.03792000,0.03838000,6556793.00000000,1780228799999,251009.92359000,2563
1780228800000,0.03839000,0.03845000,0.03811000,0.03834000,3465538.00000000,1780232399999,132653.69433000,1210
1780232400000,0.03834000,0.03850000,0.03823000,0.03836000,1706120.00000000,1780235999999,65426.35252000,697
1780236000000,0.03834000,0.03834000,0.03751000,0.03786000,5962579.00000000,1780239599999,225971.48103000,3251
1780239600000,0.03787000,0.03829000,0.03780000,0.03816000,2246874.00000000,1780243199999,85534.35959000,1120
1780243200000,0.03816000,0.03835000,0.03782000,0.03786000,2174824.00000000,1780246799999,82783.14504000,2234
1780246800000,0.03785000,0.03873000,0.03770000,0.03871000,1828564.00000000,1780250399999,70119.54420000,1669
1780250400000,0.03872000,0.03930000,0.03855000,0.03893000,4499737.00000000,1780253999999,175438.77240000,1805
1780254000000,0.03893000,0.03905000,0.03838000,0.03862000,2149553.00000000,1780257599999,83027.15003000,1000
1780257600000,0.03863000,0.03906000,0.03863000,0.03887000,1922567.00000000,1780261199999,74750.06580000,1074
1780261200000,0.03889000,0.03890000,0.03859000,0.03884000,1669294.00000000,1780264799999,64624.63659000,659
1780264800000,0.03884000,0.03893000,0.03862000,0.03872000,739173.00000000,1780268399999,28651.42951000,865
1780268400000,0.03872000,0.03893000,0.03827000,0.03879000,1717344.00000000,1780271999999,66211.30347000,1266
1780272000000,0.03880000,0.03906000,0.03862000,0.03868000,1863857.00000000,1780275599999,72304.28121000,1470
1780275600000,0.03868000,0.03868000,0.03771000,0.03780000,3846766.00000000,1780279199999,146677.66641000,1914
1780279200000,0.03781000,0.03817000,0.03758000,0.03812000,2198258.00000000,1780282799999,83281.89269000,2064
1780282800000,0.03812000,0.03857000,0.03812000,0.03837000,2975576.00000000,1780286399999,114156.52101000,2082
1780286400000,0.03838000,0.03851000,0.03792000,0.03823000,2435752.00000000,1780289999999,93230.00808000,1661
1780290000000,0.03822000,0.03822000,0.03776000,0.03803000,3481572.00000000,1780293599999,132107.05240000,1624
1780293600000,0.03803000,0.03803000,0.03693000,0.03765000,5111760.00000000,1780297199999,190773.88617000,3418
1780297200000,0.03766000,0.03795000,0.03685000,0.03696000,4506682.00000000,1780300799999,168878.87035000,2954
1780300800000,0.03695000,0.03741000,0.03666000,0.03729000,3533000.00000000,1780304399999,130610.43616000,2518
1780304400000,0.03731000,0.03753000,0.03713000,0.03720000,3264062.00000000,1780307999999,121743.97688000,1826
1780308000000,0.03721000,0.03722000,0.03687000,0.03713000,2385807.00000000,1780311599999,88384.67450000,1706
1780311600000,0.03714000,0.03729000,0.03698000,0.03712000,3253313.00000000,1780315199999,120721.87499000,2019
1780315200000,0.03713000,0.03745000,0.03681000,0.03710000,2323781.00000000,1780318799999,86285.53182000,2288
1780318800000,0.03711000,0.03742000,0.03649000,0.03695000,7061353.00000000,1780322399999,261194.81688000,4970
1780322400000,0.03696000,0.03740000,0.03667000,0.03738000,4631045.00000000,1780325999999,171431.03241000,3106
1780326000000,0.03739000,0.03782000,0.03717000,0.03767000,6579027.00000000,1780329599999,246657.52154000,3451
1780329600000,0.03769000,0.03852000,0.03739000,0.03851000,7046810.00000000,1780333199999,267791.43259000,3133
1780333200000,0.03851000,0.03904000,0.03850000,0.03854000,6399944.00000000,1780336799999,247986.52802000,3372
1780336800000,0.03854000,0.03923000,0.03835000,0.03914000,4223567.00000000,1780340399999,163872.02094000,2092
1780340400000,0.03914000,0.03953000,0.03908000,0.03923000,6198567.00000000,1780343999999,243737.62793000,3085
1780344000000,0.03923000,0.03960000,0.03885000,0.03952000,3490278.00000000,1780347599999,136950.72101000,1602
1780347600000,0.03952000,0.03954000,0.03882000,0.03893000,2736193.00000000,1780351199999,107179.55078000,1175
1780351200000,0.03892000,0.03956000,0.03873000,0.03948000,2926815.00000000,1780354799999,114228.51449000,2199
1780354800000,0.03949000,0.03963000,0.03897000,0.03917000,7103542.00000000,1780358399999,278690.33118000,2828
1780358400000,0.03918000,0.03968000,0.03893000,0.03968000,3836994.00000000,1780361999999,150968.69190000,2545
1780362000000,0.03968000,0.03973000,0.03867000,0.03870000,3699295.00000000,1780365599999,145602.73615000,3202
1780365600000,0.03871000,0.03934000,0.03829000,0.03934000,4380363.00000000,1780369199999,169646.10434000,3768
1780369200000,0.03934000,0.04014000,0.03912000,0.04001000,5688749.00000000,1780372799999,225809.49178000,3205
1780372800000,0.04000000,0.04056000,0.03983000,0.04027000,6654848.00000000,1780376399999,267211.15094000,4087
1780376400000,0.04028000,0.04076000,0.03974000,0.03987000,9385161.00000000,1780379999999,378489.74227000,5293
1780380000000,0.03988000,0.04100000,0.03980000,0.04094000,10729699.00000000,1780383599999,435330.62736000,6303
1780383600000,0.04096000,0.04181000,0.04042000,0.04147000,21041403.00000000,1780387199999,866905.78156000,10993
1780387200000,0.04148000,0.04159000,0.04019000,0.04068000,12804943.00000000,1780390799999,522696.48547000,7414
1780390800000,0.04069000,0.04144000,0.04005000,0.04142000,8390441.00000000,1780394399999,341020.89553000,4812
1780394400000,0.04143000,0.04252000,0.04098000,0.04178000,19304455.00000000,1780397999999,807098.55170000,12028
1780398000000,0.04178000,0.04309000,0.04136000,0.04263000,14223613.00000000,1780401599999,602903.33144000,8395
1780401600000,0.04263000,0.04563000,0.04207000,0.04338000,63096294.00000000,1780405199999,2768003.13168000,37385
1780405200000,0.04339000,0.04450000,0.04263000,0.04409000,33104561.00000000,1780408799999,1448163.88142000,20566
1780408800000,0.04410000,0.04431000,0.04117000,0.04128000,39156255.00000000,1780412399999,1679690.32155000,23871
1780412400000,0.04129000,0.04185000,0.03982000,0.04086000,34078713.00000000,1780415999999,1390040.77669000,20335
1780416000000,0.04087000,0.04410000,0.04054000,0.04313000,40173415.00000000,1780419599999,1725083.20500000,20736
1780419600000,0.04312000,0.04353000,0.04198000,0.04336000,20124980.00000000,1780423199999,862225.42478000,11658
1780423200000,0.04337000,0.04360000,0.04132000,0.04153000,7869430.00000000,1780426799999,331045.13753000,6889
1780426800000,0.04154000,0.04179000,0.04061000,0.04124000,8302350.00000000,1780430399999,342064.36696000,6406
1780430400000,0.04124000,0.04199000,0.04090000,0.04186000,6628997.00000000,1780433999999,274745.50660000,4825
1780434000000,0.04186000,0.04254000,0.04163000,0.04180000,7262286.00000000,1780437599999,305793.34537000,3294
1780437600000,0.04181000,0.04234000,0.04045000,0.04061000,15463678.00000000,1780441199999,637722.76216000,5608
1780441200000,0.04069000,0.04081000,0.03922000,0.04016000,16603933.00000000,1780444799999,665126.74161000,5804
1780444800000,0.04019000,0.04058000,0.03951000,0.04025000,11076504.00000000,1780448399999,444048.53640000,4142
1780448400000,0.04026000,0.04130000,0.03999000,0.04108000,7523364.00000000,1780451999999,305971.98752000,3077
1780452000000,0.04106000,0.04145000,0.04055000,0.04140000,5619770.00000000,1780455599999,230921.61501000,2524
1780455600000,0.04136000,0.04137000,0.03867000,0.03888000,11473422.00000000,1780459199999,456094.49260000,4474
1780459200000,0.03889000,0.04089000,0.03888000,0.04062000,6996916.00000000,1780462799999,279179.81462000,3377
1780462800000,0.04063000,0.04140000,0.04046000,0.04103000,7639334.00000000,1780466399999,313245.34176000,3168
1780466400000,0.04102000,0.04211000,0.04099000,0.04134000,7551528.00000000,1780469999999,314371.47084000,3308
1780470000000,0.04131000,0.04182000,0.04083000,0.04093000,8930548.00000000,1780473599999,368834.62712000,3307
1780473600000,0.04093000,0.04127000,0.04044000,0.04059000,13067247.00000000,1780477199999,533340.27719000,5951
1780477200000,0.04061000,0.04075000,0.03980000,0.03994000,10103097.00000000,1780480799999,406586.75889000,4756
1780480800000,0.03994000,0.04069000,0.03994000,0.04018000,4487452.00000000,1780484399999,181003.47425000,2211
1780484400000,0.04018000,0.04029000,0.03939000,0.03954000,6336632.00000000,1780487999999,252362.62418000,2428
1780488000000,0.03954000,0.04062000,0.03929000,0.04057000,10711901.00000000,1780491599999,426307.10970000,3349
1780491600000,0.04057000,0.04117000,0.04042000,0.04081000,6940699.00000000,1780495199999,283273.94137000,3082
1780495200000,0.04081000,0.04097000,0.04010000,0.04026000,3742557.00000000,1780498799999,151216.86091000,1788
1780498800000,0.04027000,0.04041000,0.03931000,0.03946000,4769687.00000000,1780502399999,190293.10371000,2041
1780502400000,0.03948000,0.03994000,0.03879000,0.03987000,5967849.00000000,1780505999999,234070.44914000,2718
1780506000000,0.03989000,0.04049000,0.03962000,0.03999000,3466244.00000000,1780509599999,138624.93013000,1559
1780509600000,0.03998000,0.04014000,0.03911000,0.03949000,3115125.00000000,1780513199999,122846.91346000,1498
1780513200000,0.03949000,0.03956000,0.03843000,0.03855000,5606523.00000000,1780516799999,217993.88563000,2428
1780516800000,0.03853000,0.03888000,0.03751000,0.03767000,6817968.00000000,1780520399999,260151.68251000,2620
1780520400000,0.03768000,0.03910000,0.03753000,0.03905000,3648841.00000000,1780523999999,139526.87800000,1323
1780524000000,0.03902000,0.03919000,0.03816000,0.03836000,3306050.00000000,1780527599999,127918.58159000,1424
1780527600000,0.03838000,0.03839000,0.03776000,0.03810000,3094664.00000000,1780531199999,117762.31588000,1497
1780531200000,0.03809000,0.03863000,0.03659000,0.03687000,7655296.00000000,1780534799999,286423.18361000,3638
1780534800000,0.03688000,0.03723000,0.03555000,0.03573000,11137556.00000000,1780538399999,403144.28807000,5665
1780538400000,0.03573000,0.03575000,0.03317000,0.03495000,27571187.00000000,1780541999999,945180.04307000,11739
1780542000000,0.03496000,0.03604000,0.03496000,0.03575000,5894874.00000000,1780545599999,210552.24567000,2237
1780545600000,0.03575000,0.03617000,0.03516000,0.03530000,4102383.00000000,1780549199999,146080.83911000,1612
1780549200000,0.03530000,0.03613000,0.03477000,0.03580000,5481667.00000000,1780552799999,193963.96031000,2868
1780552800000,0.03577000,0.03736000,0.03574000,0.03680000,6214744.00000000,1780556399999,228077.88434000,2899
1780556400000,0.03680000,0.03687000,0.03594000,0.03600000,6131154.00000000,1780559999999,223477.77273000,3198
1780560000000,0.03601000,0.03638000,0.03571000,0.03624000,5862866.00000000,1780563599999,211144.77909000,2898
1780563600000,0.03618000,0.03618000,0.03488000,0.03517000,3615318.00000000,1780567199999,127703.31085000,2211
1780567200000,0.03517000,0.03528000,0.03443000,0.03457000,5393074.00000000,1780570799999,187755.82698000,2533
1780570800000,0.03461000,0.03479000,0.03428000,0.03469000,4908176.00000000,1780574399999,169258.85283000,2483
1780574400000,0.03469000,0.03578000,0.03441000,0.03556000,5088795.00000000,1780577999999,178602.02277000,2851
1780578000000,0.03555000,0.03634000,0.03528000,0.03616000,3886259.00000000,1780581599999,139298.90958000,2558
1780581600000,0.03619000,0.03633000,0.03508000,0.03516000,2739485.00000000,1780585199999,97425.71224000,1439
1780585200000,0.03515000,0.03584000,0.03504000,0.03562000,3156365.00000000,1780588799999,111894.26422000,1486
1780588800000,0.03561000,0.03639000,0.03555000,0.03632000,3566588.00000000,1780592399999,127980.48389000,1441
1780592400000,0.03630000,0.03706000,0.03621000,0.03667000,6703736.00000000,1780595999999,246293.40804000,3014
1780596000000,0.03676000,0.03715000,0.03645000,0.03683000,3161952.00000000,1780599599999,116482.49415000,1858
1780599600000,0.03680000,0.03681000,0.03601000,0.03615000,3430890.00000000,1780603199999,125236.83827000,1234
1780603200000,0.03616000,0.03650000,0.03588000,0.03597000,2553625.00000000,1780606799999,92322.17828000,1372
1780606800000,0.03597000,0.03616000,0.03482000,0.03508000,2136275.00000000,1780610399999,76055.83461000,1294
1780610400000,0.03507000,0.03545000,0.03492000,0.03522000,3204725.00000000,1780613999999,112580.39448000,3513
1780614000000,0.03521000,0.03548000,0.03502000,0.03541000,2116036.00000000,1780617599999,74640.02559000,2273
1780617600000,0.03540000,0.03580000,0.03516000,0.03571000,5062576.00000000,1780621199999,179787.78199000,2990
1780621200000,0.03572000,0.03650000,0.03546000,0.03644000,5633199.00000000,1780624799999,202751.64456000,4032
1780624800000,0.03644000,0.03650000,0.03521000,0.03524000,4717171.00000000,1780628399999,169284.80479000,3903
1780628400000,0.03525000,0.03627000,0.03507000,0.03532000,4889840.00000000,1780631999999,174540.69792000,4078
1780632000000,0.03533000,0.03570000,0.03477000,0.03539000,6024740.00000000,1780635599999,212198.29019000,4269
1780635600000,0.03540000,0.03554000,0.03440000,0.03446000,4973982.00000000,1780639199999,174760.66714000,3681
1780639200000,0.03446000,0.03456000,0.03269000,0.03378000,10796413.00000000,1780642799999,363400.68919000,10199
1780642800000,0.03378000,0.03433000,0.03319000,0.03405000,6276250.00000000,1780646399999,212143.22290000,5772
1780646400000,0.03406000,0.03406000,0.03332000,0.03337000,2497241.00000000,1780649999999,83906.57005000,2727
1780650000000,0.03338000,0.03411000,0.03334000,0.03402000,3610852.00000000,1780653599999,122105.57613000,2738
1780653600000,0.03403000,0.03411000,0.03325000,0.03352000,2787172.00000000,1780657199999,93604.02366000,2230
1780657200000,0.03353000,0.03377000,0.03313000,0.03352000,2415458.00000000,1780660799999,80766.32181000,2229
1780660800000,0.03353000,0.03378000,0.03297000,0.03334000,3777529.00000000,1780664399999,126006.36082000,3683
1780664400000,0.03334000,0.03365000,0.03220000,0.03226000,4805124.00000000,1780667999999,159377.94890000,4195
1780668000000,0.03227000,0.03347000,0.03210000,0.03318000,6133651.00000000,1780671599999,201751.83461000,5659
1780671600000,0.03319000,0.03334000,0.03235000,0.03239000,7705138.00000000,1780675199999,253783.13820000,6033
1780675200000,0.03237000,0.03280000,0.03167000,0.03261000,11237649.00000000,1780678799999,363104.69725000,8921
1780678800000,0.03261000,0.03296000,0.03221000,0.03258000,3345477.00000000,1780682399999,108943.50694000,3102
1780682400000,0.03258000,0.03269000,0.03091000,0.03105000,7498718.00000000,1780685999999,237749.15617000,4566
1780686000000,0.03105000,0.03194000,0.03048000,0.03178000,6965430.00000000,1780689599999,216958.16549000,5620
1780689600000,0.03178000,0.03244000,0.03148000,0.03239000,4514204.00000000,1780693199999,145014.37331000,3826
1780693200000,0.03238000,0.03264000,0.03227000,0.03241000,1753943.00000000,1780696799999,56910.71682000,1069
1780696800000,0.03239000,0.03239000,0.03175000,0.03197000,3594295.00000000,1780700399999,115046.75158000,2668
1780700400000,0.03197000,0.03217000,0.03126000,0.03183000,3395968.00000000,1780703999999,107529.01120000,2439
1780704000000,0.03183000,0.03224000,0.03170000,0.03217000,2111430.00000000,1780707599999,67530.41964000,1828
1780707600000,0.03217000,0.03239000,0.03175000,0.03176000,2306168.00000000,1780711199999,74031.86726000,1585
1780711200000,0.03175000,0.03185000,0.03130000,0.03130000,4100757.00000000,1780714799999,129548.47456000,2275
1780714800000,0.03129000,0.03141000,0.03107000,0.03119000,2983726.00000000,1780718399999,93167.94839000,1287
1780718400000,0.03117000,0.03131000,0.02946000,0.02960000,10593679.00000000,1780721999999,319252.29393000,6180
1780722000000,0.02960000,0.03065000,0.02907000,0.03057000,7532632.00000000,1780725599999,226381.61640000,5159
1780725600000,0.03058000,0.03084000,0.03008000,0.03014000,4329498.00000000,1780729199999,132133.62482000,2389
1780729200000,0.03014000,0.03066000,0.03001000,0.03003000,4573315.00000000,1780732799999,138924.60680000,2249
1780732800000,0.03004000,0.03063000,0.02992000,0.03041000,4365164.00000000,1780736399999,132226.18798000,2021
1780736400000,0.03039000,0.03040000,0.02978000,0.02988000,3000252.00000000,1780739999999,90442.23986000,2025
1780740000000,0.02987000,0.03000000,0.02921000,0.02984000,8323343.00000000,1780743599999,246416.03533000,4641
1780743600000,0.02983000,0.03000000,0.02947000,0.02956000,5093227.00000000,1780747199999,151642.63106000,2239
1780747200000,0.02957000,0.02985000,0.02932000,0.02974000,4737416.00000000,1780750799999,140204.81672000,2429
1780750800000,0.02974000,0.03013000,0.02968000,0.02983000,3005743.00000000,1780754399999,89855.61662000,1580
1780754400000,0.02983000,0.03028000,0.02971000,0.02972000,2989615.00000000,1780757999999,89677.72297000,1742
1780758000000,0.02973000,0.02985000,0.02930000,0.02953000,8146719.00000000,1780761599999,240884.67164000,3597
1780761600000,0.02953000,0.02985000,0.02913000,0.02935000,3971247.00000000,1780765199999,117029.45449000,2076
1780765200000,0.02933000,0.02992000,0.02907000,0.02958000,3640707.00000000,1780768799999,107395.23712000,1892
1780768800000,0.02957000,0.02987000,0.02931000,0.02986000,2793394.00000000,1780772399999,82676.87187000,1564
1780772400000,0.02986000,0.03016000,0.02965000,0.02969000,2366778.00000000,1780775999999,70767.14096000,1433
1780776000000,0.02968000,0.02988000,0.02937000,0.02970000,2762552.00000000,1780779599999,81898.47068000,1557
1780779600000,0.02971000,0.03014000,0.02960000,0.02990000,2333656.00000000,1780783199999,69745.65965000,774
1780783200000,0.02989000,0.03061000,0.02987000,0.03056000,3291811.00000000,1780786799999,99817.00899000,2320
1780786800000,0.03056000,0.03079000,0.03031000,0.03051000,3392059.00000000,1780790399999,103623.53373000,1581
1780790400000,0.03051000,0.03093000,0.03029000,0.03087000,2917861.00000000,1780793999999,89356.61077000,1728
1780794000000,0.03086000,0.03200000,0.03083000,0.03165000,8652624.00000000,1780797599999,273652.49638000,4148
1780797600000,0.03164000,0.03164000,0.03102000,0.03140000,5204685.00000000,1780801199999,162967.61007000,1984
1780801200000,0.03140000,0.03146000,0.03086000,0.03103000,2736790.00000000,1780804799999,85352.55004000,1281
1780804800000,0.03103000,0.03120000,0.03087000,0.03102000,2545640.00000000,1780808399999,79040.09296000,1459
1780808400000,0.03101000,0.03121000,0.03087000,0.03090000,2814514.00000000,1780811999999,87324.40039000,1426
1780812000000,0.03089000,0.03129000,0.03075000,0.03110000,3077552.00000000,1780815599999,95617.09597000,1640
1780815600000,0.03109000,0.03129000,0.03100000,0.03125000,3100704.00000000,1780819199999,96592.73475000,1315
1780819200000,0.03126000,0.03153000,0.03107000,0.03150000,2460449.00000000,1780822799999,77076.28146000,1421
1780822800000,0.03150000,0.03151000,0.03070000,0.03080000,3064099.00000000,1780826399999,94920.45072000,1328
1780826400000,0.03081000,0.03087000,0.03045000,0.03054000,3380597.00000000,1780829999999,103668.19557000,1194
1780830000000,0.03053000,0.03087000,0.03040000,0.03057000,1829742.00000000,1780833599999,56007.62551000,914
1780833600000,0.03057000,0.03060000,0.02965000,0.03002000,4230395.00000000,1780837199999,127001.83616000,2600
1780837200000,0.03002000,0.03028000,0.02983000,0.03019000,3789126.00000000,1780840799999,113575.47766000,1247
1780840800000,0.03020000,0.03061000,0.03013000,0.03045000,3070249.00000000,1780844399999,93340.36067000,1658
1780844400000,0.03045000,0.03050000,0.03012000,0.03045000,2002889.00000000,1780847999999,60743.22777000,1322
1780848000000,0.03046000,0.03076000,0.03042000,0.03055000,2092558.00000000,1780851599999,64044.41283000,1199
1780851600000,0.03056000,0.03098000,0.03053000,0.03087000,2530946.00000000,1780855199999,77838.28023000,1483
1780855200000,0.03086000,0.03107000,0.03060000,0.03074000,1762832.00000000,1780858799999,54380.90279000,1120
1780858800000,0.03075000,0.03076000,0.02973000,0.03000000,2884533.00000000,1780862399999,86862.83333000,2305
1780862400000,0.02999000,0.03048000,0.02997000,0.03036000,1164636.00000000,1780865999999,35246.37300000,996
1780866000000,0.03036000,0.03056000,0.03017000,0.03050000,1832285.00000000,1780869599999,55610.70386000,793
1780869600000,0.03051000,0.03219000,0.03049000,0.03110000,13348409.00000000,1780873199999,421486.02172000,6838
1780873200000,0.03110000,0.03150000,0.03101000,0.03129000,3480292.00000000,1780876799999,108763.71757000,1774
1780876800000,0.03128000,0.03176000,0.03119000,0.03155000,3475107.00000000,1780880399999,109431.48024000,2105
1780880400000,0.03156000,0.03159000,0.03074000,0.03088000,4347192.00000000,1780883999999,134837.00567000,2578
1780884000000,0.03088000,0.03118000,0.03079000,0.03108000,2023749.00000000,1780887599999,62696.35646000,1448
1780887600000,0.03108000,0.03118000,0.03080000,0.03098000,1666233.00000000,1780891199999,51648.19951000,1336
1780891200000,0.03099000,0.03105000,0.03048000,0.03055000,2323592.00000000,1780894799999,71265.08135000,1679
1780894800000,0.03055000,0.03060000,0.03010000,0.03042000,3876998.00000000,1780898399999,118006.56185000,1453
1780898400000,0.03043000,0.03093000,0.03041000,0.03076000,1463514.00000000,1780901999999,45004.42630000,1231
1780902000000,0.03077000,0.03114000,0.03069000,0.03099000,1480885.00000000,1780905599999,45828.37147000,1135
1780905600000,0.03098000,0.03178000,0.03083000,0.03143000,3919899.00000000,1780909199999,123221.22949000,2526
1780909200000,0.03144000,0.03184000,0.03137000,0.03149000,6288814.00000000,1780912799999,199138.14169000,2913
1780912800000,0.03149000,0.03164000,0.03115000,0.03132000,2952225.00000000,1780916399999,92660.21450000,1621
1780916400000,0.03131000,0.03204000,0.03118000,0.03200000,3834067.00000000,1780919999999,121263.98772000,1900
1780920000000,0.03200000,0.03245000,0.03157000,0.03234000,4799498.00000000,1780923599999,153789.36838000,3446
1780923600000,0.03233000,0.03315000,0.03229000,0.03278000,7701883.00000000,1780927199999,252250.32973000,4735
1780927200000,0.03278000,0.03299000,0.03211000,0.03251000,7499259.00000000,1780930799999,243328.66695000,3462
1780930800000,0.03252000,0.03363000,0.03236000,0.03278000,9552227.00000000,1780934399999,317433.56760000,5173
1780934400000,0.03279000,0.03305000,0.03242000,0.03245000,3698389.00000000,1780937999999,121030.69306000,2492
1780938000000,0.03246000,0.03332000,0.03232000,0.03330000,2588219.00000000,1780941599999,84830.34378000,1979
1780941600000,0.03330000,0.03342000,0.03291000,0.03328000,1808159.00000000,1780945199999,59985.91587000,1751
1780945200000,0.03327000,0.03401000,0.03309000,0.03361000,4137671.00000000,1780948799999,139329.33943000,2677
1780948800000,0.03361000,0.03420000,0.03339000,0.03420000,5345361.00000000,1780952399999,180746.26614000,2841
1780952400000,0.03420000,0.03500000,0.03401000,0.03401000,6499261.00000000,1780955999999,223753.40371000,2861
1780956000000,0.03400000,0.03420000,0.03360000,0.03370000,5453303.00000000,1780959599999,184766.00729000,3004
1780959600000,0.03368000,0.03379000,0.03312000,0.03332000,3747475.00000000,1780963199999,125198.21357000,2486
1780963200000,0.03331000,0.03370000,0.03245000,0.03267000,6402703.00000000,1780966799999,211543.35088000,4143
1780966800000,0.03267000,0.03271000,0.03218000,0.03237000,3445431.00000000,1780970399999,111856.05399000,1892
1780970400000,0.03238000,0.03261000,0.03135000,0.03158000,6040068.00000000,1780973999999,192394.10424000,2988
1780974000000,0.03157000,0.03183000,0.03120000,0.03178000,2811204.00000000,1780977599999,88577.67852000,1585
1780977600000,0.03178000,0.03247000,0.03154000,0.03229000,4140267.00000000,1780981199999,132695.07843000,2365
1780981200000,0.03228000,0.03276000,0.03217000,0.03263000,2571647.00000000,1780984799999,83383.11490000,1752
1780984800000,0.03264000,0.03293000,0.03243000,0.03247000,3325465.00000000,1780988399999,108652.64511000,1769
1780988400000,0.03248000,0.03333000,0.03248000,0.03306000,3888579.00000000,1780991999999,128076.93340000,2459
1780992000000,0.03307000,0.03468000,0.03283000,0.03458000,7180287.00000000,1780995599999,241986.24055000,4519
1780995600000,0.03458000,0.03561000,0.03408000,0.03422000,29039296.00000000,1780999199999,1015948.44883000,13007
1780999200000,0.03423000,0.03586000,0.03423000,0.03577000,21528908.00000000,1781002799999,756958.19714000,11188
1781002800000,0.03579000,0.03595000,0.03474000,0.03543000,19673889.00000000,1781006399999,698072.11010000,9318
1781006400000,0.03542000,0.03702000,0.03509000,0.03698000,25951787.00000000,1781009999999,942850.56822000,13464
1781010000000,0.03697000,0.03722000,0.03581000,0.03599000,29708519.00000000,1781013599999,1091341.37419000,11743
1781013600000,0.03599000,0.03619000,0.03444000,0.03549000,21383464.00000000,1781017199999,755353.53335000,12457
1781017200000,0.03550000,0.03700000,0.03497000,0.03680000,23044785.00000000,1781020799999,835070.68210000,12595
1781020800000,0.03679000,0.03757000,0.03569000,0.03737000,29430914.00000000,1781024399999,1080261.44244000,17624
1781024400000,0.03736000,0.03874000,0.03727000,0.03748000,40740114.00000000,1781027999999,1548030.10656000,20133
1781028000000,0.03747000,0.03829000,0.03629000,0.03794000,24506974.00000000,1781031599999,912276.92398000,13378
1781031600000,0.03793000,0.03804000,0.03690000,0.03742000,10290561.00000000,1781035199999,386442.24170000,6683
1781035200000,0.03742000,0.03768000,0.03675000,0.03694000,7572810.00000000,1781038799999,281241.52172000,4885
1781038800000,0.03695000,0.03715000,0.03644000,0.03656000,4118384.00000000,1781042399999,151317.90664000,2379
1781042400000,0.03655000,0.03718000,0.03650000,0.03675000,4698102.00000000,1781045999999,172945.95420000,3161
1781046000000,0.03674000,0.03750000,0.03673000,0.03725000,9290113.00000000,1781049599999,345366.46925000,4277
1781049600000,0.03726000,0.03740000,0.03641000,0.03725000,7818103.00000000,1781053199999,288319.78693000,5090
1781053200000,0.03724000,0.03767000,0.03532000,0.03552000,11798234.00000000,1781056799999,426958.39876000,7119
1781056800000,0.03552000,0.03559000,0.03320000,0.03366000,13075929.00000000,1781060399999,449471.64718000,7222
1781060400000,0.03367000,0.03388000,0.03343000,0.03356000,8954618.00000000,1781063999999,301586.16543000,4361
1781064000000,0.03355000,0.03432000,0.03333000,0.03395000,8778239.00000000,1781067599999,297075.21760000,4131
1781067600000,0.03396000,0.03446000,0.03372000,0.03430000,7598702.00000000,1781071199999,259395.51802000,3556
1781071200000,0.03430000,0.03515000,0.03422000,0.03488000,6668072.00000000,1781074799999,230995.65704000,3463
1781074800000,0.03488000,0.03513000,0.03372000,0.03386000,9918408.00000000,1781078399999,341093.28981000,4914
1781078400000,0.03386000,0.03395000,0.03335000,0.03338000,5650316.00000000,1781081999999,190068.21893000,3576
1781082000000,0.03338000,0.03338000,0.03286000,0.03315000,8348899.00000000,1781085599999,276125.89182000,4148
1781085600000,0.03314000,0.03378000,0.03314000,0.03369000,5149130.00000000,1781089199999,172310.78450000,2471
1781089200000,0.03370000,0.03375000,0.03275000,0.03338000,10406473.00000000,1781092799999,345768.93643000,5482
1781092800000,0.03337000,0.03382000,0.03303000,0.03380000,5981685.00000000,1781096399999,200120.40588000,4065
1781096400000,0.03382000,0.03493000,0.03378000,0.03448000,9866446.00000000,1781099999999,340592.44920000,5472
1781100000000,0.03447000,0.03459000,0.03357000,0.03408000,7034279.00000000,1781103599999,238934.43114000,4585
1781103600000,0.03409000,0.03424000,0.03328000,0.03362000,7307386.00000000,1781107199999,247360.51770000,4359
1781107200000,0.03363000,0.03384000,0.03295000,0.03326000,7608523.00000000,1781110799999,254307.20497000,4074
1781110800000,0.03327000,0.03339000,0.03253000,0.03289000,7845841.00000000,1781114399999,258298.32688000,4334
1781114400000,0.03290000,0.03355000,0.03220000,0.03247000,19917507.00000000,1781117999999,655661.04672000,6564
1781118000000,0.03248000,0.03257000,0.03136000,0.03168000,11421084.00000000,1781121599999,364206.65451000,5477
1781121600000,0.03167000,0.03170000,0.03121000,0.03154000,3902723.00000000,1781125199999,122749.41632000,3210
1781125200000,0.03154000,0.03159000,0.03037000,0.03059000,4686810.00000000,1781128799999,145093.60163000,2103
1781128800000,0.03061000,0.03100000,0.03030000,0.03074000,6427900.00000000,1781132399999,197737.37660000,2947
1781132400000,0.03074000,0.03130000,0.03040000,0.03044000,11188778.00000000,1781135999999,346182.25620000,5851
1781136000000,0.03045000,0.03182000,0.03044000,0.03126000,18627329.00000000,1781139599999,582712.90229000,7467
1781139600000,0.03127000,0.03189000,0.03124000,0.03159000,5315940.00000000,1781143199999,167914.54017000,3287
1781143200000,0.03160000,0.03162000,0.03089000,0.03144000,4807458.00000000,1781146799999,150257.80759000,2627
1781146800000,0.03144000,0.03185000,0.03110000,0.03171000,7931486.00000000,1781150399999,249075.66218000,3663
1781150400000,0.03170000,0.03247000,0.03166000,0.03224000,6361288.00000000,1781153999999,204088.60419000,2779
1781154000000,0.03224000,0.03230000,0.03166000,0.03167000,5462614.00000000,1781157599999,174592.19439000,2575
1781157600000,0.03167000,0.03197000,0.03147000,0.03158000,6997441.00000000,1781161199999,221780.69432000,2720
1781161200000,0.03157000,0.03249000,0.03137000,0.03233000,6906949.00000000,1781164799999,220152.54030000,2808
1781164800000,0.03232000,0.03250000,0.03190000,0.03195000,5476012.00000000,1781168399999,176277.02388000,2937
1781168400000,0.03196000,0.03231000,0.03162000,0.03185000,7973651.00000000,1781171999999,255232.35166000,3665
1781172000000,0.03184000,0.03212000,0.03178000,0.03201000,4337571.00000000,1781175599999,138598.80992000,1907
1781175600000,0.03201000,0.03256000,0.03171000,0.03235000,16849680.00000000,1781179199999,542489.60869000,5467
1781179200000,0.03234000,0.03235000,0.03104000,0.03139000,17086875.00000000,1781182799999,539816.32283000,5187
1781182800000,0.03138000,0.03191000,0.03126000,0.03177000,6300629.00000000,1781186399999,199498.35206000,2225
1781186400000,0.03177000,0.03193000,0.03150000,0.03154000,5509408.00000000,1781189999999,174535.42700000,2433
1781190000000,0.03154000,0.03217000,0.03132000,0.03186000,11878741.00000000,1781193599999,378229.90502000,3915
1781193600000,0.03186000,0.03207000,0.03161000,0.03176000,7258235.00000000,1781197199999,231091.59285000,3048
1781197200000,0.03177000,0.03243000,0.03129000,0.03207000,14624583.00000000,1781200799999,466749.80565000,5528
1781200800000,0.03207000,0.03211000,0.03180000,0.03184000,4441846.00000000,1781204399999,141922.29322000,2315
1781204400000,0.03184000,0.03205000,0.03174000,0.03182000,2568592.00000000,1781207999999,81935.16536000,1873
1781208000000,0.03182000,0.03218000,0.03175000,0.03216000,2030476.00000000,1781211599999,64892.45497000,1248
1781211600000,0.03216000,0.03230000,0.03190000,0.03214000,1949398.00000000,1781215199999,62678.00487000,1082
1781215200000,0.03215000,0.03219000,0.03193000,0.03207000,1726551.00000000,1781218799999,55372.90647000,1125
1781218800000,0.03206000,0.03208000,0.03186000,0.03196000,2496811.00000000,1781222399999,79846.34161000,1035
1781222400000,0.03197000,0.03354000,0.03188000,0.03213000,9725213.00000000,1781225999999,317725.96918000,5403
1781226000000,0.03212000,0.03245000,0.03190000,0.03244000,2666888.00000000,1781229599999,85776.91380000,1818
1781229600000,0.03244000,0.03260000,0.03218000,0.03234000,2694073.00000000,1781233199999,87295.72235000,1692
1781233200000,0.03235000,0.03251000,0.03213000,0.03221000,3069930.00000000,1781236799999,99095.12885000,1396
1781236800000,0.03221000,0.03230000,0.03202000,0.03209000,2635075.00000000,1781240399999,84771.45185000,1190
1781240400000,0.03208000,0.03210000,0.03167000,0.03172000,3637502.00000000,1781243999999,116102.61457000,2009
1781244000000,0.03172000,0.03181000,0.03113000,0.03116000,3716703.00000000,1781247599999,116790.44275000,2269
1781247600000,0.03117000,0.03150000,0.03103000,0.03146000,2667627.00000000,1781251199999,83420.76725000,1696
1781251200000,0.03146000,0.03167000,0.03136000,0.03162000,2078865.00000000,1781254799999,65581.34373000,1139
1781254800000,0.03162000,0.03203000,0.03154000,0.03192000,2611851.00000000,1781258399999,82984.71330000,1255
1781258400000,0.03190000,0.03207000,0.03168000,0.03177000,2414798.00000000,1781261999999,76979.51790000,1279
1781262000000,0.03177000,0.03211000,0.03165000,0.03167000,1728994.00000000,1781265599999,55193.25032000,1158
1781265600000,0.03166000,0.03191000,0.03157000,0.03159000,2176605.00000000,1781269199999,69104.86538000,1484
1781269200000,0.03157000,0.03161000,0.03092000,0.03150000,4853081.00000000,1781272799999,151998.97973000,2975
1781272800000,0.03151000,0.03181000,0.03121000,0.03169000,4487635.00000000,1781276399999,141096.54589000,2789
1781276400000,0.03170000,0.03188000,0.03083000,0.03093000,6591749.00000000,1781279999999,207197.03283000,3179
1781280000000,0.03095000,0.03111000,0.03051000,0.03066000,4942323.00000000,1781283599999,152175.89728000,2590
1781283600000,0.03067000,0.03121000,0.03047000,0.03073000,5532376.00000000,1781287199999,170224.67714000,2986
1781287200000,0.03072000,0.03084000,0.03044000,0.03053000,3360538.00000000,1781290799999,102963.79845000,1755
1781290800000,0.03054000,0.03097000,0.03053000,0.03061000,2353628.00000000,1781294399999,72366.83633000,1462
1781294400000,0.03061000,0.03081000,0.03043000,0.03057000,1459144.00000000,1781297999999,44726.81584000,872
1781298000000,0.03057000,0.03070000,0.03035000,0.03045000,1515605.00000000,1781301599999,46286.81387000,838
1781301600000,0.03045000,0.03075000,0.03043000,0.03057000,1604747.00000000,1781305199999,49010.84433000,1062
1781305200000,0.03056000,0.03074000,0.03036000,0.03071000,2800037.00000000,1781308799999,85472.89285000,1675
1781308800000,0.03070000,0.03139000,0.03060000,0.03110000,4785036.00000000,1781312399999,148797.61490000,2290
1781312400000,0.03111000,0.03211000,0.03107000,0.03205000,8062800.00000000,1781315999999,254911.17824000,3205
1781316000000,0.03206000,0.03255000,0.03180000,0.03190000,9128200.00000000,1781319599999,294404.89713000,4171
1781319600000,0.03189000,0.03215000,0.03152000,0.03163000,4548410.00000000,1781323199999,144738.64218000,2675
1781323200000,0.03164000,0.03213000,0.03131000,0.03184000,4674765.00000000,1781326799999,147967.93259000,2474
1781326800000,0.03184000,0.03257000,0.03177000,0.03209000,6041930.00000000,1781330399999,194137.59210000,3315
1781330400000,0.03210000,0.03251000,0.03168000,0.03235000,4802176.00000000,1781333999999,154115.59767000,3077
1781334000000,0.03236000,0.03268000,0.03206000,0.03213000,6604598.00000000,1781337599999,213610.84702000,3435
1781337600000,0.03213000,0.03221000,0.03182000,0.03216000,3254355.00000000,1781341199999,104184.18491000,2062
1781341200000,0.03217000,0.03227000,0.03179000,0.03186000,3353232.00000000,1781344799999,107216.77746000,1729
1781344800000,0.03187000,0.03234000,0.03170000,0.03224000,5168087.00000000,1781348399999,165467.07274000,2107
1781348400000,0.03224000,0.03289000,0.03223000,0.03272000,5531699.00000000,1781351999999,180482.85695000,2891
1781352000000,0.03272000,0.03359000,0.03261000,0.03318000,12399907.00000000,1781355599999,411914.94315000,5683
1781355600000,0.03318000,0.03366000,0.03272000,0.03291000,8242997.00000000,1781359199999,273447.67020000,4583
1781359200000,0.03291000,0.03365000,0.03268000,0.03351000,4587152.00000000,1781362799999,152084.79006000,2870
1781362800000,0.03350000,0.03453000,0.03341000,0.03422000,10136741.00000000,1781366399999,343909.77823000,5757
1781366400000,0.03421000,0.03460000,0.03343000,0.03388000,14280864.00000000,1781369999999,485971.93989000,7456
1781370000000,0.03387000,0.03409000,0.03345000,0.03347000,5456201.00000000,1781373599999,184620.31120000,3668
1781373600000,0.03346000,0.03370000,0.03334000,0.03363000,3223272.00000000,1781377199999,108062.72022000,2030
1781377200000,0.03364000,0.03409000,0.03360000,0.03382000,4133909.00000000,1781380799999,139932.96654000,2227
1781380800000,0.03381000,0.03440000,0.03364000,0.03435000,3658357.00000000,1781384399999,124553.21697000,2143
1781384400000,0.03436000,0.03461000,0.03395000,0.03452000,3584569.00000000,1781387999999,122983.70667000,1666
1781388000000,0.03453000,0.03471000,0.03379000,0.03384000,5909413.00000000,1781391599999,202718.58265000,4182
1781391600000,0.03383000,0.03411000,0.03347000,0.03373000,5512134.00000000,1781395199999,186095.78555000,3486
1781395200000,0.03373000,0.03445000,0.03348000,0.03423000,8861829.00000000,1781398799999,301179.86310000,4941
1781398800000,0.03423000,0.03432000,0.03352000,0.03366000,6297931.00000000,1781402399999,212902.84773000,3748
1781402400000,0.03365000,0.03390000,0.03293000,0.03295000,6341875.00000000,1781405999999,211885.13845000,3193
1781406000000,0.03296000,0.03310000,0.03279000,0.03289000,4909660.00000000,1781409599999,161847.23220000,2374
1781409600000,0.03289000,0.03377000,0.03276000,0.03323000,6736233.00000000,1781413199999,224177.89777000,3683
1781413200000,0.03323000,0.03354000,0.03306000,0.03319000,6722623.00000000,1781416799999,224051.83785000,2941
1781416800000,0.03319000,0.03405000,0.03319000,0.03403000,7313589.00000000,1781420399999,246119.64625000,3959
1781420400000,0.03404000,0.03625000,0.03380000,0.03624000,17905389.00000000,1781423999999,631699.75934000,9853
1781424000000,0.03623000,0.03687000,0.03526000,0.03651000,23116516.00000000,1781427599999,833296.71907000,12404
1781427600000,0.03650000,0.03662000,0.03503000,0.03560000,21909929.00000000,1781431199999,785053.69273000,14028
1781431200000,0.03560000,0.03655000,0.03499000,0.03526000,14936496.00000000,1781434799999,536279.61589000,8596
1781434800000,0.03528000,0.03546000,0.03466000,0.03503000,6722091.00000000,1781438399999,235150.46742000,4533
1781438400000,0.03504000,0.03509000,0.03435000,0.03451000,7234269.00000000,1781441999999,251278.95616000,5180
1781442000000,0.03451000,0.03599000,0.03429000,0.03598000,11161162.00000000,1781445599999,391509.89467000,6761
1781445600000,0.03597000,0.03697000,0.03458000,0.03615000,35459781.00000000,1781449199999,1275424.46638000,15780
1781449200000,0.03614000,0.03693000,0.03513000,0.03689000,17806868.00000000,1781452799999,640476.39821000,12008
1781452800000,0.03688000,0.03698000,0.03549000,0.03572000,13807322.00000000,1781456399999,501394.56530000,8550
1781456400000,0.03572000,0.03687000,0.03565000,0.03587000,19560709.00000000,1781459999999,709724.66453000,8915
1781460000000,0.03588000,0.03669000,0.03550000,0.03560000,9394185.00000000,1781463599999,338535.73897000,6442
1781463600000,0.03559000,0.03570000,0.03493000,0.03496000,7053307.00000000,1781467199999,249011.60393000,4214
1781467200000,0.03495000,0.03661000,0.03494000,0.03649000,18094791.00000000,1781470799999,650012.17876000,5484
1781470800000,0.03651000,0.03713000,0.03602000,0.03697000,7497341.00000000,1781474399999,274268.91799000,3367
1781474400000,0.03697000,0.03717000,0.03628000,0.03643000,7965219.00000000,1781477999999,292492.77565000,4333
1781478000000,0.03644000,0.03775000,0.03622000,0.03710000,10479513.00000000,1781481599999,387507.04775000,5293
1781481600000,0.03709000,0.03764000,0.03657000,0.03717000,9410864.00000000,1781485199999,348733.52615000,5260
1781485200000,0.03717000,0.03895000,0.03690000,0.03884000,18938944.00000000,1781488799999,725987.29403000,10144
1781488800000,0.03885000,0.03959000,0.03768000,0.03896000,14328128.00000000,1781492399999,553179.63966000,9727
1781492400000,0.03897000,0.04049000,0.03872000,0.03909000,26081679.00000000,1781495999999,1034998.48650000,16182
1781496000000,0.03910000,0.04069000,0.03884000,0.03926000,32175345.00000000,1781499599999,1280745.81940000,14540
1781499600000,0.03926000,0.04218000,0.03863000,0.04207000,25650645.00000000,1781503199999,1037282.29649000,14974
1781503200000,0.04207000,0.04400000,0.04144000,0.04301000,62789045.00000000,1781506799999,2679287.12792000,42735
1781506800000,0.04302000,0.04378000,0.04176000,0.04331000,52460569.00000000,1781510399999,2248507.68372000,31062
1781510400000,0.04330000,0.04438000,0.04210000,0.04262000,45375709.00000000,1781513999999,1964241.87586000,24059
1781514000000,0.04263000,0.04300000,0.04062000,0.04137000,24932772.00000000,1781517599999,1043600.83257000,17478
1781517600000,0.04135000,0.04161000,0.04028000,0.04080000,12392841.00000000,1781521199999,506940.95280000,10787
1781521200000,0.04079000,0.04130000,0.03938000,0.03947000,11894565.00000000,1781524799999,479815.66520000,8764
1781524800000,0.03947000,0.04039000,0.03934000,0.03961000,15887738.00000000,1781528399999,632057.36434000,10947
1781528400000,0.03960000,0.04111000,0.03944000,0.04057000,26968964.00000000,1781531999999,1087225.14642000,15322
1781532000000,0.04057000,0.04174000,0.04017000,0.04130000,26534270.00000000,1781535599999,1085252.56368000,13304
1781535600000,0.04129000,0.04130000,0.03995000,0.04012000,13790178.00000000,1781539199999,559499.55954000,7662
1781539200000,0.04011000,0.04075000,0.03990000,0.04042000,8201009.00000000,1781542799999,330906.38875000,4908
1781542800000,0.04041000,0.04157000,0.04030000,0.04092000,9747656.00000000,1781546399999,399690.51085000,6510
1781546400000,0.04093000,0.04202000,0.03844000,0.03859000,29963066.00000000,1781549999999,1221813.79382000,13850
1781550000000,0.03859000,0.03864000,0.03658000,0.03681000,25094317.00000000,1781553599999,935456.17254000,13110
1781553600000,0.03682000,0.03782000,0.03673000,0.03763000,7838347.00000000,1781557199999,293220.60171000,4085
1781557200000,0.03763000,0.03775000,0.03689000,0.03700000,3763362.00000000,1781560799999,140412.34169000,1409
1781560800000,0.03701000,0.03733000,0.03634000,0.03650000,6067779.00000000,1781564399999,222628.80942000,3323
1781564400000,0.03649000,0.03683000,0.03643000,0.03672000,5094618.00000000,1781567999999,186414.09330000,2364
1781568000000,0.03671000,0.03686000,0.03585000,0.03597000,11059189.00000000,1781571599999,400430.81179000,4193
1781571600000,0.03597000,0.03619000,0.03555000,0.03562000,7702633.00000000,1781575199999,275770.76958000,3178
1781575200000,0.03563000,0.03586000,0.03511000,0.03553000,4775725.00000000,1781578799999,169274.39770000,3113
1781578800000,0.03554000,0.03660000,0.03513000,0.03660000,9469974.00000000,1781582399999,340725.34727000,3827
1781582400000,0.03661000,0.03666000,0.03554000,0.03610000,16995943.00000000,1781585999999,610506.83632000,5406
1781586000000,0.03609000,0.03687000,0.03575000,0.03579000,8601387.00000000,1781589599999,312018.74549000,3931
1781589600000,0.03580000,0.03711000,0.03571000,0.03688000,20034976.00000000,1781593199999,733924.87527000,5723
1781593200000,0.03688000,0.03732000,0.03654000,0.03716000,16003559.00000000,1781596799999,591077.21917000,5147
1781596800000,0.03717000,0.03758000,0.03655000,0.03697000,28352861.00000000,1781600399999,1051283.42459000,8462
1781600400000,0.03698000,0.03831000,0.03657000,0.03750000,7733824.00000000,1781603999999,288698.21008000,4486
1781604000000,0.03749000,0.03828000,0.03732000,0.03797000,7772930.00000000,1781607599999,294152.12167000,4386
1781607600000,0.03797000,0.03797000,0.03713000,0.03737000,7597971.00000000,1781611199999,284874.00625000,3368
1781611200000,0.03737000,0.03806000,0.03731000,0.03753000,7328992.00000000,1781614799999,275763.19077000,2950
1781614800000,0.03753000,0.03754000,0.03632000,0.03661000,20189628.00000000,1781618399999,741600.30814000,6223
1781618400000,0.03662000,0.03694000,0.03577000,0.03612000,15081617.00000000,1781621999999,549741.63679000,5045
1781622000000,0.03612000,0.03650000,0.03575000,0.03575000,3263796.00000000,1781625599999,117688.27752000,1649
1781625600000,0.03575000,0.03596000,0.03532000,0.03556000,4687386.00000000,1781629199999,166847.72873000,1826
1781629200000,0.03557000,0.03710000,0.03546000,0.03658000,19220285.00000000,1781632799999,700990.67972000,4056
1781632800000,0.03660000,0.03732000,0.03614000,0.03681000,24620318.00000000,1781636399999,904255.05083000,5676
1781636400000,0.03681000,0.03681000,0.03597000,0.03611000,4193590.00000000,1781639999999,152605.64152000,1874
1781640000000,0.03611000,0.03640000,0.03603000,0.03630000,3131507.00000000,1781643599999,113337.15677000,1170
1781643600000,0.03629000,0.03631000,0.03598000,0.03600000,2908194.00000000,1781647199999,105198.84208000,617
1781647200000,0.03600000,0.03624000,0.03579000,0.03589000,2462333.00000000,1781650799999,88621.67839000,1254
1781650800000,0.03590000,0.03604000,0.03572000,0.03578000,1711729.00000000,1781654399999,61399.57231000,1169
1781654400000,0.03579000,0.03707000,0.03562000,0.03615000,16041655.00000000,1781657999999,584258.36077000,8285
1781658000000,0.03617000,0.03672000,0.03609000,0.03633000,2883845.00000000,1781661599999,104790.80200000,2268
1781661600000,0.03633000,0.03681000,0.03619000,0.03666000,4032900.00000000,1781665199999,147300.76109000,2017
1781665200000,0.03665000,0.03665000,0.03549000,0.03562000,2423105.00000000,1781668799999,86950.46282000,1570
1781668800000,0.03563000,0.03571000,0.03522000,0.03534000,3035612.00000000,1781672399999,107622.14178000,1591
1781672400000,0.03533000,0.03541000,0.03400000,0.03426000,12670332.00000000,1781675999999,437572.87084000,5331
1781676000000,0.03425000,0.03527000,0.03419000,0.03447000,14044603.00000000,1781679599999,488306.02900000,3093
1781679600000,0.03447000,0.03481000,0.03434000,0.03466000,3429739.00000000,1781683199999,118481.76008000,2450
1781683200000,0.03467000,0.03478000,0.03409000,0.03432000,3544813.00000000,1781686799999,121558.16162000,2225
1781686800000,0.03433000,0.03494000,0.03432000,0.03467000,2883408.00000000,1781690399999,99701.88840000,1383
1781690400000,0.03469000,0.03495000,0.03459000,0.03473000,2068663.00000000,1781693999999,71976.46801000,1146
1781694000000,0.03475000,0.03482000,0.03448000,0.03451000,1885560.00000000,1781697599999,65283.13629000,1358
1781697600000,0.03451000,0.03495000,0.03423000,0.03495000,2214090.00000000,1781701199999,76582.28308000,1616
1781701200000,0.03494000,0.03494000,0.03453000,0.03463000,1968870.00000000,1781704799999,68474.78447000,1134
1781704800000,0.03460000,0.03489000,0.03426000,0.03477000,4237967.00000000,1781708399999,146626.31242000,1509
1781708400000,0.03477000,0.03485000,0.03444000,0.03473000,3598704.00000000,1781711999999,124496.69047000,740
1781712000000,0.03477000,0.03507000,0.03456000,0.03471000,2061903.00000000,1781715599999,71686.75370000,787
1781715600000,0.03472000,0.03492000,0.03451000,0.03486000,1648572.00000000,1781719199999,57309.61579000,706
1781719200000,0.03486000,0.03486000,0.03349000,0.03377000,9153838.00000000,1781722799999,310627.55680000,3016
1781722800000,0.03379000,0.03497000,0.03317000,0.03341000,15098865.00000000,1781726399999,513949.49412000,3044
1781726400000,0.03336000,0.03406000,0.03332000,0.03365000,7828657.00000000,1781729999999,263796.17418000,1202
1781730000000,0.03365000,0.03390000,0.03350000,0.03368000,1151675.00000000,1781733599999,38773.78752000,333
1781733600000,0.03366000,0.03397000,0.03331000,0.03379000,1640810.00000000,1781737199999,55236.79394000,453
1781737200000,0.03380000,0.03422000,0.03379000,0.03411000,1305833.00000000,1781740799999,44442.40000000,466
1781740800000,0.03412000,0.03468000,0.03404000,0.03446000,3506801.00000000,1781744399999,120802.89830000,1744
1781744400000,0.03446000,0.03453000,0.03409000,0.03417000,3022428.00000000,1781747999999,103824.87743000,1356
1781748000000,0.03418000,0.03460000,0.03397000,0.03448000,2315030.00000000,1781751599999,79337.57399000,1280
1781751600000,0.03447000,0.03456000,0.03404000,0.03437000,2320444.00000000,1781755199999,79570.48760000,1400
1781755200000,0.03439000,0.03441000,0.03382000,0.03422000,2854749.00000000,1781758799999,97354.11422000,1488
1781758800000,0.03420000,0.03496000,0.03405000,0.03491000,2929781.00000000,1781762399999,100913.10076000,1140
1781762400000,0.03490000,0.03627000,0.03475000,0.03582000,12561602.00000000,1781765999999,448335.23988000,2716
1781766000000,0.03579000,0.03688000,0.03566000,0.03601000,8126411.00000000,1781769599999,294613.46976000,1733
1781769600000,0.03601000,0.03764000,0.03579000,0.03709000,10059595.00000000,1781773199999,372461.44760000,3270
1781773200000,0.03716000,0.03788000,0.03701000,0.03733000,9787632.00000000,1781776799999,367231.69684000,2597
1781776800000,0.03733000,0.03740000,0.03639000,0.03677000,8169480.00000000,1781780399999,300595.12335000,1853
1781780400000,0.03674000,0.03704000,0.03600000,0.03620000,4694928.00000000,1781783999999,171001.31447000,1609
1781784000000,0.03619000,0.03653000,0.03587000,0.03648000,3940192.00000000,1781787599999,142383.59794000,1290
1781787600000,0.03647000,0.03661000,0.03551000,0.03586000,4223337.00000000,1781791199999,152567.73300000,1150
1781791200000,0.03586000,0.03635000,0.03556000,0.03610000,3421815.00000000,1781794799999,123226.21817000,954
1781794800000,0.03608000,0.03632000,0.03429000,0.03443000,8817464.00000000,1781798399999,312607.61722000,2245
1781798400000,0.03436000,0.03529000,0.03434000,0.03512000,3326151.00000000,1781801999999,115707.30690000,1128
1781802000000,0.03509000,0.03558000,0.03474000,0.03515000,4031350.00000000,1781805599999,141734.81437000,1576
1781805600000,0.03515000,0.03542000,0.03473000,0.03514000,4270608.00000000,1781809199999,149944.07668000,1081
1781809200000,0.03514000,0.03562000,0.03493000,0.03531000,2334703.00000000,1781812799999,82387.23600000,778
1781812800000,0.03530000,0.03715000,0.03520000,0.03704000,14968218.00000000,1781816399999,540444.86696000,2394
1781816400000,0.03704000,0.03713000,0.03620000,0.03636000,4832020.00000000,1781819999999,176476.01786000,951
1781820000000,0.03637000,0.03684000,0.03597000,0.03676000,1930012.00000000,1781823599999,70037.43155000,579
1781823600000,0.03673000,0.03673000,0.03599000,0.03641000,3233076.00000000,1781827199999,117489.78691000,959
1781827200000,0.03641000,0.03731000,0.03608000,0.03731000,4273627.00000000,1781830799999,156674.63623000,1762
1781830800000,0.03730000,0.03875000,0.03694000,0.03870000,8360381.00000000,1781834399999,315557.61173000,2784
1781834400000,0.03871000,0.03937000,0.03811000,0.03845000,10581440.00000000,1781837999999,410577.20775000,3100
1781838000000,0.03848000,0.03863000,0.03728000,0.03799000,19956868.00000000,1781841599999,758187.44921000,6482
1781841600000,0.03800000,0.03804000,0.03561000,0.03581000,11305156.00000000,1781845199999,414279.78268000,3960
1781845200000,0.03579000,0.03592000,0.03528000,0.03557000,8390473.00000000,1781848799999,298324.40266000,2458
1781848800000,0.03557000,0.03590000,0.03541000,0.03556000,5181733.00000000,1781852399999,184755.64575000,2237
1781852400000,0.03555000,0.03563000,0.03458000,0.03478000,4886993.00000000,1781855999999,170814.27732000,2095
1781856000000,0.03481000,0.03593000,0.03478000,0.03526000,13606040.00000000,1781859599999,479040.26278000,2678
1781859600000,0.03530000,0.03531000,0.03471000,0.03494000,2960939.00000000,1781863199999,103866.34000000,1078
1781863200000,0.03493000,0.03493000,0.03377000,0.03403000,6430996.00000000,1781866799999,219721.67221000,1926
1781866800000,0.03403000,0.03410000,0.03381000,0.03384000,5314518.00000000,1781870399999,180381.04945000,1881
1781870400000,0.03386000,0.03450000,0.03342000,0.03413000,20448554.00000000,1781873999999,694591.93081000,4055
1781874000000,0.03414000,0.03485000,0.03396000,0.03469000,6652231.00000000,1781877599999,229281.39810000,1956
1781877600000,0.03471000,0.03495000,0.03441000,0.03453000,3583412.00000000,1781881199999,124477.16316000,1148
1781881200000,0.03456000,0.03504000,0.03444000,0.03476000,3195641.00000000,1781884799999,111087.95194000,1025
1781884800000,0.03476000,0.03481000,0.03406000,0.03435000,3257533.00000000,1781888399999,112223.08574000,1107
1781888400000,0.03434000,0.03465000,0.03405000,0.03460000,1176895.00000000,1781891999999,40417.38941000,528
1781892000000,0.03461000,0.03470000,0.03443000,0.03470000,896699.00000000,1781895599999,31006.12527000,398
1781895600000,0.03470000,0.03471000,0.03425000,0.03439000,611755.00000000,1781899199999,21078.07431000,286
1781899200000,0.03441000,0.03454000,0.03418000,0.03439000,836444.00000000,1781902799999,28743.36911000,678
1781902800000,0.03438000,0.03447000,0.03407000,0.03421000,1031800.00000000,1781906399999,35366.34534000,513
1781906400000,0.03420000,0.03445000,0.03408000,0.03431000,1247513.00000000,1781909999999,42770.34688000,511
1781910000000,0.03434000,0.03446000,0.03414000,0.03424000,2549519.00000000,1781913599999,87422.18264000,599
1781913600000,0.03426000,0.03473000,0.03374000,0.03390000,4178588.00000000,1781917199999,143263.51367000,1156
1781917200000,0.03388000,0.03390000,0.03327000,0.03350000,4596267.00000000,1781920799999,154365.95726000,1570
1781920800000,0.03348000,0.03353000,0.03287000,0.03289000,5157027.00000000,1781924399999,171322.71960000,1403
1781924400000,0.03288000,0.03375000,0.03275000,0.03336000,7892154.00000000,1781927999999,262700.04718000,1391
1781928000000,0.03337000,0.03403000,0.03320000,0.03354000,8783192.00000000,1781931599999,295209.24755000,1760
1781931600000,0.03355000,0.03375000,0.03326000,0.03351000,3163742.00000000,1781935199999,105904.85067000,941
1781935200000,0.03349000,0.03371000,0.03324000,0.03337000,9470867.00000000,1781938799999,316827.14673000,1595
1781938800000,0.03336000,0.03340000,0.03291000,0.03297000,2569418.00000000,1781942399999,85005.04375000,863
1781942400000,0.03296000,0.03360000,0.03288000,0.03304000,9612273.00000000,1781945999999,319440.02158000,2051
1781946000000,0.03304000,0.03321000,0.03300000,0.03317000,720349.00000000,1781949599999,23853.01393000,244
1781949600000,0.03314000,0.03324000,0.03266000,0.03270000,6042083.00000000,1781953199999,199444.68591000,1253
1781953200000,0.03272000,0.03292000,0.03237000,0.03277000,3157513.00000000,1781956799999,102739.41928000,1238
1781956800000,0.03279000,0.03291000,0.03233000,0.03243000,4721602.00000000,1781960399999,153721.07804000,1146
1781960400000,0.03245000,0.03266000,0.03215000,0.03247000,2956590.00000000,1781963999999,95892.52065000,1077
1781964000000,0.03246000,0.03299000,0.03228000,0.03292000,2870002.00000000,1781967599999,93621.20983000,958
1781967600000,0.03291000,0.03425000,0.03281000,0.03408000,7109067.00000000,1781971199999,239063.27988000,1686
1781971200000,0.03410000,0.03512000,0.03387000,0.03475000,14666334.00000000,1781974799999,507640.71194000,3715
1781974800000,0.03474000,0.03535000,0.03437000,0.03520000,4475236.00000000,1781978399999,155752.05660000,1097
1781978400000,0.03522000,0.03637000,0.03515000,0.03608000,5176719.00000000,1781981999999,184893.09020000,1632
1781982000000,0.03608000,0.03637000,0.03520000,0.03631000,5603955.00000000,1781985599999,200727.26718000,1771
1781985600000,0.03627000,0.03627000,0.03577000,0.03589000,4827787.00000000,1781989199999,173892.74315000,1602
1781989200000,0.03589000,0.03600000,0.03528000,0.03544000,1771412.00000000,1781992799999,63021.35084000,719
1781992800000,0.03541000,0.03584000,0.03524000,0.03549000,2175674.00000000,1781996399999,77183.43772000,726
1781996400000,0.03548000,0.03591000,0.03518000,0.03523000,1776629.00000000,1781999999999,63078.51125000,762
1782000000000,0.03520000,0.03555000,0.03494000,0.03506000,3131791.00000000,1782003599999,110227.15529000,1380
1782003600000,0.03507000,0.03618000,0.03506000,0.03606000,4300367.00000000,1782007199999,153797.79856000,1659
1782007200000,0.03607000,0.03812000,0.03606000,0.03751000,11627456.00000000,1782010799999,433245.83156000,3320
1782010800000,0.03748000,0.03872000,0.03691000,0.03704000,18777656.00000000,1782014399999,710799.89935000,4941
1782014400000,0.03704000,0.03734000,0.03641000,0.03723000,8186146.00000000,1782017999999,302051.19401000,2979
1782018000000,0.03724000,0.03825000,0.03691000,0.03749000,10206357.00000000,1782021599999,383641.30713000,3138
1782021600000,0.03743000,0.03820000,0.03655000,0.03732000,11908649.00000000,1782025199999,446463.52005000,2969
1782025200000,0.03733000,0.03881000,0.03685000,0.03839000,15042788.00000000,1782028799999,569242.86438000,4019
1782028800000,0.03841000,0.03860000,0.03738000,0.03791000,17271887.00000000,1782032399999,657195.13957000,5933
1782032400000,0.03791000,0.03796000,0.03701000,0.03741000,6502875.00000000,1782035999999,243656.18243000,1943
1782036000000,0.03741000,0.03756000,0.03672000,0.03679000,7185648.00000000,1782039599999,267509.72518000,1817
1782039600000,0.03677000,0.03703000,0.03492000,0.03578000,19433707.00000000,1782043199999,698320.55514000,6455
1782043200000,0.03575000,0.03578000,0.03502000,0.03550000,7400063.00000000,1782046799999,260947.70579000,2725
1782046800000,0.03549000,0.03555000,0.03517000,0.03520000,2675090.00000000,1782050399999,94591.56506000,1522
1782050400000,0.03520000,0.03537000,0.03502000,0.03511000,6219994.00000000,1782053999999,218583.91793000,1490
1782054000000,0.03512000,0.03636000,0.03512000,0.03576000,15253602.00000000,1782057599999,548096.36063000,3679
1782057600000,0.03572000,0.03595000,0.03534000,0.03563000,5151474.00000000,1782061199999,183607.27071000,2181
1782061200000,0.03562000,0.03579000,0.03527000,0.03544000,2782605.00000000,1782064799999,98991.01244000,1359
1782064800000,0.03543000,0.03555000,0.03532000,0.03547000,2114207.00000000,1782068399999,74878.74489000,830
1782068400000,0.03548000,0.03567000,0.03528000,0.03534000,1006005.00000000,1782071999999,35660.44302000,614
1782072000000,0.03535000,0.03540000,0.03509000,0.03527000,646423.00000000,1782075599999,22752.54933000,525
1782075600000,0.03527000,0.03535000,0.03427000,0.03452000,4755748.00000000,1782079199999,164903.27465000,1827
1782079200000,0.03449000,0.03469000,0.03433000,0.03463000,1502898.00000000,1782082799999,51826.93386000,833
1782082800000,0.03462000,0.03476000,0.03368000,0.03411000,11632075.00000000,1782086399999,397280.76377000,2917
1782086400000,0.03409000,0.03467000,0.03408000,0.03454000,2379904.00000000,1782089999999,81874.13874000,1087
1782090000000,0.03452000,0.03560000,0.03451000,0.03551000,3278692.00000000,1782093599999,115181.52749000,1875
1782093600000,0.03551000,0.03627000,0.03545000,0.03567000,4940842.00000000,1782097199999,176987.44173000,2407
1782097200000,0.03566000,0.03615000,0.03513000,0.03518000,4998957.00000000,1782100799999,178061.14287000,2299
1782100800000,0.03517000,0.03577000,0.03512000,0.03561000,2604046.00000000,1782104399999,92183.63086000,1783
1782104400000,0.03561000,0.03577000,0.03522000,0.03543000,4290669.00000000,1782107999999,152053.55212000,1706
1782108000000,0.03541000,0.03541000,0.03489000,0.03497000,1651281.00000000,1782111599999,57940.01363000,1042
1782111600000,0.03498000,0.03530000,0.03484000,0.03510000,1875586.00000000,1782115199999,65763.77360000,1078
1782115200000,0.03509000,0.03566000,0.03506000,0.03554000,6175029.00000000,1782118799999,218429.23250000,1970
1782118800000,0.03554000,0.03580000,0.03527000,0.03578000,1807191.00000000,1782122399999,64151.86165000,1218
1782122400000,0.03577000,0.03610000,0.03568000,0.03580000,2326285.00000000,1782125999999,83389.04181000,1407
1782126000000,0.03582000,0.03690000,0.03571000,0.03622000,8112133.00000000,1782129599999,294093.60925000,4221
1782129600000,0.03622000,0.03623000,0.03568000,0.03579000,4652363.00000000,1782133199999,167108.54696000,1959
1782133200000,0.03579000,0.03651000,0.03570000,0.03613000,5469637.00000000,1782136799999,197427.94015000,2968
1782136800000,0.03614000,0.03614000,0.03533000,0.03535000,5144963.00000000,1782140399999,183395.48845000,2324
1782140400000,0.03537000,0.03587000,0.03529000,0.03541000,3427623.00000000,1782143999999,121820.91232000,1914
1782144000000,0.03538000,0.03554000,0.03481000,0.03528000,5937542.00000000,1782147599999,209203.57281000,2555
1782147600000,0.03526000,0.03534000,0.03466000,0.03483000,5839994.00000000,1782151199999,204475.72320000,1813
1782151200000,0.03483000,0.03506000,0.03442000,0.03447000,4142384.00000000,1782154799999,144245.47556000,2002
1782154800000,0.03448000,0.03471000,0.03425000,0.03440000,1320575.00000000,1782158399999,45472.55019000,912
1782158400000,0.03439000,0.03468000,0.03438000,0.03458000,890454.00000000,1782161999999,30777.59450000,621
1782162000000,0.03459000,0.03475000,0.03423000,0.03434000,1982496.00000000,1782165599999,68440.27575000,1037
1782165600000,0.03435000,0.03457000,0.03365000,0.03400000,4171290.00000000,1782169199999,141976.69959000,2885
1782169200000,0.03399000,0.03408000,0.03376000,0.03404000,1202491.00000000,1782172799999,40788.61770000,1449
1782172800000,0.03404000,0.03494000,0.03345000,0.03491000,6188468.00000000,1782176399999,210820.68737000,3586
1782176400000,0.03491000,0.03531000,0.03454000,0.03490000,4922438.00000000,1782179999999,172014.21738000,3460
1782180000000,0.03488000,0.03489000,0.03388000,0.03421000,3851133.00000000,1782183599999,131612.28672000,2646
1782183600000,0.03422000,0.03433000,0.03382000,0.03427000,2625687.00000000,1782187199999,89344.14709000,2096
1782187200000,0.03426000,0.03444000,0.03390000,0.03391000,1956159.00000000,1782190799999,66822.73858000,1712
1782190800000,0.03392000,0.03408000,0.03370000,0.03378000,2627093.00000000,1782194399999,88998.34662000,1914
1782194400000,0.03378000,0.03385000,0.03254000,0.03322000,6234763.00000000,1782197999999,206704.35406000,4607
1782198000000,0.03320000,0.03338000,0.03283000,0.03290000,2739815.00000000,1782201599999,90653.45463000,1748
1782201600000,0.03291000,0.03318000,0.03178000,0.03209000,7155686.00000000,1782205199999,231444.73713000,5160
1782205200000,0.03210000,0.03257000,0.03210000,0.03243000,2069268.00000000,1782208799999,67055.51037000,1609
1782208800000,0.03245000,0.03275000,0.03245000,0.03265000,1857470.00000000,1782212399999,60571.11794000,1420
1782212400000,0.03265000,0.03304000,0.03263000,0.03278000,2266300.00000000,1782215999999,74310.61098000,1518
1782216000000,0.03278000,0.03285000,0.03244000,0.03254000,1436541.00000000,1782219599999,46950.27804000,1113
1782219600000,0.03253000,0.03297000,0.03210000,0.03285000,3527859.00000000,1782223199999,114787.64229000,2852
1782223200000,0.03286000,0.03324000,0.03281000,0.03289000,3851506.00000000,1782226799999,127359.41219000,2664
1782226800000,0.03289000,0.03313000,0.03269000,0.03304000,1480851.00000000,1782230399999,48746.23335000,1358
1782230400000,0.03303000,0.03351000,0.03285000,0.03344000,1535239.00000000,1782233999999,50915.66232000,1586
1782234000000,0.03344000,0.03378000,0.03293000,0.03297000,1328599.00000000,1782237599999,44362.25868000,1338
1782237600000,0.03298000,0.03307000,0.03273000,0.03296000,1936731.00000000,1782241199999,63662.89552000,1124
1782241200000,0.03296000,0.03368000,0.03291000,0.03364000,1454636.00000000,1782244799999,48652.81769000,1499
1782244800000,0.03363000,0.03376000,0.03334000,0.03349000,1796186.00000000,1782248399999,60235.17099000,1498
1782248400000,0.03350000,0.03364000,0.03327000,0.03332000,834994.00000000,1782251999999,27952.75406000,719
1782252000000,0.03332000,0.03341000,0.03309000,0.03316000,348601.00000000,1782255599999,11592.36951000,306
1782255600000,0.03316000,0.03316000,0.03290000,0.03299000,494402.00000000,1782259199999,16341.50335000,406
1782259200000,0.03299000,0.03335000,0.03289000,0.03289000,1232051.00000000,1782262799999,40742.75091000,999
1782262800000,0.03289000,0.03293000,0.03254000,0.03266000,3564588.00000000,1782266399999,116646.79076000,1826
1782266400000,0.03267000,0.03268000,0.03217000,0.03219000,2183668.00000000,1782269999999,70619.63710000,1309
1782270000000,0.03219000,0.03244000,0.03209000,0.03212000,3970740.00000000,1782273599999,128237.55498000,1113
1782273600000,0.03211000,0.03233000,0.03181000,0.03233000,1963561.00000000,1782277199999,62945.33817000,1023
1782277200000,0.03231000,0.03292000,0.03227000,0.03249000,3197278.00000000,1782280799999,104269.47650000,1345
1782280800000,0.03248000,0.03248000,0.03217000,0.03222000,2572526.00000000,1782284399999,83100.91947000,906
1782284400000,0.03221000,0.03293000,0.03210000,0.03233000,3534155.00000000,1782287999999,114376.79688000,1463
1782288000000,0.03233000,0.03279000,0.03210000,0.03216000,5520155.00000000,1782291599999,178472.70223000,2686
1782291600000,0.03216000,0.03222000,0.03200000,0.03205000,1616141.00000000,1782295199999,51870.58788000,726
1782295200000,0.03204000,0.03208000,0.03154000,0.03158000,2078135.00000000,1782298799999,66111.90378000,984
1782298800000,0.03158000,0.03159000,0.03100000,0.03136000,4373637.00000000,1782302399999,136581.46690000,1789
1782302400000,0.03138000,0.03146000,0.03091000,0.03097000,3172337.00000000,1782305999999,98823.51290000,598
1782306000000,0.03098000,0.03116000,0.03050000,0.03078000,10097202.00000000,1782309599999,310794.75492000,2340
1782309600000,0.03075000,0.03145000,0.03065000,0.03089000,6023897.00000000,1782313199999,186259.40627000,2128
1782313200000,0.03091000,0.03142000,0.02991000,0.03009000,6313094.00000000,1782316799999,193674.01393000,2635
1782316800000,0.03005000,0.03045000,0.02876000,0.02938000,6705492.00000000,1782320399999,198441.53522000,3210
1782320400000,0.02939000,0.02958000,0.02884000,0.02902000,3973052.00000000,1782323999999,115932.27671000,2335
1782324000000,0.02907000,0.02981000,0.02896000,0.02966000,3158812.00000000,1782327599999,92916.31736000,1125
1782327600000,0.02969000,0.03002000,0.02948000,0.02992000,1914564.00000000,1782331199999,56979.94890000,720
1782331200000,0.02991000,0.03045000,0.02986000,0.03033000,2103270.00000000,1782334799999,63666.86229000,954
1782334800000,0.03033000,0.03071000,0.03017000,0.03071000,1004134.00000000,1782338399999,30539.99858000,455
1782338400000,0.03070000,0.03125000,0.03055000,0.03094000,2513976.00000000,1782341999999,77450.15606000,804
1782342000000,0.03096000,0.03115000,0.03079000,0.03103000,1544314.00000000,1782345599999,47784.08828000,506
1782345600000,0.03102000,0.03124000,0.03073000,0.03079000,1984925.00000000,1782349199999,61351.04142000,764
1782349200000,0.03079000,0.03137000,0.03070000,0.03090000,2877545.00000000,1782352799999,89054.02275000,1111
1782352800000,0.03089000,0.03115000,0.03087000,0.03115000,602864.00000000,1782356399999,18698.51209000,220
1782356400000,0.03117000,0.03176000,0.03111000,0.03167000,1460591.00000000,1782359999999,45983.10083000,523
1782360000000,0.03167000,0.03202000,0.03132000,0.03133000,2679152.00000000,1782363599999,84989.29969000,983
1782363600000,0.03133000,0.03192000,0.03133000,0.03144000,1335898.00000000,1782367199999,42285.43415000,648
1782367200000,0.03142000,0.03152000,0.03106000,0.03120000,976677.00000000,1782370799999,30575.57230000,390
1782370800000,0.03121000,0.03128000,0.03098000,0.03114000,1056991.00000000,1782374399999,32853.57680000,368
1782374400000,0.03110000,0.03113000,0.03043000,0.03056000,8846293.00000000,1782377999999,271133.93287000,1782
1782378000000,0.03057000,0.03124000,0.03048000,0.03083000,2380687.00000000,1782381599999,73375.24367000,1038
1782381600000,0.03083000,0.03083000,0.03045000,0.03052000,1119470.00000000,1782385199999,34271.76636000,537
1782385200000,0.03054000,0.03056000,0.03018000,0.03030000,1145858.00000000,1782388799999,34767.56190000,600
1782388800000,0.03031000,0.03064000,0.03008000,0.03027000,2633735.00000000,1782392399999,79827.24446000,634
1782392400000,0.03031000,0.03034000,0.02752000,0.02767000,13386936.00000000,1782395999999,385848.85394000,3143
1782396000000,0.02767000,0.02897000,0.02767000,0.02869000,7633974.00000000,1782399599999,216632.26530000,3357
1782399600000,0.02870000,0.02894000,0.02838000,0.02885000,2693514.00000000,1782403199999,77312.81430000,868
1782403200000,0.02886000,0.02905000,0.02810000,0.02829000,3840341.00000000,1782406799999,109632.95034000,1047
1782406800000,0.02827000,0.02905000,0.02822000,0.02896000,3225518.00000000,1782410399999,92511.99576000,1013
1782410400000,0.02895000,0.02907000,0.02831000,0.02843000,3157242.00000000,1782413999999,90314.31215000,931
1782414000000,0.02852000,0.02880000,0.02820000,0.02837000,2069478.00000000,1782417599999,58799.05611000,567
1782417600000,0.02840000,0.02909000,0.02840000,0.02902000,3112544.00000000,1782421199999,89271.23469000,660
1782421200000,0.02903000,0.03011000,0.02890000,0.03001000,5005247.00000000,1782424799999,146817.08772000,652
1782424800000,0.03000000,0.03007000,0.02957000,0.02986000,2651232.00000000,1782428399999,79083.95042000,606
1782428400000,0.02988000,0.03028000,0.02984000,0.03001000,2013998.00000000,1782431999999,60496.80393000,515
1782432000000,0.03002000,0.03023000,0.02987000,0.02990000,1989200.00000000,1782435599999,59727.72338000,498
1782435600000,0.02988000,0.02992000,0.02924000,0.02941000,4993775.00000000,1782439199999,147089.48525000,1101
1782439200000,0.02940000,0.02940000,0.02837000,0.02853000,5378716.00000000,1782442799999,154415.44675000,2064
1782442800000,0.02855000,0.02973000,0.02832000,0.02971000,3354368.00000000,1782446399999,97520.44218000,1178
1782446400000,0.02969000,0.02969000,0.02905000,0.02907000,1632821.00000000,1782449999999,47945.82060000,574
1782450000000,0.02910000,0.02936000,0.02905000,0.02916000,889070.00000000,1782453599999,25966.31880000,355
1782453600000,0.02911000,0.02958000,0.02896000,0.02933000,3270780.00000000,1782457199999,95823.19637000,697
1782457200000,0.02933000,0.02965000,0.02916000,0.02923000,2536328.00000000,1782460799999,74530.23840000,770
1782460800000,0.02924000,0.02950000,0.02882000,0.02895000,5374653.00000000,1782464399999,156194.55396000,1550
1782464400000,0.02896000,0.02916000,0.02858000,0.02861000,1574323.00000000,1782467999999,45511.76117000,617
1782468000000,0.02863000,0.02890000,0.02834000,0.02843000,2141451.00000000,1782471599999,61278.03494000,773
1782471600000,0.02842000,0.02852000,0.02830000,0.02843000,1308435.00000000,1782475199999,37178.53373000,429
1782475200000,0.02844000,0.02866000,0.02803000,0.02810000,2025235.00000000,1782478799999,57349.46482000,573
1782478800000,0.02813000,0.02895000,0.02784000,0.02890000,3604957.00000000,1782482399999,102179.40770000,1406
1782482400000,0.02888000,0.02903000,0.02862000,0.02888000,2085489.00000000,1782485999999,60104.28787000,829
1782486000000,0.02888000,0.03028000,0.02877000,0.02978000,13564417.00000000,1782489599999,403627.67458000,3491
1782489600000,0.02980000,0.03042000,0.02854000,0.02998000,10044742.00000000,1782493199999,299751.30918000,2445
1782493200000,0.02997000,0.03023000,0.02967000,0.02974000,3204300.00000000,1782496799999,95944.93573000,962
1782496800000,0.02972000,0.02984000,0.02927000,0.02932000,3899586.00000000,1782500399999,114578.28829000,575
1782500400000,0.02936000,0.02986000,0.02919000,0.02921000,1887139.00000000,1782503999999,55655.37450000,775
1782504000000,0.02922000,0.02961000,0.02920000,0.02926000,1859233.00000000,1782507599999,54622.19967000,780
1782507600000,0.02926000,0.02943000,0.02908000,0.02908000,1081324.00000000,1782511199999,31549.34289000,348
1782511200000,0.02904000,0.02923000,0.02880000,0.02911000,1813686.00000000,1782514799999,52475.15896000,553
1782514800000,0.02911000,0.02923000,0.02896000,0.02907000,1325674.00000000,1782518399999,38571.69970000,491
1782518400000,0.02908000,0.02960000,0.02888000,0.02934000,2771758.00000000,1782521999999,80891.17908000,881
1782522000000,0.02935000,0.02965000,0.02922000,0.02958000,3011045.00000000,1782525599999,88758.31815000,943
1782525600000,0.02956000,0.02994000,0.02956000,0.02965000,2408575.00000000,1782529199999,71744.44597000,784
1782529200000,0.02960000,0.02962000,0.02913000,0.02918000,1048515.00000000,1782532799999,30779.21312000,425
1782532800000,0.02919000,0.02937000,0.02900000,0.02900000,935743.00000000,1782536399999,27312.78829000,376
1782536400000,0.02899000,0.02909000,0.02886000,0.02907000,461443.00000000,1782539999999,13363.54058000,266
1782540000000,0.02904000,0.02909000,0.02873000,0.02875000,957107.00000000,1782543599999,27662.90999000,383
1782543600000,0.02877000,0.02913000,0.02866000,0.02879000,3475792.00000000,1782547199999,100321.31002000,1372
1782547200000,0.02883000,0.02893000,0.02848000,0.02855000,1558671.00000000,1782550799999,44674.77557000,702
1782550800000,0.02853000,0.02873000,0.02847000,0.02868000,791293.00000000,1782554399999,22633.39922000,493
1782554400000,0.02868000,0.02919000,0.02864000,0.02918000,4711885.00000000,1782557999999,136339.56133000,1696
1782558000000,0.02918000,0.02967000,0.02912000,0.02955000,2226983.00000000,1782561599999,65483.06815000,704
1782561600000,0.02954000,0.02994000,0.02939000,0.02956000,2510505.00000000,1782565199999,74466.45212000,1004
1782565200000,0.02955000,0.02960000,0.02930000,0.02937000,1057525.00000000,1782568799999,31165.05944000,399
1782568800000,0.02938000,0.03002000,0.02927000,0.02994000,1923419.00000000,1782572399999,56815.23149000,773
1782572400000,0.02997000,0.03131000,0.02997000,0.03123000,8019807.00000000,1782575999999,247101.57541000,2683
1782576000000,0.03120000,0.03124000,0.03066000,0.03087000,2732126.00000000,1782579599999,84522.81148000,1150
1782579600000,0.03088000,0.03097000,0.03038000,0.03058000,1707785.00000000,1782583199999,52346.51449000,832
1782583200000,0.03057000,0.03151000,0.03032000,0.03119000,3295943.00000000,1782586799999,102577.62362000,1665
1782586800000,0.03118000,0.03118000,0.03010000,0.03034000,1785865.00000000,1782590399999,54465.66334000,913
1782590400000,0.03030000,0.03040000,0.02988000,0.03003000,1426743.00000000,1782593999999,42977.58006000,752
1782594000000,0.03006000,0.03038000,0.03005000,0.03011000,854448.00000000,1782597599999,25782.34759000,426
1782597600000,0.03009000,0.03016000,0.02964000,0.03014000,1490830.00000000,1782601199999,44564.20499000,992
1782601200000,0.03010000,0.03053000,0.03007000,0.03041000,950733.00000000,1782604799999,28812.09886000,532
1782604800000,0.03037000,0.03069000,0.03027000,0.03055000,1526135.00000000,1782608399999,46559.87414000,933
1782608400000,0.03055000,0.03062000,0.02999000,0.03025000,1966909.00000000,1782611999999,59609.32350000,905
1782612000000,0.03025000,0.03077000,0.03018000,0.03061000,1928927.00000000,1782615599999,58829.12654000,1135
1782615600000,0.03060000,0.03084000,0.03030000,0.03082000,1909210.00000000,1782619199999,58522.64717000,1004
1782619200000,0.03081000,0.03086000,0.03064000,0.03078000,1394453.00000000,1782622799999,42861.83772000,687
1782622800000,0.03078000,0.03106000,0.03043000,0.03096000,2848171.00000000,1782626399999,87410.17426000,797
1782626400000,0.03096000,0.03132000,0.03073000,0.03109000,1840340.00000000,1782629999999,57158.52422000,959
1782630000000,0.03114000,0.03164000,0.03088000,0.03141000,3636386.00000000,1782633599999,114153.96429000,1264
1782633600000,0.03142000,0.03258000,0.03133000,0.03251000,7554864.00000000,1782637199999,241584.07336000,2785
1782637200000,0.03253000,0.03290000,0.03192000,0.03235000,7040778.00000000,1782640799999,228526.95552000,2655
1782640800000,0.03230000,0.03239000,0.03186000,0.03207000,2607804.00000000,1782644399999,83662.46168000,1307
1782644400000,0.03205000,0.03225000,0.03137000,0.03148000,3692005.00000000,1782647999999,117634.88988000,1440
1782648000000,0.03145000,0.03154000,0.03099000,0.03135000,3364641.00000000,1782651599999,105399.83543000,1268
1782651600000,0.03135000,0.03143000,0.03102000,0.03115000,1868207.00000000,1782655199999,58340.61765000,1051
1782655200000,0.03112000,0.03151000,0.03091000,0.03115000,2135457.00000000,1782658799999,66647.35078000,774
1782658800000,0.03114000,0.03115000,0.03005000,0.03009000,3520190.00000000,1782662399999,107513.34445000,1336
1782662400000,0.03009000,0.03031000,0.02990000,0.03006000,2303721.00000000,1782665999999,69286.96414000,803
1782666000000,0.03005000,0.03015000,0.02977000,0.02983000,1383267.00000000,1782669599999,41409.40809000,530
1782669600000,0.02982000,0.03002000,0.02971000,0.02999000,1605942.00000000,1782673199999,48052.12233000,440
1782673200000,0.02999000,0.03003000,0.02967000,0.02981000,958651.00000000,1782676799999,28637.20253000,308
1782676800000,0.02980000,0.03011000,0.02969000,0.02979000,853254.00000000,1782680399999,25522.89810000,349
1782680400000,0.02980000,0.02982000,0.02929000,0.02954000,812383.00000000,1782683999999,24091.48232000,410
1782684000000,0.02959000,0.03004000,0.02939000,0.02951000,1014908.00000000,1782687599999,30131.77420000,440
1782687600000,0.02951000,0.03015000,0.02947000,0.03002000,1674710.00000000,1782691199999,50044.11690000,381
1782691200000,0.02998000,0.03026000,0.02965000,0.03016000,1367911.00000000,1782694799999,40980.21425000,554
1782694800000,0.03013000,0.03016000,0.02966000,0.02990000,1067046.00000000,1782698399999,31944.01663000,363
1782698400000,0.02988000,0.03007000,0.02945000,0.02995000,1937131.00000000,1782701999999,57825.32962000,840
1782702000000,0.02996000,0.03094000,0.02996000,0.03071000,1291347.00000000,1782705599999,39354.04175000,663
1782705600000,0.03076000,0.03097000,0.03043000,0.03049000,2400088.00000000,1782709199999,73721.72604000,786
1782709200000,0.03049000,0.03161000,0.03018000,0.03143000,2315965.00000000,1782712799999,71884.11700000,1113
1782712800000,0.03144000,0.03155000,0.03103000,0.03124000,2346780.00000000,1782716399999,73441.86913000,1244
1782716400000,0.03124000,0.03161000,0.03111000,0.03149000,2619474.00000000,1782719999999,82255.24402000,1353
1782720000000,0.03149000,0.03200000,0.03095000,0.03097000,6792278.00000000,1782723599999,213372.28328000,2605
1782723600000,0.03098000,0.03161000,0.03086000,0.03125000,1956874.00000000,1782727199999,61040.94101000,1146
1782727200000,0.03125000,0.03131000,0.03101000,0.03121000,2092549.00000000,1782730799999,65214.06700000,1303
1782730800000,0.03120000,0.03152000,0.03100000,0.03111000,2559426.00000000,1782734399999,79829.33473000,1800
1782734400000,0.03111000,0.03198000,0.03087000,0.03145000,3790243.00000000,1782737999999,119460.94092000,2733
1782738000000,0.03146000,0.03204000,0.03067000,0.03099000,4304743.00000000,1782741599999,134690.49729000,3298
1782741600000,0.03099000,0.03171000,0.03087000,0.03170000,5714174.00000000,1782745199999,178187.96052000,3507
1782745200000,0.03171000,0.03189000,0.03139000,0.03162000,3996325.00000000,1782748799999,126271.46956000,2729
1782748800000,0.03160000,0.03167000,0.03129000,0.03150000,1312717.00000000,1782752399999,41333.38195000,1209
1782752400000,0.03149000,0.03198000,0.03133000,0.03136000,2880915.00000000,1782755999999,91562.32582000,2045
1782756000000,0.03135000,0.03147000,0.03116000,0.03146000,1532451.00000000,1782759599999,47974.43850000,727
1782759600000,0.03145000,0.03148000,0.03102000,0.03110000,2501583.00000000,1782763199999,78138.99459000,845
1782763200000,0.03111000,0.03148000,0.03107000,0.03131000,880530.00000000,1782766799999,27587.67036000,503
1782766800000,0.03128000,0.03156000,0.03111000,0.03138000,1088640.00000000,1782770399999,34205.22681000,338
1782770400000,0.03150000,0.03163000,0.03128000,0.03137000,366410.00000000,1782773999999,11526.97488000,250
1782774000000,0.03138000,0.03271000,0.03136000,0.03248000,5293645.00000000,1782777599999,170595.00827000,1295
1782777600000,0.03248000,0.03267000,0.03174000,0.03195000,2857093.00000000,1782781199999,92040.28725000,1377
1782781200000,0.03195000,0.03195000,0.03139000,0.03142000,1696841.00000000,1782784799999,53660.17188000,515
1782784800000,0.03141000,0.03188000,0.03118000,0.03161000,2243101.00000000,1782788399999,70902.91234000,1053
1782788400000,0.03158000,0.03169000,0.03136000,0.03141000,1572536.00000000,1782791999999,49600.67334000,581
1782792000000,0.03151000,0.03172000,0.03117000,0.03165000,2233620.00000000,1782795599999,70165.74656000,828
1782795600000,0.03158000,0.03172000,0.03099000,0.03131000,2050090.00000000,1782799199999,64004.53441000,696
1782799200000,0.03129000,0.03167000,0.03100000,0.03164000,823403.00000000,1782802799999,25824.56533000,401
1782802800000,0.03156000,0.03166000,0.03127000,0.03137000,1232107.00000000,1782806399999,38765.59751000,472
1782806400000,0.03134000,0.03205000,0.03114000,0.03149000,3331583.00000000,1782809999999,104738.73864000,1552
1782810000000,0.03149000,0.03212000,0.03146000,0.03212000,1822022.00000000,1782813599999,57869.55087000,853
1782813600000,0.03212000,0.03222000,0.03143000,0.03161000,3707526.00000000,1782817199999,117861.27079000,1549
1782817200000,0.03157000,0.03175000,0.03118000,0.03128000,1359176.00000000,1782820799999,42748.81878000,710
1782820800000,0.03128000,0.03129000,0.03047000,0.03085000,3986629.00000000,1782824399999,122712.80563000,1436
1782824400000,0.03087000,0.03190000,0.03082000,0.03182000,3115933.00000000,1782827999999,97884.42917000,1207
1782828000000,0.03176000,0.03211000,0.03123000,0.03127000,3206083.00000000,1782831599999,101787.14517000,1240
1782831600000,0.03123000,0.03157000,0.03113000,0.03123000,1259760.00000000,1782835199999,39467.60521000,482
1782835200000,0.03122000,0.03146000,0.03054000,0.03089000,2633644.00000000,1782838799999,81439.76060000,1246
1782838800000,0.03094000,0.03097000,0.03069000,0.03073000,610591.00000000,1782842399999,18838.02348000,314
1782842400000,0.03080000,0.03104000,0.03044000,0.03057000,1285984.00000000,1782845999999,39533.86065000,390
1782846000000,0.03054000,0.03060000,0.03037000,0.03047000,784705.00000000,1782849599999,23915.70986000,261
1782849600000,0.03046000,0.03046000,0.03007000,0.03017000,759679.00000000,1782853199999,22978.80747000,344
1782853200000,0.03015000,0.03037000,0.02996000,0.03023000,788775.00000000,1782856799999,23827.09660000,335
1782856800000,0.03023000,0.03073000,0.03023000,0.03047000,543917.00000000,1782860399999,16617.74043000,350
1782860400000,0.03046000,0.03082000,0.03042000,0.03063000,1527420.00000000,1782863999999,46727.81344000,729
1782864000000,0.03063000,0.03083000,0.03053000,0.03058000,961685.00000000,1782867599999,29453.98252000,399
1782867600000,0.03056000,0.03059000,0.02935000,0.03006000,2989612.00000000,1782871199999,89138.95566000,1264
1782871200000,0.03006000,0.03030000,0.02994000,0.03001000,2208022.00000000,1782874799999,66568.93610000,672
1782874800000,0.03002000,0.03030000,0.02989000,0.03018000,1353008.00000000,1782878399999,40734.07011000,416
1782878400000,0.03021000,0.03054000,0.03011000,0.03047000,907874.00000000,1782881999999,27584.66729000,289
1782882000000,0.03050000,0.03050000,0.03006000,0.03018000,877333.00000000,1782885599999,26563.78268000,275
1782885600000,0.03016000,0.03018000,0.02929000,0.02959000,949111.00000000,1782889199999,28163.58634000,445
1782889200000,0.02960000,0.03009000,0.02956000,0.02973000,1516513.00000000,1782892799999,45165.92675000,806
1782892800000,0.02974000,0.02995000,0.02948000,0.02995000,2287652.00000000,1782896399999,68172.34334000,619
1782896400000,0.02995000,0.03009000,0.02982000,0.02989000,855114.00000000,1782899999999,25630.28412000,294
1782900000000,0.02986000,0.03063000,0.02982000,0.03030000,1159347.00000000,1782903599999,34993.93054000,469
1782903600000,0.03031000,0.03047000,0.02983000,0.02984000,1752790.00000000,1782907199999,53109.43449000,558
1782907200000,0.02984000,0.03016000,0.02964000,0.03008000,1671968.00000000,1782910799999,50013.89757000,997
1782910800000,0.03009000,0.03031000,0.02971000,0.03021000,2533236.00000000,1782914399999,76043.21879000,1994
1782914400000,0.03020000,0.03043000,0.03000000,0.03004000,2249987.00000000,1782917999999,67956.07633000,865
1782918000000,0.03005000,0.03068000,0.03003000,0.03025000,2331174.00000000,1782921599999,70629.33700000,885
1782921600000,0.03024000,0.03045000,0.03009000,0.03018000,1339758.00000000,1782925199999,40590.44720000,517
1782925200000,0.03018000,0.03062000,0.03000000,0.03049000,1362362.00000000,1782928799999,41101.64874000,611
1782928800000,0.03047000,0.03052000,0.03011000,0.03025000,578352.00000000,1782932399999,17550.53683000,261
1782932400000,0.03025000,0.03038000,0.03006000,0.03013000,668673.00000000,1782935999999,20190.45206000,310
1782936000000,0.03014000,0.03014000,0.02973000,0.02991000,907941.00000000,1782939599999,27126.99321000,481
1782939600000,0.02991000,0.03063000,0.02987000,0.03059000,763173.00000000,1782943199999,23051.40095000,384
1782943200000,0.03059000,0.03087000,0.03026000,0.03026000,1904390.00000000,1782946799999,58221.88542000,590
1782946800000,0.03020000,0.03021000,0.02976000,0.02984000,1674526.00000000,1782950399999,50196.43338000,773
1782950400000,0.02987000,0.03004000,0.02959000,0.03004000,1043504.00000000,1782953999999,31052.24380000,450
1782954000000,0.03002000,0.03037000,0.02995000,0.03022000,344620.00000000,1782957599999,10394.48074000,227
1782957600000,0.03017000,0.03048000,0.03010000,0.03042000,696569.00000000,1782961199999,21064.62064000,165
1782961200000,0.03036000,0.03073000,0.03035000,0.03068000,1216285.00000000,1782964799999,37195.55571000,465
1782964800000,0.03065000,0.03094000,0.03040000,0.03094000,1183385.00000000,1782968399999,36248.64640000,483
1782968400000,0.03095000,0.03107000,0.03048000,0.03057000,4139436.00000000,1782971999999,127604.45381000,709
1782972000000,0.03057000,0.03069000,0.03038000,0.03041000,580399.00000000,1782975599999,17706.33537000,226
1782975600000,0.03035000,0.03044000,0.03018000,0.03029000,781218.00000000,1782979199999,23659.42735000,365
1782979200000,0.03031000,0.03038000,0.03009000,0.03011000,896175.00000000,1782982799999,27062.29475000,367
1782982800000,0.03010000,0.03041000,0.02993000,0.03038000,2449657.00000000,1782986399999,74026.56645000,695
1782986400000,0.03038000,0.03048000,0.03018000,0.03023000,3933034.00000000,1782989999999,119386.70039000,818
1782990000000,0.03019000,0.03045000,0.03013000,0.03025000,1424972.00000000,1782993599999,43205.47922000,566
1782993600000,0.03026000,0.03046000,0.03018000,0.03037000,1433229.00000000,1782997199999,43496.85267000,634
1782997200000,0.03039000,0.03061000,0.03016000,0.03055000,2609244.00000000,1783000799999,79390.40616000,866
1783000800000,0.03051000,0.03066000,0.02975000,0.02986000,2164497.00000000,1783004399999,65186.92241000,1130
1783004400000,0.02987000,0.03021000,0.02978000,0.02999000,1894154.00000000,1783007999999,56689.61558000,830
1783008000000,0.03000000,0.03015000,0.02982000,0.03002000,926561.00000000,1783011599999,27805.59797000,512
1783011600000,0.03002000,0.03025000,0.02995000,0.03005000,798536.00000000,1783015199999,24016.26591000,309
1783015200000,0.03008000,0.03055000,0.03008000,0.03051000,1032291.00000000,1783018799999,31416.79619000,265
1783018800000,0.03054000,0.03057000,0.02998000,0.03015000,1373205.00000000,1783022399999,41444.79160000,544
1783022400000,0.03018000,0.03047000,0.03010000,0.03036000,591985.00000000,1783025999999,17914.18905000,525
1783026000000,0.03037000,0.03066000,0.03032000,0.03066000,1296004.00000000,1783029599999,39469.13868000,711
1783029600000,0.03065000,0.03081000,0.03048000,0.03078000,629325.00000000,1783033199999,19288.62594000,646
1783033200000,0.03078000,0.03100000,0.03062000,0.03074000,794281.00000000,1783036799999,24498.14672000,968
1783036800000,0.03072000,0.03092000,0.03044000,0.03053000,985925.00000000,1783040399999,30232.25515000,1116
1783040400000,0.03054000,0.03095000,0.03049000,0.03066000,1790155.00000000,1783043999999,54979.60662000,1665
1783044000000,0.03067000,0.03084000,0.03042000,0.03068000,1646550.00000000,1783047599999,50479.50299000,1625
1783047600000,0.03066000,0.03070000,0.03034000,0.03034000,2178166.00000000,1783051199999,66507.05573000,1640
1783051200000,0.03035000,0.03039000,0.03007000,0.03007000,1003704.00000000,1783054799999,30319.18943000,811
1783054800000,0.03006000,0.03035000,0.03002000,0.03017000,865483.00000000,1783058399999,26139.29498000,636
1783058400000,0.03017000,0.03038000,0.03004000,0.03025000,2445081.00000000,1783061999999,73959.12014000,1018
1783062000000,0.03026000,0.03066000,0.03015000,0.03022000,2293306.00000000,1783065599999,69599.92772000,1201
1783065600000,0.03022000,0.03035000,0.03011000,0.03012000,1598866.00000000,1783069199999,48354.16148000,739
1783069200000,0.03012000,0.03027000,0.03005000,0.03018000,1307863.00000000,1783072799999,39428.19752000,774
1783072800000,0.03017000,0.03040000,0.03013000,0.03025000,1500654.00000000,1783076399999,45426.73572000,613
1783076400000,0.03025000,0.03036000,0.03012000,0.03033000,1686118.00000000,1783079999999,50950.44386000,700
1783080000000,0.03032000,0.03056000,0.03027000,0.03055000,667848.00000000,1783083599999,20317.84249000,547
1783083600000,0.03055000,0.03178000,0.03055000,0.03123000,5733538.00000000,1783087199999,178764.43128000,2445
1783087200000,0.03123000,0.03161000,0.03089000,0.03133000,4263809.00000000,1783090799999,133224.98323000,2472
1783090800000,0.03133000,0.03163000,0.03122000,0.03127000,2873635.00000000,1783094399999,90203.31980000,1446
1783094400000,0.03128000,0.03155000,0.03124000,0.03133000,810987.00000000,1783097999999,25438.45509000,901
1783098000000,0.03133000,0.03181000,0.03127000,0.03156000,4299507.00000000,1783101599999,135639.84687000,1888
1783101600000,0.03157000,0.03159000,0.03121000,0.03124000,1347525.00000000,1783105199999,42200.83929000,1013
1783105200000,0.03123000,0.03131000,0.03105000,0.03111000,843727.00000000,1783108799999,26319.09821000,612
1783108800000,0.03109000,0.03121000,0.03098000,0.03103000,1050144.00000000,1783112399999,32652.40008000,674
1783112400000,0.03102000,0.03102000,0.03070000,0.03088000,641446.00000000,1783115999999,19806.12749000,348
1783116000000,0.03088000,0.03096000,0.03075000,0.03086000,986236.00000000,1783119599999,30454.81460000,511
1783119600000,0.03085000,0.03133000,0.03077000,0.03116000,845012.00000000,1783123199999,26282.84566000,623
1783123200000,0.03117000,0.03141000,0.03100000,0.03111000,1218491.00000000,1783126799999,37944.72572000,715
1783126800000,0.03110000,0.03110000,0.03070000,0.03084000,1311529.00000000,1783130399999,40424.38104000,909
1783130400000,0.03083000,0.03102000,0.03079000,0.03101000,531950.00000000,1783133999999,16452.74350000,439
1783134000000,0.03100000,0.03142000,0.03096000,0.03141000,796836.00000000,1783137599999,24851.86050000,789
1783137600000,0.03140000,0.03146000,0.03090000,0.03121000,3687226.00000000,1783141199999,114815.89230000,1167
1783141200000,0.03120000,0.03219000,0.03107000,0.03184000,2179111.00000000,1783144799999,69289.21679000,1676
1783144800000,0.03185000,0.03220000,0.03145000,0.03169000,2812013.00000000,1783148399999,89343.21370000,2163
1783148400000,0.03167000,0.03223000,0.03159000,0.03181000,7467651.00000000,1783151999999,238962.00758000,2648
1783152000000,0.03182000,0.03190000,0.03156000,0.03186000,1533319.00000000,1783155599999,48638.71571000,1801
1783155600000,0.03187000,0.03228000,0.03157000,0.03161000,2673267.00000000,1783159199999,85471.89455000,2055
1783159200000,0.03161000,0.03193000,0.03155000,0.03193000,2604241.00000000,1783162799999,82554.33483000,1423
1783162800000,0.03193000,0.03334000,0.03178000,0.03283000,8309386.00000000,1783166399999,271343.34087000,4402
1783166400000,0.03285000,0.03370000,0.03241000,0.03281000,11794361.00000000,1783169999999,392098.71972000,5947
1783170000000,0.03280000,0.03299000,0.03249000,0.03267000,2180458.00000000,1783173599999,71369.26376000,1697
1783173600000,0.03267000,0.03289000,0.03241000,0.03270000,2202317.00000000,1783177199999,71846.58212000,1296
1783177200000,0.03269000,0.03284000,0.03253000,0.03262000,1420480.00000000,1783180799999,46430.08340000,1127
1783180800000,0.03261000,0.03271000,0.03237000,0.03256000,1318275.00000000,1783184399999,42870.58485000,864
1783184400000,0.03255000,0.03267000,0.03243000,0.03256000,1051698.00000000,1783187999999,34219.11995000,1001
1783188000000,0.03255000,0.03256000,0.03223000,0.03226000,1156590.00000000,1783191599999,37424.21515000,802
1783191600000,0.03226000,0.03250000,0.03218000,0.03242000,1944075.00000000,1783195199999,62761.82938000,1183
1783195200000,0.03241000,0.03276000,0.03202000,0.03207000,5774382.00000000,1783198799999,187308.41822000,1226
1783198800000,0.03208000,0.03212000,0.03186000,0.03209000,1274619.00000000,1783202399999,40761.57706000,389
1783202400000,0.03208000,0.03208000,0.03184000,0.03193000,624839.00000000,1783205999999,19958.84551000,294
1783206000000,0.03193000,0.03193000,0.03144000,0.03173000,1880470.00000000,1783209599999,59565.76874000,964
1783209600000,0.03172000,0.03176000,0.03152000,0.03157000,1025894.00000000,1783213199999,32473.79361000,602
1783213200000,0.03158000,0.03176000,0.03116000,0.03132000,1113535.00000000,1783216799999,34982.24494000,808
1783216800000,0.03130000,0.03130000,0.03037000,0.03061000,4796752.00000000,1783220399999,147606.79976000,2108
1783220400000,0.03061000,0.03084000,0.03055000,0.03067000,1821705.00000000,1783223999999,55911.80645000,1213
1783224000000,0.03067000,0.03089000,0.03059000,0.03075000,1234277.00000000,1783227599999,37958.22169000,1077
1783227600000,0.03075000,0.03095000,0.03064000,0.03089000,2242919.00000000,1783231199999,69027.72760000,1034
1783231200000,0.03089000,0.03096000,0.03069000,0.03086000,1232113.00000000,1783234799999,38003.91111000,673
1783234800000,0.03085000,0.03088000,0.03056000,0.03082000,1137927.00000000,1783238399999,34965.71085000,885
1783238400000,0.03081000,0.03091000,0.03067000,0.03068000,829403.00000000,1783241999999,25524.27391000,519
1783242000000,0.03069000,0.03090000,0.03036000,0.03050000,2326255.00000000,1783245599999,71129.34333000,1914
1783245600000,0.03049000,0.03084000,0.03036000,0.03071000,1129884.00000000,1783249199999,34640.78278000,934
1783249200000,0.03072000,0.03179000,0.03070000,0.03155000,4233691.00000000,1783252799999,132498.06371000,2664
1783252800000,0.03154000,0.03229000,0.03136000,0.03227000,4916462.00000000,1783256399999,155749.09545000,2026
1783256400000,0.03227000,0.03295000,0.03208000,0.03209000,9236479.00000000,1783259999999,300967.80427000,4522
1783260000000,0.03210000,0.03221000,0.03175000,0.03185000,4157278.00000000,1783263599999,133074.98963000,2297
1783263600000,0.03186000,0.03219000,0.03174000,0.03218000,2027453.00000000,1783267199999,64767.28160000,1200
1783267200000,0.03218000,0.03225000,0.03189000,0.03219000,1013899.00000000,1783270799999,32510.40924000,753
1783270800000,0.03218000,0.03218000,0.03176000,0.03182000,672934.00000000,1783274399999,21510.40113000,719
1783274400000,0.03182000,0.03187000,0.03160000,0.03162000,734581.00000000,1783277999999,23310.40728000,648
1783278000000,0.03162000,0.03167000,0.03137000,0.03140000,1430615.00000000,1783281599999,45076.21121000,938
1783281600000,0.03140000,0.03159000,0.03135000,0.03153000,639825.00000000,1783285199999,20145.78755000,543
1783285200000,0.03154000,0.03163000,0.03129000,0.03152000,1221994.00000000,1783288799999,38512.59996000,457
1783288800000,0.03151000,0.03161000,0.03128000,0.03145000,1335019.00000000,1783292399999,41912.28883000,737
1783292400000,0.03146000,0.03161000,0.03121000,0.03135000,1390853.00000000,1783295999999,43592.65895000,588
1783296000000,0.03136000,0.03150000,0.03108000,0.03117000,848475.00000000,1783299599999,26505.23514000,892
1783299600000,0.03117000,0.03136000,0.03100000,0.03103000,942982.00000000,1783303199999,29349.93768000,687
1783303200000,0.03103000,0.03114000,0.03079000,0.03103000,2155666.00000000,1783306799999,66785.93085000,893
1783306800000,0.03103000,0.03119000,0.03076000,0.03119000,547361.00000000,1783310399999,16968.91662000,546
1783310400000,0.03119000,0.03132000,0.03100000,0.03112000,512511.00000000,1783313999999,15956.61553000,556
1783314000000,0.03111000,0.03112000,0.03065000,0.03097000,1077895.00000000,1783317599999,33338.15804000,715
1783317600000,0.03096000,0.03103000,0.03068000,0.03075000,589232.00000000,1783321199999,18153.79544000,502
1783321200000,0.03075000,0.03089000,0.03063000,0.03088000,1312300.00000000,1783324799999,40330.42823000,628
1783324800000,0.03089000,0.03104000,0.03075000,0.03094000,655492.00000000,1783328399999,20246.14117000,597
1783328400000,0.03093000,0.03107000,0.03072000,0.03105000,796251.00000000,1783331999999,24572.08458000,693
1783332000000,0.03104000,0.03131000,0.03101000,0.03105000,689279.00000000,1783335599999,21498.67945000,677
1783335600000,0.03107000,0.03129000,0.03081000,0.03081000,617253.00000000,1783339199999,19186.72005000,518
1783339200000,0.03081000,0.03145000,0.03003000,0.03128000,6945535.00000000,1783342799999,214608.00516000,3867
1783342800000,0.03127000,0.03235000,0.03123000,0.03200000,5931732.00000000,1783346399999,189089.84414000,4206
1783346400000,0.03198000,0.03282000,0.03197000,0.03222000,3452646.00000000,1783349999999,111812.93999000,2880
1783350000000,0.03222000,0.03271000,0.03218000,0.03266000,2278386.00000000,1783353599999,73924.14331000,1846
1783353600000,0.03265000,0.03285000,0.03240000,0.03257000,2724616.00000000,1783357199999,88779.73847000,1498
1783357200000,0.03254000,0.03378000,0.03253000,0.03375000,3108237.00000000,1783360799999,103469.04286000,2141
1783360800000,0.03376000,0.03378000,0.03204000,0.03226000,5752634.00000000,1783364399999,187476.73570000,2959
1783364400000,0.03225000,0.03234000,0.03204000,0.03224000,1960216.00000000,1783367999999,63058.29447000,1235
1783368000000,0.03223000,0.03241000,0.03211000,0.03227000,826884.00000000,1783371599999,26658.88240000,565
1783371600000,0.03227000,0.03287000,0.03223000,0.03281000,2129986.00000000,1783375199999,69213.12370000,906
1783375200000,0.03282000,0.03302000,0.03233000,0.03244000,1364596.00000000,1783378799999,44486.86013000,820
1783378800000,0.03245000,0.03259000,0.03233000,0.03239000,559603.00000000,1783382399999,18184.83431000,410
1783382400000,0.03240000,0.03310000,0.03222000,0.03254000,1893234.00000000,1783385999999,61874.50511000,1644
1783386000000,0.03254000,0.03302000,0.03224000,0.03233000,1755632.00000000,1783389599999,57170.23681000,1425
1783389600000,0.03232000,0.03273000,0.03221000,0.03234000,1121136.00000000,1783393199999,36309.49113000,995
1783393200000,0.03233000,0.03236000,0.03163000,0.03167000,1597698.00000000,1783396799999,51032.77894000,941
1783396800000,0.03167000,0.03180000,0.03140000,0.03164000,1335385.00000000,1783400399999,42165.68997000,756
1783400400000,0.03165000,0.03305000,0.03164000,0.03305000,3863323.00000000,1783403999999,124703.59842000,3094
1783404000000,0.03306000,0.03462000,0.03299000,0.03456000,17043512.00000000,1783407599999,580154.00616000,7989
1783407600000,0.03454000,0.03565000,0.03424000,0.03554000,24662324.00000000,1783411199999,866190.47233000,16408
1783411200000,0.03552000,0.03700000,0.03482000,0.03592000,44953915.00000000,1783414799999,1622327.90225000,26726
1783414800000,0.03593000,0.03912000,0.03586000,0.03803000,48430457.00000000,1783418399999,1829739.67777000,31008
1783418400000,0.03802000,0.03872000,0.03662000,0.03735000,28333687.00000000,1783421999999,1062009.92308000,21811
1783422000000,0.03734000,0.03752000,0.03540000,0.03587000,20722528.00000000,1783425599999,751012.59778000,15233
1783425600000,0.03586000,0.03719000,0.03533000,0.03553000,13944123.00000000,1783429199999,503730.91642000,10552
1783429200000,0.03552000,0.03636000,0.03512000,0.03518000,12036816.00000000,1783432799999,429241.23005000,10503
1783432800000,0.03520000,0.03579000,0.03467000,0.03570000,17233023.00000000,1783436399999,607942.50592000,11326
1783436400000,0.03569000,0.03757000,0.03558000,0.03710000,20567551.00000000,1783439999999,753599.80287000,12736
1783440000000,0.03711000,0.03815000,0.03661000,0.03802000,12688577.00000000,1783443599999,474967.51805000,8846
1783443600000,0.03800000,0.03856000,0.03656000,0.03665000,12553613.00000000,1783447199999,471741.59519000,8904
1783447200000,0.03663000,0.03664000,0.03548000,0.03554000,6093014.00000000,1783450799999,218983.07911000,5833
1783450800000,0.03555000,0.03561000,0.03476000,0.03493000,4656515.00000000,1783454399999,163167.27318000,3382
1783454400000,0.03494000,0.03495000,0.03430000,0.03469000,3433085.00000000,1783457999999,118589.91535000,2481
1783458000000,0.03470000,0.03510000,0.03402000,0.03409000,3164823.00000000,1783461599999,109200.00645000,1611
1783461600000,0.03407000,0.03459000,0.03390000,0.03445000,1181432.00000000,1783465199999,40420.87043000,1551
1783465200000,0.03446000,0.03493000,0.03430000,0.03441000,1337143.00000000,1783468799999,46312.01096000,1503
1783468800000,0.03442000,0.03571000,0.03410000,0.03565000,8736355.00000000,1783472399999,305803.79336000,7365
1783472400000,0.03565000,0.03620000,0.03472000,0.03609000,14907127.00000000,1783475999999,531524.42326000,14498
1783476000000,0.03607000,0.03665000,0.03546000,0.03638000,11860890.00000000,1783479599999,427201.93429000,10871
1783479600000,0.03638000,0.03695000,0.03508000,0.03521000,7690591.00000000,1783483199999,278750.23802000,8862
1783483200000,0.03521000,0.03585000,0.03333000,0.03347000,10216056.00000000,1783486799999,352487.25665000,9090
1783486800000,0.03347000,0.03399000,0.03246000,0.03287000,11664748.00000000,1783490399999,387077.52150000,6821
1783490400000,0.03287000,0.03350000,0.03241000,0.03336000,11463352.00000000,1783493999999,377575.86928000,7151
1783494000000,0.03335000,0.03386000,0.03309000,0.03331000,9328764.00000000,1783497599999,311095.14939000,6541
1783497600000,0.03331000,0.03382000,0.03274000,0.03278000,10908112.00000000,1783501199999,361754.46603000,7341
1783501200000,0.03279000,0.03362000,0.03268000,0.03331000,7391989.00000000,1783504799999,244988.85789000,5758
1783504800000,0.03331000,0.03348000,0.03289000,0.03300000,4014344.00000000,1783508399999,133227.08251000,3510
1783508400000,0.03299000,0.03340000,0.03276000,0.03320000,6590830.00000000,1783511999999,218063.83869000,3957
1783512000000,0.03320000,0.03353000,0.03287000,0.03291000,4578087.00000000,1783515599999,152363.99998000,2879
1783515600000,0.03292000,0.03315000,0.03249000,0.03315000,7514958.00000000,1783519199999,246383.25140000,3593
1783519200000,0.03314000,0.03334000,0.03197000,0.03200000,4364192.00000000,1783522799999,142329.81247000,3604
1783522800000,0.03202000,0.03203000,0.03147000,0.03166000,6288633.00000000,1783526399999,199220.16921000,3116
1783526400000,0.03167000,0.03191000,0.03151000,0.03184000,2789451.00000000,1783529999999,88542.89594000,1612
1783530000000,0.03183000,0.03271000,0.03176000,0.03246000,1741158.00000000,1783533599999,56286.82819000,1659
1783533600000,0.03247000,0.03277000,0.03239000,0.03270000,646882.00000000,1783537199999,21061.80670000,963
1783537200000,0.03271000,0.03289000,0.03231000,0.03265000,1166867.00000000,1783540799999,38018.33885000,1185
1783540800000,0.03266000,0.03274000,0.03201000,0.03228000,1118949.00000000,1783544399999,36119.93253000,1171
1783544400000,0.03227000,0.03246000,0.03219000,0.03237000,731095.00000000,1783547999999,23584.80988000,402
1783548000000,0.03241000,0.03314000,0.03241000,0.03302000,2913517.00000000,1783551599999,95811.97063000,1637
1783551600000,0.03303000,0.03323000,0.03286000,0.03303000,2886170.00000000,1783555199999,95279.78508000,1914
1783555200000,0.03300000,0.03331000,0.03216000,0.03241000,4027890.00000000,1783558799999,132062.37385000,1750
1783558800000,0.03241000,0.03304000,0.03222000,0.03250000,4014580.00000000,1783562399999,130844.04656000,2456
1783562400000,0.03251000,0.03296000,0.03236000,0.03262000,1879439.00000000,1783565999999,61324.06776000,1296
1783566000000,0.03262000,0.03291000,0.03238000,0.03275000,1577640.00000000,1783569599999,51477.95153000,1319
1783569600000,0.03276000,0.03293000,0.03229000,0.03244000,861552.00000000,1783573199999,28038.36099000,915
1783573200000,0.03244000,0.03248000,0.03200000,0.03223000,2090766.00000000,1783576799999,67382.34709000,866
1783576800000,0.03224000,0.03253000,0.03214000,0.03239000,1091179.00000000,1783580399999,35287.09720000,907
1783580400000,0.03240000,0.03298000,0.03223000,0.03267000,2071907.00000000,1783583999999,67599.31574000,1316
1783584000000,0.03267000,0.03313000,0.03261000,0.03273000,2371312.00000000,1783587599999,77915.74337000,1423
1783587600000,0.03272000,0.03294000,0.03260000,0.03288000,1563575.00000000,1783591199999,51229.70207000,910
1783591200000,0.03289000,0.03353000,0.03286000,0.03300000,1769056.00000000,1783594799999,58689.93600000,1864
1783594800000,0.03301000,0.03304000,0.03223000,0.03255000,3571804.00000000,1783598399999,116036.12991000,1976
1783598400000,0.03256000,0.03276000,0.03222000,0.03235000,8552346.00000000,1783601999999,278092.24831000,4788
1783602000000,0.03235000,0.03246000,0.03200000,0.03244000,2405357.00000000,1783605599999,77513.64177000,1327
1783605600000,0.03245000,0.03251000,0.03204000,0.03225000,1558793.00000000,1783609199999,50209.07080000,896
1783609200000,0.03226000,0.03236000,0.03190000,0.03200000,2445374.00000000,1783612799999,78358.52932000,1094
1783612800000,0.03200000,0.03239000,0.03198000,0.03230000,1084029.00000000,1783616399999,34880.50166000,815
1783616400000,0.03231000,0.03315000,0.03215000,0.03280000,2621907.00000000,1783619999999,86216.87469000,1284
1783620000000,0.03280000,0.03338000,0.03280000,0.03330000,2369861.00000000,1783623599999,78485.47707000,1110
1783623600000,0.03333000,0.03334000,0.03270000,0.03283000,1436797.00000000,1783627199999,47204.45241000,930
1783627200000,0.03284000,0.03331000,0.03275000,0.03309000,1932904.00000000,1783630799999,63742.97589000,1085
1783630800000,0.03310000,0.03347000,0.03301000,0.03327000,631509.00000000,1783634399999,21033.83075000,612
1783634400000,0.03328000,0.03347000,0.03311000,0.03321000,913381.00000000,1783637999999,30433.85657000,560
1783638000000,0.03320000,0.03323000,0.03289000,0.03305000,651277.00000000,1783641599999,21511.15496000,879
1783641600000,0.03305000,0.03350000,0.03289000,0.03341000,3184812.00000000,1783645199999,105897.93698000,2252
1783645200000,0.03342000,0.03411000,0.03301000,0.03404000,4173249.00000000,1783648799999,140462.89914000,3177
1783648800000,0.03405000,0.03408000,0.03350000,0.03350000,2718527.00000000,1783652399999,91750.80757000,1730
1783652400000,0.03350000,0.03380000,0.03341000,0.03371000,844441.00000000,1783655999999,28360.62949000,696
1783656000000,0.03371000,0.03398000,0.03344000,0.03351000,1048108.00000000,1783659599999,35287.57490000,1069
1783659600000,0.03350000,0.03350000,0.03309000,0.03318000,978877.00000000,1783663199999,32542.06286000,736
1783663200000,0.03319000,0.03368000,0.03312000,0.03368000,1766310.00000000,1783666799999,59014.04093000,1052
1783666800000,0.03367000,0.03397000,0.03354000,0.03397000,952714.00000000,1783670399999,32171.07864000,1064
1783670400000,0.03398000,0.03434000,0.03366000,0.03388000,4384427.00000000,1783673999999,149087.47504000,2685
1783674000000,0.03388000,0.03388000,0.03334000,0.03341000,2542056.00000000,1783677599999,85584.40184000,1431
1783677600000,0.03343000,0.03372000,0.03335000,0.03341000,1462556.00000000,1783681199999,49073.72532000,1219
1783681200000,0.03340000,0.03350000,0.03312000,0.03322000,1167736.00000000,1783684799999,38928.01922000,1084
1783684800000,0.03322000,0.03359000,0.03321000,0.03345000,1463274.00000000,1783688399999,48839.79104000,1051
1783688400000,0.03344000,0.03414000,0.03343000,0.03376000,4672098.00000000,1783691999999,158003.54514000,3176
1783692000000,0.03377000,0.03423000,0.03335000,0.03344000,4944686.00000000,1783695599999,167169.40208000,3688
1783695600000,0.03344000,0.03402000,0.03330000,0.03360000,3810390.00000000,1783699199999,128380.59726000,2602
1783699200000,0.03361000,0.03428000,0.03354000,0.03426000,1788877.00000000,1783702799999,60866.92088000,2138
1783702800000,0.03426000,0.03430000,0.03357000,0.03358000,1767236.00000000,1783706399999,60099.86760000,1164
1783706400000,0.03357000,0.03375000,0.03337000,0.03369000,1694839.00000000,1783709999999,56929.50079000,1460
1783710000000,0.03367000,0.03367000,0.03327000,0.03332000,1063171.00000000,1783713599999,35503.76050000,846
1783713600000,0.03331000,0.03350000,0.03297000,0.03308000,2648497.00000000,1783717199999,87950.78073000,1164
1783717200000,0.03309000,0.03365000,0.03308000,0.03350000,1187748.00000000,1783720799999,39737.40310000,580
1783720800000,0.03348000,0.03357000,0.03332000,0.03346000,576103.00000000,1783724399999,19259.91495000,393
1783724400000,0.03346000,0.03360000,0.03338000,0.03355000,520479.00000000,1783727999999,17427.04213000,535
1783728000000,0.03355000,0.03391000,0.03331000,0.03334000,1468910.00000000,1783731599999,49382.91574000,1454
1783731600000,0.03333000,0.03356000,0.03304000,0.03309000,1277062.00000000,1783735199999,42596.63053000,1496
1783735200000,0.03309000,0.03317000,0.03291000,0.03302000,2225429.00000000,1783738799999,73449.90466000,942
1783738800000,0.03303000,0.03305000,0.03226000,0.03253000,2305295.00000000,1783742399999,74947.22714000,2314
1783742400000,0.03253000,0.03253000,0.03218000,0.03221000,1993563.00000000,1783745999999,64543.00267000,976
1783746000000,0.03220000,0.03242000,0.03217000,0.03240000,2393169.00000000,1783749599999,77252.53792000,1058
1783749600000,0.03238000,0.03240000,0.03224000,0.03224000,1355529.00000000,1783753199999,43819.31916000,652
1783753200000,0.03224000,0.03239000,0.03203000,0.03215000,1332570.00000000,1783756799999,42934.32735000,714
1783756800000,0.03214000,0.03251000,0.03214000,0.03248000,790844.00000000,1783760399999,25615.66286000,519
1783760400000,0.03247000,0.03256000,0.03228000,0.03229000,814835.00000000,1783763999999,26448.87048000,693
1783764000000,0.03230000,0.03250000,0.03227000,0.03236000,1220623.00000000,1783767599999,39519.41751000,557
1783767600000,0.03236000,0.03264000,0.03227000,0.03254000,2237796.00000000,1783771199999,72597.66419000,861
1783771200000,0.03254000,0.03287000,0.03254000,0.03278000,1032587.00000000,1783774799999,33786.28035000,712
1783774800000,0.03277000,0.03285000,0.03245000,0.03245000,1013287.00000000,1783778399999,33119.98506000,578
1783778400000,0.03245000,0.03264000,0.03244000,0.03245000,532366.00000000,1783781999999,17312.03865000,595
1783782000000,0.03246000,0.03256000,0.03183000,0.03222000,2853171.00000000,1783785599999,91806.61291000,1593
1783785600000,0.03220000,0.03222000,0.03194000,0.03207000,1394802.00000000,1783789199999,44760.72404000,1013
1783789200000,0.03207000,0.03242000,0.03200000,0.03225000,1465889.00000000,1783792799999,47157.92241000,882
1783792800000,0.03225000,0.03231000,0.03210000,0.03218000,719206.00000000,1783796399999,23185.08568000,387
1783796400000,0.03219000,0.03244000,0.03211000,0.03223000,1006380.00000000,1783799999999,32437.61152000,526
1783800000000,0.03224000,0.03260000,0.03224000,0.03257000,656056.00000000,1783803599999,21272.68641000,519
1783803600000,0.03257000,0.03264000,0.03237000,0.03238000,752843.00000000,1783807199999,24457.43961000,619
1783807200000,0.03240000,0.03253000,0.03192000,0.03202000,1594502.00000000,1783810799999,51425.86957000,995
1783810800000,0.03201000,0.03221000,0.03163000,0.03197000,746317.00000000,1783814399999,23781.69537000,1076
1783814400000,0.03197000,0.03256000,0.03194000,0.03232000,1791985.00000000,1783817999999,57803.14043000,2047
1783818000000,0.03229000,0.03326000,0.03222000,0.03276000,4072567.00000000,1783821599999,133496.32008000,3010
1783821600000,0.03274000,0.03330000,0.03264000,0.03316000,1987275.00000000,1783825199999,65512.86506000,2010
1783825200000,0.03316000,0.03354000,0.03316000,0.03341000,5759670.00000000,1783828799999,191963.57487000,3053
1783828800000,0.03342000,0.03355000,0.03266000,0.03266000,2816501.00000000,1783832399999,92994.12353000,2101
1783832400000,0.03266000,0.03296000,0.03261000,0.03292000,751984.00000000,1783835999999,24648.51244000,816
1783836000000,0.03292000,0.03292000,0.03257000,0.03271000,1113512.00000000,1783839599999,36401.02627000,1343
1783839600000,0.03270000,0.03277000,0.03259000,0.03273000,466184.00000000,1783843199999,15222.72637000,541
1783843200000,0.03272000,0.03296000,0.03264000,0.03280000,463501.00000000,1783846799999,15223.48865000,661
1783846800000,0.03279000,0.03294000,0.03269000,0.03279000,1198942.00000000,1783850399999,39353.97231000,879
1783850400000,0.03277000,0.03278000,0.03241000,0.03243000,594512.00000000,1783853999999,19380.90526000,555
1783854000000,0.03243000,0.03265000,0.03240000,0.03258000,457974.00000000,1783857599999,14900.95546000,462
1783857600000,0.03257000,0.03257000,0.03225000,0.03226000,699504.00000000,1783861199999,22630.10518000,534
1783861200000,0.03226000,0.03239000,0.03211000,0.03233000,725787.00000000,1783864799999,23396.64053000,641
1783864800000,0.03234000,0.03247000,0.03228000,0.03247000,628498.00000000,1783868399999,20358.16152000,419
1783868400000,0.03245000,0.03248000,0.03229000,0.03237000,830974.00000000,1783871999999,26881.85437000,455
1783872000000,0.03234000,0.03242000,0.03191000,0.03241000,1823797.00000000,1783875599999,58680.53066000,1012
1783875600000,0.03242000,0.03263000,0.03234000,0.03243000,1175389.00000000,1783879199999,38197.81129000,1003
1783879200000,0.03243000,0.03287000,0.03243000,0.03264000,1337024.00000000,1783882799999,43746.12739000,1088
1783882800000,0.03265000,0.03273000,0.03258000,0.03260000,498741.00000000,1783886399999,16276.18408000,436
1783886400000,0.03260000,0.03266000,0.03252000,0.03260000,239034.00000000,1783889999999,7788.76297000,336
1783890000000,0.03258000,0.03269000,0.03250000,0.03252000,562479.00000000,1783893599999,18347.94479000,242
1783893600000,0.03251000,0.03253000,0.03222000,0.03242000,969344.00000000,1783897199999,31367.01045000,526
1783897200000,0.03240000,0.03250000,0.03220000,0.03227000,269240.00000000,1783900799999,8713.01402000,191
1783900800000,0.03227000,0.03261000,0.03193000,0.03218000,2323607.00000000,1783904399999,75234.31046000,1560
1783904400000,0.03217000,0.03258000,0.03193000,0.03196000,1314266.00000000,1783907999999,42433.90905000,1497
1783908000000,0.03197000,0.03201000,0.03114000,0.03114000,6077097.00000000,1783911599999,191626.29651000,2084
1783911600000,0.03113000,0.03116000,0.03017000,0.03026000,7604331.00000000,1783915199999,232427.94713000,3296
1783915200000,0.03028000,0.03061000,0.03022000,0.03059000,1847832.00000000,1783918799999,56258.89140000,1228
1783918800000,0.03060000,0.03079000,0.03044000,0.03046000,707792.00000000,1783922399999,21653.84065000,819
1783922400000,0.03046000,0.03053000,0.02978000,0.02993000,9432724.00000000,1783925999999,283758.09763000,2717
1783926000000,0.02993000,0.03035000,0.02975000,0.02987000,3717914.00000000,1783929599999,111378.81196000,1412
1783929600000,0.02987000,0.03020000,0.02981000,0.03003000,2246304.00000000,1783933199999,67476.40602000,1338
1783933200000,0.03004000,0.03022000,0.02994000,0.03022000,1593227.00000000,1783936799999,47890.21886000,1144
1783936800000,0.03023000,0.03030000,0.02993000,0.03000000,1726688.00000000,1783940399999,51976.08915000,1085
1783940400000,0.03001000,0.03008000,0.02985000,0.02989000,1285190.00000000,1783943999999,38521.35776000,956
1783944000000,0.02989000,0.03018000,0.02979000,0.03016000,1303405.00000000,1783947599999,39078.16868000,802
1783947600000,0.03017000,0.03032000,0.03003000,0.03016000,1327626.00000000,1783951199999,40083.94487000,1034
1783951200000,0.03017000,0.03050000,0.02999000,0.03049000,2539482.00000000,1783954799999,76898.02003000,2034
1783954800000,0.03048000,0.03066000,0.03018000,0.03026000,1801907.00000000,1783958399999,54888.66541000,1198
1783958400000,0.03026000,0.03080000,0.03024000,0.03060000,1059263.00000000,1783961999999,32274.38469000,1008
1783962000000,0.03063000,0.03066000,0.03008000,0.03008000,584675.00000000,1783965599999,17750.16716000,673
1783965600000,0.03009000,0.03021000,0.02990000,0.03005000,582730.00000000,1783969199999,17494.44161000,658
1783969200000,0.03006000,0.03031000,0.03004000,0.03012000,442384.00000000,1783972799999,13342.12734000,453
1783972800000,0.03012000,0.03020000,0.02976000,0.02993000,1521837.00000000,1783976399999,45710.40081000,889
1783976400000,0.02993000,0.03000000,0.02925000,0.02944000,2608858.00000000,1783979999999,77165.52163000,910
1783980000000,0.02945000,0.02976000,0.02943000,0.02952000,895712.00000000,1783983599999,26514.44428000,862
1783983600000,0.02952000,0.02998000,0.02947000,0.02998000,835463.00000000,1783987199999,24890.63154000,746
1783987200000,0.02999000,0.03009000,0.02957000,0.02995000,3209096.00000000,1783990799999,95405.13181000,1208
1783990800000,0.02994000,0.03001000,0.02965000,0.02969000,1667115.00000000,1783994399999,49835.05538000,697
1783994400000,0.02968000,0.02968000,0.02942000,0.02945000,839410.00000000,1783997999999,24802.55608000,556
1783998000000,0.02948000,0.02948000,0.02888000,0.02909000,1467614.00000000,1784001599999,42681.70310000,1112
1784001600000,0.02909000,0.02929000,0.02903000,0.02909000,784380.00000000,1784005199999,22867.01488000,584
1784005200000,0.02909000,0.03065000,0.02907000,0.03030000,3485558.00000000,1784008799999,104267.93681000,3002
1784008800000,0.03031000,0.03060000,0.03006000,0.03017000,3257823.00000000,1784012399999,98486.01288000,2258
1784012400000,0.03016000,0.03039000,0.03013000,0.03023000,534827.00000000,1784015999999,16190.73381000,740
1784016000000,0.03024000,0.03037000,0.02999000,0.03012000,1378793.00000000,1784019599999,41526.13864000,650
1784019600000,0.03011000,0.03036000,0.02962000,0.02984000,2719616.00000000,1784023199999,81495.31770000,1954
1784023200000,0.02983000,0.02996000,0.02969000,0.02978000,1720005.00000000,1784026799999,51284.36796000,912
1784026800000,0.02976000,0.02999000,0.02971000,0.02980000,1391104.00000000,1784030399999,41547.44937000,935
1784030400000,0.02979000,0.03050000,0.02971000,0.03036000,3447420.00000000,1784033999999,103952.62018000,2547
1784034000000,0.03035000,0.03041000,0.03006000,0.03026000,1364315.00000000,1784037599999,41286.25745000,1466
1784037600000,0.03026000,0.03050000,0.03011000,0.03035000,2907008.00000000,1784041199999,87932.98273000,1684
1784041200000,0.03037000,0.03052000,0.03017000,0.03034000,4555008.00000000,1784044799999,138111.75455000,1777
1784044800000,0.03035000,0.03043000,0.03016000,0.03019000,1795336.00000000,1784048399999,54324.58020000,710
1784048400000,0.03019000,0.03023000,0.02997000,0.03002000,886280.00000000,1784051999999,26659.90417000,843
1784052000000,0.03001000,0.03006000,0.02983000,0.02997000,500070.00000000,1784055599999,14973.76986000,478
1784055600000,0.02997000,0.03010000,0.02990000,0.02994000,800331.00000000,1784059199999,24017.59025000,370
1784059200000,0.02994000,0.03009000,0.02980000,0.03008000,450867.00000000,1784062799999,13500.05309000,410
1784062800000,0.03008000,0.03026000,0.03003000,0.03020000,486800.00000000,1784066399999,14667.48114000,489
1784066400000,0.03018000,0.03029000,0.02999000,0.03006000,756771.00000000,1784069999999,22803.69157000,771
1784070000000,0.03007000,0.03045000,0.03005000,0.03025000,1336239.00000000,1784073599999,40423.89322000,559
1784073600000,0.03026000,0.03074000,0.03018000,0.03060000,1369974.00000000,1784077199999,41753.37548000,965
1784077200000,0.03058000,0.03100000,0.03036000,0.03087000,2006663.00000000,1784080799999,61649.62674000,1281
1784080800000,0.03087000,0.03087000,0.03026000,0.03060000,2341409.00000000,1784084399999,71561.08070000,1542
1784084400000,0.03061000,0.03079000,0.03051000,0.03069000,2164983.00000000,1784087999999,66336.45063000,1384
1784088000000,0.03069000,0.03092000,0.03054000,0.03076000,3602872.00000000,1784091599999,110583.66908000,1737
1784091600000,0.03077000,0.03098000,0.03060000,0.03088000,2959285.00000000,1784095199999,91064.58865000,1941
1784095200000,0.03086000,0.03095000,0.03073000,0.03077000,1817027.00000000,1784098799999,56004.08433000,1320
1784098800000,0.03077000,0.03106000,0.03068000,0.03075000,2337918.00000000,1784102399999,72171.81518000,1975
1784102400000,0.03075000,0.03115000,0.03051000,0.03112000,2960598.00000000,1784105999999,91191.16450000,2155
1784106000000,0.03110000,0.03143000,0.03103000,0.03125000,3303782.00000000,1784109599999,103087.77327000,2558
1784109600000,0.03125000,0.03180000,0.03100000,0.03175000,4135689.00000000,1784113199999,129684.42355000,2669
1784113200000,0.03174000,0.03209000,0.03135000,0.03172000,3917380.00000000,1784116799999,124572.17143000,2594
1784116800000,0.03172000,0.03221000,0.03152000,0.03194000,4757384.00000000,1784120399999,151976.97890000,3537
1784120400000,0.03193000,0.03206000,0.03127000,0.03138000,3186390.00000000,1784123999999,100961.61866000,2880
1784124000000,0.03137000,0.03180000,0.03100000,0.03161000,3526358.00000000,1784127599999,110592.59955000,2417
1784127600000,0.03161000,0.03163000,0.03122000,0.03130000,1976492.00000000,1784131199999,62101.83034000,1394
1784131200000,0.03129000,0.03129000,0.03078000,0.03106000,3161820.00000000,1784134799999,97928.54663000,1835
1784134800000,0.03106000,0.03177000,0.03097000,0.03172000,2246183.00000000,1784138399999,70423.75502000,1756
1784138400000,0.03171000,0.03172000,0.03143000,0.03147000,1600425.00000000,1784141999999,50534.66007000,1169
1784142000000,0.03147000,0.03161000,0.03130000,0.03146000,1211506.00000000,1784145599999,38080.91294000,764
1784145600000,0.03146000,0.03169000,0.03122000,0.03127000,2645490.00000000,1784149199999,83068.69314000,1067
1784149200000,0.03127000,0.03133000,0.03105000,0.03108000,2028433.00000000,1784152799999,63214.13854000,456
1784152800000,0.03107000,0.03132000,0.03104000,0.03119000,1299730.00000000,1784156399999,40471.83994000,415
1784156400000,0.03118000,0.03129000,0.03112000,0.03118000,1230408.00000000,1784159999999,38426.41023000,323
1784160000000,0.03118000,0.03164000,0.03117000,0.03156000,3850679.00000000,1784163599999,120929.74930000,2345
1784163600000,0.03156000,0.03156000,0.03115000,0.03125000,1652917.00000000,1784167199999,51829.83509000,1019
1784167200000,0.03124000,0.03147000,0.03097000,0.03127000,1914545.00000000,1784170799999,59841.19802000,1264
1784170800000,0.03126000,0.03129000,0.03111000,0.03119000,720115.00000000,1784174399999,22477.37066000,456
1784174400000,0.03118000,0.03150000,0.03116000,0.03145000,393073.00000000,1784177999999,12300.59618000,416
1784178000000,0.03144000,0.03171000,0.03052000,0.03055000,3801271.00000000,1784181599999,118534.55432000,2219
1784181600000,0.03054000,0.03099000,0.03042000,0.03093000,4966165.00000000,1784185199999,152482.45479000,2498
1784185200000,0.03092000,0.03114000,0.03077000,0.03091000,2688560.00000000,1784188799999,83205.79416000,1563
1784188800000,0.03090000,0.03090000,0.03026000,0.03061000,2128665.00000000,1784192399999,65064.09620000,1268
1784192400000,0.03061000,0.03077000,0.03058000,0.03066000,1029764.00000000,1784195999999,31563.69069000,541
1784196000000,0.03068000,0.03102000,0.03066000,0.03100000,1528437.00000000,1784199599999,47184.24134000,1043
1784199600000,0.03100000,0.03129000,0.03095000,0.03111000,2689139.00000000,1784203199999,83660.85387000,1652
1784203200000,0.03111000,0.03145000,0.03111000,0.03132000,2091177.00000000,1784206799999,65372.22020000,1695
1784206800000,0.03133000,0.03135000,0.03096000,0.03109000,2847637.00000000,1784210399999,88624.41319000,1752
1784210400000,0.03108000,0.03128000,0.03103000,0.03116000,2017929.00000000,1784213999999,62789.26452000,1957
1784214000000,0.03117000,0.03145000,0.03092000,0.03127000,2562188.00000000,1784217599999,79865.88404000,2057
1784217600000,0.03126000,0.03130000,0.03078000,0.03109000,2884525.00000000,1784221199999,89578.34335000,1523
1784221200000,0.03107000,0.03115000,0.03086000,0.03091000,1840031.00000000,1784224799999,57019.34765000,1221
1784224800000,0.03090000,0.03103000,0.03079000,0.03079000,704460.00000000,1784228399999,21778.19692000,694
1784228400000,0.03079000,0.03083000,0.03068000,0.03074000,544938.00000000,1784231999999,16758.72520000,564
1784232000000,0.03071000,0.03107000,0.03071000,0.03097000,785906.00000000,1784235599999,24260.15364000,506
1784235600000,0.03097000,0.03098000,0.03077000,0.03079000,593289.00000000,1784239199999,18331.32629000,246
1784239200000,0.03080000,0.03092000,0.03031000,0.03033000,885026.00000000,1784242799999,27098.85194000,599
1784242800000,0.03033000,0.03035000,0.02994000,0.03031000,2037507.00000000,1784246399999,61371.53830000,990
1784246400000,0.03034000,0.03073000,0.03014000,0.03045000,3131999.00000000,1784249999999,95210.45782000,1639
1784250000000,0.03045000,0.03061000,0.03019000,0.03019000,1068657.00000000,1784253599999,32532.22290000,578
1784253600000,0.03019000,0.03034000,0.03004000,0.03012000,465432.00000000,1784257199999,14048.85785000,416
1784257200000,0.03013000,0.03042000,0.03008000,0.03024000,786418.00000000,1784260799999,23801.43824000,530
1784260800000,0.03023000,0.03065000,0.03022000,0.03042000,2158190.00000000,1784264399999,65652.79917000,1123
1784264400000,0.03041000,0.03050000,0.03000000,0.03004000,1380678.00000000,1784267999999,41797.53755000,788
1784268000000,0.03004000,0.03017000,0.02988000,0.03001000,1529454.00000000,1784271599999,45902.89896000,656
1784271600000,0.03000000,0.03000000,0.02950000,0.02967000,2795079.00000000,1784275199999,83110.75654000,1182
1784275200000,0.02969000,0.02977000,0.02950000,0.02969000,1491727.00000000,1784278799999,44214.81324000,658
1784278800000,0.02970000,0.02989000,0.02970000,0.02986000,950619.00000000,1784282399999,28352.61694000,390
1784282400000,0.02987000,0.03009000,0.02982000,0.02993000,1965252.00000000,1784285999999,58858.84945000,816
1784286000000,0.02992000,0.03012000,0.02992000,0.03006000,1367694.00000000,1784289599999,41053.23624000,373
1784289600000,0.03006000,0.03007000,0.02980000,0.02986000,1836690.00000000,1784293199999,54976.47503000,584
1784293200000,0.02986000,0.02995000,0.02933000,0.02992000,2539099.00000000,1784296799999,75309.02312000,1481
1784296800000,0.02994000,0.03019000,0.02994000,0.02996000,2483593.00000000,1784300399999,74720.70133000,1244
1784300400000,0.02996000,0.03008000,0.02969000,0.03008000,1647007.00000000,1784303999999,49159.78842000,854
1784304000000,0.03008000,0.03008000,0.02973000,0.02991000,1482026.00000000,1784307599999,44389.60004000,653
1784307600000,0.02991000,0.03017000,0.02990000,0.03012000,877175.00000000,1784311199999,26395.17521000,432
1784311200000,0.03012000,0.03031000,0.03011000,0.03028000,527961.00000000,1784314799999,15958.72087000,418
1784314800000,0.03027000,0.03027000,0.02987000,0.02995000,566114.00000000,1784318399999,16975.31130000,442
1784318400000,0.02993000,0.03005000,0.02991000,0.02996000,211957.00000000,1784321999999,6352.12232000,176
1784322000000,0.02997000,0.03003000,0.02983000,0.02983000,133068.00000000,1784325599999,3985.60863000,80
1784325600000,0.02982000,0.02983000,0.02965000,0.02972000,378598.00000000,1784329199999,11244.32957000,198
1784329200000,0.02971000,0.02982000,0.02962000,0.02982000,713838.00000000,1784332799999,21205.50232000,248
1784332800000,0.02982000,0.03020000,0.02977000,0.02999000,1569296.00000000,1784336399999,47057.25329000,633
1784336400000,0.02998000,0.02998000,0.02981000,0.02984000,655644.00000000,1784339999999,19615.96412000,292
1784340000000,0.02983000,0.02993000,0.02977000,0.02988000,531147.00000000,1784343599999,15863.83183000,262
1784343600000,0.02987000,0.03024000,0.02984000,0.03002000,901457.00000000,1784347199999,27076.84547000,463
1784347200000,0.03002000,0.03012000,0.02977000,0.02983000,1324060.00000000,1784350799999,39597.53860000,427
1784350800000,0.02983000,0.03030000,0.02983000,0.02990000,1826702.00000000,1784354399999,54908.32546000,1127
1784354400000,0.02991000,0.03055000,0.02988000,0.03042000,4020360.00000000,1784357999999,121576.72491000,2195
1784358000000,0.03043000,0.03104000,0.03032000,0.03060000,3936479.00000000,1784361599999,120807.62443000,1868
1784361600000,0.03061000,0.03084000,0.03047000,0.03061000,2643394.00000000,1784365199999,81018.81737000,1394
1784365200000,0.03058000,0.03071000,0.03029000,0.03057000,3034160.00000000,1784368799999,92575.03474000,1355
1784368800000,0.03058000,0.03089000,0.03058000,0.03088000,1657190.00000000,1784372399999,50967.99940000,905
1784372400000,0.03088000,0.03168000,0.03085000,0.03142000,5469772.00000000,1784375999999,171607.20475000,2273
1784376000000,0.03141000,0.03195000,0.03139000,0.03169000,8425466.00000000,1784379599999,266549.46639000,3537
1784379600000,0.03169000,0.03207000,0.03148000,0.03159000,5954181.00000000,1784383199999,189107.41168000,3054
1784383200000,0.03158000,0.03177000,0.03113000,0.03145000,4840998.00000000,1784386799999,151943.73656000,3019
1784386800000,0.03145000,0.03150000,0.03116000,0.03136000,2596259.00000000,1784390399999,81356.06044000,1387
1784390400000,0.03135000,0.03198000,0.03133000,0.03184000,3204271.00000000,1784393999999,101507.81091000,1701
1784394000000,0.03184000,0.03193000,0.03106000,0.03109000,1999653.00000000,1784397599999,62880.76860000,1475
1784397600000,0.03108000,0.03115000,0.03098000,0.03103000,1474315.00000000,1784401199999,45813.85130000,680
1784401200000,0.03104000,0.03111000,0.03092000,0.03104000,869004.00000000,1784404799999,26959.23676000,474
1784404800000,0.03103000,0.03115000,0.03091000,0.03097000,694610.00000000,1784408399999,21552.66629000,384
1784408400000,0.03096000,0.03096000,0.03079000,0.03089000,317613.00000000,1784411999999,9808.47130000,181
1784412000000,0.03090000,0.03104000,0.03084000,0.03092000,741571.00000000,1784415599999,22938.21361000,571
1784415600000,0.03092000,0.03112000,0.03091000,0.03109000,937734.00000000,1784419199999,29081.85845000,500
1784419200000,0.03108000,0.03108000,0.03039000,0.03063000,5103934.00000000,1784422799999,156649.51929000,1631
1784422800000,0.03062000,0.03107000,0.03062000,0.03099000,887784.00000000,1784426399999,27339.76142000,591
1784426400000,0.03099000,0.03149000,0.03099000,0.03128000,2308217.00000000,1784429999999,72049.71121000,1180
1784430000000,0.03128000,0.03130000,0.03103000,0.03110000,1016429.00000000,1784433599999,31629.42969000,587
1784433600000,0.03108000,0.03110000,0.03084000,0.03084000,1422000.00000000,1784437199999,43978.30092000,536
1784437200000,0.03085000,0.03094000,0.03080000,0.03090000,344356.00000000,1784440799999,10635.40512000,214
1784440800000,0.03089000,0.03107000,0.03079000,0.03080000,1394773.00000000,1784444399999,43103.84042000,886
1784444400000,0.03079000,0.03081000,0.03055000,0.03066000,1213553.00000000,1784447999999,37225.88216000,664
1784448000000,0.03064000,0.03108000,0.03060000,0.03098000,1587594.00000000,1784451599999,49120.99605000,861
1784451600000,0.03096000,0.03097000,0.03064000,0.03077000,632541.00000000,1784455199999,19462.48500000,387
1784455200000,0.03078000,0.03094000,0.03075000,0.03091000,1466801.00000000,1784458799999,45284.98086000,495
1784458800000,0.03091000,0.03095000,0.03064000,0.03067000,879285.00000000,1784462399999,27082.00852000,499
1784462400000,0.03066000,0.03069000,0.03047000,0.03068000,1224361.00000000,1784465999999,37446.80927000,803
1784466000000,0.03067000,0.03067000,0.03047000,0.03049000,601405.00000000,1784469599999,18352.42046000,419
1784469600000,0.03048000,0.03052000,0.03033000,0.03038000,417999.00000000,1784473199999,12711.72038000,301
1784473200000,0.03038000,0.03043000,0.03028000,0.03035000,434755.00000000,1784476799999,13199.86661000,284
1784476800000,0.03035000,0.03035000,0.03016000,0.03024000,716562.00000000,1784480399999,21665.31591000,387
1784480400000,0.03023000,0.03043000,0.03000000,0.03034000,654520.00000000,1784483999999,19789.09046000,584
1784484000000,0.03034000,0.03059000,0.03022000,0.03040000,1155459.00000000,1784487599999,35163.59977000,817
1784487600000,0.03042000,0.03054000,0.03034000,0.03039000,616549.00000000,1784491199999,18784.42735000,301
1784491200000,0.03038000,0.03040000,0.03024000,0.03026000,192308.00000000,1784494799999,5830.07928000,185
1784494800000,0.03026000,0.03032000,0.02981000,0.02984000,611917.00000000,1784498399999,18399.47751000,326
1784498400000,0.02982000,0.03021000,0.02982000,0.03019000,834933.00000000,1784501999999,25128.76578000,621
1784502000000,0.03018000,0.03018000,0.03003000,0.03012000,297512.00000000,1784505599999,8953.25998000,286
1784505600000,0.03011000,0.03036000,0.03000000,0.03018000,1395983.00000000,1784509199999,42104.01036000,841
1784509200000,0.03019000,0.03040000,0.02994000,0.02997000,620214.00000000,1784512799999,18708.39719000,555
1784512800000,0.02998000,0.03015000,0.02994000,0.03001000,483139.00000000,1784516399999,14520.23717000,435
1784516400000,0.03002000,0.03015000,0.02995000,0.03013000,496318.00000000,1784519999999,14917.40611000,445
1784520000000,0.03012000,0.03012000,0.02968000,0.02976000,860631.00000000,1784523599999,25697.00527000,538
1784523600000,0.02977000,0.02979000,0.02927000,0.02944000,3491953.00000000,1784527199999,103160.38480000,1871
1784527200000,0.02945000,0.02945000,0.02900000,0.02903000,1533291.00000000,1784530799999,44755.20222000,1200
1784530800000,0.02903000,0.02923000,0.02893000,0.02921000,2045238.00000000,1784534399999,59412.44180000,1203
1784534400000,0.02921000,0.02931000,0.02911000,0.02929000,2125167.00000000,1784537999999,62128.56756000,627
1784538000000,0.02928000,0.02959000,0.02926000,0.02947000,1356877.00000000,1784541599999,40014.09295000,523
1784541600000,0.02947000,0.02968000,0.02937000,0.02958000,1027837.00000000,1784545199999,30341.26059000,519
1784545200000,0.02959000,0.02985000,0.02946000,0.02982000,964403.00000000,1784548799999,28581.97624000,511
1784548800000,0.02982000,0.02982000,0.02960000,0.02967000,1518950.00000000,1784552399999,45087.55591000,656
1784552400000,0.02968000,0.02991000,0.02961000,0.02968000,1464601.00000000,1784555999999,43538.34833000,815
1784556000000,0.02969000,0.02973000,0.02929000,0.02959000,1988739.00000000,1784559599999,58629.30682000,1679
1784559600000,0.02960000,0.02997000,0.02957000,0.02983000,1316120.00000000,1784563199999,39170.55564000,1037
1784563200000,0.02984000,0.02986000,0.02965000,0.02978000,816399.00000000,1784566799999,24311.28766000,562
1784566800000,0.02979000,0.02993000,0.02973000,0.02986000,528368.00000000,1784570399999,15762.26159000,424
1784570400000,0.02985000,0.03012000,0.02982000,0.03009000,616729.00000000,1784573999999,18481.97000000,564
1784574000000,0.03010000,0.03011000,0.02992000,0.03006000,1667076.00000000,1784577599999,49983.25276000,665
1784577600000,0.03006000,0.03009000,0.02976000,0.02981000,2920143.00000000,1784581199999,87427.64651000,602
1784581200000,0.02981000,0.02989000,0.02976000,0.02979000,625567.00000000,1784584799999,18661.09248000,120
1784584800000,0.02978000,0.02992000,0.02969000,0.02986000,649334.00000000,1784588399999,19371.99146000,286
1784588400000,0.02987000,0.03006000,0.02987000,0.03006000,605106.00000000,1784591999999,18157.72936000,211
1784592000000,0.03006000,0.03007000,0.02976000,0.02981000,782207.00000000,1784595599999,23399.28786000,387
1784595600000,0.02981000,0.02993000,0.02970000,0.02987000,1065743.00000000,1784599199999,31791.65061000,302
1784599200000,0.02988000,0.03041000,0.02985000,0.03029000,1382725.00000000,1784602799999,41694.85081000,683
1784602800000,0.03029000,0.03044000,0.03020000,0.03022000,721126.00000000,1784606399999,21874.19981000,359
1784606400000,0.03022000,0.03045000,0.03012000,0.03014000,1586876.00000000,1784609999999,48106.67055000,481
1784610000000,0.03013000,0.03043000,0.03011000,0.03035000,1167715.00000000,1784613599999,35355.32049000,555
1784613600000,0.03034000,0.03036000,0.03020000,0.03028000,374805.00000000,1784617199999,11347.53909000,246
1784617200000,0.03028000,0.03038000,0.03014000,0.03019000,665585.00000000,1784620799999,20124.44439000,263
1784620800000,0.03020000,0.03020000,0.03010000,0.03011000,952981.00000000,1784624399999,28722.90837000,330
1784624400000,0.03010000,0.03010000,0.02997000,0.03008000,593622.00000000,1784627999999,17846.75392000,220
1784628000000,0.03010000,0.03015000,0.03002000,0.03010000,1123657.00000000,1784631599999,33816.57919000,270
1784631600000,0.03010000,0.03012000,0.03002000,0.03011000,1054504.00000000,1784635199999,31713.84929000,352
1784635200000,0.03012000,0.03012000,0.03002000,0.03007000,775060.00000000,1784638799999,23300.73769000,340
1784638800000,0.03007000,0.03050000,0.02991000,0.03043000,3072916.00000000,1784642399999,92811.77850000,991
1784642400000,0.03044000,0.03044000,0.02992000,0.03012000,877285.00000000,1784645999999,26450.89078000,458
1784646000000,0.03012000,0.03024000,0.03005000,0.03008000,315255.00000000,1784649599999,9496.12964000,204
1784649600000,0.03008000,0.03029000,0.02975000,0.02982000,1719384.00000000,1784653199999,51513.00568000,751
1784653200000,0.02982000,0.02989000,0.02951000,0.02971000,1898441.00000000,1784656799999,56455.82364000,597
1784656800000,0.02972000,0.03002000,0.02969000,0.03002000,561038.00000000,1784660399999,16748.27994000,379
1784660400000,0.03003000,0.03010000,0.02997000,0.03005000,400239.00000000,1784663999999,12020.41867000,327
1784664000000,0.03004000,0.03023000,0.03004000,0.03023000,512108.00000000,1784667599999,15450.61089000,373
1784667600000,0.03023000,0.03040000,0.03019000,0.03032000,329431.00000000,1784671199999,9983.21824000,278
1784671200000,0.03027000,0.03039000,0.03014000,0.03028000,1210432.00000000,1784674799999,36630.94616000,558
1784674800000,0.03027000,0.03057000,0.03022000,0.03052000,1077171.00000000,1784678399999,32767.93607000,556
1784678400000,0.03050000,0.03063000,0.03027000,0.03041000,1820912.00000000,1784681999999,55441.80127000,757
1784682000000,0.03038000,0.03042000,0.03028000,0.03034000,750170.00000000,1784685599999,22758.60614000,265
1784685600000,0.03033000,0.03074000,0.03026000,0.03060000,1627391.00000000,1784689199999,49740.95279000,600
1784689200000,0.03060000,0.03065000,0.03024000,0.03025000,1481416.00000000,1784692799999,45153.76591000,497
1784692800000,0.03025000,0.03041000,0.03025000,0.03032000,336094.00000000,1784696399999,10195.44201000,227
1784696400000,0.03032000,0.03051000,0.03026000,0.03032000,557085.00000000,1784699999999,16907.01635000,337
1784700000000,0.03032000,0.03052000,0.03006000,0.03045000,1474083.00000000,1784703599999,44678.68987000,769
1784703600000,0.03044000,0.03082000,0.03017000,0.03022000,1750987.00000000,1784707199999,53323.86968000,862
1784707200000,0.03021000,0.03073000,0.03018000,0.03042000,2801679.00000000,1784710799999,85136.08962000,945
1784710800000,0.03043000,0.03083000,0.03043000,0.03074000,2308324.00000000,1784714399999,70794.35745000,939
1784714400000,0.03075000,0.03108000,0.03058000,0.03093000,3000064.00000000,1784717999999,92553.36516000,1000
1784718000000,0.03092000,0.03113000,0.03090000,0.03093000,1103481.00000000,1784721599999,34196.10839000,528
1784721600000,0.03092000,0.03117000,0.03077000,0.03110000,3905377.00000000,1784725199999,121082.69641000,1342
1784725200000,0.03110000,0.03120000,0.03104000,0.03115000,1450378.00000000,1784728799999,45156.21819000,659
1784728800000,0.03113000,0.03132000,0.03082000,0.03101000,3577273.00000000,1784732399999,111334.71186000,1080
1784732400000,0.03102000,0.03107000,0.03068000,0.03071000,1894279.00000000,1784735999999,58449.57990000,543
1784736000000,0.03072000,0.03095000,0.03065000,0.03079000,2198946.00000000,1784739599999,67833.48510000,583
1784739600000,0.03080000,0.03115000,0.03076000,0.03107000,1863811.00000000,1784743199999,57649.27719000,446
1784743200000,0.03106000,0.03143000,0.03099000,0.03121000,1940125.00000000,1784746799999,60599.12865000,807
1784746800000,0.03121000,0.03134000,0.03097000,0.03097000,780060.00000000,1784750399999,24283.80056000,403
1784750400000,0.03095000,0.03121000,0.03095000,0.03120000,566561.00000000,1784753999999,17621.12928000,346
1784754000000,0.03120000,0.03129000,0.03088000,0.03096000,590209.00000000,1784757599999,18337.08979000,305
1784757600000,0.03095000,0.03121000,0.03091000,0.03119000,475570.00000000,1784761199999,14741.94514000,311
1784761200000,0.03118000,0.03118000,0.03085000,0.03086000,1421894.00000000,1784764799999,43967.87080000,437
1784764800000,0.03086000,0.03101000,0.03071000,0.03090000,1474956.00000000,1784768399999,45584.98070000,840
1784768400000,0.03089000,0.03095000,0.03043000,0.03043000,2440036.00000000,1784771999999,74999.81697000,1040
1784772000000,0.03043000,0.03043000,0.03020000,0.03026000,1481416.00000000,1784775599999,44868.92592000,497
1784775600000,0.03025000,0.03030000,0.02990000,0.03021000,4411194.00000000,1784779199999,133053.75332000,827
1784779200000,0.03021000,0.03051000,0.03014000,0.03040000,932584.00000000,1784782799999,28315.27204000,391
1784782800000,0.03041000,0.03054000,0.03036000,0.03038000,1366502.00000000,1784786399999,41578.41550000,347
1784786400000,0.03037000,0.03038000,0.03024000,0.03024000,679477.00000000,1784789999999,20579.65735000,306
1784790000000,0.03022000,0.03043000,0.03013000,0.03040000,929836.00000000,1784793599999,28171.05649000,462
1784793600000,0.03037000,0.03051000,0.03031000,0.03036000,1333462.00000000,1784797199999,40540.88006000,335
1784797200000,0.03035000,0.03044000,0.03030000,0.03035000,310158.00000000,1784800799999,9419.46376000,144
1784800800000,0.03036000,0.03057000,0.03021000,0.03021000,969586.00000000,1784804399999,29454.19768000,320
1784804400000,0.03021000,0.03026000,0.03004000,0.03008000,4137145.00000000,1784807999999,124638.99615000,531
1784808000000,0.03009000,0.03027000,0.02990000,0.03006000,1653106.00000000,1784811599999,49673.99706000,585
1784811600000,0.03005000,0.03020000,0.02993000,0.03010000,1755289.00000000,1784815199999,52755.16046000,626
1784815200000,0.03012000,0.03019000,0.02977000,0.02980000,1412357.00000000,1784818799999,42380.98265000,371
1784818800000,0.02978000,0.02987000,0.02962000,0.02972000,1112970.00000000,1784822399999,33074.73177000,457
1784822400000,0.02972000,0.02984000,0.02948000,0.02982000,972435.00000000,1784825999999,28815.11722000,361
1784826000000,0.02980000,0.02985000,0.02957000,0.02961000,596232.00000000,1784829599999,17743.38756000,202
1784829600000,0.02964000,0.02964000,0.02940000,0.02949000,648852.00000000,1784833199999,19132.63320000,288
1784833200000,0.02951000,0.02952000,0.02878000,0.02900000,5423858.00000000,1784836799999,157618.86228000,1779
1784836800000,0.02902000,0.02946000,0.02902000,0.02945000,1476619.00000000,1784840399999,43278.82549000,617
1784840400000,0.02946000,0.02953000,0.02928000,0.02933000,863471.00000000,1784843999999,25393.13953000,324
1784844000000,0.02934000,0.02943000,0.02916000,0.02916000,888734.00000000,1784847599999,26057.15314000,550
1784847600000,0.02917000,0.02934000,0.02909000,0.02926000,1315836.00000000,1784851199999,38440.16632000,472
1784851200000,0.02927000,0.02951000,0.02921000,0.02928000,2344492.00000000,1784854799999,68923.82369000,986
1784854800000,0.02929000,0.02953000,0.02929000,0.02947000,1872517.00000000,1784858399999,55184.55254000,657
1784858400000,0.02947000,0.02981000,0.02947000,0.02952000,953244.00000000,1784861999999,28286.09749000,575
1784862000000,0.02951000,0.02973000,0.02944000,0.02969000,695069.00000000,1784865599999,20616.64237000,248
1784865600000,0.02968000,0.02995000,0.02956000,0.02970000,2582552.00000000,1784869199999,76763.26274000,732
1784869200000,0.02971000,0.02995000,0.02964000,0.02972000,660507.00000000,1784872799999,19667.60651000,290
1784872800000,0.02972000,0.02986000,0.02963000,0.02969000,1116675.00000000,1784876399999,33185.34510000,359
1784876400000,0.02968000,0.02978000,0.02949000,0.02960000,278242.00000000,1784879999999,8243.99833000,199
1784880000000,0.02960000,0.02967000,0.02957000,0.02962000,377880.00000000,1784883599999,11195.22246000,199
1784883600000,0.02962000,0.02968000,0.02949000,0.02960000,618452.00000000,1784887199999,18307.83281000,241
1784887200000,0.02961000,0.02965000,0.02942000,0.02965000,529919.00000000,1784890799999,15646.26200000,262
1784890800000,0.02964000,0.02964000,0.02936000,0.02940000,414118.00000000,1784894399999,12193.30337000,236
1784894400000,0.02939000,0.02964000,0.02932000,0.02938000,2059121.00000000,1784897999999,60692.40586000,615
1784898000000,0.02937000,0.02939000,0.02886000,0.02915000,3753009.00000000,1784901599999,109083.26278000,1371
1784901600000,0.02916000,0.02916000,0.02878000,0.02900000,2150298.00000000,1784905199999,62252.94541000,1148
1784905200000,0.02900000,0.02922000,0.02884000,0.02919000,1352156.00000000,1784908799999,39295.39762000,690
1784908800000,0.02919000,0.02923000,0.02893000,0.02910000,1817703.00000000,1784912399999,52826.14448000,672
1784912400000,0.02911000,0.02968000,0.02911000,0.02956000,1779068.00000000,1784915999999,52272.55781000,583
1784916000000,0.02956000,0.02964000,0.02944000,0.02949000,1653556.00000000,1784919599999,48848.74186000,533
1784919600000,0.02949000,0.02951000,0.02932000,0.02950000,569328.00000000,1784923199999,16740.05355000,327
1784923200000,0.02949000,0.02963000,0.02938000,0.02949000,560443.00000000,1784926799999,16544.20277000,375
1784926800000,0.02948000,0.02948000,0.02907000,0.02908000,439455.00000000,1784930399999,12893.36107000,234
1784930400000,0.02909000,0.02953000,0.02908000,0.02944000,532637.00000000,1784933999999,15647.82071000,291
1784934000000,0.02944000,0.02948000,0.02935000,0.02936000,533975.00000000,1784937599999,15702.60553000,180
1784937600000,0.02937000,0.02937000,0.02928000,0.02935000,745039.00000000,1784941199999,21844.19561000,266
1784941200000,0.02936000,0.02954000,0.02935000,0.02941000,1996810.00000000,1784944799999,58765.59802000,387
1784944800000,0.02941000,0.02977000,0.02941000,0.02964000,758510.00000000,1784948399999,22487.51101000,289
1784948400000,0.02964000,0.02969000,0.02942000,0.02947000,1367212.00000000,1784951999999,40439.34606000,488
1784952000000,0.02947000,0.02969000,0.02945000,0.02961000,879531.00000000,1784955599999,25979.03584000,331
1784955600000,0.02960000,0.02978000,0.02931000,0.02939000,2149107.00000000,1784959199999,63565.96679000,749
1784959200000,0.02939000,0.02950000,0.02927000,0.02935000,399316.00000000,1784962799999,11735.16979000,341
1784962800000,0.02935000,0.02944000,0.02930000,0.02930000,244506.00000000,1784966399999,7179.97589000,203
1784966400000,0.02929000,0.02938000,0.02910000,0.02915000,756513.00000000,1784969999999,22141.16558000,414
1784970000000,0.02915000,0.02940000,0.02913000,0.02934000,511204.00000000,1784973599999,14944.97511000,297
1784973600000,0.02934000,0.02935000,0.02915000,0.02930000,259321.00000000,1784977199999,7577.92107000,234
1784977200000,0.02929000,0.02937000,0.02911000,0.02921000,633876.00000000,1784980799999,18556.85094000,369
1784980800000,0.02921000,0.02929000,0.02910000,0.02919000,1067104.00000000,1784984399999,31146.74241000,331
1784984400000,0.02918000,0.02919000,0.02894000,0.02902000,2613031.00000000,1784987999999,75935.13969000,941
1784988000000,0.02902000,0.02911000,0.02889000,0.02901000,719334.00000000,1784991599999,20853.67442000,511
1784991600000,0.02901000,0.02911000,0.02897000,0.02897000,383974.00000000,1784995199999,11151.68118000,408
1784995200000,0.02897000,0.02904000,0.02881000,0.02893000,638006.00000000,1784998799999,18456.17124000,430
1784998800000,0.02893000,0.02902000,0.02882000,0.02888000,646897.00000000,1785002399999,18719.52587000,442
1785002400000,0.02888000,0.02901000,0.02868000,0.02875000,1667972.00000000,1785005999999,48063.45207000,948
1785006000000,0.02875000,0.02882000,0.02868000,0.02875000,1008922.00000000,1785009599999,28995.54789000,545
1785009600000,0.02876000,0.02900000,0.02875000,0.02896000,1547529.00000000,1785013199999,44641.85050000,663
1785013200000,0.02896000,0.02904000,0.02891000,0.02904000,206067.00000000,1785016799999,5968.76245000,133
1785016800000,0.02902000,0.02910000,0.02896000,0.02896000,394578.00000000,1785020399999,11456.59752000,226
1785020400000,0.02896000,0.02903000,0.02888000,0.02892000,178889.00000000,1785023999999,5183.70867000,133
1785024000000,0.02892000,0.02911000,0.02887000,0.02910000,329802.00000000,1785027599999,9567.71628000,357
1785027600000,0.02910000,0.02915000,0.02900000,0.02905000,294942.00000000,1785031199999,8571.34001000,278
1785031200000,0.02905000,0.02931000,0.02898000,0.02920000,1247048.00000000,1785034799999,36314.42967000,411
1785034800000,0.02920000,0.02925000,0.02903000,0.02924000,1839168.00000000,1785038399999,53652.33551000,312
1785038400000,0.02924000,0.02925000,0.02910000,0.02910000,914411.00000000,1785041999999,26686.53751000,193
1785042000000,0.02910000,0.02950000,0.02904000,0.02942000,1437273.00000000,1785045599999,42010.83902000,670
1785045600000,0.02945000,0.02950000,0.02920000,0.02947000,1182955.00000000,1785049199999,34726.77876000,542
1785049200000,0.02945000,0.02977000,0.02944000,0.02973000,1217410.00000000,1785052799999,36003.92627000,530
1785052800000,0.02969000,0.02995000,0.02962000,0.02992000,1279667.00000000,1785056399999,38077.53517000,1014
1785056400000,0.02991000,0.03002000,0.02947000,0.02948000,1814056.00000000,1785059999999,54005.94514000,1009
1785060000000,0.02949000,0.02959000,0.02943000,0.02945000,694050.00000000,1785063599999,20474.18159000,388
1785063600000,0.02943000,0.02957000,0.02938000,0.02950000,446634.00000000,1785067199999,13161.62449000,326
1785067200000,0.02950000,0.02950000,0.02935000,0.02937000,397173.00000000,1785070799999,11685.95757000,275
1785070800000,0.02936000,0.02941000,0.02923000,0.02923000,545749.00000000,1785074399999,16002.30167000,348
1785074400000,0.02923000,0.02947000,0.02922000,0.02935000,394412.00000000,1785077999999,11580.44329000,286
1785078000000,0.02935000,0.02957000,0.02931000,0.02953000,586855.00000000,1785081599999,17296.98547000,293
1785081600000,0.02951000,0.02977000,0.02951000,0.02965000,1045715.00000000,1785085199999,30999.65403000,609
1785085200000,0.02960000,0.02965000,0.02916000,0.02928000,1087611.00000000,1785088799999,32020.73572000,408
1785088800000,0.02930000,0.02932000,0.02915000,0.02927000,479007.00000000,1785092399999,14001.14253000,187
1785092400000,0.02927000,0.02929000,0.02919000,0.02923000,188422.00000000,1785095999999,5507.39927000,76
1785096000000,0.02921000,0.02928000,0.02917000,0.02920000,238813.00000000,1785099599999,6977.66624000,113
1785099600000,0.02920000,0.02926000,0.02919000,0.02922000,72972.00000000,1785103199999,2132.17907000,131
1785103200000,0.02925000,0.02945000,0.02925000,0.02936000,455451.00000000,1785106799999,13350.39766000,133
1785106800000,0.02939000,0.02954000,0.02936000,0.02949000,213720.00000000,1785110399999,6299.46361000,150
1785110400000,0.02949000,0.02964000,0.02937000,0.02939000,1425919.00000000,1785113999999,42076.62403000,580
1785114000000,0.02939000,0.02951000,0.02931000,0.02932000,201267.00000000,1785117599999,5918.48676000,188
1785117600000,0.02932000,0.02933000,0.02919000,0.02928000,634021.00000000,1785121199999,18546.76821000,243
1785121200000,0.02933000,0.02955000,0.02928000,0.02935000,1161352.00000000,1785124799999,34164.91733000,439
1785124800000,0.02936000,0.02948000,0.02933000,0.02944000,168090.00000000,1785128399999,4944.60999000,115
1785128400000,0.02939000,0.02965000,0.02936000,0.02942000,524444.00000000,1785131999999,15472.27769000,251
1785132000000,0.02938000,0.02947000,0.02918000,0.02919000,948803.00000000,1785135599999,27797.69275000,504
1785135600000,0.02918000,0.02925000,0.02895000,0.02896000,1181523.00000000,1785139199999,34374.86403000,642
1785139200000,0.02896000,0.02898000,0.02885000,0.02893000,900112.00000000,1785142799999,26031.81572000,621
1785142800000,0.02890000,0.02890000,0.02852000,0.02866000,2479130.00000000,1785146399999,71120.29447000,1232
1785146400000,0.02866000,0.02902000,0.02866000,0.02896000,1245821.00000000,1785149999999,35892.25667000,781
1785150000000,0.02898000,0.02904000,0.02880000,0.02886000,478198.00000000,1785153599999,13823.73525000,263
1785153600000,0.02887000,0.02907000,0.02883000,0.02895000,790439.00000000,1785157199999,22898.38853000,231
1785157200000,0.02898000,0.02917000,0.02876000,0.02897000,2328358.00000000,1785160799999,67537.91179000,813
1785160800000,0.02898000,0.02899000,0.02734000,0.02756000,6702171.00000000,1785164399999,187543.08621000,2222
1785164400000,0.02757000,0.02761000,0.02616000,0.02657000,8974058.00000000,1785167999999,239906.10462000,3736
1785168000000,0.02656000,0.02687000,0.02651000,0.02660000,3320105.00000000,1785171599999,88647.63768000,1669
1785171600000,0.02660000,0.02706000,0.02657000,0.02691000,3644612.00000000,1785175199999,97880.04548000,1216
1785175200000,0.02691000,0.02696000,0.02658000,0.02685000,2588853.00000000,1785178799999,69293.87144000,952
1785178800000,0.02686000,0.02718000,0.02682000,0.02716000,900167.00000000,1785182399999,24310.62353000,456
1785182400000,0.02716000,0.02719000,0.02684000,0.02693000,1590448.00000000,1785185999999,42874.28861000,511
1785186000000,0.02691000,0.02704000,0.02679000,0.02682000,1411590.00000000,1785189599999,37992.88426000,513
1785189600000,0.02682000,0.02683000,0.02589000,0.02593000,4884654.00000000,1785193199999,128252.94039000,1417
1785193200000,0.02591000,0.02619000,0.02565000,0.02611000,6209584.00000000,1785196799999,161364.24739000,2152
1785196800000,0.02613000,0.02626000,0.02594000,0.02594000,1307175.00000000,1785200399999,34132.44686000,462
1785200400000,0.02595000,0.02596000,0.02546000,0.02570000,2335171.00000000,1785203999999,60059.85378000,1010
1785204000000,0.02569000,0.02582000,0.02556000,0.02576000,1369540.00000000,1785207599999,35195.47549000,644
1785207600000,0.02575000,0.02580000,0.02570000,0.02572000,391759.00000000,1785211199999,10087.02105000,260
1785211200000,0.02571000,0.02577000,0.02529000,0.02555000,2509953.00000000,1785214799999,64065.52768000,1006
1785214800000,0.02555000,0.02570000,0.02555000,0.02557000,1156189.00000000,1785218399999,29642.88758000,599
1785218400000,0.02560000,0.02580000,0.02550000,0.02577000,2032995.00000000,1785221999999,52062.42245000,818
1785222000000,0.02574000,0.02585000,0.02534000,0.02547000,1062812.00000000,1785225599999,27149.23382000,381
1785225600000,0.02549000,0.02567000,0.02540000,0.02551000,2024349.00000000,1785229199999,51650.18692000,456
1785229200000,0.02551000,0.02552000,0.02534000,0.02540000,1204466.00000000,1785232799999,30625.59801000,402
1785232800000,0.02543000,0.02571000,0.02538000,0.02554000,3214585.00000000,1785236399999,82154.10218000,627
1785236400000,0.02555000,0.02564000,0.02539000,0.02558000,1386754.00000000,1785239999999,35356.26899000,392
1785240000000,0.02558000,0.02610000,0.02553000,0.02590000,3180633.00000000,1785243599999,82321.75821000,1046
1785243600000,0.02588000,0.02595000,0.02546000,0.02563000,2033892.00000000,1785247199999,52352.55270000,548
1785247200000,0.02564000,0.02577000,0.02535000,0.02554000,1276852.00000000,1785250799999,32571.56702000,361
1785250800000,0.02554000,0.02592000,0.02543000,0.02571000,1297657.00000000,1785254399999,33354.50623000,302
1785254400000,0.02572000,0.02582000,0.02561000,0.02564000,1993518.00000000,1785257999999,51262.28603000,267
1785258000000,0.02566000,0.02569000,0.02542000,0.02552000,591396.00000000,1785261599999,15116.09276000,315
1785261600000,0.02554000,0.02556000,0.02516000,0.02522000,1129093.00000000,1785265199999,28597.50048000,344
1785265200000,0.02524000,0.02546000,0.02521000,0.02524000,1133402.00000000,1785268799999,28692.49019000,263
1785268800000,0.02526000,0.02557000,0.02515000,0.02553000,1314956.00000000,1785272399999,33383.16987000,375
1785272400000,0.02555000,0.02568000,0.02547000,0.02556000,471704.00000000,1785275999999,12057.61051000,316
1785276000000,0.02557000,0.02569000,0.02528000,0.02528000,754461.00000000,1785279599999,19262.02352000,327
1785279600000,0.02528000,0.02533000,0.02505000,0.02523000,722428.00000000,1785283199999,18205.48820000,471
1785283200000,0.02524000,0.02550000,0.02512000,0.02537000,3926511.00000000,1785286799999,99372.05949000,1139
1785286800000,0.02537000,0.02550000,0.02474000,0.02486000,2675573.00000000,1785290399999,67252.67206000,943
1785290400000,0.02486000,0.02521000,0.02460000,0.02512000,3120921.00000000,1785293999999,77694.41650000,1206
1785294000000,0.02513000,0.02518000,0.02468000,0.02468000,893749.00000000,1785297599999,22256.74437000,518
1785297600000,0.02468000,0.02499000,0.02449000,0.02499000,2293823.00000000,1785301199999,56720.53719000,838
1785301200000,0.02498000,0.02591000,0.02495000,0.02591000,2635616.00000000,1785304799999,67310.42802000,1165
1785304800000,0.02591000,0.02622000,0.02586000,0.02605000,4073070.00000000,1785308399999,106020.98490000,1539
1785308400000,0.02607000,0.02678000,0.02595000,0.02670000,2625954.00000000,1785311999999,69226.34012000,1399
1785312000000,0.02671000,0.02715000,0.02667000,0.02702000,7880418.00000000,1785315599999,212038.75320000,4432
1785315600000,0.02701000,0.02712000,0.02637000,0.02654000,5788217.00000000,1785319199999,154986.89174000,2479
1785319200000,0.02655000,0.02662000,0.02568000,0.02595000,2964441.00000000,1785322799999,77399.07386000,1230
1785322800000,0.02595000,0.02598000,0.02567000,0.02584000,2315304.00000000,1785326399999,59831.95647000,844
1785326400000,0.02584000,0.02585000,0.02524000,0.02528000,2092857.00000000,1785329999999,53379.41485000,864
1785330000000,0.02529000,0.02543000,0.02511000,0.02525000,1397943.00000000,1785333599999,35297.95244000,611
1785333600000,0.02524000,0.02526000,0.02493000,0.02498000,1033905.00000000,1785337199999,25921.81549000,535
1785337200000,0.02499000,0.02508000,0.02486000,0.02497000,1766010.00000000,1785340799999,44097.59624000,537
1785340800000,0.02498000,0.02503000,0.02471000,0.02471000,1374843.00000000,1785344399999,34157.55540000,379
1785344400000,0.02474000,0.02498000,0.02465000,0.02496000,1441758.00000000,1785347999999,35755.98134000,461
1785348000000,0.02498000,0.02536000,0.02472000,0.02528000,2830804.00000000,1785351599999,70950.74633000,1121
1785351600000,0.02528000,0.02539000,0.02459000,0.02468000,2081677.00000000,1785355199999,51889.89768000,1072
1785355200000,0.02467000,0.02471000,0.02431000,0.02436000,2894764.00000000,1785358799999,71085.77924000,987
1785358800000,0.02435000,0.02486000,0.02423000,0.02486000,1528581.00000000,1785362399999,37359.30483000,676
1785362400000,0.02484000,0.02502000,0.02478000,0.02480000,801425.00000000,1785365999999,19955.22324000,370
1785366000000,0.02479000,0.02483000,0.02467000,0.02473000,402295.00000000,1785369599999,9948.04398000,203
1785369600000,0.02474000,0.02484000,0.02446000,0.02452000,1869619.00000000,1785373199999,46190.11326000,479
1785373200000,0.02453000,0.02517000,0.02450000,0.02500000,1599679.00000000,1785376799999,39880.33097000,833
1785376800000,0.02500000,0.02505000,0.02483000,0.02489000,1244254.00000000,1785380399999,31065.93244000,323
1785380400000,0.02488000,0.02490000,0.02470000,0.02480000,1576809.00000000,1785383999999,39096.36573000,667
1785384000000,0.02480000,0.02480000,0.02424000,0.02424000,1265427.00000000,1785387599999,31013.88787000,484
1785387600000,0.02424000,0.02433000,0.02411000,0.02422000,930217.00000000,1785391199999,22537.37553000,349
1785391200000,0.02421000,0.02436000,0.02414000,0.02421000,2025635.00000000,1785394799999,49120.89135000,851
1785394800000,0.02422000,0.02443000,0.02420000,0.02422000,1523365.00000000,1785398399999,37061.02777000,560
1785398400000,0.02423000,0.02448000,0.02421000,0.02446000,843873.00000000,1785401999999,20549.84725000,443
1785402000000,0.02446000,0.02463000,0.02429000,0.02452000,1688159.00000000,1785405599999,41280.88665000,567
1785405600000,0.02452000,0.02483000,0.02452000,0.02456000,5198237.00000000,1785409199999,128367.15857000,1949
1785409200000,0.02457000,0.02476000,0.02453000,0.02469000,2080085.00000000,1785412799999,51232.41688000,644
1785412800000,0.02471000,0.02471000,0.02432000,0.02439000,1324036.00000000,1785416399999,32430.79180000,558
1785416400000,0.02441000,0.02474000,0.02432000,0.02471000,1656824.00000000,1785419999999,40716.59799000,724
1785420000000,0.02472000,0.02492000,0.02461000,0.02477000,2620549.00000000,1785423599999,64974.28327000,645
1785423600000,0.02476000,0.02483000,0.02450000,0.02461000,619166.00000000,1785427199999,15272.76430000,333
1785427200000,0.02460000,0.02467000,0.02452000,0.02456000,214558.00000000,1785430799999,5279.12425000,144
1785430800000,0.02455000,0.02465000,0.02441000,0.02463000,412154.00000000,1785434399999,10118.11636000,205
1785434400000,0.02463000,0.02468000,0.02451000,0.02452000,1235738.00000000,1785437999999,30424.29334000,369
1785438000000,0.02454000,0.02466000,0.02452000,0.02456000,2278750.00000000,1785441599999,56041.84661000,824
1785441600000,0.02457000,0.02463000,0.02427000,0.02427000,1072220.00000000,1785445199999,26234.14546000,392
1785445200000,0.02427000,0.02438000,0.02423000,0.02431000,327124.00000000,1785448799999,7951.19058000,179
1785448800000,0.02428000,0.02454000,0.02428000,0.02437000,1637674.00000000,1785452399999,39948.80974000,512
1785452400000,0.02438000,0.02460000,0.02435000,0.02441000,963218.00000000,1785455999999,23539.07856000,509
1785456000000,0.02440000,0.02465000,0.02438000,0.02454000,1033866.00000000,1785459599999,25340.05321000,746
1785459600000,0.02457000,0.02485000,0.02438000,0.02447000,2176147.00000000,1785463199999,53510.95141000,510
1785463200000,0.02447000,0.02447000,0.02410000,0.02427000,937963.00000000,1785466799999,22772.93086000,363
1785466800000,0.02425000,0.02451000,0.02417000,0.02440000,1367774.00000000,1785470399999,33327.30949000,322
1785470400000,0.02440000,0.02443000,0.02419000,0.02421000,442217.00000000,1785473999999,10727.10684000,188
1785474000000,0.02423000,0.02450000,0.02423000,0.02434000,1152409.00000000,1785477599999,28037.26067000,289
1785477600000,0.02435000,0.02448000,0.02428000,0.02433000,867120.00000000,1785481199999,21120.81417000,345
1785481200000,0.02432000,0.02450000,0.02417000,0.02448000,1752971.00000000,1785484799999,42557.16914000,506
1785484800000,0.02447000,0.02450000,0.02425000,0.02432000,1220218.00000000,1785488399999,29763.06097000,426
1785488400000,0.02432000,0.02452000,0.02420000,0.02442000,833948.00000000,1785491999999,20306.94183000,311
1785492000000,0.02440000,0.02468000,0.02430000,0.02461000,831443.00000000,1785495599999,20396.30364000,373
1785495600000,0.02460000,0.02464000,0.02440000,0.02440000,863881.00000000,1785499199999,21162.04276000,311
1785499200000,0.02439000,0.02477000,0.02433000,0.02476000,1154202.00000000,1785502799999,28393.11365000,460
1785502800000,0.02475000,0.02475000,0.02445000,0.02453000,1238337.00000000,1785506399999,30493.48451000,422
1785506400000,0.02454000,0.02509000,0.02417000,0.02473000,4725797.00000000,1785509999999,116489.51492000,1859
1785510000000,0.02473000,0.02524000,0.02465000,0.02510000,4888190.00000000,1785513599999,121641.89393000,1687
1785513600000,0.02510000,0.02534000,0.02491000,0.02505000,3395283.00000000,1785517199999,85103.68168000,1057
1785517200000,0.02506000,0.02555000,0.02506000,0.02537000,2414207.00000000,1785520799999,61264.48983000,923
1785520800000,0.02538000,0.02562000,0.02527000,0.02555000,2146532.00000000,1785524399999,54614.84066000,888
1785524400000,0.02554000,0.02565000,0.02538000,0.02548000,2041788.00000000,1785527999999,52078.16260000,714
1785528000000,0.02548000,0.02562000,0.02527000,0.02558000,1504091.00000000,1785531599999,38338.88735000,664
1785531600000,0.02559000,0.02595000,0.02549000,0.02552000,1717634.00000000,1785535199999,44110.63736000,443
1785535200000,0.02548000,0.02578000,0.02536000,0.02536000,1312004.00000000,1785538799999,33601.12633000,553
1785538800000,0.02536000,0.02545000,0.02522000,0.02530000,1488250.00000000,1785542399999,37695.13576000,608
1785542400000,0.02538000,0.02562000,0.02535000,0.02537000,1799501.00000000,1785545999999,45804.74693000,461
1785546000000,0.02538000,0.02554000,0.02526000,0.02547000,1678144.00000000,1785549599999,42651.78594000,431
1785549600000,0.02552000,0.02576000,0.02550000,0.02562000,883520.00000000,1785553199999,22669.30338000,289
1785553200000,0.02559000,0.02569000,0.02535000,0.02542000,1219272.00000000,1785556799999,31121.01458000,441
1785556800000,0.02545000,0.02568000,0.02538000,0.02563000,564914.00000000,1785560399999,14401.44037000,223
1785560400000,0.02564000,0.02582000,0.02553000,0.02574000,1458524.00000000,1785563999999,37466.70368000,508
1785564000000,0.02573000,0.02575000,0.02550000,0.02550000,471147.00000000,1785567599999,12075.45667000,211
1785567600000,0.02551000,0.02555000,0.02536000,0.02544000,454395.00000000,1785571199999,11583.35108000,172
1785571200000,0.02543000,0.02547000,0.02531000,0.02536000,342940.00000000,1785574799999,8713.56416000,102
1785574800000,0.02530000,0.02540000,0.02523000,0.02535000,642466.00000000,1785578399999,16264.90979000,200
1785578400000,0.02535000,0.02542000,0.02518000,0.02539000,721791.00000000,1785581999999,18259.18986000,220
1785582000000,0.02540000,0.02551000,0.02532000,0.02537000,550164.00000000,1785585599999,13985.01550000,187
1785585600000,0.02537000,0.02554000,0.02535000,0.02549000,340551.00000000,1785589199999,8666.38825000,130
1785589200000,0.02549000,0.02553000,0.02523000,0.02534000,1226840.00000000,1785592799999,31154.39341000,345
1785592800000,0.02535000,0.02541000,0.02524000,0.02524000,643555.00000000,1785596399999,16305.18797000,187
1785596400000,0.02524000,0.02526000,0.02505000,0.02514000,767065.00000000,1785599999999,19296.67512000,319
1785600000000,0.02513000,0.02535000,0.02510000,0.02525000,813857.00000000,1785603599999,20536.03754000,211
1785603600000,0.02533000,0.02535000,0.02506000,0.02515000,399379.00000000,1785607199999,10065.63909000,99
1785607200000,0.02511000,0.02517000,0.02464000,0.02488000,1922039.00000000,1785610799999,47738.94669000,455
1785610800000,0.02498000,0.02518000,0.02481000,0.02512000,1347810.00000000,1785614399999,33621.00668000,293
1785614400000,0.02511000,0.02519000,0.02506000,0.02519000,266246.00000000,1785617999999,6694.62224000,229
1785618000000,0.02521000,0.02548000,0.02517000,0.02536000,1066477.00000000,1785621599999,26999.58131000,434
1785621600000,0.02538000,0.02539000,0.02524000,0.02524000,297780.00000000,1785625199999,7533.26870000,110
1785625200000,0.02525000,0.02525000,0.02504000,0.02520000,297163.00000000,1785628799999,7471.54982000,197
1785628800000,0.02520000,0.02567000,0.02519000,0.02566000,1778761.00000000,1785632399999,45248.11146000,688
1785632400000,0.02567000,0.02578000,0.02552000,0.02558000,613169.00000000,1785635999999,15715.56363000,269
1785636000000,0.02558000,0.02580000,0.02550000,0.02560000,841164.00000000,1785639599999,21591.28076000,389
1785639600000,0.02559000,0.02561000,0.02551000,0.02558000,196172.00000000,1785643199999,5015.90109000,102
1785643200000,0.02558000,0.02579000,0.02551000,0.02571000,1154073.00000000,1785646799999,29635.53080000,436
1785646800000,0.02572000,0.02572000,0.02559000,0.02563000,429820.00000000,1785650399999,11034.71839000,166
1785650400000,0.02565000,0.02579000,0.02565000,0.02572000,908330.00000000,1785653999999,23367.14177000,332
1785654000000,0.02571000,0.02572000,0.02563000,0.02568000,214212.00000000,1785657599999,5498.86952000,98
1785657600000,0.02568000,0.02568000,0.02545000,0.02548000,248171.00000000,1785661199999,6334.66902000,151
1785661200000,0.02547000,0.02564000,0.02543000,0.02557000,450293.00000000,1785664799999,11507.21719000,221
1785664800000,0.02557000,0.02566000,0.02503000,0.02513000,2240438.00000000,1785668399999,56649.40090000,862
1785668400000,0.02512000,0.02519000,0.02500000,0.02506000,401241.00000000,1785671999999,10078.34908000,172
1785672000000,0.02506000,0.02513000,0.02503000,0.02507000,212498.00000000,1785675599999,5331.08226000,90
1785675600000,0.02506000,0.02512000,0.02500000,0.02502000,277499.00000000,1785679199999,6954.09784000,119
1785679200000,0.02503000,0.02533000,0.02502000,0.02520000,569245.00000000,1785682799999,14345.30599000,227
1785682800000,0.02521000,0.02526000,0.02502000,0.02503000,320568.00000000,1785686399999,8060.62509000,152
1785686400000,0.02503000,0.02518000,0.02495000,0.02507000,414591.00000000,1785689999999,10392.34704000,236
1785690000000,0.02506000,0.02523000,0.02502000,0.02509000,276811.00000000,1785693599999,6951.24932000,139
1785693600000,0.02508000,0.02511000,0.02499000,0.02504000,280246.00000000,1785697199999,7022.26287000,160
1785697200000,0.02504000,0.02511000,0.02499000,0.02505000,271162.00000000,1785700799999,6794.71802000,109
1785700800000,0.02506000,0.02507000,0.02495000,0.02503000,139053.00000000,1785704399999,3478.61663000,94
1785704400000,0.02505000,0.02537000,0.02505000,0.02529000,499182.00000000,1785707999999,12583.58260000,127
1785708000000,0.02531000,0.02536000,0.02508000,0.02512000,358390.00000000,1785711599999,9028.07073000,156
1785711600000,0.02512000,0.02526000,0.02512000,0.02518000,605519.00000000,1785715199999,15255.64943000,394
1785715200000,0.02517000,0.02546000,0.02508000,0.02537000,1065200.00000000,1785718799999,26948.77541000,420
1785718800000,0.02535000,0.02549000,0.02513000,0.02518000,1384108.00000000,1785722399999,35043.60148000,511
1785722400000,0.02513000,0.02520000,0.02499000,0.02504000,596250.00000000,1785725999999,14972.79011000,108
1785726000000,0.02503000,0.02505000,0.02482000,0.02486000,450439.00000000,1785729599999,11222.11003000,129
1785729600000,0.02483000,0.02484000,0.02468000,0.02471000,701568.00000000,1785733199999,17355.20776000,112
1785733200000,0.02470000,0.02478000,0.02444000,0.02465000,1488461.00000000,1785736799999,36647.50647000,296
1785736800000,0.02465000,0.02479000,0.02449000,0.02452000,1617360.00000000,1785740399999,39814.27323000,319
1785740400000,0.02445000,0.02458000,0.02444000,0.02445000,415006.00000000,1785743999999,10168.94670000,180
1785744000000,0.02446000,0.02469000,0.02444000,0.02453000,1648517.00000000,1785747599999,40441.03066000,382
1785747600000,0.02453000,0.02460000,0.02450000,0.02459000,707941.00000000,1785751199999,17372.06563000,103
1785751200000,0.02455000,0.02457000,0.02435000,0.02445000,1390816.00000000,1785754799999,33971.86697000,253
1785754800000,0.02444000,0.02444000,0.02424000,0.02431000,415463.00000000,1785758399999,10096.80101000,107
1785758400000,0.02430000,0.02451000,0.02428000,0.02446000,647852.00000000,1785761999999,15829.32921000,292
1785762000000,0.02445000,0.02469000,0.02445000,0.02469000,1011548.00000000,1785765599999,24866.76423000,224
1785765600000,0.02466000,0.02477000,0.02456000,0.02469000,780734.00000000,1785769199999,19259.29112000,238
1785769200000,0.02468000,0.02475000,0.02461000,0.02472000,933403.00000000,1785772799999,23023.41840000,181
1785772800000,0.02470000,0.02485000,0.02460000,0.02485000,1127119.00000000,1785776399999,27838.75580000,323
1785776400000,0.02483000,0.02499000,0.02477000,0.02482000,1831688.00000000,1785779999999,45600.41254000,319
1785780000000,0.02483000,0.02484000,0.02477000,0.02483000,202971.00000000,1785783599999,5035.33549000,110
1785783600000,0.02483000,0.02483000,0.02454000,0.02458000,974505.00000000,1785787199999,24046.15159000,316
1785787200000,0.02458000,0.02469000,0.02450000,0.02469000,547968.00000000,1785790799999,13475.24364000,262
1785790800000,0.02469000,0.02490000,0.02468000,0.02487000,233715.00000000,1785794399999,5784.87855000,101
1785794400000,0.02486000,0.02489000,0.02477000,0.02483000,835986.00000000,1785797999999,20738.74146000,163
1785798000000,0.02480000,0.02482000,0.02460000,0.02466000,517340.00000000,1785801599999,12782.40565000,174
1785801600000,0.02467000,0.02467000,0.02453000,0.02457000,515542.00000000,1785805199999,12673.91851000,79
1785805200000,0.02456000,0.02479000,0.02452000,0.02475000,1321197.00000000,1785808799999,32645.13645000,151
1785808800000,0.02472000,0.02475000,0.02451000,0.02451000,238793.00000000,1785812399999,5875.82684000,105
1785812400000,0.02451000,0.02455000,0.02440000,0.02448000,757072.00000000,1785815999999,18536.78807000,540
1785816000000,0.02442000,0.02469000,0.02440000,0.02460000,833815.00000000,1785819599999,20455.75186000,251
1785819600000,0.02461000,0.02464000,0.02447000,0.02456000,1132417.00000000,1785823199999,27823.39755000,410
1785823200000,0.02458000,0.02469000,0.02445000,0.02445000,525291.00000000,1785826799999,12925.92730000,149
1785826800000,0.02445000,0.02450000,0.02443000,0.02445000,1479798.00000000,1785830399999,36184.20376000,129
1785830400000,0.02444000,0.02460000,0.02440000,0.02440000,1274613.00000000,1785833999999,31245.01461000,185
1785834000000,0.02440000,0.02440000,0.02432000,0.02432000,629776.00000000,1785837599999,15346.78941000,86
1785837600000,0.02430000,0.02444000,0.02417000,0.02441000,2172016.00000000,1785841199999,52816.31973000,360
1785841200000,0.02438000,0.02449000,0.02437000,0.02448000,187157.00000000,1785844799999,4569.66843000,75
1785844800000,0.02447000,0.02468000,0.02444000,0.02459000,1324252.00000000,1785848399999,32547.67446000,346
1785848400000,0.02459000,0.02479000,0.02442000,0.02464000,1890796.00000000,1785851999999,46467.04664000,349
1785852000000,0.02459000,0.02472000,0.02449000,0.02468000,1004519.00000000,1785855599999,24720.70741000,216
1785855600000,0.02471000,0.02482000,0.02454000,0.02477000,2043674.00000000,1785859199999,50491.52412000,405
1785859200000,0.02476000,0.02547000,0.02476000,0.02513000,3608102.00000000,1785862799999,90836.79683000,1014
1785862800000,0.02514000,0.02542000,0.02504000,0.02523000,1496585.00000000,1785866399999,37801.33991000,354
1785866400000,0.02522000,0.02553000,0.02517000,0.02548000,1417544.00000000,1785869999999,35920.46221000,466
1785870000000,0.02551000,0.02577000,0.02539000,0.02539000,2428639.00000000,1785873599999,62181.21305000,1146
1785873600000,0.02538000,0.02579000,0.02526000,0.02557000,2206791.00000000,1785877199999,56116.00979000,810
1785877200000,0.02556000,0.02558000,0.02541000,0.02549000,623446.00000000,1785880799999,15886.01412000,369
1785880800000,0.02551000,0.02564000,0.02547000,0.02559000,935932.00000000,1785884399999,23920.64175000,260
1785884400000,0.02560000,0.02564000,0.02525000,0.02525000,436249.00000000,1785887999999,11109.44511000,240
1785888000000,0.02525000,0.02526000,0.02496000,0.02499000,2292854.00000000,1785891599999,57551.99406000,587
1785891600000,0.02496000,0.02526000,0.02496000,0.02519000,350004.00000000,1785895199999,8798.11072000,108
1785895200000,0.02517000,0.02531000,0.02506000,0.02522000,1612073.00000000,1785898799999,40621.05798000,374
1785898800000,0.02522000,0.02524000,0.02506000,0.02508000,701021.00000000,1785902399999,17599.70099000,184
1785902400000,0.02505000,0.02540000,0.02503000,0.02516000,1349160.00000000,1785905999999,34045.31589000,527
1785906000000,0.02516000,0.02535000,0.02516000,0.02520000,789317.00000000,1785909599999,19921.77410000,229
1785909600000,0.02518000,0.02518000,0.02501000,0.02513000,618867.00000000,1785913199999,15531.28530000,298
1785913200000,0.02512000,0.02546000,0.02511000,0.02540000,1597149.00000000,1785916799999,40457.25413000,649
1785916800000,0.02540000,0.02542000,0.02521000,0.02532000,492472.00000000,1785920399999,12460.38044000,170
1785920400000,0.02531000,0.02542000,0.02509000,0.02511000,812878.00000000,1785923999999,20536.90479000,233
1785924000000,0.02511000,0.02513000,0.02496000,0.02506000,771757.00000000,1785927599999,19332.75833000,119
1785927600000,0.02505000,0.02510000,0.02482000,0.02488000,1296619.00000000,1785931199999,32406.74715000,227
1785931200000,0.02487000,0.02497000,0.02482000,0.02490000,975824.00000000,1785934799999,24275.46385000,183
1785934800000,0.02493000,0.02493000,0.02468000,0.02484000,1026626.00000000,1785938399999,25441.90603000,205
1785938400000,0.02479000,0.02484000,0.02463000,0.02477000,1415887.00000000,1785941999999,35026.56486000,400
1785942000000,0.02475000,0.02479000,0.02460000,0.02464000,936925.00000000,1785945599999,23133.47359000,308
1785945600000,0.02466000,0.02506000,0.02465000,0.02498000,672644.00000000,1785949199999,16770.27703000,132
1785949200000,0.02497000,0.02516000,0.02490000,0.02504000,1132780.00000000,1785952799999,28347.71300000,220
1785952800000,0.02500000,0.02501000,0.02482000,0.02486000,453582.00000000,1785956399999,11307.79729000,100
1785956400000,0.02485000,0.02500000,0.02479000,0.02483000,729169.00000000,1785959999999,18160.38234000,208
1785960000000,0.02480000,0.02495000,0.02476000,0.02495000,1037474.00000000,1785963599999,25806.28084000,262
1785963600000,0.02496000,0.02496000,0.02476000,0.02483000,302174.00000000,1785967199999,7512.79576000,119
1785967200000,0.02483000,0.02487000,0.02475000,0.02476000,327717.00000000,1785970799999,8125.42634000,82
1785970800000,0.02477000,0.02482000,0.02475000,0.02480000,245870.00000000,1785974399999,6097.64469000,68
1785974400000,0.02481000,0.02486000,0.02476000,0.02486000,1840948.00000000,1785977999999,45666.46731000,317
1785978000000,0.02484000,0.02484000,0.02463000,0.02471000,1434583.00000000,1785981599999,35471.41206000,125
1785981600000,0.02466000,0.02468000,0.02441000,0.02449000,939143.00000000,1785985199999,23053.96968000,197
1785985200000,0.02446000,0.02481000,0.02438000,0.02474000,652596.00000000,1785988799999,16089.43590000,203
1785988800000,0.02472000,0.02479000,0.02456000,0.02459000,255131.00000000,1785992399999,6300.55202000,88
1785992400000,0.02462000,0.02473000,0.02453000,0.02463000,861602.00000000,1785995999999,21246.75812000,117
1785996000000,0.02462000,0.02479000,0.02461000,0.02478000,167924.00000000,1785999599999,4139.42628000,41
1785999600000,0.02478000,0.02502000,0.02466000,0.02497000,857427.00000000,1786003199999,21253.56250000,167
1786003200000,0.02498000,0.02498000,0.02475000,0.02479000,1233560.00000000,1786006799999,30674.16545000,306
1786006800000,0.02479000,0.02479000,0.02459000,0.02466000,1327884.00000000,1786010399999,32755.89268000,296
1786010400000,0.02467000,0.02467000,0.02441000,0.02442000,526378.00000000,1786013999999,12918.15079000,148
1786014000000,0.02442000,0.02464000,0.02431000,0.02462000,498904.00000000,1786017599999,12214.67740000,162
1786017600000,0.02459000,0.02470000,0.02452000,0.02465000,178449.00000000,1786021199999,4393.95004000,128
1786021200000,0.02469000,0.02484000,0.02462000,0.02484000,1059442.00000000,1786024799999,26182.49843000,222
1786024800000,0.02483000,0.02486000,0.02471000,0.02478000,628899.00000000,1786028399999,15586.85753000,173
1786028400000,0.02478000,0.02488000,0.02475000,0.02475000,675959.00000000,1786031999999,16771.19691000,204
1786032000000,0.02473000,0.02509000,0.02472000,0.02496000,690626.00000000,1786035599999,17208.26743000,193
1786035600000,0.02498000,0.02506000,0.02484000,0.02505000,518353.00000000,1786039199999,12939.49048000,167
1786039200000,0.02505000,0.02519000,0.02487000,0.02498000,1020782.00000000,1786042799999,25563.51896000,309
1786042800000,0.02498000,0.02551000,0.02498000,0.02533000,1901331.00000000,1786046399999,48083.38615000,568
1786046400000,0.02538000,0.02567000,0.02535000,0.02536000,2364408.00000000,1786049999999,60369.42271000,693
1786050000000,0.02538000,0.02567000,0.02528000,0.02564000,930285.00000000,1786053599999,23643.32873000,273
1786053600000,0.02560000,0.02563000,0.02531000,0.02539000,1033161.00000000,1786057199999,26335.39145000,230
1786057200000,0.02538000,0.02618000,0.02537000,0.02604000,5363146.00000000,1786060799999,138592.38749000,1646
1786060800000,0.02603000,0.02630000,0.02592000,0.02604000,4272528.00000000,1786064399999,111569.84230000,1305
1786064400000,0.02606000,0.02622000,0.02587000,0.02588000,1233431.00000000,1786067999999,32183.57716000,403
1786068000000,0.02589000,0.02610000,0.02562000,0.02562000,883658.00000000,1786071599999,22883.01304000,413
1786071600000,0.02560000,0.02566000,0.02516000,0.02525000,933885.00000000,1786075199999,23764.15852000,275
1786075200000,0.02524000,0.02537000,0.02500000,0.02510000,940684.00000000,1786078799999,23739.28639000,359
1786078800000,0.02513000,0.02533000,0.02513000,0.02517000,1053895.00000000,1786082399999,26598.57725000,430
1786082400000,0.02516000,0.02528000,0.02510000,0.02512000,726665.00000000,1786085999999,18315.08192000,271
1786086000000,0.02512000,0.02514000,0.02495000,0.02497000,620834.00000000,1786089599999,15543.78193000,241
1786089600000,0.02497000,0.02505000,0.02486000,0.02498000,2212961.00000000,1786093199999,55291.50250000,440
1786093200000,0.02498000,0.02507000,0.02492000,0.02492000,778031.00000000,1786096799999,19423.92468000,264
1786096800000,0.02493000,0.02502000,0.02466000,0.02476000,2259058.00000000,1786100399999,56194.08623000,1148
1786100400000,0.02476000,0.02510000,0.02475000,0.02506000,1207913.00000000,1786103999999,30132.92442000,506
1786104000000,0.02504000,0.02532000,0.02504000,0.02510000,1501282.00000000,1786107599999,37851.71196000,403
1786107600000,0.02507000,0.02535000,0.02504000,0.02522000,474412.00000000,1786111199999,11935.19322000,299
1786111200000,0.02518000,0.02538000,0.02509000,0.02517000,806992.00000000,1786114799999,20373.08653000,292
1786114800000,0.02516000,0.02537000,0.02484000,0.02486000,1738193.00000000,1786118399999,43653.29748000,502
1786118400000,0.02489000,0.02517000,0.02484000,0.02495000,1057569.00000000,1786121999999,26410.60691000,318
1786122000000,0.02496000,0.02497000,0.02463000,0.02487000,1028685.00000000,1786125599999,25493.98415000,421
1786125600000,0.02486000,0.02495000,0.02472000,0.02473000,326901.00000000,1786129199999,8125.61556000,158
1786129200000,0.02474000,0.02498000,0.02473000,0.02494000,252047.00000000,1786132799999,6276.81403000,100
1786132800000,0.02496000,0.02503000,0.02492000,0.02502000,144271.00000000,1786136399999,3602.50091000,51
1786136400000,0.02504000,0.02520000,0.02495000,0.02495000,1048669.00000000,1786139999999,26289.68119000,525
1786140000000,0.02494000,0.02502000,0.02493000,0.02502000,786486.00000000,1786143599999,19650.62883000,724
1786143600000,0.02501000,0.02507000,0.02481000,0.02507000,1705247.00000000,1786147199999,42504.62410000,855
1786147200000,0.02508000,0.02508000,0.02489000,0.02496000,771859.00000000,1786150799999,19284.26433000,337
1786150800000,0.02491000,0.02498000,0.02485000,0.02494000,820649.00000000,1786154399999,20439.56720000,770
1786154400000,0.02493000,0.02494000,0.02471000,0.02471000,1216612.00000000,1786157999999,30191.88542000,779
1786158000000,0.02472000,0.02494000,0.02472000,0.02490000,949538.00000000,1786161599999,23549.45920000,1295
1786161600000,0.02489000,0.02490000,0.02477000,0.02480000,868789.00000000,1786165199999,21575.63411000,727
1786165200000,0.02480000,0.02480000,0.02467000,0.02477000,1605015.00000000,1786168799999,39698.11270000,1043
1786168800000,0.02477000,0.02488000,0.02467000,0.02476000,1068059.00000000,1786172399999,26473.79543000,701
1786172400000,0.02475000,0.02485000,0.02468000,0.02468000,659923.00000000,1786175999999,16334.46312000,776
1786176000000,0.02468000,0.02478000,0.02458000,0.02470000,1862414.00000000,1786179599999,45993.97188000,1464
1786179600000,0.02468000,0.02482000,0.02468000,0.02477000,1736026.00000000,1786183199999,42994.20904000,1341
1786183200000,0.02477000,0.02490000,0.02474000,0.02476000,1290037.00000000,1786186799999,32003.07078000,962
1786186800000,0.02475000,0.02480000,0.02458000,0.02461000,961933.00000000,1786190399999,23759.66646000,733
1786190400000,0.02462000,0.02473000,0.02462000,0.02470000,1796622.00000000,1786193999999,44331.81280000,1135
1786194000000,0.02470000,0.02491000,0.02470000,0.02486000,1799408.00000000,1786197599999,44641.54764000,1213
1786197600000,0.02486000,0.02490000,0.02473000,0.02482000,1213100.00000000,1786201199999,30094.61324000,1003
1786201200000,0.02482000,0.02489000,0.02480000,0.02483000,1304385.00000000,1786204799999,32398.83824000,952
1786204800000,0.02483000,0.02511000,0.02481000,0.02487000,2445436.00000000,1786208399999,60968.85084000,1384
1786208400000,0.02486000,0.02495000,0.02481000,0.02486000,1363525.00000000,1786211999999,33919.72836000,1086
1786212000000,0.02487000,0.02487000,0.02469000,0.02480000,1217393.00000000,1786215599999,30148.49982000,882
1786215600000,0.02477000,0.02477000,0.02471000,0.02474000,701068.00000000,1786219199999,17339.92775000,720
1786219200000,0.02474000,0.02474000,0.02464000,0.02470000,1046645.00000000,1786222799999,25843.44081000,950
1786222800000,0.02468000,0.02472000,0.02466000,0.02466000,604079.00000000,1786226399999,14912.06643000,618
1786226400000,0.02465000,0.02487000,0.02457000,0.02466000,1357496.00000000,1786229999999,33481.57724000,1247
1786230000000,0.02464000,0.02470000,0.02442000,0.02462000,1629070.00000000,1786233599999,39992.00476000,1112
1786233600000,0.02462000,0.02462000,0.02446000,0.02454000,1378195.00000000,1786237199999,33816.71131000,1144
1786237200000,0.02453000,0.02461000,0.02279000,0.02315000,15462601.00000000,1786240799999,362099.06606000,7237
1786240800000,0.02316000,0.02335000,0.02299000,0.02313000,6954222.00000000,1786244399999,161003.22538000,3467
1786244400000,0.02311000,0.02312000,0.02289000,0.02303000,3921255.00000000,1786247999999,90284.78906000,2001
1786248000000,0.02303000,0.02333000,0.02303000,0.02319000,2421217.00000000,1786251599999,56180.17698000,1406
1786251600000,0.02319000,0.02328000,0.02313000,0.02316000,1739525.00000000,1786255199999,40346.50335000,1390
1786255200000,0.02315000,0.02328000,0.02313000,0.02323000,2394263.00000000,1786258799999,55557.28360000,1416
1786258800000,0.02322000,0.02324000,0.02304000,0.02308000,2844279.00000000,1786262399999,65787.91397000,1926
1786262400000,0.02307000,0.02320000,0.02302000,0.02311000,3586613.00000000,1786265999999,82811.65254000,1966
1786266000000,0.02310000,0.02312000,0.02299000,0.02302000,2163723.00000000,1786269599999,49882.24042000,1424
1786269600000,0.02301000,0.02325000,0.02287000,0.02309000,2718010.00000000,1786273199999,62648.39816000,1535
1786273200000,0.02309000,0.02321000,0.02303000,0.02313000,2634666.00000000,1786276799999,60938.24381000,1583
1786276800000,0.02311000,0.02325000,0.02309000,0.02317000,2100422.00000000,1786280399999,48723.50773000,1400
1786280400000,0.02317000,0.02330000,0.02316000,0.02323000,1614826.00000000,1786283999999,37512.83585000,1476
1786284000000,0.02323000,0.02372000,0.02318000,0.02367000,5717768.00000000,1786287599999,133759.80894000,3786
1786287600000,0.02366000,0.02366000,0.02346000,0.02350000,2028406.00000000,1786291199999,47751.17975000,1752
1786291200000,0.02352000,0.02373000,0.02329000,0.02337000,2672491.00000000,1786294799999,62832.85783000,1790
1786294800000,0.02337000,0.02344000,0.02319000,0.02324000,2014136.00000000,1786298399999,47009.58437000,1408
1786298400000,0.02325000,0.02334000,0.02310000,0.02313000,2227080.00000000,1786301999999,51706.00624000,1271
1786302000000,0.02312000,0.02318000,0.02309000,0.02317000,1881447.00000000,1786305599999,43518.77476000,1093
1786305600000,0.02316000,0.02340000,0.02315000,0.02330000,2561019.00000000,1786309199999,59485.21150000,1151
1786309200000,0.02329000,0.02330000,0.02321000,0.02325000,911022.00000000,1786312799999,21198.28257000,882
1786312800000,0.02325000,0.02331000,0.02305000,0.02316000,1744026.00000000,1786316399999,40459.94828000,960
1786316400000,0.02315000,0.02315000,0.02153000,0.02171000,19455540.00000000,1786319999999,429842.82011000,8380
1786320000000,0.02172000,0.02211000,0.02165000,0.02208000,8705580.00000000,1786323599999,190885.87691000,3273
1786323600000,0.02208000,0.02258000,0.02208000,0.02232000,3385339.00000000,1786327199999,75586.57602000,1635
1786327200000,0.02231000,0.02231000,0.02217000,0.02217000,1857986.00000000,1786330799999,41290.85793000,930
1786330800000,0.02217000,0.02232000,0.02206000,0.02206000,2260924.00000000,1786334399999,50119.68267000,1492
1786334400000,0.02206000,0.02211000,0.02190000,0.02202000,3099315.00000000,1786337999999,68231.07605000,1944
1786338000000,0.02201000,0.02224000,0.02201000,0.02214000,1582816.00000000,1786341599999,35046.52198000,1549
1786341600000,0.02215000,0.02222000,0.02204000,0.02210000,1474067.00000000,1786345199999,32631.95072000,1563
1786345200000,0.02211000,0.02240000,0.02206000,0.02227000,2862845.00000000,1786348799999,63612.78035000,2238
1786348800000,0.02227000,0.02246000,0.02227000,0.02233000,2115433.00000000,1786352399999,47297.91770000,1802
1786352400000,0.02233000,0.02429000,0.02227000,0.02368000,29415207.00000000,1786355999999,692359.61510000,11498
1786356000000,0.02369000,0.02427000,0.02363000,0.02376000,15902969.00000000,1786359599999,381214.87246000,8623
1786359600000,0.02377000,0.02382000,0.02325000,0.02333000,6832046.00000000,1786363199999,160553.70803000,4573
1786363200000,0.02333000,0.02355000,0.02317000,0.02330000,5081465.00000000,1786366799999,118528.53462000,2915
1786366800000,0.02329000,0.02334000,0.02301000,0.02320000,6346161.00000000,1786370399999,146938.06409000,3009
1786370400000,0.02319000,0.02357000,0.02314000,0.02318000,7203697.00000000,1786373999999,168339.30373000,3093
1786374000000,0.02319000,0.02332000,0.02297000,0.02301000,3312557.00000000,1786377599999,76590.41198000,2302
1786377600000,0.02300000,0.02312000,0.02284000,0.02287000,2747959.00000000,1786381199999,63126.66079000,2023
1786381200000,0.02287000,0.02301000,0.02284000,0.02290000,1659930.00000000,1786384799999,38024.99211000,1694
1786384800000,0.02290000,0.02311000,0.02280000,0.02282000,1489219.00000000,1786388399999,34194.70019000,1036
1786388400000,0.02282000,0.02308000,0.02279000,0.02286000,1119932.00000000,1786391999999,25701.22200000,991
1786392000000,0.02284000,0.02285000,0.02263000,0.02266000,1242902.00000000,1786395599999,28207.57578000,803
1786395600000,0.02266000,0.02266000,0.02249000,0.02252000,940207.00000000,1786399199999,21223.81785000,670
1786399200000,0.02252000,0.02276000,0.02246000,0.02266000,1932752.00000000,1786402799999,43679.32376000,1450
1786402800000,0.02266000,0.02283000,0.02264000,0.02281000,2107373.00000000,1786406399999,47835.25176000,1703
1786406400000,0.02281000,0.02281000,0.02252000,0.02267000,2403083.00000000,1786409999999,54400.65674000,1931
1786410000000,0.02267000,0.02272000,0.02259000,0.02265000,1645362.00000000,1786413599999,37246.25066000,1570
1786413600000,0.02264000,0.02271000,0.02243000,0.02251000,1748021.00000000,1786417199999,39419.70841000,1420
1786417200000,0.02251000,0.02259000,0.02235000,0.02237000,2917147.00000000,1786420799999,65550.83188000,2326
1786420800000,0.02235000,0.02256000,0.02214000,0.02247000,1925551.00000000,1786424399999,42964.39386000,1343
1786424400000,0.02249000,0.02268000,0.02248000,0.02259000,1269349.00000000,1786427999999,28653.69305000,408
1786428000000,0.02261000,0.02275000,0.02255000,0.02269000,1401948.00000000,1786431599999,31758.68011000,488
1786431600000,0.02269000,0.02275000,0.02256000,0.02263000,1061108.00000000,1786435199999,24057.84276000,375
1786435200000,0.02264000,0.02273000,0.02254000,0.02256000,858954.00000000,1786438799999,19451.82977000,278
1786438800000,0.02255000,0.02290000,0.02246000,0.02284000,2112554.00000000,1786442399999,47911.51431000,809
1786442400000,0.02285000,0.02332000,0.02275000,0.02323000,1542893.00000000,1786445999999,35531.26087000,713
1786446000000,0.02322000,0.02326000,0.02286000,0.02296000,1968255.00000000,1786449599999,45292.66332000,897
1786449600000,0.02296000,0.02321000,0.02296000,0.02309000,1527343.00000000,1786453199999,35275.56372000,685
1786453200000,0.02309000,0.02319000,0.02301000,0.02314000,2268335.00000000,1786456799999,52360.81467000,965
1786456800000,0.02313000,0.02315000,0.02290000,0.02296000,1778140.00000000,1786460399999,40969.61733000,911
1786460400000,0.02295000,0.02303000,0.02237000,0.02244000,3189184.00000000,1786463999999,72478.04199000,1357
1786464000000,0.02243000,0.02257000,0.02233000,0.02234000,1639164.00000000,1786467599999,36820.08140000,875
1786467600000,0.02234000,0.02239000,0.02214000,0.02221000,684837.00000000,1786471199999,15236.26260000,446
1786471200000,0.02219000,0.02219000,0.02190000,0.02218000,4556050.00000000,1786474799999,100476.20958000,1608
1786474800000,0.02218000,0.02218000,0.02201000,0.02204000,1311111.00000000,1786478399999,28945.46316000,1261
1786478400000,0.02204000,0.02214000,0.02201000,0.02212000,2271352.00000000,1786481999999,50132.46919000,1797
1786482000000,0.02212000,0.02235000,0.02201000,0.02223000,1792210.00000000,1786485599999,39725.20931000,1647
1786485600000,0.02224000,0.02234000,0.02220000,0.02227000,1074774.00000000,1786489199999,23942.42731000,1075
1786489200000,0.02227000,0.02239000,0.02222000,0.02230000,1834317.00000000,1786492799999,40896.73514000,1476
1786492800000,0.02229000,0.02253000,0.02227000,0.02240000,2159678.00000000,1786496399999,48433.89928000,2392
1786496400000,0.02239000,0.02270000,0.02239000,0.02265000,2143089.00000000,1786499999999,48255.70365000,1912
1786500000000,0.02264000,0.02276000,0.02262000,0.02267000,1406145.00000000,1786503599999,31898.21460000,1323
1786503600000,0.02267000,0.02271000,0.02231000,0.02231000,2172553.00000000,1786507199999,48851.35197000,1095
1786507200000,0.02231000,0.02266000,0.02228000,0.02248000,1615921.00000000,1786510799999,36272.00615000,931
1786510800000,0.02248000,0.02252000,0.02240000,0.02248000,514998.00000000,1786514399999,11564.88850000,236
1786514400000,0.02248000,0.02248000,0.02210000,0.02216000,1049511.00000000,1786517999999,23300.69658000,386
1786518000000,0.02215000,0.02224000,0.02205000,0.02224000,584638.00000000,1786521599999,12939.89514000,237
1786521600000,0.02223000,0.02231000,0.02210000,0.02216000,685567.00000000,1786525199999,15234.18720000,334
1786525200000,0.02216000,0.02294000,0.02216000,0.02293000,4053029.00000000,1786528799999,91428.78134000,958
1786528800000,0.02294000,0.02298000,0.02275000,0.02286000,1662623.00000000,1786532399999,38009.70492000,943
1786532400000,0.02286000,0.02329000,0.02274000,0.02304000,7036230.00000000,1786535999999,161853.41164000,1982
1786536000000,0.02305000,0.02321000,0.02291000,0.02302000,2250893.00000000,1786539599999,51997.86900000,1048
1786539600000,0.02302000,0.02325000,0.02299000,0.02321000,1768143.00000000,1786543199999,40952.27941000,1086
1786543200000,0.02321000,0.02338000,0.02285000,0.02308000,3672620.00000000,1786546799999,84861.32993000,1244
1786546800000,0.02306000,0.02336000,0.02304000,0.02333000,1456042.00000000,1786550399999,33816.94045000,565
1786550400000,0.02333000,0.02364000,0.02306000,0.02364000,3868798.00000000,1786553999999,90347.97093000,1346
1786554000000,0.02365000,0.02421000,0.02266000,0.02313000,17330976.00000000,1786557599999,408282.34996000,7953
1786557600000,0.02313000,0.02334000,0.02278000,0.02313000,5917990.00000000,1786561199999,136518.45604000,2125
1786561200000,0.02313000,0.02336000,0.02292000,0.02322000,3416721.00000000,1786564799999,78964.39788000,767
1786564800000,0.02323000,0.02339000,0.02319000,0.02328000,1331512.00000000,1786568399999,30989.57259000,775
1786568400000,0.02329000,0.02341000,0.02312000,0.02331000,949648.00000000,1786571999999,22082.57186000,401
1786572000000,0.02327000,0.02355000,0.02316000,0.02319000,1554752.00000000,1786575599999,36237.06405000,850
1786575600000,0.02318000,0.02334000,0.02308000,0.02328000,1775182.00000000,1786579199999,41213.92352000,907
1786579200000,0.02326000,0.02326000,0.02275000,0.02284000,1914536.00000000,1786582799999,44139.41514000,847
1786582800000,0.02285000,0.02346000,0.02279000,0.02345000,2778913.00000000,1786586399999,64426.66726000,1083
1786586400000,0.02343000,0.02351000,0.02330000,0.02335000,1632111.00000000,1786589999999,38210.81519000,636
1786590000000,0.02335000,0.02343000,0.02324000,0.02326000,701024.00000000,1786593599999,16327.21502000,243
1786593600000,0.02325000,0.02330000,0.02311000,0.02323000,873560.00000000,1786597199999,20267.17015000,470
1786597200000,0.02323000,0.02326000,0.02299000,0.02306000,628557.00000000,1786600799999,14525.28228000,283
1786600800000,0.02305000,0.02321000,0.02302000,0.02315000,1731771.00000000,1786604399999,40066.11587000,561
1786604400000,0.02313000,0.02316000,0.02294000,0.02295000,781815.00000000,1786607999999,18008.81744000,486
1786608000000,0.02296000,0.02312000,0.02279000,0.02308000,2635711.00000000,1786611599999,60557.48020000,658
1786611600000,0.02305000,0.02306000,0.02289000,0.02293000,515907.00000000,1786615199999,11856.97883000,237
1786615200000,0.02294000,0.02298000,0.02282000,0.02291000,1138221.00000000,1786618799999,26080.53285000,422
1786618800000,0.02290000,0.02301000,0.02278000,0.02292000,1280042.00000000,1786622399999,29315.39380000,365
1786622400000,0.02296000,0.02310000,0.02294000,0.02297000,1189059.00000000,1786625999999,27363.13923000,259
1786626000000,0.02296000,0.02296000,0.02276000,0.02277000,1172428.00000000,1786629599999,26747.17828000,269
1786629600000,0.02275000,0.02289000,0.02271000,0.02274000,814081.00000000,1786633199999,18560.17023000,209
1786633200000,0.02273000,0.02283000,0.02253000,0.02258000,2032676.00000000,1786636799999,46109.76471000,536
1786636800000,0.02255000,0.02276000,0.02254000,0.02265000,1203008.00000000,1786640399999,27273.61648000,265
1786640400000,0.02262000,0.02273000,0.02262000,0.02267000,387297.00000000,1786643999999,8781.48108000,68
1786644000000,0.02266000,0.02274000,0.02265000,0.02274000,256466.00000000,1786647599999,5820.51795000,71
1786647600000,0.02275000,0.02276000,0.02251000,0.02252000,387370.00000000,1786651199999,8752.53237000,153
1786651200000,0.02254000,0.02267000,0.02251000,0.02263000,341974.00000000,1786654799999,7729.84623000,130
1786654800000,0.02265000,0.02281000,0.02261000,0.02281000,561533.00000000,1786658399999,12731.79787000,182
1786658400000,0.02282000,0.02292000,0.02282000,0.02292000,934499.00000000,1786661999999,21370.45287000,180
1786662000000,0.02291000,0.02314000,0.02287000,0.02298000,1568004.00000000,1786665599999,36063.35842000,379
1786665600000,0.02298000,0.02306000,0.02283000,0.02304000,1226924.00000000,1786669199999,28117.20858000,346
1786669200000,0.02306000,0.02312000,0.02294000,0.02308000,1286163.00000000,1786672799999,29626.22107000,384
1786672800000,0.02308000,0.02317000,0.02284000,0.02291000,3149998.00000000,1786676399999,72604.59516000,700
1786676400000,0.02291000,0.02291000,0.02160000,0.02187000,15163168.00000000,1786679999999,333180.80386000,5437
1786680000000,0.02188000,0.02440000,0.02175000,0.02328000,25636824.00000000,1786683599999,597279.90613000,12606
1786683600000,0.02329000,0.02396000,0.02327000,0.02365000,12901042.00000000,1786687199999,305689.19376000,7794
1786687200000,0.02364000,0.02371000,0.02313000,0.02314000,4464521.00000000,1786690799999,104304.92286000,2070
1786690800000,0.02315000,0.02315000,0.02261000,0.02266000,3635130.00000000,1786694399999,83009.77625000,1692
1786694400000,0.02264000,0.02303000,0.02262000,0.02293000,2331381.00000000,1786697999999,53220.12517000,1063
1786698000000,0.02295000,0.02307000,0.02286000,0.02287000,1235776.00000000,1786701599999,28370.46840000,817
1786701600000,0.02286000,0.02317000,0.02266000,0.02270000,3003159.00000000,1786705199999,68701.71383000,1354
1786705200000,0.02271000,0.02290000,0.02271000,0.02280000,609031.00000000,1786708799999,13894.48018000,376
1786708800000,0.02281000,0.02294000,0.02274000,0.02294000,1570776.00000000,1786712399999,35878.45224000,761
1786712400000,0.02294000,0.02298000,0.02278000,0.02283000,1019141.00000000,1786715999999,23334.05667000,550
1786716000000,0.02284000,0.02287000,0.02234000,0.02247000,2227796.00000000,1786719599999,50265.80866000,1328
1786719600000,0.02246000,0.02253000,0.02230000,0.02244000,1207322.00000000,1786723199999,27048.07601000,1062
1786723200000,0.02243000,0.02276000,0.02240000,0.02271000,884517.00000000,1786726799999,19984.57091000,575
1786726800000,0.02270000,0.02292000,0.02265000,0.02288000,1294419.00000000,1786730399999,29500.79094000,1030
1786730400000,0.02288000,0.02301000,0.02277000,0.02284000,1691611.00000000,1786733999999,38752.93715000,701
1786734000000,0.02283000,0.02283000,0.02264000,0.02273000,453529.00000000,1786737599999,10296.21424000,232
1786737600000,0.02271000,0.02294000,0.02268000,0.02294000,166802.00000000,1786741199999,3801.67433000,148
1786741200000,0.02293000,0.02298000,0.02277000,0.02297000,639954.00000000,1786744799999,14661.09360000,178
1786744800000,0.02298000,0.02303000,0.02288000,0.02303000,1110056.00000000,1786748399999,25454.55425000,358
1786748400000,0.02302000,0.02312000,0.02296000,0.02312000,473793.00000000,1786751999999,10912.15647000,331
1786752000000,0.02312000,0.02355000,0.02296000,0.02352000,2132731.00000000,1786755599999,49712.68460000,927
1786755600000,0.02353000,0.02364000,0.02334000,0.02354000,1969257.00000000,1786759199999,46230.93158000,999
1786759200000,0.02355000,0.02358000,0.02333000,0.02351000,2131097.00000000,1786762799999,49966.17579000,585
1786762800000,0.02350000,0.02384000,0.02344000,0.02362000,4443135.00000000,1786766399999,105010.61555000,1522
1786766400000,0.02363000,0.02431000,0.02361000,0.02425000,6700706.00000000,1786769999999,160654.16449000,3082
1786770000000,0.02427000,0.02453000,0.02417000,0.02445000,8728766.00000000,1786773599999,212792.64278000,3411
1786773600000,0.02445000,0.02468000,0.02423000,0.02430000,4930598.00000000,1786777199999,120540.61986000,2169
1786777200000,0.02432000,0.02488000,0.02425000,0.02450000,5406066.00000000,1786780799999,132864.41565000,2686
1786780800000,0.02451000,0.02485000,0.02427000,0.02449000,6454532.00000000,1786784399999,158530.96867000,2832
1786784400000,0.02449000,0.02452000,0.02379000,0.02389000,6805690.00000000,1786787999999,164307.28194000,2135
1786788000000,0.02390000,0.02428000,0.02387000,0.02395000,2002591.00000000,1786791599999,48243.09553000,778
1786791600000,0.02394000,0.02396000,0.02377000,0.02380000,1843663.00000000,1786795199999,43982.74864000,918
1786795200000,0.02380000,0.02428000,0.02370000,0.02408000,4065834.00000000,1786798799999,97429.94432000,1745
1786798800000,0.02407000,0.02466000,0.02397000,0.02446000,2978690.00000000,1786802399999,72424.63501000,1312
1786802400000,0.02446000,0.02800000,0.02445000,0.02506000,25079844.00000000,1786805999999,629722.22056000,11139
1786806000000,0.02506000,0.02567000,0.02497000,0.02555000,10417597.00000000,1786809599999,263531.83522000,4408
1786809600000,0.02555000,0.02556000,0.02485000,0.02511000,9744326.00000000,1786813199999,245889.51840000,3917
1786813200000,0.02511000,0.02575000,0.02503000,0.02533000,5510851.00000000,1786816799999,139898.73087000,1948
1786816800000,0.02532000,0.02578000,0.02511000,0.02557000,6006648.00000000,1786820399999,152811.78038000,2484
1786820400000,0.02556000,0.02690000,0.02555000,0.02681000,26602808.00000000,1786823999999,697345.65749000,19429
1786824000000,0.02680000,0.02762000,0.02612000,0.02672000,31118800.00000000,1786827599999,835158.54570000,19162
1786827600000,0.02673000,0.02739000,0.02647000,0.02714000,12783780.00000000,1786831199999,342610.31155000,8861
1786831200000,0.02712000,0.02793000,0.02707000,0.02773000,18467892.00000000,1786834799999,508890.53922000,14433
1786834800000,0.02771000,0.02787000,0.02719000,0.02756000,14457480.00000000,1786838399999,398500.99023000,7321
1786838400000,0.02756000,0.02923000,0.02691000,0.02821000,45904665.00000000,1786841999999,1297131.75543000,24249
1786842000000,0.02822000,0.02867000,0.02773000,0.02848000,25147803.00000000,1786845599999,706660.03097000,12016
1786845600000,0.02849000,0.02891000,0.02627000,0.02710000,30870624.00000000,1786849199999,847657.47216000,17111
1786849200000,0.02711000,0.02854000,0.02683000,0.02768000,19720295.00000000,1786852799999,547014.57712000,10303
1786852800000,0.02769000,0.02878000,0.02712000,0.02848000,12928089.00000000,1786856399999,360873.77487000,9213
1786856400000,0.02849000,0.02874000,0.02655000,0.02732000,25968548.00000000,1786859999999,709810.04963000,13669
1786860000000,0.02733000,0.02782000,0.02704000,0.02746000,11668885.00000000,1786863599999,320623.46192000,7146
1786863600000,0.02747000,0.02790000,0.02712000,0.02761000,14401435.00000000,1786867199999,396632.47680000,9486
1786867200000,0.02762000,0.02850000,0.02732000,0.02831000,18658184.00000000,1786870799999,519775.49445000,13027
1786870800000,0.02830000,0.02924000,0.02787000,0.02897000,31189247.00000000,1786874399999,893251.94417000,16179
1786874400000,0.02898000,0.02979000,0.02852000,0.02961000,33599565.00000000,1786877999999,983110.23139000,19477
1786878000000,0.02960000,0.03200000,0.02889000,0.02956000,113999102.00000000,1786881599999,3479659.01329000,55543
1786881600000,0.02955000,0.03029000,0.02737000,0.02817000,78071519.00000000,1786885199999,2228555.60063000,39331
1786885200000,0.02817000,0.02940000,0.02805000,0.02911000,34026986.00000000,1786888799999,974798.25486000,22280
1786888800000,0.02910000,0.03041000,0.02881000,0.02988000,37011322.00000000,1786892399999,1099640.71140000,21712
1786892400000,0.02989000,0.03100000,0.02912000,0.02948000,35829578.00000000,1786895999999,1070730.14672000,21087
1786896000000,0.02949000,0.02970000,0.02796000,0.02826000,21006691.00000000,1786899599999,608574.18989000,16708
1786899600000,0.02827000,0.02892000,0.02811000,0.02871000,10167039.00000000,1786903199999,291233.92501000,7439
1786903200000,0.02869000,0.02897000,0.02827000,0.02840000,7666613.00000000,1786906799999,219310.20223000,5404
1786906800000,0.02841000,0.02920000,0.02841000,0.02898000,8116153.00000000,1786910399999,233633.62898000,5421
1786910400000,0.02899000,0.02964000,0.02886000,0.02952000,6188542.00000000,1786913999999,181254.80935000,3849
1786914000000,0.02953000,0.02954000,0.02883000,0.02909000,6775826.00000000,1786917599999,197605.57047000,3491
1786917600000,0.02910000,0.02913000,0.02805000,0.02809000,6456268.00000000,1786921199999,183837.97180000,4464
1786921200000,0.02810000,0.02813000,0.02755000,0.02794000,7922593.00000000,1786924799999,220940.13956000,4753
1786924800000,0.02793000,0.02819000,0.02749000,0.02795000,7094542.00000000,1786928399999,197939.08792000,5324
1786928400000,0.02794000,0.02869000,0.02738000,0.02830000,12221730.00000000,1786931999999,341085.66154000,8397
1786932000000,0.02831000,0.02946000,0.02815000,0.02905000,10233250.00000000,1786935599999,294190.55660000,7271
1786935600000,0.02903000,0.02943000,0.02895000,0.02908000,5747079.00000000,1786939199999,167899.70029000,4901
1786939200000,0.02908000,0.02943000,0.02850000,0.02904000,6375667.00000000,1786942799999,184376.79584000,4923
1786942800000,0.02903000,0.02986000,0.02874000,0.02927000,7034150.00000000,1786946399999,205489.52071000,6176
1786946400000,0.02927000,0.03235000,0.02918000,0.03131000,35967879.00000000,1786949999999,1116980.70321000,26296
1786950000000,0.03134000,0.03282000,0.03104000,0.03253000,45259687.00000000,1786953599999,1448787.16329000,33966
1786953600000,0.03252000,0.03291000,0.02945000,0.02993000,43519835.00000000,1786957199999,1349366.57111000,27431
1786957200000,0.02992000,0.03094000,0.02973000,0.03045000,13915078.00000000,1786960799999,423641.65444000,10492
1786960800000,0.03044000,0.03064000,0.02923000,0.03001000,10613972.00000000,1786964399999,317136.40719000,9345
1786964400000,0.03000000,0.03148000,0.02986000,0.03132000,14088306.00000000,1786967999999,430377.14050000,10401
1786968000000,0.03133000,0.03158000,0.03038000,0.03054000,11373893.00000000,1786971599999,351497.29170000,8058
1786971600000,0.03055000,0.03069000,0.03004000,0.03021000,12461096.00000000,1786975199999,378604.69892000,6584
1786975200000,0.03020000,0.03093000,0.02998000,0.03002000,6998027.00000000,1786978799999,212853.77601000,4887
1786978800000,0.03001000,0.03044000,0.02893000,0.02920000,13336909.00000000,1786982399999,395433.83941000,7270
1786982400000,0.02921000,0.02928000,0.02857000,0.02902000,8157666.00000000,1786985999999,236620.57411000,6038
1786986000000,0.02904000,0.02931000,0.02871000,0.02877000,4144798.00000000,1786989599999,120349.72545000,2733
1786989600000,0.02878000,0.02886000,0.02807000,0.02814000,5557788.00000000,1786993199999,158075.09998000,3579
1786993200000,0.02815000,0.02866000,0.02812000,0.02854000,3091693.00000000,1786996799999,87751.37467000,1795
1786996800000,0.02855000,0.02866000,0.02825000,0.02848000,2195296.00000000,1787000399999,62451.05650000,1501
1787000400000,0.02848000,0.02873000,0.02826000,0.02831000,1506588.00000000,1787003999999,42818.25809000,1306
1787004000000,0.02831000,0.02837000,0.02712000,0.02730000,5669137.00000000,1787007599999,157071.50762000,3605
1787007600000,0.02730000,0.02786000,0.02730000,0.02773000,5472130.00000000,1787011199999,151132.31695000,2932
1787011200000,0.02773000,0.02816000,0.02740000,0.02741000,6143079.00000000,1787014799999,171008.50448000,3143
1787014800000,0.02740000,0.02826000,0.02733000,0.02797000,4021537.00000000,1787018399999,111629.81179000,2505
1787018400000,0.02798000,0.02841000,0.02770000,0.02791000,4947489.00000000,1787021999999,138312.81180000,3516
1787022000000,0.02789000,0.02851000,0.02777000,0.02847000,2932345.00000000,1787025599999,82401.07738000,2263
1787025600000,0.02846000,0.02846000,0.02720000,0.02732000,5596889.00000000,1787029199999,155188.64023000,3439
1787029200000,0.02731000,0.02835000,0.02723000,0.02789000,3662326.00000000,1787032799999,102076.08239000,2936
1787032800000,0.02788000,0.02830000,0.02783000,0.02791000,3852901.00000000,1787036399999,108019.91938000,2657
1787036400000,0.02792000,0.02929000,0.02792000,0.02904000,9187191.00000000,1787039999999,264757.27262000,6295
1787040000000,0.02905000,0.02951000,0.02839000,0.02855000,6249476.00000000,1787043599999,181621.76035000,5153
1787043600000,0.02852000,0.02903000,0.02816000,0.02860000,5196951.00000000,1787047199999,148624.79437000,3749
1787047200000,0.02861000,0.02899000,0.02858000,0.02870000,3827964.00000000,1787050799999,110159.42800000,2971
1787050800000,0.02870000,0.02876000,0.02800000,0.02807000,3517378.00000000,1787054399999,100101.37652000,2782
1787054400000,0.02808000,0.02832000,0.02768000,0.02770000,6284212.00000000,1787057999999,176212.60724000,3205
1787058000000,0.02772000,0.02795000,0.02676000,0.02712000,5567253.00000000,1787061599999,151921.35280000,4017
1787061600000,0.02711000,0.02712000,0.02644000,0.02679000,6277104.00000000,1787065199999,168581.04201000,3445
1787065200000,0.02678000,0.02682000,0.02636000,0.02670000,4691686.00000000,1787068799999,124587.52771000,2588
1787068800000,0.02669000,0.02757000,0.02666000,0.02725000,4833787.00000000,1787072399999,130858.53358000,3502
1787072400000,0.02725000,0.02774000,0.02706000,0.02713000,3191998.00000000,1787075999999,87679.28650000,2542
1787076000000,0.02712000,0.02733000,0.02693000,0.02698000,1951718.00000000,1787079599999,52806.30513000,1367
1787079600000,0.02697000,0.02702000,0.02643000,0.02658000,1244071.00000000,1787083199999,33205.07445000,1273
1787083200000,0.02658000,0.02670000,0.02617000,0.02655000,1901507.00000000,1787086799999,50355.47956000,1311
1787086800000,0.02653000,0.02656000,0.02593000,0.02617000,2428182.00000000,1787090399999,63720.26453000,1379
1787090400000,0.02619000,0.02624000,0.02605000,0.02620000,1313469.00000000,1787093999999,34320.72246000,931
1787094000000,0.02618000,0.02644000,0.02615000,0.02628000,926292.00000000,1787097599999,24370.22975000,609
1787097600000,0.02629000,0.02697000,0.02628000,0.02674000,2685995.00000000,1787101199999,71648.82351000,2210
1787101200000,0.02673000,0.02686000,0.02645000,0.02646000,1603251.00000000,1787104799999,42826.72786000,1236
1787104800000,0.02645000,0.02660000,0.02566000,0.02574000,5379440.00000000,1787108399999,139825.75572000,2126
1787108400000,0.02574000,0.02605000,0.02551000,0.02597000,2509904.00000000,1787111999999,64708.02785000,2109
1787112000000,0.02599000,0.02608000,0.02543000,0.02565000,3136763.00000000,1787115599999,80624.94366000,2128
1787115600000,0.02566000,0.02584000,0.02543000,0.02543000,3098288.00000000,1787119199999,79425.09172000,2786
1787119200000,0.02544000,0.02579000,0.02544000,0.02572000,2867202.00000000,1787122799999,73421.04111000,2244
1787122800000,0.02573000,0.02579000,0.02549000,0.02550000,2225210.00000000,1787126399999,57088.59573000,1656
1787126400000,0.02550000,0.02599000,0.02550000,0.02579000,1803058.00000000,1787129999999,46477.74881000,1419
1787130000000,0.02579000,0.02590000,0.02557000,0.02562000,1135614.00000000,1787133599999,29178.17533000,845
1787133600000,0.02562000,0.02682000,0.02536000,0.02663000,4361145.00000000,1787137199999,113023.15633000,2550
1787137200000,0.02662000,0.02694000,0.02649000,0.02673000,3722740.00000000,1787140799999,99386.82385000,2408
1787140800000,0.02671000,0.02726000,0.02670000,0.02701000,3165396.00000000,1787144399999,85320.10460000,2160
1787144400000,0.02702000,0.02847000,0.02691000,0.02762000,7855707.00000000,1787147999999,217803.14604000,7008
1787148000000,0.02761000,0.02840000,0.02745000,0.02834000,6217517.00000000,1787151599999,174046.22781000,4990
1787151600000,0.02834000,0.02891000,0.02749000,0.02756000,8592621.00000000,1787155199999,242424.71258000,5830
1787155200000,0.02757000,0.02828000,0.02757000,0.02808000,3465929.00000000,1787158799999,96490.08354000,2242
1787158800000,0.02807000,0.02817000,0.02769000,0.02784000,2968898.00000000,1787162399999,82944.17138000,2030
1787162400000,0.02784000,0.02853000,0.02779000,0.02830000,6293113.00000000,1787165999999,177062.55786000,2244
1787166000000,0.02829000,0.02833000,0.02773000,0.02795000,1994967.00000000,1787169599999,55799.34185000,1200
1787169600000,0.02796000,0.02828000,0.02782000,0.02817000,1643377.00000000,1787173199999,45998.76944000,1188
1787173200000,0.02816000,0.02880000,0.02793000,0.02804000,4350978.00000000,1787176799999,123224.87115000,1902
1787176800000,0.02804000,0.02806000,0.02767000,0.02777000,2379414.00000000,1787180399999,66136.90175000,934
1787180400000,0.02777000,0.02833000,0.02763000,0.02827000,3054441.00000000,1787183999999,85392.88838000,1567
1787184000000,0.02827000,0.02848000,0.02794000,0.02799000,3085121.00000000,1787187599999,87073.81762000,1680
1787187600000,0.02798000,0.02828000,0.02790000,0.02825000,4021153.00000000,1787191199999,112952.65402000,1499
1787191200000,0.02824000,0.02928000,0.02800000,0.02904000,3827005.00000000,1787194799999,110115.28245000,1836
1787194800000,0.02905000,0.02919000,0.02854000,0.02864000,4530040.00000000,1787198399999,131006.83446000,2070
1787198400000,0.02864000,0.02961000,0.02864000,0.02919000,3438049.00000000,1787201999999,100598.57037000,2323
1787202000000,0.02918000,0.03021000,0.02910000,0.02960000,10200213.00000000,1787205599999,303426.74068000,5202
1787205600000,0.02961000,0.02995000,0.02928000,0.02968000,3791300.00000000,1787209199999,111963.77483000,2595
1787209200000,0.02968000,0.02968000,0.02853000,0.02905000,4307568.00000000,1787212799999,124467.35587000,2391
1787212800000,0.02905000,0.02966000,0.02839000,0.02858000,8297978.00000000,1787216399999,240403.15784000,4046
1787216400000,0.02858000,0.02882000,0.02758000,0.02786000,6973421.00000000,1787219999999,197623.89140000,3233
1787220000000,0.02787000,0.02888000,0.02769000,0.02877000,7551381.00000000,1787223599999,212280.42338000,2968
1787223600000,0.02875000,0.03110000,0.02867000,0.03096000,26676077.00000000,1787227199999,795029.32572000,11227
1787227200000,0.03097000,0.03107000,0.03020000,0.03065000,13084592.00000000,1787230799999,400515.23871000,6441
1787230800000,0.03064000,0.03080000,0.02984000,0.03004000,4027382.00000000,1787234399999,122224.07915000,2833
1787234400000,0.03005000,0.03034000,0.02945000,0.03006000,5099967.00000000,1787237999999,152127.41917000,2648
1787238000000,0.03005000,0.03115000,0.03001000,0.03071000,10149455.00000000,1787241599999,311821.49307000,4576
1787241600000,0.03071000,0.03098000,0.03029000,0.03072000,4376754.00000000,1787245199999,133849.63111000,2179
1787245200000,0.03072000,0.03092000,0.02978000,0.02986000,3418889.00000000,1787248799999,103525.39738000,1669
1787248800000,0.02986000,0.02989000,0.02917000,0.02938000,2162830.00000000,1787252399999,63567.06461000,1440
1787252400000,0.02937000,0.02964000,0.02925000,0.02953000,2113850.00000000,1787255999999,62243.20017000,1118
1787256000000,0.02952000,0.03010000,0.02952000,0.02995000,1768413.00000000,1787259599999,52846.89815000,1129
1787259600000,0.02996000,0.03108000,0.02990000,0.03102000,2007436.00000000,1787263199999,61278.01556000,909
1787263200000,0.03102000,0.03114000,0.03063000,0.03101000,2580159.00000000,1787266799999,79770.72311000,2053
1787266800000,0.03100000,0.03169000,0.03070000,0.03075000,5183705.00000000,1787270399999,161947.73113000,3669
1787270400000,0.03077000,0.03230000,0.03077000,0.03215000,8030725.00000000,1787273999999,254504.42434000,4494
1787274000000,0.03216000,0.03296000,0.03167000,0.03216000,16086582.00000000,1787277599999,519812.32074000,7861
1787277600000,0.03215000,0.03440000,0.03214000,0.03373000,15988321.00000000,1787281199999,535464.57360000,10352
1787281200000,0.03373000,0.03473000,0.03349000,0.03425000,9124763.00000000,1787284799999,311178.98185000,6421
1787284800000,0.03424000,0.03462000,0.03257000,0.03305000,11477144.00000000,1787288399999,383511.67378000,6812
1787288400000,0.03304000,0.03332000,0.03274000,0.03282000,5190408.00000000,1787291999999,171417.34656000,3477
1787292000000,0.03283000,0.03387000,0.03264000,0.03348000,5673922.00000000,1787295599999,188789.27464000,3659
1787295600000,0.03346000,0.03362000,0.03276000,0.03283000,11179763.00000000,1787299199999,370905.61836000,4419
1787299200000,0.03283000,0.03348000,0.03278000,0.03343000,5032694.00000000,1787302799999,166622.27180000,3425
1787302800000,0.03342000,0.03343000,0.03232000,0.03313000,8041623.00000000,1787306399999,263282.42491000,3770
1787306400000,0.03311000,0.03334000,0.03241000,0.03311000,4989085.00000000,1787309999999,164115.56824000,2816
1787310000000,0.03311000,0.03371000,0.03281000,0.03326000,5421396.00000000,1787313599999,180265.16501000,2772
1787313600000,0.03325000,0.03349000,0.03279000,0.03295000,7596024.00000000,1787317199999,251461.42494000,2811
1787317200000,0.03296000,0.03322000,0.03267000,0.03312000,3847601.00000000,1787320799999,126631.39427000,2094
1787320800000,0.03310000,0.03317000,0.03267000,0.03287000,2343766.00000000,1787324399999,77035.62857000,1683
1787324400000,0.03286000,0.03294000,0.03192000,0.03265000,4310351.00000000,1787327999999,139651.06311000,2729
1787328000000,0.03266000,0.03360000,0.03266000,0.03304000,2898382.00000000,1787331599999,96151.81536000,2573
1787331600000,0.03304000,0.03320000,0.03229000,0.03233000,3833205.00000000,1787335199999,125595.52566000,2396
1787335200000,0.03233000,0.03270000,0.03211000,0.03232000,2146815.00000000,1787338799999,69613.49556000,1243
1787338800000,0.03231000,0.03259000,0.03207000,0.03213000,1435908.00000000,1787342399999,46437.72842000,1401
1787342400000,0.03214000,0.03257000,0.03201000,0.03223000,1888166.00000000,1787345999999,61073.59825000,1264
1787346000000,0.03223000,0.03245000,0.03179000,0.03234000,2629147.00000000,1787349599999,84490.04002000,1100
1787349600000,0.03235000,0.03289000,0.03227000,0.03249000,2038017.00000000,1787353199999,66368.90897000,1307
1787353200000,0.03250000,0.03263000,0.03227000,0.03249000,1908370.00000000,1787356799999,61885.36397000,1194
1787356800000,0.03248000,0.03286000,0.03235000,0.03283000,1980054.00000000,1787360399999,64496.97321000,1448
1787360400000,0.03282000,0.03285000,0.03223000,0.03257000,3911633.00000000,1787363999999,127232.27867000,2058
1787364000000,0.03258000,0.03367000,0.03250000,0.03365000,4049825.00000000,1787367599999,134462.91652000,2283
1787367600000,0.03364000,0.03400000,0.03322000,0.03336000,4770398.00000000,1787371199999,159959.68614000,2897
1787371200000,0.03336000,0.03386000,0.03252000,0.03340000,7299820.00000000,1787374799999,243724.39903000,3743
1787374800000,0.03341000,0.03362000,0.02741000,0.02997000,46349024.00000000,1787378399999,1390746.74729000,25231
1787378400000,0.02996000,0.03029000,0.02931000,0.03008000,6865898.00000000,1787381999999,204688.91170000,3705
1787382000000,0.03009000,0.03031000,0.02981000,0.02995000,3769179.00000000,1787385599999,113469.52106000,2737
1787385600000,0.02996000,0.03027000,0.02941000,0.02986000,2460018.00000000,1787389199999,73334.01762000,2404
1787389200000,0.02987000,0.02995000,0.02943000,0.02962000,1813315.00000000,1787392799999,53866.52035000,1859
1787392800000,0.02964000,0.02974000,0.02907000,0.02971000,3351608.00000000,1787396399999,98507.52480000,2137
1787396400000,0.02971000,0.03008000,0.02949000,0.03008000,1565375.00000000,1787399999999,46525.86381000,1132
1787400000000,0.03007000,0.03016000,0.02943000,0.02943000,2593340.00000000,1787403599999,77567.18550000,1233
1787403600000,0.02943000,0.02957000,0.02915000,0.02930000,5104815.00000000,1787407199999,149446.75883000,2274
1787407200000,0.02929000,0.02968000,0.02913000,0.02942000,2654497.00000000,1787410799999,77873.87169000,1661
1787410800000,0.02940000,0.02971000,0.02920000,0.02959000,2379091.00000000,1787414399999,70082.33534000,1357
1787414400000,0.02958000,0.02995000,0.02954000,0.02991000,1534733.00000000,1787417999999,45766.34344000,1069
1787418000000,0.02990000,0.03002000,0.02956000,0.02970000,1500848.00000000,1787421599999,44688.92253000,731
1787421600000,0.02970000,0.02971000,0.02930000,0.02937000,1009315.00000000,1787425199999,29789.25540000,606
1787425200000,0.02937000,0.02943000,0.02927000,0.02928000,387572.00000000,1787428799999,11374.65699000,331
1787428800000,0.02926000,0.02998000,0.02923000,0.02970000,650430.00000000,1787432399999,19277.61841000,711
1787432400000,0.02969000,0.02969000,0.02899000,0.02913000,2173696.00000000,1787435999999,63719.60865000,1117
1787436000000,0.02912000,0.03045000,0.02886000,0.03015000,8078645.00000000,1787439599999,242395.47209000,3454
1787439600000,0.03016000,0.03045000,0.02996000,0.03020000,2266230.00000000,1787443199999,68309.67916000,1458
1787443200000,0.03020000,0.03179000,0.03017000,0.03129000,12024912.00000000,1787446799999,372679.90035000,6809
1787446800000,0.03130000,0.03230000,0.03108000,0.03211000,12739715.00000000,1787450399999,404850.49531000,8458
1787450400000,0.03208000,0.03252000,0.03148000,0.03210000,16227388.00000000,1787453999999,520504.57756000,10980
1787454000000,0.03211000,0.03241000,0.03118000,0.03198000,7495537.00000000,1787457599999,238624.07610000,6415
1787457600000,0.03198000,0.03283000,0.03084000,0.03090000,11696285.00000000,1787461199999,371218.29108000,8636
1787461200000,0.03089000,0.03112000,0.02964000,0.02964000,7732466.00000000,1787464799999,235074.35389000,5021
1787464800000,0.02964000,0.03029000,0.02950000,0.02963000,3971816.00000000,1787468399999,118591.48560000,3105
1787468400000,0.02962000,0.03009000,0.02935000,0.02981000,2966446.00000000,1787471999999,87987.50197000,2338
1787472000000,0.02980000,0.03009000,0.02959000,0.02981000,2775532.00000000,1787475599999,82880.15695000,2129
1787475600000,0.02982000,0.03004000,0.02967000,0.02980000,2180751.00000000,1787479199999,65031.25012000,1198
1787479200000,0.02979000,0.03002000,0.02944000,0.02972000,3034697.00000000,1787482799999,90172.53235000,2052
1787482800000,0.02973000,0.03083000,0.02960000,0.03056000,4716657.00000000,1787486399999,142798.91301000,3308
1787486400000,0.03057000,0.03078000,0.02996000,0.03073000,3011345.00000000,1787489999999,91514.83957000,2224
1787490000000,0.03072000,0.03177000,0.03069000,0.03155000,7265386.00000000,1787493599999,228065.04168000,4365
1787493600000,0.03156000,0.03194000,0.03112000,0.03183000,7904482.00000000,1787497199999,250085.24360000,4442
1787497200000,0.03184000,0.03225000,0.03147000,0.03168000,3596402.00000000,1787500799999,114636.64350000,3326
1787500800000,0.03168000,0.03275000,0.03153000,0.03222000,4889890.00000000,1787504399999,157541.81696000,4648
1787504400000,0.03221000,0.03316000,0.03221000,0.03277000,6007747.00000000,1787507999999,196888.16917000,4606
1787508000000,0.03276000,0.03355000,0.03265000,0.03334000,8245243.00000000,1787511599999,272877.37908000,5272
1787511600000,0.03333000,0.03336000,0.03281000,0.03314000,5046987.00000000,1787515199999,166865.23794000,3382
1787515200000,0.03314000,0.03318000,0.03255000,0.03282000,5156984.00000000,1787518799999,169338.74736000,3066
1787518800000,0.03281000,0.03292000,0.03195000,0.03216000,6533824.00000000,1787522399999,212347.20943000,2186
1787522400000,0.03216000,0.03261000,0.03191000,0.03254000,1951824.00000000,1787525999999,62989.60485000,1668
1787526000000,0.03253000,0.03285000,0.03242000,0.03272000,2081223.00000000,1787529599999,68036.04448000,1750
1787529600000,0.03272000,0.03285000,0.03203000,0.03243000,4063362.00000000,1787533199999,131363.40473000,3958
1787533200000,0.03241000,0.03255000,0.03155000,0.03166000,4265577.00000000,1787536799999,136434.20023000,3693
1787536800000,0.03165000,0.03254000,0.03137000,0.03250000,3297846.00000000,1787540399999,105372.73950000,2595
1787540400000,0.03251000,0.03332000,0.03240000,0.03294000,8974354.00000000,1787543999999,295364.04966000,5207
1787544000000,0.03293000,0.03325000,0.03222000,0.03241000,3521770.00000000,1787547599999,115153.48154000,3577
1787547600000,0.03241000,0.03387000,0.03216000,0.03376000,8294805.00000000,1787551199999,275913.48874000,6398
1787551200000,0.03376000,0.03399000,0.03337000,0.03363000,7720136.00000000,1787554799999,260422.02251000,5465
1787554800000,0.03362000,0.03394000,0.03324000,0.03353000,4460271.00000000,1787558399999,149845.99983000,3867
1787558400000,0.03354000,0.03408000,0.03329000,0.03365000,6172596.00000000,1787561999999,207815.69993000,3983
1787562000000,0.03364000,0.03429000,0.03305000,0.03320000,6616018.00000000,1787565599999,223743.00678000,4769
1787565600000,0.03317000,0.03415000,0.03312000,0.03341000,5715757.00000000,1787569199999,192326.55262000,4012
1787569200000,0.03340000,0.03417000,0.03321000,0.03349000,6898320.00000000,1787572799999,232236.79471000,4886
1787572800000,0.03348000,0.03349000,0.03233000,0.03304000,7861879.00000000,1787576399999,258251.11689000,5198
1787576400000,0.03305000,0.03308000,0.03209000,0.03212000,6045947.00000000,1787579999999,197141.41914000,3722
1787580000000,0.03210000,0.03259000,0.03210000,0.03228000,2189613.00000000,1787583599999,70870.66966000,2203
1787583600000,0.03229000,0.03269000,0.03222000,0.03238000,2534245.00000000,1787587199999,82344.34508000,2355
1787587200000,0.03239000,0.03269000,0.03219000,0.03252000,1536445.00000000,1787590799999,49816.23307000,1759
1787590800000,0.03253000,0.03259000,0.03134000,0.03176000,3432214.00000000,1787594399999,109072.43113000,3351
1787594400000,0.03177000,0.03220000,0.03153000,0.03157000,1587269.00000000,1787597999999,50544.54621000,1512
1787598000000,0.03158000,0.03215000,0.03144000,0.03202000,1162588.00000000,1787601599999,37064.96632000,1422
1787601600000,0.03203000,0.03235000,0.03199000,0.03231000,844859.00000000,1787605199999,27187.08832000,1214
1787605200000,0.03233000,0.03234000,0.03185000,0.03206000,655076.00000000,1787608799999,20983.59450000,515
1787608800000,0.03205000,0.03275000,0.03196000,0.03257000,2810722.00000000,1787612399999,91398.73498000,1837
1787612400000,0.03256000,0.03273000,0.03226000,0.03233000,3103800.00000000,1787615999999,100916.81011000,2066
1787616000000,0.03232000,0.03303000,0.03210000,0.03225000,5726252.00000000,1787619599999,186675.36206000,3821
