open_time,volume,taker_buy_base_volume
1760364000000,1605961.86000000,791284.15000000
1760367600000,579949.48000000,319069.23000000
1760371200000,412103.83000000,213318.73000000
1760374800000,190631.83000000,94587.75000000
1760378400000,145010.42000000,61976.05000000
1760382000000,191494.31000000,90780.38000000
1760385600000,111357.05000000,56266.00000000
1760389200000,190098.29000000,99015.63000000
1760392800000,68852.40000000,33756.56000000
1760396400000,46287.60000000,20398.73000000
1760400000000,77718.73000000,38155.01000000
1760403600000,90226.72000000,46979.50000000
1760407200000,166225.77000000,74035.63000000
1760410800000,170673.47000000,99293.76000000
1760414400000,85982.82000000,47177.40000000
1760418000000,83194.11000000,43029.38000000
1760421600000,160506.66000000,82885.66000000
1760425200000,93164.45000000,44652.15000000
1760428800000,69659.77000000,34235.51000000
1760432400000,142254.93000000,69889.26000000
1760436000000,68239.75000000,29653.94000000
1760439600000,635864.33000000,322610.03000000
1760443200000,698465.95000000,386289.33000000
1760446800000,566587.18000000,308576.23000000
1760450400000,465222.01000000,249252.89000000
1760454000000,312548.88000000,150646.63000000
1760457600000,167160.83000000,80621.23000000
1760461200000,176690.60000000,79831.48000000
1760464800000,136566.81000000,59624.73000000
1760468400000,117894.57000000,58817.85000000
1760472000000,86334.24000000,43000.53000000
1760475600000,33929.58000000,15964.77000000
1760479200000,82215.43000000,42692.18000000
1760482800000,51352.88000000,25906.26000000
1760486400000,98435.74000000,47142.38000000
1760490000000,111595.01000000,53577.99000000
1760493600000,70776.70000000,38081.88000000
1760497200000,70873.80000000,34350.76000000
1760500800000,79165.62000000,44614.38000000
1760504400000,85822.73000000,36248.01000000
1760508000000,55150.82000000,26672.28000000
1760511600000,88490.76000000,43165.07000000
1760515200000,126720.53000000,63601.14000000
1760518800000,1788325.87000000,900217.35000000
1760522400000,186364.07000000,97761.05000000
1760526000000,251658.60000000,129694.05000000
1760529600000,198108.30000000,93158.81000000
1760533200000,74234.52000000,35240.93000000
1760536800000,58073.11000000,26981.78000000
1760540400000,53280.07000000,26350.83000000
1760544000000,73746.87000000,39127.70000000
1760547600000,35009.34000000,16266.42000000
1760551200000,41482.40000000,18212.97000000
1760554800000,45325.94000000,24453.18000000
1760558400000,35274.84000000,17247.42000000
1760562000000,57529.87000000,27758.59000000
1760565600000,36185.91000000,21013.03000000
1760569200000,24837.22000000,13860.42000000
1760572800000,82819.80000000,40369.30000000
1760576400000,55136.76000000,26571.94000000
1760580000000,57675.42000000,27136.40000000
1760583600000,54149.55000000,27529.92000000
1760587200000,34658.76000000,14622.55000000
1760590800000,55497.04000000,30747.52000000
1760594400000,58626.73000000,30606.52000000
1760598000000,60217.32000000,31373.56000000
1760601600000,50332.34000000,22579.55000000
1760605200000,62282.91000000,30972.75000000
1760608800000,55647.44000000,30676.02000000
1760612400000,46229.47000000,25155.99000000
1760616000000,61952.84000000,32592.93000000
1760619600000,37276.77000000,17400.83000000
1760623200000,75499.82000000,39565.27000000
1760626800000,37151.32000000,19655.55000000
1760630400000,89523.27000000,45020.94000000
1760634000000,35798.33000000,18003.53000000
1760637600000,28003.85000000,12772.16000000
1760641200000,33141.32000000,14412.83000000
1760644800000,92090.06000000,42308.45000000
1760648400000,35921.70000000,20688.32000000
1760652000000,21795.31000000,10320.23000000
1760655600000,25125.95000000,14833.71000000
1760659200000,26838.57000000,12656.26000000
1760662800000,20461.19000000,10335.68000000
1760666400000,46018.41000000,22088.27000000
1760670000000,41173.08000000,22840.01000000
1760673600000,25978.13000000,12441.91000000
1760677200000,25986.69000000,14996.88000000
1760680800000,59702.66000000,30511.80000000
1760684400000,66088.47000000,37080.10000000
1760688000000,70482.26000000,38574.21000000
1760691600000,65064.66000000,33530.33000000
1760695200000,88231.43000000,49182.20000000
1760698800000,79286.64000000,36518.99000000
1760702400000,48619.72000000,24537.91000000
1760706000000,44116.43000000,19865.34000000
1760709600000,52343.83000000,25980.53000000
1760713200000,93031.74000000,50403.20000000
1760716800000,100691.87000000,54530.27000000
1760720400000,50040.64000000,23452.71000000
1760724000000,42825.71000000,21791.87000000
1760727600000,20199.37000000,9285.56000000
1760731200000,32715.04000000,16247.27000000
1760734800000,20583.77000000,8314.91000000
1760738400000,16670.21000000,7989.95000000
1760742000000,20303.79000000,10463.01000000
1760745600000,20544.31000000,8308.68000000
1760749200000,26190.23000000,13282.83000000
1760752800000,22956.72000000,10274.49000000
1760756400000,24540.60000000,10500.30000000
1760760000000,69300.00000000,43017.72000000
1760763600000,65957.26000000,31447.53000000
1760767200000,37420.27000000,15562.42000000
1760770800000,81408.87000000,37406.15000000
1760774400000,50252.15000000,23351.71000000
1760778000000,43273.25000000,17730.10000000
1760781600000,33702.80000000,17689.62000000
1760785200000,39935.23000000,20812.04000000
1760788800000,27349.34000000,11791.14000000
1760792400000,35294.67000000,16134.71000000
1760796000000,26158.94000000,11595.21000000
1760799600000,19567.44000000,8999.49000000
1760803200000,31869.26000000,15791.01000000
1760806800000,27366.39000000,13053.38000000
1760810400000,72394.05000000,44619.47000000
1760814000000,99759.33000000,49345.05000000
1760817600000,29122.29000000,14026.32000000
1760821200000,70394.80000000,40010.56000000
1760824800000,9655.77000000,4437.36000000
1760828400000,15176.21000000,4188.53000000
1760832000000,9814.90000000,3684.89000000
1760835600000,10740.11000000,3896.76000000
1760839200000,17407.61000000,6220.38000000
1760842800000,14384.53000000,8053.05000000
1760846400000,13623.77000000,6342.90000000
1760850000000,11148.43000000,4985.20000000
1760853600000,21123.46000000,10542.85000000
1760857200000,19383.77000000,7977.37000000
1760860800000,20667.41000000,9840.77000000
1760864400000,32171.87000000,15751.65000000
1760868000000,20629.51000000,10966.46000000
1760871600000,24444.63000000,12740.55000000
1760875200000,25018.62000000,13119.10000000
1760878800000,38676.31000000,18670.62000000
1760882400000,30631.84000000,14274.48000000
1760886000000,22738.43000000,12062.84000000
1760889600000,34197.82000000,16917.19000000
1760893200000,101914.11000000,54649.97000000
1760896800000,32928.93000000,15851.62000000
1760900400000,31565.10000000,15931.46000000
1760904000000,34563.10000000,19567.50000000
1760907600000,8178.15000000,3913.84000000
1760911200000,10157.17000000,4603.83000000
1760914800000,12237.08000000,6860.43000000
1760918400000,16401.44000000,8116.92000000
1760922000000,16754.76000000,8555.26000000
1760925600000,13064.22000000,6503.80000000
1760929200000,24704.50000000,11682.61000000
1760932800000,21536.23000000,9718.05000000
1760936400000,14993.10000000,6981.77000000
1760940000000,15929.88000000,7654.67000000
1760943600000,27946.31000000,14549.08000000
1760947200000,17389.37000000,7546.47000000
1760950800000,32607.56000000,16137.86000000
1760954400000,23463.21000000,11494.55000000
1760958000000,12869.46000000,4781.37000000
1760961600000,35752.39000000,19305.83000000
1760965200000,27969.09000000,15417.10000000
1760968800000,34455.64000000,15758.68000000
1760972400000,31912.71000000,17313.49000000
1760976000000,52032.58000000,30117.47000000
1760979600000,22381.80000000,10536.06000000
1760983200000,28503.78000000,13195.46000000
1760986800000,34091.38000000,18096.45000000
1760990400000,34746.73000000,17785.61000000
1760994000000,26933.63000000,13608.34000000
1760997600000,232432.97000000,129541.48000000
1761001200000,153141.92000000,76348.62000000
1761004800000,125148.06000000,66239.54000000
1761008400000,64385.69000000,31085.83000000
1761012000000,50889.97000000,24792.65000000
1761015600000,59303.56000000,25890.59000000
1761019200000,64309.25000000,26573.33000000
1761022800000,36201.01000000,15820.68000000
1761026400000,52537.20000000,24459.24000000
1761030000000,23989.00000000,11456.09000000
1761033600000,27480.19000000,14418.24000000
1761037200000,15335.14000000,6910.30000000
1761040800000,32576.79000000,13022.46000000
1761044400000,48509.02000000,29599.57000000
1761048000000,96269.53000000,47874.53000000
1761051600000,47608.22000000,24454.05000000
1761055200000,77491.03000000,33574.21000000
1761058800000,174067.55000000,87116.66000000
1761062400000,131742.39000000,53895.44000000
1761066000000,44446.38000000,23745.53000000
1761069600000,15892.90000000,5795.13000000
1761073200000,31678.96000000,15425.43000000
1761076800000,45907.13000000,19055.68000000
1761080400000,22711.52000000,11324.52000000
1761084000000,18521.92000000,9576.91000000
1761087600000,30194.97000000,13857.72000000
1761091200000,33312.96000000,14472.13000000
1761094800000,19100.37000000,9299.00000000
1761098400000,20481.48000000,10298.04000000
1761102000000,15794.97000000,8637.66000000
1761105600000,39836.55000000,24535.96000000
1761109200000,25417.45000000,12661.03000000
1761112800000,21972.13000000,11807.45000000
1761116400000,46731.37000000,25443.50000000
1761120000000,74602.67000000,37999.18000000
1761123600000,50600.49000000,23380.19000000
1761127200000,23872.93000000,12221.64000000
1761130800000,60165.25000000,30541.03000000
1761134400000,43064.30000000,22409.20000000
1761138000000,57041.25000000,29258.35000000
1761141600000,79290.14000000,41375.72000000
1761145200000,73058.93000000,35208.38000000
1761148800000,79318.60000000,39509.23000000
1761152400000,49373.72000000,24283.77000000
1761156000000,43905.23000000,21303.96000000
1761159600000,59787.64000000,29863.03000000
1761163200000,31527.65000000,17477.93000000
1761166800000,40997.49000000,18992.55000000
1761170400000,40966.25000000,19603.75000000
1761174000000,28325.08000000,14849.61000000
1761177600000,29758.84000000,14191.61000000
1761181200000,23752.75000000,11178.23000000
1761184800000,34520.10000000,18502.99000000
1761188400000,50140.19000000,22737.49000000
1761192000000,36180.91000000,16542.14000000
1761195600000,38988.37000000,19253.08000000
1761199200000,42312.78000000,19916.14000000
1761202800000,56662.49000000,27870.45000000
1761206400000,50023.22000000,23170.14000000
1761210000000,32859.54000000,17336.44000000
1761213600000,19384.56000000,11573.15000000
1761217200000,33970.57000000,16594.24000000
1761220800000,69426.40000000,33400.19000000
1761224400000,34514.48000000,16505.28000000
1761228000000,65557.75000000,34946.31000000
1761231600000,52211.36000000,30073.72000000
1761235200000,46482.89000000,22929.37000000
1761238800000,41146.19000000,21912.85000000
1761242400000,23709.47000000,12017.31000000
1761246000000,22698.57000000,11211.44000000
1761249600000,15576.30000000,7807.93000000
1761253200000,7095.22000000,3585.84000000
1761256800000,11364.73000000,5338.17000000
1761260400000,13324.99000000,6412.10000000
1761264000000,9599.28000000,4499.13000000
1761267600000,10664.34000000,4986.77000000
1761271200000,10949.87000000,5828.25000000
1761274800000,12996.26000000,6505.16000000
1761278400000,19207.52000000,8916.30000000
1761282000000,20823.35000000,11983.36000000
1761285600000,30045.92000000,14066.44000000
1761289200000,21547.47000000,10238.31000000
1761292800000,24253.79000000,11684.29000000
1761296400000,18953.07000000,9969.39000000
1761300000000,24430.16000000,11152.63000000
1761303600000,30589.52000000,15635.43000000
1761307200000,81167.68000000,39683.66000000
1761310800000,86627.75000000,43265.90000000
1761314400000,101578.10000000,52182.42000000
1761318000000,32997.35000000,16240.41000000
1761321600000,59213.36000000,32151.07000000
1761325200000,53417.64000000,24359.97000000
1761328800000,41118.51000000,19431.60000000
1761332400000,41750.47000000,21776.34000000
1761336000000,43270.83000000,23844.79000000
1761339600000,21402.34000000,9223.99000000
1761343200000,16305.40000000,7744.08000000
1761346800000,14448.76000000,6856.38000000
1761350400000,14469.41000000,7144.29000000
1761354000000,15441.73000000,7490.00000000
1761357600000,17766.44000000,8032.90000000
1761361200000,11908.12000000,6516.03000000
1761364800000,8369.31000000,3893.34000000
1761368400000,13499.41000000,6521.07000000
1761372000000,30169.23000000,14714.73000000
1761375600000,24813.09000000,11477.81000000
1761379200000,26164.19000000,12954.78000000
1761382800000,31706.19000000,15155.95000000
1761386400000,32864.84000000,16421.99000000
1761390000000,18345.85000000,8888.41000000
1761393600000,28784.06000000,13826.49000000
1761397200000,48014.04000000,23504.40000000
1761400800000,48620.75000000,24701.73000000
1761404400000,55334.07000000,29821.34000000
1761408000000,54940.45000000,28907.93000000
1761411600000,79009.57000000,42030.80000000
1761415200000,42248.98000000,20419.23000000
1761418800000,18302.95000000,8223.41000000
1761422400000,11999.12000000,6480.86000000
1761426000000,10716.90000000,4530.21000000
1761429600000,16312.32000000,8408.00000000
1761433200000,17507.39000000,7451.40000000
1761436800000,5996.96000000,3671.14000000
1761440400000,10292.92000000,4678.15000000
1761444000000,8930.58000000,4513.34000000
1761447600000,9222.50000000,6826.26000000
1761451200000,27934.93000000,12040.41000000
1761454800000,20950.46000000,9779.82000000
1761458400000,44970.15000000,21388.45000000
1761462000000,277326.45000000,129345.18000000
1761465600000,303339.96000000,144826.68000000
1761469200000,325261.57000000,158886.36000000
1761472800000,51988.92000000,26202.64000000
1761476400000,296470.26000000,138241.69000000
1761480000000,251006.89000000,121143.45000000
1761483600000,269091.36000000,133064.22000000
1761487200000,250726.38000000,122451.05000000
1761490800000,537248.86000000,267471.00000000
1761494400000,809619.04000000,426254.85000000
1761498000000,416496.36000000,220164.16000000
1761501600000,159031.95000000,82804.03000000
1761505200000,122819.87000000,61951.78000000
1761508800000,47946.13000000,23077.55000000
1761512400000,38955.59000000,20369.01000000
1761516000000,30746.36000000,15546.33000000
1761519600000,55909.00000000,29922.54000000
1761523200000,47831.11000000,20244.94000000
1761526800000,29346.25000000,15674.65000000
1761530400000,24579.27000000,11459.80000000
1761534000000,34270.50000000,16542.33000000
1761537600000,44556.76000000,20195.07000000
1761541200000,33139.44000000,16518.09000000
1761544800000,54189.95000000,26933.65000000
1761548400000,81333.30000000,37827.08000000
1761552000000,74546.90000000,35024.00000000
1761555600000,106287.09000000,49578.21000000
1761559200000,66115.32000000,30607.04000000
1761562800000,170841.98000000,84589.22000000
1761566400000,308156.32000000,155100.90000000
1761570000000,387030.90000000,194770.30000000
1761573600000,253043.65000000,125969.69000000
1761577200000,655410.08000000,326350.83000000
1761580800000,540784.78000000,265932.96000000
1761584400000,510088.17000000,255519.58000000
1761588000000,433456.28000000,218147.49000000
1761591600000,827935.60000000,428671.64000000
1761595200000,346873.29000000,173389.72000000
1761598800000,112794.68000000,53726.63000000
1761602400000,105525.92000000,51549.08000000
1761606000000,138908.24000000,69457.48000000
1761609600000,142918.18000000,71038.99000000
1761613200000,151146.87000000,72201.54000000
1761616800000,230220.62000000,114019.80000000
1761620400000,497259.37000000,248089.56000000
1761624000000,204380.91000000,100281.85000000
1761627600000,271853.15000000,130802.18000000
1761631200000,281816.38000000,142452.01000000
1761634800000,569183.39000000,279215.54000000
1761638400000,508094.75000000,250887.59000000
1761642000000,937176.31000000,477626.55000000
1761645600000,748434.74000000,384071.48000000
1761649200000,647217.08000000,325742.13000000
1761652800000,846391.25000000,422220.74000000
1761656400000,803451.85000000,401183.18000000
1761660000000,2059445.13000000,943648.10000000
1761663600000,2661996.32000000,1297368.64000000
1761667200000,2147728.09000000,1062930.56000000
1761670800000,2130096.99000000,1054108.23000000
1761674400000,1488110.25000000,749083.12000000
1761678000000,856266.86000000,423953.92000000
1761681600000,511532.48000000,258716.68000000
1761685200000,200884.42000000,99363.43000000
1761688800000,264393.83000000,130023.07000000
1761692400000,449436.27000000,226337.35000000
1761696000000,292852.60000000,143897.16000000
1761699600000,458442.13000000,228567.84000000
1761703200000,2027578.11000000,1008037.73000000
1761706800000,4628582.86000000,2269315.49000000
1761710400000,6001842.94000000,2936996.34000000
1761714000000,7923900.06000000,3831573.62000000
1761717600000,11501102.98000000,5592988.67000000
1761721200000,20794335.72000000,10183895.83000000
1761724800000,10397062.00000000,5106153.33000000
1761728400000,173980.65000000,85221.16000000
1761732000000,119196.15000000,55169.71000000
1761735600000,147658.54000000,78210.09000000
1761739200000,84980.85000000,42899.70000000
1761742800000,157647.26000000,70197.02000000
1761746400000,87855.67000000,44974.64000000
1761750000000,74044.83000000,35316.56000000
1761753600000,35563.04000000,18138.02000000
1761757200000,52386.78000000,30567.20000000
1761760800000,126495.87000000,62624.40000000
1761764400000,37097.89000000,18421.86000000
1761768000000,30775.17000000,15501.87000000
1761771600000,33238.58000000,17687.34000000
1761775200000,33613.84000000,17272.17000000
1761778800000,56891.65000000,29887.17000000
1761782400000,33076.90000000,17863.89000000
1761786000000,21551.94000000,9858.33000000
1761789600000,52097.76000000,29429.13000000
1761793200000,64805.51000000,31365.69000000
1761796800000,96144.31000000,54093.00000000
1761800400000,74134.12000000,54663.88000000
1761804000000,36916.25000000,18608.48000000
1761807600000,42477.29000000,20635.88000000
1761811200000,49995.77000000,25741.14000000
1761814800000,226220.04000000,114078.86000000
1761818400000,133106.42000000,66740.86000000
1761822000000,48570.46000000,22634.51000000
1761825600000,39686.84000000,20013.33000000
1761829200000,53237.28000000,24258.02000000
1761832800000,36901.93000000,17593.18000000
1761836400000,52561.18000000,24716.95000000
1761840000000,42949.43000000,18681.34000000
1761843600000,70498.02000000,34587.13000000
1761847200000,62719.30000000,25331.55000000
1761850800000,45992.68000000,20892.05000000
1761854400000,25468.43000000,13312.14000000
1761858000000,17707.69000000,10308.87000000
1761861600000,14338.51000000,7610.65000000
1761865200000,50781.47000000,24149.81000000
1761868800000,87591.29000000,40101.91000000
1761872400000,38373.81000000,17599.59000000
1761876000000,61692.05000000,28356.16000000
1761879600000,78896.03000000,35862.65000000
1761883200000,30770.36000000,17454.20000000
1761886800000,35670.84000000,19571.54000000
1761890400000,50672.60000000,26318.93000000
1761894000000,29677.62000000,16289.42000000
1761897600000,24811.57000000,9136.69000000
1761901200000,32949.01000000,16981.68000000
1761904800000,22906.22000000,11482.49000000
1761908400000,21119.50000000,12235.05000000
1761912000000,23907.11000000,11653.93000000
1761915600000,23314.31000000,12287.73000000
1761919200000,26090.55000000,12806.34000000
1761922800000,25088.93000000,12495.65000000
1761926400000,46824.04000000,21176.43000000
1761930000000,23044.23000000,10109.28000000
1761933600000,17359.99000000,8986.80000000
1761937200000,21061.47000000,10359.36000000
1761940800000,22984.49000000,11469.38000000
1761944400000,22204.86000000,9967.23000000
1761948000000,12291.11000000,5429.28000000
1761951600000,17707.28000000,7559.84000000
1761955200000,32595.71000000,13155.18000000
1761958800000,37411.95000000,17102.60000000
1761962400000,15482.85000000,7959.25000000
1761966000000,63773.87000000,33553.85000000
1761969600000,23459.86000000,10588.15000000
1761973200000,10090.37000000,5814.36000000
1761976800000,12152.54000000,6060.84000000
1761980400000,13749.98000000,7919.51000000
1761984000000,14560.34000000,7471.52000000
1761987600000,11433.30000000,6601.87000000
1761991200000,14414.04000000,7454.62000000
1761994800000,9646.31000000,5361.06000000
1761998400000,29602.70000000,12545.80000000
1762002000000,19762.85000000,11153.98000000
1762005600000,20975.94000000,11903.59000000
1762009200000,25240.56000000,15548.27000000
1762012800000,23028.25000000,10909.29000000
1762016400000,25186.90000000,14001.13000000
1762020000000,23272.30000000,11891.66000000
1762023600000,7270.62000000,2932.36000000
1762027200000,4931.14000000,2007.30000000
1762030800000,7082.15000000,3665.90000000
1762034400000,9534.67000000,4136.83000000
1762038000000,12337.22000000,6804.58000000
1762041600000,24506.91000000,11709.23000000
1762045200000,29826.64000000,15160.27000000
1762048800000,18973.43000000,8277.32000000
1762052400000,13975.31000000,6318.04000000
1762056000000,13034.57000000,6827.71000000
1762059600000,19370.83000000,9440.58000000
1762063200000,9016.49000000,4551.49000000
1762066800000,10424.80000000,3264.85000000
1762070400000,8073.93000000,4903.11000000
1762074000000,25866.96000000,14089.32000000
1762077600000,27893.37000000,13560.59000000
1762081200000,21505.49000000,11204.28000000
1762084800000,10027.34000000,5056.54000000
1762088400000,31435.03000000,16202.46000000
1762092000000,21012.35000000,9486.50000000
1762095600000,15884.79000000,6605.37000000
1762099200000,16228.90000000,8247.84000000
1762102800000,8345.80000000,3921.35000000
1762106400000,4078.94000000,1832.34000000
1762110000000,6941.13000000,3673.21000000
1762113600000,18998.42000000,7030.23000000
1762117200000,5507.34000000,3060.80000000
1762120800000,6622.77000000,3619.58000000
1762124400000,17711.36000000,9252.92000000
1762128000000,24367.43000000,10488.82000000
1762131600000,55234.86000000,22615.15000000
1762135200000,21091.28000000,9742.07000000
1762138800000,30936.87000000,14389.80000000
1762142400000,54531.46000000,26549.90000000
1762146000000,22031.06000000,11620.91000000
1762149600000,25852.03000000,13399.52000000
1762153200000,18983.28000000,10081.88000000
1762156800000,20744.99000000,11304.89000000
1762160400000,25060.85000000,12954.23000000
1762164000000,16580.53000000,7011.14000000
1762167600000,26406.21000000,12955.29000000
1762171200000,27439.19000000,12654.77000000
1762174800000,35573.51000000,18510.38000000
1762178400000,32545.77000000,18525.13000000
1762182000000,78388.61000000,41322.77000000
1762185600000,40158.89000000,18304.85000000
1762189200000,28477.58000000,14032.22000000
1762192800000,26376.23000000,12327.21000000
1762196400000,15540.11000000,6876.42000000
1762200000000,23253.73000000,11788.09000000
1762203600000,43771.36000000,22661.13000000
1762207200000,16040.79000000,8106.51000000
1762210800000,15410.81000000,7652.86000000
1762214400000,81242.03000000,34079.08000000
1762218000000,24404.65000000,11837.91000000
1762221600000,28439.48000000,12888.60000000
1762225200000,46942.59000000,20000.62000000
1762228800000,68491.81000000,29197.28000000
1762232400000,59308.50000000,29076.29000000
1762236000000,45208.50000000,21966.11000000
1762239600000,37057.45000000,18280.07000000
1762243200000,35408.94000000,19045.32000000
1762246800000,33824.53000000,18323.51000000
1762250400000,28587.24000000,15367.86000000
1762254000000,35187.53000000,21892.90000000
1762257600000,45653.67000000,27177.93000000
1762261200000,22544.52000000,12416.49000000
1762264800000,92167.60000000,45545.10000000
1762268400000,50345.84000000,24913.86000000
1762272000000,71585.64000000,39675.17000000
1762275600000,40569.25000000,21354.87000000
1762279200000,59403.64000000,28321.66000000
1762282800000,34525.03000000,17178.65000000
1762286400000,91744.39000000,41623.18000000
1762290000000,118336.18000000,59709.17000000
1762293600000,47285.52000000,22323.59000000
1762297200000,22829.85000000,12012.29000000
1762300800000,22856.50000000,12626.90000000
1762304400000,38054.98000000,19738.61000000
1762308000000,37106.69000000,19042.54000000
1762311600000,26417.69000000,12624.47000000
1762315200000,15626.92000000,6749.36000000
1762318800000,17291.46000000,9232.57000000
1762322400000,22313.85000000,11351.37000000
1762326000000,14949.24000000,8267.52000000
1762329600000,33464.25000000,17101.19000000
1762333200000,48581.33000000,23759.02000000
1762336800000,33017.70000000,16052.97000000
1762340400000,41427.35000000,22989.79000000
1762344000000,41352.91000000,18683.09000000
1762347600000,23536.36000000,12159.95000000
1762351200000,32807.27000000,16264.64000000
1762354800000,35437.75000000,18251.39000000
1762358400000,23374.40000000,10655.01000000
1762362000000,23352.91000000,13756.80000000
1762365600000,22684.13000000,10936.97000000
1762369200000,23562.13000000,11278.66000000
1762372800000,26172.48000000,12842.83000000
1762376400000,25867.72000000,13894.25000000
1762380000000,15180.77000000,8434.46000000
1762383600000,38294.03000000,15670.47000000
1762387200000,39492.37000000,19082.74000000
1762390800000,34136.06000000,15227.21000000
1762394400000,34236.36000000,14946.53000000
1762398000000,31324.09000000,11515.59000000
1762401600000,27181.90000000,15629.56000000
1762405200000,36537.54000000,18465.92000000
1762408800000,23481.36000000,13436.67000000
1762412400000,38384.52000000,20428.55000000
1762416000000,28471.22000000,11870.67000000
1762419600000,28724.42000000,13358.28000000
1762423200000,33885.01000000,18020.11000000
1762426800000,23452.26000000,11749.16000000
1762430400000,55741.31000000,27173.59000000
1762434000000,57936.45000000,29997.63000000
1762437600000,35452.36000000,17483.21000000
1762441200000,41913.39000000,19546.73000000
1762444800000,106744.50000000,62079.07000000
1762448400000,60796.31000000,27310.26000000
1762452000000,38772.31000000,17353.08000000
1762455600000,48835.35000000,23050.28000000
1762459200000,45166.23000000,23007.61000000
1762462800000,32614.09000000,18314.44000000
1762466400000,60641.58000000,26810.04000000
1762470000000,50549.71000000,28794.94000000
1762473600000,51084.63000000,29808.79000000
1762477200000,51440.18000000,26818.65000000
1762480800000,36625.65000000,22306.19000000
1762484400000,34486.03000000,18352.34000000
1762488000000,37352.96000000,19350.01000000
1762491600000,30665.80000000,15619.16000000
1762495200000,32025.40000000,16627.22000000
1762498800000,69015.54000000,32348.81000000
1762502400000,52075.94000000,27301.16000000
1762506000000,56617.30000000,31030.43000000
1762509600000,32580.62000000,15016.44000000
1762513200000,103874.21000000,56618.89000000
1762516800000,40920.28000000,21377.50000000
1762520400000,24763.04000000,12461.87000000
1762524000000,75377.86000000,36909.22000000
1762527600000,68395.44000000,33093.04000000
1762531200000,50936.73000000,22919.98000000
1762534800000,49721.41000000,23517.94000000
1762538400000,30825.91000000,15990.05000000
1762542000000,18737.24000000,9380.21000000
1762545600000,16874.56000000,8530.63000000
1762549200000,17263.44000000,10401.49000000
1762552800000,19911.29000000,10935.49000000
1762556400000,18677.25000000,11453.46000000
1762560000000,28890.88000000,14318.06000000
1762563600000,23383.28000000,11065.87000000
1762567200000,10272.03000000,5638.83000000
1762570800000,29722.07000000,14784.34000000
1762574400000,23179.90000000,11052.55000000
1762578000000,28270.47000000,16021.92000000
1762581600000,25511.52000000,10055.14000000
1762585200000,19099.02000000,9209.82000000
1762588800000,18135.29000000,10286.83000000
1762592400000,19302.18000000,10998.39000000
1762596000000,17572.63000000,8329.13000000
1762599600000,15456.72000000,7694.52000000
1762603200000,15894.76000000,9446.01000000
1762606800000,17476.46000000,8441.66000000
1762610400000,32249.47000000,17345.94000000
1762614000000,28322.36000000,14297.14000000
1762617600000,21486.27000000,10193.04000000
1762621200000,14701.64000000,6658.72000000
1762624800000,13753.14000000,6845.31000000
1762628400000,17974.32000000,8471.84000000
1762632000000,8055.32000000,3789.48000000
1762635600000,6289.77000000,3013.14000000
1762639200000,4866.66000000,2818.61000000
1762642800000,7443.71000000,4238.33000000
1762646400000,25560.31000000,12935.48000000
1762650000000,13772.43000000,6884.63000000
1762653600000,14037.75000000,6651.23000000
1762657200000,14842.30000000,7513.47000000
1762660800000,10686.13000000,5781.25000000
1762664400000,7464.45000000,3551.70000000
1762668000000,10620.15000000,4624.65000000
1762671600000,55086.77000000,29696.42000000
1762675200000,24860.36000000,13642.42000000
1762678800000,19180.09000000,11469.11000000
1762682400000,17138.35000000,9355.35000000
1762686000000,14569.51000000,7428.09000000
1762689600000,48201.41000000,27388.82000000
1762693200000,13331.88000000,6235.78000000
1762696800000,42534.88000000,22955.88000000
1762700400000,19088.49000000,9290.04000000
1762704000000,9040.89000000,5527.62000000
1762707600000,24630.27000000,13263.41000000
1762711200000,18860.72000000,8854.66000000
1762714800000,10245.06000000,5376.60000000
1762718400000,28801.62000000,11930.19000000
1762722000000,21037.18000000,8827.30000000
1762725600000,20312.61000000,10820.81000000
1762729200000,21755.93000000,13099.57000000
1762732800000,88646.86000000,40638.66000000
1762736400000,83975.16000000,39924.97000000
1762740000000,47921.66000000,23112.89000000
1762743600000,24735.59000000,13773.50000000
1762747200000,26141.63000000,13839.48000000
1762750800000,19170.23000000,9657.28000000
1762754400000,46459.84000000,13478.94000000
1762758000000,17501.80000000,9723.51000000
1762761600000,21838.97000000,11412.47000000
1762765200000,42618.35000000,22198.68000000
1762768800000,18824.32000000,8488.88000000
1762772400000,12637.13000000,6142.21000000
1762776000000,12848.95000000,7624.63000000
1762779600000,12928.51000000,6409.82000000
1762783200000,43125.95000000,18831.76000000
1762786800000,181184.35000000,102945.38000000
1762790400000,32085.04000000,17908.98000000
1762794000000,14465.38000000,8255.95000000
1762797600000,12447.49000000,5762.27000000
1762801200000,10249.14000000,5524.42000000
1762804800000,8958.81000000,5397.53000000
1762808400000,28591.42000000,8897.48000000
1762812000000,16880.63000000,10047.95000000
1762815600000,38277.46000000,18337.95000000
1762819200000,17921.30000000,9966.88000000
1762822800000,13657.20000000,6215.01000000
1762826400000,25989.39000000,10319.47000000
1762830000000,12101.65000000,6643.92000000
1762833600000,27960.47000000,13303.97000000
1762837200000,18155.78000000,8095.05000000
1762840800000,34138.14000000,14890.84000000
1762844400000,28010.12000000,10652.15000000
1762848000000,29836.04000000,14620.04000000
1762851600000,14706.34000000,8371.77000000
1762855200000,14158.38000000,7481.67000000
1762858800000,8870.88000000,4350.01000000
1762862400000,36935.96000000,12248.11000000
1762866000000,43049.61000000,17405.44000000
1762869600000,47222.49000000,22438.94000000
1762873200000,29676.56000000,13531.76000000
1762876800000,20262.24000000,8932.67000000
1762880400000,17661.23000000,7107.86000000
1762884000000,14796.05000000,5656.92000000
1762887600000,16164.89000000,6754.57000000
1762891200000,12882.88000000,6680.73000000
1762894800000,14700.00000000,7514.74000000
1762898400000,7621.51000000,4076.71000000
1762902000000,7576.61000000,2947.62000000
1762905600000,15941.86000000,6796.85000000
1762909200000,17416.08000000,7961.50000000
1762912800000,25926.23000000,10978.37000000
1762916400000,8568.11000000,3678.91000000
1762920000000,10607.57000000,4778.10000000
1762923600000,11314.56000000,4910.39000000
1762927200000,9117.39000000,4660.58000000
1762930800000,7854.81000000,3250.83000000
1762934400000,9140.13000000,4285.96000000
1762938000000,6677.71000000,3357.38000000
1762941600000,7709.90000000,3834.54000000
1762945200000,8708.49000000,3713.00000000
1762948800000,6690.02000000,2932.36000000
1762952400000,8216.15000000,3939.12000000
1762956000000,25437.41000000,13880.49000000
1762959600000,24311.81000000,11273.40000000
1762963200000,32357.01000000,16204.19000000
1762966800000,16863.24000000,8453.19000000
1762970400000,16856.11000000,8905.05000000
1762974000000,27574.40000000,11599.78000000
1762977600000,10558.10000000,5837.35000000
1762981200000,13045.60000000,5124.58000000
1762984800000,7748.66000000,4619.04000000
1762988400000,7637.26000000,3521.24000000
1762992000000,10226.91000000,5302.96000000
1762995600000,9776.15000000,5462.43000000
1762999200000,7485.11000000,2895.55000000
1763002800000,17923.38000000,7712.78000000
1763006400000,11396.35000000,4695.22000000
1763010000000,9968.91000000,5771.59000000
1763013600000,7716.84000000,3294.43000000
1763017200000,9448.28000000,3836.59000000
1763020800000,6938.17000000,2937.73000000
1763024400000,8252.69000000,3632.16000000
1763028000000,11784.66000000,4534.84000000
1763031600000,28478.61000000,14272.46000000
1763035200000,15623.25000000,7717.09000000
1763038800000,23703.78000000,10602.82000000
1763042400000,55480.62000000,27957.22000000
1763046000000,23389.77000000,11370.27000000
1763049600000,23181.52000000,10634.38000000
1763053200000,38341.16000000,16037.42000000
1763056800000,37959.03000000,16139.62000000
1763060400000,34771.15000000,17715.83000000
1763064000000,23663.06000000,11635.41000000
1763067600000,15478.84000000,7472.08000000
1763071200000,9714.65000000,4512.88000000
1763074800000,16419.79000000,7154.00000000
1763078400000,13733.62000000,6149.22000000
1763082000000,9893.73000000,4578.17000000
1763085600000,9631.59000000,2980.29000000
1763089200000,5792.21000000,2601.96000000
1763092800000,32846.58000000,15079.53000000
1763096400000,14349.79000000,6503.93000000
1763100000000,24703.06000000,11290.89000000
1763103600000,18451.92000000,8724.44000000
1763107200000,9722.00000000,5629.51000000
1763110800000,12380.15000000,5855.08000000
1763114400000,10092.95000000,4489.93000000
1763118000000,11377.97000000,5382.23000000
1763121600000,28877.11000000,13352.18000000
1763125200000,39059.75000000,19892.55000000
1763128800000,27671.22000000,12738.02000000
1763132400000,36570.31000000,19609.02000000
1763136000000,20355.39000000,9597.39000000
1763139600000,19190.50000000,8623.23000000
1763143200000,24553.88000000,11820.35000000
1763146800000,22354.91000000,9585.97000000
1763150400000,29251.80000000,15283.18000000
1763154000000,12106.99000000,5634.02000000
1763157600000,8507.87000000,2989.94000000
1763161200000,30800.78000000,17422.79000000
1763164800000,20158.32000000,9993.94000000
1763168400000,14319.80000000,4546.40000000
1763172000000,6523.29000000,3139.00000000
1763175600000,10047.80000000,3776.51000000
1763179200000,44875.90000000,19174.94000000
1763182800000,19616.03000000,8597.74000000
1763186400000,13065.04000000,6639.76000000
1763190000000,19780.58000000,10409.77000000
1763193600000,37526.38000000,18580.73000000
1763197200000,25136.08000000,11359.30000000
1763200800000,36467.33000000,14847.99000000
1763204400000,18345.30000000,8406.37000000
1763208000000,34102.26000000,11962.77000000
1763211600000,29474.45000000,14236.28000000
1763215200000,20234.54000000,7012.82000000
1763218800000,15948.02000000,6717.07000000
1763222400000,25962.81000000,12149.42000000
1763226000000,23045.65000000,6609.90000000
1763229600000,13286.36000000,5433.53000000
1763233200000,6084.71000000,2170.46000000
1763236800000,21554.01000000,10130.25000000
1763240400000,17906.27000000,8091.28000000
1763244000000,8363.44000000,3390.61000000
1763247600000,5578.36000000,2192.76000000
1763251200000,16776.49000000,8999.27000000
1763254800000,15211.71000000,6880.06000000
1763258400000,8251.77000000,3054.68000000
1763262000000,2628.96000000,974.40000000
1763265600000,8440.72000000,4341.42000000
1763269200000,6131.28000000,2998.61000000
1763272800000,5580.67000000,1918.99000000
1763276400000,11408.31000000,2418.24000000
1763280000000,24369.68000000,11288.22000000
1763283600000,13517.78000000,7136.04000000
1763287200000,12171.86000000,5121.30000000
1763290800000,62786.19000000,31380.16000000
1763294400000,38841.98000000,13795.02000000
1763298000000,9059.43000000,3844.05000000
1763301600000,8564.48000000,4426.38000000
1763305200000,12314.00000000,6221.57000000
1763308800000,16839.38000000,7937.89000000
1763312400000,13937.39000000,7015.09000000
1763316000000,25359.19000000,12606.01000000
1763319600000,13305.74000000,6563.75000000
1763323200000,7532.33000000,4107.97000000
1763326800000,23329.49000000,11482.96000000
1763330400000,15130.45000000,7747.59000000
1763334000000,20521.19000000,9631.04000000
1763337600000,23279.61000000,13279.53000000
1763341200000,15323.98000000,7320.28000000
1763344800000,15159.15000000,8333.55000000
1763348400000,10831.36000000,4632.14000000
1763352000000,7969.71000000,3483.03000000
1763355600000,11400.85000000,6477.41000000
1763359200000,8799.61000000,4042.15000000
1763362800000,13897.61000000,5734.10000000
1763366400000,8758.75000000,4558.19000000
1763370000000,14254.99000000,7199.97000000
1763373600000,12894.86000000,5822.06000000
1763377200000,12152.60000000,6531.30000000
1763380800000,10780.04000000,5383.87000000
1763384400000,21669.79000000,12034.93000000
1763388000000,30810.50000000,15192.38000000
1763391600000,15335.67000000,8612.60000000
1763395200000,175729.80000000,97923.93000000
1763398800000,116302.57000000,60462.05000000
1763402400000,46100.64000000,24963.13000000
1763406000000,38651.27000000,22331.27000000
1763409600000,16512.19000000,8129.47000000
1763413200000,13755.68000000,8075.68000000
1763416800000,14443.38000000,7580.22000000
1763420400000,8175.94000000,4535.91000000
1763424000000,26506.58000000,14383.03000000
1763427600000,17234.84000000,7992.71000000
1763431200000,43508.40000000,19552.05000000
1763434800000,51122.30000000,26136.72000000
1763438400000,34326.05000000,17680.97000000
1763442000000,17730.38000000,9390.62000000
1763445600000,16896.96000000,8334.64000000
1763449200000,22599.33000000,12321.27000000
1763452800000,25972.16000000,13206.29000000
1763456400000,19523.39000000,11022.32000000
1763460000000,19305.09000000,9117.86000000
1763463600000,15398.85000000,8862.67000000
1763467200000,15424.34000000,7960.67000000
1763470800000,20578.81000000,10300.16000000
1763474400000,27351.95000000,13385.08000000
1763478000000,36430.39000000,16715.59000000
1763481600000,47476.99000000,30328.64000000
1763485200000,13205.77000000,6520.34000000
1763488800000,11152.73000000,5984.94000000
1763492400000,12631.52000000,6727.94000000
1763496000000,7062.90000000,3723.06000000
1763499600000,5326.39000000,2700.79000000
1763503200000,23422.14000000,12293.60000000
1763506800000,15621.78000000,8906.85000000
1763510400000,14139.74000000,6471.81000000
1763514000000,16858.16000000,9074.14000000
1763517600000,23612.95000000,11145.86000000
1763521200000,32002.42000000,15828.43000000
1763524800000,36645.81000000,15973.23000000
1763528400000,19497.93000000,9951.55000000
1763532000000,15136.70000000,7801.74000000
1763535600000,21724.15000000,10910.07000000
1763539200000,15873.97000000,8627.76000000
1763542800000,10292.39000000,5657.37000000
1763546400000,9775.04000000,4082.89000000
1763550000000,16775.89000000,10256.88000000
1763553600000,88675.83000000,49823.34000000
1763557200000,30793.14000000,14062.96000000
1763560800000,30861.76000000,14617.15000000
1763564400000,38629.94000000,19094.27000000
1763568000000,43814.44000000,22342.04000000
1763571600000,25707.90000000,13635.37000000
1763575200000,28407.00000000,13166.47000000
1763578800000,19670.97000000,10263.01000000
1763582400000,17175.01000000,8202.31000000
1763586000000,41412.71000000,25083.00000000
1763589600000,24119.13000000,12227.75000000
1763593200000,27634.00000000,14947.24000000
1763596800000,24665.75000000,11672.62000000
1763600400000,20169.20000000,9531.54000000
1763604000000,16988.51000000,8761.95000000
1763607600000,38858.57000000,18751.19000000
1763611200000,12225.41000000,6709.29000000
1763614800000,7376.89000000,2954.98000000
1763618400000,10889.34000000,5642.63000000
1763622000000,12417.07000000,5892.32000000
1763625600000,14240.04000000,5813.44000000
1763629200000,15234.04000000,7321.17000000
1763632800000,9648.60000000,4524.71000000
1763636400000,9947.78000000,4821.71000000
1763640000000,17290.34000000,8318.52000000
1763643600000,24374.24000000,11598.37000000
1763647200000,36923.24000000,19108.70000000
1763650800000,50256.98000000,22019.41000000
1763654400000,43649.45000000,19760.75000000
1763658000000,43120.32000000,21849.29000000
1763661600000,49075.44000000,22689.78000000
1763665200000,38126.72000000,19229.48000000
1763668800000,20316.57000000,10048.46000000
1763672400000,14833.08000000,6658.88000000
1763676000000,15070.76000000,6871.19000000
1763679600000,22399.02000000,12080.98000000
1763683200000,27940.48000000,14240.58000000
1763686800000,25208.83000000,12898.39000000
1763690400000,29704.80000000,14936.12000000
1763694000000,24715.19000000,12029.26000000
1763697600000,21643.70000000,11939.87000000
1763701200000,27117.25000000,13577.44000000
1763704800000,21153.65000000,9885.05000000
1763708400000,80285.99000000,39809.19000000
1763712000000,45570.61000000,22588.72000000
1763715600000,38597.83000000,18785.59000000
1763719200000,29877.88000000,15365.73000000
1763722800000,37032.77000000,19715.70000000
1763726400000,44473.43000000,23040.12000000
1763730000000,30601.04000000,14884.20000000
1763733600000,39218.27000000,21280.97000000
1763737200000,31263.81000000,13056.43000000
1763740800000,46711.13000000,22936.76000000
1763744400000,33759.63000000,14979.76000000
1763748000000,55560.15000000,26729.41000000
1763751600000,29158.32000000,14832.78000000
1763755200000,40462.35000000,19351.74000000
1763758800000,29360.94000000,15283.04000000
1763762400000,26313.10000000,14086.69000000
1763766000000,40017.40000000,21175.01000000
1763769600000,32087.54000000,16102.37000000
1763773200000,16722.88000000,8148.48000000
1763776800000,51012.58000000,24764.92000000
1763780400000,20241.72000000,11477.11000000
1763784000000,30600.38000000,15222.67000000
1763787600000,35025.98000000,18332.87000000
1763791200000,20259.06000000,9979.25000000
1763794800000,24848.34000000,11697.50000000
1763798400000,22253.49000000,11250.40000000
1763802000000,27490.06000000,15392.59000000
1763805600000,21590.82000000,12035.14000000
1763809200000,33013.35000000,17249.41000000
1763812800000,19797.84000000,10096.31000000
1763816400000,29054.09000000,14338.78000000
1763820000000,44373.35000000,24397.48000000
1763823600000,34807.73000000,16292.65000000
1763827200000,25956.55000000,13463.37000000
1763830800000,16401.86000000,7705.97000000
1763834400000,19871.60000000,10716.79000000
1763838000000,11381.68000000,6089.70000000
1763841600000,20734.25000000,9866.84000000
1763845200000,12796.12000000,6273.16000000
1763848800000,16999.26000000,8235.89000000
1763852400000,11068.06000000,5113.36000000
1763856000000,17343.51000000,9795.38000000
1763859600000,15870.40000000,8169.56000000
1763863200000,24473.39000000,12035.62000000
1763866800000,11650.25000000,5509.76000000
1763870400000,18598.30000000,9409.96000000
1763874000000,14012.80000000,8120.34000000
1763877600000,17578.64000000,9185.35000000
1763881200000,18731.88000000,9695.92000000
1763884800000,14844.52000000,7225.31000000
1763888400000,18625.11000000,9852.35000000
1763892000000,17743.74000000,9101.37000000
1763895600000,21551.58000000,10778.19000000
1763899200000,23867.93000000,13319.56000000
1763902800000,19658.21000000,10703.48000000
1763906400000,56480.89000000,26846.21000000
1763910000000,21654.15000000,12124.42000000
1763913600000,29936.71000000,13891.47000000
1763917200000,18431.00000000,9454.42000000
1763920800000,15100.66000000,7277.46000000
1763924400000,19761.91000000,8708.06000000
1763928000000,23299.62000000,13311.25000000
1763931600000,22740.19000000,10243.89000000
1763935200000,12404.28000000,6569.04000000
1763938800000,27013.23000000,12260.84000000
1763942400000,23138.40000000,11017.81000000
1763946000000,19419.19000000,9730.63000000
1763949600000,37858.48000000,19228.02000000
1763953200000,15104.30000000,6676.33000000
1763956800000,9280.86000000,4615.60000000
1763960400000,28649.08000000,15382.91000000
1763964000000,26469.41000000,11891.69000000
1763967600000,14409.67000000,7371.00000000
1763971200000,17006.86000000,9213.86000000
1763974800000,20941.54000000,9139.94000000
1763978400000,14107.87000000,7662.38000000
1763982000000,9579.95000000,5021.09000000
1763985600000,24761.75000000,13757.55000000
1763989200000,7515.27000000,3977.26000000
1763992800000,24735.71000000,12624.71000000
1763996400000,50910.63000000,23576.09000000
1764000000000,16326.58000000,7934.89000000
1764003600000,25348.85000000,11788.73000000
1764007200000,20553.89000000,11156.58000000
1764010800000,30407.70000000,14927.16000000
1764014400000,22128.21000000,12381.27000000
1764018000000,29669.54000000,13045.07000000
1764021600000,6068.02000000,3122.79000000
1764025200000,10478.90000000,4711.19000000
1764028800000,10714.64000000,5618.69000000
1764032400000,11903.49000000,6051.13000000
1764036000000,10273.74000000,4847.46000000
1764039600000,5974.91000000,2591.79000000
1764043200000,9165.53000000,5302.11000000
1764046800000,4936.89000000,2567.06000000
1764050400000,6932.12000000,2998.81000000
1764054000000,19984.47000000,10435.98000000
1764057600000,10958.28000000,5782.53000000
1764061200000,8097.61000000,4313.81000000
1764064800000,8658.12000000,4123.80000000
1764068400000,7031.08000000,3281.13000000
1764072000000,9533.95000000,4284.27000000
1764075600000,15386.67000000,7536.31000000
1764079200000,26321.65000000,14073.14000000
1764082800000,36845.72000000,17920.51000000
1764086400000,24273.58000000,9228.94000000
1764090000000,36852.12000000,20096.08000000
1764093600000,15492.65000000,7820.45000000
1764097200000,17886.79000000,9942.93000000
1764100800000,10805.63000000,5967.59000000
1764104400000,4537.12000000,2130.31000000
1764108000000,11586.86000000,5979.52000000
1764111600000,6024.22000000,3027.89000000
1764115200000,11061.56000000,4458.48000000
1764118800000,7441.38000000,3687.10000000
1764122400000,3960.54000000,2005.48000000
1764126000000,4131.56000000,1873.11000000
1764129600000,4490.67000000,2553.37000000
1764133200000,5661.15000000,3119.02000000
1764136800000,8219.13000000,5022.41000000
1764140400000,16236.21000000,9727.04000000
1764144000000,31817.05000000,12224.28000000
1764147600000,21508.12000000,9670.05000000
1764151200000,8556.21000000,3976.17000000
1764154800000,11788.28000000,6784.15000000
1764158400000,11785.42000000,5742.85000000
1764162000000,24626.19000000,14284.66000000
1764165600000,23043.47000000,11583.04000000
1764169200000,33553.30000000,19509.03000000
1764172800000,18323.47000000,9600.42000000
1764176400000,33291.44000000,17683.78000000
1764180000000,21623.94000000,9495.58000000
1764183600000,21443.39000000,9775.09000000
1764187200000,19562.15000000,10163.21000000
1764190800000,6190.92000000,3323.95000000
1764194400000,19389.52000000,9072.14000000
1764198000000,9785.12000000,6393.67000000
1764201600000,36203.69000000,17334.96000000
1764205200000,12136.62000000,6794.16000000
1764208800000,10665.13000000,4849.28000000
1764212400000,8568.94000000,4102.24000000
1764216000000,6323.01000000,3126.24000000
1764219600000,9042.39000000,4647.04000000
1764223200000,6502.56000000,4649.83000000
1764226800000,10862.97000000,4887.66000000
1764230400000,8408.68000000,3516.26000000
1764234000000,4651.52000000,1818.24000000
1764237600000,5704.29000000,3032.77000000
1764241200000,16396.17000000,8283.21000000
1764244800000,5031.46000000,2746.88000000
1764248400000,7831.64000000,4102.09000000
1764252000000,12574.60000000,6214.98000000
1764255600000,8398.05000000,3953.72000000
1764259200000,6017.25000000,2397.20000000
1764262800000,4306.72000000,2155.77000000
1764266400000,4101.41000000,2169.12000000
1764270000000,11292.43000000,4256.78000000
1764273600000,8718.86000000,3907.76000000
1764277200000,6186.99000000,1802.33000000
1764280800000,5634.05000000,3339.82000000
1764284400000,7315.73000000,3746.64000000
1764288000000,5249.71000000,2009.67000000
1764291600000,10034.31000000,4648.78000000
1764295200000,8774.46000000,4057.27000000
1764298800000,7595.56000000,3041.08000000
1764302400000,6458.42000000,3300.50000000
1764306000000,10184.89000000,4858.26000000
1764309600000,11194.03000000,6394.06000000
1764313200000,4860.73000000,2257.70000000
1764316800000,9917.04000000,5397.35000000
1764320400000,7866.64000000,3340.21000000
1764324000000,37609.57000000,19181.03000000
1764327600000,37060.92000000,22363.29000000
1764331200000,19574.12000000,9165.51000000
1764334800000,8161.83000000,4322.39000000
1764338400000,16281.96000000,8534.89000000
1764342000000,26135.97000000,10142.93000000
1764345600000,13791.14000000,6441.91000000
1764349200000,29524.90000000,13520.63000000
1764352800000,12504.17000000,5766.81000000
1764356400000,6948.46000000,3594.05000000
1764360000000,23832.76000000,4942.25000000
1764363600000,12166.37000000,7254.63000000
1764367200000,13693.58000000,7466.14000000
1764370800000,4358.56000000,2924.40000000
1764374400000,8655.09000000,4560.09000000
1764378000000,6747.88000000,4141.31000000
1764381600000,9344.33000000,4938.98000000
1764385200000,3479.06000000,1851.28000000
1764388800000,7128.48000000,3178.98000000
1764392400000,6128.27000000,3196.97000000
1764396000000,6245.86000000,3360.97000000
1764399600000,5269.31000000,2947.07000000
1764403200000,3474.28000000,1360.71000000
1764406800000,6589.45000000,3408.12000000
1764410400000,7081.47000000,3927.69000000
1764414000000,2937.85000000,1953.58000000
1764417600000,3809.87000000,1152.77000000
1764421200000,7236.21000000,3530.36000000
1764424800000,6855.46000000,2530.79000000
1764428400000,14378.64000000,5859.63000000
1764432000000,11370.47000000,4265.95000000
1764435600000,27195.24000000,12913.09000000
1764439200000,13663.78000000,6667.98000000
1764442800000,8197.84000000,3655.15000000
1764446400000,6419.45000000,3284.59000000
1764450000000,6801.04000000,2933.73000000
1764453600000,10385.65000000,5664.69000000
1764457200000,2821.80000000,1197.03000000
1764460800000,11415.19000000,4699.46000000
1764464400000,6933.53000000,3136.35000000
1764468000000,7790.09000000,3480.10000000
1764471600000,40598.20000000,24747.30000000
1764475200000,17673.12000000,8372.26000000
1764478800000,15763.84000000,6161.56000000
1764482400000,15730.36000000,7252.77000000
1764486000000,226758.40000000,118647.42000000
1764489600000,126423.06000000,49833.62000000
1764493200000,33512.93000000,11911.17000000
1764496800000,21998.37000000,9471.57000000
1764500400000,21922.06000000,11416.52000000
1764504000000,10566.17000000,5251.72000000
1764507600000,11251.83000000,5732.28000000
1764511200000,13793.25000000,6508.16000000
1764514800000,10159.58000000,4365.83000000
1764518400000,9447.67000000,5104.87000000
1764522000000,27055.34000000,15108.45000000
1764525600000,11879.99000000,5697.29000000
1764529200000,12213.78000000,5895.28000000
1764532800000,40243.02000000,20287.68000000
1764536400000,83086.57000000,40201.97000000
1764540000000,161335.53000000,83571.54000000
1764543600000,55621.38000000,27241.64000000
1764547200000,72125.15000000,32636.81000000
1764550800000,46190.25000000,20786.18000000
1764554400000,68933.38000000,31646.09000000
1764558000000,64629.48000000,28823.51000000
1764561600000,37461.83000000,17099.39000000
1764565200000,34026.71000000,14317.02000000
1764568800000,21479.03000000,7241.92000000
1764572400000,50081.24000000,24421.80000000
1764576000000,22528.21000000,11295.00000000
1764579600000,20458.11000000,10116.57000000
1764583200000,18594.12000000,8979.03000000
1764586800000,13806.28000000,6526.85000000
1764590400000,75306.17000000,38688.18000000
1764594000000,61217.09000000,28649.21000000
1764597600000,29759.05000000,13169.39000000
1764601200000,46683.34000000,23658.09000000
1764604800000,60098.31000000,29436.82000000
1764608400000,36212.35000000,16878.85000000
1764612000000,40548.09000000,21551.56000000
1764615600000,24450.05000000,12400.92000000
1764619200000,40448.22000000,21028.47000000
1764622800000,23050.34000000,13388.07000000
1764626400000,12591.61000000,6561.40000000
1764630000000,9244.18000000,5083.96000000
1764633600000,8146.64000000,3698.79000000
1764637200000,8166.11000000,3372.02000000
1764640800000,6987.78000000,3502.29000000
1764644400000,6763.71000000,2346.58000000
1764648000000,6236.66000000,2272.28000000
1764651600000,15655.09000000,7523.86000000
1764655200000,4058.18000000,1917.49000000
1764658800000,3476.59000000,2010.80000000
1764662400000,8719.10000000,3716.03000000
1764666000000,18254.83000000,9103.96000000
1764669600000,9990.27000000,5155.00000000
1764673200000,5889.17000000,2460.93000000
1764676800000,31465.67000000,14657.27000000
1764680400000,7116.43000000,3178.51000000
1764684000000,20285.17000000,9389.56000000
1764687600000,37530.35000000,17595.24000000
1764691200000,24413.93000000,12431.40000000
1764694800000,9250.06000000,4523.35000000
1764698400000,9330.61000000,5489.21000000
1764702000000,12676.71000000,5381.30000000
1764705600000,13733.32000000,7169.63000000
1764709200000,4375.87000000,2425.93000000
1764712800000,5016.97000000,1865.93000000
1764716400000,33149.14000000,15150.22000000
1764720000000,42661.56000000,19685.67000000
1764723600000,3789.09000000,2090.25000000
1764727200000,3905.71000000,2144.88000000
1764730800000,1477.87000000,635.61000000
1764734400000,3014.73000000,1371.65000000
1764738000000,8080.02000000,4501.49000000
1764741600000,28634.58000000,18423.62000000
1764745200000,33749.42000000,20973.48000000
1764748800000,34139.50000000,12651.45000000
1764752400000,23963.90000000,11543.11000000
1764756000000,60641.55000000,23461.64000000
1764759600000,51449.97000000,25778.91000000
1764763200000,6355.97000000,2178.15000000
1764766800000,35743.65000000,16430.76000000
1764770400000,28982.61000000,13416.70000000
1764774000000,4814.31000000,2549.51000000
1764777600000,5826.73000000,3060.70000000
1764781200000,6110.80000000,2796.56000000
1764784800000,14353.21000000,7101.59000000
1764788400000,1857.46000000,933.88000000
1764792000000,4023.62000000,2534.10000000
1764795600000,5364.73000000,2040.11000000
1764799200000,8359.52000000,4514.00000000
1764802800000,4640.41000000,2177.93000000
1764806400000,4118.08000000,2474.04000000
1764810000000,13179.82000000,7340.24000000
1764813600000,2934.60000000,1236.64000000
1764817200000,1233.10000000,586.67000000
1764820800000,9274.76000000,3936.74000000
1764824400000,3140.61000000,1530.40000000
1764828000000,1749.52000000,1177.88000000
1764831600000,7641.18000000,5257.67000000
1764835200000,2190.22000000,1449.48000000
1764838800000,1856.73000000,1138.45000000
1764842400000,2854.77000000,710.72000000
1764846000000,123549.52000000,35251.13000000
1764849600000,17453.67000000,8667.86000000
1764853200000,9985.90000000,5417.91000000
1764856800000,10359.65000000,5329.83000000
1764860400000,10150.11000000,6175.09000000
1764864000000,9486.55000000,5049.37000000
1764867600000,10580.01000000,4349.03000000
1764871200000,11531.47000000,5729.64000000
1764874800000,50114.71000000,23805.57000000
1764878400000,5250.02000000,2755.60000000
1764882000000,5309.40000000,2974.27000000
1764885600000,5349.97000000,3168.60000000
1764889200000,2490.23000000,911.27000000
1764892800000,4782.26000000,2213.52000000
1764896400000,5106.35000000,1809.57000000
1764900000000,3591.79000000,1511.66000000
1764903600000,2396.52000000,986.65000000
1764907200000,9568.71000000,3652.44000000
1764910800000,2234.30000000,818.84000000
1764914400000,6639.93000000,2825.46000000
1764918000000,6541.68000000,3062.06000000
1764921600000,6271.04000000,2861.30000000
1764925200000,8651.71000000,4060.89000000
1764928800000,5499.66000000,2020.46000000
1764932400000,3532.27000000,1261.31000000
1764936000000,4251.59000000,2325.24000000
1764939600000,5060.64000000,2067.73000000
1764943200000,19134.61000000,9110.63000000
1764946800000,8903.21000000,4208.46000000
1764950400000,17092.36000000,7397.95000000
1764954000000,5854.33000000,2879.31000000
1764957600000,3783.84000000,1501.23000000
1764961200000,4531.23000000,2086.97000000
1764964800000,10959.71000000,4163.27000000
1764968400000,1635.71000000,547.30000000
1764972000000,27080.85000000,12947.00000000
1764975600000,8286.67000000,2959.26000000
1764979200000,10467.60000000,5542.75000000
1764982800000,5089.55000000,2634.78000000
1764986400000,3947.49000000,2038.04000000
1764990000000,19315.58000000,7436.98000000
1764993600000,8672.46000000,3902.69000000
1764997200000,3571.61000000,1483.83000000
1765000800000,3219.90000000,1556.94000000
1765004400000,4875.53000000,3084.15000000
1765008000000,2898.34000000,1324.66000000
1765011600000,4223.67000000,2052.52000000
1765015200000,35916.99000000,23061.80000000
1765018800000,67410.19000000,38445.13000000
1765022400000,132935.36000000,70217.16000000
1765026000000,29326.93000000,16432.15000000
1765029600000,23998.36000000,10146.68000000
1765033200000,24977.88000000,10885.82000000
1765036800000,50162.92000000,25327.58000000
1765040400000,17973.65000000,8438.88000000
1765044000000,12661.13000000,4004.84000000
1765047600000,11622.49000000,4671.72000000
1765051200000,8913.68000000,4088.08000000
1765054800000,13223.66000000,5848.42000000
1765058400000,8990.75000000,4009.78000000
1765062000000,13252.48000000,7656.53000000
1765065600000,6868.42000000,3547.79000000
1765069200000,7965.31000000,3360.30000000
1765072800000,2854.81000000,1971.17000000
1765076400000,1216.75000000,495.25000000
1765080000000,15721.61000000,7743.39000000
1765083600000,2439.78000000,1404.02000000
1765087200000,3698.20000000,1676.75000000
1765090800000,2203.52000000,910.00000000
1765094400000,25301.19000000,11110.77000000
1765098000000,14965.27000000,6143.00000000
1765101600000,3690.67000000,1661.06000000
1765105200000,2765.96000000,1459.50000000
1765108800000,4081.80000000,1326.69000000
1765112400000,4891.71000000,3006.83000000
1765116000000,18912.51000000,10662.31000000
1765119600000,10311.40000000,3174.41000000
1765123200000,7900.56000000,4163.94000000
1765126800000,10924.42000000,5806.85000000
1765130400000,6133.11000000,3057.76000000
1765134000000,11641.88000000,5813.14000000
1765137600000,4918.67000000,2516.11000000
1765141200000,11394.85000000,6357.91000000
1765144800000,17920.60000000,8368.48000000
1765148400000,2831.51000000,1312.57000000
1765152000000,8027.68000000,3669.24000000
1765155600000,8265.02000000,4284.47000000
1765159200000,3857.95000000,1885.48000000
1765162800000,3560.47000000,2263.40000000
1765166400000,4653.69000000,2967.90000000
1765170000000,9788.76000000,5677.60000000
1765173600000,6450.24000000,3283.69000000
1765177200000,10981.15000000,6221.35000000
1765180800000,7105.92000000,3193.01000000
1765184400000,6893.47000000,4021.62000000
1765188000000,5017.84000000,1790.71000000
1765191600000,5636.05000000,2981.33000000
1765195200000,4356.22000000,2504.81000000
1765198800000,4102.52000000,1502.45000000
1765202400000,9668.02000000,4434.38000000
1765206000000,12902.53000000,4791.76000000
1765209600000,4417.37000000,2673.13000000
1765213200000,10672.53000000,4933.90000000
1765216800000,14095.79000000,8227.81000000
1765220400000,13278.11000000,4802.25000000
1765224000000,5625.47000000,2079.15000000
1765227600000,4727.73000000,2101.85000000
1765231200000,4450.08000000,2284.83000000
1765234800000,1595.66000000,926.61000000
1765238400000,4953.37000000,2691.05000000
1765242000000,7826.35000000,4423.04000000
1765245600000,2596.93000000,1897.77000000
1765249200000,4974.57000000,3013.78000000
1765252800000,6258.45000000,2498.71000000
1765256400000,3332.18000000,1769.90000000
1765260000000,2592.43000000,1043.26000000
1765263600000,4214.96000000,2859.01000000
1765267200000,2351.00000000,1674.64000000
1765270800000,3811.74000000,2083.37000000
1765274400000,7035.33000000,2780.26000000
1765278000000,1907.06000000,962.42000000
1765281600000,5204.05000000,3435.80000000
1765285200000,4028.50000000,2464.92000000
1765288800000,10960.31000000,3924.90000000
1765292400000,14523.82000000,7868.17000000
1765296000000,19365.19000000,9545.24000000
1765299600000,4889.04000000,2597.19000000
1765303200000,2065.20000000,807.64000000
1765306800000,8365.22000000,4497.18000000
1765310400000,5044.75000000,2017.05000000
1765314000000,2860.45000000,1608.26000000
1765317600000,8701.56000000,3743.70000000
1765321200000,1748.13000000,1011.02000000
1765324800000,5247.22000000,2703.27000000
1765328400000,3202.12000000,2202.35000000
1765332000000,2458.53000000,1438.59000000
1765335600000,2845.38000000,1477.54000000
1765339200000,2865.52000000,961.50000000
1765342800000,5410.21000000,3383.18000000
1765346400000,4935.99000000,2395.67000000
1765350000000,4254.40000000,1670.90000000
1765353600000,4453.29000000,2466.02000000
1765357200000,1581.74000000,640.64000000
1765360800000,4860.57000000,1942.91000000
1765364400000,3743.53000000,1204.70000000
1765368000000,2164.38000000,1385.34000000
1765371600000,17443.55000000,5925.52000000
1765375200000,6844.19000000,4048.80000000
1765378800000,3307.83000000,1836.71000000
1765382400000,2713.66000000,1701.23000000
1765386000000,1714.33000000,822.91000000
1765389600000,98523.86000000,58151.19000000
1765393200000,42959.14000000,23837.85000000
1765396800000,34051.62000000,23132.02000000
1765400400000,9244.58000000,3163.59000000
1765404000000,9312.84000000,5298.94000000
1765407600000,7495.45000000,2591.29000000
1765411200000,31438.92000000,12050.46000000
1765414800000,16336.20000000,9316.35000000
1765418400000,9881.10000000,4525.03000000
1765422000000,7003.59000000,3534.49000000
1765425600000,14773.44000000,6422.23000000
1765429200000,8451.51000000,4230.63000000
1765432800000,7788.51000000,3685.61000000
1765436400000,3938.80000000,1952.39000000
1765440000000,4625.92000000,2255.34000000
1765443600000,6069.02000000,2859.59000000
1765447200000,3134.57000000,1868.33000000
1765450800000,3307.73000000,1026.56000000
1765454400000,8871.00000000,4788.71000000
1765458000000,2744.39000000,1564.00000000
1765461600000,8605.72000000,5028.96000000
1765465200000,4285.58000000,2046.26000000
1765468800000,4442.42000000,1608.05000000
1765472400000,2716.13000000,2104.45000000
1765476000000,4342.97000000,2479.56000000
1765479600000,6182.22000000,2083.83000000
1765483200000,5981.27000000,2010.30000000
1765486800000,7939.78000000,4231.70000000
1765490400000,5875.59000000,3276.59000000
1765494000000,3698.41000000,2170.69000000
1765497600000,16160.39000000,8030.41000000
1765501200000,16225.87000000,10884.95000000
1765504800000,5898.53000000,3799.93000000
1765508400000,4448.91000000,1890.53000000
1765512000000,2461.64000000,1383.52000000
1765515600000,1980.65000000,973.54000000
1765519200000,5923.74000000,2375.30000000
1765522800000,25611.53000000,10590.13000000
1765526400000,5523.41000000,2857.99000000
1765530000000,7332.83000000,2443.67000000
1765533600000,5763.01000000,2620.49000000
1765537200000,7412.65000000,3002.36000000
1765540800000,3497.92000000,2053.65000000
1765544400000,1494.30000000,620.49000000
1765548000000,5678.97000000,2287.64000000
1765551600000,45983.66000000,24857.84000000
1765555200000,17581.21000000,8339.61000000
1765558800000,4120.92000000,2202.11000000
1765562400000,13735.14000000,10029.63000000
1765566000000,5254.17000000,2325.37000000
1765569600000,7159.71000000,3184.95000000
1765573200000,3897.78000000,1913.33000000
1765576800000,4099.95000000,2527.42000000
1765580400000,5036.64000000,2892.10000000
1765584000000,3548.11000000,1830.00000000
1765587600000,3849.22000000,3208.55000000
1765591200000,5326.03000000,3819.78000000
1765594800000,2288.46000000,1321.31000000
1765598400000,9514.24000000,4738.84000000
1765602000000,41464.73000000,25706.11000000
1765605600000,15442.16000000,10336.51000000
1765609200000,7160.82000000,3762.53000000
1765612800000,7814.61000000,4044.06000000
1765616400000,9378.87000000,5060.69000000
1765620000000,14061.84000000,6537.87000000
1765623600000,14692.73000000,6733.67000000
1765627200000,3290.35000000,1956.50000000
1765630800000,12220.91000000,4610.68000000
1765634400000,10441.19000000,4608.91000000
1765638000000,3702.61000000,2422.27000000
1765641600000,3152.91000000,2273.14000000
1765645200000,4156.84000000,2711.26000000
1765648800000,2850.02000000,889.57000000
1765652400000,4027.88000000,2036.89000000
1765656000000,3308.89000000,1702.37000000
1765659600000,3800.23000000,2258.53000000
1765663200000,3152.18000000,1586.30000000
1765666800000,3719.56000000,2880.62000000
1765670400000,3246.88000000,1590.63000000
1765674000000,2308.24000000,787.73000000
1765677600000,3503.42000000,2065.17000000
1765681200000,35193.57000000,16088.67000000
1765684800000,17690.56000000,4576.83000000
1765688400000,3095.35000000,1286.73000000
1765692000000,2584.57000000,1080.46000000
1765695600000,12077.51000000,9227.39000000
1765699200000,6999.59000000,3667.84000000
1765702800000,17129.47000000,8725.09000000
1765706400000,8656.25000000,3931.10000000
1765710000000,12051.95000000,6364.59000000
1765713600000,5530.47000000,2320.55000000
1765717200000,1298.18000000,513.64000000
1765720800000,4922.77000000,2759.35000000
1765724400000,2374.01000000,979.83000000
1765728000000,5488.07000000,3043.44000000
1765731600000,3589.81000000,1384.05000000
1765735200000,1903.21000000,1085.70000000
1765738800000,7344.11000000,3917.30000000
1765742400000,3368.35000000,1493.46000000
1765746000000,1483.47000000,869.20000000
1765749600000,4342.60000000,1561.58000000
1765753200000,9253.31000000,5280.03000000
1765756800000,5421.82000000,1978.74000000
1765760400000,9257.82000000,5570.38000000
1765764000000,5794.66000000,2487.17000000
1765767600000,6279.67000000,3531.77000000
1765771200000,1952.17000000,1015.21000000
1765774800000,4288.42000000,2930.63000000
1765778400000,15437.26000000,8631.15000000
1765782000000,13215.43000000,9849.40000000
1765785600000,52534.23000000,27658.71000000
1765789200000,38402.42000000,24204.02000000
1765792800000,20539.72000000,6591.70000000
1765796400000,4685.14000000,2956.27000000
1765800000000,9352.32000000,5343.37000000
1765803600000,6250.98000000,4549.20000000
1765807200000,16588.03000000,11839.42000000
1765810800000,12705.89000000,5376.50000000
1765814400000,5694.66000000,3052.59000000
1765818000000,4357.35000000,2234.54000000
1765821600000,5080.44000000,2833.46000000
1765825200000,3399.45000000,1856.02000000
1765828800000,3432.26000000,1785.14000000
1765832400000,8493.05000000,6384.31000000
1765836000000,13051.10000000,9725.82000000
1765839600000,3987.40000000,1659.18000000
1765843200000,4827.58000000,2754.01000000
1765846800000,5063.40000000,2493.11000000
1765850400000,6141.91000000,2704.70000000
1765854000000,6287.99000000,2524.10000000
1765857600000,4622.96000000,3400.49000000
1765861200000,4207.56000000,2951.40000000
1765864800000,1469.66000000,653.86000000
1765868400000,4986.01000000,2522.51000000
1765872000000,2715.68000000,1792.82000000
1765875600000,2604.18000000,1940.02000000
1765879200000,6488.05000000,3721.87000000
1765882800000,3033.17000000,1229.46000000
1765886400000,3787.05000000,1661.40000000
1765890000000,14135.27000000,8076.57000000
1765893600000,10209.54000000,5116.89000000
1765897200000,4722.14000000,2069.29000000
1765900800000,2443.68000000,1135.55000000
1765904400000,3046.68000000,1668.42000000
1765908000000,4248.03000000,1793.23000000
1765911600000,7504.84000000,5166.39000000
1765915200000,2109.80000000,1490.35000000
1765918800000,3045.80000000,2220.91000000
1765922400000,11517.49000000,5482.23000000
1765926000000,4904.91000000,3505.11000000
1765929600000,6449.72000000,3761.22000000
1765933200000,8911.47000000,5813.97000000
1765936800000,3124.25000000,1819.71000000
1765940400000,6184.17000000,3619.48000000
1765944000000,4416.92000000,2475.03000000
1765947600000,3493.55000000,2652.20000000
1765951200000,1960.65000000,875.21000000
1765954800000,18556.75000000,7291.81000000
1765958400000,3254.39000000,1365.33000000
1765962000000,2053.44000000,1036.57000000
1765965600000,2917.21000000,2308.29000000
1765969200000,3550.78000000,2033.19000000
1765972800000,1654.69000000,1152.94000000
1765976400000,3481.89000000,1801.01000000
1765980000000,24375.39000000,14139.76000000
1765983600000,20146.35000000,10804.08000000
1765987200000,27982.81000000,14624.56000000
1765990800000,10545.26000000,7012.54000000
1765994400000,5822.84000000,3326.71000000
1765998000000,6100.38000000,3616.06000000
1766001600000,2295.49000000,1493.22000000
1766005200000,1085.44000000,633.16000000
1766008800000,2732.27000000,1863.81000000
1766012400000,5711.13000000,3785.46000000
1766016000000,704.60000000,307.46000000
1766019600000,2204.10000000,1307.24000000
1766023200000,4471.58000000,2309.16000000
1766026800000,5645.65000000,2349.05000000
1766030400000,4931.25000000,2731.41000000
1766034000000,5198.65000000,2650.02000000
1766037600000,2770.28000000,600.59000000
1766041200000,2428.36000000,1364.84000000
1766044800000,5596.01000000,3224.87000000
1766048400000,3325.72000000,2179.91000000
1766052000000,1440.51000000,753.41000000
1766055600000,915.57000000,535.94000000
1766059200000,2264.81000000,650.04000000
1766062800000,21318.83000000,11507.78000000
1766066400000,12798.02000000,6531.64000000
1766070000000,4250.92000000,2417.61000000
1766073600000,3337.41000000,1673.28000000
1766077200000,17994.11000000,7059.91000000
1766080800000,5814.40000000,3449.36000000
1766084400000,14141.67000000,7091.97000000
1766088000000,3334.10000000,2123.64000000
1766091600000,7064.40000000,4309.66000000
1766095200000,2335.46000000,893.58000000
1766098800000,2756.61000000,1261.06000000
1766102400000,1157.62000000,697.66000000
1766106000000,2895.41000000,801.96000000
1766109600000,2242.21000000,1429.97000000
1766113200000,14605.52000000,9262.63000000
1766116800000,3218.15000000,1178.53000000
1766120400000,4055.33000000,2364.89000000
1766124000000,4797.78000000,2614.89000000
1766127600000,7008.04000000,3057.87000000
1766131200000,1622.67000000,813.47000000
1766134800000,716.10000000,328.03000000
1766138400000,2362.17000000,1865.26000000
1766142000000,885.92000000,568.06000000
1766145600000,3342.33000000,923.37000000
1766149200000,3555.96000000,2497.72000000
1766152800000,6999.80000000,3641.47000000
1766156400000,8875.59000000,4468.03000000
1766160000000,2708.15000000,1164.30000000
1766163600000,4415.49000000,2262.52000000
1766167200000,1841.38000000,1094.70000000
1766170800000,2568.46000000,1562.27000000
1766174400000,2727.98000000,1627.28000000
1766178000000,1093.40000000,599.96000000
1766181600000,2159.06000000,1293.20000000
1766185200000,1225.42000000,746.69000000
1766188800000,1326.00000000,493.73000000
1766192400000,679.64000000,316.03000000
1766196000000,395.33000000,208.14000000
1766199600000,417.32000000,305.87000000
1766203200000,1036.25000000,402.04000000
1766206800000,3348.53000000,1564.24000000
1766210400000,860.70000000,352.33000000
1766214000000,11236.49000000,5920.32000000
1766217600000,581.83000000,361.40000000
1766221200000,4363.01000000,2503.33000000
1766224800000,1749.82000000,745.67000000
1766228400000,2094.28000000,1323.61000000
1766232000000,1147.75000000,458.10000000
1766235600000,9272.26000000,2898.21000000
1766239200000,3459.21000000,1939.47000000
1766242800000,7432.38000000,3323.03000000
1766246400000,4767.28000000,3952.78000000
1766250000000,2882.50000000,1479.99000000
1766253600000,2658.50000000,1613.97000000
1766257200000,763.54000000,403.32000000
1766260800000,469.36000000,359.64000000
1766264400000,1098.27000000,281.37000000
1766268000000,2122.56000000,834.35000000
1766271600000,446.63000000,182.29000000
1766275200000,921.87000000,507.23000000
1766278800000,3613.58000000,1540.69000000
1766282400000,3633.78000000,1649.26000000
1766286000000,4309.60000000,1729.97000000
1766289600000,1391.52000000,278.51000000
1766293200000,3650.66000000,1222.04000000
1766296800000,633.63000000,75.56000000
1766300400000,3227.86000000,1001.69000000
1766304000000,3872.55000000,2265.04000000
1766307600000,3749.01000000,2366.31000000
1766311200000,5935.04000000,2852.40000000
1766314800000,950.00000000,267.45000000
1766318400000,3695.89000000,794.81000000
1766322000000,8334.19000000,4431.86000000
1766325600000,2904.42000000,1678.35000000
1766329200000,4228.36000000,2472.06000000
1766332800000,2140.65000000,1495.76000000
1766336400000,1856.25000000,580.14000000
1766340000000,3115.92000000,1219.16000000
1766343600000,669.39000000,430.10000000
1766347200000,600.08000000,305.04000000
1766350800000,790.77000000,411.38000000
1766354400000,1331.66000000,1025.34000000
1766358000000,2106.62000000,1217.14000000
1766361600000,8521.64000000,3720.29000000
1766365200000,5181.06000000,3060.00000000
1766368800000,3831.57000000,1989.39000000
1766372400000,1688.71000000,857.02000000
1766376000000,534.58000000,194.46000000
1766379600000,990.83000000,261.69000000
1766383200000,1015.86000000,382.03000000
1766386800000,5136.21000000,1865.34000000
1766390400000,3910.07000000,1850.36000000
1766394000000,11085.65000000,1658.31000000
1766397600000,910.39000000,185.62000000
1766401200000,2393.67000000,1523.27000000
1766404800000,1015.06000000,331.64000000
1766408400000,6566.73000000,4290.14000000
1766412000000,9318.74000000,5262.32000000
1766415600000,2585.65000000,1072.15000000
1766419200000,3022.04000000,1463.10000000
1766422800000,2060.45000000,1062.64000000
1766426400000,12554.76000000,4229.34000000
1766430000000,4303.11000000,2607.46000000
1766433600000,4914.68000000,2780.33000000
1766437200000,1165.01000000,820.79000000
1766440800000,1437.72000000,704.09000000
1766444400000,9207.47000000,7357.07000000
1766448000000,2027.82000000,934.04000000
1766451600000,2603.30000000,1662.75000000
1766455200000,4286.15000000,2136.67000000
1766458800000,7545.53000000,3233.23000000
1766462400000,1627.28000000,858.93000000
1766466000000,9749.79000000,5769.88000000
1766469600000,5936.03000000,1246.51000000
1766473200000,1288.22000000,448.53000000
1766476800000,2118.26000000,1147.97000000
1766480400000,7466.79000000,4527.75000000
1766484000000,1946.74000000,897.27000000
1766487600000,736.93000000,319.36000000
1766491200000,957.39000000,441.40000000
1766494800000,11164.69000000,8029.28000000
1766498400000,4811.26000000,1993.73000000
1766502000000,9642.88000000,2605.91000000
1766505600000,2631.39000000,1418.44000000
1766509200000,1157.34000000,635.82000000
1766512800000,1859.51000000,1028.72000000
1766516400000,2707.60000000,1255.66000000
1766520000000,1446.42000000,711.09000000
1766523600000,896.30000000,360.43000000
1766527200000,1296.21000000,703.05000000
1766530800000,2538.33000000,1366.40000000
1766534400000,1293.44000000,754.12000000
1766538000000,1145.86000000,470.11000000
1766541600000,2188.64000000,1428.13000000
1766545200000,1182.96000000,876.70000000
1766548800000,2720.48000000,1909.09000000
1766552400000,5060.68000000,848.89000000
1766556000000,8041.78000000,1885.73000000
1766559600000,19429.80000000,9325.59000000
1766563200000,9558.76000000,3789.79000000
1766566800000,3227.01000000,1245.94000000
1766570400000,4166.75000000,1269.86000000
1766574000000,2415.64000000,1141.62000000
1766577600000,2403.39000000,1113.33000000
1766581200000,1767.44000000,840.25000000
1766584800000,6673.59000000,2605.03000000
1766588400000,5586.60000000,2436.18000000
1766592000000,4964.70000000,2974.63000000
1766595600000,2694.98000000,1152.13000000
1766599200000,1496.78000000,926.69000000
1766602800000,1015.77000000,316.01000000
1766606400000,343.91000000,131.90000000
1766610000000,1142.64000000,794.36000000
1766613600000,1353.60000000,858.46000000
1766617200000,1225.02000000,378.06000000
1766620800000,2348.07000000,817.15000000
1766624400000,2896.18000000,1745.13000000
1766628000000,32965.73000000,14792.80000000
1766631600000,4799.74000000,2436.05000000
1766635200000,1615.81000000,877.19000000
1766638800000,1844.24000000,410.95000000
1766642400000,1404.00000000,1080.51000000
1766646000000,15158.92000000,12974.75000000
1766649600000,22897.35000000,6322.10000000
1766653200000,1757.02000000,1076.27000000
1766656800000,4619.31000000,2201.54000000
1766660400000,1889.33000000,1277.20000000
1766664000000,954.49000000,531.79000000
1766667600000,1040.57000000,676.90000000
1766671200000,2934.05000000,2297.57000000
1766674800000,6791.82000000,2865.18000000
1766678400000,4548.28000000,1887.25000000
1766682000000,1774.06000000,695.60000000
1766685600000,1366.60000000,471.54000000
1766689200000,744.23000000,235.09000000
1766692800000,1577.36000000,575.85000000
1766696400000,888.92000000,278.16000000
1766700000000,6191.32000000,2271.14000000
1766703600000,15452.77000000,10198.65000000
1766707200000,4660.06000000,1865.22000000
1766710800000,2253.89000000,1056.64000000
1766714400000,6963.23000000,3044.87000000
1766718000000,2137.95000000,1145.20000000
1766721600000,1183.89000000,470.66000000
1766725200000,2034.55000000,1142.96000000
1766728800000,1149.10000000,405.97000000
1766732400000,2824.64000000,1437.67000000
1766736000000,31282.71000000,17689.50000000
1766739600000,3490.48000000,2488.55000000
1766743200000,3347.40000000,1904.83000000
1766746800000,1680.48000000,665.95000000
1766750400000,1277.04000000,685.57000000
1766754000000,1845.16000000,875.21000000
1766757600000,5813.83000000,3298.97000000
1766761200000,5705.20000000,3018.15000000
1766764800000,1580.61000000,663.98000000
1766768400000,1583.21000000,994.03000000
1766772000000,1653.62000000,884.81000000
1766775600000,3294.18000000,1832.84000000
1766779200000,3669.84000000,2201.55000000
1766782800000,1623.14000000,975.98000000
1766786400000,10695.74000000,8706.28000000
1766790000000,13610.77000000,4531.54000000
1766793600000,1063.82000000,412.90000000
1766797200000,3518.14000000,2702.82000000
1766800800000,1421.28000000,423.61000000
1766804400000,838.90000000,287.43000000
1766808000000,552.26000000,257.14000000
1766811600000,649.40000000,465.44000000
1766815200000,1913.75000000,1345.70000000
1766818800000,1417.69000000,540.53000000
1766822400000,2402.52000000,1667.48000000
1766826000000,2501.10000000,870.79000000
1766829600000,4436.05000000,1875.18000000
1766833200000,2995.82000000,1266.38000000
1766836800000,2033.29000000,601.97000000
1766840400000,5399.68000000,1862.97000000
1766844000000,600.21000000,250.63000000
1766847600000,732.19000000,417.78000000
1766851200000,1184.36000000,405.49000000
1766854800000,771.00000000,408.42000000
1766858400000,2319.84000000,1434.45000000
1766862000000,4759.14000000,2698.84000000
1766865600000,3597.60000000,1518.79000000
1766869200000,969.05000000,628.92000000
1766872800000,2813.05000000,1276.20000000
1766876400000,10387.26000000,6001.52000000
1766880000000,13530.38000000,8170.06000000
1766883600000,2764.90000000,1979.42000000
1766887200000,11156.13000000,9117.58000000
1766890800000,3399.88000000,1568.70000000
1766894400000,1809.89000000,686.77000000
1766898000000,2673.91000000,835.88000000
1766901600000,1373.70000000,1126.31000000
1766905200000,3396.70000000,894.75000000
1766908800000,9114.31000000,1748.16000000
1766912400000,4168.50000000,2818.77000000
1766916000000,1296.50000000,1015.52000000
1766919600000,2562.96000000,1609.66000000
1766923200000,2112.41000000,1426.14000000
1766926800000,3198.83000000,900.80000000
1766930400000,1724.04000000,1460.50000000
1766934000000,774.36000000,613.19000000
1766937600000,1830.17000000,689.02000000
1766941200000,871.42000000,338.90000000
1766944800000,5946.34000000,3060.52000000
1766948400000,9692.77000000,3742.51000000
1766952000000,1779.08000000,513.23000000
1766955600000,2271.52000000,1349.47000000
1766959200000,2704.08000000,838.66000000
1766962800000,785.33000000,381.83000000
1766966400000,3355.10000000,1317.95000000
1766970000000,1423.09000000,775.85000000
1766973600000,3412.48000000,2196.91000000
1766977200000,2858.38000000,1585.23000000
1766980800000,5439.47000000,3707.49000000
1766984400000,11852.74000000,5674.05000000
1766988000000,2120.08000000,1839.27000000
1766991600000,4696.63000000,2848.15000000
1766995200000,1326.62000000,1058.01000000
1766998800000,8089.78000000,2714.10000000
1767002400000,1602.79000000,702.28000000
1767006000000,8661.21000000,4997.58000000
1767009600000,7295.22000000,4348.92000000
1767013200000,1115.31000000,691.70000000
1767016800000,5447.95000000,3280.41000000
1767020400000,3319.09000000,1882.44000000
1767024000000,4322.10000000,2262.01000000
1767027600000,2826.38000000,2439.93000000
1767031200000,2442.20000000,1096.88000000
1767034800000,6392.15000000,5030.11000000
1767038400000,12947.41000000,6633.72000000
1767042000000,1891.72000000,1366.86000000
1767045600000,562.48000000,208.11000000
1767049200000,2508.73000000,439.84000000
1767052800000,9139.41000000,5244.49000000
1767056400000,4889.01000000,2697.87000000
1767060000000,3029.89000000,1410.18000000
1767063600000,1739.65000000,704.94000000
1767067200000,1325.35000000,651.44000000
1767070800000,1695.21000000,1050.22000000
1767074400000,16760.30000000,11148.37000000
1767078000000,4568.67000000,2765.94000000
1767081600000,12901.89000000,8388.36000000
1767085200000,9024.11000000,4353.08000000
1767088800000,1863.13000000,1221.51000000
1767092400000,2878.47000000,1135.84000000
1767096000000,9346.46000000,5620.29000000
1767099600000,15981.75000000,7516.58000000
1767103200000,10459.21000000,6095.61000000
1767106800000,5910.71000000,2801.34000000
1767110400000,3527.31000000,1561.15000000
1767114000000,6025.99000000,1829.94000000
1767117600000,1121.44000000,424.21000000
1767121200000,4143.07000000,2156.40000000
1767124800000,1041.18000000,513.75000000
1767128400000,660.25000000,502.36000000
1767132000000,1008.83000000,620.87000000
1767135600000,3397.37000000,1848.77000000
1767139200000,899.38000000,441.63000000
1767142800000,4786.54000000,2012.68000000
1767146400000,2417.66000000,1261.44000000
1767150000000,2925.60000000,2309.44000000
1767153600000,682.88000000,315.38000000
1767157200000,1367.24000000,433.82000000
1767160800000,4043.45000000,2613.09000000
1767164400000,5635.23000000,1995.16000000
1767168000000,20258.03000000,12220.79000000
1767171600000,5521.85000000,2540.19000000
1767175200000,3616.65000000,1206.86000000
1767178800000,4214.60000000,1779.02000000
1767182400000,9827.97000000,6061.00000000
1767186000000,21153.64000000,11899.98000000
1767189600000,22445.28000000,13760.24000000
1767193200000,6672.15000000,3386.00000000
1767196800000,30670.61000000,16740.95000000
1767200400000,5266.54000000,3640.79000000
1767204000000,6826.46000000,3569.87000000
1767207600000,11733.43000000,6391.34000000
1767211200000,21635.02000000,10063.54000000
1767214800000,6552.58000000,3791.88000000
1767218400000,5765.52000000,2954.96000000
1767222000000,10147.99000000,4116.02000000
1767225600000,2490.08000000,894.23000000
1767229200000,1085.13000000,468.27000000
1767232800000,1683.05000000,630.81000000
1767236400000,1700.47000000,728.04000000
1767240000000,4238.53000000,1601.10000000
1767243600000,1733.69000000,1492.36000000
1767247200000,4048.21000000,1793.11000000
1767250800000,3863.19000000,2249.28000000
1767254400000,2779.32000000,1431.64000000
1767258000000,4038.07000000,2322.22000000
1767261600000,1963.52000000,1500.44000000
1767265200000,4036.62000000,2629.48000000
1767268800000,2145.44000000,828.11000000
1767272400000,2019.23000000,1488.75000000
1767276000000,3663.05000000,1560.19000000
1767279600000,9660.40000000,5215.25000000
1767283200000,4670.58000000,2499.33000000
1767286800000,2002.76000000,705.34000000
1767290400000,688.91000000,406.42000000
1767294000000,1310.54000000,920.85000000
1767297600000,4113.14000000,1366.10000000
1767301200000,1706.08000000,1096.99000000
1767304800000,1126.67000000,772.49000000
1767308400000,2348.03000000,1316.98000000
1767312000000,2488.37000000,1288.60000000
1767315600000,2134.08000000,1205.15000000
1767319200000,2442.82000000,1055.35000000
1767322800000,2950.96000000,1983.10000000
1767326400000,1086.31000000,591.11000000
1767330000000,350.79000000,287.20000000
1767333600000,1515.18000000,967.56000000
1767337200000,3389.80000000,2254.40000000
1767340800000,1625.12000000,1337.38000000
1767344400000,4593.27000000,1343.94000000
1767348000000,3343.99000000,2461.33000000
1767351600000,7240.32000000,4793.92000000
1767355200000,7058.17000000,3197.92000000
1767358800000,4629.81000000,2988.93000000
1767362400000,23820.49000000,13479.29000000
1767366000000,26726.69000000,14915.11000000
1767369600000,17609.49000000,9950.40000000
1767373200000,8403.24000000,5771.63000000
1767376800000,6400.09000000,4133.55000000
1767380400000,4134.46000000,2257.90000000
1767384000000,4738.44000000,2349.13000000
1767387600000,4322.10000000,2240.11000000
1767391200000,5593.25000000,2872.04000000
1767394800000,3856.79000000,2446.64000000
1767398400000,1632.11000000,1163.71000000
1767402000000,1659.99000000,1503.66000000
1767405600000,901.77000000,648.78000000
1767409200000,2486.81000000,1569.84000000
1767412800000,3578.20000000,2271.75000000
1767416400000,1789.76000000,965.92000000
1767420000000,5526.71000000,3459.10000000
1767423600000,8169.15000000,3792.21000000
1767427200000,2595.66000000,1108.92000000
1767430800000,1689.10000000,304.33000000
1767434400000,1893.73000000,706.85000000
1767438000000,1602.07000000,1045.56000000
1767441600000,3295.33000000,2541.83000000
1767445200000,5050.25000000,926.43000000
1767448800000,1290.71000000,418.35000000
1767452400000,751.00000000,323.94000000
1767456000000,1318.67000000,777.06000000
1767459600000,489.29000000,296.19000000
1767463200000,1045.29000000,438.36000000
1767466800000,1450.85000000,745.60000000
1767470400000,4192.01000000,2419.72000000
1767474000000,677.61000000,464.96000000
1767477600000,932.41000000,547.41000000
1767481200000,707.75000000,479.30000000
1767484800000,7692.11000000,3959.09000000
1767488400000,3091.84000000,1688.85000000
1767492000000,1365.86000000,837.31000000
1767495600000,3353.51000000,2426.27000000
1767499200000,2574.30000000,1955.89000000
1767502800000,2031.40000000,1419.10000000
1767506400000,3704.40000000,2475.98000000
1767510000000,2715.25000000,1978.34000000
1767513600000,4989.33000000,3002.24000000
1767517200000,1597.35000000,786.55000000
1767520800000,5839.81000000,3391.06000000
1767524400000,6908.79000000,3887.77000000
1767528000000,2635.16000000,1740.67000000
1767531600000,6847.88000000,3163.00000000
1767535200000,3723.69000000,2047.64000000
1767538800000,3638.05000000,2585.48000000
1767542400000,6022.39000000,3970.54000000
1767546000000,3202.75000000,1650.50000000
1767549600000,8154.57000000,5227.97000000
1767553200000,4025.62000000,2118.56000000
1767556800000,1816.92000000,1338.74000000
1767560400000,2974.34000000,2073.19000000
1767564000000,2722.57000000,1135.42000000
1767567600000,2186.17000000,1317.48000000
1767571200000,11734.45000000,6400.97000000
1767574800000,7826.21000000,5716.24000000
1767578400000,27120.55000000,20038.93000000
1767582000000,4841.40000000,3199.62000000
1767585600000,13378.45000000,5818.25000000
1767589200000,3183.65000000,1414.10000000
1767592800000,3923.39000000,1973.83000000
1767596400000,3709.37000000,1780.29000000
1767600000000,1494.36000000,805.92000000
1767603600000,3839.42000000,1036.31000000
1767607200000,1192.71000000,627.52000000
1767610800000,1505.25000000,885.66000000
1767614400000,3268.74000000,2353.00000000
1767618000000,17986.65000000,10284.05000000
1767621600000,15844.38000000,10886.61000000
1767625200000,9016.84000000,4716.24000000
1767628800000,5790.15000000,2741.45000000
1767632400000,14886.24000000,8726.28000000
1767636000000,23132.92000000,10436.86000000
1767639600000,402618.47000000,229914.19000000
1767643200000,108876.34000000,47400.83000000
1767646800000,56665.85000000,21589.48000000
1767650400000,48119.79000000,19830.04000000
1767654000000,15086.02000000,8580.84000000
1767657600000,20633.00000000,10114.93000000
1767661200000,6731.79000000,3943.98000000
1767664800000,7465.83000000,3145.77000000
1767668400000,13295.74000000,8061.31000000
1767672000000,8754.46000000,4563.33000000
1767675600000,15654.71000000,6622.75000000
1767679200000,12854.57000000,5646.88000000
1767682800000,10278.34000000,2928.54000000
1767686400000,7118.17000000,2826.29000000
1767690000000,3097.90000000,1817.54000000
1767693600000,2633.37000000,1036.30000000
1767697200000,4235.35000000,2068.47000000
1767700800000,4610.78000000,2254.72000000
1767704400000,7428.44000000,5117.64000000
1767708000000,14987.57000000,6592.18000000
1767711600000,6743.36000000,2720.51000000
1767715200000,14306.59000000,7410.57000000
1767718800000,7791.10000000,4691.43000000
1767722400000,4853.39000000,2858.08000000
1767726000000,2661.40000000,1370.13000000
1767729600000,3195.63000000,1244.01000000
1767733200000,7654.13000000,3134.24000000
1767736800000,4017.00000000,3010.07000000
1767740400000,56894.56000000,30749.01000000
1767744000000,16294.42000000,9377.66000000
1767747600000,9127.61000000,3465.01000000
1767751200000,7168.90000000,2191.99000000
1767754800000,6682.20000000,4347.00000000
1767758400000,3820.37000000,1214.60000000
1767762000000,6821.78000000,5003.30000000
1767765600000,5240.52000000,3758.36000000
1767769200000,5136.66000000,2982.83000000
1767772800000,3726.59000000,2006.36000000
1767776400000,9897.86000000,3379.96000000
1767780000000,179519.75000000,84601.20000000
1767783600000,108910.87000000,41898.88000000
1767787200000,14452.14000000,5663.37000000
1767790800000,17427.30000000,11283.23000000
1767794400000,14089.88000000,6572.64000000
1767798000000,18914.91000000,9547.31000000
1767801600000,12617.56000000,6538.31000000
1767805200000,8678.18000000,6284.45000000
1767808800000,8807.27000000,5944.56000000
1767812400000,4877.77000000,2862.40000000
1767816000000,13409.04000000,8385.82000000
1767819600000,894.50000000,366.46000000
1767823200000,1519.67000000,1076.42000000
1767826800000,2785.25000000,1299.27000000
1767830400000,1487.54000000,988.04000000
1767834000000,4679.92000000,3205.30000000
1767837600000,3863.06000000,1778.58000000
1767841200000,4907.72000000,2595.16000000
1767844800000,2244.83000000,1564.52000000
1767848400000,1048.52000000,708.03000000
1767852000000,2603.62000000,1421.31000000
1767855600000,10660.43000000,6383.63000000
1767859200000,1363.01000000,412.39000000
1767862800000,5297.85000000,4210.34000000
1767866400000,14154.78000000,9392.96000000
1767870000000,30272.40000000,20940.94000000
1767873600000,19977.34000000,13929.76000000
1767877200000,9399.87000000,3144.83000000
1767880800000,16094.28000000,7831.71000000
1767884400000,6722.55000000,2923.61000000
1767888000000,6219.42000000,3648.80000000
1767891600000,10380.62000000,5994.67000000
1767895200000,6140.56000000,3062.28000000
1767898800000,38130.01000000,22977.25000000
1767902400000,34087.51000000,22473.58000000
1767906000000,20406.97000000,13303.78000000
1767909600000,18957.07000000,11108.40000000
1767913200000,9083.76000000,4726.45000000
1767916800000,6266.62000000,3955.01000000
1767920400000,15038.90000000,7081.13000000
1767924000000,9072.16000000,3736.38000000
1767927600000,5772.97000000,2560.62000000
1767931200000,5137.56000000,1827.13000000
1767934800000,3983.75000000,1758.94000000
1767938400000,4888.67000000,2153.18000000
1767942000000,2158.11000000,832.32000000
1767945600000,20838.85000000,10928.62000000
1767949200000,8562.98000000,4351.79000000
1767952800000,4560.97000000,2165.07000000
1767956400000,4204.19000000,2556.04000000
1767960000000,2989.19000000,1516.58000000
1767963600000,8041.12000000,4793.82000000
1767967200000,10110.11000000,4664.30000000
1767970800000,11984.21000000,5954.46000000
1767974400000,4639.44000000,2767.30000000
1767978000000,7721.95000000,4387.12000000
1767981600000,5601.15000000,2816.21000000
1767985200000,5838.40000000,2571.59000000
1767988800000,3615.10000000,2215.50000000
1767992400000,5592.99000000,3343.34000000
1767996000000,2515.53000000,1653.69000000
1767999600000,2877.49000000,1880.83000000
1768003200000,2276.23000000,1259.93000000
1768006800000,5262.68000000,3198.81000000
1768010400000,5576.81000000,2096.06000000
1768014000000,1065.86000000,584.14000000
1768017600000,3860.34000000,1802.40000000
1768021200000,381.82000000,73.36000000
1768024800000,5577.94000000,3931.89000000
1768028400000,5594.84000000,2984.10000000
1768032000000,3916.30000000,2637.07000000
1768035600000,2532.22000000,1651.33000000
1768039200000,699.66000000,494.98000000
1768042800000,2760.40000000,1646.67000000
1768046400000,2868.82000000,1994.55000000
1768050000000,1423.03000000,819.79000000
1768053600000,2811.67000000,914.67000000
1768057200000,1527.49000000,1040.10000000
1768060800000,757.29000000,272.58000000
1768064400000,1172.23000000,920.10000000
1768068000000,1882.52000000,1138.11000000
1768071600000,1103.64000000,454.68000000
1768075200000,2353.72000000,1732.28000000
1768078800000,558.02000000,174.66000000
1768082400000,3986.30000000,1783.99000000
1768086000000,1904.23000000,1289.66000000
1768089600000,1942.90000000,1076.21000000
1768093200000,3599.50000000,2202.14000000
1768096800000,1119.27000000,475.14000000
1768100400000,2077.43000000,1270.60000000
1768104000000,2224.66000000,1224.80000000
1768107600000,679.37000000,554.05000000
1768111200000,1520.93000000,802.15000000
1768114800000,1513.56000000,1158.80000000
1768118400000,1977.31000000,1825.16000000
1768122000000,11359.66000000,9173.99000000
1768125600000,1986.01000000,1354.45000000
1768129200000,870.92000000,363.61000000
1768132800000,2735.01000000,2143.87000000
1768136400000,4257.29000000,1087.72000000
1768140000000,3546.18000000,2207.53000000
1768143600000,5364.88000000,1746.09000000
1768147200000,6844.03000000,3790.00000000
1768150800000,3540.21000000,1107.65000000
1768154400000,1019.41000000,754.92000000
1768158000000,1465.45000000,1128.47000000
1768161600000,6634.42000000,3143.19000000
1768165200000,1974.47000000,719.59000000
1768168800000,4721.98000000,2394.92000000
1768172400000,6241.33000000,3234.82000000
1768176000000,9230.48000000,4340.85000000
1768179600000,7164.48000000,3058.34000000
1768183200000,2597.53000000,1682.88000000
1768186800000,4737.93000000,1963.35000000
1768190400000,3145.93000000,1958.58000000
1768194000000,2792.13000000,2052.53000000
1768197600000,5247.98000000,3303.28000000
1768201200000,4904.01000000,2135.22000000
1768204800000,6268.77000000,3559.41000000
1768208400000,2824.48000000,1924.32000000
1768212000000,1910.42000000,814.64000000
1768215600000,2118.44000000,1350.08000000
1768219200000,7229.10000000,2009.37000000
1768222800000,6363.77000000,2703.34000000
1768226400000,10011.12000000,3286.93000000
1768230000000,2492.55000000,1322.95000000
1768233600000,1818.12000000,986.73000000
1768237200000,5045.02000000,2450.52000000
1768240800000,2539.95000000,1366.66000000
1768244400000,3230.05000000,2237.76000000
1768248000000,2494.00000000,1550.60000000
1768251600000,58420.54000000,26243.09000000
1768255200000,26944.97000000,15447.39000000
1768258800000,15337.92000000,8538.90000000
1768262400000,73630.87000000,40457.09000000
1768266000000,16455.74000000,9181.12000000
1768269600000,32571.02000000,16843.96000000
1768273200000,70828.89000000,31483.40000000
1768276800000,38064.28000000,18948.94000000
1768280400000,33588.59000000,16297.12000000
1768284000000,26830.62000000,12556.50000000
1768287600000,15874.52000000,8759.91000000
1768291200000,20493.40000000,13237.67000000
1768294800000,16893.94000000,10065.83000000
1768298400000,10677.20000000,6606.46000000
1768302000000,19073.25000000,7990.12000000
1768305600000,17252.64000000,9660.90000000
1768309200000,27043.57000000,14973.54000000
1768312800000,39787.10000000,23232.49000000
1768316400000,32083.56000000,13770.93000000
1768320000000,36201.94000000,21762.23000000
1768323600000,25171.23000000,15359.10000000
1768327200000,13481.11000000,8445.82000000
1768330800000,19455.23000000,10985.48000000
1768334400000,28543.25000000,14293.08000000
1768338000000,25703.87000000,15326.17000000
1768341600000,24235.11000000,16815.96000000
1768345200000,22312.86000000,13910.46000000
1768348800000,25741.16000000,17617.87000000
1768352400000,10606.62000000,4920.38000000
1768356000000,43729.11000000,23103.12000000
1768359600000,15895.16000000,8207.83000000
1768363200000,15801.69000000,6340.17000000
1768366800000,16389.98000000,9422.24000000
1768370400000,23395.32000000,13117.06000000
1768374000000,29460.73000000,15042.34000000
1768377600000,12219.31000000,6055.71000000
1768381200000,10343.90000000,5746.67000000
1768384800000,11270.97000000,5130.60000000
1768388400000,12684.09000000,6723.49000000
1768392000000,13245.99000000,7933.62000000
1768395600000,33311.88000000,11250.46000000
1768399200000,15626.70000000,9937.08000000
1768402800000,19949.71000000,11807.82000000
1768406400000,22642.68000000,13984.74000000
1768410000000,19565.51000000,11359.09000000
1768413600000,30622.32000000,14830.27000000
1768417200000,12391.86000000,6843.94000000
1768420800000,20572.77000000,11202.13000000
1768424400000,18431.83000000,8128.34000000
1768428000000,14669.42000000,7921.86000000
1768431600000,9074.32000000,5293.40000000
1768435200000,6506.72000000,2937.60000000
1768438800000,9993.90000000,4955.10000000
1768442400000,20497.70000000,10187.19000000
1768446000000,31643.97000000,14324.46000000
1768449600000,17168.12000000,9512.97000000
1768453200000,15185.48000000,6996.84000000
1768456800000,60462.05000000,19510.51000000
1768460400000,19449.77000000,11177.42000000
1768464000000,25180.55000000,8754.08000000
1768467600000,13545.52000000,8241.18000000
1768471200000,17188.29000000,7947.67000000
1768474800000,19488.59000000,6969.99000000
1768478400000,13307.23000000,6997.19000000
1768482000000,12606.61000000,6468.31000000
1768485600000,42951.91000000,17253.80000000
1768489200000,70702.57000000,35221.65000000
1768492800000,27598.09000000,10380.60000000
1768496400000,24563.99000000,9762.88000000
1768500000000,26268.80000000,14511.92000000
1768503600000,33318.17000000,16361.13000000
1768507200000,20882.98000000,7919.13000000
1768510800000,25306.34000000,18292.57000000
1768514400000,5699.85000000,3131.40000000
1768518000000,7907.11000000,3749.28000000
1768521600000,9308.53000000,4887.09000000
1768525200000,6667.19000000,3792.20000000
1768528800000,11566.31000000,6344.93000000
1768532400000,10477.40000000,6030.69000000
1768536000000,7598.90000000,2808.25000000
1768539600000,6214.55000000,4040.75000000
1768543200000,8876.17000000,4861.76000000
1768546800000,11368.79000000,5157.09000000
1768550400000,22981.60000000,12874.18000000
1768554000000,10254.03000000,5326.14000000
1768557600000,21018.96000000,9524.26000000
1768561200000,11499.32000000,7879.52000000
1768564800000,12662.68000000,4870.14000000
1768568400000,10983.10000000,5440.75000000
1768572000000,24580.31000000,12197.96000000
1768575600000,33896.97000000,16826.95000000
1768579200000,25067.99000000,11401.68000000
1768582800000,11823.65000000,8151.51000000
1768586400000,21532.05000000,12286.13000000
1768590000000,18329.32000000,6859.34000000
1768593600000,42552.27000000,27557.30000000
1768597200000,14962.08000000,7670.65000000
1768600800000,7872.20000000,5707.83000000
1768604400000,8444.11000000,4127.01000000
1768608000000,16970.29000000,12445.93000000
1768611600000,8844.60000000,6014.91000000
1768615200000,5206.08000000,2698.10000000
1768618800000,3838.28000000,1567.54000000
1768622400000,5316.95000000,3367.47000000
1768626000000,6586.34000000,4812.61000000
1768629600000,15883.92000000,7867.41000000
1768633200000,46632.37000000,30770.32000000
1768636800000,22267.22000000,14122.70000000
1768640400000,13175.66000000,6643.07000000
1768644000000,12481.50000000,6955.97000000
1768647600000,7891.95000000,3169.64000000
1768651200000,5115.27000000,2590.78000000
1768654800000,9076.94000000,5041.50000000
1768658400000,12123.88000000,6388.03000000
1768662000000,12018.14000000,5326.81000000
1768665600000,15029.72000000,8620.27000000
1768669200000,6801.76000000,3975.91000000
1768672800000,5898.00000000,3835.25000000
1768676400000,10568.64000000,4829.43000000
1768680000000,14725.16000000,8254.95000000
1768683600000,28238.27000000,18623.20000000
1768687200000,7438.14000000,3712.74000000
1768690800000,10677.11000000,3290.40000000
1768694400000,19447.14000000,9933.02000000
1768698000000,11478.28000000,5986.39000000
1768701600000,7603.31000000,3982.64000000
1768705200000,11941.86000000,7249.04000000
1768708800000,10954.84000000,7791.03000000
1768712400000,2569.79000000,1392.40000000
1768716000000,6992.37000000,3329.30000000
1768719600000,9038.86000000,5897.64000000
1768723200000,11438.61000000,6073.52000000
1768726800000,4506.72000000,3036.57000000
1768730400000,5585.15000000,3292.20000000
1768734000000,5965.18000000,3856.81000000
1768737600000,30828.03000000,13038.55000000
1768741200000,56906.99000000,24022.31000000
1768744800000,15400.44000000,8153.11000000
1768748400000,4744.88000000,1978.21000000
1768752000000,3150.21000000,1558.82000000
1768755600000,5700.42000000,3219.18000000
1768759200000,6069.21000000,2536.21000000
1768762800000,2613.58000000,998.67000000
1768766400000,6421.51000000,4200.30000000
1768770000000,2927.86000000,2192.58000000
1768773600000,3053.01000000,1760.61000000
1768777200000,48044.80000000,22907.82000000
1768780800000,153193.69000000,67373.07000000
1768784400000,18024.46000000,9874.43000000
1768788000000,4859.30000000,2666.14000000
1768791600000,5272.61000000,2376.85000000
1768795200000,34738.41000000,6813.77000000
1768798800000,19043.81000000,10902.91000000
1768802400000,14492.74000000,7278.64000000
1768806000000,12842.29000000,7681.63000000
1768809600000,26388.13000000,11393.47000000
1768813200000,5835.01000000,3896.38000000
1768816800000,6168.53000000,3724.37000000
1768820400000,9975.70000000,6488.68000000
1768824000000,18935.64000000,9464.36000000
1768827600000,7589.42000000,4793.81000000
1768831200000,45134.36000000,29920.18000000
1768834800000,184642.70000000,115934.95000000
1768838400000,87618.22000000,44576.10000000
1768842000000,10399.47000000,5396.89000000
1768845600000,20140.22000000,11232.94000000
1768849200000,12162.28000000,6615.03000000
1768852800000,24219.48000000,11966.52000000
1768856400000,21961.06000000,12259.49000000
1768860000000,23811.05000000,13639.70000000
1768863600000,30462.43000000,16956.60000000
1768867200000,17498.88000000,9629.59000000
1768870800000,19464.11000000,12764.14000000
1768874400000,13750.71000000,8755.70000000
1768878000000,10590.26000000,6088.07000000
1768881600000,14585.38000000,8192.43000000
1768885200000,19129.39000000,11991.22000000
1768888800000,32515.77000000,16584.67000000
1768892400000,303654.12000000,168774.60000000
1768896000000,125260.61000000,48234.76000000
1768899600000,64464.73000000,27906.67000000
1768903200000,28965.60000000,14516.23000000
1768906800000,32017.60000000,15947.93000000
1768910400000,20438.41000000,11570.67000000
1768914000000,57604.90000000,13919.28000000
1768917600000,21480.67000000,10443.74000000
1768921200000,33039.77000000,17252.28000000
1768924800000,21653.78000000,12790.13000000
1768928400000,29089.08000000,13730.27000000
1768932000000,7243.58000000,3054.18000000
1768935600000,10165.32000000,4577.25000000
1768939200000,8349.88000000,3428.19000000
1768942800000,8735.81000000,4121.67000000
1768946400000,31511.64000000,21267.86000000
1768950000000,10454.93000000,5303.34000000
1768953600000,26625.66000000,14595.12000000
1768957200000,10610.65000000,5820.47000000
1768960800000,4860.40000000,2347.61000000
1768964400000,9996.35000000,4945.64000000
1768968000000,25314.07000000,15056.09000000
1768971600000,7652.52000000,2183.35000000
1768975200000,7290.19000000,4438.47000000
1768978800000,18681.11000000,11194.83000000
1768982400000,20266.34000000,13965.07000000
1768986000000,10630.16000000,4837.49000000
1768989600000,12529.62000000,6270.69000000
1768993200000,15940.39000000,7901.18000000
1768996800000,20189.96000000,13653.40000000
1769000400000,10813.76000000,4173.18000000
1769004000000,25662.55000000,14957.94000000
1769007600000,25367.62000000,12364.94000000
1769011200000,29370.65000000,17681.59000000
1769014800000,28134.40000000,14214.58000000
1769018400000,15959.62000000,9864.68000000
1769022000000,38827.32000000,25608.86000000
1769025600000,23828.07000000,12678.70000000
1769029200000,11522.85000000,7244.35000000
1769032800000,14085.33000000,10178.89000000
1769036400000,21099.40000000,10530.20000000
1769040000000,10342.81000000,6820.93000000
1769043600000,4825.74000000,3225.51000000
1769047200000,9118.86000000,5393.27000000
1769050800000,5939.26000000,3198.65000000
1769054400000,7765.63000000,4342.48000000
1769058000000,22592.09000000,11853.61000000
1769061600000,22702.78000000,15263.85000000
1769065200000,10209.80000000,5166.73000000
1769068800000,8228.45000000,4428.03000000
1769072400000,9780.33000000,4133.01000000
1769076000000,7333.02000000,3775.13000000
1769079600000,6299.34000000,3652.06000000
1769083200000,10863.79000000,7324.32000000
1769086800000,17123.59000000,8655.07000000
1769090400000,54360.60000000,32043.28000000
1769094000000,37612.95000000,19559.50000000
1769097600000,17988.54000000,9262.01000000
1769101200000,16113.42000000,9073.97000000
1769104800000,17339.22000000,10641.40000000
1769108400000,10308.25000000,6363.55000000
1769112000000,58760.20000000,18737.29000000
1769115600000,14008.43000000,9671.65000000
1769119200000,18987.88000000,14221.16000000
1769122800000,12124.38000000,8000.73000000
1769126400000,13786.55000000,5886.78000000
1769130000000,12238.81000000,6112.19000000
1769133600000,17663.11000000,9733.62000000
1769137200000,16894.60000000,8751.18000000
1769140800000,11583.64000000,7917.44000000
1769144400000,48310.44000000,25657.74000000
1769148000000,25373.31000000,13821.10000000
1769151600000,20950.86000000,9751.19000000
1769155200000,16453.37000000,12300.39000000
1769158800000,9309.58000000,5492.27000000
1769162400000,16104.80000000,7500.70000000
1769166000000,30857.06000000,18834.51000000
1769169600000,18666.61000000,10903.82000000
1769173200000,17118.16000000,10178.23000000
1769176800000,50399.61000000,24399.30000000
1769180400000,61037.21000000,31913.89000000
1769184000000,21756.87000000,10135.88000000
1769187600000,24186.50000000,13802.36000000
1769191200000,11542.47000000,6345.51000000
1769194800000,30609.39000000,16687.00000000
1769198400000,34494.39000000,15602.75000000
1769202000000,10741.13000000,5487.82000000
1769205600000,37850.97000000,18188.53000000
1769209200000,8153.49000000,5121.43000000
1769212800000,2352.39000000,1297.10000000
1769216400000,2768.09000000,1750.93000000
1769220000000,11381.92000000,8832.47000000
1769223600000,18046.20000000,9437.00000000
1769227200000,6224.62000000,2716.55000000
1769230800000,4713.90000000,3440.21000000
1769234400000,12608.52000000,9319.96000000
1769238000000,22281.51000000,12219.63000000
1769241600000,37987.84000000,20172.74000000
1769245200000,11748.71000000,5782.43000000
1769248800000,34272.06000000,19950.28000000
1769252400000,39481.67000000,18212.32000000
1769256000000,17589.20000000,9324.89000000
1769259600000,179248.92000000,117615.49000000
1769263200000,97987.98000000,53599.23000000
1769266800000,111568.42000000,54631.05000000
1769270400000,35216.88000000,22916.66000000
1769274000000,72764.53000000,45534.90000000
1769277600000,284479.13000000,148183.63000000
1769281200000,117499.38000000,61420.77000000
1769284800000,1099840.06000000,589936.49000000
1769288400000,591876.21000000,298453.77000000
1769292000000,255268.58000000,127841.68000000
1769295600000,402166.20000000,219696.21000000
1769299200000,434953.71000000,234481.62000000
1769302800000,173312.63000000,79170.43000000
1769306400000,431326.71000000,237031.40000000
1769310000000,464561.32000000,234609.72000000
1769313600000,210544.57000000,111350.32000000
1769317200000,312706.53000000,149034.84000000
1769320800000,136349.59000000,66659.38000000
1769324400000,263914.95000000,114408.16000000
1769328000000,190277.83000000,87162.05000000
1769331600000,156679.40000000,80229.88000000
1769335200000,74945.87000000,33140.24000000
1769338800000,145745.59000000,54800.87000000
1769342400000,93949.17000000,48649.67000000
1769346000000,88814.52000000,35223.74000000
1769349600000,52364.50000000,28023.30000000
1769353200000,103483.82000000,42086.12000000
1769356800000,93008.63000000,44936.13000000
1769360400000,62942.46000000,21949.17000000
1769364000000,75871.59000000,25507.39000000
1769367600000,56137.70000000,28277.79000000
1769371200000,108900.99000000,44680.48000000
1769374800000,69070.21000000,37113.19000000
1769378400000,38351.49000000,18671.62000000
1769382000000,45699.05000000,25520.94000000
1769385600000,63942.80000000,34733.88000000
1769389200000,48131.32000000,22055.25000000
1769392800000,53276.24000000,26833.79000000
1769396400000,38960.53000000,25024.31000000
1769400000000,48122.20000000,23300.02000000
1769403600000,21170.11000000,10123.09000000
1769407200000,18911.72000000,9907.36000000
1769410800000,31748.44000000,15748.90000000
1769414400000,55343.50000000,24129.52000000
1769418000000,48807.09000000,29959.84000000
1769421600000,20397.39000000,11289.25000000
1769425200000,13075.80000000,5089.30000000
1769428800000,14688.73000000,9854.67000000
1769432400000,10450.79000000,5916.83000000
1769436000000,18882.63000000,8952.44000000
1769439600000,36844.65000000,17982.41000000
1769443200000,20603.90000000,9305.28000000
1769446800000,54544.13000000,29806.52000000
1769450400000,110015.03000000,59288.85000000
1769454000000,41746.28000000,20869.93000000
1769457600000,28532.84000000,13405.48000000
1769461200000,77439.13000000,46219.12000000
1769464800000,17354.64000000,8203.03000000
1769468400000,15590.20000000,5992.48000000
1769472000000,35008.32000000,15077.59000000
1769475600000,12875.91000000,5372.76000000
1769479200000,18292.69000000,12504.88000000
1769482800000,26030.97000000,12750.63000000
1769486400000,16725.46000000,9257.44000000
1769490000000,10199.56000000,5940.13000000
1769493600000,10322.78000000,4946.83000000
1769497200000,58230.08000000,23941.50000000
1769500800000,69210.73000000,47193.79000000
1769504400000,16414.50000000,7329.64000000
1769508000000,45721.23000000,23448.79000000
1769511600000,156921.69000000,87457.82000000
1769515200000,62876.95000000,31429.84000000
1769518800000,61677.59000000,30771.12000000
1769522400000,31608.82000000,16162.24000000
1769526000000,54764.87000000,23903.42000000
1769529600000,24613.03000000,15971.92000000
1769533200000,44659.27000000,22043.27000000
1769536800000,22696.77000000,11171.93000000
1769540400000,74498.50000000,14426.96000000
1769544000000,45769.68000000,18186.71000000
1769547600000,46710.87000000,24682.62000000
1769551200000,15733.04000000,10193.39000000
1769554800000,7091.08000000,3616.11000000
1769558400000,20816.26000000,10019.10000000
1769562000000,20041.96000000,10928.91000000
1769565600000,6086.09000000,4709.38000000
1769569200000,13200.40000000,6733.95000000
1769572800000,23139.02000000,13376.46000000
1769576400000,55935.07000000,28752.91000000
1769580000000,17861.31000000,9402.14000000
1769583600000,9384.18000000,5334.57000000
1769587200000,13987.46000000,7164.01000000
1769590800000,22850.25000000,14647.81000000
1769594400000,24911.97000000,9787.61000000
1769598000000,11634.12000000,6362.28000000
1769601600000,25896.82000000,11010.89000000
1769605200000,23193.01000000,12914.09000000
1769608800000,37951.89000000,9916.27000000
1769612400000,26236.64000000,15092.29000000
1769616000000,20643.62000000,10401.60000000
1769619600000,15881.68000000,9364.49000000
1769623200000,8535.62000000,3665.59000000
1769626800000,20788.45000000,8905.51000000
1769630400000,19556.05000000,11897.09000000
1769634000000,35443.26000000,18140.29000000
1769637600000,10752.39000000,4788.52000000
1769641200000,13173.75000000,6125.68000000
1769644800000,26828.98000000,11869.36000000
1769648400000,78626.77000000,40717.35000000
1769652000000,53051.59000000,28218.15000000
1769655600000,20640.03000000,11191.99000000
1769659200000,39032.79000000,20415.80000000
1769662800000,11272.70000000,6813.17000000
1769666400000,42659.10000000,17750.05000000
1769670000000,19463.57000000,11740.65000000
1769673600000,22705.31000000,10348.06000000
1769677200000,14275.17000000,6499.16000000
1769680800000,6973.22000000,4740.10000000
1769684400000,17098.68000000,9176.82000000
1769688000000,35596.83000000,11873.58000000
1769691600000,26239.60000000,16902.04000000
1769695200000,165009.17000000,80930.97000000
1769698800000,51422.92000000,23082.43000000
1769702400000,21931.51000000,12938.50000000
1769706000000,10791.87000000,5059.83000000
1769709600000,18472.39000000,9469.25000000
1769713200000,18618.10000000,10021.76000000
1769716800000,10204.99000000,6222.83000000
1769720400000,10609.76000000,6054.41000000
1769724000000,7005.38000000,3155.57000000
1769727600000,10726.08000000,5459.32000000
1769731200000,5599.06000000,3329.44000000
1769734800000,44879.37000000,20746.23000000
1769738400000,20078.59000000,11463.55000000
1769742000000,11124.23000000,6722.08000000
1769745600000,8795.73000000,4129.89000000
1769749200000,29812.23000000,20583.45000000
1769752800000,16792.55000000,9355.88000000
1769756400000,16893.83000000,7853.50000000
1769760000000,4391.30000000,1760.08000000
1769763600000,24528.87000000,11275.48000000
1769767200000,21071.51000000,12865.69000000
1769770800000,27656.83000000,13482.17000000
1769774400000,112413.26000000,55895.11000000
1769778000000,204640.64000000,99284.10000000
1769781600000,46638.57000000,27179.91000000
1769785200000,165023.43000000,82012.26000000
1769788800000,109219.91000000,52878.61000000
1769792400000,60036.46000000,33158.45000000
1769796000000,46366.91000000,24152.87000000
1769799600000,65564.28000000,36877.31000000
1769803200000,40062.80000000,21929.46000000
1769806800000,35660.97000000,16748.58000000
1769810400000,21902.81000000,13866.32000000
1769814000000,7519.23000000,4876.49000000
1769817600000,20531.84000000,10381.79000000
1769821200000,30485.61000000,15519.50000000
1769824800000,17723.59000000,8548.64000000
1769828400000,17231.51000000,7447.46000000
1769832000000,14876.07000000,8661.36000000
1769835600000,7636.21000000,4772.97000000
1769839200000,6396.26000000,4035.74000000
1769842800000,42565.43000000,11512.00000000
1769846400000,36765.21000000,16266.40000000
1769850000000,9746.14000000,4901.28000000
1769853600000,23730.29000000,14941.45000000
1769857200000,19055.82000000,11880.63000000
1769860800000,16951.23000000,7824.19000000
1769864400000,13920.89000000,8546.60000000
1769868000000,85573.82000000,41001.85000000
1769871600000,21628.39000000,8419.71000000
1769875200000,59985.67000000,22829.85000000
1769878800000,60143.36000000,31731.79000000
1769882400000,97983.95000000,48743.89000000
1769886000000,34695.92000000,16515.45000000
1769889600000,25305.15000000,12823.93000000
1769893200000,44437.42000000,20684.74000000
1769896800000,38086.71000000,15015.86000000
1769900400000,36787.20000000,17287.72000000
1769904000000,18595.36000000,10195.33000000
1769907600000,18099.45000000,8314.93000000
1769911200000,20928.29000000,11293.20000000
1769914800000,26325.75000000,16350.94000000
1769918400000,23717.43000000,12047.60000000
1769922000000,41490.57000000,14588.82000000
1769925600000,7053.83000000,5871.05000000
1769929200000,10859.45000000,5890.86000000
1769932800000,34793.66000000,9266.13000000
1769936400000,19465.41000000,10047.23000000
1769940000000,19821.29000000,11006.07000000
1769943600000,21743.73000000,13354.81000000
1769947200000,17818.58000000,10220.10000000
1769950800000,27689.08000000,12972.14000000
1769954400000,29649.13000000,12821.47000000
1769958000000,41799.62000000,21044.49000000
1769961600000,33752.34000000,19669.97000000
1769965200000,20379.52000000,9656.90000000
1769968800000,41777.77000000,24662.51000000
1769972400000,20414.78000000,11933.27000000
1769976000000,15539.74000000,7665.81000000
1769979600000,15966.42000000,9327.16000000
1769983200000,18385.64000000,9479.64000000
1769986800000,46398.87000000,22664.22000000
1769990400000,30387.62000000,17074.45000000
1769994000000,22229.75000000,12286.49000000
1769997600000,18611.02000000,9345.60000000
1770001200000,39724.54000000,16983.64000000
1770004800000,50638.58000000,24881.16000000
1770008400000,59510.66000000,30597.42000000
1770012000000,59642.77000000,28668.12000000
1770015600000,26450.56000000,13358.06000000
1770019200000,21300.41000000,10245.77000000
1770022800000,50802.11000000,27769.62000000
1770026400000,20880.28000000,11615.39000000
1770030000000,15138.14000000,7764.40000000
1770033600000,11670.88000000,6987.48000000
1770037200000,7317.92000000,4127.63000000
1770040800000,23831.87000000,13804.95000000
1770044400000,44348.04000000,24890.17000000
1770048000000,19241.11000000,10551.72000000
1770051600000,12141.77000000,6012.59000000
1770055200000,9682.66000000,5651.87000000
1770058800000,4754.13000000,2014.29000000
1770062400000,20074.81000000,8998.12000000
1770066000000,14783.98000000,7111.95000000
1770069600000,5790.66000000,4256.07000000
1770073200000,10672.82000000,5995.73000000
1770076800000,24469.38000000,13200.64000000
1770080400000,19385.52000000,9660.47000000
1770084000000,27506.10000000,13202.63000000
1770087600000,20414.88000000,11456.20000000
1770091200000,9182.32000000,4511.40000000
1770094800000,17009.74000000,5945.58000000
1770098400000,23321.71000000,12075.01000000
1770102000000,45567.01000000,17412.00000000
1770105600000,21886.33000000,8233.28000000
1770109200000,92668.83000000,37454.98000000
1770112800000,100904.84000000,42974.67000000
1770116400000,43439.86000000,22150.34000000
1770120000000,63210.86000000,32864.35000000
1770123600000,41766.87000000,19005.72000000
1770127200000,64873.79000000,32771.71000000
1770130800000,152529.80000000,78559.75000000
1770134400000,77943.74000000,35207.31000000
1770138000000,110639.83000000,45416.17000000
1770141600000,190764.72000000,91096.10000000
1770145200000,109693.28000000,51010.60000000
1770148800000,120713.79000000,61021.31000000
1770152400000,96799.76000000,44850.02000000
1770156000000,106505.72000000,57632.74000000
1770159600000,101340.93000000,47423.58000000
1770163200000,130553.97000000,58979.13000000
1770166800000,94309.02000000,49092.75000000
1770170400000,85975.62000000,44194.47000000
1770174000000,154022.96000000,80640.56000000
1770177600000,174699.78000000,78601.27000000
1770181200000,158560.55000000,85170.58000000
1770184800000,150499.54000000,74795.35000000
1770188400000,285093.26000000,136851.00000000
1770192000000,245500.29000000,137170.10000000
1770195600000,114148.71000000,63521.10000000
1770199200000,87564.40000000,46923.38000000
1770202800000,154324.28000000,67905.65000000
1770206400000,79522.27000000,45102.76000000
1770210000000,49376.04000000,22760.28000000
1770213600000,146736.33000000,74209.72000000
1770217200000,136309.70000000,63250.91000000
1770220800000,131564.37000000,54348.00000000
1770224400000,48861.98000000,23369.06000000
1770228000000,62561.96000000,35633.35000000
1770231600000,67270.81000000,41242.60000000
1770235200000,77243.65000000,39218.89000000
1770238800000,83602.96000000,39472.31000000
1770242400000,70845.29000000,23870.58000000
1770246000000,286341.16000000,136449.99000000
1770249600000,292560.86000000,143345.89000000
1770253200000,82608.85000000,30512.02000000
1770256800000,54115.03000000,26545.41000000
1770260400000,79124.29000000,31725.25000000
1770264000000,61422.34000000,30734.96000000
1770267600000,47467.98000000,22043.50000000
1770271200000,53503.23000000,22446.63000000
1770274800000,27481.89000000,11209.41000000
1770278400000,31395.14000000,16277.33000000
1770282000000,30691.31000000,17381.21000000
1770285600000,38071.15000000,17756.74000000
1770289200000,75777.12000000,40426.35000000
1770292800000,81186.40000000,32253.84000000
1770296400000,35733.20000000,19018.57000000
1770300000000,42916.39000000,21629.52000000
1770303600000,210041.22000000,116641.08000000
1770307200000,111944.49000000,61579.93000000
1770310800000,104932.37000000,52739.10000000
1770314400000,51469.44000000,24186.98000000
1770318000000,43034.92000000,20702.76000000
1770321600000,152786.64000000,73255.36000000
1770325200000,120143.61000000,70212.55000000
1770328800000,99245.60000000,38567.89000000
1770332400000,96465.63000000,55609.19000000
1770336000000,338585.81000000,174435.17000000
1770339600000,69900.01000000,38007.09000000
1770343200000,80955.44000000,46772.65000000
1770346800000,185232.08000000,107546.68000000
1770350400000,100723.83000000,51131.99000000
1770354000000,126939.55000000,71693.64000000
1770357600000,128220.13000000,72111.67000000
1770361200000,117998.82000000,65500.37000000
1770364800000,143529.50000000,73288.13000000
1770368400000,119198.14000000,56832.56000000
1770372000000,167831.01000000,75177.23000000
1770375600000,222747.57000000,125345.05000000
1770379200000,98726.61000000,48407.79000000
1770382800000,139919.13000000,67739.48000000
1770386400000,150222.82000000,75360.19000000
1770390000000,80660.87000000,40436.05000000
1770393600000,151798.93000000,87988.53000000
1770397200000,116415.13000000,62277.18000000
1770400800000,79996.39000000,32934.75000000
1770404400000,133016.45000000,65824.73000000
1770408000000,88516.81000000,39866.50000000
1770411600000,95355.61000000,44723.12000000
1770415200000,60559.35000000,32528.16000000
1770418800000,53487.57000000,27961.11000000
1770422400000,115238.65000000,55168.43000000
1770426000000,95146.73000000,42535.50000000
1770429600000,44644.92000000,22384.34000000
1770433200000,70378.27000000,35196.50000000
1770436800000,217091.39000000,115059.54000000
1770440400000,49278.49000000,27775.42000000
1770444000000,56690.00000000,25393.74000000
1770447600000,122190.57000000,47778.54000000
1770451200000,103392.64000000,63673.00000000
1770454800000,91277.08000000,30377.90000000
1770458400000,109274.98000000,61457.96000000
1770462000000,107756.65000000,52790.21000000
1770465600000,118033.47000000,62023.33000000
1770469200000,78622.55000000,40313.06000000
1770472800000,86762.98000000,51424.46000000
1770476400000,174970.57000000,79916.75000000
1770480000000,79709.35000000,34592.92000000
1770483600000,73185.51000000,38491.02000000
1770487200000,94987.22000000,56940.41000000
1770490800000,77339.15000000,45550.17000000
1770494400000,56242.86000000,31737.08000000
1770498000000,51724.57000000,31968.08000000
1770501600000,35897.25000000,17607.08000000
1770505200000,22566.58000000,13702.52000000
1770508800000,119783.86000000,63783.00000000
1770512400000,119988.82000000,67856.83000000
1770516000000,62886.09000000,28264.37000000
1770519600000,67692.21000000,38244.40000000
1770523200000,92116.54000000,39582.19000000
1770526800000,59946.39000000,36017.95000000
1770530400000,25123.64000000,11679.03000000
1770534000000,41518.48000000,24260.58000000
1770537600000,85214.95000000,46537.67000000
1770541200000,87277.92000000,45976.55000000
1770544800000,71849.99000000,42531.90000000
1770548400000,60316.07000000,36130.74000000
1770552000000,143411.77000000,87664.43000000
1770555600000,43943.84000000,20304.14000000
1770559200000,47413.68000000,25171.79000000
1770562800000,341986.88000000,179968.68000000
1770566400000,104913.52000000,52012.52000000
1770570000000,76361.07000000,43499.13000000
1770573600000,41639.60000000,24508.73000000
1770577200000,57106.24000000,31022.90000000
1770580800000,54638.60000000,30261.50000000
1770584400000,56822.75000000,37126.02000000
1770588000000,29109.42000000,16620.22000000
1770591600000,98716.35000000,46850.71000000
1770595200000,189260.00000000,93889.29000000
1770598800000,158831.38000000,76889.08000000
1770602400000,94264.12000000,51272.93000000
1770606000000,84086.64000000,55034.39000000
1770609600000,101285.53000000,52062.68000000
1770613200000,82275.93000000,44862.90000000
1770616800000,164849.33000000,85767.78000000
1770620400000,77799.03000000,40540.11000000
1770624000000,294337.06000000,123596.02000000
1770627600000,140620.81000000,71369.42000000
1770631200000,99766.24000000,51387.17000000
1770634800000,93637.04000000,48276.94000000
1770638400000,166085.41000000,89341.30000000
1770642000000,74638.49000000,41517.58000000
1770645600000,55624.75000000,15895.53000000
1770649200000,77169.09000000,41311.41000000
1770652800000,42545.80000000,21318.39000000
1770656400000,42830.00000000,27264.88000000
1770660000000,34091.49000000,18507.77000000
1770663600000,21853.63000000,10580.11000000
1770667200000,27675.81000000,15792.54000000
1770670800000,19240.80000000,7891.17000000
1770674400000,7537.36000000,3380.56000000
1770678000000,12397.92000000,7244.91000000
1770681600000,30636.04000000,18046.91000000
1770685200000,21995.88000000,8010.31000000
1770688800000,19198.46000000,8632.64000000
1770692400000,58621.66000000,22367.25000000
1770696000000,54561.43000000,28971.54000000
1770699600000,41927.19000000,24133.49000000
1770703200000,61605.21000000,32257.91000000
1770706800000,68490.21000000,34355.38000000
1770710400000,47505.21000000,20075.17000000
1770714000000,111492.97000000,71029.07000000
1770717600000,39856.62000000,20676.52000000
1770721200000,111110.93000000,62232.84000000
1770724800000,46058.02000000,24537.09000000
1770728400000,20252.66000000,8940.27000000
1770732000000,89476.01000000,38746.48000000
1770735600000,48475.03000000,32895.46000000
1770739200000,41065.89000000,23165.79000000
1770742800000,142475.80000000,74381.58000000
1770746400000,75803.34000000,44495.54000000
1770750000000,40718.43000000,19411.25000000
1770753600000,32403.91000000,20325.41000000
1770757200000,26093.32000000,16811.49000000
1770760800000,13586.61000000,7185.73000000
1770764400000,17499.24000000,7288.17000000
1770768000000,99053.47000000,45028.55000000
1770771600000,53780.10000000,27984.51000000
1770775200000,77270.45000000,49478.52000000
1770778800000,47294.98000000,23481.75000000
1770782400000,29469.43000000,16569.28000000
1770786000000,79642.88000000,31741.82000000
1770789600000,118144.31000000,62344.15000000
1770793200000,93056.66000000,47006.78000000
1770796800000,71325.80000000,37850.32000000
1770800400000,60451.90000000,35726.30000000
1770804000000,47032.52000000,35430.38000000
1770807600000,17658.66000000,9191.25000000
1770811200000,80472.35000000,46662.63000000
1770814800000,80060.44000000,37834.68000000
1770818400000,87665.48000000,43766.33000000
1770822000000,60332.61000000,34910.15000000
1770825600000,77536.73000000,41098.74000000
1770829200000,35997.18000000,20843.60000000
1770832800000,46481.45000000,24482.30000000
1770836400000,32416.14000000,18055.39000000
1770840000000,53807.13000000,30132.71000000
1770843600000,89060.29000000,41450.85000000
1770847200000,19868.98000000,10979.83000000
1770850800000,48850.82000000,31481.89000000
1770854400000,68967.91000000,38685.47000000
1770858000000,97579.34000000,60512.72000000
1770861600000,41122.38000000,22951.85000000
1770865200000,26717.56000000,11995.46000000
1770868800000,72924.06000000,37178.82000000
1770872400000,146651.80000000,70756.81000000
1770876000000,27446.37000000,16352.76000000
1770879600000,40873.51000000,16974.81000000
1770883200000,79022.73000000,37816.51000000
1770886800000,22742.84000000,12202.87000000
1770890400000,29550.59000000,16373.40000000
1770894000000,43084.65000000,16721.61000000
1770897600000,62446.88000000,28375.40000000
1770901200000,92046.45000000,43909.01000000
1770904800000,72317.34000000,41579.60000000
1770908400000,151503.27000000,81404.27000000
1770912000000,177337.90000000,81124.62000000
1770915600000,44014.92000000,23615.85000000
1770919200000,30631.57000000,13456.64000000
1770922800000,53336.19000000,23378.07000000
1770926400000,41523.78000000,27098.68000000
1770930000000,63791.11000000,39808.15000000
1770933600000,15004.89000000,5430.42000000
1770937200000,28231.24000000,15201.88000000
1770940800000,28924.57000000,10875.93000000
1770944400000,33200.78000000,16895.95000000
1770948000000,20375.54000000,12969.33000000
1770951600000,35267.94000000,18526.40000000
1770955200000,25331.79000000,13724.95000000
1770958800000,14728.30000000,7472.16000000
1770962400000,10394.70000000,4149.63000000
1770966000000,46424.76000000,23345.97000000
1770969600000,188572.54000000,103168.32000000
1770973200000,48222.25000000,23976.52000000
1770976800000,70329.68000000,25972.11000000
1770980400000,137240.87000000,64099.88000000
1770984000000,49603.61000000,28487.88000000
1770987600000,25563.68000000,15432.53000000
1770991200000,61274.34000000,26916.79000000
1770994800000,66711.56000000,27662.58000000
1770998400000,111787.87000000,52249.88000000
1771002000000,67587.63000000,32093.84000000
1771005600000,123634.36000000,66164.22000000
1771009200000,1228345.86000000,773789.09000000
1771012800000,605273.40000000,309841.70000000
1771016400000,1507877.86000000,822874.00000000
1771020000000,635574.94000000,323824.32000000
1771023600000,437375.25000000,228081.33000000
1771027200000,1701714.73000000,893388.61000000
1771030800000,680298.77000000,332131.61000000
1771034400000,622795.91000000,272757.82000000
1771038000000,284947.89000000,138248.29000000
1771041600000,384224.54000000,175244.87000000
1771045200000,197564.11000000,92652.48000000
1771048800000,282765.68000000,141488.09000000
1771052400000,263027.82000000,138291.08000000
1771056000000,210621.76000000,89195.85000000
1771059600000,257644.04000000,96591.38000000
1771063200000,397759.98000000,224698.52000000
1771066800000,634699.64000000,345469.02000000
1771070400000,233976.56000000,121046.29000000
1771074000000,433044.01000000,221819.01000000
1771077600000,409486.62000000,203420.42000000
1771081200000,477477.81000000,273184.09000000
1771084800000,252491.30000000,117371.53000000
1771088400000,357623.37000000,186490.06000000
1771092000000,285870.39000000,125548.77000000
1771095600000,209787.29000000,87716.67000000
1771099200000,92879.42000000,38610.54000000
1771102800000,143939.03000000,68322.48000000
1771106400000,93299.20000000,36619.02000000
1771110000000,206845.50000000,102566.85000000
1771113600000,115403.14000000,59625.48000000
1771117200000,205744.44000000,92737.31000000
1771120800000,141396.34000000,77944.19000000
1771124400000,131837.98000000,73387.20000000
1771128000000,177923.61000000,86461.01000000
1771131600000,469562.32000000,256085.58000000
1771135200000,343849.73000000,170669.14000000
1771138800000,799291.17000000,464167.99000000
1771142400000,1128440.55000000,659187.18000000
1771146000000,796239.05000000,417442.04000000
1771149600000,1897107.37000000,1113454.75000000
1771153200000,816012.32000000,367434.44000000
1771156800000,972077.22000000,501934.78000000
1771160400000,1072466.01000000,466074.70000000
1771164000000,592142.74000000,273317.22000000
1771167600000,497726.61000000,232077.36000000
1771171200000,646011.96000000,265704.21000000
1771174800000,560640.99000000,268774.68000000
1771178400000,441173.54000000,196143.73000000
1771182000000,473465.28000000,203821.36000000
1771185600000,233632.44000000,112773.70000000
1771189200000,199133.92000000,117853.82000000
1771192800000,164624.43000000,89943.45000000
1771196400000,250168.48000000,132359.86000000
1771200000000,194438.23000000,107970.74000000
1771203600000,645881.37000000,340741.78000000
1771207200000,198407.45000000,102055.00000000
1771210800000,178662.77000000,79613.40000000
1771214400000,150953.09000000,55121.55000000
1771218000000,194377.51000000,98994.62000000
1771221600000,105614.94000000,55347.32000000
1771225200000,181442.96000000,94681.91000000
1771228800000,248621.11000000,129693.99000000
1771232400000,244241.00000000,116352.98000000
1771236000000,302744.23000000,140759.76000000
1771239600000,304286.26000000,142390.66000000
1771243200000,105221.15000000,53599.80000000
1771246800000,143896.93000000,57224.25000000
1771250400000,248441.83000000,123927.22000000
1771254000000,320395.75000000,174742.32000000
1771257600000,120195.19000000,61485.71000000
1771261200000,125008.52000000,59540.73000000
1771264800000,232896.22000000,114182.91000000
1771268400000,126450.70000000,63463.17000000
1771272000000,207934.98000000,81053.03000000
1771275600000,135476.63000000,57606.49000000
1771279200000,135606.06000000,63346.99000000
1771282800000,40898.54000000,21456.74000000
1771286400000,55965.45000000,29671.10000000
1771290000000,216393.46000000,95634.08000000
1771293600000,75295.92000000,37505.44000000
1771297200000,118095.97000000,69833.34000000
1771300800000,108487.40000000,60938.01000000
1771304400000,161829.94000000,119532.46000000
1771308000000,170240.04000000,91387.02000000
1771311600000,78126.37000000,46802.25000000
1771315200000,113251.91000000,63506.43000000
1771318800000,66041.73000000,35258.99000000
1771322400000,75012.21000000,41793.69000000
1771326000000,112058.80000000,60129.37000000
1771329600000,102089.71000000,56138.69000000
1771333200000,121424.42000000,61963.85000000
1771336800000,237330.15000000,142375.07000000
1771340400000,229491.46000000,123116.61000000
1771344000000,234442.47000000,90670.24000000
1771347600000,133999.36000000,72798.55000000
1771351200000,49659.49000000,32984.80000000
1771354800000,47969.55000000,20757.51000000
1771358400000,39913.62000000,19480.16000000
1771362000000,27393.09000000,20412.41000000
1771365600000,18734.24000000,9002.80000000
1771369200000,61420.59000000,43198.99000000
1771372800000,59839.31000000,32988.85000000
1771376400000,64443.96000000,32971.90000000
1771380000000,64618.41000000,26603.86000000
1771383600000,91696.91000000,45210.43000000
1771387200000,59332.72000000,32107.63000000
1771390800000,37124.04000000,18422.53000000
1771394400000,53555.30000000,20045.41000000
1771398000000,53697.89000000,29503.04000000
1771401600000,119032.38000000,53677.83000000
1771405200000,53974.18000000,25149.10000000
1771408800000,52530.82000000,30056.28000000
1771412400000,58051.38000000,22712.54000000
1771416000000,113229.71000000,46384.58000000
1771419600000,82703.12000000,34751.39000000
1771423200000,66132.97000000,27452.15000000
1771426800000,114315.97000000,55221.11000000
1771430400000,56154.19000000,22711.17000000
1771434000000,119752.86000000,53967.46000000
1771437600000,186885.60000000,103866.40000000
1771441200000,85137.15000000,35044.00000000
1771444800000,37227.46000000,19677.53000000
1771448400000,42698.82000000,20226.96000000
1771452000000,83080.76000000,38237.99000000
1771455600000,38962.28000000,21903.63000000
1771459200000,84117.85000000,41451.05000000
1771462800000,147294.78000000,90033.90000000
1771466400000,47034.27000000,17972.88000000
1771470000000,37266.60000000,19504.79000000
1771473600000,77685.38000000,32282.23000000
1771477200000,83902.93000000,43407.37000000
1771480800000,86510.89000000,46345.37000000
1771484400000,42128.22000000,19281.60000000
1771488000000,41743.68000000,20348.94000000
1771491600000,81163.72000000,40737.52000000
1771495200000,60766.27000000,20653.76000000
1771498800000,62380.33000000,26974.11000000
1771502400000,92463.60000000,46787.74000000
1771506000000,271110.14000000,128505.85000000
1771509600000,143324.28000000,68214.40000000
1771513200000,72636.57000000,41990.20000000
1771516800000,179124.09000000,78731.46000000
1771520400000,79511.01000000,43529.85000000
1771524000000,45057.48000000,17398.15000000
1771527600000,29957.91000000,14645.75000000
1771531200000,35325.25000000,15814.12000000
1771534800000,12434.29000000,5210.82000000
1771538400000,29060.11000000,13292.27000000
1771542000000,92336.42000000,57003.68000000
1771545600000,78593.21000000,33434.86000000
1771549200000,38003.81000000,16405.59000000
1771552800000,46003.84000000,24940.87000000
1771556400000,33264.71000000,19118.32000000
1771560000000,43840.81000000,21495.56000000
1771563600000,56047.14000000,25222.65000000
1771567200000,27845.68000000,9336.15000000
1771570800000,164263.44000000,93635.78000000
1771574400000,214169.82000000,103957.94000000
1771578000000,120074.44000000,63603.36000000
1771581600000,118213.62000000,58114.28000000
1771585200000,172550.17000000,91275.18000000
1771588800000,408881.08000000,204579.34000000
1771592400000,334885.08000000,171906.87000000
1771596000000,90086.85000000,57885.21000000
1771599600000,82617.67000000,43691.81000000
1771603200000,158872.89000000,71678.85000000
1771606800000,158369.89000000,65538.21000000
1771610400000,46991.25000000,20297.66000000
1771614000000,129552.06000000,97231.42000000
1771617600000,134976.33000000,69184.24000000
1771621200000,56495.36000000,26083.28000000
1771624800000,225104.96000000,145095.21000000
1771628400000,163284.01000000,78576.03000000
1771632000000,128536.43000000,62637.67000000
1771635600000,133243.82000000,54166.15000000
1771639200000,588737.97000000,333230.54000000
1771642800000,408135.50000000,212491.46000000
1771646400000,167127.43000000,85601.96000000
1771650000000,134618.55000000,59882.90000000
1771653600000,393957.90000000,215383.91000000
1771657200000,752845.92000000,418406.65000000
1771660800000,253819.03000000,117518.85000000
1771664400000,279315.07000000,115076.75000000
1771668000000,158238.73000000,76194.78000000
1771671600000,120202.62000000,65374.41000000
1771675200000,191096.26000000,89746.00000000
1771678800000,76280.08000000,25486.78000000
1771682400000,137120.81000000,56210.29000000
1771686000000,136353.41000000,47989.47000000
1771689600000,116794.88000000,45303.57000000
1771693200000,114986.42000000,60512.89000000
1771696800000,66057.89000000,31486.34000000
1771700400000,177436.70000000,116969.66000000
1771704000000,162317.50000000,90178.76000000
1771707600000,246290.44000000,128618.38000000
1771711200000,88171.87000000,49006.87000000
1771714800000,34079.86000000,17759.39000000
1771718400000,130034.79000000,51969.41000000
1771722000000,39338.85000000,20841.58000000
1771725600000,151824.55000000,63762.01000000
1771729200000,141570.42000000,68067.52000000
1771732800000,30656.38000000,13750.00000000
1771736400000,55113.54000000,20941.15000000
1771740000000,66723.28000000,30668.05000000
1771743600000,66523.96000000,28488.78000000
1771747200000,90294.80000000,48740.85000000
1771750800000,57262.21000000,31133.29000000
1771754400000,42302.52000000,16866.80000000
1771758000000,30352.93000000,18127.69000000
1771761600000,48127.72000000,21497.17000000
1771765200000,27238.92000000,12902.61000000
1771768800000,33429.09000000,14129.62000000
1771772400000,81452.63000000,47322.04000000
1771776000000,48783.23000000,23452.13000000
1771779600000,43927.40000000,15615.68000000
1771783200000,31918.19000000,18357.43000000
1771786800000,42727.87000000,26517.93000000
1771790400000,51013.50000000,20504.94000000
1771794000000,56503.86000000,32891.12000000
1771797600000,44940.68000000,21531.67000000
1771801200000,103974.44000000,58589.45000000
1771804800000,97391.07000000,41849.00000000
1771808400000,145945.11000000,66486.06000000
1771812000000,125405.41000000,51611.27000000
1771815600000,79991.63000000,37383.31000000
1771819200000,65573.09000000,39160.97000000
1771822800000,53693.69000000,26106.44000000
1771826400000,23863.28000000,13601.85000000
1771830000000,39019.85000000,23740.56000000
1771833600000,48553.43000000,26911.85000000
1771837200000,45978.08000000,25285.13000000
1771840800000,65623.86000000,27207.21000000
1771844400000,48937.85000000,24413.03000000
1771848000000,54830.22000000,26816.22000000
1771851600000,30468.63000000,17288.58000000
1771855200000,45033.87000000,24297.42000000
1771858800000,72749.37000000,37631.64000000
1771862400000,192529.99000000,94403.95000000
1771866000000,64407.75000000,32078.71000000
1771869600000,91748.73000000,38560.07000000
1771873200000,43981.09000000,23156.20000000
1771876800000,85146.59000000,38885.30000000
1771880400000,33262.56000000,20906.62000000
1771884000000,56896.14000000,26770.42000000
1771887600000,95819.48000000,41554.15000000
1771891200000,198852.75000000,92804.17000000
1771894800000,86289.13000000,42351.68000000
1771898400000,46517.26000000,19025.68000000
1771902000000,44269.77000000,12731.33000000
1771905600000,59587.27000000,29071.91000000
1771909200000,36736.45000000,16925.47000000
1771912800000,52004.69000000,29556.86000000
1771916400000,208498.53000000,118568.82000000
1771920000000,192774.32000000,95683.02000000
1771923600000,90066.77000000,52442.16000000
1771927200000,140426.71000000,82248.66000000
1771930800000,293019.46000000,127437.30000000
1771934400000,225371.45000000,121340.67000000
1771938000000,77128.99000000,37516.38000000
1771941600000,117590.25000000,56369.67000000
1771945200000,168165.03000000,76337.87000000
1771948800000,287177.42000000,138686.57000000
1771952400000,378131.76000000,220420.64000000
1771956000000,157042.94000000,61999.32000000
1771959600000,75926.35000000,37124.47000000
1771963200000,36631.05000000,20344.32000000
1771966800000,126374.20000000,58911.62000000
1771970400000,81428.67000000,47773.67000000
1771974000000,60482.31000000,28585.56000000
1771977600000,62726.96000000,30919.71000000
1771981200000,112264.52000000,51673.29000000
1771984800000,186331.29000000,113968.86000000
1771988400000,107678.26000000,52412.81000000
1771992000000,79161.79000000,43235.35000000
1771995600000,188154.09000000,108695.46000000
1771999200000,103790.20000000,52788.11000000
1772002800000,72086.43000000,38612.54000000
1772006400000,88296.07000000,40548.02000000
1772010000000,169236.99000000,63537.26000000
1772013600000,75050.30000000,37989.36000000
1772017200000,29434.21000000,17061.26000000
1772020800000,76097.87000000,40374.77000000
1772024400000,60217.50000000,33154.73000000
1772028000000,47951.91000000,26079.85000000
1772031600000,72318.20000000,27806.43000000
1772035200000,60651.63000000,27953.44000000
1772038800000,63738.43000000,35838.45000000
1772042400000,94618.90000000,51195.10000000
1772046000000,123322.00000000,55420.14000000
1772049600000,46686.00000000,21627.46000000
1772053200000,60968.42000000,32416.76000000
1772056800000,36262.38000000,14893.58000000
1772060400000,88615.35000000,34260.69000000
1772064000000,59968.93000000,32926.00000000
1772067600000,45294.01000000,28423.72000000
1772071200000,92255.36000000,47504.71000000
1772074800000,81457.96000000,44015.33000000
1772078400000,147192.11000000,74066.21000000
1772082000000,123602.17000000,54807.33000000
1772085600000,167181.68000000,99344.96000000
1772089200000,144133.51000000,74834.39000000
1772092800000,65890.79000000,34761.75000000
1772096400000,66250.03000000,37480.50000000
1772100000000,79593.18000000,38364.48000000
1772103600000,77205.52000000,39401.33000000
1772107200000,131836.46000000,48848.28000000
1772110800000,59018.32000000,33960.47000000
1772114400000,106334.02000000,59343.71000000
1772118000000,165261.70000000,84027.39000000
1772121600000,135468.57000000,67286.37000000
1772125200000,186945.54000000,82984.81000000
1772128800000,83349.38000000,45954.86000000
1772132400000,73862.66000000,38105.30000000
1772136000000,77532.65000000,47689.61000000
1772139600000,75639.42000000,47403.22000000
1772143200000,26872.31000000,16254.59000000
1772146800000,39501.68000000,19731.81000000
1772150400000,77996.58000000,45302.95000000
1772154000000,89508.47000000,53448.92000000
1772157600000,44356.50000000,18699.81000000
1772161200000,72150.15000000,37995.14000000
1772164800000,36025.32000000,18805.07000000
1772168400000,53915.75000000,20425.24000000
1772172000000,50340.12000000,25738.96000000
1772175600000,67566.15000000,51365.70000000
1772179200000,117405.70000000,66059.44000000
1772182800000,51836.64000000,24790.42000000
1772186400000,62497.93000000,24663.71000000
1772190000000,116395.09000000,68275.70000000
1772193600000,61717.68000000,41160.68000000
1772197200000,77033.27000000,38013.27000000
1772200800000,74182.76000000,36976.41000000
1772204400000,76113.12000000,30353.46000000
1772208000000,77156.69000000,40726.28000000
1772211600000,44025.36000000,21392.95000000
1772215200000,70535.56000000,28684.66000000
1772218800000,51710.97000000,23365.47000000
1772222400000,70814.65000000,37314.21000000
1772226000000,573738.98000000,325205.34000000
1772229600000,146052.25000000,68197.81000000
1772233200000,294914.25000000,153112.96000000
1772236800000,420437.69000000,195881.44000000
1772240400000,192236.75000000,106065.56000000
1772244000000,192889.72000000,95691.11000000
1772247600000,372567.18000000,200227.43000000
1772251200000,222474.00000000,109540.97000000
1772254800000,258981.93000000,130603.52000000
1772258400000,290377.46000000,128365.28000000
1772262000000,268271.49000000,140718.33000000
1772265600000,152057.00000000,75059.72000000
1772269200000,159099.46000000,78602.33000000
1772272800000,390626.71000000,226220.92000000
1772276400000,311942.13000000,130925.05000000
1772280000000,1087067.28000000,585892.64000000
1772283600000,402064.93000000,218319.24000000
1772287200000,388106.39000000,200402.09000000
1772290800000,367509.01000000,167248.15000000
1772294400000,188935.26000000,98721.23000000
1772298000000,162171.14000000,57223.62000000
1772301600000,98795.76000000,44660.49000000
1772305200000,146966.16000000,72643.78000000
1772308800000,100059.58000000,40970.55000000
1772312400000,81337.14000000,32106.34000000
1772316000000,110451.47000000,62610.08000000
1772319600000,123972.92000000,67054.42000000
1772323200000,153020.83000000,69846.18000000
1772326800000,131859.71000000,69591.89000000
1772330400000,73781.75000000,31076.66000000
1772334000000,79147.18000000,46744.54000000
1772337600000,47847.44000000,23925.88000000
1772341200000,57206.56000000,25726.30000000
1772344800000,67019.84000000,28405.09000000
1772348400000,41772.96000000,19071.76000000
1772352000000,60046.74000000,28993.03000000
1772355600000,90980.25000000,41596.70000000
1772359200000,100930.54000000,52202.34000000
1772362800000,25623.90000000,12100.80000000
1772366400000,74332.54000000,34898.78000000
1772370000000,134123.16000000,85049.65000000
1772373600000,50497.12000000,30860.90000000
1772377200000,330752.66000000,167883.41000000
1772380800000,279201.76000000,93461.40000000
1772384400000,536851.35000000,161634.89000000
1772388000000,92709.35000000,49247.36000000
1772391600000,34294.42000000,15775.82000000
1772395200000,135636.15000000,60528.52000000
1772398800000,75659.28000000,38919.78000000
1772402400000,87636.61000000,32904.21000000
1772406000000,90757.42000000,37611.15000000
1772409600000,57849.68000000,25995.88000000
1772413200000,112068.67000000,54410.07000000
1772416800000,23777.89000000,16394.05000000
1772420400000,18556.63000000,11022.01000000
1772424000000,42789.97000000,21319.93000000
1772427600000,20792.79000000,5016.55000000
1772431200000,85025.97000000,36953.75000000
1772434800000,44320.81000000,19440.28000000
1772438400000,46846.60000000,21272.95000000
1772442000000,63868.24000000,28754.04000000
1772445600000,38834.58000000,25163.06000000
1772449200000,44259.70000000,22539.00000000
1772452800000,21195.31000000,8236.01000000
1772456400000,39464.34000000,16278.43000000
1772460000000,80697.21000000,36692.27000000
1772463600000,171249.92000000,95510.34000000
1772467200000,90379.75000000,37688.23000000
1772470800000,72158.79000000,39888.09000000
1772474400000,53763.38000000,22371.12000000
1772478000000,57962.84000000,32695.18000000
1772481600000,836076.82000000,517327.74000000
1772485200000,421978.58000000,221801.43000000
1772488800000,315595.48000000,168520.18000000
1772492400000,341650.72000000,160827.77000000
1772496000000,256857.57000000,112587.61000000
1772499600000,203069.50000000,101325.49000000
1772503200000,198734.34000000,90397.50000000
1772506800000,98051.91000000,51251.60000000
1772510400000,88969.70000000,40309.83000000
1772514000000,76391.68000000,46796.08000000
1772517600000,110491.42000000,42952.16000000
1772521200000,87182.76000000,41400.13000000
1772524800000,114621.28000000,53831.24000000
1772528400000,71694.51000000,38667.72000000
1772532000000,157919.55000000,80513.89000000
1772535600000,202654.23000000,97569.51000000
1772539200000,122245.38000000,55205.89000000
1772542800000,83496.78000000,48170.77000000
1772546400000,63221.59000000,28547.56000000
1772550000000,106927.12000000,55811.62000000
1772553600000,354745.11000000,178870.23000000
1772557200000,142154.82000000,65814.82000000
1772560800000,73363.30000000,31677.03000000
1772564400000,93090.61000000,41617.20000000
1772568000000,190044.41000000,94992.33000000
1772571600000,102550.09000000,58464.02000000
1772575200000,34483.66000000,17937.05000000
1772578800000,387022.29000000,210601.61000000
1772582400000,86452.84000000,29255.74000000
1772586000000,114345.60000000,58250.09000000
1772589600000,45456.48000000,21839.40000000
1772593200000,82570.50000000,35625.63000000
1772596800000,32764.21000000,15679.80000000
1772600400000,40569.16000000,20903.40000000
1772604000000,51797.69000000,29182.72000000
1772607600000,59402.84000000,25381.45000000
1772611200000,168807.27000000,74497.25000000
1772614800000,54095.33000000,23587.94000000
1772618400000,33782.93000000,17480.38000000
1772622000000,70864.25000000,45704.06000000
1772625600000,27848.03000000,18356.13000000
1772629200000,24776.41000000,12002.67000000
1772632800000,30101.39000000,16818.59000000
1772636400000,57989.64000000,35669.11000000
1772640000000,95478.50000000,50157.80000000
1772643600000,83121.34000000,32889.99000000
1772647200000,46250.93000000,19919.06000000
1772650800000,19561.21000000,11095.23000000
1772654400000,17496.36000000,5455.14000000
1772658000000,6156.44000000,4163.63000000
1772661600000,28698.51000000,13980.91000000
1772665200000,69585.00000000,30873.09000000
1772668800000,24567.39000000,11358.59000000
1772672400000,54263.67000000,19334.10000000
1772676000000,26921.18000000,13375.99000000
1772679600000,61992.93000000,34027.89000000
1772683200000,19686.56000000,9727.16000000
1772686800000,63785.80000000,31305.58000000
1772690400000,50437.83000000,23913.36000000
1772694000000,20497.08000000,8416.88000000
1772697600000,13798.76000000,7228.35000000
1772701200000,37663.91000000,22418.61000000
1772704800000,14968.14000000,9145.13000000
1772708400000,34477.18000000,14543.42000000
1772712000000,86607.16000000,43704.61000000
1772715600000,64883.86000000,34356.65000000
1772719200000,37072.77000000,16714.87000000
1772722800000,44397.54000000,22485.68000000
1772726400000,87321.23000000,37787.18000000
1772730000000,73269.28000000,28418.29000000
1772733600000,27200.77000000,14596.43000000
1772737200000,16859.72000000,5917.84000000
1772740800000,19787.86000000,6563.28000000
1772744400000,42402.76000000,15511.05000000
1772748000000,29083.33000000,15732.84000000
1772751600000,18944.32000000,11560.07000000
1772755200000,14801.29000000,7340.50000000
1772758800000,46080.30000000,20483.66000000
1772762400000,24877.89000000,11630.30000000
1772766000000,19016.78000000,10032.38000000
1772769600000,26315.96000000,11249.78000000
1772773200000,28269.29000000,18049.33000000
1772776800000,93948.70000000,39369.75000000
1772780400000,38222.80000000,20079.64000000
1772784000000,24891.14000000,9717.85000000
1772787600000,57551.62000000,29656.71000000
1772791200000,46231.14000000,19169.43000000
1772794800000,20587.15000000,11449.04000000
1772798400000,37216.43000000,18089.78000000
1772802000000,75532.46000000,36867.28000000
1772805600000,77249.28000000,33868.72000000
1772809200000,100620.39000000,45144.48000000
1772812800000,114668.94000000,47692.87000000
1772816400000,35267.00000000,19633.29000000
1772820000000,30477.12000000,19215.43000000
1772823600000,42148.17000000,23910.76000000
1772827200000,16405.22000000,6998.72000000
1772830800000,43883.50000000,18579.29000000
1772834400000,32889.79000000,14219.13000000
1772838000000,25526.29000000,16093.37000000
1772841600000,35696.78000000,20614.86000000
1772845200000,36217.30000000,22993.63000000
1772848800000,40729.39000000,23499.27000000
1772852400000,30083.54000000,18381.41000000
1772856000000,29146.39000000,9443.62000000
1772859600000,69386.34000000,30820.67000000
1772863200000,76694.66000000,37902.66000000
1772866800000,57037.62000000,23965.63000000
1772870400000,41579.74000000,24595.34000000
1772874000000,24186.04000000,8642.56000000
1772877600000,26683.07000000,13002.16000000
1772881200000,27938.22000000,13288.24000000
1772884800000,34839.15000000,14391.38000000
1772888400000,36354.71000000,19256.27000000
1772892000000,188278.84000000,83410.39000000
1772895600000,153907.78000000,70375.45000000
1772899200000,61319.74000000,36695.84000000
1772902800000,87920.90000000,44904.58000000
1772906400000,42736.21000000,23461.64000000
1772910000000,60752.40000000,30131.98000000
1772913600000,28436.54000000,16131.58000000
1772917200000,44490.76000000,20972.76000000
1772920800000,80652.93000000,48436.31000000
1772924400000,44299.28000000,23858.60000000
1772928000000,51731.26000000,30158.42000000
1772931600000,92147.68000000,47894.07000000
1772935200000,36439.34000000,15834.45000000
1772938800000,29871.72000000,16020.43000000
1772942400000,31979.53000000,15034.10000000
1772946000000,43022.81000000,29344.21000000
1772949600000,75350.30000000,33629.50000000
1772953200000,57906.75000000,24172.42000000
1772956800000,28136.11000000,15370.08000000
1772960400000,60821.72000000,36810.62000000
1772964000000,33585.83000000,14587.40000000
1772967600000,37015.19000000,17925.77000000
1772971200000,39250.48000000,18566.69000000
1772974800000,58206.18000000,35775.19000000
1772978400000,26900.33000000,11243.08000000
1772982000000,59433.01000000,29597.41000000
1772985600000,63689.48000000,26743.01000000
1772989200000,68141.14000000,36182.97000000
1772992800000,45555.32000000,25196.44000000
1772996400000,29550.81000000,21110.01000000
1773000000000,84703.69000000,51332.35000000
1773003600000,30958.12000000,8744.72000000
1773007200000,108526.11000000,49364.98000000
1773010800000,62417.76000000,31908.16000000
1773014400000,37157.49000000,21506.49000000
1773018000000,61777.16000000,30251.13000000
1773021600000,58844.72000000,33161.67000000
1773025200000,49596.16000000,25306.38000000
1773028800000,52624.74000000,32854.11000000
1773032400000,51394.68000000,34553.03000000
1773036000000,35627.52000000,11001.97000000
1773039600000,66394.02000000,37716.80000000
1773043200000,57249.42000000,31521.30000000
1773046800000,60961.43000000,33345.73000000
1773050400000,67789.60000000,31508.66000000
1773054000000,36127.95000000,17481.75000000
1773057600000,40020.74000000,24863.61000000
1773061200000,84542.64000000,45786.13000000
1773064800000,60338.88000000,34955.58000000
1773068400000,38737.85000000,19360.30000000
1773072000000,78745.99000000,37626.20000000
1773075600000,27204.64000000,20446.63000000
1773079200000,56558.16000000,21416.69000000
1773082800000,56299.47000000,34268.55000000
1773086400000,29784.42000000,20742.24000000
1773090000000,23057.25000000,13199.36000000
1773093600000,28757.20000000,13126.13000000
1773097200000,24089.00000000,17325.27000000
1773100800000,115567.80000000,58579.56000000
1773104400000,21259.49000000,9666.81000000
1773108000000,51334.45000000,24101.50000000
1773111600000,50940.97000000,20217.90000000
1773115200000,52593.67000000,32872.65000000
1773118800000,38117.74000000,16519.57000000
1773122400000,28200.15000000,17461.39000000
1773126000000,69907.60000000,35972.43000000
1773129600000,82402.40000000,40139.73000000
1773133200000,39771.68000000,24441.29000000
1773136800000,37750.35000000,18912.32000000
1773140400000,39659.83000000,25185.66000000
1773144000000,25633.68000000,10820.03000000
1773147600000,51152.04000000,25978.08000000
1773151200000,98225.16000000,51103.39000000
1773154800000,158068.55000000,83229.59000000
1773158400000,130980.37000000,71340.92000000
1773162000000,52033.19000000,25714.02000000
1773165600000,101502.88000000,47580.80000000
1773169200000,56667.74000000,32008.34000000
1773172800000,22598.23000000,13655.30000000
1773176400000,23504.33000000,11674.67000000
1773180000000,36524.68000000,19345.03000000
1773183600000,30209.00000000,16755.52000000
1773187200000,26199.46000000,16564.03000000
1773190800000,70847.67000000,38086.36000000
1773194400000,65309.69000000,29681.12000000
1773198000000,46711.66000000,25302.03000000
1773201600000,38055.92000000,19628.73000000
1773205200000,52255.50000000,25919.60000000
1773208800000,32897.40000000,17797.11000000
1773212400000,52696.67000000,23737.90000000
1773216000000,140004.68000000,62145.48000000
1773219600000,33847.31000000,18346.84000000
1773223200000,36019.69000000,18160.11000000
1773226800000,62561.54000000,28971.75000000
1773230400000,137891.36000000,91790.87000000
1773234000000,60270.10000000,31791.14000000
1773237600000,44914.43000000,23689.45000000
1773241200000,72563.39000000,40224.12000000
1773244800000,92630.66000000,52354.11000000
1773248400000,45754.15000000,21377.05000000
1773252000000,34195.45000000,19559.81000000
1773255600000,28955.73000000,13243.44000000
1773259200000,28043.92000000,16129.97000000
1773262800000,24261.06000000,13111.78000000
1773266400000,36094.13000000,11628.86000000
1773270000000,37264.66000000,16141.66000000
1773273600000,29667.08000000,16819.04000000
1773277200000,168328.84000000,86708.89000000
1773280800000,150123.46000000,74538.04000000
1773284400000,42150.14000000,19658.21000000
1773288000000,105123.13000000,63585.04000000
1773291600000,50562.48000000,27096.97000000
1773295200000,24308.47000000,12149.31000000
1773298800000,90312.00000000,44399.19000000
1773302400000,30363.47000000,17920.76000000
1773306000000,131232.88000000,87867.68000000
1773309600000,61623.67000000,39008.34000000
1773313200000,41158.97000000,19796.42000000
1773316800000,23663.59000000,14527.94000000
1773320400000,110600.92000000,26311.58000000
1773324000000,53869.70000000,27030.49000000
1773327600000,52967.11000000,29693.27000000
1773331200000,31205.38000000,16164.56000000
1773334800000,40483.11000000,17758.28000000
1773338400000,38861.74000000,19946.37000000
1773342000000,31047.03000000,21346.41000000
1773345600000,18557.70000000,7544.88000000
1773349200000,14042.52000000,7478.12000000
1773352800000,37836.93000000,19269.13000000
1773356400000,37982.56000000,15965.94000000
1773360000000,56941.36000000,27743.62000000
1773363600000,193175.05000000,129024.17000000
1773367200000,93650.50000000,48559.95000000
1773370800000,67700.07000000,42174.30000000
1773374400000,83792.58000000,46907.22000000
1773378000000,32245.46000000,15750.33000000
1773381600000,37428.21000000,19020.91000000
1773385200000,60457.02000000,23429.75000000
1773388800000,30512.29000000,12826.08000000
1773392400000,52686.94000000,24147.18000000
1773396000000,31884.31000000,18958.74000000
1773399600000,34120.25000000,11856.62000000
1773403200000,34948.77000000,16481.42000000
1773406800000,51284.86000000,28261.30000000
1773410400000,119557.36000000,52183.42000000
1773414000000,140438.54000000,62261.64000000
1773417600000,64201.64000000,34420.25000000
1773421200000,59009.02000000,27212.89000000
1773424800000,57796.78000000,21840.20000000
1773428400000,29415.09000000,15300.40000000
1773432000000,19245.04000000,9747.16000000
1773435600000,40686.62000000,12142.72000000
1773439200000,49463.25000000,20407.09000000
1773442800000,61736.47000000,16370.86000000
1773446400000,112177.77000000,33357.03000000
1773450000000,79067.09000000,25095.44000000
1773453600000,74946.06000000,30753.36000000
1773457200000,35933.40000000,19715.66000000
1773460800000,66220.81000000,24522.59000000
1773464400000,20119.94000000,11674.94000000
1773468000000,87029.06000000,58758.21000000
1773471600000,53081.28000000,21398.46000000
1773475200000,72115.99000000,39162.39000000
1773478800000,111884.23000000,59515.06000000
1773482400000,54197.72000000,20373.31000000
1773486000000,63634.50000000,25649.93000000
1773489600000,113784.82000000,74221.53000000
1773493200000,79939.10000000,29749.69000000
1773496800000,83697.90000000,21619.44000000
1773500400000,51602.83000000,34113.82000000
1773504000000,20595.31000000,11007.76000000
1773507600000,7635.15000000,4008.02000000
1773511200000,35899.08000000,17449.20000000
1773514800000,249119.42000000,153085.34000000
1773518400000,279625.01000000,158522.19000000
1773522000000,86379.69000000,41471.06000000
1773525600000,269026.05000000,140700.19000000
1773529200000,106133.30000000,57878.06000000
1773532800000,186189.16000000,71248.45000000
1773536400000,113342.47000000,59269.76000000
1773540000000,66423.43000000,32312.78000000
1773543600000,61373.11000000,31692.91000000
1773547200000,87758.14000000,43167.25000000
1773550800000,21955.60000000,8779.50000000
1773554400000,31683.66000000,12972.66000000
1773558000000,67329.44000000,25004.45000000
1773561600000,145126.92000000,55867.43000000
1773565200000,60910.23000000,37161.01000000
1773568800000,33478.93000000,10674.70000000
1773572400000,41928.15000000,16974.18000000
1773576000000,42463.59000000,21873.44000000
1773579600000,70943.70000000,37820.51000000
1773583200000,34942.69000000,16149.56000000
1773586800000,25142.88000000,11520.64000000
1773590400000,21531.51000000,10730.94000000
1773594000000,26158.52000000,11754.87000000
1773597600000,54446.39000000,18726.08000000
1773601200000,15228.02000000,8137.78000000
1773604800000,11873.31000000,5614.54000000
1773608400000,141610.58000000,39950.24000000
1773612000000,42453.98000000,29686.67000000
1773615600000,74162.65000000,51378.59000000
1773619200000,34159.75000000,16153.01000000
1773622800000,36325.45000000,18156.08000000
1773626400000,52854.93000000,25411.96000000
1773630000000,168382.64000000,91595.92000000
1773633600000,110353.00000000,49585.07000000
1773637200000,73673.99000000,28728.85000000
1773640800000,46153.43000000,17072.65000000
1773644400000,55229.33000000,26736.53000000
1773648000000,142423.02000000,83914.16000000
1773651600000,18465.49000000,5931.62000000
1773655200000,90443.07000000,36614.17000000
1773658800000,63939.81000000,38326.03000000
1773662400000,83113.26000000,29665.20000000
1773666000000,39110.97000000,19777.79000000
1773669600000,96206.36000000,51438.25000000
1773673200000,68457.48000000,30041.76000000
1773676800000,112196.69000000,57115.55000000
1773680400000,59831.65000000,32367.57000000
1773684000000,38190.33000000,16775.03000000
1773687600000,32395.44000000,18172.57000000
1773691200000,6196.56000000,3682.66000000
1773694800000,35128.90000000,23204.39000000
1773698400000,66005.01000000,39787.11000000
1773702000000,31951.84000000,10751.25000000
1773705600000,58695.57000000,31109.75000000
1773709200000,46665.46000000,23833.20000000
1773712800000,20234.06000000,10461.25000000
1773716400000,29476.39000000,16699.60000000
1773720000000,21641.14000000,11421.62000000
1773723600000,43495.22000000,20197.11000000
1773727200000,11435.21000000,3300.97000000
1773730800000,4431.90000000,1978.98000000
1773734400000,14659.17000000,8720.63000000
1773738000000,15825.74000000,5683.56000000
1773741600000,18716.99000000,9034.91000000
1773745200000,16478.38000000,9861.27000000
1773748800000,29331.18000000,11676.97000000
1773752400000,44549.33000000,20452.54000000
1773756000000,30078.24000000,14310.68000000
1773759600000,54491.90000000,35442.96000000
1773763200000,67137.81000000,44437.58000000
1773766800000,49636.26000000,22945.81000000
1773770400000,19432.31000000,13645.79000000
1773774000000,15578.30000000,8059.94000000
1773777600000,24757.73000000,11722.48000000
1773781200000,12075.64000000,7926.66000000
1773784800000,11835.30000000,5998.25000000
1773788400000,26016.58000000,12227.77000000
1773792000000,59994.96000000,29519.09000000
1773795600000,61857.86000000,29761.43000000
1773799200000,33390.19000000,14175.32000000
1773802800000,34164.18000000,17219.27000000
1773806400000,52968.70000000,31952.96000000
1773810000000,26442.42000000,16834.09000000
1773813600000,32309.96000000,23256.03000000
1773817200000,15240.06000000,6949.02000000
1773820800000,15326.60000000,10397.36000000
1773824400000,11165.54000000,5136.06000000
1773828000000,27222.73000000,15490.12000000
1773831600000,59828.52000000,26758.24000000
1773835200000,52704.07000000,24368.48000000
1773838800000,88193.56000000,45651.70000000
1773842400000,58657.50000000,32177.41000000
1773846000000,37088.54000000,24960.41000000
1773849600000,42240.01000000,16900.75000000
1773853200000,17540.08000000,11605.28000000
1773856800000,41577.08000000,17293.11000000
1773860400000,24550.17000000,9785.60000000
1773864000000,34167.95000000,12715.19000000
1773867600000,13589.86000000,9498.41000000
1773871200000,43243.83000000,21667.43000000
1773874800000,27635.33000000,15699.98000000
1773878400000,23059.16000000,10458.93000000
1773882000000,37484.24000000,15734.45000000
1773885600000,13669.70000000,6197.40000000
1773889200000,19393.40000000,9567.19000000
1773892800000,49239.64000000,30153.07000000
1773896400000,20349.93000000,5905.84000000
1773900000000,26200.65000000,16166.04000000
1773903600000,67802.65000000,27395.98000000
1773907200000,33955.14000000,17778.93000000
1773910800000,30309.35000000,15828.99000000
1773914400000,10396.77000000,2143.08000000
1773918000000,46243.67000000,24953.56000000
1773921600000,20779.79000000,7893.28000000
1773925200000,39848.80000000,20852.35000000
1773928800000,24270.46000000,11873.83000000
1773932400000,46961.05000000,14738.98000000
1773936000000,64246.42000000,31988.34000000
1773939600000,20907.98000000,13815.34000000
1773943200000,9477.49000000,4078.13000000
1773946800000,19093.16000000,9349.87000000
1773950400000,6394.12000000,3898.77000000
1773954000000,19952.28000000,15551.88000000
1773957600000,20574.89000000,15334.51000000
1773961200000,14808.83000000,9889.08000000
1773964800000,30240.19000000,21912.33000000
1773968400000,10764.65000000,4742.19000000
1773972000000,6495.43000000,2162.27000000
1773975600000,11250.79000000,5873.57000000
1773979200000,18095.26000000,4502.62000000
1773982800000,7648.53000000,3149.33000000
1773986400000,7063.62000000,2134.13000000
1773990000000,20691.10000000,11168.10000000
1773993600000,8936.85000000,3719.25000000
1773997200000,10995.82000000,7307.31000000
1774000800000,11741.09000000,6507.13000000
1774004400000,12729.00000000,5957.98000000
1774008000000,9025.51000000,4321.03000000
1774011600000,39381.16000000,21916.24000000
1774015200000,45473.83000000,17625.97000000
1774018800000,29177.45000000,16171.13000000
1774022400000,13243.22000000,5043.93000000
1774026000000,28596.72000000,17250.48000000
1774029600000,34857.63000000,19038.82000000
1774033200000,31332.49000000,15540.99000000
1774036800000,28217.98000000,10723.47000000
1774040400000,13686.95000000,9593.38000000
1774044000000,5526.72000000,3930.95000000
1774047600000,5497.01000000,3912.11000000
1774051200000,26954.04000000,11285.33000000
1774054800000,12401.97000000,5365.44000000
1774058400000,2823.41000000,1640.29000000
1774062000000,5248.13000000,3086.65000000
1774065600000,6240.85000000,3424.27000000
1774069200000,31969.46000000,19642.66000000
1774072800000,18040.27000000,6732.44000000
1774076400000,8023.28000000,2717.26000000
1774080000000,4566.47000000,2017.50000000
1774083600000,6084.53000000,2200.20000000
1774087200000,8406.83000000,3401.70000000
1774090800000,13708.82000000,6544.02000000
1774094400000,7931.32000000,4843.51000000
1774098000000,6414.80000000,3238.11000000
1774101600000,17370.05000000,7600.32000000
1774105200000,23893.17000000,11376.95000000
1774108800000,14903.10000000,6100.60000000
1774112400000,27995.85000000,8672.02000000
1774116000000,9960.08000000,9133.40000000
1774119600000,13504.65000000,5201.26000000
1774123200000,7740.26000000,6041.41000000
1774126800000,1770.97000000,689.52000000
1774130400000,4222.39000000,1188.02000000
1774134000000,149186.94000000,91878.72000000
1774137600000,48340.88000000,19546.55000000
1774141200000,15961.62000000,8340.96000000
1774144800000,11707.79000000,5433.39000000
1774148400000,9503.41000000,4305.21000000
1774152000000,15450.90000000,7232.62000000
1774155600000,9644.82000000,4356.81000000
1774159200000,9939.89000000,5163.84000000
1774162800000,10670.94000000,2233.35000000
1774166400000,24815.80000000,7084.39000000
1774170000000,10597.15000000,5677.47000000
1774173600000,7560.80000000,4681.01000000
1774177200000,16813.86000000,6303.32000000
1774180800000,23859.14000000,12772.91000000
1774184400000,24708.55000000,10516.41000000
1774188000000,9811.86000000,4383.57000000
1774191600000,13492.02000000,5945.27000000
1774195200000,103824.13000000,43403.72000000
1774198800000,17488.52000000,8698.63000000
1774202400000,18816.31000000,9917.84000000
1774206000000,20437.41000000,11418.74000000
1774209600000,22942.45000000,13990.36000000
1774213200000,45079.31000000,24682.52000000
1774216800000,45474.42000000,19517.77000000
1774220400000,9825.01000000,3830.65000000
1774224000000,25560.29000000,11721.41000000
1774227600000,26601.60000000,9747.98000000
1774231200000,13571.24000000,7254.57000000
1774234800000,12771.89000000,4034.47000000
1774238400000,13059.07000000,8464.95000000
1774242000000,13169.33000000,3774.81000000
1774245600000,22607.27000000,13322.88000000
1774249200000,23801.94000000,12626.10000000
1774252800000,23864.12000000,11640.50000000
1774256400000,15367.67000000,7770.05000000
1774260000000,16186.97000000,10425.99000000
1774263600000,161519.15000000,75920.94000000
1774267200000,53334.12000000,14938.69000000
1774270800000,23547.73000000,14723.45000000
1774274400000,18642.58000000,7914.40000000
1774278000000,28509.80000000,13443.02000000
1774281600000,27557.13000000,11539.88000000
1774285200000,9037.45000000,4945.70000000
1774288800000,25981.02000000,16375.22000000
1774292400000,5187.12000000,1641.23000000
1774296000000,3895.00000000,2807.54000000
1774299600000,13435.98000000,4172.66000000
1774303200000,28190.57000000,16278.63000000
1774306800000,82653.22000000,32407.58000000
1774310400000,42997.58000000,21648.19000000
1774314000000,28731.50000000,13787.24000000
1774317600000,30175.48000000,13458.47000000
1774321200000,18197.27000000,9461.03000000
1774324800000,12252.47000000,5684.49000000
1774328400000,12855.20000000,6373.80000000
1774332000000,63024.59000000,41988.07000000
1774335600000,20025.20000000,9070.61000000
1774339200000,31817.88000000,9381.79000000
1774342800000,21073.06000000,11154.38000000
1774346400000,13219.68000000,7611.21000000
1774350000000,56711.61000000,28236.02000000
1774353600000,52142.38000000,19140.91000000
1774357200000,38342.23000000,17203.91000000
1774360800000,44075.08000000,29701.35000000
1774364400000,47449.71000000,28573.94000000
1774368000000,29656.80000000,8130.22000000
1774371600000,20587.81000000,8412.22000000
1774375200000,9163.37000000,4556.68000000
1774378800000,8514.00000000,4364.74000000
1774382400000,11924.49000000,7087.56000000
1774386000000,10501.71000000,6695.63000000
1774389600000,4350.11000000,2695.05000000
1774393200000,10822.20000000,4665.95000000
1774396800000,25828.80000000,13056.38000000
1774400400000,11766.89000000,5612.63000000
1774404000000,7985.42000000,3394.42000000
1774407600000,3611.88000000,2110.76000000
1774411200000,19162.28000000,10154.15000000
1774414800000,19918.42000000,3076.22000000
1774418400000,4287.80000000,2867.87000000
1774422000000,9890.06000000,6379.23000000
1774425600000,9775.70000000,5213.13000000
1774429200000,8267.79000000,4809.82000000
1774432800000,2682.06000000,1700.09000000
1774436400000,19731.34000000,9423.96000000
1774440000000,10448.42000000,3462.01000000
1774443600000,7824.60000000,4398.67000000
1774447200000,9271.25000000,4877.43000000
1774450800000,28550.19000000,17122.85000000
1774454400000,11519.76000000,3357.79000000
1774458000000,22515.80000000,7586.04000000
1774461600000,10054.69000000,5030.07000000
1774465200000,6320.77000000,3483.19000000
1774468800000,2840.96000000,1659.87000000
1774472400000,2630.51000000,1666.80000000
1774476000000,5725.32000000,4221.75000000
1774479600000,4040.40000000,1767.45000000
1774483200000,9041.81000000,5977.36000000
1774486800000,2693.72000000,1671.05000000
1774490400000,10413.39000000,3065.24000000
1774494000000,22543.32000000,6300.57000000
1774497600000,3730.01000000,1918.81000000
1774501200000,12413.62000000,5400.37000000
1774504800000,25987.11000000,10517.18000000
1774508400000,12155.01000000,6947.84000000
1774512000000,16775.54000000,9481.98000000
1774515600000,40313.95000000,17738.42000000
1774519200000,17095.91000000,6079.07000000
1774522800000,17455.31000000,9147.78000000
1774526400000,26563.23000000,16538.61000000
1774530000000,20325.61000000,9451.76000000
1774533600000,19318.98000000,10136.09000000
1774537200000,18265.50000000,8489.21000000
1774540800000,30704.14000000,8380.73000000
1774544400000,16329.98000000,7465.24000000
1774548000000,30947.94000000,11942.71000000
1774551600000,13835.89000000,8030.30000000
1774555200000,27431.83000000,19625.70000000
1774558800000,10402.76000000,6573.14000000
1774562400000,7552.36000000,5158.72000000
1774566000000,10896.04000000,3931.29000000
1774569600000,4738.99000000,2568.99000000
1774573200000,6588.73000000,3682.14000000
1774576800000,5025.80000000,2259.29000000
1774580400000,13269.48000000,2092.44000000
1774584000000,9497.87000000,4529.08000000
1774587600000,37917.94000000,17525.13000000
1774591200000,38139.41000000,24706.97000000
1774594800000,39948.33000000,18033.68000000
1774598400000,33884.97000000,14549.83000000
1774602000000,17642.73000000,9303.79000000
1774605600000,71756.43000000,29123.92000000
1774609200000,54182.14000000,26362.75000000
1774612800000,10659.27000000,6864.95000000
1774616400000,41182.07000000,18375.25000000
1774620000000,63291.33000000,43104.93000000
1774623600000,66618.77000000,39642.72000000
1774627200000,13640.77000000,5069.52000000
1774630800000,23756.15000000,14619.61000000
1774634400000,25358.50000000,11308.98000000
1774638000000,10994.16000000,5583.21000000
1774641600000,21130.23000000,5753.12000000
1774645200000,51355.15000000,35887.52000000
1774648800000,6204.17000000,1997.56000000
1774652400000,14357.36000000,9857.38000000
1774656000000,24248.48000000,12115.72000000
1774659600000,17860.56000000,6985.19000000
1774663200000,26687.83000000,18748.20000000
1774666800000,7531.98000000,2638.71000000
1774670400000,31049.70000000,15920.92000000
1774674000000,4920.56000000,2919.09000000
1774677600000,46082.51000000,27927.44000000
1774681200000,7194.82000000,3678.40000000
1774684800000,5080.29000000,2311.82000000
1774688400000,22216.30000000,6998.73000000
1774692000000,20158.08000000,10234.09000000
1774695600000,16617.18000000,7077.64000000
1774699200000,12083.51000000,4964.84000000
1774702800000,43093.42000000,23485.04000000
1774706400000,17604.13000000,8470.47000000
1774710000000,26753.09000000,15765.06000000
1774713600000,17654.27000000,11299.05000000
1774717200000,10620.25000000,5237.52000000
1774720800000,42795.12000000,13023.18000000
1774724400000,14598.16000000,9336.91000000
1774728000000,10429.40000000,7243.19000000
1774731600000,11301.53000000,5541.45000000
1774735200000,12809.88000000,4452.25000000
1774738800000,16627.12000000,12838.97000000
1774742400000,20692.83000000,12431.42000000
1774746000000,27464.80000000,16738.30000000
1774749600000,13759.14000000,9199.08000000
1774753200000,19476.74000000,11841.79000000
1774756800000,24505.42000000,13881.49000000
1774760400000,15592.45000000,7793.79000000
1774764000000,20220.80000000,6675.56000000
1774767600000,18299.67000000,10266.07000000
1774771200000,12098.57000000,5156.34000000
1774774800000,15098.61000000,7010.93000000
1774778400000,6204.66000000,2732.74000000
1774782000000,10620.96000000,3117.18000000
1774785600000,27484.25000000,13376.20000000
1774789200000,21014.71000000,12625.65000000
1774792800000,42221.55000000,20369.43000000
1774796400000,19312.49000000,8511.12000000
1774800000000,13966.54000000,6086.89000000
1774803600000,26438.85000000,13119.33000000
1774807200000,30296.90000000,4534.53000000
1774810800000,33812.33000000,16426.71000000
1774814400000,13049.28000000,6810.87000000
1774818000000,10475.31000000,6919.07000000
1774821600000,72303.60000000,18263.96000000
1774825200000,42028.19000000,27098.47000000
1774828800000,23808.51000000,15956.81000000
1774832400000,11900.72000000,6088.64000000
1774836000000,25330.44000000,8691.58000000
1774839600000,17605.46000000,11555.40000000
1774843200000,10557.76000000,2317.30000000
1774846800000,11825.99000000,5798.29000000
1774850400000,19298.48000000,12991.56000000
1774854000000,3741.16000000,1096.21000000
1774857600000,4801.64000000,2256.09000000
1774861200000,10436.67000000,3878.43000000
1774864800000,18543.79000000,10392.06000000
1774868400000,10341.99000000,5077.50000000
1774872000000,6391.66000000,4539.84000000
1774875600000,67231.69000000,52340.67000000
1774879200000,40794.88000000,16379.92000000
1774882800000,28983.67000000,11834.98000000
1774886400000,24581.52000000,9973.91000000
1774890000000,7176.49000000,2975.29000000
1774893600000,5953.65000000,1761.00000000
1774897200000,87157.78000000,50259.50000000
1774900800000,18111.95000000,7863.92000000
1774904400000,194768.13000000,131108.20000000
1774908000000,107079.77000000,70269.11000000
1774911600000,68362.75000000,39091.96000000
1774915200000,184273.83000000,96246.82000000
1774918800000,71148.54000000,33881.45000000
1774922400000,106080.31000000,65508.16000000
1774926000000,151668.95000000,78831.26000000
1774929600000,120492.77000000,66616.42000000
1774933200000,79135.13000000,35839.76000000
1774936800000,108061.85000000,53633.25000000
1774940400000,85081.13000000,43399.93000000
1774944000000,90537.82000000,47387.54000000
1774947600000,218679.40000000,105461.42000000
1774951200000,81214.50000000,42914.28000000
1774954800000,93764.73000000,41864.22000000
1774958400000,75161.88000000,39718.60000000
1774962000000,60372.44000000,29828.17000000
1774965600000,171280.35000000,82974.96000000
1774969200000,101171.31000000,53276.27000000
1774972800000,87231.25000000,47190.80000000
1774976400000,81071.49000000,48996.83000000
1774980000000,307415.32000000,147669.40000000
1774983600000,186137.16000000,98148.94000000
1774987200000,103698.90000000,49378.41000000
1774990800000,121899.57000000,76303.43000000
1774994400000,128519.05000000,56099.84000000
1774998000000,74210.44000000,33472.95000000
1775001600000,59217.77000000,19995.09000000
1775005200000,36714.68000000,16716.03000000
1775008800000,30534.59000000,17454.94000000
1775012400000,128462.76000000,56040.32000000
1775016000000,202018.87000000,110444.51000000
1775019600000,80619.05000000,49240.55000000
1775023200000,68988.07000000,28944.78000000
1775026800000,77248.02000000,42067.20000000
1775030400000,261913.35000000,151747.96000000
1775034000000,305118.97000000,144495.72000000
1775037600000,135289.47000000,58307.89000000
1775041200000,146422.35000000,73962.33000000
1775044800000,139211.62000000,77606.32000000
1775048400000,130476.68000000,56346.55000000
1775052000000,110922.01000000,52524.89000000
1775055600000,47922.31000000,20874.90000000
1775059200000,68661.27000000,31872.77000000
1775062800000,122310.44000000,77114.24000000
1775066400000,70015.80000000,29833.41000000
1775070000000,54133.99000000,24890.57000000
1775073600000,65683.59000000,34121.41000000
1775077200000,58591.73000000,25004.84000000
1775080800000,113311.31000000,60191.82000000
1775084400000,55709.21000000,28358.67000000
1775088000000,100178.33000000,48785.57000000
1775091600000,62612.62000000,40386.24000000
1775095200000,58419.67000000,26317.46000000
1775098800000,50075.03000000,25926.24000000
1775102400000,80941.62000000,41495.22000000
1775106000000,49182.74000000,22746.63000000
1775109600000,72422.83000000,37962.14000000
1775113200000,130270.18000000,69892.32000000
1775116800000,250517.12000000,110368.18000000
1775120400000,266020.53000000,127764.35000000
1775124000000,120030.45000000,60534.36000000
1775127600000,150482.01000000,77757.48000000
1775131200000,147444.06000000,69813.46000000
1775134800000,157186.62000000,88554.17000000
1775138400000,102894.75000000,50719.89000000
1775142000000,109233.46000000,55287.91000000
1775145600000,93303.04000000,54682.26000000
1775149200000,65636.74000000,30025.74000000
1775152800000,65697.64000000,32558.97000000
1775156400000,40138.54000000,17079.78000000
1775160000000,130253.28000000,64489.97000000
1775163600000,43827.06000000,28029.07000000
1775167200000,64756.17000000,22189.47000000
1775170800000,97367.77000000,56851.78000000
1775174400000,65689.30000000,33712.65000000
1775178000000,64732.32000000,33847.07000000
1775181600000,32691.74000000,19634.58000000
1775185200000,110579.19000000,39396.65000000
1775188800000,196293.92000000,98969.82000000
1775192400000,42732.25000000,17385.50000000
1775196000000,107395.96000000,55897.24000000
1775199600000,88220.16000000,47627.28000000
1775203200000,56960.24000000,27532.81000000
1775206800000,125561.00000000,72096.55000000
1775210400000,101737.87000000,49026.53000000
1775214000000,47018.35000000,26853.76000000
1775217600000,60618.46000000,30157.89000000
1775221200000,16665.94000000,7578.61000000
1775224800000,75013.83000000,35271.29000000
1775228400000,77540.55000000,38020.34000000
1775232000000,40381.18000000,16623.31000000
1775235600000,23659.40000000,10394.05000000
1775239200000,31648.67000000,18329.91000000
1775242800000,19858.35000000,9300.17000000
1775246400000,12309.18000000,6619.46000000
1775250000000,19418.02000000,7504.71000000
1775253600000,22341.85000000,12377.97000000
1775257200000,27124.47000000,14240.98000000
1775260800000,47776.38000000,23251.23000000
1775264400000,29760.27000000,12738.07000000
1775268000000,130976.58000000,78044.23000000
1775271600000,233293.65000000,115708.51000000
1775275200000,93703.50000000,49558.36000000
1775278800000,260350.09000000,130805.40000000
1775282400000,94429.88000000,45170.84000000
1775286000000,259208.50000000,147364.99000000
1775289600000,96107.05000000,48830.69000000
1775293200000,65684.58000000,30100.79000000
1775296800000,27614.08000000,17230.72000000
1775300400000,40787.03000000,25503.11000000
1775304000000,44029.73000000,23384.85000000
1775307600000,178538.50000000,92224.81000000
1775311200000,87402.10000000,44603.00000000
1775314800000,97830.09000000,49700.29000000
1775318400000,28285.71000000,19166.22000000
1775322000000,36911.53000000,16984.56000000
1775325600000,37570.03000000,21165.42000000
1775329200000,103069.38000000,50623.16000000
1775332800000,36761.89000000,18613.64000000
1775336400000,24350.93000000,12308.15000000
1775340000000,26791.18000000,13626.67000000
1775343600000,24165.11000000,15976.12000000
1775347200000,17955.35000000,6677.34000000
1775350800000,44148.16000000,21789.43000000
1775354400000,19044.04000000,9158.32000000
1775358000000,15279.72000000,6723.03000000
1775361600000,53229.90000000,23137.03000000
1775365200000,12951.56000000,6749.44000000
1775368800000,35003.70000000,20972.28000000
1775372400000,38757.39000000,23442.46000000
1775376000000,94608.93000000,45088.57000000
1775379600000,78337.99000000,42977.47000000
1775383200000,114937.04000000,43936.36000000
1775386800000,38826.24000000,19532.31000000
1775390400000,59034.80000000,30816.01000000
1775394000000,35590.40000000,20084.61000000
1775397600000,20601.35000000,8039.09000000
1775401200000,62425.03000000,28314.96000000
1775404800000,29547.69000000,13734.05000000
1775408400000,34764.83000000,12995.46000000
1775412000000,36080.72000000,17213.74000000
1775415600000,45400.08000000,22079.00000000
1775419200000,15430.65000000,8145.60000000
1775422800000,16428.18000000,7767.40000000
1775426400000,18806.96000000,8660.97000000
1775430000000,22185.67000000,7658.95000000
1775433600000,23982.06000000,9195.16000000
1775437200000,10575.86000000,6705.31000000
1775440800000,30728.12000000,16347.08000000
1775444400000,20191.90000000,9635.98000000
1775448000000,33945.55000000,20997.17000000
1775451600000,58955.99000000,23834.29000000
1775455200000,64602.97000000,34930.97000000
1775458800000,87485.47000000,44766.60000000
1775462400000,118325.11000000,55684.91000000
1775466000000,35929.31000000,17697.60000000
1775469600000,46643.65000000,22758.43000000
1775473200000,80500.23000000,43893.19000000
1775476800000,38231.19000000,18816.68000000
1775480400000,38414.97000000,15604.19000000
1775484000000,67021.17000000,27983.93000000
1775487600000,59805.55000000,31699.07000000
1775491200000,21970.50000000,10477.06000000
1775494800000,76014.54000000,43960.90000000
1775498400000,50076.39000000,24823.49000000
1775502000000,15571.16000000,8111.82000000
1775505600000,134626.47000000,83210.16000000
1775509200000,15333.34000000,7244.31000000
1775512800000,10769.18000000,6550.26000000
1775516400000,43588.62000000,30944.46000000
1775520000000,48570.47000000,26604.32000000
1775523600000,44327.90000000,25622.68000000
1775527200000,71136.46000000,33348.40000000
1775530800000,21869.32000000,13902.56000000
1775534400000,48871.31000000,25061.20000000
1775538000000,15172.65000000,6986.83000000
1775541600000,15797.24000000,6515.36000000
1775545200000,15446.11000000,8003.47000000
1775548800000,22114.66000000,13732.23000000
1775552400000,27771.71000000,16270.43000000
1775556000000,87003.78000000,31607.61000000
1775559600000,20598.26000000,15506.30000000
1775563200000,25534.89000000,17713.30000000
1775566800000,36147.54000000,22338.49000000
1775570400000,15439.42000000,8246.64000000
1775574000000,15729.62000000,7735.07000000
1775577600000,22085.72000000,13151.61000000
1775581200000,13639.17000000,7865.23000000
1775584800000,11787.61000000,5850.94000000
1775588400000,19915.49000000,12098.78000000
1775592000000,41191.09000000,18901.93000000
1775595600000,34608.72000000,20247.85000000
1775599200000,81140.33000000,32501.62000000
1775602800000,58151.30000000,23901.81000000
1775606400000,42180.76000000,19054.46000000
1775610000000,13308.58000000,6443.71000000
1775613600000,19015.06000000,8042.03000000
1775617200000,13845.03000000,9188.13000000
1775620800000,10562.66000000,4066.16000000
1775624400000,10505.87000000,3798.11000000
1775628000000,21591.83000000,9017.93000000
1775631600000,24910.72000000,13839.34000000
1775635200000,28064.87000000,14646.98000000
1775638800000,30966.86000000,15527.15000000
1775642400000,17490.76000000,8467.25000000
1775646000000,14016.86000000,6966.28000000
1775649600000,8158.87000000,3154.48000000
1775653200000,20388.90000000,7928.07000000
1775656800000,41298.54000000,17759.68000000
1775660400000,319310.45000000,190857.53000000
1775664000000,924625.15000000,526575.05000000
1775667600000,505307.43000000,276038.44000000
1775671200000,204183.46000000,85512.10000000
1775674800000,245790.37000000,113537.00000000
1775678400000,253611.82000000,129849.84000000
1775682000000,165255.97000000,80199.38000000
1775685600000,90397.47000000,46877.36000000
1775689200000,123930.34000000,60920.41000000
1775692800000,145309.98000000,65553.64000000
1775696400000,140088.29000000,53196.95000000
1775700000000,129649.68000000,45745.60000000
1775703600000,76359.53000000,40332.65000000
1775707200000,68025.09000000,26294.06000000
1775710800000,46605.92000000,20638.19000000
1775714400000,45858.08000000,25292.99000000
1775718000000,96224.71000000,30878.56000000
1775721600000,126268.06000000,65542.35000000
1775725200000,50035.42000000,28827.01000000
1775728800000,29775.69000000,10046.37000000
1775732400000,51555.49000000,24223.09000000
1775736000000,135644.85000000,73966.37000000
1775739600000,79338.74000000,40867.86000000
1775743200000,93807.71000000,47677.46000000
1775746800000,71445.62000000,25783.99000000
1775750400000,32063.10000000,11885.12000000
1775754000000,22726.50000000,10366.36000000
1775757600000,43920.74000000,19501.04000000
1775761200000,21737.65000000,8731.56000000
1775764800000,33417.89000000,15789.79000000
1775768400000,29245.50000000,11835.10000000
1775772000000,29324.48000000,14366.12000000
1775775600000,19100.80000000,8951.72000000
1775779200000,29849.59000000,15481.69000000
1775782800000,10255.80000000,3928.54000000
1775786400000,59278.52000000,32041.99000000
1775790000000,42412.58000000,18390.20000000
1775793600000,35234.17000000,12816.07000000
1775797200000,25981.88000000,13351.24000000
1775800800000,43161.26000000,22382.97000000
1775804400000,25314.62000000,18484.41000000
1775808000000,31540.04000000,14842.89000000
1775811600000,72836.85000000,43368.57000000
1775815200000,239560.15000000,122730.45000000
1775818800000,275540.83000000,164594.00000000
1775822400000,253514.61000000,120610.83000000
1775826000000,137967.35000000,68112.65000000
1775829600000,162808.88000000,84345.39000000
1775833200000,407583.82000000,205259.46000000
1775836800000,566084.17000000,270442.12000000
1775840400000,229524.40000000,109097.69000000
1775844000000,288348.31000000,129572.11000000
1775847600000,157296.13000000,65644.28000000
1775851200000,123769.57000000,63123.66000000
1775854800000,88275.50000000,39891.92000000
1775858400000,119083.26000000,52032.95000000
1775862000000,75252.93000000,35568.02000000
1775865600000,48250.87000000,23236.80000000
1775869200000,58598.73000000,25809.15000000
1775872800000,31464.65000000,17988.19000000
1775876400000,51785.09000000,22859.75000000
1775880000000,251355.20000000,118805.79000000
1775883600000,54127.08000000,35394.52000000
1775887200000,47717.66000000,21719.20000000
1775890800000,57155.56000000,31388.84000000
1775894400000,70027.56000000,35409.86000000
1775898000000,52213.18000000,24731.25000000
1775901600000,44218.97000000,18826.36000000
1775905200000,25071.55000000,12056.95000000
1775908800000,48225.43000000,27502.68000000
1775912400000,33464.21000000,11459.53000000
1775916000000,39300.49000000,13814.66000000
1775919600000,54463.58000000,19752.11000000
1775923200000,25645.18000000,9522.16000000
1775926800000,24033.53000000,12384.72000000
1775930400000,29336.57000000,13902.73000000
1775934000000,29888.48000000,12193.78000000
1775937600000,15298.50000000,8672.54000000
1775941200000,28633.03000000,17577.93000000
1775944800000,27944.98000000,12586.55000000
1775948400000,26278.91000000,12602.40000000
1775952000000,54872.56000000,23729.89000000
1775955600000,85403.03000000,47277.80000000
1775959200000,64729.23000000,25740.57000000
1775962800000,31612.76000000,18005.98000000
1775966400000,33684.55000000,20872.01000000
1775970000000,15316.94000000,7579.23000000
1775973600000,29262.69000000,10683.63000000
1775977200000,43541.81000000,18934.34000000
1775980800000,51602.15000000,31264.23000000
1775984400000,33615.19000000,20369.42000000
1775988000000,21735.74000000,8492.53000000
1775991600000,28767.71000000,17495.58000000
1775995200000,50968.63000000,28980.41000000
1775998800000,35896.53000000,18419.20000000
1776002400000,34716.25000000,18122.48000000
1776006000000,40636.47000000,17588.36000000
1776009600000,42808.98000000,16775.50000000
1776013200000,48718.24000000,27827.35000000
1776016800000,25837.50000000,10452.07000000
1776020400000,20737.99000000,12601.91000000
1776024000000,14676.47000000,9079.53000000
1776027600000,16747.49000000,7772.03000000
1776031200000,46517.05000000,26055.17000000
1776034800000,26770.49000000,13500.52000000
1776038400000,58850.20000000,31246.94000000
1776042000000,20334.61000000,10704.22000000
1776045600000,38518.90000000,21287.35000000
1776049200000,11160.96000000,5896.78000000
1776052800000,49076.99000000,20127.24000000
1776056400000,46271.46000000,20488.44000000
1776060000000,62436.22000000,31019.51000000
1776063600000,91656.36000000,48291.16000000
1776067200000,53293.30000000,27501.53000000
1776070800000,149462.51000000,61598.86000000
1776074400000,94264.42000000,48340.45000000
1776078000000,71251.62000000,38977.00000000
1776081600000,60459.05000000,27891.68000000
1776085200000,49649.70000000,29053.07000000
1776088800000,86570.50000000,49237.59000000
1776092400000,66231.46000000,33898.83000000
1776096000000,102244.34000000,51683.97000000
1776099600000,28277.19000000,14458.75000000
1776103200000,33644.12000000,16872.66000000
1776106800000,43934.21000000,15618.16000000
1776110400000,33161.27000000,18454.42000000
1776114000000,47463.01000000,16579.53000000
1776117600000,85795.74000000,44188.42000000
1776121200000,137890.16000000,56839.20000000
1776124800000,146744.13000000,51621.60000000
1776128400000,42818.09000000,20896.15000000
1776132000000,18685.29000000,10437.65000000
1776135600000,31402.80000000,14301.26000000
1776139200000,37256.49000000,19883.75000000
1776142800000,31456.34000000,12879.53000000
1776146400000,28028.89000000,16818.39000000
1776150000000,35787.85000000,19500.03000000
1776153600000,83752.79000000,53998.32000000
1776157200000,87412.23000000,43600.00000000
1776160800000,112629.57000000,55392.21000000
1776164400000,213383.51000000,116519.45000000
1776168000000,64965.26000000,32762.69000000
1776171600000,191973.18000000,92814.87000000
1776175200000,130105.73000000,61206.10000000
1776178800000,101600.89000000,51239.15000000
1776182400000,139692.69000000,74836.25000000
1776186000000,65623.33000000,38132.97000000
1776189600000,37042.80000000,13889.99000000
1776193200000,23082.15000000,8838.67000000
1776196800000,20295.15000000,7430.94000000
1776200400000,25875.92000000,17276.49000000
1776204000000,12689.37000000,6434.19000000
1776207600000,6002.88000000,3125.44000000
1776211200000,9532.60000000,5820.14000000
1776214800000,35261.97000000,18044.51000000
1776218400000,59635.52000000,28215.56000000
1776222000000,40527.95000000,20424.09000000
1776225600000,29850.07000000,14197.66000000
1776229200000,25517.38000000,13298.98000000
1776232800000,30934.14000000,15686.17000000
1776236400000,26369.87000000,12982.46000000
1776240000000,48352.47000000,25712.24000000
1776243600000,27605.85000000,17720.70000000
1776247200000,47027.98000000,28257.02000000
1776250800000,20604.80000000,12179.10000000
1776254400000,125019.04000000,67590.27000000
1776258000000,181667.40000000,88300.64000000
1776261600000,197906.17000000,115329.18000000
1776265200000,75925.44000000,39467.39000000
1776268800000,46538.57000000,20030.09000000
1776272400000,40191.36000000,23233.80000000
1776276000000,108047.36000000,53723.44000000
1776279600000,42937.36000000,17144.39000000
1776283200000,53583.31000000,22849.66000000
1776286800000,33505.30000000,17639.28000000
1776290400000,85872.02000000,43267.88000000
1776294000000,77092.35000000,38801.67000000
1776297600000,117412.02000000,47404.70000000
1776301200000,92046.53000000,31283.33000000
1776304800000,52473.58000000,29160.32000000
1776308400000,206654.35000000,108084.11000000
1776312000000,189955.30000000,83364.25000000
1776315600000,55116.51000000,26790.31000000
1776319200000,213200.45000000,105947.03000000
1776322800000,78941.85000000,46257.04000000
1776326400000,64990.18000000,32873.91000000
1776330000000,147447.45000000,68852.01000000
1776333600000,103059.70000000,44595.34000000
1776337200000,64535.96000000,37283.33000000
1776340800000,65485.77000000,28519.88000000
1776344400000,70765.55000000,29766.81000000
1776348000000,61022.65000000,30190.31000000
1776351600000,65120.54000000,36642.83000000
1776355200000,46280.51000000,14745.82000000
1776358800000,202183.34000000,89974.07000000
1776362400000,75360.83000000,32260.40000000
1776366000000,87883.12000000,38630.00000000
1776369600000,422717.14000000,230893.54000000
1776373200000,151208.91000000,69378.11000000
1776376800000,36758.80000000,20486.44000000
1776380400000,20935.09000000,11785.98000000
1776384000000,21306.34000000,8684.43000000
1776387600000,76690.86000000,38233.81000000
1776391200000,55717.68000000,27955.74000000
1776394800000,38341.60000000,18795.33000000
1776398400000,42130.44000000,24454.63000000
1776402000000,246770.94000000,133165.61000000
1776405600000,2030622.78000000,1087989.95000000
1776409200000,834819.37000000,405859.33000000
1776412800000,466466.90000000,217346.72000000
1776416400000,132892.80000000,59422.53000000
1776420000000,192904.61000000,75989.71000000
1776423600000,168261.85000000,87229.20000000
1776427200000,74048.83000000,45090.91000000
1776430800000,134594.61000000,70735.61000000
1776434400000,121152.05000000,53654.43000000
1776438000000,147833.35000000,68075.80000000
1776441600000,98524.67000000,46589.14000000
1776445200000,114751.92000000,56143.25000000
1776448800000,74492.59000000,37498.40000000
1776452400000,66018.12000000,30499.70000000
1776456000000,78813.96000000,37248.34000000
1776459600000,120918.72000000,68622.77000000
1776463200000,247228.30000000,141538.78000000
1776466800000,233316.62000000,110987.30000000
1776470400000,201212.04000000,91800.79000000
1776474000000,94897.77000000,42336.64000000
1776477600000,82175.69000000,38259.27000000
1776481200000,50238.37000000,22796.80000000
1776484800000,182141.11000000,89671.67000000
1776488400000,149901.59000000,50668.55000000
1776492000000,108708.60000000,37412.62000000
1776495600000,130690.81000000,50452.22000000
1776499200000,115009.34000000,60629.94000000
1776502800000,69775.70000000,34433.43000000
1776506400000,101712.64000000,45316.97000000
1776510000000,123919.63000000,58780.54000000
1776513600000,294684.07000000,164684.59000000
1776517200000,85508.04000000,41429.39000000
1776520800000,128280.38000000,65894.60000000
1776524400000,95709.87000000,47092.31000000
1776528000000,63055.10000000,31936.11000000
1776531600000,40568.41000000,18956.77000000
1776535200000,148428.08000000,72410.55000000
1776538800000,81334.50000000,41484.93000000
1776542400000,57222.57000000,24185.00000000
1776546000000,38213.23000000,19236.81000000
1776549600000,83806.59000000,39266.21000000
1776553200000,30962.46000000,14699.54000000
1776556800000,124348.32000000,70391.26000000
1776560400000,93250.27000000,44248.62000000
1776564000000,29114.31000000,16641.62000000
1776567600000,38061.51000000,20609.23000000
1776571200000,130621.21000000,59442.45000000
1776574800000,56479.12000000,26225.50000000
1776578400000,38549.92000000,21998.82000000
1776582000000,44931.89000000,21599.01000000
1776585600000,34749.60000000,21449.43000000
1776589200000,56134.43000000,27564.53000000
1776592800000,36947.43000000,12228.93000000
1776596400000,65578.50000000,30978.06000000
1776600000000,90987.29000000,46453.25000000
1776603600000,53991.99000000,26152.41000000
1776607200000,64837.45000000,33311.10000000
1776610800000,42343.81000000,19895.56000000
1776614400000,43175.91000000,17514.21000000
1776618000000,33965.77000000,14739.30000000
1776621600000,20929.70000000,13222.45000000
1776625200000,27956.99000000,13839.39000000
1776628800000,13538.03000000,5802.97000000
1776632400000,40342.09000000,17672.04000000
1776636000000,71193.74000000,38694.16000000
1776639600000,39090.06000000,16858.63000000
1776643200000,48748.86000000,27324.33000000
1776646800000,25750.04000000,14499.85000000
1776650400000,57222.44000000,32526.97000000
1776654000000,44753.87000000,21040.02000000
1776657600000,16372.65000000,7291.90000000
1776661200000,47343.37000000,25007.63000000
1776664800000,38640.82000000,18561.38000000
1776668400000,32378.94000000,18362.11000000
1776672000000,19072.66000000,9039.19000000
1776675600000,38241.51000000,14786.30000000
1776679200000,41021.45000000,23607.23000000
1776682800000,13899.40000000,5924.90000000
1776686400000,38050.64000000,19236.28000000
1776690000000,15027.24000000,6267.03000000
1776693600000,35944.46000000,19326.18000000
1776697200000,23689.92000000,9122.27000000
1776700800000,44022.13000000,18139.53000000
1776704400000,12400.39000000,3917.75000000
1776708000000,89893.34000000,35678.24000000
1776711600000,37801.27000000,20506.90000000
1776715200000,15793.11000000,6933.68000000
1776718800000,97102.44000000,52035.06000000
1776722400000,110960.44000000,66898.39000000
1776726000000,84262.33000000,46419.69000000
1776729600000,49535.44000000,21317.79000000
1776733200000,29889.35000000,12753.26000000
1776736800000,84657.70000000,48454.73000000
1776740400000,179177.65000000,87990.41000000
1776744000000,82222.52000000,42145.54000000
1776747600000,131333.45000000,71893.38000000
1776751200000,533944.24000000,280298.79000000
1776754800000,259630.30000000,139207.72000000
1776758400000,128297.82000000,69860.48000000
1776762000000,370801.09000000,221233.57000000
1776765600000,194835.74000000,97793.71000000
1776769200000,155119.30000000,73487.30000000
1776772800000,192630.53000000,94778.28000000
1776776400000,179487.71000000,82898.72000000
1776780000000,135002.61000000,62951.00000000
1776783600000,147339.89000000,79651.31000000
1776787200000,407697.75000000,228880.24000000
1776790800000,384881.02000000,195791.24000000
1776794400000,93469.73000000,47908.61000000
1776798000000,123711.58000000,56911.65000000
1776801600000,71610.56000000,30298.10000000
1776805200000,79849.57000000,38687.56000000
1776808800000,86409.42000000,38389.97000000
1776812400000,40181.50000000,17549.30000000
1776816000000,128847.45000000,60156.61000000
1776819600000,142253.65000000,75675.92000000
1776823200000,97532.30000000,49612.29000000
1776826800000,147531.78000000,68819.40000000
1776830400000,150103.74000000,80610.69000000
1776834000000,212946.03000000,104368.05000000
1776837600000,97842.34000000,45050.31000000
1776841200000,95410.43000000,45980.87000000
1776844800000,185054.61000000,81648.34000000
1776848400000,125186.28000000,47195.61000000
1776852000000,110004.06000000,55945.73000000
1776855600000,72516.16000000,37849.80000000
1776859200000,72409.16000000,25843.83000000
1776862800000,39596.04000000,22485.12000000
1776866400000,77992.05000000,41402.85000000
1776870000000,58867.89000000,26804.79000000
1776873600000,68848.11000000,35219.18000000
1776877200000,24250.08000000,12409.62000000
1776880800000,42860.45000000,23584.75000000
1776884400000,17055.22000000,8018.83000000
1776888000000,28355.71000000,14306.09000000
1776891600000,13872.97000000,3589.45000000
1776895200000,19198.85000000,7927.11000000
1776898800000,18354.72000000,9735.57000000
1776902400000,35065.89000000,18854.09000000
1776906000000,38263.12000000,14954.12000000
1776909600000,66303.47000000,27945.04000000
1776913200000,77160.13000000,43362.85000000
1776916800000,78858.83000000,44197.49000000
1776920400000,104502.98000000,68658.70000000
1776924000000,69415.00000000,48553.68000000
1776927600000,100940.81000000,62014.18000000
1776931200000,85190.35000000,51977.78000000
1776934800000,245129.32000000,127184.34000000
1776938400000,354802.67000000,181315.78000000
1776942000000,148737.37000000,73290.55000000
1776945600000,89293.75000000,50876.66000000
1776949200000,95376.46000000,46878.20000000
1776952800000,73620.58000000,34889.72000000
1776956400000,65981.16000000,34719.22000000
1776960000000,111159.33000000,57908.07000000
1776963600000,48811.46000000,29060.92000000
1776967200000,41352.85000000,24121.13000000
1776970800000,446684.92000000,233896.27000000
1776974400000,342909.66000000,185025.37000000
1776978000000,77939.58000000,41576.72000000
1776981600000,168891.65000000,106544.29000000
1776985200000,119509.34000000,51833.48000000
1776988800000,184789.93000000,90404.13000000
1776992400000,84936.03000000,30608.70000000
1776996000000,100293.95000000,49924.52000000
1776999600000,41060.44000000,19149.98000000
1777003200000,117532.96000000,66116.26000000
1777006800000,112030.66000000,56487.24000000
1777010400000,136248.45000000,66527.12000000
1777014000000,85350.87000000,33650.07000000
1777017600000,137179.72000000,59663.38000000
1777021200000,45403.88000000,19617.70000000
1777024800000,44468.26000000,22602.56000000
1777028400000,68386.17000000,24611.05000000
1777032000000,167618.19000000,91398.10000000
1777035600000,87122.58000000,35806.37000000
1777039200000,32991.52000000,13673.68000000
1777042800000,31815.07000000,13418.43000000
1777046400000,47549.18000000,21936.40000000
1777050000000,54474.45000000,30749.88000000
1777053600000,46129.14000000,15544.53000000
1777057200000,14066.29000000,5204.14000000
1777060800000,18518.47000000,8294.47000000
1777064400000,52415.68000000,34131.89000000
1777068000000,18101.89000000,9892.14000000
1777071600000,68117.46000000,21946.01000000
1777075200000,29447.00000000,13620.46000000
1777078800000,36473.70000000,16830.70000000
1777082400000,23355.79000000,8629.71000000
1777086000000,213036.33000000,89769.85000000
1777089600000,39612.92000000,24018.91000000
1777093200000,23244.74000000,11800.71000000
1777096800000,19329.03000000,9932.31000000
1777100400000,25697.10000000,9401.61000000
1777104000000,7742.26000000,2719.25000000
1777107600000,7899.30000000,3460.15000000
1777111200000,25064.40000000,15334.55000000
1777114800000,11654.88000000,5533.15000000
1777118400000,43416.72000000,25724.81000000
1777122000000,17652.09000000,8303.52000000
1777125600000,39430.59000000,21499.49000000
1777129200000,35544.74000000,15050.73000000
1777132800000,23062.03000000,10586.00000000
1777136400000,20620.15000000,8967.48000000
1777140000000,16509.86000000,5267.89000000
1777143600000,21828.12000000,7933.03000000
1777147200000,92393.94000000,53945.41000000
1777150800000,26290.86000000,14062.30000000
1777154400000,25258.39000000,13672.12000000
1777158000000,18243.29000000,7718.26000000
1777161600000,47493.01000000,18994.27000000
1777165200000,36565.19000000,15525.99000000
1777168800000,35809.87000000,15535.62000000
1777172400000,63474.01000000,29529.23000000
1777176000000,25018.35000000,13254.81000000
1777179600000,34147.87000000,15174.49000000
1777183200000,16953.31000000,8836.19000000
1777186800000,16960.83000000,9303.69000000
1777190400000,59652.58000000,30095.77000000
1777194000000,12693.09000000,5545.24000000
1777197600000,14484.91000000,5730.15000000
1777201200000,8707.98000000,4784.85000000
1777204800000,9622.05000000,3539.89000000
1777208400000,15233.02000000,9243.57000000
1777212000000,18853.40000000,5283.04000000
1777215600000,5581.00000000,3749.04000000
1777219200000,15255.67000000,7166.83000000
1777222800000,16956.33000000,8897.68000000
1777226400000,13572.40000000,8541.72000000
1777230000000,24849.54000000,10941.19000000
1777233600000,20176.17000000,9472.63000000
1777237200000,9386.65000000,5492.50000000
1777240800000,8629.67000000,4256.28000000
1777244400000,29003.65000000,14942.20000000
1777248000000,25881.26000000,13286.83000000
1777251600000,55294.30000000,29238.78000000
1777255200000,48064.30000000,19864.97000000
1777258800000,19675.47000000,10114.46000000
1777262400000,9164.19000000,4839.64000000
1777266000000,34684.73000000,16332.96000000
1777269600000,30032.32000000,12239.12000000
1777273200000,18840.92000000,6455.08000000
1777276800000,26728.37000000,10651.47000000
1777280400000,41166.77000000,16789.42000000
1777284000000,11575.50000000,6570.93000000
1777287600000,6352.22000000,4435.51000000
1777291200000,9649.36000000,4186.70000000
1777294800000,10751.41000000,4755.81000000
1777298400000,26819.09000000,11571.04000000
1777302000000,43186.17000000,21039.44000000
1777305600000,12858.72000000,6695.95000000
1777309200000,4367.50000000,1691.52000000
1777312800000,3508.01000000,1409.82000000
1777316400000,8548.50000000,4974.43000000
1777320000000,17610.19000000,6725.10000000
1777323600000,15478.41000000,6073.41000000
1777327200000,11145.08000000,6266.33000000
1777330800000,8961.79000000,5819.47000000
1777334400000,37445.12000000,15397.35000000
1777338000000,33965.73000000,15377.79000000
1777341600000,17612.23000000,10124.49000000
1777345200000,9488.83000000,4611.84000000
1777348800000,13658.93000000,5826.91000000
1777352400000,12322.20000000,7571.50000000
1777356000000,18584.29000000,9265.70000000
1777359600000,34108.61000000,13058.50000000
1777363200000,12770.76000000,7957.34000000
1777366800000,3129.45000000,1278.23000000
1777370400000,18588.01000000,7683.88000000
1777374000000,22719.01000000,14232.02000000
1777377600000,13566.97000000,6612.68000000
1777381200000,15525.74000000,6332.40000000
1777384800000,11661.48000000,5289.99000000
1777388400000,40329.82000000,16904.99000000
1777392000000,5631.07000000,4215.03000000
1777395600000,9781.42000000,5211.42000000
1777399200000,8239.06000000,2471.86000000
1777402800000,14446.14000000,9722.34000000
1777406400000,8604.13000000,3656.42000000
1777410000000,8637.74000000,4367.26000000
1777413600000,2865.51000000,603.05000000
1777417200000,774.37000000,464.55000000
1777420800000,28987.19000000,12932.76000000
1777424400000,10534.13000000,5865.88000000
1777428000000,33926.78000000,16564.97000000
1777431600000,20724.70000000,10858.33000000
1777435200000,11087.16000000,6803.08000000
1777438800000,7217.89000000,3092.16000000
1777442400000,13703.79000000,6065.78000000
1777446000000,8653.39000000,5290.67000000
1777449600000,25140.77000000,9783.43000000
1777453200000,43616.09000000,15861.88000000
1777456800000,15276.13000000,6022.18000000
1777460400000,10254.31000000,6114.13000000
1777464000000,38503.88000000,15339.75000000
1777467600000,10262.61000000,3519.43000000
1777471200000,11360.99000000,7261.54000000
1777474800000,40620.95000000,21897.64000000
1777478400000,15970.33000000,6503.04000000
1777482000000,13552.45000000,8446.03000000
1777485600000,26801.55000000,11206.18000000
1777489200000,22497.23000000,10929.36000000
1777492800000,16518.38000000,5818.45000000
1777496400000,16360.96000000,6082.98000000
1777500000000,9435.66000000,4154.61000000
1777503600000,9210.20000000,4786.83000000
1777507200000,25575.03000000,12354.60000000
1777510800000,26749.28000000,14623.52000000
1777514400000,47958.18000000,26147.66000000
1777518000000,17135.68000000,9791.51000000
1777521600000,6930.21000000,4104.95000000
1777525200000,9881.47000000,4899.39000000
1777528800000,19787.78000000,10668.98000000
1777532400000,8591.84000000,5106.39000000
1777536000000,6354.77000000,2976.36000000
1777539600000,12089.86000000,5890.81000000
1777543200000,20819.34000000,11076.68000000
1777546800000,30866.13000000,14245.19000000
1777550400000,25765.91000000,12095.21000000
1777554000000,11368.57000000,5687.01000000
1777557600000,20232.37000000,6345.01000000
1777561200000,18711.50000000,7862.38000000
1777564800000,14906.45000000,9702.89000000
1777568400000,8942.09000000,5694.24000000
1777572000000,38919.72000000,22808.10000000
1777575600000,15069.00000000,4600.31000000
1777579200000,8830.21000000,4583.90000000
1777582800000,8304.57000000,5828.69000000
1777586400000,3658.76000000,2216.61000000
1777590000000,8095.51000000,3831.18000000
1777593600000,19720.52000000,10194.10000000
1777597200000,16616.06000000,8835.88000000
1777600800000,30998.76000000,15393.98000000
1777604400000,35019.86000000,18464.61000000
1777608000000,21772.66000000,12720.02000000
1777611600000,32275.67000000,17050.93000000
1777615200000,26210.09000000,13032.17000000
1777618800000,15245.23000000,5277.42000000
1777622400000,11719.53000000,5873.32000000
1777626000000,14050.44000000,5274.66000000
1777629600000,11407.31000000,6513.82000000
1777633200000,27842.03000000,14086.02000000
1777636800000,21281.61000000,10427.39000000
1777640400000,12552.57000000,6532.11000000
1777644000000,12516.10000000,6108.74000000
1777647600000,35106.75000000,16488.75000000
1777651200000,7551.89000000,2944.40000000
1777654800000,16888.19000000,6663.45000000
1777658400000,3938.82000000,2444.38000000
1777662000000,1742.30000000,1153.75000000
1777665600000,15289.12000000,8892.41000000
1777669200000,2603.02000000,851.55000000
1777672800000,5106.37000000,3125.99000000
1777676400000,4716.54000000,1130.02000000
1777680000000,6232.57000000,3269.97000000
1777683600000,14340.20000000,6117.08000000
1777687200000,21820.33000000,12035.48000000
1777690800000,11195.08000000,6165.94000000
1777694400000,25537.12000000,14480.84000000
1777698000000,11101.87000000,5655.25000000
1777701600000,2276.05000000,589.43000000
1777705200000,27109.33000000,10513.33000000
1777708800000,12534.53000000,3011.45000000
1777712400000,2354.55000000,853.00000000
1777716000000,22382.30000000,9208.35000000
1777719600000,8619.93000000,3459.12000000
1777723200000,18589.93000000,11764.49000000
1777726800000,63146.86000000,31841.06000000
1777730400000,43307.74000000,20699.69000000
1777734000000,50980.92000000,25039.01000000
1777737600000,25290.50000000,12096.19000000
1777741200000,26762.05000000,10126.69000000
1777744800000,29052.91000000,14164.65000000
1777748400000,27816.93000000,14220.04000000
1777752000000,11625.22000000,5618.90000000
1777755600000,21817.22000000,10356.14000000
1777759200000,15583.91000000,8375.40000000
1777762800000,10844.65000000,6764.25000000
1777766400000,31183.78000000,16804.68000000
1777770000000,19167.04000000,11686.63000000
1777773600000,15151.07000000,7372.92000000
1777777200000,10448.35000000,5217.74000000
1777780800000,8626.29000000,2524.11000000
1777784400000,24074.51000000,11003.94000000
1777788000000,6300.40000000,4159.53000000
1777791600000,40852.31000000,19590.51000000
1777795200000,12832.55000000,4974.40000000
1777798800000,13413.63000000,8578.97000000
1777802400000,18303.06000000,11544.55000000
1777806000000,16167.06000000,6157.61000000
1777809600000,12644.47000000,6683.68000000
1777813200000,19730.79000000,7779.92000000
1777816800000,10969.82000000,6043.65000000
1777820400000,25890.30000000,8827.63000000
1777824000000,9947.36000000,6773.45000000
1777827600000,12881.08000000,4891.26000000
1777831200000,5722.20000000,3207.47000000
1777834800000,5441.15000000,3125.10000000
1777838400000,4463.72000000,1741.64000000
1777842000000,2870.08000000,991.44000000
1777845600000,1946.62000000,777.34000000
1777849200000,18398.21000000,8180.71000000
1777852800000,34988.01000000,12512.79000000
1777856400000,25493.65000000,13603.83000000
1777860000000,25772.20000000,15078.26000000
1777863600000,11449.29000000,5097.44000000
1777867200000,20815.93000000,16048.35000000
1777870800000,16361.41000000,10621.70000000
1777874400000,16116.84000000,7149.95000000
1777878000000,13555.09000000,6541.76000000
1777881600000,46322.96000000,14635.57000000
1777885200000,18027.88000000,7690.17000000
1777888800000,39108.29000000,19024.83000000
1777892400000,21057.04000000,7696.45000000
1777896000000,6720.66000000,4543.40000000
1777899600000,10275.75000000,5411.48000000
1777903200000,18959.70000000,7956.08000000
1777906800000,29054.21000000,12885.38000000
1777910400000,49878.47000000,24250.38000000
1777914000000,158033.04000000,78347.25000000
1777917600000,68730.46000000,30804.71000000
1777921200000,34760.06000000,16139.77000000
1777924800000,28056.03000000,15252.54000000
1777928400000,27011.07000000,13773.22000000
1777932000000,12725.54000000,8332.85000000
1777935600000,14896.22000000,9459.58000000
1777939200000,35747.59000000,19371.85000000
1777942800000,16196.53000000,7424.75000000
1777946400000,32301.27000000,17094.57000000
1777950000000,10990.93000000,2647.97000000
1777953600000,13357.95000000,4324.98000000
1777957200000,7381.00000000,3352.29000000
1777960800000,16439.25000000,4370.94000000
1777964400000,12671.50000000,4241.74000000
1777968000000,12866.76000000,9309.81000000
1777971600000,11124.72000000,7864.16000000
1777975200000,20471.45000000,13159.33000000
1777978800000,13157.78000000,4968.16000000
1777982400000,7101.06000000,3951.63000000
1777986000000,20441.24000000,10205.71000000
1777989600000,14299.56000000,6404.34000000
1777993200000,14121.42000000,8648.93000000
1777996800000,13372.75000000,5366.52000000
1778000400000,7669.85000000,2888.34000000
1778004000000,13293.28000000,7435.61000000
1778007600000,15134.90000000,5473.64000000
1778011200000,25053.57000000,10588.94000000
1778014800000,15123.74000000,6408.88000000
1778018400000,27105.25000000,11827.35000000
1778022000000,19679.71000000,5949.05000000
1778025600000,9989.00000000,4165.29000000
1778029200000,5479.58000000,2503.58000000
1778032800000,3358.96000000,993.34000000
1778036400000,17884.78000000,4861.15000000
1778040000000,39348.06000000,24247.71000000
1778043600000,30651.25000000,18484.33000000
1778047200000,25111.40000000,16117.78000000
1778050800000,9422.64000000,4386.27000000
1778054400000,8612.59000000,6051.75000000
1778058000000,15962.82000000,6636.62000000
1778061600000,29317.22000000,14230.82000000
1778065200000,72730.33000000,29562.34000000
1778068800000,27489.32000000,12819.28000000
1778072400000,27151.59000000,12949.39000000
1778076000000,18274.90000000,7424.93000000
1778079600000,27674.44000000,10554.09000000
1778083200000,40070.82000000,14383.63000000
1778086800000,7120.64000000,3745.90000000
1778090400000,10700.59000000,3270.36000000
1778094000000,12882.60000000,4962.25000000
1778097600000,30910.98000000,14947.41000000
1778101200000,5814.29000000,2222.38000000
1778104800000,7982.81000000,2718.32000000
1778108400000,20373.52000000,8953.80000000
1778112000000,12849.56000000,5947.16000000
1778115600000,13741.10000000,7688.98000000
1778119200000,30678.25000000,16713.28000000
1778122800000,13988.65000000,10170.29000000
1778126400000,8286.58000000,1718.30000000
1778130000000,7097.75000000,5150.56000000
1778133600000,51468.49000000,23595.81000000
1778137200000,72180.20000000,36275.58000000
1778140800000,30184.05000000,15855.39000000
1778144400000,19673.69000000,11536.43000000
1778148000000,19436.82000000,14157.91000000
1778151600000,14163.50000000,9597.12000000
1778155200000,21689.09000000,10381.50000000
1778158800000,57286.09000000,28593.79000000
1778162400000,20035.15000000,9994.81000000
1778166000000,46685.58000000,23499.96000000
1778169600000,18900.86000000,14031.87000000
1778173200000,18125.20000000,10041.16000000
1778176800000,5488.00000000,1909.64000000
1778180400000,10995.40000000,3163.05000000
1778184000000,9212.61000000,3032.37000000
1778187600000,2165.33000000,379.13000000
1778191200000,3438.50000000,705.70000000
1778194800000,386.22000000,311.28000000
1778198400000,3239.41000000,1654.13000000
1778202000000,14642.45000000,8096.65000000
1778205600000,30826.86000000,14437.87000000
1778209200000,13965.80000000,5635.58000000
1778212800000,17477.74000000,11908.78000000
1778216400000,20761.74000000,16721.71000000
1778220000000,16952.32000000,12669.10000000
1778223600000,32144.21000000,25306.23000000
1778227200000,70236.60000000,44249.84000000
1778230800000,37013.47000000,27391.12000000
1778234400000,23680.97000000,14947.88000000
1778238000000,35110.10000000,23187.58000000
1778241600000,56981.22000000,34140.79000000
1778245200000,37129.19000000,19874.25000000
1778248800000,35637.24000000,21612.20000000
1778252400000,33516.18000000,13300.31000000
1778256000000,30575.84000000,4746.13000000
1778259600000,35594.37000000,10108.67000000
1778263200000,46536.13000000,25206.43000000
1778266800000,23743.43000000,9869.60000000
1778270400000,14308.71000000,5849.95000000
1778274000000,5990.53000000,4705.02000000
1778277600000,20447.55000000,5532.50000000
1778281200000,34746.10000000,17700.90000000
1778284800000,14048.86000000,4325.01000000
1778288400000,38576.40000000,19733.94000000
1778292000000,21097.47000000,8367.71000000
1778295600000,35423.98000000,8038.45000000
1778299200000,10170.87000000,4089.56000000
1778302800000,5414.74000000,1356.33000000
1778306400000,12940.76000000,4992.90000000
1778310000000,12873.61000000,6386.25000000
1778313600000,17202.01000000,11042.03000000
1778317200000,27552.55000000,12483.41000000
1778320800000,16391.86000000,1935.93000000
1778324400000,4284.06000000,2714.08000000
1778328000000,13693.68000000,8676.57000000
1778331600000,6127.57000000,4100.58000000
1778335200000,10216.43000000,4075.67000000
1778338800000,11149.49000000,6068.10000000
1778342400000,91448.70000000,19134.12000000
1778346000000,14892.62000000,5110.18000000
1778349600000,4372.09000000,2885.61000000
1778353200000,6345.35000000,1020.53000000
1778356800000,7930.65000000,3182.31000000
1778360400000,8474.03000000,5300.10000000
1778364000000,4901.83000000,1923.52000000
1778367600000,33891.68000000,18291.23000000
1778371200000,8348.88000000,3680.67000000
1778374800000,2885.27000000,896.25000000
1778378400000,18327.34000000,9395.40000000
1778382000000,2321.03000000,1018.68000000
1778385600000,5239.35000000,2103.50000000
1778389200000,6969.52000000,1576.21000000
1778392800000,4475.34000000,2018.81000000
1778396400000,4343.89000000,2542.15000000
1778400000000,13835.55000000,8181.34000000
1778403600000,6860.02000000,4369.56000000
1778407200000,8580.03000000,2389.09000000
1778410800000,5893.15000000,2002.23000000
1778414400000,6459.80000000,995.85000000
1778418000000,15156.27000000,5465.82000000
1778421600000,6112.39000000,4269.22000000
1778425200000,6646.47000000,1542.17000000
1778428800000,10305.28000000,3070.78000000
1778432400000,39929.99000000,17834.66000000
1778436000000,17089.14000000,6471.67000000
1778439600000,10532.24000000,4334.67000000
1778443200000,44976.59000000,20191.38000000
1778446800000,13342.85000000,4989.62000000
1778450400000,19419.62000000,5497.72000000
1778454000000,12951.40000000,5633.88000000
1778457600000,30748.48000000,19228.72000000
1778461200000,62709.47000000,36748.29000000
1778464800000,60487.00000000,35125.99000000
1778468400000,67100.85000000,34414.74000000
1778472000000,28315.34000000,14506.23000000
1778475600000,41037.34000000,24224.53000000
1778479200000,34142.65000000,16431.70000000
1778482800000,99285.87000000,58451.05000000
1778486400000,119638.40000000,65388.36000000
1778490000000,275952.09000000,156503.70000000
1778493600000,82177.65000000,33220.43000000
1778497200000,95003.38000000,49767.68000000
1778500800000,68777.22000000,35737.45000000
1778504400000,40211.00000000,18322.04000000
1778508000000,45229.40000000,17612.93000000
1778511600000,44939.25000000,16474.48000000
1778515200000,22543.39000000,13327.75000000
1778518800000,54122.81000000,22768.06000000
1778522400000,14993.96000000,4959.33000000
1778526000000,116598.96000000,69914.31000000
1778529600000,21479.19000000,12623.63000000
1778533200000,23166.82000000,12749.40000000
1778536800000,22323.49000000,11959.50000000
1778540400000,17960.10000000,6766.30000000
1778544000000,46822.62000000,27957.29000000
1778547600000,113482.00000000,65809.22000000
1778551200000,101109.33000000,52926.05000000
1778554800000,72017.05000000,47499.02000000
1778558400000,129997.60000000,74646.64000000
1778562000000,72920.87000000,37945.15000000
1778565600000,24152.26000000,12054.06000000
1778569200000,37203.04000000,19776.91000000
1778572800000,59760.57000000,27425.28000000
1778576400000,23147.44000000,12623.57000000
1778580000000,36934.76000000,16516.08000000
1778583600000,22208.45000000,9641.48000000
1778587200000,16054.16000000,8174.08000000
1778590800000,35972.80000000,16590.61000000
1778594400000,68977.66000000,39139.44000000
1778598000000,54659.60000000,29606.89000000
1778601600000,45784.52000000,19169.52000000
1778605200000,32629.34000000,13717.21000000
1778608800000,21662.05000000,8539.18000000
1778612400000,8851.52000000,2642.31000000
1778616000000,5495.44000000,1927.87000000
1778619600000,8801.29000000,5565.40000000
1778623200000,14023.39000000,6375.15000000
1778626800000,12129.50000000,6735.19000000
1778630400000,31086.24000000,18234.60000000
1778634000000,22246.48000000,12098.26000000
1778637600000,46348.17000000,25520.04000000
1778641200000,37106.39000000,14548.07000000
1778644800000,23853.96000000,12017.20000000
1778648400000,34952.10000000,16226.35000000
1778652000000,26623.53000000,14079.26000000
1778655600000,18393.31000000,10315.43000000
1778659200000,14449.08000000,5829.71000000
1778662800000,23373.54000000,15268.01000000
1778666400000,22411.09000000,9262.11000000
1778670000000,30626.80000000,14814.87000000
1778673600000,109468.38000000,57699.85000000
1778677200000,89291.95000000,46168.72000000
1778680800000,74874.74000000,35105.97000000
1778684400000,97278.95000000,53455.22000000
1778688000000,81245.12000000,31967.37000000
1778691600000,97152.29000000,52894.26000000
1778695200000,36187.74000000,17790.06000000
1778698800000,44269.95000000,28648.84000000
1778702400000,61985.05000000,36834.70000000
1778706000000,62628.87000000,29117.38000000
1778709600000,32825.48000000,15432.90000000
1778713200000,56677.85000000,23918.35000000
1778716800000,41690.92000000,21170.46000000
1778720400000,27878.13000000,12215.18000000
1778724000000,86724.42000000,43101.88000000
1778727600000,83957.69000000,39481.41000000
1778731200000,24467.35000000,10086.14000000
1778734800000,22144.27000000,14652.57000000
1778738400000,11950.98000000,6326.84000000
1778742000000,18129.82000000,7153.69000000
1778745600000,27595.61000000,8340.25000000
1778749200000,18824.34000000,8053.02000000
1778752800000,30526.86000000,14411.47000000
1778756400000,18708.27000000,7926.45000000
1778760000000,24513.57000000,11993.94000000
1778763600000,11709.62000000,4630.03000000
1778767200000,21830.92000000,10543.75000000
1778770800000,31135.39000000,12865.03000000
1778774400000,37581.80000000,19467.54000000
1778778000000,37818.66000000,16800.32000000
1778781600000,23838.70000000,10825.22000000
1778785200000,40586.77000000,22335.61000000
1778788800000,26458.39000000,9304.48000000
1778792400000,6722.37000000,2958.11000000
1778796000000,3644.37000000,2129.01000000
1778799600000,10136.35000000,7054.10000000
1778803200000,18678.45000000,8360.79000000
1778806800000,19670.55000000,7715.20000000
1778810400000,25363.13000000,8866.94000000
1778814000000,21315.50000000,11047.24000000
1778817600000,8884.25000000,4139.37000000
1778821200000,24674.25000000,15805.64000000
1778824800000,29182.98000000,11333.15000000
1778828400000,21761.33000000,7262.58000000
1778832000000,16842.48000000,8157.41000000
1778835600000,6390.53000000,3971.54000000
1778839200000,19337.93000000,8783.90000000
1778842800000,7045.18000000,4270.59000000
1778846400000,6677.59000000,2621.07000000
1778850000000,53818.91000000,30488.68000000
1778853600000,21944.19000000,9859.31000000
1778857200000,15931.56000000,9084.72000000
1778860800000,16362.25000000,8368.51000000
1778864400000,8153.44000000,3431.30000000
1778868000000,6775.29000000,4590.34000000
1778871600000,5668.30000000,2993.88000000
1778875200000,21470.23000000,10309.44000000
1778878800000,4515.84000000,1469.14000000
1778882400000,21881.96000000,11687.48000000
1778886000000,1469.94000000,1143.46000000
1778889600000,10898.33000000,4510.48000000
1778893200000,2841.81000000,2168.24000000
1778896800000,8263.60000000,3972.40000000
1778900400000,5405.25000000,3065.33000000
1778904000000,7273.47000000,5093.12000000
1778907600000,5803.35000000,1335.92000000
1778911200000,18712.00000000,8308.68000000
1778914800000,37225.38000000,17257.46000000
1778918400000,36825.22000000,16173.17000000
1778922000000,28242.95000000,13565.39000000
1778925600000,40347.62000000,21008.34000000
1778929200000,7004.24000000,2509.05000000
1778932800000,10037.39000000,5727.36000000
1778936400000,10805.54000000,5792.49000000
1778940000000,22946.39000000,8332.29000000
1778943600000,15095.19000000,7817.40000000
1778947200000,13746.05000000,2387.04000000
1778950800000,5553.89000000,3091.09000000
1778954400000,14406.35000000,4002.43000000
1778958000000,16665.42000000,3261.21000000
1778961600000,5483.22000000,2045.98000000
1778965200000,3608.64000000,2183.66000000
1778968800000,8530.58000000,2842.86000000
1778972400000,2285.14000000,1411.51000000
1778976000000,7790.36000000,1923.12000000
1778979600000,25052.82000000,10611.42000000
1778983200000,28648.65000000,15081.49000000
1778986800000,17201.52000000,7442.15000000
1778990400000,34930.27000000,22269.75000000
1778994000000,95766.08000000,36151.16000000
1778997600000,53273.47000000,30931.03000000
1779001200000,27128.13000000,17711.10000000
1779004800000,13020.10000000,9120.98000000
1779008400000,4506.63000000,2643.18000000
1779012000000,17233.14000000,8838.10000000
1779015600000,6275.46000000,1195.46000000
1779019200000,8307.03000000,6624.08000000
1779022800000,7382.74000000,3708.27000000
1779026400000,6544.30000000,2152.10000000
1779030000000,2398.64000000,2011.19000000
1779033600000,4018.01000000,2601.81000000
1779037200000,2306.04000000,1829.08000000
1779040800000,1871.34000000,1266.41000000
1779044400000,6956.67000000,2082.27000000
1779048000000,2967.62000000,1825.31000000
1779051600000,1726.61000000,1570.22000000
1779055200000,5678.26000000,2950.77000000
1779058800000,86887.13000000,37185.76000000
1779062400000,35002.49000000,16668.26000000
1779066000000,38528.06000000,21571.04000000
1779069600000,18885.79000000,13632.51000000
1779073200000,31050.03000000,20098.86000000
1779076800000,20289.83000000,7762.11000000
1779080400000,17569.12000000,7419.20000000
1779084000000,13070.15000000,5742.16000000
1779087600000,14027.83000000,7243.99000000
1779091200000,3709.36000000,1011.62000000
1779094800000,50334.18000000,26056.78000000
1779098400000,7060.90000000,2828.96000000
1779102000000,25799.94000000,11258.51000000
1779105600000,5027.77000000,2444.86000000
1779109200000,4560.78000000,2726.19000000
1779112800000,7307.38000000,4796.52000000
1779116400000,4247.17000000,2321.72000000
1779120000000,2656.80000000,618.20000000
1779123600000,1308.33000000,501.47000000
1779127200000,4383.44000000,1345.96000000
1779130800000,9669.59000000,6315.80000000
1779134400000,2524.62000000,1858.95000000
1779138000000,2210.59000000,1185.04000000
1779141600000,7312.32000000,2423.36000000
1779145200000,3100.58000000,1584.82000000
1779148800000,7728.19000000,5193.73000000
1779152400000,6325.35000000,3374.10000000
1779156000000,9756.45000000,4908.22000000
1779159600000,18772.21000000,11312.92000000
1779163200000,8252.12000000,5673.77000000
1779166800000,3494.27000000,1567.60000000
1779170400000,15840.94000000,4735.97000000
1779174000000,3024.77000000,1222.16000000
1779177600000,4561.47000000,1813.85000000
1779181200000,6881.27000000,2685.62000000
1779184800000,6684.81000000,3048.30000000
1779188400000,8325.00000000,4053.96000000
1779192000000,2808.79000000,1096.14000000
1779195600000,6923.95000000,2475.42000000
1779199200000,8070.86000000,1568.93000000
1779202800000,6234.27000000,2962.55000000
1779206400000,4448.99000000,1935.11000000
1779210000000,7779.23000000,3497.23000000
1779213600000,34557.22000000,19792.51000000
1779217200000,36742.41000000,22970.04000000
1779220800000,8368.54000000,3468.94000000
1779224400000,6323.82000000,2854.85000000
1779228000000,2639.66000000,797.77000000
1779231600000,60885.11000000,21386.96000000
1779235200000,40922.84000000,18186.29000000
1779238800000,25132.90000000,12787.01000000
1779242400000,15435.14000000,10655.69000000
1779246000000,15829.07000000,7841.09000000
1779249600000,34419.16000000,21116.99000000
1779253200000,35275.42000000,8286.80000000
1779256800000,15379.17000000,5801.58000000
1779260400000,6907.47000000,2535.98000000
1779264000000,16802.11000000,11045.80000000
1779267600000,9332.78000000,4161.42000000
1779271200000,10946.92000000,6041.26000000
1779274800000,11745.22000000,4217.45000000
1779278400000,52660.89000000,14784.32000000
1779282000000,36059.42000000,25845.04000000
1779285600000,12269.88000000,7043.42000000
1779289200000,53559.18000000,29597.01000000
1779292800000,24546.15000000,11852.07000000
1779296400000,9581.22000000,2508.06000000
1779300000000,5383.43000000,2527.52000000
1779303600000,22765.34000000,11220.75000000
1779307200000,9335.42000000,3681.37000000
1779310800000,2896.56000000,840.49000000
1779314400000,6652.89000000,1281.37000000
1779318000000,6998.94000000,2353.04000000
1779321600000,6695.16000000,3523.99000000
1779325200000,5418.37000000,2444.62000000
1779328800000,13384.42000000,7688.08000000
1779332400000,12662.32000000,4922.18000000
1779336000000,13836.80000000,6328.78000000
1779339600000,2911.81000000,2130.31000000
1779343200000,15159.26000000,7466.26000000
1779346800000,15080.63000000,5981.97000000
1779350400000,10678.72000000,2871.43000000
1779354000000,7706.11000000,2624.66000000
1779357600000,14030.82000000,6452.84000000
1779361200000,8008.98000000,6485.83000000
1779364800000,10140.73000000,3322.39000000
1779368400000,12021.88000000,5852.70000000
1779372000000,15944.18000000,5826.53000000
1779375600000,23705.73000000,8742.12000000
1779379200000,28545.06000000,10650.55000000
1779382800000,16596.86000000,6636.94000000
1779386400000,19964.44000000,5840.13000000
1779390000000,19160.31000000,7531.77000000
1779393600000,11806.57000000,3214.19000000
1779397200000,10069.76000000,4881.99000000
1779400800000,15654.49000000,9728.17000000
1779404400000,42434.93000000,16996.94000000
1779408000000,7943.48000000,2606.88000000
1779411600000,2238.95000000,862.03000000
1779415200000,55223.52000000,22250.95000000
1779418800000,9733.65000000,2976.40000000
1779422400000,14013.62000000,5014.73000000
1779426000000,32236.72000000,10160.04000000
1779429600000,6544.73000000,2504.84000000
1779433200000,8995.74000000,4279.13000000
1779436800000,10124.47000000,5896.71000000
1779440400000,14046.81000000,6457.04000000
1779444000000,7660.55000000,3937.27000000
1779447600000,12002.71000000,6971.35000000
1779451200000,23302.74000000,13698.40000000
1779454800000,17997.65000000,6099.10000000
1779458400000,20432.97000000,7132.54000000
1779462000000,33846.76000000,4622.85000000
1779465600000,74166.76000000,21870.77000000
1779469200000,14985.34000000,8814.34000000
1779472800000,17297.55000000,10045.50000000
1779476400000,46473.19000000,19193.56000000
1779480000000,9932.28000000,4345.14000000
1779483600000,4855.58000000,1123.67000000
1779487200000,12447.16000000,5606.45000000
1779490800000,7183.62000000,1511.08000000
1779494400000,13062.30000000,4170.80000000
1779498000000,7313.36000000,3503.51000000
1779501600000,10286.07000000,3213.51000000
1779505200000,9988.84000000,4115.89000000
1779508800000,5031.34000000,2018.02000000
1779512400000,1446.38000000,918.75000000
1779516000000,10578.65000000,3609.93000000
1779519600000,68538.12000000,29549.28000000
1779523200000,20890.99000000,11174.44000000
1779526800000,16356.48000000,6230.08000000
1779530400000,10811.86000000,5549.39000000
1779534000000,9492.94000000,8034.07000000
1779537600000,16726.95000000,6201.27000000
1779541200000,24147.06000000,9517.38000000
1779544800000,16979.14000000,10481.38000000
1779548400000,9482.38000000,4518.57000000
1779552000000,17733.73000000,8797.73000000
1779555600000,20315.77000000,9271.94000000
1779559200000,22620.04000000,8658.83000000
1779562800000,5367.28000000,3053.75000000
1779566400000,12359.04000000,9396.01000000
1779570000000,19456.27000000,11352.88000000
1779573600000,76668.08000000,36838.97000000
1779577200000,19831.24000000,11823.97000000
1779580800000,19177.06000000,11542.08000000
1779584400000,10405.09000000,4727.24000000
1779588000000,4794.43000000,2510.32000000
1779591600000,6759.83000000,2106.50000000
1779595200000,27883.96000000,20524.12000000
1779598800000,11661.82000000,4619.41000000
1779602400000,10272.82000000,7344.59000000
1779606000000,12210.10000000,7022.76000000
1779609600000,14850.62000000,6697.22000000
1779613200000,7623.67000000,3495.54000000
1779616800000,11566.58000000,7936.31000000
1779620400000,2309.64000000,987.03000000
1779624000000,8570.67000000,2633.40000000
1779627600000,11180.41000000,5321.09000000
1779631200000,23948.58000000,11560.47000000
1779634800000,2175.63000000,602.77000000
1779638400000,8113.14000000,3841.14000000
1779642000000,844.48000000,114.34000000
1779645600000,1389.42000000,537.78000000
1779649200000,1296.55000000,19.54000000
1779652800000,876.90000000,192.52000000
1779656400000,5750.92000000,2084.05000000
1779660000000,4145.86000000,2641.90000000
1779663600000,2083.57000000,1093.59000000
1779667200000,6825.67000000,4916.10000000
1779670800000,5028.10000000,2823.77000000
1779674400000,6863.34000000,2220.27000000
1779678000000,3909.03000000,1208.44000000
1779681600000,2262.41000000,1344.97000000
1779685200000,3975.12000000,2127.38000000
1779688800000,23541.84000000,7905.66000000
1779692400000,6587.75000000,3448.72000000
1779696000000,8083.23000000,2349.47000000
1779699600000,3212.39000000,951.02000000
1779703200000,8227.26000000,4545.59000000
1779706800000,5415.09000000,1759.86000000
1779710400000,16705.96000000,8638.68000000
1779714000000,4561.49000000,1752.65000000
1779717600000,10780.82000000,3645.61000000
1779721200000,6075.91000000,2188.63000000
1779724800000,9037.70000000,4474.53000000
1779728400000,8757.60000000,4645.17000000
1779732000000,13381.89000000,7738.09000000
1779735600000,11334.21000000,6266.83000000
1779739200000,1432.81000000,327.26000000
1779742800000,392.67000000,144.36000000
1779746400000,1940.38000000,58.75000000
1779750000000,8667.35000000,2543.31000000
1779753600000,18201.93000000,5849.22000000
1779757200000,10652.72000000,6236.89000000
1779760800000,4394.92000000,2163.29000000
1779764400000,957.66000000,572.72000000
1779768000000,853.35000000,104.59000000
1779771600000,5666.23000000,3952.40000000
1779775200000,8337.79000000,4619.70000000
1779778800000,7123.70000000,3423.81000000
1779782400000,1884.48000000,1402.82000000
1779786000000,16755.24000000,5596.33000000
1779789600000,51435.67000000,15823.67000000
1779793200000,6503.20000000,3117.65000000
1779796800000,7699.71000000,3136.60000000
1779800400000,2605.15000000,1400.26000000
1779804000000,4854.73000000,2086.20000000
1779807600000,11035.72000000,4732.63000000
1779811200000,1165.51000000,263.32000000
1779814800000,9255.19000000,4571.58000000
1779818400000,4036.87000000,1698.89000000
1779822000000,2410.12000000,1055.00000000
1779825600000,1324.46000000,707.65000000
1779829200000,12781.23000000,7453.69000000
1779832800000,29698.20000000,9898.91000000
1779836400000,4515.09000000,2017.26000000
1779840000000,6767.72000000,3871.29000000
1779843600000,153257.03000000,110616.26000000
1779847200000,14265.07000000,4991.24000000
1779850800000,16573.72000000,5441.09000000
1779854400000,14263.96000000,6691.78000000
1779858000000,7813.29000000,1588.65000000
1779861600000,26335.00000000,13470.93000000
1779865200000,60734.01000000,30720.07000000
1779868800000,124578.37000000,68164.50000000
1779872400000,74124.63000000,40163.46000000
1779876000000,50427.93000000,20303.17000000
1779879600000,13638.14000000,6588.02000000
1779883200000,31554.69000000,16001.99000000
1779886800000,21911.54000000,9186.65000000
1779890400000,687444.68000000,429116.40000000
1779894000000,300485.99000000,135589.06000000
1779897600000,118340.64000000,48477.95000000
1779901200000,69128.02000000,30621.49000000
1779904800000,35313.92000000,11058.74000000
1779908400000,30035.59000000,11893.78000000
1779912000000,20111.36000000,6143.56000000
1779915600000,91559.25000000,41950.87000000
1779919200000,12939.18000000,7186.85000000
1779922800000,5350.59000000,1201.18000000
1779926400000,7306.87000000,3760.42000000
1779930000000,10431.13000000,3741.29000000
1779933600000,6301.49000000,2039.26000000
1779937200000,132746.24000000,39523.93000000
1779940800000,20354.30000000,10038.69000000
1779944400000,11539.34000000,5476.32000000
1779948000000,18933.60000000,9790.98000000
1779951600000,7433.44000000,1959.46000000
1779955200000,7470.11000000,4068.18000000
1779958800000,5506.31000000,4024.27000000
1779962400000,6267.28000000,3092.29000000
1779966000000,9448.75000000,3135.25000000
1779969600000,140952.37000000,90619.06000000
1779973200000,118272.32000000,50059.04000000
1779976800000,21065.57000000,11711.88000000
1779980400000,10333.40000000,2856.55000000
1779984000000,20364.96000000,8391.80000000
1779987600000,14624.35000000,2335.24000000
1779991200000,22905.08000000,3831.28000000
1779994800000,27542.29000000,6944.73000000
1779998400000,15837.29000000,5071.63000000
1780002000000,14567.06000000,4148.27000000
1780005600000,13219.26000000,3006.66000000
1780009200000,5777.40000000,2126.91000000
1780012800000,8949.16000000,6954.37000000
1780016400000,2808.71000000,1432.28000000
1780020000000,37523.51000000,13878.18000000
1780023600000,3875.21000000,2630.09000000
1780027200000,7843.21000000,4017.27000000
1780030800000,11554.88000000,3955.79000000
1780034400000,6834.43000000,1656.71000000
1780038000000,12111.51000000,3293.61000000
1780041600000,15638.26000000,4205.16000000
1780045200000,7548.80000000,3475.76000000
1780048800000,47597.23000000,27670.09000000
1780052400000,23669.66000000,11089.30000000
1780056000000,11718.28000000,4300.45000000
1780059600000,23602.81000000,8547.78000000
1780063200000,29241.48000000,12887.28000000
1780066800000,13450.60000000,9065.30000000
1780070400000,18257.02000000,9288.17000000
1780074000000,8399.82000000,2903.07000000
1780077600000,22894.89000000,9899.10000000
1780081200000,9891.01000000,5299.44000000
1780084800000,12515.12000000,7431.56000000
1780088400000,12974.66000000,5445.97000000
1780092000000,28592.80000000,15238.65000000
1780095600000,34207.58000000,16972.97000000
1780099200000,7830.90000000,3455.30000000
1780102800000,303279.11000000,187745.54000000
1780106400000,104241.01000000,43463.10000000
1780110000000,180292.51000000,79346.26000000
1780113600000,71902.99000000,30520.53000000
1780117200000,33894.43000000,18464.75000000
1780120800000,30967.60000000,16944.88000000
1780124400000,81810.87000000,35762.68000000
1780128000000,63582.84000000,32965.10000000
1780131600000,204280.84000000,125728.09000000
1780135200000,55126.68000000,26570.42000000
1780138800000,56545.80000000,25428.76000000
1780142400000,22175.93000000,14507.36000000
1780146000000,9904.06000000,5408.20000000
1780149600000,26627.89000000,10374.26000000
1780153200000,27812.93000000,15561.76000000
1780156800000,14586.00000000,7355.87000000
1780160400000,16773.35000000,7989.67000000
1780164000000,14136.11000000,7879.79000000
1780167600000,16868.50000000,8961.89000000
1780171200000,10119.63000000,4271.86000000
1780174800000,2804.55000000,979.99000000
1780178400000,6308.32000000,3576.64000000
1780182000000,29569.32000000,11747.71000000
1780185600000,165987.04000000,51222.08000000
1780189200000,16480.85000000,6239.57000000
1780192800000,54511.71000000,31615.07000000
1780196400000,10182.15000000,4933.88000000
1780200000000,17517.95000000,7119.19000000
1780203600000,9582.20000000,2932.02000000
1780207200000,8517.92000000,2825.09000000
1780210800000,25151.90000000,9829.37000000
1780214400000,14733.66000000,6081.32000000
1780218000000,4667.67000000,2630.55000000
1780221600000,4647.79000000,3071.38000000
1780225200000,2057.10000000,1226.79000000
1780228800000,3003.96000000,1814.33000000
1780232400000,1798.00000000,355.86000000
1780236000000,14839.49000000,7778.36000000
1780239600000,24188.58000000,13774.67000000
1780243200000,4444.55000000,1805.36000000
1780246800000,5424.87000000,2334.69000000
1780250400000,8466.47000000,2804.27000000
1780254000000,7282.58000000,3240.72000000
1780257600000,6664.98000000,3461.97000000
1780261200000,12985.22000000,7510.92000000
1780264800000,6535.07000000,3554.58000000
1780268400000,12720.21000000,6829.01000000
1780272000000,9600.96000000,4306.53000000
1780275600000,12513.94000000,3604.97000000
1780279200000,56139.92000000,23172.24000000
1780282800000,9407.13000000,2794.69000000
1780286400000,9661.32000000,2303.58000000
1780290000000,10663.13000000,5394.81000000
1780293600000,24007.08000000,13896.63000000
1780297200000,10660.46000000,4590.01000000
1780300800000,38518.67000000,16077.50000000
1780304400000,16695.87000000,6823.15000000
1780308000000,70912.12000000,46471.34000000
1780311600000,57602.37000000,27035.55000000
1780315200000,24904.74000000,13488.04000000
1780318800000,38942.81000000,23311.08000000
1780322400000,16937.61000000,8246.82000000
1780326000000,27736.12000000,16485.55000000
1780329600000,22523.90000000,14487.49000000
1780333200000,13212.06000000,5609.55000000
1780336800000,43358.62000000,16440.90000000
1780340400000,13458.44000000,7664.23000000
1780344000000,10212.38000000,5691.06000000
1780347600000,12679.39000000,6663.74000000
1780351200000,7322.23000000,4402.25000000
1780354800000,1610.30000000,918.41000000
1780358400000,4298.06000000,2106.14000000
1780362000000,13073.78000000,9572.72000000
1780365600000,32393.76000000,17955.74000000
1780369200000,6844.80000000,4874.70000000
1780372800000,12609.41000000,6154.97000000
1780376400000,24755.04000000,10569.41000000
1780380000000,4135.63000000,2686.07000000
1780383600000,180158.71000000,125354.09000000
1780387200000,35592.89000000,14894.35000000
1780390800000,46438.82000000,24388.53000000
1780394400000,41293.85000000,30811.38000000
1780398000000,42183.17000000,17226.23000000
1780401600000,67446.82000000,46909.88000000
1780405200000,74119.47000000,45279.90000000
1780408800000,28794.96000000,17254.16000000
1780412400000,89454.53000000,35962.25000000
1780416000000,15276.54000000,7184.47000000
1780419600000,12458.92000000,6683.11000000
1780423200000,3594.39000000,2324.93000000
1780426800000,16760.92000000,11834.62000000
1780430400000,7896.89000000,3778.99000000
1780434000000,4797.79000000,1841.57000000
1780437600000,12617.28000000,5257.30000000
1780441200000,19039.47000000,10370.09000000
1780444800000,11110.90000000,6731.00000000
1780448400000,614966.56000000,343622.71000000
1780452000000,138966.64000000,75218.09000000
1780455600000,131779.11000000,88518.33000000
1780459200000,133689.20000000,80369.50000000
1780462800000,75107.41000000,41843.70000000
1780466400000,78569.48000000,50817.59000000
1780470000000,195667.55000000,121651.78000000
1780473600000,128189.44000000,78857.47000000
1780477200000,139219.56000000,92272.17000000
1780480800000,52479.07000000,36899.45000000
1780484400000,122605.18000000,57751.80000000
1780488000000,106049.72000000,57935.71000000
1780491600000,88715.43000000,51286.77000000
1780495200000,61707.83000000,34535.32000000
1780498800000,56075.52000000,37779.27000000
1780502400000,313020.94000000,123232.68000000
1780506000000,58820.93000000,39997.12000000
1780509600000,63277.61000000,37622.46000000
1780513200000,103877.13000000,67742.11000000
1780516800000,83692.87000000,44409.13000000
1780520400000,86858.32000000,52772.72000000
1780524000000,28878.90000000,14346.69000000
1780527600000,25634.27000000,12716.89000000
1780531200000,29900.33000000,12088.91000000
1780534800000,60879.11000000,28563.58000000
1780538400000,136441.20000000,68638.16000000
1780542000000,28554.71000000,14520.10000000
1780545600000,27437.91000000,13135.91000000
1780549200000,107330.67000000,50234.07000000
1780552800000,50377.80000000,18186.83000000
1780556400000,28988.27000000,14895.18000000
1780560000000,39894.25000000,18303.56000000
1780563600000,34495.16000000,19032.79000000
1780567200000,43821.70000000,16152.42000000
1780570800000,31225.69000000,12073.61000000
1780574400000,38766.86000000,22095.81000000
1780578000000,46000.94000000,26192.19000000
1780581600000,36601.17000000,19690.16000000
1780585200000,29260.15000000,15223.34000000
1780588800000,11429.54000000,5185.64000000
1780592400000,31062.65000000,14678.02000000
1780596000000,24162.09000000,10844.25000000
1780599600000,27526.35000000,10648.01000000
1780603200000,20918.89000000,7005.42000000
1780606800000,26153.83000000,11812.34000000
1780610400000,24294.62000000,7376.88000000
1780614000000,23635.46000000,13891.96000000
1780617600000,57314.77000000,38654.36000000
1780621200000,70088.03000000,30939.92000000
1780624800000,32181.42000000,18028.12000000
1780628400000,49796.10000000,22988.42000000
1780632000000,44634.89000000,23705.43000000
1780635600000,41540.04000000,14526.44000000
1780639200000,137034.28000000,50283.36000000
1780642800000,279049.01000000,58687.58000000
1780646400000,34031.40000000,14855.74000000
1780650000000,35337.98000000,16215.05000000
1780653600000,33906.20000000,17385.69000000
1780657200000,20855.22000000,6959.92000000
1780660800000,38587.57000000,18776.47000000
1780664400000,64192.57000000,19432.70000000
1780668000000,50924.21000000,21349.24000000
1780671600000,46265.59000000,22877.64000000
1780675200000,50048.93000000,23876.97000000
1780678800000,44634.95000000,17232.92000000
1780682400000,24678.01000000,11472.59000000
1780686000000,68019.38000000,29795.07000000
1780689600000,45981.55000000,23460.94000000
1780693200000,18091.45000000,7633.44000000
1780696800000,28322.35000000,8889.61000000
1780700400000,23689.17000000,11880.86000000
1780704000000,27393.85000000,10942.89000000
1780707600000,9854.21000000,3036.65000000
1780711200000,21859.28000000,9622.22000000
1780714800000,23453.44000000,9579.28000000
1780718400000,65009.33000000,31159.31000000
1780722000000,39665.98000000,17779.60000000
1780725600000,17628.57000000,6024.70000000
1780729200000,22036.07000000,9419.62000000
1780732800000,23451.48000000,11239.72000000
1780736400000,16484.15000000,5161.61000000
1780740000000,22414.22000000,10798.89000000
1780743600000,19808.31000000,9577.04000000
1780747200000,9744.44000000,5112.90000000
1780750800000,23564.16000000,9647.41000000
1780754400000,20100.82000000,6958.03000000
1780758000000,12172.80000000,7355.40000000
1780761600000,17463.98000000,8013.00000000
1780765200000,6463.50000000,2906.50000000
1780768800000,11625.75000000,5919.83000000
1780772400000,14687.86000000,3573.85000000
1780776000000,20971.36000000,10623.60000000
1780779600000,8942.52000000,6725.92000000
1780783200000,32764.24000000,18064.29000000
1780786800000,15373.13000000,9063.69000000
1780790400000,16673.97000000,8428.27000000
1780794000000,24123.34000000,10938.56000000
1780797600000,7208.08000000,3441.18000000
1780801200000,41583.06000000,20145.70000000
1780804800000,56416.55000000,30085.25000000
1780808400000,17477.76000000,9356.97000000
1780812000000,11014.19000000,6295.91000000
1780815600000,7055.63000000,4575.89000000
1780819200000,11107.08000000,6204.88000000
1780822800000,10276.39000000,6709.40000000
1780826400000,8639.03000000,5127.90000000
1780830000000,5545.01000000,3870.60000000
1780833600000,24878.93000000,13195.48000000
1780837200000,10013.70000000,5058.47000000
1780840800000,6675.82000000,1805.15000000
1780844400000,25321.32000000,9241.86000000
1780848000000,17221.94000000,8939.60000000
1780851600000,10659.25000000,4850.65000000
1780855200000,15093.99000000,8691.84000000
1780858800000,26560.61000000,17739.97000000
1780862400000,16405.23000000,5850.31000000
1780866000000,26501.24000000,18057.02000000
1780869600000,43541.75000000,22318.71000000
1780873200000,9989.86000000,5003.57000000
1780876800000,10405.51000000,5291.26000000
1780880400000,12122.26000000,6398.96000000
1780884000000,7837.97000000,4901.11000000
1780887600000,41382.34000000,23266.45000000
1780891200000,14370.55000000,5819.02000000
1780894800000,89183.04000000,48215.21000000
1780898400000,7237.25000000,2410.26000000
1780902000000,20455.94000000,10090.87000000
1780905600000,9950.79000000,3724.00000000
1780909200000,17725.47000000,9715.69000000
1780912800000,10743.00000000,4752.07000000
1780916400000,8889.47000000,5291.74000000
1780920000000,11097.28000000,3367.50000000
1780923600000,34265.38000000,14508.59000000
1780927200000,8156.77000000,4547.12000000
1780930800000,17337.41000000,7364.92000000
1780934400000,20232.14000000,13031.92000000
1780938000000,21917.58000000,15172.08000000
1780941600000,11708.07000000,4781.10000000
1780945200000,16672.87000000,8220.73000000
1780948800000,15551.35000000,8649.68000000
1780952400000,7441.33000000,5119.02000000
1780956000000,11540.38000000,8007.39000000
1780959600000,14964.70000000,9472.14000000
1780963200000,32295.90000000,13227.68000000
1780966800000,23729.97000000,16024.56000000
1780970400000,32501.06000000,21039.27000000
1780974000000,45502.08000000,27094.81000000
1780977600000,17674.86000000,10692.98000000
1780981200000,4987.73000000,2893.24000000
1780984800000,6553.48000000,5030.95000000
1780988400000,6642.28000000,2463.92000000
1780992000000,4170.57000000,2668.49000000
1780995600000,6255.39000000,2920.58000000
1780999200000,27952.79000000,15776.32000000
1781002800000,10174.04000000,5646.02000000
1781006400000,24186.27000000,16061.15000000
1781010000000,11700.00000000,4203.55000000
1781013600000,26087.15000000,10822.04000000
1781017200000,19259.40000000,7423.74000000
1781020800000,34172.90000000,15274.81000000
1781024400000,11229.12000000,8157.47000000
1781028000000,7751.83000000,5532.10000000
1781031600000,14782.30000000,10606.50000000
1781035200000,8852.12000000,4499.24000000
1781038800000,3223.31000000,1383.60000000
1781042400000,5377.06000000,2686.87000000
1781046000000,8342.49000000,5963.96000000
1781049600000,13841.80000000,10050.67000000
1781053200000,21303.96000000,12772.75000000
1781056800000,12351.22000000,5866.07000000
1781060400000,7615.31000000,3133.53000000
1781064000000,5344.38000000,1991.70000000
1781067600000,7909.98000000,4281.65000000
1781071200000,13418.97000000,8241.97000000
1781074800000,10131.06000000,4687.58000000
1781078400000,7392.93000000,2004.30000000
1781082000000,3156.10000000,1932.70000000
1781085600000,18926.25000000,12444.72000000
1781089200000,51644.73000000,23107.68000000
1781092800000,40198.44000000,21497.23000000
1781096400000,16208.56000000,10649.87000000
1781100000000,14106.28000000,5897.39000000
1781103600000,21991.38000000,9900.26000000
1781107200000,9950.30000000,4395.60000000
1781110800000,11741.79000000,6057.26000000
1781114400000,13968.87000000,6454.41000000
1781118000000,11036.80000000,4203.16000000
1781121600000,10373.47000000,5742.78000000
1781125200000,3407.42000000,1832.57000000
1781128800000,14050.12000000,8817.79000000
1781132400000,4690.83000000,2370.81000000
1781136000000,8255.17000000,4044.92000000
1781139600000,6502.85000000,4095.47000000
1781143200000,27567.66000000,11217.24000000
1781146800000,25694.21000000,16412.17000000
1781150400000,8703.50000000,3627.57000000
1781154000000,5163.98000000,1880.46000000
1781157600000,4081.76000000,1513.71000000
1781161200000,6006.93000000,3309.73000000
1781164800000,4357.75000000,3060.98000000
1781168400000,5707.80000000,2221.38000000
1781172000000,11225.48000000,7571.36000000
1781175600000,12754.28000000,6353.27000000
1781179200000,25690.18000000,12724.02000000
1781182800000,10087.04000000,4021.96000000
1781186400000,15137.74000000,5274.79000000
1781190000000,17629.66000000,8921.90000000
1781193600000,12040.86000000,5371.94000000
1781197200000,55485.71000000,31961.60000000
1781200800000,28007.74000000,12361.03000000
1781204400000,11532.35000000,5921.69000000
1781208000000,5080.50000000,1688.06000000
1781211600000,4818.23000000,3488.65000000
1781215200000,2920.79000000,907.27000000
1781218800000,3284.52000000,2579.43000000
1781222400000,8320.28000000,4021.40000000
1781226000000,8997.82000000,2914.84000000
1781229600000,7303.43000000,3586.55000000
1781233200000,7409.45000000,2161.91000000
1781236800000,10208.89000000,5991.24000000
1781240400000,8949.67000000,3827.57000000
1781244000000,12426.40000000,5929.65000000
1781247600000,13117.31000000,7872.64000000
1781251200000,9995.41000000,4005.63000000
1781254800000,5424.82000000,2799.86000000
1781258400000,12998.92000000,6436.97000000
1781262000000,14377.46000000,6795.73000000
1781265600000,2842.34000000,1471.31000000
1781269200000,20644.64000000,10324.14000000
1781272800000,19896.73000000,11612.53000000
1781276400000,43603.86000000,26596.95000000
1781280000000,25653.64000000,15208.63000000
1781283600000,53855.27000000,34549.11000000
1781287200000,119297.56000000,91378.71000000
1781290800000,44050.00000000,25798.89000000
1781294400000,13691.47000000,8635.68000000
1781298000000,4288.98000000,2770.70000000
1781301600000,10124.42000000,5238.68000000
1781305200000,3038.00000000,1562.07000000
1781308800000,8712.97000000,2459.29000000
1781312400000,13160.18000000,4908.81000000
1781316000000,22186.58000000,4725.26000000
1781319600000,6851.70000000,3451.62000000
1781323200000,16990.73000000,8318.09000000
1781326800000,16379.40000000,4339.80000000
1781330400000,38076.93000000,19353.82000000
1781334000000,8744.50000000,4962.60000000
1781337600000,10402.42000000,3733.00000000
1781341200000,3283.01000000,1650.16000000
1781344800000,19606.75000000,12156.66000000
1781348400000,8506.06000000,5331.03000000
1781352000000,2110.56000000,1633.42000000
1781355600000,8168.68000000,3799.11000000
1781359200000,3119.25000000,1366.28000000
1781362800000,28791.24000000,14968.78000000
1781366400000,18263.92000000,9359.14000000
1781370000000,6980.84000000,3708.89000000
1781373600000,3376.42000000,519.38000000
1781377200000,4270.57000000,3566.17000000
1781380800000,3269.34000000,2805.13000000
1781384400000,3051.18000000,1618.23000000
1781388000000,2167.66000000,775.15000000
1781391600000,1174.90000000,812.74000000
1781395200000,3012.83000000,1446.36000000
1781398800000,4279.56000000,1263.40000000
1781402400000,3198.54000000,1557.70000000
1781406000000,5604.03000000,2204.33000000
1781409600000,5647.05000000,2310.07000000
1781413200000,35892.56000000,12158.53000000
1781416800000,16370.23000000,8382.99000000
1781420400000,8222.52000000,3204.62000000
1781424000000,96807.16000000,49496.56000000
1781427600000,76079.57000000,40158.53000000
1781431200000,84060.26000000,44555.82000000
1781434800000,109375.29000000,66943.26000000
1781438400000,172788.39000000,104115.80000000
1781442000000,98803.65000000,60563.62000000
1781445600000,41761.15000000,20510.65000000
1781449200000,37233.16000000,16029.18000000
1781452800000,135271.08000000,75969.83000000
1781456400000,224930.82000000,130071.39000000
1781460000000,109849.78000000,53604.19000000
1781463600000,99217.23000000,50982.91000000
1781467200000,97214.10000000,50639.73000000
1781470800000,105269.64000000,52328.68000000
1781474400000,110865.24000000,59522.41000000
1781478000000,42251.14000000,18894.50000000
1781481600000,27436.51000000,10397.85000000
1781485200000,37637.51000000,14668.29000000
1781488800000,43996.41000000,16951.55000000
1781492400000,40893.22000000,17840.64000000
1781496000000,86156.72000000,45044.13000000
1781499600000,146927.62000000,83490.36000000
1781503200000,167323.86000000,77078.17000000
1781506800000,91493.83000000,42639.22000000
1781510400000,301852.57000000,156741.23000000
1781514000000,168365.67000000,83858.05000000
1781517600000,67640.89000000,25829.28000000
1781521200000,40376.69000000,22077.04000000
1781524800000,164073.22000000,80746.34000000
1781528400000,128996.18000000,62883.44000000
1781532000000,14806.68000000,6159.37000000
1781535600000,42380.01000000,22431.24000000
1781539200000,51982.10000000,23465.60000000
1781542800000,36644.10000000,18803.83000000
1781546400000,14500.78000000,6387.15000000
1781550000000,61669.63000000,33764.96000000
1781553600000,30882.64000000,14184.69000000
1781557200000,10391.02000000,5685.44000000
1781560800000,25193.98000000,12658.68000000
1781564400000,7020.21000000,3153.78000000
1781568000000,16221.18000000,5287.79000000
1781571600000,15105.51000000,9111.63000000
1781575200000,24129.07000000,8323.97000000
1781578800000,6912.77000000,2774.96000000
1781582400000,8694.52000000,3027.68000000
1781586000000,24274.35000000,9845.00000000
1781589600000,21477.62000000,8447.73000000
1781593200000,9132.67000000,5023.71000000
1781596800000,10827.32000000,6246.04000000
1781600400000,17752.51000000,6671.50000000
1781604000000,9661.45000000,4592.99000000
1781607600000,13732.27000000,7408.50000000
1781611200000,16763.98000000,10557.04000000
1781614800000,47454.13000000,25996.73000000
1781618400000,45750.60000000,24394.84000000
1781622000000,12787.53000000,5802.44000000
1781625600000,57228.37000000,25671.73000000
1781629200000,72565.06000000,53152.17000000
1781632800000,10881.23000000,5642.65000000
1781636400000,8023.40000000,4673.89000000
1781640000000,8460.19000000,5859.08000000
1781643600000,11304.27000000,5003.91000000
1781647200000,4661.12000000,635.14000000
1781650800000,4269.31000000,2142.86000000
1781654400000,29335.07000000,12400.05000000
1781658000000,19114.96000000,9241.58000000
1781661600000,23183.57000000,5831.27000000
1781665200000,19797.11000000,8168.17000000
1781668800000,6264.93000000,3382.07000000
1781672400000,4800.79000000,2210.97000000
1781676000000,11036.83000000,5353.89000000
1781679600000,9223.67000000,3852.54000000
1781683200000,13195.50000000,4580.24000000
1781686800000,5403.80000000,3209.67000000
1781690400000,4704.50000000,3215.81000000
1781694000000,6088.35000000,2729.43000000
1781697600000,10503.13000000,5218.50000000
1781701200000,19543.97000000,9773.62000000
1781704800000,16453.96000000,7592.53000000
1781708400000,15699.46000000,5195.89000000
1781712000000,30066.29000000,12520.49000000
1781715600000,104101.08000000,50262.61000000
1781719200000,127265.42000000,62010.06000000
1781722800000,80623.68000000,37855.96000000
1781726400000,63787.33000000,34336.74000000
1781730000000,75020.95000000,45168.87000000
1781733600000,68274.14000000,33108.12000000
1781737200000,27893.07000000,15392.10000000
1781740800000,49151.57000000,30748.55000000
1781744400000,42226.65000000,16192.82000000
1781748000000,34054.83000000,16181.70000000
1781751600000,123854.73000000,50524.84000000
1781755200000,74043.27000000,49455.99000000
1781758800000,21198.60000000,12756.49000000
1781762400000,15469.99000000,7839.03000000
1781766000000,39674.41000000,17152.76000000
1781769600000,41935.53000000,21474.44000000
1781773200000,131260.60000000,63179.72000000
1781776800000,42733.12000000,26453.72000000
1781780400000,20816.40000000,8062.86000000
1781784000000,32423.83000000,19160.42000000
1781787600000,27951.90000000,14313.53000000
1781791200000,19811.73000000,11003.20000000
1781794800000,108967.47000000,57760.36000000
1781798400000,28892.01000000,18150.39000000
1781802000000,52539.36000000,32517.60000000
1781805600000,19212.36000000,10784.35000000
1781809200000,12571.90000000,5386.26000000
1781812800000,16989.13000000,10975.26000000
1781816400000,9291.29000000,4669.02000000
1781820000000,9084.93000000,6869.18000000
1781823600000,61331.28000000,31973.02000000
1781827200000,8004.04000000,4016.46000000
1781830800000,9380.91000000,4402.75000000
1781834400000,7947.38000000,4361.19000000
1781838000000,52004.13000000,28122.53000000
1781841600000,24806.89000000,13650.18000000
1781845200000,8792.10000000,4458.53000000
1781848800000,11629.16000000,6574.98000000
1781852400000,5558.37000000,3282.15000000
1781856000000,5221.72000000,2861.78000000
1781859600000,17544.12000000,6717.70000000
1781863200000,7433.94000000,4890.72000000
1781866800000,16928.72000000,10390.99000000
1781870400000,24915.91000000,14091.22000000
1781874000000,11132.98000000,4917.57000000
1781877600000,12781.18000000,5858.15000000
1781881200000,5972.74000000,2204.91000000
1781884800000,24641.71000000,10601.09000000
1781888400000,7995.29000000,5908.96000000
1781892000000,5785.85000000,3709.44000000
1781895600000,4771.14000000,2224.25000000
1781899200000,1999.71000000,364.01000000
1781902800000,8982.01000000,6616.82000000
1781906400000,3867.90000000,712.34000000
1781910000000,2316.63000000,1764.18000000
1781913600000,70036.42000000,38876.46000000
1781917200000,23389.55000000,12416.09000000
1781920800000,9147.40000000,3387.47000000
1781924400000,11884.13000000,4551.29000000
1781928000000,31299.17000000,10190.51000000
1781931600000,98949.79000000,49202.52000000
1781935200000,31814.79000000,16837.44000000
1781938800000,33596.42000000,20159.56000000
1781942400000,32684.33000000,18959.23000000
1781946000000,52061.38000000,25566.54000000
1781949600000,33594.56000000,20309.57000000
1781953200000,65402.49000000,32201.73000000
1781956800000,65199.36000000,37280.77000000
1781960400000,10507.51000000,5511.28000000
1781964000000,40258.58000000,21410.90000000
1781967600000,21568.69000000,11111.20000000
1781971200000,14324.30000000,7424.20000000
1781974800000,10895.43000000,6044.84000000
1781978400000,17551.16000000,9269.61000000
1781982000000,42882.96000000,24168.39000000
1781985600000,5793.36000000,3831.20000000
1781989200000,13161.74000000,7828.41000000
1781992800000,16965.53000000,9127.11000000
1781996400000,12814.39000000,6138.31000000
1782000000000,9830.04000000,5688.05000000
1782003600000,2356.15000000,1555.81000000
1782007200000,4949.68000000,2944.21000000
1782010800000,44360.57000000,24189.07000000
1782014400000,10180.95000000,4755.02000000
1782018000000,18701.39000000,9469.78000000
1782021600000,12678.45000000,7970.59000000
1782025200000,8693.49000000,1560.25000000
1782028800000,4347.32000000,3055.54000000
1782032400000,51346.98000000,34082.60000000
1782036000000,4936.86000000,985.78000000
1782039600000,4608.89000000,446.86000000
1782043200000,12473.38000000,8068.02000000
1782046800000,11063.77000000,5836.18000000
1782050400000,7358.96000000,3307.34000000
1782054000000,21645.62000000,11742.50000000
1782057600000,24667.54000000,14908.53000000
1782061200000,10035.99000000,4615.12000000
1782064800000,48224.03000000,22925.55000000
1782068400000,48319.57000000,28168.86000000
1782072000000,29251.13000000,12459.11000000
1782075600000,32901.67000000,20547.11000000
1782079200000,4850.69000000,2807.64000000
1782082800000,6348.83000000,4063.54000000
1782086400000,6092.89000000,4429.15000000
1782090000000,21021.23000000,13478.51000000
1782093600000,11871.77000000,3376.62000000
1782097200000,9114.42000000,4416.66000000
1782100800000,11012.28000000,8294.17000000
1782104400000,9296.72000000,5609.13000000
1782108000000,61738.06000000,41106.10000000
1782111600000,70495.39000000,43529.75000000
1782115200000,34324.23000000,20846.89000000
1782118800000,16147.60000000,5763.04000000
1782122400000,16235.02000000,6167.44000000
1782126000000,9439.02000000,7310.20000000
1782129600000,37048.85000000,23030.98000000
1782133200000,21353.98000000,13428.33000000
1782136800000,21215.39000000,6623.08000000
1782140400000,24689.80000000,17160.37000000
1782144000000,45688.37000000,26385.37000000
1782147600000,48376.81000000,21580.38000000
1782151200000,38443.50000000,21351.17000000
1782154800000,30696.15000000,10352.29000000
1782158400000,6071.19000000,3836.62000000
1782162000000,3122.59000000,995.09000000
1782165600000,19929.65000000,11679.55000000
1782169200000,7452.22000000,5685.14000000
1782172800000,16614.89000000,6987.99000000
1782176400000,9295.08000000,3578.71000000
1782180000000,10670.83000000,6476.19000000
1782183600000,5632.68000000,3168.14000000
1782187200000,21829.78000000,4548.53000000
1782190800000,14350.30000000,4727.75000000
1782194400000,54728.95000000,29238.30000000
1782198000000,8606.31000000,3439.17000000
1782201600000,80260.06000000,39491.73000000
1782205200000,19404.05000000,11118.82000000
1782208800000,9711.00000000,4915.98000000
1782212400000,12556.46000000,9408.48000000
1782216000000,8912.14000000,5539.15000000
1782219600000,11534.87000000,4740.99000000
1782223200000,10506.30000000,6636.76000000
1782226800000,25563.85000000,9476.75000000
1782230400000,13696.71000000,8878.60000000
1782234000000,7890.41000000,4206.95000000
1782237600000,3705.59000000,1933.85000000
1782241200000,3580.62000000,2008.67000000
1782244800000,4477.17000000,2554.81000000
1782248400000,2956.17000000,1515.99000000
1782252000000,1649.12000000,1310.35000000
1782255600000,2099.85000000,1247.49000000
1782259200000,4143.14000000,1924.43000000
1782262800000,21694.74000000,7251.88000000
1782266400000,32425.32000000,7030.56000000
1782270000000,14109.62000000,8850.88000000
1782273600000,12248.95000000,3445.53000000
1782277200000,31825.06000000,19394.43000000
1782280800000,5222.99000000,2455.19000000
1782284400000,7356.69000000,5224.27000000
1782288000000,15897.52000000,8479.50000000
1782291600000,6680.91000000,3086.22000000
1782295200000,12916.39000000,4994.57000000
1782298800000,17859.34000000,10086.86000000
1782302400000,9046.85000000,5020.55000000
1782306000000,63965.17000000,28283.02000000
1782309600000,34597.60000000,19875.45000000
1782313200000,21864.11000000,7984.36000000
1782316800000,76168.46000000,15952.98000000
1782320400000,34860.89000000,17604.59000000
1782324000000,9265.48000000,6146.39000000
1782327600000,38135.55000000,8356.03000000
1782331200000,74050.81000000,25770.91000000
1782334800000,12126.85000000,9543.18000000
1782338400000,6874.17000000,3445.20000000
1782342000000,9573.23000000,6064.92000000
1782345600000,7458.20000000,5773.29000000
1782349200000,8436.19000000,6527.00000000
1782352800000,6544.59000000,4138.83000000
1782356400000,9786.02000000,3745.86000000
1782360000000,5488.85000000,3570.47000000
1782363600000,23991.47000000,14423.11000000
1782367200000,14613.71000000,8701.98000000
1782370800000,3086.41000000,1687.31000000
1782374400000,1691.51000000,1130.88000000
1782378000000,8323.85000000,4311.11000000
1782381600000,31561.80000000,5150.40000000
1782385200000,20530.13000000,10521.95000000
1782388800000,16448.15000000,8415.16000000
1782392400000,67377.67000000,28219.78000000
1782396000000,56052.32000000,32907.55000000
1782399600000,15710.44000000,7650.98000000
1782403200000,8185.55000000,5035.99000000
1782406800000,8544.89000000,4611.55000000
1782410400000,10456.93000000,6842.03000000
1782414000000,6262.81000000,3330.28000000
1782417600000,9787.09000000,3373.35000000
1782421200000,3701.81000000,3362.78000000
1782424800000,15120.92000000,7947.88000000
1782428400000,7712.01000000,4923.10000000
1782432000000,35836.11000000,19146.20000000
1782435600000,13413.90000000,6192.58000000
1782439200000,21487.35000000,9045.36000000
1782442800000,26382.14000000,16070.75000000
1782446400000,10448.90000000,4928.69000000
1782450000000,35662.57000000,17194.13000000
1782453600000,80478.01000000,36208.16000000
1782457200000,10006.17000000,4329.52000000
1782460800000,11373.87000000,6451.31000000
1782464400000,16093.59000000,10578.93000000
1782468000000,7981.03000000,5086.51000000
1782471600000,2994.44000000,1683.40000000
1782475200000,19301.34000000,7066.65000000
1782478800000,30047.86000000,14701.25000000
1782482400000,26047.55000000,14530.55000000
1782486000000,18674.78000000,6039.86000000
1782489600000,17876.31000000,9348.22000000
1782493200000,5571.87000000,3594.27000000
1782496800000,3864.53000000,1866.41000000
1782500400000,10041.19000000,6757.76000000
1782504000000,18194.34000000,10003.48000000
1782507600000,7350.45000000,5974.96000000
1782511200000,16005.26000000,9301.83000000
1782514800000,5492.96000000,3367.23000000
1782518400000,16148.35000000,12951.66000000
1782522000000,10079.74000000,5298.45000000
1782525600000,12013.04000000,2547.47000000
1782529200000,9673.40000000,4660.29000000
1782532800000,3775.81000000,1590.90000000
1782536400000,11235.68000000,4158.17000000
1782540000000,14642.11000000,7007.83000000
1782543600000,1837.00000000,776.42000000
1782547200000,10359.08000000,4091.97000000
1782550800000,19579.62000000,6815.48000000
1782554400000,15284.63000000,5283.93000000
1782558000000,13233.01000000,6046.35000000
1782561600000,112373.71000000,61236.43000000
1782565200000,8139.66000000,3083.56000000
1782568800000,46617.99000000,24086.74000000
1782572400000,11646.03000000,7356.36000000
1782576000000,8128.52000000,5869.75000000
1782579600000,23374.61000000,14730.97000000
1782583200000,2935.48000000,559.23000000
1782586800000,7082.23000000,1858.20000000
1782590400000,993.28000000,0.00000000
1782594000000,4454.26000000,373.76000000
1782597600000,2369.44000000,1120.45000000
1782601200000,5486.00000000,3444.52000000
1782604800000,3924.02000000,2579.46000000
1782608400000,23955.77000000,14053.52000000
1782612000000,6890.36000000,3293.53000000
1782615600000,4661.00000000,2640.83000000
1782619200000,4461.90000000,2074.72000000
1782622800000,39748.85000000,15075.21000000
1782626400000,50350.85000000,20599.26000000
1782630000000,9568.33000000,7250.60000000
1782633600000,4521.39000000,1812.16000000
1782637200000,12658.22000000,8674.95000000
1782640800000,40424.60000000,26149.78000000
1782644400000,1673.71000000,596.12000000
1782648000000,3686.43000000,1885.73000000
1782651600000,56835.19000000,28162.29000000
1782655200000,20409.80000000,10461.43000000
1782658800000,12426.91000000,6786.53000000
1782662400000,12465.76000000,6851.16000000
1782666000000,3592.08000000,1711.18000000
1782669600000,1624.44000000,771.73000000
1782673200000,5713.41000000,1908.81000000
1782676800000,11373.41000000,4643.31000000
1782680400000,4083.37000000,1987.40000000
1782684000000,6457.85000000,3094.18000000
1782687600000,5838.73000000,3496.20000000
1782691200000,6300.34000000,2623.35000000
1782694800000,11439.13000000,7005.92000000
1782698400000,8035.11000000,3983.46000000
1782702000000,4611.42000000,3174.18000000
1782705600000,2532.79000000,1750.19000000
1782709200000,10936.07000000,6352.96000000
1782712800000,8257.37000000,4240.09000000
1782716400000,14299.81000000,9039.49000000
1782720000000,3916.01000000,1449.22000000
1782723600000,6986.05000000,2042.69000000
1782727200000,12792.24000000,4740.80000000
1782730800000,10698.95000000,5333.19000000
1782734400000,39600.12000000,18749.20000000
1782738000000,13299.47000000,6847.68000000
1782741600000,12131.14000000,6947.84000000
1782745200000,48230.55000000,18390.57000000
1782748800000,8645.79000000,3720.08000000
1782752400000,16597.36000000,7015.50000000
1782756000000,4770.38000000,3076.74000000
1782759600000,10491.60000000,4209.67000000
1782763200000,28601.20000000,14169.49000000
1782766800000,17926.04000000,13439.57000000
1782770400000,4399.34000000,2016.67000000
1782774000000,3190.19000000,1239.79000000
1782777600000,9012.29000000,3824.43000000
1782781200000,12149.43000000,6289.61000000
1782784800000,8540.30000000,4690.98000000
1782788400000,15051.99000000,9234.52000000
1782792000000,14409.70000000,8113.26000000
1782795600000,13640.04000000,8814.98000000
1782799200000,19192.52000000,10390.54000000
1782802800000,13143.20000000,3364.89000000
1782806400000,31111.71000000,9449.97000000
1782810000000,15162.29000000,6513.73000000
1782813600000,12178.84000000,7289.62000000
1782817200000,25689.71000000,12579.28000000
1782820800000,22614.87000000,7427.98000000
1782824400000,27336.36000000,13992.71000000
1782828000000,33464.53000000,15793.22000000
1782831600000,14397.26000000,7325.16000000
1782835200000,10109.36000000,4107.22000000
1782838800000,1947.83000000,788.82000000
1782842400000,5063.13000000,3377.59000000
1782846000000,2956.78000000,1313.88000000
1782849600000,15184.75000000,6519.74000000
1782853200000,5127.78000000,1043.90000000
1782856800000,3364.52000000,1261.55000000
1782860400000,7261.39000000,4332.09000000
1782864000000,5686.16000000,1593.29000000
1782867600000,20280.54000000,10205.77000000
1782871200000,11545.06000000,2536.99000000
1782874800000,11429.94000000,6656.18000000
1782878400000,12501.16000000,5572.43000000
1782882000000,6401.85000000,2963.58000000
1782885600000,17717.21000000,6935.59000000
1782889200000,37863.82000000,17640.24000000
1782892800000,30826.27000000,12011.43000000
1782896400000,11243.91000000,4818.53000000
1782900000000,23703.70000000,12531.58000000
1782903600000,21500.51000000,10992.17000000
1782907200000,53807.24000000,23642.96000000
1782910800000,21522.60000000,10456.39000000
1782914400000,38304.76000000,19815.30000000
1782918000000,17041.43000000,7999.20000000
1782921600000,17052.06000000,5141.10000000
1782925200000,17736.12000000,7066.84000000
1782928800000,25988.49000000,5631.94000000
1782932400000,11728.37000000,5045.10000000
1782936000000,8002.27000000,6229.37000000
1782939600000,24841.14000000,12208.62000000
1782943200000,19614.65000000,6940.18000000
1782946800000,32057.71000000,13637.48000000
1782950400000,25906.65000000,9284.64000000
1782954000000,12992.59000000,8625.24000000
1782957600000,11306.72000000,5255.41000000
1782961200000,13682.41000000,5573.97000000
1782964800000,18128.96000000,11883.57000000
1782968400000,13987.12000000,6506.20000000
1782972000000,17063.47000000,7409.51000000
1782975600000,13277.16000000,6033.71000000
1782979200000,11041.75000000,5536.32000000
1782982800000,16822.78000000,8093.58000000
1782986400000,5416.95000000,1864.83000000
1782990000000,7687.51000000,3999.02000000
1782993600000,28043.38000000,18114.94000000
1782997200000,31090.81000000,20451.59000000
1783000800000,29918.89000000,16721.33000000
1783004400000,21382.24000000,12536.09000000
1783008000000,7278.82000000,2405.07000000
1783011600000,5302.09000000,2568.85000000
1783015200000,13683.12000000,6362.45000000
1783018800000,7673.30000000,3519.29000000
1783022400000,6287.89000000,2947.77000000
1783026000000,6879.31000000,2593.24000000
1783029600000,13640.20000000,3599.06000000
1783033200000,3740.48000000,2009.79000000
1783036800000,6357.70000000,3457.94000000
1783040400000,7949.45000000,2887.69000000
1783044000000,8331.28000000,4031.28000000
1783047600000,2597.09000000,1222.35000000
1783051200000,3525.10000000,1466.60000000
1783054800000,52800.65000000,25943.24000000
1783058400000,11660.31000000,4050.85000000
1783062000000,7310.87000000,3412.42000000
1783065600000,10787.47000000,3538.27000000
1783069200000,21478.31000000,8476.43000000
1783072800000,29926.13000000,9841.07000000
1783076400000,21497.46000000,6348.10000000
1783080000000,14284.09000000,5660.32000000
1783083600000,21692.01000000,8313.60000000
1783087200000,8654.23000000,3815.83000000
1783090800000,4534.65000000,3016.58000000
1783094400000,8337.54000000,3307.24000000
1783098000000,2582.50000000,1549.03000000
1783101600000,3042.05000000,1263.70000000
1783105200000,6759.74000000,2193.92000000
1783108800000,6686.72000000,4034.21000000
1783112400000,3160.37000000,1585.30000000
1783116000000,9893.10000000,3799.81000000
1783119600000,5741.46000000,3192.25000000
1783123200000,9913.70000000,3790.08000000
1783126800000,7832.48000000,4121.46000000
1783130400000,6507.23000000,1696.78000000
1783134000000,5062.51000000,2122.70000000
1783137600000,7566.59000000,5739.00000000
1783141200000,8766.25000000,5547.59000000
1783144800000,3387.70000000,2215.57000000
1783148400000,6480.27000000,2957.89000000
1783152000000,5056.11000000,2682.40000000
1783155600000,10459.44000000,3519.42000000
1783159200000,9039.37000000,4445.45000000
1783162800000,9662.99000000,4299.81000000
1783166400000,18661.98000000,9314.91000000
1783170000000,15686.47000000,5056.89000000
1783173600000,13827.73000000,8768.14000000
1783177200000,19750.96000000,9630.78000000
1783180800000,10553.10000000,3847.76000000
1783184400000,5767.56000000,3188.90000000
1783188000000,10116.05000000,5373.32000000
1783191600000,4037.43000000,1766.42000000
1783195200000,9177.05000000,3522.12000000
1783198800000,5377.42000000,2104.83000000
1783202400000,6978.29000000,3580.78000000
1783206000000,10245.21000000,4372.92000000
1783209600000,8180.39000000,3706.90000000
1783213200000,7675.50000000,2660.09000000
1783216800000,10353.16000000,4540.64000000
1783220400000,9270.86000000,6576.11000000
1783224000000,15001.47000000,3752.80000000
1783227600000,8787.03000000,6048.19000000
1783231200000,4430.79000000,2320.47000000
1783234800000,2751.14000000,1447.72000000
1783238400000,4091.97000000,1831.48000000
1783242000000,16516.91000000,7885.97000000
1783245600000,6200.04000000,3081.66000000
1783249200000,6755.80000000,2529.06000000
1783252800000,14235.28000000,6645.35000000
1783256400000,5608.47000000,2280.73000000
1783260000000,16756.32000000,9046.86000000
1783263600000,11347.97000000,5506.75000000
1783267200000,8894.48000000,4519.68000000
1783270800000,6558.14000000,3437.22000000
1783274400000,2913.29000000,1612.23000000
1783278000000,8857.91000000,6507.02000000
1783281600000,11599.43000000,5564.34000000
1783285200000,12105.02000000,7072.85000000
1783288800000,10399.73000000,4896.98000000
1783292400000,6854.65000000,3051.69000000
1783296000000,10436.84000000,4929.58000000
1783299600000,10466.42000000,4279.75000000
1783303200000,5775.46000000,2030.14000000
1783306800000,7209.31000000,4113.38000000
1783310400000,4639.30000000,2538.19000000
1783314000000,10432.77000000,6359.61000000
1783317600000,5289.70000000,2328.01000000
1783321200000,9191.67000000,3509.73000000
1783324800000,3352.47000000,1592.60000000
1783328400000,4827.52000000,2017.76000000
1783332000000,11092.58000000,6189.14000000
1783335600000,16529.49000000,9102.37000000
1783339200000,24227.75000000,11579.98000000
1783342800000,10989.61000000,5769.36000000
1783346400000,9991.90000000,3987.27000000
1783350000000,25507.54000000,8366.09000000
1783353600000,10913.11000000,4817.68000000
1783357200000,8684.05000000,6114.19000000
1783360800000,11362.22000000,7506.36000000
1783364400000,10200.89000000,5437.76000000
1783368000000,12290.47000000,5363.13000000
1783371600000,13474.39000000,4962.92000000
1783375200000,4566.32000000,2360.73000000
1783378800000,2725.61000000,756.72000000
1783382400000,3891.03000000,2171.20000000
1783386000000,2572.48000000,1287.93000000
1783389600000,5550.98000000,2705.49000000
1783393200000,6083.95000000,3640.02000000
1783396800000,4552.17000000,1671.09000000
1783400400000,8786.01000000,4562.70000000
1783404000000,4178.40000000,2146.16000000
1783407600000,2380.81000000,635.99000000
1783411200000,9392.88000000,6681.20000000
1783414800000,12074.89000000,2107.51000000
1783418400000,5693.83000000,3380.67000000
1783422000000,4394.22000000,2087.41000000
1783425600000,18594.97000000,9633.76000000
1783429200000,21864.51000000,9962.24000000
1783432800000,14891.40000000,7745.93000000
1783436400000,14595.77000000,6601.65000000
1783440000000,9408.21000000,4617.04000000
1783443600000,6182.52000000,2861.93000000
1783447200000,17197.97000000,3407.73000000
1783450800000,12351.61000000,7041.39000000
1783454400000,2420.26000000,1175.74000000
1783458000000,7338.34000000,1573.30000000
1783461600000,5247.82000000,3846.39000000
1783465200000,1728.30000000,490.97000000
1783468800000,4785.78000000,1363.16000000
1783472400000,10571.03000000,4230.29000000
1783476000000,15611.87000000,11698.66000000
1783479600000,11348.57000000,6538.73000000
1783483200000,31359.61000000,6291.50000000
1783486800000,5773.56000000,1689.57000000
1783490400000,3962.83000000,2523.33000000
1783494000000,3389.02000000,2236.54000000
1783497600000,12909.54000000,5686.48000000
1783501200000,7427.32000000,3427.05000000
1783504800000,8408.91000000,5434.67000000
1783508400000,6752.42000000,4351.92000000
1783512000000,19519.63000000,7099.08000000
1783515600000,9717.77000000,4903.10000000
1783519200000,11032.73000000,4828.24000000
1783522800000,6093.79000000,2239.42000000
1783526400000,6857.44000000,2340.12000000
1783530000000,5289.06000000,2021.85000000
1783533600000,5530.88000000,2424.64000000
1783537200000,5702.13000000,3779.67000000
1783540800000,10891.52000000,1332.08000000
1783544400000,2783.48000000,1759.73000000
1783548000000,2946.77000000,1475.44000000
1783551600000,3401.78000000,848.14000000
1783555200000,27834.34000000,9701.16000000
1783558800000,34054.66000000,15156.33000000
1783562400000,2959.56000000,1620.42000000
1783566000000,3495.72000000,2210.19000000
1783569600000,28213.23000000,17857.83000000
1783573200000,6634.93000000,2628.84000000
1783576800000,11648.23000000,8371.29000000
1783580400000,13951.08000000,6686.12000000
1783584000000,13192.51000000,5527.63000000
1783587600000,3672.62000000,1923.47000000
1783591200000,8438.92000000,5319.59000000
1783594800000,15757.46000000,7972.42000000
1783598400000,5441.17000000,2677.64000000
1783602000000,7518.41000000,3691.46000000
1783605600000,19750.85000000,7504.35000000
1783609200000,5023.04000000,2247.20000000
1783612800000,10109.24000000,4869.93000000
1783616400000,32540.11000000,19491.85000000
1783620000000,43825.99000000,24791.67000000
1783623600000,10003.98000000,4771.49000000
1783627200000,19033.19000000,11623.32000000
1783630800000,8284.08000000,3422.36000000
1783634400000,14190.83000000,6093.55000000
1783638000000,8232.04000000,3940.87000000
1783641600000,8960.62000000,3674.48000000
1783645200000,14910.54000000,10871.73000000
1783648800000,10744.88000000,6377.83000000
1783652400000,23032.88000000,8422.59000000
1783656000000,9517.68000000,4880.63000000
1783659600000,4443.11000000,1676.41000000
1783663200000,14347.65000000,4221.63000000
1783666800000,15438.71000000,6779.34000000
1783670400000,8324.03000000,3208.52000000
1783674000000,26039.78000000,4218.00000000
1783677600000,14210.49000000,7933.88000000
1783681200000,6478.50000000,3113.57000000
1783684800000,9360.04000000,6784.98000000
1783688400000,4477.30000000,2299.01000000
1783692000000,13188.96000000,6369.07000000
1783695600000,13704.74000000,5150.13000000
1783699200000,11060.62000000,5091.18000000
1783702800000,5020.62000000,2163.44000000
1783706400000,5882.79000000,1882.17000000
1783710000000,3562.36000000,1133.61000000
1783713600000,5574.04000000,2786.06000000
1783717200000,17094.18000000,12245.07000000
1783720800000,2867.64000000,1495.68000000
1783724400000,3137.45000000,1259.43000000
1783728000000,5489.59000000,2875.93000000
1783731600000,4748.08000000,2026.83000000
1783735200000,3091.95000000,2078.54000000
1783738800000,3354.89000000,1567.69000000
1783742400000,10716.72000000,2417.18000000
1783746000000,7567.64000000,6158.35000000
1783749600000,9592.33000000,2380.47000000
1783753200000,4127.96000000,2298.91000000
1783756800000,3046.83000000,1978.42000000
1783760400000,3912.28000000,2220.19000000
1783764000000,11016.99000000,7137.64000000
1783767600000,6376.20000000,2416.37000000
1783771200000,4128.97000000,1263.06000000
1783774800000,11828.68000000,6925.18000000
1783778400000,4682.81000000,2125.05000000
1783782000000,7860.25000000,3977.65000000
1783785600000,6867.94000000,4379.36000000
1783789200000,9390.98000000,5449.17000000
1783792800000,3738.07000000,1386.84000000
1783796400000,6806.44000000,2441.38000000
1783800000000,4127.85000000,2418.86000000
1783803600000,3927.25000000,1245.69000000
1783807200000,6276.34000000,3377.93000000
1783810800000,16178.20000000,7072.14000000
1783814400000,11013.33000000,6642.62000000
1783818000000,6721.84000000,3414.64000000
1783821600000,7385.06000000,4689.62000000
1783825200000,12331.78000000,10940.44000000
1783828800000,13112.08000000,4771.11000000
1783832400000,9813.58000000,3550.28000000
1783836000000,5338.49000000,3254.56000000
1783839600000,7356.73000000,3687.39000000
1783843200000,3810.21000000,1828.34000000
1783846800000,6689.28000000,2436.58000000
1783850400000,5297.26000000,1561.04000000
1783854000000,4622.30000000,3067.85000000
1783857600000,22616.59000000,11929.76000000
1783861200000,14007.49000000,8057.70000000
1783864800000,40061.25000000,21600.88000000
1783868400000,10210.93000000,4655.66000000
1783872000000,13876.24000000,6004.56000000
1783875600000,15821.84000000,6660.37000000
1783879200000,6723.50000000,2778.18000000
1783882800000,2760.09000000,1055.24000000
1783886400000,6712.08000000,4483.51000000
1783890000000,15575.07000000,9848.40000000
1783893600000,6804.72000000,2479.67000000
1783897200000,4421.21000000,1320.02000000
1783900800000,14638.14000000,4572.44000000
1783904400000,5321.51000000,2179.18000000
1783908000000,8590.99000000,3863.56000000
1783911600000,18953.44000000,9440.10000000
1783915200000,76372.65000000,47140.42000000
1783918800000,34377.53000000,13145.48000000
1783922400000,8117.19000000,5701.78000000
1783926000000,5699.15000000,1600.63000000
1783929600000,1579.65000000,529.60000000
1783933200000,4208.07000000,2004.59000000
1783936800000,4203.40000000,1613.54000000
1783940400000,2269.94000000,409.12000000
1783944000000,3578.33000000,2073.90000000
1783947600000,8086.82000000,5424.31000000
1783951200000,13623.12000000,5985.88000000
1783954800000,3433.60000000,2105.50000000
1783958400000,3570.46000000,1527.49000000
1783962000000,6587.03000000,3569.14000000
1783965600000,3107.19000000,2064.04000000
1783969200000,8085.12000000,6369.52000000
1783972800000,5805.18000000,2646.85000000
1783976400000,8130.99000000,3097.09000000
1783980000000,13812.00000000,10644.95000000
1783983600000,4252.43000000,3420.95000000
1783987200000,1859.50000000,1003.08000000
1783990800000,1666.39000000,298.60000000
1783994400000,1344.73000000,197.92000000
1783998000000,2403.94000000,1050.56000000
1784001600000,3928.32000000,1833.73000000
1784005200000,9663.70000000,5885.83000000
1784008800000,2285.29000000,1283.34000000
1784012400000,7977.26000000,3608.91000000
1784016000000,17700.11000000,6751.53000000
1784019600000,2683.63000000,1807.89000000
1784023200000,2887.64000000,550.84000000
1784026800000,3824.55000000,1913.33000000
1784030400000,30272.81000000,12405.69000000
1784034000000,15990.04000000,7739.17000000
1784037600000,24027.10000000,13992.70000000
1784041200000,15923.73000000,5539.21000000
1784044800000,1603.58000000,1138.75000000
1784048400000,5048.17000000,1526.12000000
1784052000000,2727.24000000,1003.03000000
1784055600000,9245.07000000,4517.60000000
1784059200000,2210.31000000,752.73000000
1784062800000,1890.77000000,950.56000000
1784066400000,3650.39000000,1810.26000000
1784070000000,3806.97000000,2203.39000000
1784073600000,29945.54000000,12850.81000000
1784077200000,21066.12000000,7830.63000000
1784080800000,9977.70000000,2494.42000000
1784084400000,5526.41000000,2977.20000000
1784088000000,7532.91000000,5626.47000000
1784091600000,9359.68000000,8025.43000000
1784095200000,11380.43000000,9308.18000000
1784098800000,11265.60000000,6401.00000000
1784102400000,5625.26000000,3354.53000000
1784106000000,4569.00000000,1925.09000000
1784109600000,1559.96000000,947.18000000
1784113200000,4470.63000000,3654.62000000
1784116800000,23073.28000000,15378.84000000
1784120400000,8157.97000000,3423.64000000
1784124000000,79000.26000000,58413.63000000
1784127600000,16221.80000000,3543.00000000
1784131200000,15766.25000000,10736.73000000
1784134800000,4025.50000000,978.42000000
1784138400000,17657.53000000,4503.85000000
1784142000000,3840.57000000,3120.28000000
1784145600000,5295.49000000,3879.97000000
1784149200000,4243.69000000,2463.84000000
1784152800000,6758.30000000,5643.84000000
1784156400000,10288.09000000,6476.82000000
1784160000000,6663.67000000,2463.05000000
1784163600000,3940.78000000,2680.02000000
1784167200000,3521.11000000,767.57000000
1784170800000,24272.65000000,17953.43000000
1784174400000,12758.96000000,4465.58000000
1784178000000,10110.20000000,7610.85000000
1784181600000,19133.56000000,11675.99000000
1784185200000,17494.75000000,6570.54000000
1784188800000,8868.72000000,3998.93000000
1784192400000,11380.03000000,9415.62000000
1784196000000,3472.61000000,1083.68000000
1784199600000,12905.42000000,3492.66000000
1784203200000,29728.04000000,5171.73000000
1784206800000,4929.38000000,3364.12000000
1784210400000,76868.09000000,24152.41000000
1784214000000,26621.61000000,11577.90000000
1784217600000,7848.13000000,4079.89000000
1784221200000,5171.09000000,2786.41000000
1784224800000,3786.95000000,3284.64000000
1784228400000,6448.79000000,5698.87000000
1784232000000,1902.83000000,754.33000000
1784235600000,1400.16000000,859.39000000
1784239200000,3402.91000000,1342.57000000
1784242800000,10278.89000000,5318.59000000
1784246400000,9795.81000000,5556.15000000
1784250000000,9919.13000000,7616.90000000
1784253600000,2299.19000000,846.93000000
1784257200000,21644.40000000,16119.40000000
1784260800000,11835.82000000,6184.77000000
1784264400000,6834.88000000,3849.25000000
1784268000000,3497.04000000,1809.88000000
1784271600000,21656.41000000,7069.29000000
1784275200000,3624.07000000,2217.65000000
1784278800000,5452.25000000,2478.55000000
1784282400000,2630.92000000,1791.81000000
1784286000000,9658.96000000,5546.67000000
1784289600000,3027.92000000,2147.31000000
1784293200000,17477.91000000,13149.74000000
1784296800000,15075.50000000,7787.90000000
1784300400000,18128.49000000,11993.38000000
1784304000000,19313.37000000,10306.09000000
1784307600000,5040.64000000,2944.89000000
1784311200000,6715.91000000,4640.28000000
1784314800000,42154.72000000,9770.01000000
1784318400000,7831.11000000,6014.21000000
1784322000000,1114.12000000,954.92000000
1784325600000,3179.68000000,2926.74000000
1784329200000,1593.34000000,1226.58000000
1784332800000,1383.54000000,955.67000000
1784336400000,1491.24000000,1121.90000000
1784340000000,3775.13000000,2630.40000000
1784343600000,2092.79000000,2074.29000000
1784347200000,7572.94000000,5154.73000000
1784350800000,5269.22000000,1940.11000000
1784354400000,1833.49000000,1512.77000000
1784358000000,1934.10000000,1500.25000000
1784361600000,962.58000000,830.66000000
1784365200000,19536.75000000,9887.15000000
1784368800000,3545.55000000,1971.23000000
1784372400000,9126.26000000,6660.41000000
1784376000000,19509.46000000,11941.97000000
1784379600000,6712.97000000,2431.98000000
1784383200000,8090.24000000,4622.21000000
1784386800000,5941.17000000,1847.58000000
1784390400000,6872.49000000,6118.05000000
1784394000000,4936.62000000,2245.46000000
1784397600000,3288.56000000,2772.31000000
1784401200000,4869.19000000,1026.69000000
1784404800000,2461.06000000,263.54000000
1784408400000,2127.49000000,757.45000000
1784412000000,2109.04000000,541.27000000
1784415600000,2023.55000000,903.32000000
1784419200000,2247.12000000,1061.96000000
1784422800000,10160.77000000,5077.49000000
1784426400000,3632.78000000,1640.97000000
1784430000000,2025.07000000,495.93000000
1784433600000,5853.94000000,1504.36000000
1784437200000,1926.59000000,697.43000000
1784440800000,2282.64000000,941.07000000
1784444400000,1738.20000000,474.74000000
1784448000000,3250.20000000,2033.12000000
1784451600000,16135.67000000,4780.92000000
1784455200000,4925.27000000,2506.91000000
1784458800000,47160.21000000,22517.56000000
1784462400000,4265.41000000,2001.71000000
1784466000000,2952.82000000,1607.94000000
1784469600000,5156.76000000,3541.55000000
1784473200000,11792.61000000,11241.58000000
1784476800000,1815.97000000,342.59000000
1784480400000,4404.51000000,1234.99000000
1784484000000,15320.37000000,8385.17000000
1784487600000,5306.30000000,3210.50000000
1784491200000,3826.90000000,3002.06000000
1784494800000,1814.90000000,920.31000000
1784498400000,2465.93000000,1287.23000000
1784502000000,2734.04000000,1199.77000000
1784505600000,7486.69000000,4866.49000000
1784509200000,2862.78000000,1968.24000000
1784512800000,7600.34000000,3062.91000000
1784516400000,3159.13000000,2815.81000000
1784520000000,5349.77000000,3247.92000000
1784523600000,10125.24000000,6225.57000000
1784527200000,11990.21000000,7895.08000000
1784530800000,5979.92000000,2930.65000000
1784534400000,8121.86000000,4698.77000000
1784538000000,11661.21000000,3999.81000000
1784541600000,2873.31000000,1020.27000000
1784545200000,10922.33000000,9251.18000000
1784548800000,21369.13000000,13967.55000000
1784552400000,16328.62000000,1804.55000000
1784556000000,4738.92000000,913.34000000
1784559600000,24940.42000000,17422.27000000
1784563200000,23005.72000000,5966.49000000
1784566800000,4199.97000000,2647.16000000
1784570400000,2065.77000000,1334.64000000
1784574000000,4692.43000000,2948.11000000
1784577600000,8050.94000000,5410.10000000
1784581200000,48111.98000000,25931.89000000
1784584800000,41349.50000000,19435.99000000
1784588400000,15796.16000000,10018.04000000
1784592000000,11488.32000000,5398.51000000
1784595600000,5906.98000000,3267.64000000
1784599200000,8649.70000000,3872.08000000
1784602800000,29032.16000000,20613.79000000
1784606400000,9522.81000000,3241.23000000
1784610000000,12657.33000000,4066.79000000
1784613600000,22312.88000000,3016.42000000
1784617200000,8209.91000000,3105.72000000
1784620800000,6937.04000000,5148.58000000
1784624400000,41062.57000000,33510.64000000
1784628000000,9885.17000000,4010.62000000
1784631600000,8599.02000000,5745.06000000
1784635200000,23795.75000000,16050.79000000
1784638800000,15523.61000000,8522.76000000
1784642400000,11518.09000000,3997.21000000
1784646000000,9030.35000000,3991.42000000
1784649600000,13847.32000000,7156.12000000
1784653200000,4707.08000000,1381.20000000
1784656800000,14304.43000000,3110.59000000
1784660400000,6912.66000000,3962.32000000
1784664000000,12705.18000000,6174.61000000
1784667600000,23440.09000000,12876.64000000
1784671200000,24492.80000000,11511.54000000
1784674800000,31632.48000000,23986.86000000
1784678400000,19742.80000000,9070.90000000
1784682000000,2454.82000000,1198.13000000
1784685600000,6252.93000000,1498.14000000
1784689200000,9620.58000000,4734.34000000
1784692800000,2092.34000000,1641.71000000
1784696400000,3863.78000000,1981.19000000
1784700000000,4870.44000000,2061.01000000
1784703600000,3688.25000000,1481.10000000
1784707200000,3741.98000000,1951.13000000
1784710800000,2216.98000000,915.56000000
1784714400000,3225.72000000,1151.11000000
1784718000000,7237.17000000,3336.46000000
1784721600000,12271.16000000,6636.52000000
1784725200000,2765.12000000,1921.50000000
1784728800000,19061.64000000,8790.82000000
1784732400000,15822.73000000,8205.47000000
1784736000000,41998.61000000,18457.98000000
1784739600000,6615.33000000,4729.18000000
1784743200000,2516.19000000,606.13000000
1784746800000,4537.97000000,1486.92000000
1784750400000,3881.28000000,1207.64000000
1784754000000,3667.14000000,1954.03000000
1784757600000,5312.73000000,3405.29000000
1784761200000,12871.32000000,5052.44000000
1784764800000,6964.20000000,5342.22000000
1784768400000,7330.51000000,4255.52000000
1784772000000,8234.37000000,6472.19000000
1784775600000,4122.82000000,989.02000000
1784779200000,5411.52000000,4239.85000000
1784782800000,6092.37000000,3845.81000000
1784786400000,5662.90000000,4415.75000000
1784790000000,24535.51000000,4658.19000000
1784793600000,6084.01000000,3190.57000000
1784797200000,12661.17000000,6391.52000000
1784800800000,7496.22000000,5457.71000000
1784804400000,8138.01000000,5249.76000000
1784808000000,5216.16000000,860.40000000
1784811600000,11739.12000000,3465.23000000
1784815200000,11128.22000000,7182.25000000
1784818800000,9198.89000000,2786.45000000
1784822400000,5519.61000000,2732.83000000
1784826000000,10623.54000000,2236.52000000
1784829600000,7318.86000000,4299.29000000
1784833200000,1531.71000000,805.80000000
1784836800000,2021.76000000,932.36000000
1784840400000,991.34000000,113.79000000
1784844000000,5134.39000000,1218.58000000
1784847600000,4868.91000000,4328.38000000
1784851200000,24377.47000000,12814.98000000
1784854800000,8335.78000000,4903.19000000
1784858400000,31022.62000000,8210.73000000
1784862000000,5143.72000000,3868.05000000
1784865600000,8888.76000000,5925.63000000
1784869200000,3895.15000000,2594.77000000
1784872800000,2756.67000000,1923.57000000
1784876400000,16379.67000000,12890.94000000
1784880000000,7029.22000000,3188.34000000
1784883600000,17261.79000000,8070.73000000
1784887200000,16713.84000000,2088.63000000
1784890800000,5147.37000000,2849.25000000
1784894400000,9333.56000000,4275.13000000
1784898000000,18528.83000000,9795.82000000
1784901600000,6309.93000000,3838.13000000
1784905200000,64239.78000000,51260.24000000
1784908800000,19742.72000000,8756.58000000
1784912400000,12361.77000000,6418.08000000
1784916000000,22080.72000000,14720.97000000
1784919600000,6989.97000000,3375.80000000
1784923200000,26405.26000000,14834.37000000
1784926800000,26162.65000000,14199.77000000
1784930400000,38770.40000000,20434.13000000
1784934000000,67443.16000000,43011.02000000
1784937600000,47533.34000000,29636.01000000
1784941200000,238841.74000000,116589.82000000
1784944800000,173675.78000000,99788.37000000
1784948400000,607946.86000000,359148.85000000
1784952000000,488789.30000000,263783.51000000
1784955600000,203443.81000000,122407.20000000
1784959200000,1293904.59000000,669966.20000000
1784962800000,547398.36000000,268157.13000000
1784966400000,594378.04000000,309103.00000000
1784970000000,1437749.35000000,820663.85000000
1784973600000,1236488.95000000,641114.84000000
1784977200000,838427.12000000,418014.01000000
1784980800000,662465.37000000,308110.69000000
1784984400000,442983.73000000,236673.38000000
1784988000000,739734.16000000,309536.41000000
1784991600000,1254442.21000000,603809.79000000
1784995200000,531586.49000000,274169.43000000
1784998800000,377650.78000000,213083.24000000
1785002400000,895269.05000000,484465.04000000
1785006000000,440999.31000000,219519.97000000
1785009600000,661415.95000000,355084.64000000
1785013200000,343215.70000000,181237.80000000
1785016800000,503208.98000000,243346.81000000
1785020400000,901656.81000000,494088.28000000
1785024000000,2927377.13000000,1487591.36000000
1785027600000,2799409.11000000,1392046.57000000
1785031200000,1116369.95000000,496367.27000000
1785034800000,713792.83000000,379551.77000000
1785038400000,1086789.08000000,625783.67000000
1785042000000,1425270.62000000,778199.23000000
1785045600000,773676.68000000,400391.72000000
1785049200000,696504.77000000,375039.89000000
1785052800000,763534.50000000,359388.01000000
1785056400000,412164.49000000,236671.12000000
1785060000000,399202.68000000,213254.08000000
1785063600000,693741.17000000,384236.61000000
1785067200000,321461.98000000,167855.22000000
1785070800000,294210.06000000,130829.28000000
1785074400000,1005010.74000000,535845.44000000
1785078000000,913663.41000000,448964.25000000
1785081600000,789218.89000000,418211.93000000
1785085200000,267452.61000000,126463.40000000
1785088800000,265954.11000000,139091.98000000
1785092400000,174069.66000000,104490.66000000
1785096000000,428829.05000000,208570.10000000
1785099600000,309794.02000000,160892.07000000
1785103200000,392430.58000000,202204.02000000
1785106800000,219774.55000000,124692.51000000
1785110400000,508310.72000000,247497.48000000
1785114000000,224250.43000000,131228.81000000
1785117600000,330098.93000000,228817.94000000
1785121200000,455434.77000000,244792.39000000
1785124800000,325293.28000000,148200.96000000
1785128400000,439132.30000000,204490.07000000
1785132000000,403682.47000000,178685.86000000
1785135600000,267189.25000000,160556.17000000
1785139200000,501757.08000000,226353.97000000
1785142800000,248436.08000000,152010.05000000
1785146400000,203673.04000000,125721.49000000
1785150000000,187643.03000000,107457.42000000
1785153600000,471233.64000000,242248.52000000
1785157200000,252856.05000000,128140.70000000
1785160800000,194691.13000000,107907.48000000
1785164400000,157308.88000000,80543.19000000
1785168000000,198499.10000000,106314.98000000
1785171600000,272759.70000000,117058.17000000
1785175200000,136775.51000000,60675.57000000
1785178800000,204692.95000000,129506.20000000
1785182400000,157892.74000000,113628.23000000
1785186000000,168400.19000000,84658.65000000
1785189600000,232283.36000000,131003.02000000
1785193200000,287937.91000000,136963.47000000
1785196800000,575967.57000000,239670.36000000
1785200400000,189577.98000000,98442.03000000
1785204000000,141232.92000000,78875.68000000
1785207600000,308974.04000000,165396.68000000
1785211200000,246729.16000000,114162.65000000
1785214800000,418107.89000000,217295.39000000
1785218400000,369705.44000000,187885.14000000
1785222000000,208824.43000000,100101.99000000
1785225600000,168618.00000000,73870.39000000
1785229200000,190928.30000000,80807.61000000
1785232800000,1178322.88000000,592697.60000000
1785236400000,458492.88000000,198462.01000000
1785240000000,503618.20000000,244968.59000000
1785243600000,343994.84000000,137085.18000000
1785247200000,161596.08000000,77708.32000000
1785250800000,104398.31000000,45770.57000000
1785254400000,205633.15000000,86694.71000000
1785258000000,153718.28000000,83928.81000000
1785261600000,143696.78000000,75147.67000000
1785265200000,79052.87000000,45955.41000000
1785268800000,86824.91000000,35847.88000000
1785272400000,75556.79000000,42930.86000000
1785276000000,79619.64000000,39483.51000000
1785279600000,145384.83000000,88442.00000000
1785283200000,389480.88000000,231290.29000000
1785286800000,471409.53000000,255085.33000000
1785290400000,602505.25000000,328028.73000000
1785294000000,1613612.18000000,801143.09000000
1785297600000,935050.28000000,443266.52000000
1785301200000,557959.80000000,249684.58000000
1785304800000,417421.47000000,222324.82000000
1785308400000,429787.20000000,214566.36000000
1785312000000,326331.98000000,154601.83000000
1785315600000,405392.06000000,208540.79000000
1785319200000,646630.60000000,306904.20000000
1785322800000,780866.67000000,394486.04000000
1785326400000,440904.17000000,237720.89000000
1785330000000,488802.55000000,250942.74000000
1785333600000,434305.69000000,213005.28000000
1785337200000,381027.11000000,192416.20000000
1785340800000,313053.98000000,162165.71000000
1785344400000,538409.80000000,279117.91000000
1785348000000,280061.03000000,136069.54000000
1785351600000,132931.92000000,66024.17000000
1785355200000,142449.63000000,70345.73000000
1785358800000,99707.20000000,55213.86000000
1785362400000,101976.49000000,41217.68000000
1785366000000,145436.40000000,70492.08000000
1785369600000,387893.76000000,170872.03000000
1785373200000,494698.13000000,253189.25000000
1785376800000,416317.02000000,211409.71000000
1785380400000,307430.93000000,163632.92000000
1785384000000,445841.20000000,228163.99000000
1785387600000,247866.58000000,143463.51000000
1785391200000,247894.31000000,122422.66000000
1785394800000,463916.19000000,239268.54000000
1785398400000,378074.91000000,183981.09000000
1785402000000,602029.66000000,301405.53000000
1785405600000,1068494.33000000,591751.74000000
1785409200000,565281.55000000,251458.58000000
1785412800000,376356.89000000,180038.93000000
1785416400000,407106.01000000,204294.31000000
1785420000000,856624.08000000,380796.84000000
1785423600000,518005.91000000,267759.73000000
1785427200000,704876.97000000,397731.99000000
1785430800000,400743.42000000,204274.74000000
1785434400000,1278159.27000000,679704.28000000
1785438000000,1392990.78000000,738603.02000000
1785441600000,274669.75000000,139967.46000000
1785445200000,273680.81000000,148178.31000000
1785448800000,305267.68000000,133525.12000000
1785452400000,202030.42000000,95629.79000000
1785456000000,1117839.26000000,522707.78000000
1785459600000,1421778.81000000,769171.25000000
1785463200000,910215.57000000,431272.76000000
1785466800000,965904.91000000,572732.31000000
1785470400000,1104285.66000000,538854.89000000
1785474000000,1628463.28000000,805718.14000000
1785477600000,3238105.31000000,1576101.92000000
1785481200000,3659641.12000000,1704693.99000000
1785484800000,11032629.12000000,5575475.85000000
1785488400000,33159178.60000000,17641194.68000000
1785492000000,656063.28000000,324885.89000000
1785495600000,231336.23000000,109160.46000000
1785499200000,324905.26000000,147417.05000000
1785502800000,245829.98000000,105055.52000000
1785506400000,262053.63000000,131662.44000000
1785510000000,313008.49000000,149551.92000000
1785513600000,1040756.06000000,825567.62000000
1785517200000,257808.91000000,136622.55000000
1785520800000,182658.37000000,79365.32000000
1785524400000,142512.78000000,53408.58000000
1785528000000,516216.77000000,233425.88000000
1785531600000,99164.45000000,44673.79000000
1785535200000,51773.87000000,28023.39000000
1785538800000,98073.15000000,42099.18000000
1785542400000,345902.30000000,210348.39000000
1785546000000,232032.94000000,108564.18000000
1785549600000,171750.14000000,78678.41000000
1785553200000,199796.94000000,98238.09000000
1785556800000,148693.92000000,65930.00000000
1785560400000,226261.20000000,102149.01000000
1785564000000,725665.87000000,347024.21000000
1785567600000,912820.80000000,491101.09000000
1785571200000,920322.17000000,559029.11000000
1785574800000,727477.16000000,367350.58000000
1785578400000,858986.42000000,458914.94000000
1785582000000,991984.69000000,584508.83000000
1785585600000,809335.30000000,415207.44000000
1785589200000,3223058.13000000,1692954.70000000
1785592800000,1434126.22000000,770567.92000000
1785596400000,894222.07000000,432285.92000000
1785600000000,592416.15000000,231547.92000000
1785603600000,387453.15000000,174442.22000000
1785607200000,340856.52000000,191204.76000000
1785610800000,404307.58000000,209944.06000000
1785614400000,205066.24000000,93873.31000000
1785618000000,154807.07000000,84599.74000000
1785621600000,93292.89000000,47978.94000000
1785625200000,121940.29000000,64327.20000000
1785628800000,487474.82000000,268693.83000000
1785632400000,834069.03000000,479463.38000000
1785636000000,377375.41000000,173331.21000000
1785639600000,367868.15000000,182048.79000000
1785643200000,504243.73000000,266682.19000000
1785646800000,926803.69000000,396660.75000000
1785650400000,733874.52000000,337625.20000000
1785654000000,4040867.61000000,1435414.06000000
1785657600000,5963766.17000000,2532785.64000000
1785661200000,11866045.78000000,5803083.55000000
1785664800000,518260.94000000,236365.61000000
1785668400000,278296.21000000,133826.52000000
1785672000000,179170.42000000,79088.27000000
1785675600000,257784.96000000,123921.34000000
1785679200000,410810.31000000,170312.03000000
1785682800000,633952.31000000,255778.27000000
1785686400000,397153.22000000,158396.14000000
1785690000000,376989.13000000,142770.62000000
1785693600000,209301.86000000,89931.54000000
1785697200000,152886.06000000,76284.51000000
1785700800000,123264.77000000,69547.78000000
1785704400000,47159.87000000,23945.00000000
1785708000000,147513.44000000,75087.34000000
1785711600000,163770.07000000,91178.00000000
1785715200000,596689.96000000,333525.34000000
1785718800000,245506.61000000,126275.62000000
1785722400000,159736.34000000,71225.90000000
1785726000000,325600.38000000,164426.30000000
1785729600000,452045.49000000,178111.18000000
1785733200000,425558.00000000,156350.24000000
1785736800000,400873.77000000,192894.66000000
1785740400000,489352.22000000,242010.98000000
1785744000000,522846.78000000,277659.04000000
1785747600000,376874.77000000,161975.02000000
1785751200000,333903.50000000,156725.58000000
1785754800000,572525.10000000,307330.48000000
1785758400000,463499.51000000,238995.41000000
1785762000000,542077.85000000,258693.72000000
1785765600000,716898.99000000,432487.89000000
1785769200000,470301.89000000,212041.24000000
1785772800000,340747.81000000,164514.43000000
1785776400000,372058.62000000,153496.12000000
1785780000000,226993.20000000,109376.77000000
1785783600000,166754.94000000,74322.57000000
1785787200000,118479.63000000,59554.84000000
1785790800000,96345.01000000,62703.89000000
1785794400000,149466.02000000,95544.18000000
1785798000000,302022.89000000,174517.50000000
1785801600000,505791.84000000,283534.70000000
1785805200000,277308.97000000,150470.98000000
1785808800000,387273.27000000,167706.53000000
1785812400000,562411.10000000,239763.98000000
1785816000000,524066.33000000,264892.21000000
1785819600000,407302.24000000,196294.94000000
1785823200000,474417.34000000,214832.63000000
1785826800000,835687.55000000,488268.14000000
1785830400000,680327.68000000,340716.63000000
1785834000000,964341.06000000,534908.04000000
1785837600000,875282.76000000,411503.33000000
1785841200000,842868.31000000,426747.31000000
1785844800000,810935.81000000,358836.19000000
1785848400000,708439.12000000,332358.39000000
1785852000000,839528.31000000,407532.88000000
1785855600000,702152.36000000,307338.69000000
1785859200000,505238.56000000,223756.53000000
1785862800000,559839.75000000,250721.66000000
1785866400000,346777.34000000,163882.00000000
1785870000000,1511107.33000000,177811.43000000
1785873600000,161679.05000000,71201.69000000
1785877200000,218367.30000000,72010.75000000
1785880800000,455212.01000000,279031.88000000
1785884400000,542574.35000000,383603.22000000
1785888000000,1282670.73000000,651625.10000000
1785891600000,631896.93000000,321768.12000000
1785895200000,648110.01000000,297537.96000000
1785898800000,1059370.97000000,497588.33000000
1785902400000,3863793.21000000,1877462.68000000
1785906000000,6759994.17000000,3099303.98000000
1785909600000,9493236.37000000,4608578.09000000
1785913200000,13310018.29000000,7112275.78000000
1785916800000,16396785.58000000,6556736.65000000
1785920400000,23902543.92000000,9395785.76000000
1785924000000,129127.24000000,80555.30000000
1785927600000,71386.48000000,51999.56000000
1785931200000,120025.70000000,55748.12000000
1785934800000,77697.16000000,26414.14000000
1785938400000,59203.94000000,28916.18000000
1785942000000,50093.26000000,20082.17000000
1785945600000,45828.89000000,26580.81000000
1785949200000,33294.18000000,11264.01000000
1785952800000,48381.96000000,23248.69000000
1785956400000,39044.05000000,21463.13000000
1785960000000,39561.14000000,22125.71000000
1785963600000,7856.18000000,4834.02000000
1785967200000,38559.50000000,15553.43000000
1785970800000,62360.13000000,45669.22000000
1785974400000,176810.54000000,65371.08000000
1785978000000,41162.72000000,26261.01000000
1785981600000,40387.81000000,9246.99000000
1785985200000,64860.99000000,19310.87000000
1785988800000,55113.29000000,21116.40000000
1785992400000,57021.54000000,22461.73000000
1785996000000,58356.49000000,27611.59000000
1785999600000,58946.57000000,33498.36000000
1786003200000,82731.52000000,32656.17000000
1786006800000,58353.63000000,21773.78000000
1786010400000,47875.98000000,19026.23000000
1786014000000,19112.47000000,11490.20000000
1786017600000,37984.24000000,12773.20000000
1786021200000,36569.28000000,21355.92000000
1786024800000,110822.96000000,54278.21000000
1786028400000,38364.69000000,20981.65000000
1786032000000,22404.57000000,10600.07000000
1786035600000,18508.44000000,6844.81000000
1786039200000,17464.64000000,11114.87000000
1786042800000,20157.52000000,12586.68000000
1786046400000,54511.03000000,24377.56000000
1786050000000,37640.47000000,17699.27000000
1786053600000,19784.64000000,3366.62000000
1786057200000,31303.76000000,13908.08000000
1786060800000,115903.23000000,40814.73000000
1786064400000,126014.00000000,59388.59000000
1786068000000,57963.12000000,28073.52000000
1786071600000,31909.66000000,11450.91000000
1786075200000,73102.84000000,29716.62000000
1786078800000,27470.28000000,9767.22000000
1786082400000,41974.57000000,24091.71000000
1786086000000,71837.46000000,34528.72000000
1786089600000,24023.02000000,9080.61000000
1786093200000,26044.47000000,9160.39000000
1786096800000,34975.32000000,24370.88000000
1786100400000,49301.61000000,16358.44000000
1786104000000,57158.84000000,29686.38000000
1786107600000,46710.95000000,30005.93000000
1786111200000,96092.43000000,57838.89000000
1786114800000,34936.28000000,17344.04000000
1786118400000,57606.04000000,24589.36000000
1786122000000,24383.01000000,13243.12000000
1786125600000,16220.70000000,10966.70000000
1786129200000,22224.49000000,13388.69000000
1786132800000,27129.49000000,11853.79000000
1786136400000,24491.56000000,4978.88000000
1786140000000,22902.49000000,4927.88000000
1786143600000,15647.32000000,7266.65000000
1786147200000,42546.30000000,23030.89000000
1786150800000,20345.32000000,11989.70000000
1786154400000,21203.58000000,11675.84000000
1786158000000,24282.12000000,13447.12000000
1786161600000,22490.41000000,10359.36000000
1786165200000,35046.31000000,16996.01000000
1786168800000,38809.74000000,20117.74000000
1786172400000,30733.22000000,11339.40000000
1786176000000,43208.09000000,28451.71000000
1786179600000,24826.86000000,16702.61000000
1786183200000,54012.09000000,25533.71000000
1786186800000,28514.38000000,15739.04000000
1786190400000,41146.73000000,24351.23000000
1786194000000,22069.77000000,12224.29000000
1786197600000,30724.26000000,18094.95000000
1786201200000,17606.40000000,10106.46000000
1786204800000,29361.71000000,14890.53000000
1786208400000,36839.80000000,19220.71000000
1786212000000,35143.14000000,21437.87000000
1786215600000,34345.61000000,17879.63000000
1786219200000,33186.93000000,26334.32000000
1786222800000,66175.35000000,36792.43000000
1786226400000,23013.57000000,12736.35000000
1786230000000,27338.90000000,17382.69000000
1786233600000,121097.14000000,49673.85000000
1786237200000,101439.10000000,57557.46000000
1786240800000,50326.52000000,36408.76000000
1786244400000,24447.45000000,18644.57000000
1786248000000,28957.80000000,13537.45000000
1786251600000,40213.89000000,26807.75000000
1786255200000,139467.92000000,81475.72000000
1786258800000,132429.01000000,48373.23000000
1786262400000,65708.34000000,34525.79000000
1786266000000,83195.25000000,48865.61000000
1786269600000,52375.62000000,21256.13000000
1786273200000,51950.66000000,24708.58000000
1786276800000,43177.84000000,26143.61000000
1786280400000,30518.66000000,13034.82000000
1786284000000,35048.77000000,15232.01000000
1786287600000,8324.94000000,3285.05000000
1786291200000,18731.11000000,9580.52000000
1786294800000,8972.98000000,4644.04000000
1786298400000,12664.75000000,6257.04000000
1786302000000,32530.06000000,24163.84000000
1786305600000,17380.79000000,10706.05000000
1786309200000,39381.04000000,16753.38000000
1786312800000,28386.64000000,13466.48000000
1786316400000,38254.00000000,20467.12000000
1786320000000,170856.97000000,104294.63000000
1786323600000,154971.51000000,75293.72000000
1786327200000,155297.68000000,95023.86000000
1786330800000,55109.74000000,22954.40000000
1786334400000,99680.03000000,44522.90000000
1786338000000,146627.11000000,74761.13000000
1786341600000,89416.47000000,33995.52000000
1786345200000,59000.68000000,24414.72000000
1786348800000,38269.66000000,15941.77000000
1786352400000,53677.46000000,18113.35000000
1786356000000,23874.34000000,6173.37000000
1786359600000,68979.69000000,24382.41000000
1786363200000,45714.91000000,12575.29000000
1786366800000,78927.86000000,35674.58000000
1786370400000,86002.63000000,43379.67000000
1786374000000,37046.60000000,10440.79000000
1786377600000,24617.15000000,11814.30000000
1786381200000,28127.04000000,10567.45000000
1786384800000,52776.64000000,16219.19000000
1786388400000,29853.46000000,19579.31000000
1786392000000,37345.81000000,24067.96000000
1786395600000,33776.79000000,23242.82000000
1786399200000,17268.59000000,5722.93000000
1786402800000,27847.17000000,18921.17000000
1786406400000,305540.79000000,198711.47000000
1786410000000,157659.26000000,75442.16000000
1786413600000,39236.87000000,24004.68000000
1786417200000,51976.89000000,28618.49000000
1786420800000,11943.59000000,6036.67000000
1786424400000,24699.60000000,13426.46000000
1786428000000,48122.48000000,20858.43000000
1786431600000,43490.81000000,15460.00000000
1786435200000,50177.12000000,24772.34000000
1786438800000,44464.83000000,15887.19000000
1786442400000,60123.44000000,22036.09000000
1786446000000,40483.54000000,19766.65000000
1786449600000,89557.07000000,29190.21000000
1786453200000,54650.11000000,25479.77000000
1786456800000,40358.95000000,15906.67000000
1786460400000,65569.53000000,25809.25000000
1786464000000,57683.05000000,24639.50000000
1786467600000,13629.56000000,7181.08000000
1786471200000,16106.80000000,4327.95000000
1786474800000,14866.51000000,5687.74000000
1786478400000,38486.77000000,18087.35000000
1786482000000,11885.31000000,3978.84000000
1786485600000,17889.57000000,12605.34000000
1786489200000,46462.41000000,40702.88000000
1786492800000,237832.43000000,130795.36000000
1786496400000,42386.45000000,19514.03000000
1786500000000,40131.85000000,11981.65000000
1786503600000,39855.93000000,14125.94000000
1786507200000,36482.03000000,12755.55000000
1786510800000,54197.10000000,25157.11000000
1786514400000,53403.90000000,13673.83000000
1786518000000,37695.24000000,12696.14000000
1786521600000,30549.34000000,9505.87000000
1786525200000,27499.65000000,4193.39000000
1786528800000,51225.27000000,18639.37000000
1786532400000,24629.42000000,5845.79000000
1786536000000,39987.29000000,13981.33000000
1786539600000,44953.18000000,17461.12000000
1786543200000,48288.10000000,14554.94000000
1786546800000,45664.73000000,19231.02000000
1786550400000,54592.04000000,26943.80000000
1786554000000,107288.68000000,63301.39000000
1786557600000,100527.57000000,42571.53000000
1786561200000,176525.08000000,105410.21000000
1786564800000,87546.99000000,32658.64000000
1786568400000,108545.60000000,35184.93000000
1786572000000,34977.34000000,12932.59000000
1786575600000,35256.94000000,13777.55000000
1786579200000,69998.27000000,35458.06000000
1786582800000,162356.02000000,86254.26000000
1786586400000,61347.31000000,27220.11000000
1786590000000,68654.53000000,27827.43000000
1786593600000,85788.14000000,40454.35000000
1786597200000,105869.43000000,44761.14000000
1786600800000,66392.39000000,29430.24000000
1786604400000,33159.63000000,11660.49000000
1786608000000,35569.98000000,13685.45000000
1786611600000,47443.35000000,24843.15000000
1786615200000,28628.20000000,10254.01000000
1786618800000,23140.67000000,8356.43000000
1786622400000,28891.06000000,13569.20000000
1786626000000,36745.82000000,19654.53000000
1786629600000,23695.69000000,6558.78000000
1786633200000,39006.21000000,19584.01000000
1786636800000,63262.49000000,38298.82000000
1786640400000,31274.67000000,15042.14000000
1786644000000,26273.79000000,12050.36000000
1786647600000,12713.53000000,7406.40000000
1786651200000,9478.20000000,4892.09000000
1786654800000,8700.97000000,2832.27000000
1786658400000,11188.56000000,5371.71000000
1786662000000,17025.95000000,5595.74000000
1786665600000,24408.03000000,11933.81000000
1786669200000,18965.95000000,12740.25000000
1786672800000,28284.00000000,11379.21000000
1786676400000,70545.64000000,21107.19000000
1786680000000,75838.50000000,37670.00000000
1786683600000,38083.37000000,10645.92000000
1786687200000,49468.19000000,8052.79000000
1786690800000,47488.47000000,20060.67000000
1786694400000,44323.49000000,17309.58000000
1786698000000,82439.47000000,33149.32000000
1786701600000,63367.34000000,33227.88000000
1786705200000,56119.31000000,27569.55000000
1786708800000,47019.56000000,21073.81000000
1786712400000,91480.24000000,35904.79000000
1786716000000,111434.32000000,46098.08000000
1786719600000,96214.68000000,45313.78000000
1786723200000,99133.44000000,44666.18000000
1786726800000,24291.80000000,12951.11000000
1786730400000,24235.70000000,9169.09000000
1786734000000,39131.05000000,12856.29000000
1786737600000,20769.68000000,12065.25000000
1786741200000,28949.28000000,13549.93000000
1786744800000,79058.34000000,34983.54000000
1786748400000,57057.53000000,30423.51000000
1786752000000,63148.51000000,35204.02000000
1786755600000,53622.33000000,25219.38000000
1786759200000,36217.81000000,20647.72000000
1786762800000,90908.44000000,37270.54000000
1786766400000,86472.15000000,45944.77000000
1786770000000,37077.73000000,12115.43000000
1786773600000,29729.25000000,16853.45000000
1786777200000,31827.82000000,14785.44000000
1786780800000,42108.51000000,21229.18000000
1786784400000,50019.80000000,16461.07000000
1786788000000,46334.81000000,18854.05000000
1786791600000,18827.58000000,5496.57000000
1786795200000,35274.51000000,12649.39000000
1786798800000,12382.60000000,4596.21000000
1786802400000,19663.92000000,8029.24000000
1786806000000,10535.28000000,2887.81000000
1786809600000,15098.93000000,9527.49000000
1786813200000,20053.06000000,7722.27000000
1786816800000,26771.86000000,16778.86000000
1786820400000,16632.43000000,6475.36000000
1786824000000,11056.95000000,6428.87000000
1786827600000,7627.35000000,2259.73000000
1786831200000,16171.74000000,6806.21000000
1786834800000,5375.14000000,2359.46000000
1786838400000,17386.94000000,6048.26000000
1786842000000,18397.28000000,6940.60000000
1786845600000,11062.44000000,6341.51000000
1786849200000,8270.54000000,6194.16000000
1786852800000,16015.72000000,5923.43000000
1786856400000,20504.42000000,3786.45000000
1786860000000,32886.47000000,19883.64000000
1786863600000,26752.44000000,13399.49000000
1786867200000,10122.01000000,5532.90000000
1786870800000,8680.67000000,3401.26000000
1786874400000,12584.44000000,5318.19000000
1786878000000,6003.00000000,4372.17000000
1786881600000,13525.54000000,8484.08000000
1786885200000,4688.69000000,1087.08000000
1786888800000,16652.05000000,7341.73000000
1786892400000,40585.67000000,16660.75000000
1786896000000,18877.45000000,5948.58000000
1786899600000,27954.01000000,10267.26000000
1786903200000,18189.21000000,9527.38000000
1786906800000,11400.88000000,6859.14000000
1786910400000,11060.71000000,8517.42000000
1786914000000,12222.96000000,6463.19000000
1786917600000,16955.76000000,6771.77000000
1786921200000,26337.67000000,8008.80000000
1786924800000,663612.99000000,430559.54000000
1786928400000,82557.72000000,40802.50000000
1786932000000,49924.45000000,32655.37000000
1786935600000,54617.12000000,28671.76000000
1786939200000,47107.41000000,32230.44000000
1786942800000,84989.33000000,28758.24000000
1786946400000,69341.39000000,21426.80000000
1786950000000,87083.70000000,27886.84000000
1786953600000,56779.61000000,18031.00000000
1786957200000,56603.19000000,22171.11000000
1786960800000,55596.13000000,18790.15000000
1786964400000,29547.55000000,14958.58000000
1786968000000,50502.16000000,29614.54000000
1786971600000,226739.07000000,141894.87000000
1786975200000,641029.12000000,394840.35000000
1786978800000,171677.40000000,64731.13000000
1786982400000,91323.74000000,39755.94000000
1786986000000,50137.13000000,32351.23000000
1786989600000,76927.20000000,28400.49000000
1786993200000,34425.92000000,15482.10000000
1786996800000,35869.88000000,19672.38000000
1787000400000,18329.36000000,8643.31000000
1787004000000,29811.34000000,12075.16000000
1787007600000,107106.79000000,92178.47000000
1787011200000,279419.64000000,167713.16000000
1787014800000,119607.17000000,70388.70000000
1787018400000,138444.38000000,79681.37000000
1787022000000,207475.50000000,129978.19000000
1787025600000,184350.48000000,83810.21000000
1787029200000,68897.88000000,35135.37000000
1787032800000,79322.76000000,30361.36000000
1787036400000,67547.67000000,39261.94000000
1787040000000,71498.56000000,32795.87000000
1787043600000,32778.79000000,14895.09000000
1787047200000,50608.87000000,16401.26000000
1787050800000,16610.63000000,8697.52000000
1787054400000,80056.78000000,55601.87000000
1787058000000,51502.82000000,25917.88000000
1787061600000,61999.13000000,27538.86000000
1787065200000,44182.21000000,14464.90000000
1787068800000,21356.56000000,9241.93000000
1787072400000,11838.40000000,6024.65000000
1787076000000,5546.61000000,2074.30000000
1787079600000,14917.07000000,8854.64000000
1787083200000,12617.20000000,4664.01000000
1787086800000,14153.84000000,5843.48000000
1787090400000,14869.66000000,8713.79000000
1787094000000,31118.67000000,13116.31000000
1787097600000,70937.23000000,32186.85000000
1787101200000,54240.65000000,34724.34000000
1787104800000,37659.94000000,18253.71000000
1787108400000,40204.47000000,18438.96000000
1787112000000,119920.81000000,72567.98000000
1787115600000,146334.66000000,79340.35000000
1787119200000,93931.51000000,45254.11000000
1787122800000,275284.80000000,132545.53000000
1787126400000,111237.56000000,45324.59000000
1787130000000,62655.58000000,28988.41000000
1787133600000,90154.68000000,45218.14000000
1787137200000,68760.18000000,30542.50000000
1787140800000,102288.77000000,44553.78000000
1787144400000,110164.15000000,41996.88000000
1787148000000,90099.90000000,30700.53000000
1787151600000,148902.04000000,81434.25000000
1787155200000,110663.68000000,46661.71000000
1787158800000,66732.12000000,31199.01000000
1787162400000,44580.58000000,20221.76000000
1787166000000,24711.14000000,11576.08000000
1787169600000,69123.09000000,38663.30000000
1787173200000,274855.95000000,134625.09000000
1787176800000,57993.86000000,17016.22000000
1787180400000,77544.11000000,38654.11000000
1787184000000,151426.74000000,66558.57000000
1787187600000,122983.10000000,58278.10000000
1787191200000,57770.28000000,23923.73000000
1787194800000,57158.59000000,27662.55000000
1787198400000,29077.25000000,9204.40000000
1787202000000,51934.82000000,23801.74000000
1787205600000,40799.83000000,16708.26000000
1787209200000,37257.22000000,16273.18000000
1787212800000,62063.86000000,37711.27000000
1787216400000,57776.41000000,25064.92000000
1787220000000,32630.06000000,15215.03000000
1787223600000,34647.87000000,18024.70000000
1787227200000,50153.11000000,27390.06000000
1787230800000,34120.49000000,19023.69000000
1787234400000,60557.56000000,31802.55000000
1787238000000,73722.77000000,47960.92000000
1787241600000,36780.43000000,21710.06000000
1787245200000,34460.21000000,18610.57000000
1787248800000,47518.18000000,25159.94000000
1787252400000,26706.38000000,10309.60000000
1787256000000,26976.68000000,11362.40000000
1787259600000,38230.44000000,22653.83000000
1787263200000,18614.23000000,9141.23000000
1787266800000,58880.73000000,33579.21000000
1787270400000,52472.33000000,23961.28000000
1787274000000,53341.35000000,23205.72000000
1787277600000,73735.90000000,27111.84000000
1787281200000,27080.02000000,12242.92000000
1787284800000,22824.81000000,11322.59000000
1787288400000,43543.85000000,19338.67000000
1787292000000,37212.77000000,11101.72000000
1787295600000,48050.17000000,15544.41000000
1787299200000,135570.32000000,76595.25000000
1787302800000,127981.76000000,53048.42000000
1787306400000,65534.26000000,28141.44000000
1787310000000,75005.56000000,30976.83000000
1787313600000,102603.87000000,47842.00000000
1787317200000,123414.41000000,54197.16000000
1787320800000,179239.76000000,97849.88000000
1787324400000,108816.71000000,49726.54000000
1787328000000,116348.80000000,33232.32000000
1787331600000,64956.06000000,34201.26000000
1787335200000,57557.98000000,20021.27000000
1787338800000,62544.62000000,25760.27000000
1787342400000,49047.19000000,22745.39000000
1787346000000,37794.40000000,12922.80000000
1787349600000,33330.47000000,16235.86000000
1787353200000,36024.35000000,18039.52000000
1787356800000,57373.71000000,30265.26000000
1787360400000,32771.53000000,16124.07000000
1787364000000,21246.90000000,11282.75000000
1787367600000,34110.89000000,13721.50000000
1787371200000,41812.14000000,25038.28000000
1787374800000,488638.58000000,232816.64000000
1787378400000,70667.28000000,26505.39000000
1787382000000,62200.03000000,26918.23000000
1787385600000,232948.85000000,139698.88000000
1787389200000,79562.67000000,35697.62000000
1787392800000,77293.03000000,37483.81000000
1787396400000,41648.67000000,16045.47000000
1787400000000,45053.44000000,16630.38000000
1787403600000,32975.01000000,15059.15000000
1787407200000,93124.50000000,29123.23000000
1787410800000,25064.27000000,10925.61000000
1787414400000,13593.82000000,3592.29000000
1787418000000,10155.77000000,5061.34000000
1787421600000,8455.11000000,4130.54000000
1787425200000,11803.22000000,6338.30000000
1787428800000,85239.29000000,32339.43000000
1787432400000,66693.49000000,34542.77000000
1787436000000,12803.97000000,5800.07000000
1787439600000,29002.72000000,18234.02000000
1787443200000,821454.22000000,539486.34000000
1787446800000,506221.60000000,322992.64000000
1787450400000,261143.90000000,149586.50000000
1787454000000,153387.89000000,62285.55000000
1787457600000,160223.97000000,58117.19000000
1787461200000,50050.48000000,20853.86000000
1787464800000,119349.28000000,44523.63000000
1787468400000,33608.31000000,11352.38000000
1787472000000,62160.57000000,29623.74000000
1787475600000,50028.81000000,15312.46000000
1787479200000,94785.94000000,65392.53000000
1787482800000,57182.26000000,27004.89000000
1787486400000,51925.69000000,27447.36000000
1787490000000,89024.48000000,48460.15000000
1787493600000,100157.78000000,30212.42000000
1787497200000,32266.69000000,14226.83000000
1787500800000,12189.92000000,3192.61000000
1787504400000,22130.28000000,9775.53000000
1787508000000,123207.00000000,94081.44000000
1787511600000,25027.27000000,8094.89000000
1787515200000,22309.06000000,9749.59000000
1787518800000,31967.64000000,11280.91000000
1787522400000,33947.83000000,12690.15000000
1787526000000,20164.30000000,14777.84000000
1787529600000,256604.66000000,166002.68000000
1787533200000,130181.35000000,52516.34000000
1787536800000,115608.36000000,70886.97000000
1787540400000,170293.37000000,102720.12000000
1787544000000,209898.45000000,120492.79000000
1787547600000,391641.41000000,227038.54000000
1787551200000,104163.98000000,40134.86000000
1787554800000,186806.37000000,87231.04000000
1787558400000,163348.15000000,84942.35000000
1787562000000,116873.30000000,54137.58000000
1787565600000,67094.10000000,19667.69000000
1787569200000,80057.70000000,42445.84000000
1787572800000,60297.16000000,21130.67000000
1787576400000,78444.46000000,33698.80000000
1787580000000,36515.66000000,12994.95000000
1787583600000,102082.27000000,36098.51000000
1787587200000,143198.83000000,71043.88000000
1787590800000,28275.05000000,14324.79000000
1787594400000,37984.36000000,21698.14000000
1787598000000,60750.22000000,34178.41000000
1787601600000,45072.63000000,21042.06000000
1787605200000,34314.02000000,17752.39000000
1787608800000,43882.83000000,13610.81000000
1787612400000,34620.35000000,15395.46000000
1787616000000,222360.73000000,159569.71000000
1787619600000,41935.92000000,22180.06000000
1787623200000,57459.36000000,21507.00000000
1787626800000,51023.67000000,29855.24000000
1787630400000,73355.62000000,35833.50000000
1787634000000,207572.25000000,119052.21000000
1787637600000,78354.78000000,31604.60000000
1787641200000,70881.45000000,20644.51000000
1787644800000,59996.66000000,21676.58000000
1787648400000,26841.21000000,12185.05000000
1787652000000,44061.70000000,23409.11000000
1787655600000,32892.46000000,10714.84000000
1787659200000,50643.35000000,31375.05000000
1787662800000,53601.45000000,21791.15000000
1787666400000,49219.04000000,19352.30000000
1787670000000,58272.76000000,20384.81000000
1787673600000,26730.94000000,9895.92000000
1787677200000,26044.88000000,10454.59000000
1787680800000,17120.28000000,8612.99000000
1787684400000,16655.61000000,9494.71000000
