open_time,open,high,low,close,volume,close_time,quote_volume,n_trades
1758628800000,0.69600000,0.69600000,0.10500000,0.16260000,396997698.60000000,1758632399999,62695875.94509000,251790
1758632400000,0.16270000,0.17050000,0.15110000,0.16570000,121968878.90000000,1758635999999,19567516.86341000,106407
1758636000000,0.16570000,0.18580000,0.16030000,0.17260000,145025004.30000000,1758639599999,24670170.09700000,92006
1758639600000,0.17260000,0.17490000,0.15560000,0.16230000,88363211.20000000,1758643199999,14560044.62541000,52332
1758643200000,0.16240000,0.16700000,0.15500000,0.16230000,59857640.20000000,1758646799999,9690619.67052000,34214
1758646800000,0.16220000,0.16300000,0.12880000,0.13650000,121241722.50000000,1758650399999,17263116.93025000,53764
1758650400000,0.13670000,0.13670000,0.12550000,0.12830000,49765709.80000000,1758653999999,6496484.21569000,23534
1758654000000,0.12830000,0.13890000,0.12370000,0.13740000,55589651.50000000,1758657599999,7223742.80155000,27041
1758657600000,0.13750000,0.14710000,0.13460000,0.14360000,47545037.80000000,1758661199999,6765756.74522000,26531
1758661200000,0.14370000,0.14860000,0.14010000,0.14490000,25021584.20000000,1758664799999,3593047.87161000,12246
1758664800000,0.14510000,0.14540000,0.13600000,0.14150000,21521228.00000000,1758668399999,3037780.23405000,13477
1758668400000,0.14140000,0.14330000,0.13720000,0.13820000,16521570.30000000,1758671999999,2316716.12291000,10930
1758672000000,0.13800000,0.14400000,0.13410000,0.13660000,27064329.40000000,1758675599999,3759869.67371000,15966
1758675600000,0.13660000,0.15300000,0.13660000,0.14940000,36749250.70000000,1758679199999,5319171.40383000,19685
1758679200000,0.14940000,0.15540000,0.14550000,0.15170000,37044493.80000000,1758682799999,5576953.85699000,24421
1758682800000,0.15180000,0.15550000,0.14610000,0.14760000,29631880.20000000,1758686399999,4451658.65909000,20550
1758686400000,0.14800000,0.15180000,0.13910000,0.14590000,33252704.40000000,1758689999999,4865245.94957000,17903
1758690000000,0.14540000,0.15310000,0.14510000,0.14870000,28786446.60000000,1758693599999,4309603.49921000,15317
1758693600000,0.14850000,0.15990000,0.14700000,0.15460000,36569634.80000000,1758697199999,5600320.57575000,22298
1758697200000,0.15470000,0.18300000,0.15340000,0.17900000,92614010.10000000,1758700799999,15745357.53599000,52447
1758700800000,0.17900000,0.18700000,0.16270000,0.17790000,120154864.60000000,1758704399999,21203952.48464000,88759
1758704400000,0.17790000,0.18200000,0.17200000,0.17800000,60152307.60000000,1758707999999,10637185.59699000,42842
1758708000000,0.17790000,0.18500000,0.17230000,0.17530000,329366907.20000000,1758711599999,59098758.81296000,729536
1758711600000,0.17520000,0.17800000,0.16900000,0.17470000,53714139.70000000,1758715199999,9334725.57289000,38161
1758715200000,0.17480000,0.17790000,0.16310000,0.17720000,73596440.40000000,1758718799999,12552226.86073000,46357
1758718800000,0.17710000,0.19480000,0.17680000,0.18600000,112823582.70000000,1758722399999,21028022.65659000,56634
1758722400000,0.18600000,0.19050000,0.17910000,0.18470000,52329862.80000000,1758725999999,9634195.55416000,30023
1758726000000,0.18470000,0.18790000,0.17440000,0.17840000,48753754.30000000,1758729599999,8817502.29222000,29277
1758729600000,0.17850000,0.18420000,0.17200000,0.17750000,71167607.00000000,1758733199999,12693491.34759000,33067
1758733200000,0.17740000,0.17880000,0.16690000,0.17770000,45545996.70000000,1758736799999,7927888.64319000,27828
1758736800000,0.17770000,0.17800000,0.16910000,0.17180000,24491540.20000000,1758740399999,4232209.06754000,18379
1758740400000,0.17180000,0.17540000,0.17040000,0.17140000,18080746.80000000,1758743999999,3122312.74268000,14166
1758744000000,0.17140000,0.17330000,0.16510000,0.17170000,22827033.90000000,1758747599999,3872010.10062000,16524
1758747600000,0.17170000,0.17170000,0.16080000,0.16370000,22391595.60000000,1758751199999,3693327.36499000,13314
1758751200000,0.16370000,0.17000000,0.16160000,0.16780000,19233062.20000000,1758754799999,3193013.23206000,15771
1758754800000,0.16780000,0.17340000,0.16240000,0.17190000,24954309.90000000,1758758399999,4204755.03017000,16225
1758758400000,0.17190000,0.17850000,0.16530000,0.17150000,35050880.50000000,1758761999999,5981723.14185000,23386
1758762000000,0.17150000,0.17480000,0.16500000,0.16560000,25257663.50000000,1758765599999,4292518.22798000,18986
1758765600000,0.16560000,0.17340000,0.16310000,0.17250000,22554401.40000000,1758769199999,3787863.96629000,16401
1758769200000,0.17240000,0.17240000,0.15490000,0.16160000,27842551.60000000,1758772799999,4554408.43467000,19223
1758772800000,0.16150000,0.16590000,0.15060000,0.15280000,31619344.70000000,1758776399999,5048176.98942000,20873
1758776400000,0.15290000,0.15930000,0.14910000,0.15320000,30790864.30000000,1758779999999,4764103.69859000,17853
1758780000000,0.15330000,0.15860000,0.15010000,0.15620000,19712427.90000000,1758783599999,3050655.40270000,17599
1758783600000,0.15610000,0.15940000,0.15280000,0.15310000,15614590.90000000,1758787199999,2443611.73817000,13334
1758787200000,0.15310000,0.15610000,0.14430000,0.14620000,26656814.80000000,1758790799999,3982592.44302000,20066
1758790800000,0.14630000,0.15310000,0.14590000,0.14820000,18642027.60000000,1758794399999,2790112.95929000,15852
1758794400000,0.14810000,0.15010000,0.14440000,0.14470000,28572158.80000000,1758797999999,4186550.25082000,14717
1758798000000,0.14470000,0.14800000,0.14160000,0.14510000,44999875.90000000,1758801599999,6572050.32038000,22007
1758801600000,0.14510000,0.14650000,0.13900000,0.13900000,20002699.00000000,1758805199999,2853684.73892000,16644
1758805200000,0.13910000,0.14230000,0.13610000,0.13750000,41611818.40000000,1758808799999,5762923.28320000,33879
1758808800000,0.13750000,0.14360000,0.13750000,0.14050000,23698722.60000000,1758812399999,3327597.43574000,17424
1758812400000,0.14060000,0.14450000,0.13500000,0.13900000,19341599.30000000,1758815999999,2694543.16989000,14927
1758816000000,0.13900000,0.14170000,0.13410000,0.13580000,25743776.10000000,1758819599999,3548105.43034000,15944
1758819600000,0.13580000,0.13740000,0.13140000,0.13300000,17366316.50000000,1758823199999,2347369.71817000,13287
1758823200000,0.13300000,0.13640000,0.13090000,0.13540000,15805560.90000000,1758826799999,2110246.40762000,12138
1758826800000,0.13540000,0.13610000,0.13270000,0.13430000,9949293.70000000,1758830399999,1337028.77280000,7800
1758830400000,0.13430000,0.13430000,0.12680000,0.12680000,18682024.70000000,1758833999999,2427537.87306000,10351
1758834000000,0.12680000,0.13180000,0.12670000,0.12950000,16076132.90000000,1758837599999,2076809.43988000,7943
1758837600000,0.12940000,0.13640000,0.12770000,0.13410000,18627425.90000000,1758841199999,2485714.41207000,9366
1758841200000,0.13410000,0.13780000,0.13130000,0.13370000,17473410.90000000,1758844799999,2343165.76444000,11757
1758844800000,0.13380000,0.13730000,0.13300000,0.13570000,14828426.40000000,1758848399999,2004077.29158000,11135
1758848400000,0.13570000,0.13870000,0.12670000,0.13190000,26709494.80000000,1758851999999,3531050.12574000,19622
1758852000000,0.13190000,0.13530000,0.12890000,0.13200000,11099008.10000000,1758855599999,1466663.18580000,9706
1758855600000,0.13200000,0.13460000,0.12820000,0.13410000,12678976.00000000,1758859199999,1659995.07128000,10698
1758859200000,0.13410000,0.13510000,0.12910000,0.13010000,12401131.90000000,1758862799999,1631430.04538000,10167
1758862800000,0.13010000,0.13420000,0.12930000,0.13040000,13328612.00000000,1758866399999,1752123.12464000,10823
1758866400000,0.13050000,0.13320000,0.12670000,0.12840000,21282658.80000000,1758869999999,2766173.73510000,13757
1758870000000,0.12830000,0.13310000,0.12820000,0.12930000,13466147.40000000,1758873599999,1753462.65456000,9108
1758873600000,0.12920000,0.13100000,0.12620000,0.12870000,17679320.10000000,1758877199999,2282279.32613000,11791
1758877200000,0.12870000,0.13170000,0.12430000,0.12700000,19874724.70000000,1758880799999,2546294.01260000,13240
1758880800000,0.12690000,0.12750000,0.12190000,0.12330000,21805731.80000000,1758884399999,2708810.32990000,11786
1758884400000,0.12330000,0.12500000,0.11830000,0.11880000,25863438.00000000,1758887999999,3153990.72194000,15160
1758888000000,0.11880000,0.11900000,0.11000000,0.11670000,48033930.30000000,1758891599999,5527814.79463000,26913
1758891600000,0.11670000,0.11850000,0.11380000,0.11740000,24780780.80000000,1758895199999,2875566.08965000,13504
1758895200000,0.11730000,0.12320000,0.11730000,0.11850000,23774484.70000000,1758898799999,2853904.42254000,16672
1758898800000,0.11860000,0.12120000,0.11720000,0.11840000,21010444.90000000,1758902399999,2496628.68994000,11754
1758902400000,0.11830000,0.12550000,0.11810000,0.12460000,25020121.70000000,1758905999999,3047422.76021000,15388
1758906000000,0.12470000,0.13150000,0.12420000,0.13070000,31591232.80000000,1758909599999,4044101.36987000,21208
1758909600000,0.13060000,0.13900000,0.13020000,0.13060000,40253361.70000000,1758913199999,5408991.61979000,28319
1758913200000,0.13070000,0.13360000,0.12800000,0.12930000,20771823.40000000,1758916799999,2711086.34460000,15587
1758916800000,0.12930000,0.13170000,0.12730000,0.12800000,9130242.90000000,1758920399999,1179469.43075000,7497
1758920400000,0.12800000,0.12800000,0.12410000,0.12600000,8048214.40000000,1758923999999,1015814.17244000,5734
1758924000000,0.12600000,0.12770000,0.12350000,0.12480000,7308417.30000000,1758927599999,915900.48132000,6259
1758927600000,0.12480000,0.12570000,0.12230000,0.12510000,11311054.90000000,1758931199999,1401781.39803000,8225
1758931200000,0.12510000,0.12610000,0.12260000,0.12470000,7315102.50000000,1758934799999,910998.24492000,6987
1758934800000,0.12480000,0.12600000,0.12210000,0.12330000,10205587.10000000,1758938399999,1267014.17785000,8475
1758938400000,0.12330000,0.12330000,0.11890000,0.11970000,12975838.40000000,1758941999999,1566532.28496000,9795
1758942000000,0.11960000,0.12280000,0.11940000,0.12180000,6186754.90000000,1758945599999,752062.41115000,7294
1758945600000,0.12170000,0.12280000,0.11870000,0.12140000,9691583.30000000,1758949199999,1171696.28581000,7779
1758949200000,0.12140000,0.12270000,0.12010000,0.12100000,6482099.00000000,1758952799999,787420.97887000,6157
1758952800000,0.12080000,0.12090000,0.11730000,0.12010000,12092823.40000000,1758956399999,1444794.60045000,11032
1758956400000,0.12020000,0.12170000,0.11820000,0.12050000,15565451.80000000,1758959999999,1860294.13341000,11211
1758960000000,0.12050000,0.12050000,0.11700000,0.11770000,11961437.20000000,1758963599999,1424827.85109000,8821
1758963600000,0.11770000,0.11850000,0.11580000,0.11650000,13413525.80000000,1758967199999,1570376.60281000,10578
1758967200000,0.11660000,0.12130000,0.11590000,0.12070000,16946409.10000000,1758970799999,2014392.69715000,13179
1758970800000,0.12060000,0.12080000,0.11750000,0.11850000,9063937.30000000,1758974399999,1077074.21151000,8645
1758974400000,0.11850000,0.12010000,0.11750000,0.11800000,11991046.50000000,1758977999999,1422929.17706000,10138
1758978000000,0.11810000,0.11890000,0.11700000,0.11780000,7586135.60000000,1758981599999,893990.17382000,7278
1758981600000,0.11780000,0.12070000,0.11720000,0.11800000,11508220.60000000,1758985199999,1366512.35925000,8783
1758985200000,0.11790000,0.11890000,0.11590000,0.11640000,20321728.50000000,1758988799999,2380867.42016000,11432
1758988800000,0.11650000,0.11760000,0.11410000,0.11520000,16455431.60000000,1758992399999,1903105.47267000,9412
1758992400000,0.11510000,0.11620000,0.11350000,0.11530000,13361963.70000000,1758995999999,1532825.63159000,8541
1758996000000,0.11530000,0.11560000,0.11380000,0.11480000,8793966.30000000,1758999599999,1008340.91900000,4883
1758999600000,0.11480000,0.11480000,0.10850000,0.11290000,20813659.50000000,1759003199999,2325499.05886000,10202
1759003200000,0.11280000,0.11320000,0.11100000,0.11140000,9393624.40000000,1759006799999,1051023.01129000,5009
1759006800000,0.11140000,0.11150000,0.10910000,0.11100000,11305092.90000000,1759010399999,1248040.35214000,4965
1759010400000,0.11100000,0.11450000,0.11030000,0.11260000,12721076.50000000,1759013999999,1434147.36501000,7021
1759014000000,0.11260000,0.11390000,0.11190000,0.11230000,6229348.30000000,1759017599999,701665.73065000,4214
1759017600000,0.11240000,0.11280000,0.11060000,0.11120000,5855478.40000000,1759021199999,654461.98793000,4586
1759021200000,0.11130000,0.11200000,0.10880000,0.11100000,8940782.70000000,1759024799999,985196.52417000,4968
1759024800000,0.11100000,0.11290000,0.10930000,0.11110000,7099591.00000000,1759028399999,787845.42245000,5047
1759028400000,0.11110000,0.11110000,0.10880000,0.10970000,6193158.70000000,1759031999999,679587.14870000,4277
1759032000000,0.10960000,0.11030000,0.10700000,0.10720000,11558624.10000000,1759035599999,1253476.02977000,7095
1759035600000,0.10720000,0.10960000,0.10570000,0.10860000,16652154.20000000,1759039199999,1790570.26139000,9416
1759039200000,0.10860000,0.10920000,0.10520000,0.10780000,15081370.90000000,1759042799999,1613192.30413000,7940
1759042800000,0.10770000,0.10940000,0.10740000,0.10860000,8443694.90000000,1759046399999,916334.50088000,5127
1759046400000,0.10850000,0.10900000,0.10600000,0.10710000,8065686.80000000,1759049999999,866172.97324000,5475
1759050000000,0.10700000,0.10750000,0.10350000,0.10480000,14562138.30000000,1759053599999,1534772.10765000,7952
1759053600000,0.10490000,0.10620000,0.10240000,0.10590000,18170800.30000000,1759057199999,1897652.66421000,8326
1759057200000,0.10590000,0.10760000,0.10540000,0.10700000,8229314.70000000,1759060799999,876316.23483000,5017
1759060800000,0.10690000,0.10700000,0.10480000,0.10560000,9143871.20000000,1759064399999,965731.73005000,4690
1759064400000,0.10570000,0.10750000,0.10520000,0.10730000,8292704.70000000,1759067999999,880307.99610000,4878
1759068000000,0.10730000,0.10780000,0.10580000,0.10740000,9234193.00000000,1759071599999,987250.53995000,5169
1759071600000,0.10730000,0.10760000,0.10600000,0.10660000,5952627.10000000,1759075199999,635771.44533000,4011
1759075200000,0.10650000,0.10770000,0.10460000,0.10620000,29060477.00000000,1759078799999,3097461.75710000,12528
1759078800000,0.10620000,0.10730000,0.10460000,0.10570000,9764928.30000000,1759082399999,1034596.86624000,5494
1759082400000,0.10570000,0.11190000,0.10520000,0.10960000,20479633.80000000,1759085999999,2236466.57025000,10707
1759086000000,0.10960000,0.11080000,0.10590000,0.10660000,12277212.10000000,1759089599999,1332484.48077000,6728
1759089600000,0.10660000,0.10920000,0.10630000,0.10700000,7598105.80000000,1759093199999,816386.48989000,4435
1759093200000,0.10690000,0.10970000,0.10640000,0.10940000,7591448.90000000,1759096799999,820887.17866000,3033
1759096800000,0.10950000,0.11370000,0.10890000,0.10990000,19830117.70000000,1759100399999,2207287.93810000,10595
1759100400000,0.10990000,0.11070000,0.10840000,0.10910000,9596962.70000000,1759103999999,1049123.98677000,4770
1759104000000,0.10910000,0.11060000,0.10760000,0.11000000,12019459.00000000,1759107599999,1308131.42989000,5561
1759107600000,0.11010000,0.11030000,0.10740000,0.10770000,7900281.40000000,1759111199999,856723.95734000,4121
1759111200000,0.10770000,0.10960000,0.10660000,0.10950000,8371025.90000000,1759114799999,902063.53672000,4916
1759114800000,0.10960000,0.10980000,0.10690000,0.10840000,6802703.30000000,1759118399999,734790.73142000,3509
1759118400000,0.10820000,0.11060000,0.10810000,0.10880000,8935368.70000000,1759121999999,976192.56784000,4302
1759122000000,0.10880000,0.11220000,0.10720000,0.11180000,14939131.00000000,1759125599999,1635142.57527000,7532
1759125600000,0.11180000,0.11190000,0.10800000,0.10840000,15852015.00000000,1759129199999,1737989.83899000,8266
1759129200000,0.10830000,0.10860000,0.10510000,0.10670000,17468345.60000000,1759132799999,1864399.98320000,9534
1759132800000,0.10670000,0.10750000,0.10510000,0.10540000,9639718.90000000,1759136399999,1025651.44402000,5955
1759136400000,0.10540000,0.10570000,0.10320000,0.10450000,13602240.00000000,1759139999999,1419265.72135000,8343
1759140000000,0.10450000,0.10510000,0.10320000,0.10350000,7168305.50000000,1759143599999,745943.06106000,5017
1759143600000,0.10360000,0.10380000,0.10150000,0.10190000,16181203.30000000,1759147199999,1661384.48835000,8311
1759147200000,0.10190000,0.10240000,0.09950000,0.09990000,21681421.80000000,1759150799999,2186931.71491000,10400
1759150800000,0.09990000,0.10150000,0.09870000,0.10150000,24734001.10000000,1759154399999,2475921.84749000,13063
1759154400000,0.10140000,0.10150000,0.09920000,0.10060000,16341000.80000000,1759157999999,1638380.81910000,9578
1759158000000,0.10060000,0.10150000,0.09700000,0.09740000,28065606.40000000,1759161599999,2779593.62432000,14477
1759161600000,0.09740000,0.09760000,0.09250000,0.09260000,23558852.30000000,1759165199999,2242110.60521000,11695
1759165200000,0.09260000,0.09540000,0.09050000,0.09420000,30654500.30000000,1759168799999,2835085.20935000,14187
1759168800000,0.09430000,0.09470000,0.09230000,0.09290000,12852984.30000000,1759172399999,1200561.67212000,8172
1759172400000,0.09290000,0.09360000,0.09250000,0.09310000,6937505.20000000,1759175999999,645038.64597000,4101
1759176000000,0.09310000,0.09470000,0.09260000,0.09280000,8723437.50000000,1759179599999,814913.67343000,5101
1759179600000,0.09290000,0.09350000,0.09190000,0.09240000,6706427.20000000,1759183199999,621582.40804000,3339
1759183200000,0.09240000,0.09250000,0.09020000,0.09040000,11915536.60000000,1759186799999,1086209.88172000,5403
1759186800000,0.09040000,0.09090000,0.08820000,0.08940000,14001753.10000000,1759190399999,1255907.17310000,6779
1759190400000,0.08940000,0.08940000,0.08640000,0.08660000,21008062.50000000,1759193999999,1843874.78451000,10029
1759194000000,0.08660000,0.08840000,0.08570000,0.08720000,18689722.40000000,1759197599999,1622560.82615000,9702
1759197600000,0.08720000,0.08820000,0.08440000,0.08450000,16285864.30000000,1759201199999,1404761.24735000,8334
1759201200000,0.08450000,0.08540000,0.08220000,0.08450000,21555130.60000000,1759204799999,1807142.09543000,10573
1759204800000,0.08450000,0.08690000,0.08350000,0.08600000,16287749.70000000,1759208399999,1395119.69552000,9144
1759208400000,0.08600000,0.09140000,0.08580000,0.09020000,23606053.60000000,1759211999999,2110978.53651000,13886
1759212000000,0.09020000,0.09430000,0.09010000,0.09380000,15465544.00000000,1759215599999,1426091.69404000,9574
1759215600000,0.09390000,0.09480000,0.09000000,0.09090000,24749961.00000000,1759219199999,2277134.62718000,13172
1759219200000,0.09090000,0.09850000,0.09080000,0.09670000,36195015.60000000,1759222799999,3457549.99632000,18646
1759222800000,0.09670000,0.09840000,0.09570000,0.09720000,24372908.80000000,1759226399999,2368676.26580000,14937
1759226400000,0.09720000,0.09850000,0.09550000,0.09640000,15768968.00000000,1759229999999,1526560.33778000,9939
1759230000000,0.09630000,0.09680000,0.09100000,0.09310000,24773658.80000000,1759233599999,2307439.92076000,14540
1759233600000,0.09300000,0.09450000,0.09250000,0.09350000,15209970.20000000,1759237199999,1420614.32158000,11687
1759237200000,0.09360000,0.09410000,0.09140000,0.09150000,14544557.10000000,1759240799999,1352436.17233000,10799
1759240800000,0.09150000,0.09340000,0.09040000,0.09120000,14522424.10000000,1759244399999,1329709.19963000,12790
1759244400000,0.09130000,0.09310000,0.08900000,0.09190000,21227140.00000000,1759247999999,1925060.19643000,12234
1759248000000,0.09190000,0.09270000,0.09030000,0.09170000,9739599.30000000,1759251599999,889932.02828000,6468
1759251600000,0.09170000,0.09240000,0.08840000,0.08890000,17307245.90000000,1759255199999,1560199.82412000,14361
1759255200000,0.08890000,0.09100000,0.08800000,0.09070000,10865328.60000000,1759258799999,968704.82032000,6676
1759258800000,0.09080000,0.09310000,0.09040000,0.09110000,9467542.00000000,1759262399999,866872.22179000,6709
1759262400000,0.09110000,0.09190000,0.09040000,0.09150000,5448140.60000000,1759265999999,495369.30392000,3974
1759266000000,0.09150000,0.09170000,0.08910000,0.09040000,7163909.30000000,1759269599999,647777.16847000,4581
1759269600000,0.09030000,0.09050000,0.08900000,0.08980000,6551313.40000000,1759273199999,587973.79582000,3528
1759273200000,0.08980000,0.09420000,0.08960000,0.09410000,14116199.10000000,1759276799999,1298498.16722000,7837
1759276800000,0.09410000,0.09820000,0.09180000,0.09280000,31248969.20000000,1759280399999,2963277.38974000,16751
1759280400000,0.09280000,0.09350000,0.09160000,0.09190000,11127990.20000000,1759283999999,1028415.30954000,8068
1759284000000,0.09180000,0.09250000,0.09040000,0.09050000,6712998.80000000,1759287599999,614551.02797000,4298
1759287600000,0.09060000,0.09120000,0.08870000,0.08930000,8032186.20000000,1759291199999,722902.74427000,6187
1759291200000,0.08920000,0.09040000,0.08820000,0.08820000,13300125.10000000,1759294799999,1190166.86355000,7218
1759294800000,0.08820000,0.08910000,0.08740000,0.08790000,8231768.90000000,1759298399999,726374.72192000,5146
1759298400000,0.08790000,0.08930000,0.08690000,0.08730000,9838878.00000000,1759301999999,865201.64239000,5980
1759302000000,0.08720000,0.08960000,0.08710000,0.08840000,6629794.00000000,1759305599999,588477.82246000,4892
1759305600000,0.08840000,0.09150000,0.08750000,0.09050000,14072719.20000000,1759309199999,1260848.16399000,8269
1759309200000,0.09060000,0.09350000,0.09050000,0.09250000,12628532.30000000,1759312799999,1167468.57790000,8620
1759312800000,0.09260000,0.09310000,0.09110000,0.09210000,10233815.40000000,1759316399999,941671.74525000,6552
1759316400000,0.09210000,0.09370000,0.09200000,0.09270000,5765160.60000000,1759319999999,535353.31299000,4720
1759320000000,0.09270000,0.09490000,0.09260000,0.09290000,7891030.50000000,1759323599999,738973.47313000,5035
1759323600000,0.09280000,0.09460000,0.09190000,0.09380000,9615749.70000000,1759327199999,896755.03027000,4724
1759327200000,0.09380000,0.09600000,0.09310000,0.09400000,10402349.20000000,1759330799999,982624.54078000,6014
1759330800000,0.09390000,0.09530000,0.09270000,0.09450000,9361897.80000000,1759334399999,882248.80482000,5542
1759334400000,0.09450000,0.09480000,0.09280000,0.09300000,5407779.90000000,1759337999999,508113.14670000,3776
1759338000000,0.09290000,0.09540000,0.09290000,0.09340000,7234047.70000000,1759341599999,680807.21184000,4815
1759341600000,0.09340000,0.09440000,0.09240000,0.09400000,5555903.60000000,1759345199999,519367.14568000,3749
1759345200000,0.09400000,0.09440000,0.09290000,0.09300000,5992553.50000000,1759348799999,562495.47555000,4708
1759348800000,0.09290000,0.09320000,0.09150000,0.09220000,7115638.40000000,1759352399999,656147.55843000,5924
1759352400000,0.09220000,0.09340000,0.09160000,0.09320000,2593358.20000000,1759355999999,239272.97550000,2435
1759356000000,0.09320000,0.09460000,0.09280000,0.09430000,5910603.50000000,1759359599999,552790.87503000,4139
1759359600000,0.09410000,0.09800000,0.09410000,0.09780000,15558668.70000000,1759363199999,1502016.47442000,8771
1759363200000,0.09770000,0.09780000,0.09540000,0.09640000,8400468.70000000,1759366799999,810519.76818000,5211
1759366800000,0.09640000,0.09750000,0.09570000,0.09740000,5008102.40000000,1759370399999,484277.93357000,3318
1759370400000,0.09730000,0.10190000,0.09680000,0.10080000,11373728.10000000,1759373999999,1128202.98007000,8176
1759374000000,0.10080000,0.10340000,0.09940000,0.10140000,12511509.60000000,1759377599999,1270937.05466000,10182
1759377600000,0.10150000,0.10370000,0.09960000,0.10230000,9916461.30000000,1759381199999,1004402.11462000,8701
1759381200000,0.10230000,0.10280000,0.09980000,0.10030000,8705303.00000000,1759384799999,880592.43247000,7266
1759384800000,0.10030000,0.10080000,0.09760000,0.09900000,7328063.70000000,1759388399999,726663.07290000,5333
1759388400000,0.09890000,0.09900000,0.09720000,0.09820000,6144682.20000000,1759391999999,603286.09324000,4474
1759392000000,0.09830000,0.09980000,0.09730000,0.09860000,7173294.90000000,1759395599999,708903.49107000,4670
1759395600000,0.09870000,0.09890000,0.09740000,0.09750000,5872843.10000000,1759399199999,576031.97177000,4437
1759399200000,0.09750000,0.09750000,0.09480000,0.09570000,9999459.50000000,1759402799999,958473.64932000,7177
1759402800000,0.09580000,0.09690000,0.09440000,0.09630000,8721981.90000000,1759406399999,836374.81845000,4675
1759406400000,0.09630000,0.09660000,0.09480000,0.09490000,5611918.40000000,1759409999999,536190.07045000,4548
1759410000000,0.09500000,0.09520000,0.09240000,0.09290000,19492939.60000000,1759413599999,1831053.37803000,11748
1759413600000,0.09290000,0.09310000,0.09020000,0.09110000,9692807.60000000,1759417199999,889895.14267000,5922
1759417200000,0.09120000,0.09270000,0.09030000,0.09240000,7794774.50000000,1759420799999,712980.60076000,5056
1759420800000,0.09250000,0.09250000,0.09050000,0.09130000,7755742.50000000,1759424399999,708844.78627000,5391
1759424400000,0.09130000,0.09220000,0.09080000,0.09110000,5457815.40000000,1759427999999,498829.00300000,4578
1759428000000,0.09110000,0.09220000,0.09100000,0.09180000,3625881.10000000,1759431599999,332511.61618000,3007
1759431600000,0.09180000,0.09280000,0.09150000,0.09210000,3605289.50000000,1759435199999,332511.08770000,2527
1759435200000,0.09220000,0.09390000,0.09190000,0.09330000,4401737.10000000,1759438799999,409605.61397000,3052
1759438800000,0.09330000,0.09330000,0.09190000,0.09260000,3926226.60000000,1759442399999,363303.80700000,2391
1759442400000,0.09270000,0.09300000,0.09150000,0.09170000,3605589.70000000,1759445999999,332048.60240000,2745
1759446000000,0.09170000,0.09190000,0.09030000,0.09130000,5003016.00000000,1759449599999,455950.74075000,2919
1759449600000,0.09120000,0.09160000,0.09040000,0.09130000,4998834.90000000,1759453199999,454750.38818000,4157
1759453200000,0.09120000,0.09120000,0.08880000,0.08940000,6054571.50000000,1759456799999,542530.82264000,4571
1759456800000,0.08930000,0.08930000,0.08720000,0.08800000,9020200.70000000,1759460399999,794329.39423000,4922
1759460400000,0.08790000,0.08880000,0.08630000,0.08700000,9019482.90000000,1759463999999,788623.19025000,6279
1759464000000,0.08700000,0.08920000,0.08650000,0.08890000,5723548.00000000,1759467599999,502451.56252000,5131
1759467600000,0.08890000,0.08980000,0.08850000,0.08940000,5569373.10000000,1759471199999,496372.55617000,3867
1759471200000,0.08930000,0.09040000,0.08870000,0.08920000,6103314.70000000,1759474799999,546106.29800000,3626
1759474800000,0.08920000,0.08970000,0.08860000,0.08900000,4224730.60000000,1759478399999,376634.57627000,4135
1759478400000,0.08910000,0.08950000,0.08810000,0.08900000,8640705.50000000,1759481999999,767693.77316000,4572
1759482000000,0.08900000,0.08920000,0.08810000,0.08880000,10423380.00000000,1759485599999,923447.37904000,13299
1759485600000,0.08880000,0.08880000,0.08730000,0.08750000,4823889.80000000,1759489199999,424453.62156000,3208
1759489200000,0.08750000,0.08790000,0.08710000,0.08730000,5120040.50000000,1759492799999,447703.08531000,3236
1759492800000,0.08730000,0.08830000,0.08670000,0.08810000,4064282.10000000,1759496399999,355627.35507000,3353
1759496400000,0.08810000,0.08880000,0.08720000,0.08790000,5434478.60000000,1759499999999,478468.23324000,3617
1759500000000,0.08790000,0.08980000,0.08740000,0.08910000,12579915.50000000,1759503599999,1113796.10612000,18679
1759503600000,0.08910000,0.08960000,0.08790000,0.08930000,7453083.30000000,1759507199999,661419.45134000,8718
1759507200000,0.08940000,0.09210000,0.08870000,0.09130000,14389526.70000000,1759510799999,1298436.90179000,8808
1759510800000,0.09120000,0.09180000,0.08890000,0.08910000,14719360.00000000,1759514399999,1331148.98695000,7295
1759514400000,0.08900000,0.09140000,0.08860000,0.09030000,6764422.30000000,1759517999999,608174.00225000,4111
1759518000000,0.09040000,0.09180000,0.09010000,0.09140000,4844841.50000000,1759521599999,440344.93045000,3037
1759521600000,0.09160000,0.09350000,0.09120000,0.09230000,5845956.80000000,1759525199999,539882.40237000,3781
1759525200000,0.09230000,0.09370000,0.09150000,0.09350000,5709416.80000000,1759528799999,529804.56773000,2937
1759528800000,0.09350000,0.09620000,0.09310000,0.09390000,12011349.20000000,1759532399999,1137413.52347000,7928
1759532400000,0.09390000,0.09450000,0.09260000,0.09280000,5118857.10000000,1759535999999,478380.73610000,3460
1759536000000,0.09280000,0.09310000,0.09190000,0.09230000,3834730.00000000,1759539599999,354534.34726000,3235
1759539600000,0.09230000,0.09360000,0.09170000,0.09230000,3370175.00000000,1759543199999,312146.23961000,2808
1759543200000,0.09230000,0.09300000,0.09130000,0.09250000,3136310.90000000,1759546799999,288497.25733000,2679
1759546800000,0.09240000,0.09290000,0.09120000,0.09170000,4213458.00000000,1759550399999,388377.76142000,3374
1759550400000,0.09170000,0.09190000,0.09030000,0.09060000,4510458.50000000,1759553999999,409793.76925000,3513
1759554000000,0.09050000,0.09120000,0.08980000,0.09000000,3257166.40000000,1759557599999,294811.78053000,2579
1759557600000,0.09010000,0.09080000,0.08970000,0.09060000,4319632.90000000,1759561199999,389511.12640000,3315
1759561200000,0.09070000,0.09170000,0.09050000,0.09130000,3906716.00000000,1759564799999,356205.94950000,3228
1759564800000,0.09130000,0.09160000,0.08870000,0.08940000,9106909.80000000,1759568399999,817865.06491000,6175
1759568400000,0.08940000,0.09020000,0.08880000,0.08900000,6294447.60000000,1759571999999,562938.45384000,4257
1759572000000,0.08900000,0.09180000,0.08880000,0.08970000,18894504.50000000,1759575599999,1701967.27810000,11980
1759575600000,0.08970000,0.09060000,0.08940000,0.09040000,10170938.20000000,1759579199999,914410.15502000,7607
1759579200000,0.09030000,0.09330000,0.09000000,0.09070000,11721098.70000000,1759582799999,1074203.96222000,5899
1759582800000,0.09070000,0.09180000,0.09020000,0.09040000,6004724.80000000,1759586399999,546003.20794000,3734
1759586400000,0.09040000,0.09120000,0.08910000,0.08980000,7963179.70000000,1759589999999,719831.39367000,5537
1759590000000,0.08970000,0.09020000,0.08780000,0.08800000,11974761.80000000,1759593599999,1066370.02444000,7144
1759593600000,0.08800000,0.08850000,0.08640000,0.08710000,9731206.20000000,1759597199999,849178.42002000,7002
1759597200000,0.08710000,0.08750000,0.08650000,0.08660000,7066039.90000000,1759600799999,614637.28483000,5885
1759600800000,0.08670000,0.08920000,0.08670000,0.08820000,7419883.50000000,1759604399999,651037.40244000,5247
1759604400000,0.08830000,0.08990000,0.08800000,0.08920000,4691999.20000000,1759607999999,418605.98812000,3860
1759608000000,0.08930000,0.09440000,0.08930000,0.09280000,18423492.70000000,1759611599999,1694583.84676000,11763
1759611600000,0.09280000,0.09350000,0.09160000,0.09260000,7385028.80000000,1759615199999,683420.03448000,4753
1759615200000,0.09260000,0.09290000,0.09170000,0.09230000,3311125.90000000,1759618799999,305592.12524000,2732
1759618800000,0.09220000,0.09270000,0.09190000,0.09200000,2100888.60000000,1759622399999,193841.65243000,1901
1759622400000,0.09190000,0.09200000,0.08920000,0.08920000,5233100.20000000,1759625999999,474753.05856000,4299
1759626000000,0.08920000,0.08960000,0.08870000,0.08900000,3666787.90000000,1759629599999,326771.21996000,3806
1759629600000,0.08900000,0.09040000,0.08880000,0.08990000,4536187.80000000,1759633199999,406456.71063000,3690
1759633200000,0.08990000,0.09010000,0.08860000,0.08870000,2869342.50000000,1759636799999,256486.94859000,2622
1759636800000,0.08880000,0.08990000,0.08800000,0.08990000,6061331.90000000,1759640399999,537410.68950000,4267
1759640400000,0.08990000,0.09030000,0.08900000,0.08930000,9495259.10000000,1759643999999,850554.66474000,7425
1759644000000,0.08930000,0.09100000,0.08930000,0.09090000,11663214.40000000,1759647599999,1049579.03014000,8916
1759647600000,0.09090000,0.09330000,0.09070000,0.09290000,20127872.50000000,1759651199999,1851986.58996000,15046
1759651200000,0.09290000,0.09340000,0.09150000,0.09210000,12459374.90000000,1759654799999,1151325.11207000,9643
1759654800000,0.09210000,0.09260000,0.09030000,0.09100000,9494928.30000000,1759658399999,866960.96839000,7864
1759658400000,0.09100000,0.09130000,0.08920000,0.08980000,7693906.90000000,1759661999999,692433.10233000,5709
1759662000000,0.08970000,0.08980000,0.08740000,0.08830000,8935962.00000000,1759665599999,788973.38702000,4910
1759665600000,0.08840000,0.08930000,0.08830000,0.08900000,7231874.90000000,1759669199999,642251.36059000,4311
1759669200000,0.08890000,0.08960000,0.08870000,0.08920000,7537703.00000000,1759672799999,671952.95658000,3781
1759672800000,0.08920000,0.08960000,0.08830000,0.08920000,6308659.10000000,1759676399999,561805.19938000,3652
1759676400000,0.08910000,0.09310000,0.08900000,0.09270000,20319443.10000000,1759679999999,1868517.50439000,11668
1759680000000,0.09280000,0.09870000,0.09210000,0.09840000,29840584.60000000,1759683599999,2858072.27425000,18267
1759683600000,0.09830000,0.09840000,0.09490000,0.09530000,19578353.10000000,1759687199999,1888929.16991000,12509
1759687200000,0.09520000,0.09580000,0.09040000,0.09070000,14744049.10000000,1759690799999,1371963.50595000,8485
1759690800000,0.09070000,0.09210000,0.09010000,0.09070000,14389176.60000000,1759694399999,1311739.12335000,7979
1759694400000,0.09070000,0.09140000,0.09050000,0.09090000,3058921.50000000,1759697999999,278215.65339000,3086
1759698000000,0.09080000,0.09190000,0.09040000,0.09180000,2603710.40000000,1759701599999,237272.72954000,2526
1759701600000,0.09180000,0.09180000,0.09040000,0.09070000,3621351.70000000,1759705199999,328921.00407000,2488
1759705200000,0.09070000,0.09170000,0.09040000,0.09160000,4105724.40000000,1759708799999,373635.41879000,3136
1759708800000,0.09160000,0.09350000,0.09050000,0.09300000,7707892.90000000,1759712399999,709282.24030000,5004
1759712400000,0.09300000,0.09650000,0.09260000,0.09390000,14217979.10000000,1759715999999,1347866.61271000,9813
1759716000000,0.09400000,0.09420000,0.09190000,0.09310000,9484131.80000000,1759719599999,884441.80620000,6803
1759719600000,0.09310000,0.09410000,0.09200000,0.09320000,9962467.60000000,1759723199999,928283.45500000,6552
1759723200000,0.09320000,0.09330000,0.09080000,0.09090000,6047338.60000000,1759726799999,556362.85578000,4371
1759726800000,0.09100000,0.09150000,0.08910000,0.09010000,11355900.50000000,1759730399999,1022819.87944000,7080
1759730400000,0.09020000,0.09080000,0.08920000,0.08980000,21490011.70000000,1759733999999,1934419.66362000,16981
1759734000000,0.08980000,0.09010000,0.08870000,0.08940000,19295612.50000000,1759737599999,1725025.86585000,11628
1759737600000,0.08930000,0.09190000,0.08900000,0.09170000,15743419.00000000,1759741199999,1425555.48675000,10046
1759741200000,0.09180000,0.09330000,0.09110000,0.09310000,19254237.00000000,1759744799999,1776636.90189000,11427
1759744800000,0.09320000,0.09350000,0.09150000,0.09200000,18539009.90000000,1759748399999,1713992.99238000,10985
1759748400000,0.09190000,0.09260000,0.09120000,0.09120000,13220794.50000000,1759751999999,1215264.91167000,11732
1759752000000,0.09130000,0.09300000,0.09020000,0.09190000,22946654.40000000,1759755599999,2105687.21703000,17151
1759755600000,0.09180000,0.09360000,0.09180000,0.09350000,28521102.00000000,1759759199999,2646112.75113000,27051
1759759200000,0.09340000,0.09390000,0.09240000,0.09280000,36611136.30000000,1759762799999,3409680.20576000,28711
1759762800000,0.09290000,0.09430000,0.09250000,0.09320000,28273618.80000000,1759766399999,2636505.23617000,22115
1759766400000,0.09310000,0.09500000,0.09220000,0.09440000,22367760.10000000,1759769999999,2092818.41327000,14627
1759770000000,0.09440000,0.09540000,0.09380000,0.09400000,16025457.60000000,1759773599999,1517715.41343000,11358
1759773600000,0.09390000,0.09520000,0.09370000,0.09460000,12340138.70000000,1759777199999,1165562.42482000,8028
1759777200000,0.09450000,0.09600000,0.09370000,0.09520000,15336092.90000000,1759780799999,1451825.74207000,10281
1759780800000,0.09510000,0.09580000,0.09470000,0.09570000,8465992.10000000,1759784399999,805179.97105000,5801
1759784400000,0.09580000,0.09630000,0.09420000,0.09510000,8617074.50000000,1759787999999,820887.41184000,5613
1759788000000,0.09520000,0.09770000,0.09420000,0.09670000,13546593.80000000,1759791599999,1302758.95579000,8187
1759791600000,0.09670000,0.09760000,0.09560000,0.09730000,10642117.30000000,1759795199999,1029316.90207000,6604
1759795200000,0.09730000,0.09730000,0.09490000,0.09510000,12082545.20000000,1759798799999,1159099.40382000,7665
1759798800000,0.09500000,0.09690000,0.09380000,0.09610000,12169743.40000000,1759802399999,1161189.90109000,8637
1759802400000,0.09620000,0.09700000,0.09450000,0.09450000,21513948.70000000,1759805999999,2067704.22340000,10273
1759806000000,0.09450000,0.09600000,0.09320000,0.09370000,18312994.60000000,1759809599999,1729163.39155000,9161
1759809600000,0.09370000,0.09400000,0.09240000,0.09330000,23828952.90000000,1759813199999,2223165.31569000,13690
1759813200000,0.09320000,0.09540000,0.09310000,0.09460000,42705482.90000000,1759816799999,4017866.44554000,15031
1759816800000,0.09450000,0.09460000,0.09160000,0.09180000,34837365.40000000,1759820399999,3226192.35217000,13286
1759820400000,0.09180000,0.09260000,0.09070000,0.09110000,38707757.40000000,1759823999999,3547010.70810000,14789
1759824000000,0.09120000,0.09140000,0.08940000,0.09080000,95953802.00000000,1759827599999,8672921.64126000,41143
1759827600000,0.09070000,0.09320000,0.09030000,0.09300000,159423834.60000000,1759831199999,14555210.88164000,57245
1759831200000,0.09300000,0.09320000,0.09160000,0.09220000,58615302.70000000,1759834799999,5414342.58199000,17936
1759834800000,0.09210000,0.09590000,0.09190000,0.09450000,80303978.90000000,1759838399999,7545122.96119000,25177
1759838400000,0.09450000,0.09510000,0.09300000,0.09320000,108625102.10000000,1759841999999,10184506.16673000,34681
1759842000000,0.09320000,0.09580000,0.09210000,0.09260000,154062896.80000000,1759845599999,14495681.86278000,42842
1759845600000,0.09260000,0.09320000,0.09010000,0.09030000,130301810.50000000,1759849199999,11948756.69484000,30478
1759849200000,0.09030000,0.09090000,0.08750000,0.08810000,131402609.50000000,1759852799999,11704598.80673000,32483
1759852800000,0.08810000,0.08980000,0.08740000,0.08840000,91290875.70000000,1759856399999,8053426.36239000,23961
1759856400000,0.08840000,0.09020000,0.08840000,0.08900000,65474126.50000000,1759859999999,5840746.05403000,21005
1759860000000,0.08910000,0.08950000,0.08830000,0.08860000,88628503.30000000,1759863599999,7881243.19487000,25693
1759863600000,0.08860000,0.09130000,0.08850000,0.09050000,102919015.80000000,1759867199999,9251660.39774000,26005
1759867200000,0.09040000,0.09300000,0.09010000,0.09210000,88142012.50000000,1759870799999,8053273.28655000,20646
1759870800000,0.09210000,0.09210000,0.08970000,0.09000000,22460894.50000000,1759874399999,2047983.18203000,6795
1759874400000,0.08990000,0.09040000,0.08880000,0.08920000,12649537.70000000,1759877999999,1133349.75290000,5965
1759878000000,0.08930000,0.08960000,0.08870000,0.08940000,23151470.50000000,1759881599999,2065526.68492000,7247
1759881600000,0.08950000,0.08950000,0.08730000,0.08790000,37956536.30000000,1759885199999,3347435.40852000,10392
1759885200000,0.08800000,0.08830000,0.08680000,0.08720000,42063593.50000000,1759888799999,3683742.86587000,12384
1759888800000,0.08730000,0.08840000,0.08680000,0.08720000,77193207.00000000,1759892399999,6757697.62566000,20189
1759892400000,0.08720000,0.08770000,0.08510000,0.08530000,113122333.20000000,1759895999999,9713886.95267000,32034
1759896000000,0.08540000,0.08730000,0.08470000,0.08530000,200950447.10000000,1759899599999,17261426.87218000,41545
1759899600000,0.08520000,0.08740000,0.08520000,0.08570000,336146050.70000000,1759903199999,28960069.00132000,75692
1759903200000,0.08580000,0.08770000,0.08530000,0.08720000,766262900.10000000,1759906799999,66199982.15508000,135602
1759906800000,0.08720000,0.09270000,0.08710000,0.09030000,1326369053.00000000,1759910399999,119065309.44691000,290997
1759910400000,0.09030000,0.09610000,0.08950000,0.09320000,1903237992.30000000,1759913999999,176355841.40256000,398781
1759914000000,0.09330000,0.09760000,0.09000000,0.09520000,2196980443.90000000,1759917599999,207085499.15118000,416916
1759917600000,0.09530000,0.09700000,0.09410000,0.09580000,58016233.00000000,1759921199999,5544249.29538000,16257
1759921200000,0.09580000,0.10140000,0.09580000,0.09860000,57252029.00000000,1759924799999,5681357.97804000,26044
1759924800000,0.09870000,0.09940000,0.09320000,0.09850000,44788969.10000000,1759928399999,4309070.67203000,17498
1759928400000,0.09850000,0.09930000,0.09690000,0.09870000,29429729.00000000,1759931999999,2887601.49341000,10268
1759932000000,0.09880000,0.10170000,0.09810000,0.09830000,33756405.30000000,1759935599999,3377510.60364000,13569
1759935600000,0.09830000,0.10280000,0.09800000,0.10060000,44732580.10000000,1759939199999,4513064.86703000,19709
1759939200000,0.10050000,0.10410000,0.09870000,0.10410000,30778505.20000000,1759942799999,3115091.04899000,17843
1759942800000,0.10410000,0.11370000,0.10160000,0.10650000,77715462.80000000,1759946399999,8354169.23481000,40999
1759946400000,0.10640000,0.10790000,0.10290000,0.10650000,35321240.30000000,1759949999999,3731694.22137000,16284
1759950000000,0.10650000,0.10720000,0.10290000,0.10330000,23307021.80000000,1759953599999,2449218.41977000,9755
1759953600000,0.10340000,0.10580000,0.10220000,0.10510000,11825555.30000000,1759957199999,1227237.58282000,5891
1759957200000,0.10510000,0.10640000,0.10400000,0.10420000,7105112.70000000,1759960799999,746023.87300000,3390
1759960800000,0.10420000,0.10470000,0.10040000,0.10140000,15225076.60000000,1759964399999,1560446.71093000,5846
1759964400000,0.10140000,0.10620000,0.10130000,0.10540000,10664721.30000000,1759967999999,1110870.87572000,5038
1759968000000,0.10530000,0.11100000,0.10500000,0.10630000,36810011.70000000,1759971599999,3971172.75647000,16429
1759971600000,0.10630000,0.10690000,0.10060000,0.10530000,37233737.60000000,1759975199999,3851028.52300000,17129
1759975200000,0.10520000,0.10530000,0.09810000,0.09850000,23497180.30000000,1759978799999,2375290.62102000,10154
1759978800000,0.09850000,0.09990000,0.09530000,0.09620000,17149981.90000000,1759982399999,1677473.60298000,8136
1759982400000,0.09610000,0.09790000,0.09610000,0.09750000,10747762.50000000,1759985999999,1042556.61500000,4561
1759986000000,0.09750000,0.09780000,0.09630000,0.09670000,7444998.20000000,1759989599999,720940.45869000,3281
1759989600000,0.09670000,0.09670000,0.09340000,0.09400000,16600859.80000000,1759993199999,1579073.47881000,6242
1759993200000,0.09410000,0.09500000,0.09040000,0.09110000,26631627.80000000,1759996799999,2463155.54038000,10420
1759996800000,0.09110000,0.09160000,0.08770000,0.08810000,23650156.80000000,1760000399999,2115263.55549000,9351
1760000400000,0.08820000,0.08910000,0.08760000,0.08800000,13464836.90000000,1760003999999,1188818.38456000,5032
1760004000000,0.08800000,0.08870000,0.08680000,0.08850000,11533425.90000000,1760007599999,1012920.91604000,5068
1760007600000,0.08850000,0.09010000,0.08840000,0.08860000,15183485.40000000,1760011199999,1357156.84397000,5960
1760011200000,0.08870000,0.08980000,0.08810000,0.08920000,8822683.30000000,1760014799999,785826.26696000,4101
1760014800000,0.08910000,0.08920000,0.08720000,0.08730000,10254758.40000000,1760018399999,904535.34626000,4530
1760018400000,0.08730000,0.08820000,0.08510000,0.08660000,17194468.50000000,1760021999999,1487666.49378000,6655
1760022000000,0.08670000,0.08720000,0.08440000,0.08490000,15153346.70000000,1760025599999,1299199.02363000,7479
1760025600000,0.08480000,0.08570000,0.08360000,0.08400000,15863993.00000000,1760029199999,1343857.79516000,6697
1760029200000,0.08390000,0.08790000,0.08350000,0.08780000,17972899.20000000,1760032799999,1543896.73566000,6070
1760032800000,0.08780000,0.08830000,0.08660000,0.08690000,9948422.50000000,1760036399999,871022.38305000,3545
1760036400000,0.08690000,0.08770000,0.08610000,0.08670000,7993918.20000000,1760039999999,693044.43809000,2639
1760040000000,0.08670000,0.08740000,0.08550000,0.08610000,7477562.40000000,1760043599999,645568.34242000,2372
1760043600000,0.08600000,0.08630000,0.08550000,0.08570000,3389533.10000000,1760047199999,291078.00559000,1101
1760047200000,0.08570000,0.08660000,0.08570000,0.08590000,3732266.80000000,1760050799999,321115.70001000,1594
1760050800000,0.08580000,0.08640000,0.08560000,0.08570000,4312326.80000000,1760054399999,371293.13010000,1524
1760054400000,0.08570000,0.08830000,0.08570000,0.08650000,15340560.90000000,1760057999999,1335364.37979000,5231
1760058000000,0.08660000,0.08770000,0.08600000,0.08650000,6934262.70000000,1760061599999,602038.98717000,3022
1760061600000,0.08660000,0.08740000,0.08570000,0.08670000,8876721.70000000,1760065199999,768353.15022000,3267
1760065200000,0.08680000,0.08800000,0.08600000,0.08690000,8348487.20000000,1760068799999,726769.84215000,2665
1760068800000,0.08680000,0.08790000,0.08640000,0.08680000,6517830.30000000,1760072399999,567767.59916000,2330
1760072400000,0.08680000,0.08790000,0.08600000,0.08710000,9791366.10000000,1760075999999,850487.18016000,3292
1760076000000,0.08710000,0.09050000,0.08710000,0.08860000,20981528.20000000,1760079599999,1867428.14832000,6850
1760079600000,0.08860000,0.08890000,0.08660000,0.08750000,13662640.40000000,1760083199999,1195594.72680000,4559
1760083200000,0.08750000,0.08970000,0.08720000,0.08950000,9522624.10000000,1760086799999,841489.10071000,2874
1760086800000,0.08940000,0.08960000,0.08800000,0.08820000,7347619.50000000,1760090399999,651842.33463000,2429
1760090400000,0.08830000,0.08910000,0.08710000,0.08810000,6873704.00000000,1760093999999,605131.32982000,2460
1760094000000,0.08810000,0.08850000,0.08730000,0.08810000,4967050.30000000,1760097599999,436607.14709000,2135
1760097600000,0.08810000,0.08860000,0.08790000,0.08860000,5043655.70000000,1760101199999,445186.26516000,1692
1760101200000,0.08860000,0.08980000,0.08780000,0.08820000,11189175.90000000,1760104799999,996543.96893000,3748
1760104800000,0.08820000,0.08900000,0.08600000,0.08630000,10016331.90000000,1760108399999,874446.71661000,3762
1760108400000,0.08630000,0.08660000,0.08150000,0.08340000,43212299.60000000,1760111999999,3624124.53997000,15867
1760112000000,0.08340000,0.08440000,0.08240000,0.08370000,15038218.10000000,1760115599999,1251187.27509000,4853
1760115600000,0.08360000,0.08540000,0.08320000,0.08390000,16383639.90000000,1760119199999,1379111.12625000,5073
1760119200000,0.08380000,0.08440000,0.08220000,0.08240000,8320986.60000000,1760122799999,694911.94523000,2851
1760122800000,0.08240000,0.08390000,0.08110000,0.08320000,15065998.20000000,1760126399999,1239453.71599000,5317
1760126400000,0.08330000,0.08360000,0.07450000,0.07590000,25976565.40000000,1760129999999,2085163.10049000,8227
1760130000000,0.07590000,0.07920000,0.03110000,0.07370000,104309820.60000000,1760133599999,7044866.18348000,35749
1760133600000,0.07370000,0.07430000,0.06720000,0.07310000,54872425.80000000,1760137199999,3848369.83958000,24349
1760137200000,0.07310000,0.07460000,0.07080000,0.07140000,17000663.50000000,1760140799999,1239983.20283000,7355
1760140800000,0.07140000,0.07480000,0.06930000,0.07090000,16126329.30000000,1760144399999,1145742.03816000,6324
1760144400000,0.07090000,0.07130000,0.06730000,0.06740000,9730248.00000000,1760147999999,672383.85597000,4555
1760148000000,0.06730000,0.07230000,0.06730000,0.07120000,8587255.10000000,1760151599999,604252.17581000,3618
1760151600000,0.07120000,0.07160000,0.06990000,0.07140000,6442029.50000000,1760155199999,454787.05883000,3235
1760155200000,0.07130000,0.07180000,0.07070000,0.07170000,7541434.50000000,1760158799999,538189.81128000,3521
1760158800000,0.07170000,0.07190000,0.06950000,0.07040000,8479536.90000000,1760162399999,597530.20117000,4011
1760162400000,0.07050000,0.07280000,0.07050000,0.07150000,8190315.60000000,1760165999999,586653.25166000,3371
1760166000000,0.07160000,0.07200000,0.07090000,0.07160000,9152465.30000000,1760169599999,653373.60250000,3372
1760169600000,0.07160000,0.07460000,0.07140000,0.07450000,9985909.00000000,1760173199999,728976.44291000,4080
1760173200000,0.07450000,0.07520000,0.07330000,0.07350000,7616108.20000000,1760176799999,565849.72243000,3800
1760176800000,0.07360000,0.07420000,0.07300000,0.07310000,6784110.50000000,1760180399999,499234.03093000,3180
1760180400000,0.07310000,0.07310000,0.07160000,0.07240000,8060223.80000000,1760183999999,581954.34921000,3440
1760184000000,0.07230000,0.07270000,0.07120000,0.07140000,7315035.90000000,1760187599999,526621.15910000,3662
1760187600000,0.07130000,0.07180000,0.07020000,0.07140000,10345380.30000000,1760191199999,734315.96699000,4904
1760191200000,0.07140000,0.07150000,0.07020000,0.07090000,7868891.90000000,1760194799999,557372.32825000,4139
1760194800000,0.07090000,0.07240000,0.07010000,0.07020000,10637408.30000000,1760198399999,757129.78132000,4752
1760198400000,0.07020000,0.07070000,0.06890000,0.06930000,7665167.10000000,1760201999999,534996.57930000,3021
1760202000000,0.06930000,0.07020000,0.06930000,0.06960000,6435857.40000000,1760205599999,448987.78451000,2663
1760205600000,0.06960000,0.07020000,0.06940000,0.06940000,4798890.30000000,1760209199999,334642.05679000,1816
1760209200000,0.06950000,0.06950000,0.06720000,0.06770000,10948544.50000000,1760212799999,747171.62237000,3885
1760212800000,0.06760000,0.06770000,0.06630000,0.06680000,11420370.80000000,1760216399999,765071.64358000,4112
1760216400000,0.06680000,0.06820000,0.06540000,0.06740000,10441730.90000000,1760219999999,698272.21650000,3121
1760220000000,0.06740000,0.06840000,0.06720000,0.06800000,5124502.50000000,1760223599999,347355.62382000,1493
1760223600000,0.06800000,0.06810000,0.06760000,0.06790000,3044932.40000000,1760227199999,206453.24400000,1176
1760227200000,0.06790000,0.06880000,0.06720000,0.06730000,6237297.00000000,1760230799999,424427.81093000,2011
1760230800000,0.06730000,0.06820000,0.06680000,0.06730000,6170031.10000000,1760234399999,415797.86117000,2649
1760234400000,0.06720000,0.06780000,0.06620000,0.06680000,7952914.70000000,1760237999999,532115.62744000,2744
1760238000000,0.06670000,0.06840000,0.06640000,0.06750000,7312404.00000000,1760241599999,493645.20535000,2914
1760241600000,0.06750000,0.06870000,0.06740000,0.06770000,5131221.70000000,1760245199999,349259.84195000,1764
1760245200000,0.06770000,0.06790000,0.06690000,0.06710000,2756173.90000000,1760248799999,185844.58198000,1190
1760248800000,0.06700000,0.06780000,0.06670000,0.06740000,3004676.30000000,1760252399999,202116.87147000,1218
1760252400000,0.06740000,0.06760000,0.06660000,0.06710000,4355447.80000000,1760255999999,292298.20212000,1710
1760256000000,0.06720000,0.06800000,0.06680000,0.06690000,3539807.50000000,1760259599999,238826.98719000,1429
1760259600000,0.06690000,0.06830000,0.06620000,0.06830000,3524509.70000000,1760263199999,236613.82867000,1377
1760263200000,0.06830000,0.06830000,0.06700000,0.06720000,4520487.30000000,1760266799999,304986.44947000,1572
1760266800000,0.06710000,0.06780000,0.06700000,0.06780000,2743824.10000000,1760270399999,184880.03298000,1267
1760270400000,0.06780000,0.06910000,0.06750000,0.06800000,8320184.70000000,1760273999999,569483.88880000,2592
1760274000000,0.06800000,0.06830000,0.06600000,0.06610000,8722486.00000000,1760277599999,585823.76480000,2793
1760277600000,0.06610000,0.06830000,0.06580000,0.06740000,17715724.80000000,1760281199999,1189399.32297000,7750
1760281200000,0.06750000,0.06900000,0.06730000,0.06870000,13637914.00000000,1760284799999,931007.93816000,6446
1760284800000,0.06870000,0.06980000,0.06830000,0.06940000,16150932.70000000,1760288399999,1118869.95418000,6779
1760288400000,0.06940000,0.07070000,0.06920000,0.07000000,10135517.70000000,1760291999999,710070.46177000,4159
1760292000000,0.07000000,0.07050000,0.06910000,0.06940000,6718011.60000000,1760295599999,469184.42133000,2636
1760295600000,0.06930000,0.07020000,0.06930000,0.06990000,3439396.00000000,1760299199999,240029.12271000,1511
1760299200000,0.06990000,0.07080000,0.06980000,0.06980000,7381672.00000000,1760302799999,518269.12405000,2758
1760302800000,0.06980000,0.07020000,0.06840000,0.06950000,6154883.10000000,1760306399999,426571.20439000,2368
1760306400000,0.06950000,0.06980000,0.06860000,0.06910000,6059841.90000000,1760309999999,418908.60094000,2246
1760310000000,0.06910000,0.06910000,0.06810000,0.06870000,3476390.70000000,1760313599999,238732.31597000,1286
1760313600000,0.06870000,0.06930000,0.06620000,0.06660000,11606048.40000000,1760317199999,783618.79511000,4530
1760317200000,0.06660000,0.06840000,0.06620000,0.06840000,9519339.80000000,1760320799999,637159.22946000,4051
1760320800000,0.06830000,0.06830000,0.06710000,0.06740000,3819693.90000000,1760324399999,257844.04269000,2002
1760324400000,0.06750000,0.06780000,0.06680000,0.06730000,4995905.40000000,1760327999999,335678.07262000,2300
1760328000000,0.06730000,0.06850000,0.06660000,0.06820000,4662540.80000000,1760331599999,313723.12402000,2030
1760331600000,0.06830000,0.06840000,0.06730000,0.06770000,4178934.10000000,1760335199999,283477.98139000,2077
1760335200000,0.06780000,0.06900000,0.06730000,0.06850000,6277726.40000000,1760338799999,427661.35122000,2372
1760338800000,0.06850000,0.06990000,0.06830000,0.06910000,6522501.10000000,1760342399999,450741.97890000,2376
1760342400000,0.06910000,0.07080000,0.06870000,0.07020000,7863815.30000000,1760345999999,547880.24958000,3075
1760346000000,0.07010000,0.07100000,0.06950000,0.07060000,7556960.90000000,1760349599999,531632.71702000,3325
1760349600000,0.07060000,0.07130000,0.06960000,0.07080000,8138058.90000000,1760353199999,572785.90222000,3715
1760353200000,0.07070000,0.07080000,0.06740000,0.06840000,11518502.90000000,1760356799999,794199.50521000,5680
1760356800000,0.06840000,0.06940000,0.06750000,0.06850000,5918539.10000000,1760360399999,406236.65196000,3117
1760360400000,0.06850000,0.07120000,0.06830000,0.07040000,11278191.60000000,1760363999999,785456.10046000,4714
1760364000000,0.07040000,0.07050000,0.06800000,0.06820000,7376210.80000000,1760367599999,509855.21709000,3123
1760367600000,0.06810000,0.06980000,0.06810000,0.06890000,6083476.60000000,1760371199999,420520.35925000,2409
1760371200000,0.06890000,0.06930000,0.06800000,0.06890000,5614705.50000000,1760374799999,385341.57110000,2484
1760374800000,0.06890000,0.07040000,0.06850000,0.07040000,5043692.70000000,1760378399999,348860.61216000,2177
1760378400000,0.07030000,0.07070000,0.06950000,0.07000000,3896500.70000000,1760381999999,273251.43403000,1737
1760382000000,0.06990000,0.07060000,0.06970000,0.07030000,2752060.30000000,1760385599999,193077.61513000,1296
1760385600000,0.07030000,0.07120000,0.07000000,0.07120000,3572216.60000000,1760389199999,251662.76888000,1166
1760389200000,0.07130000,0.07260000,0.07100000,0.07160000,5107279.70000000,1760392799999,365948.43640000,1765
1760392800000,0.07160000,0.07250000,0.07130000,0.07200000,2666132.70000000,1760396399999,191337.15104000,1027
1760396400000,0.07190000,0.07250000,0.07160000,0.07210000,3473341.70000000,1760399999999,250436.18100000,1342
1760400000000,0.07210000,0.07240000,0.07140000,0.07150000,4235856.20000000,1760403599999,303877.23758000,1356
1760403600000,0.07160000,0.07220000,0.07140000,0.07160000,3400360.00000000,1760407199999,244249.11489000,1284
1760407200000,0.07170000,0.07170000,0.07020000,0.07030000,4210377.00000000,1760410799999,298249.63459000,1678
1760410800000,0.07020000,0.07030000,0.06910000,0.06970000,4409843.20000000,1760414399999,307277.46162000,1713
1760414400000,0.06960000,0.06990000,0.06750000,0.06800000,5828210.30000000,1760417999999,400550.41926000,2198
1760418000000,0.06800000,0.06880000,0.06660000,0.06670000,5800844.40000000,1760421599999,392069.78761000,2281
1760421600000,0.06680000,0.06730000,0.06350000,0.06460000,10725278.90000000,1760425199999,698745.10604000,4030
1760425200000,0.06460000,0.06500000,0.06260000,0.06330000,9998286.90000000,1760428799999,639331.22444000,3515
1760428800000,0.06320000,0.06390000,0.06220000,0.06290000,6607116.10000000,1760432399999,416397.42613000,2609
1760432400000,0.06290000,0.06370000,0.06290000,0.06340000,6437221.80000000,1760435999999,407804.35766000,2044
1760436000000,0.06340000,0.06400000,0.06190000,0.06370000,9901259.40000000,1760439599999,621819.57377000,3240
1760439600000,0.06360000,0.06460000,0.06350000,0.06410000,7215752.20000000,1760443199999,463002.94160000,2570
1760443200000,0.06410000,0.06420000,0.06300000,0.06330000,5656211.70000000,1760446799999,360102.27900000,2052
1760446800000,0.06340000,0.06530000,0.06310000,0.06480000,7260810.90000000,1760450399999,464526.20051000,3144
1760450400000,0.06480000,0.06770000,0.06450000,0.06670000,9112267.90000000,1760453999999,602012.48214000,3705
1760454000000,0.06680000,0.06850000,0.06610000,0.06810000,5946477.30000000,1760457599999,399931.08761000,2778
1760457600000,0.06810000,0.06870000,0.06700000,0.06730000,7459395.60000000,1760461199999,506266.73644000,3262
1760461200000,0.06720000,0.06850000,0.06680000,0.06740000,5421972.70000000,1760464799999,367454.64285000,2451
1760464800000,0.06740000,0.06840000,0.06720000,0.06770000,3672479.00000000,1760468399999,248391.90579000,1389
1760468400000,0.06760000,0.06830000,0.06690000,0.06770000,5072327.40000000,1760471999999,342980.14443000,2188
1760472000000,0.06780000,0.06840000,0.06760000,0.06790000,2366902.70000000,1760475599999,161027.45389000,1259
1760475600000,0.06790000,0.06850000,0.06750000,0.06840000,1349943.60000000,1760479199999,91661.94935000,565
1760479200000,0.06840000,0.06910000,0.06830000,0.06830000,2725019.20000000,1760482799999,186890.75808000,935
1760482800000,0.06830000,0.06880000,0.06820000,0.06820000,2749660.60000000,1760486399999,188503.85892000,853
1760486400000,0.06820000,0.06870000,0.06750000,0.06840000,3796685.60000000,1760489999999,258308.26478000,1170
1760490000000,0.06850000,0.06860000,0.06770000,0.06850000,1858925.50000000,1760493599999,126597.50907000,1084
1760493600000,0.06840000,0.06900000,0.06820000,0.06830000,1829462.90000000,1760497199999,125450.28191000,1102
1760497200000,0.06830000,0.06860000,0.06750000,0.06810000,2025081.70000000,1760500799999,137849.38088000,1043
1760500800000,0.06810000,0.06870000,0.06770000,0.06850000,1775433.00000000,1760504399999,120805.00111000,871
1760504400000,0.06860000,0.06870000,0.06760000,0.06810000,2075997.70000000,1760507999999,141266.03338000,867
1760508000000,0.06800000,0.06820000,0.06670000,0.06790000,3243987.60000000,1760511599999,218609.61196000,1548
1760511600000,0.06790000,0.06800000,0.06690000,0.06780000,1749520.90000000,1760515199999,118172.30574000,1028
1760515200000,0.06770000,0.06830000,0.06740000,0.06750000,2945317.80000000,1760518799999,199673.16739000,1569
1760518800000,0.06750000,0.06760000,0.06640000,0.06650000,2962312.00000000,1760522399999,198418.25963000,1450
1760522400000,0.06650000,0.06680000,0.06580000,0.06610000,4834659.40000000,1760525999999,319985.73503000,1608
1760526000000,0.06610000,0.06630000,0.06540000,0.06570000,3507697.20000000,1760529599999,231113.57609000,1453
1760529600000,0.06570000,0.06600000,0.06470000,0.06560000,2906149.70000000,1760533199999,190112.43503000,1508
1760533200000,0.06550000,0.06590000,0.06430000,0.06530000,8027517.40000000,1760536799999,523115.61945000,3286
1760536800000,0.06520000,0.06660000,0.06480000,0.06510000,6611543.50000000,1760540399999,434778.92829000,3209
1760540400000,0.06510000,0.06570000,0.06480000,0.06530000,6571517.30000000,1760543999999,428221.44653000,3905
1760544000000,0.06530000,0.06550000,0.06460000,0.06540000,4004607.90000000,1760547599999,260350.96932000,2228
1760547600000,0.06540000,0.06600000,0.06470000,0.06520000,4343030.20000000,1760551199999,283456.54113000,2169
1760551200000,0.06530000,0.06550000,0.06460000,0.06530000,2851499.20000000,1760554799999,185364.27807000,1427
1760554800000,0.06530000,0.06530000,0.06440000,0.06460000,2950222.60000000,1760558399999,191261.79906000,1520
1760558400000,0.06470000,0.06500000,0.06340000,0.06450000,5957946.60000000,1760561999999,383152.98835000,2711
1760562000000,0.06440000,0.06510000,0.06370000,0.06390000,4325388.90000000,1760565599999,278399.95435000,2165
1760565600000,0.06390000,0.06460000,0.06310000,0.06360000,3283611.00000000,1760569199999,209911.74089000,1241
1760569200000,0.06360000,0.06470000,0.06360000,0.06440000,2488776.80000000,1760572799999,159881.22723000,1076
1760572800000,0.06440000,0.06480000,0.06370000,0.06390000,3260822.60000000,1760576399999,209400.04869000,1506
1760576400000,0.06380000,0.06510000,0.06380000,0.06480000,2823123.90000000,1760579999999,181835.02958000,1334
1760580000000,0.06480000,0.06520000,0.06430000,0.06500000,2982343.70000000,1760583599999,193055.36474000,1203
1760583600000,0.06500000,0.06560000,0.06480000,0.06560000,2634008.50000000,1760587199999,171813.51872000,1241
1760587200000,0.06560000,0.06680000,0.06530000,0.06560000,4366721.70000000,1760590799999,288770.00448000,1861
1760590800000,0.06550000,0.06620000,0.06520000,0.06580000,3321435.20000000,1760594399999,218346.12535000,1862
1760594400000,0.06580000,0.06700000,0.06570000,0.06640000,3162138.90000000,1760597999999,209873.07223000,1557
1760598000000,0.06640000,0.06660000,0.06530000,0.06560000,3606132.50000000,1760601599999,237360.66662000,1567
1760601600000,0.06560000,0.06580000,0.06420000,0.06440000,3035421.40000000,1760605199999,197427.74894000,1283
1760605200000,0.06440000,0.06620000,0.06290000,0.06560000,8935424.60000000,1760608799999,577462.12580000,4383
1760608800000,0.06560000,0.06590000,0.06500000,0.06550000,4589672.30000000,1760612399999,300711.78185000,2136
1760612400000,0.06540000,0.06560000,0.06480000,0.06530000,2337977.30000000,1760615999999,152380.50645000,1152
1760616000000,0.06540000,0.06600000,0.06520000,0.06550000,4509654.80000000,1760619599999,295733.50880000,2023
1760619600000,0.06550000,0.06560000,0.06440000,0.06460000,5181700.60000000,1760623199999,336949.98412000,2660
1760623200000,0.06460000,0.06630000,0.06350000,0.06560000,7453471.90000000,1760626799999,482964.79252000,3562
1760626800000,0.06560000,0.06610000,0.06300000,0.06330000,9082551.70000000,1760630399999,583375.89204000,4166
1760630400000,0.06320000,0.06450000,0.06200000,0.06450000,8501138.00000000,1760633999999,534312.37984000,4533
1760634000000,0.06440000,0.06450000,0.06270000,0.06280000,3995263.60000000,1760637599999,253635.66336000,2236
1760637600000,0.06280000,0.06280000,0.06160000,0.06250000,5105359.30000000,1760641199999,317527.87564000,2179
1760641200000,0.06250000,0.06270000,0.06120000,0.06200000,5342650.90000000,1760644799999,330570.91364000,2357
1760644800000,0.06200000,0.06220000,0.06120000,0.06140000,3958277.50000000,1760648399999,244413.54020000,1767
1760648400000,0.06140000,0.06270000,0.06130000,0.06260000,2615596.80000000,1760651999999,161530.44822000,932
1760652000000,0.06270000,0.06270000,0.06200000,0.06210000,1806266.00000000,1760655599999,112580.68531000,700
1760655600000,0.06210000,0.06300000,0.06200000,0.06300000,1701336.10000000,1760659199999,106662.76559000,752
1760659200000,0.06290000,0.06380000,0.06280000,0.06380000,1669097.20000000,1760662799999,105833.37832000,763
1760662800000,0.06380000,0.06430000,0.06350000,0.06360000,1106955.60000000,1760666399999,70797.43669000,734
1760666400000,0.06360000,0.06380000,0.06300000,0.06330000,1542899.10000000,1760669999999,97713.04738000,747
1760670000000,0.06340000,0.06400000,0.06330000,0.06390000,1369042.40000000,1760673599999,87140.03898000,618
1760673600000,0.06380000,0.06390000,0.06330000,0.06350000,1019795.30000000,1760677199999,64809.78405000,538
1760677200000,0.06360000,0.06380000,0.06310000,0.06320000,1948615.40000000,1760680799999,123686.08808000,842
1760680800000,0.06320000,0.06350000,0.06050000,0.06110000,5645887.30000000,1760684399999,348931.60781000,2634
1760684400000,0.06110000,0.06110000,0.05850000,0.05900000,8989801.80000000,1760687999999,535938.37198000,4080
1760688000000,0.05900000,0.05950000,0.05840000,0.05870000,7451514.80000000,1760691599999,438839.56614000,3314
1760691600000,0.05870000,0.06070000,0.05850000,0.05940000,6890545.40000000,1760695199999,408925.18486000,2525
1760695200000,0.05950000,0.05970000,0.05850000,0.05920000,5548513.10000000,1760698799999,327746.46049000,2205
1760698800000,0.05920000,0.06160000,0.05920000,0.06050000,6236025.90000000,1760702399999,377791.83218000,2756
1760702400000,0.06050000,0.06110000,0.06010000,0.06020000,3028189.00000000,1760705999999,183828.39525000,1153
1760706000000,0.06020000,0.06140000,0.05990000,0.06110000,5611100.00000000,1760709599999,340752.55987000,2368
1760709600000,0.06110000,0.06290000,0.06010000,0.06180000,8150494.20000000,1760713199999,500885.27797000,2974
1760713200000,0.06180000,0.06280000,0.06150000,0.06270000,4166530.90000000,1760716799999,258413.68172000,1809
1760716800000,0.06270000,0.06350000,0.06150000,0.06160000,5465875.60000000,1760720399999,342012.25462000,2418
1760720400000,0.06160000,0.06210000,0.06090000,0.06150000,3626305.30000000,1760723999999,223106.72279000,1481
1760724000000,0.06140000,0.06200000,0.06120000,0.06130000,2489565.40000000,1760727599999,153409.45967000,954
1760727600000,0.06130000,0.06160000,0.06090000,0.06110000,1928539.50000000,1760731199999,118179.25459000,935
1760731200000,0.06110000,0.06190000,0.06090000,0.06120000,2027102.50000000,1760734799999,124556.07393000,809
1760734800000,0.06130000,0.06200000,0.06130000,0.06190000,2306399.80000000,1760738399999,142223.43707000,879
1760738400000,0.06190000,0.06210000,0.06140000,0.06160000,2918340.80000000,1760741999999,179959.12702000,561
1760742000000,0.06160000,0.06170000,0.06080000,0.06120000,2211734.10000000,1760745599999,135270.44794000,590
1760745600000,0.06120000,0.06140000,0.06080000,0.06100000,1649945.70000000,1760749199999,100776.86569000,620
1760749200000,0.06110000,0.06170000,0.06100000,0.06140000,1248567.30000000,1760752799999,76633.76869000,557
1760752800000,0.06150000,0.06210000,0.06140000,0.06170000,2174733.60000000,1760756399999,134199.03535000,1101
1760756400000,0.06180000,0.06240000,0.06180000,0.06190000,1533960.10000000,1760759999999,95248.65519000,679
1760760000000,0.06190000,0.06190000,0.06120000,0.06120000,2379649.50000000,1760763599999,146471.66707000,813
1760763600000,0.06120000,0.06150000,0.06080000,0.06130000,2062240.10000000,1760767199999,126247.04515000,718
1760767200000,0.06130000,0.06190000,0.06120000,0.06180000,1019479.70000000,1760770799999,62702.09505000,525
1760770800000,0.06190000,0.06250000,0.06110000,0.06120000,3957765.10000000,1760774399999,244798.94612000,1490
1760774400000,0.06120000,0.06180000,0.06120000,0.06150000,1739406.20000000,1760777999999,106884.69251000,715
1760778000000,0.06140000,0.06210000,0.06100000,0.06190000,2693032.40000000,1760781599999,165771.83908000,1123
1760781600000,0.06190000,0.06230000,0.06180000,0.06200000,2247084.60000000,1760785199999,139404.18556000,776
1760785200000,0.06210000,0.06240000,0.06180000,0.06220000,2476634.40000000,1760788799999,153799.88307000,779
1760788800000,0.06210000,0.06230000,0.06150000,0.06170000,1437062.80000000,1760792399999,88955.12163000,602
1760792400000,0.06170000,0.06170000,0.06100000,0.06140000,2760523.70000000,1760795999999,169306.50227000,1024
1760796000000,0.06140000,0.06150000,0.06070000,0.06100000,2927079.70000000,1760799599999,178723.88126000,1039
1760799600000,0.06100000,0.06120000,0.06010000,0.06040000,3024072.50000000,1760803199999,183203.74050000,1035
1760803200000,0.06050000,0.06050000,0.05940000,0.06000000,3478297.00000000,1760806799999,208151.48024000,1271
1760806800000,0.06010000,0.06090000,0.05970000,0.06080000,1829363.50000000,1760810399999,110431.22123000,882
1760810400000,0.06070000,0.06090000,0.06030000,0.06030000,1224154.60000000,1760813999999,74063.53500000,624
1760814000000,0.06040000,0.06060000,0.06030000,0.06050000,1301857.70000000,1760817599999,78665.06092000,557
1760817600000,0.06050000,0.06070000,0.06030000,0.06030000,1150244.80000000,1760821199999,69576.42016000,447
1760821200000,0.06030000,0.06040000,0.05970000,0.06020000,1856391.90000000,1760824799999,111523.06839000,583
1760824800000,0.06020000,0.06040000,0.06010000,0.06010000,544814.10000000,1760828399999,32809.06269000,234
1760828400000,0.06010000,0.06050000,0.06000000,0.06040000,874233.20000000,1760831999999,52641.01356000,265
1760832000000,0.06040000,0.06060000,0.06000000,0.06040000,1436468.00000000,1760835599999,86681.08575000,548
1760835600000,0.06040000,0.06100000,0.06030000,0.06080000,1543287.70000000,1760839199999,93630.22620000,576
1760839200000,0.06090000,0.06100000,0.06050000,0.06070000,1235153.90000000,1760842799999,75085.46223000,447
1760842800000,0.06070000,0.06160000,0.06060000,0.06140000,1133179.50000000,1760846399999,69333.49310000,530
1760846400000,0.06150000,0.06160000,0.06080000,0.06090000,949883.80000000,1760849999999,58032.78470000,413
1760850000000,0.06100000,0.06150000,0.06080000,0.06090000,1481321.30000000,1760853599999,90592.87943000,575
1760853600000,0.06100000,0.06110000,0.06020000,0.06040000,2055336.70000000,1760857199999,124508.22574000,633
1760857200000,0.06050000,0.06080000,0.06020000,0.06060000,1317262.90000000,1760860799999,79806.42056000,514
1760860800000,0.06060000,0.06150000,0.06010000,0.06020000,4856743.00000000,1760864399999,295084.19664000,1817
1760864400000,0.06010000,0.06190000,0.05990000,0.06140000,5709471.80000000,1760867999999,348436.53663000,2303
1760868000000,0.06140000,0.06200000,0.06090000,0.06180000,3067552.60000000,1760871599999,188518.44954000,1370
1760871600000,0.06190000,0.06230000,0.06160000,0.06170000,2922793.40000000,1760875199999,181067.07711000,975
1760875200000,0.06170000,0.06190000,0.06110000,0.06140000,3226577.70000000,1760878799999,198001.85011000,980
1760878800000,0.06140000,0.06240000,0.06110000,0.06210000,2248650.50000000,1760882399999,138491.48927000,780
1760882400000,0.06220000,0.06300000,0.06190000,0.06250000,6108748.70000000,1760885999999,381478.75344000,1463
1760886000000,0.06250000,0.06260000,0.06210000,0.06210000,1581589.80000000,1760889599999,98633.63705000,686
1760889600000,0.06220000,0.06250000,0.06170000,0.06220000,2413037.20000000,1760893199999,149714.63513000,750
1760893200000,0.06220000,0.06290000,0.06190000,0.06190000,2704805.20000000,1760896799999,169072.39549000,1020
1760896800000,0.06200000,0.06230000,0.06180000,0.06200000,2073442.50000000,1760900399999,128625.53436000,721
1760900400000,0.06200000,0.06230000,0.06170000,0.06220000,1690837.00000000,1760903999999,104789.35025000,548
1760904000000,0.06230000,0.06270000,0.06210000,0.06250000,1057504.70000000,1760907599999,65941.36484000,627
1760907600000,0.06250000,0.06250000,0.06190000,0.06230000,1312070.90000000,1760911199999,81628.77063000,401
1760911200000,0.06240000,0.06270000,0.06220000,0.06230000,2011110.00000000,1760914799999,125541.41339000,492
1760914800000,0.06220000,0.06230000,0.06180000,0.06190000,2208496.90000000,1760918399999,136995.52251000,510
1760918400000,0.06190000,0.06190000,0.06060000,0.06130000,4035504.40000000,1760921999999,246849.18252000,1301
1760922000000,0.06140000,0.06190000,0.06090000,0.06160000,1328277.30000000,1760925599999,81647.36568000,859
1760925600000,0.06150000,0.06200000,0.06120000,0.06170000,2280859.00000000,1760929199999,140466.18948000,1088
1760929200000,0.06180000,0.06470000,0.06170000,0.06430000,4170948.90000000,1760932799999,264210.26585000,2151
1760932800000,0.06430000,0.06460000,0.06390000,0.06420000,2002639.50000000,1760936399999,128534.12010000,1240
1760936400000,0.06420000,0.06420000,0.06370000,0.06400000,1601508.90000000,1760939999999,102376.42072000,687
1760940000000,0.06400000,0.06460000,0.06370000,0.06440000,1946645.10000000,1760943599999,125108.16564000,802
1760943600000,0.06450000,0.06460000,0.06380000,0.06420000,2674592.80000000,1760947199999,171649.57158000,1120
1760947200000,0.06420000,0.06440000,0.06330000,0.06340000,2159233.30000000,1760950799999,137743.38643000,1279
1760950800000,0.06330000,0.06370000,0.06290000,0.06340000,3003804.00000000,1760954399999,190081.70548000,1165
1760954400000,0.06350000,0.06370000,0.06250000,0.06280000,1880179.50000000,1760957999999,118867.46780000,991
1760958000000,0.06280000,0.06300000,0.06230000,0.06270000,1649798.00000000,1760961599999,103383.29447000,859
1760961600000,0.06280000,0.06350000,0.06260000,0.06320000,1715703.40000000,1760965199999,108216.10690000,883
1760965200000,0.06320000,0.06430000,0.06310000,0.06410000,2999210.20000000,1760968799999,191689.12302000,1316
1760968800000,0.06410000,0.06520000,0.06320000,0.06470000,4716351.20000000,1760972399999,302680.17344000,1674
1760972400000,0.06470000,0.06520000,0.06390000,0.06390000,2834977.10000000,1760975999999,182662.89580000,1238
1760976000000,0.06390000,0.06410000,0.06290000,0.06360000,3666413.70000000,1760979599999,232611.60603000,1958
1760979600000,0.06360000,0.06390000,0.06280000,0.06310000,1935862.50000000,1760983199999,122376.85269000,945
1760983200000,0.06310000,0.06360000,0.06270000,0.06330000,2045894.30000000,1760986799999,129410.88815000,972
1760986800000,0.06330000,0.06460000,0.06300000,0.06410000,3451442.60000000,1760990399999,220901.51069000,1542
1760990400000,0.06410000,0.06420000,0.06350000,0.06370000,1321307.70000000,1760993999999,84390.59070000,957
1760994000000,0.06370000,0.06410000,0.06340000,0.06350000,1081073.90000000,1760997599999,68870.88965000,604
1760997600000,0.06350000,0.06370000,0.06320000,0.06330000,776080.50000000,1761001199999,49174.10035000,344
1761001200000,0.06330000,0.06350000,0.06300000,0.06330000,1203630.00000000,1761004799999,76123.93457000,529
1761004800000,0.06320000,0.06380000,0.06300000,0.06340000,1809109.80000000,1761008399999,114660.99395000,681
1761008400000,0.06340000,0.06380000,0.06280000,0.06310000,2773663.80000000,1761011999999,175835.18917000,1045
1761012000000,0.06310000,0.06320000,0.06210000,0.06210000,3061940.40000000,1761015599999,191636.97574000,1212
1761015600000,0.06220000,0.06250000,0.06140000,0.06160000,2588819.70000000,1761019199999,160651.27830000,1332
1761019200000,0.06150000,0.06160000,0.06030000,0.06040000,3255764.30000000,1761022799999,198522.58845000,1808
1761022800000,0.06030000,0.06060000,0.05970000,0.06020000,4664747.20000000,1761026399999,280245.52908000,1663
1761026400000,0.06010000,0.06110000,0.06010000,0.06060000,2385494.10000000,1761029999999,144465.16789000,1217
1761030000000,0.06060000,0.06090000,0.06010000,0.06080000,1995290.00000000,1761033599999,120705.70203000,1018
1761033600000,0.06080000,0.06090000,0.06020000,0.06070000,2186863.60000000,1761037199999,132584.12106000,886
1761037200000,0.06070000,0.06080000,0.05990000,0.06010000,1755963.10000000,1761040799999,106113.61985000,714
1761040800000,0.06010000,0.06040000,0.05960000,0.05990000,3630443.30000000,1761044399999,217994.61719000,1790
1761044400000,0.06000000,0.06010000,0.05830000,0.05840000,11574514.50000000,1761047999999,682515.41900000,5133
1761048000000,0.05840000,0.05920000,0.05830000,0.05840000,8281954.50000000,1761051599999,485490.94182000,4044
1761051600000,0.05850000,0.05910000,0.05790000,0.05840000,5156632.70000000,1761055199999,301253.40092000,2725
1761055200000,0.05850000,0.06130000,0.05840000,0.06110000,8118155.80000000,1761058799999,487187.32363000,3731
1761058800000,0.06120000,0.06250000,0.06080000,0.06240000,8698259.90000000,1761062399999,536407.63752000,4212
1761062400000,0.06240000,0.06270000,0.06120000,0.06130000,6822739.00000000,1761065999999,424434.66500000,2997
1761066000000,0.06140000,0.06160000,0.06040000,0.06100000,5264132.90000000,1761069599999,321591.20125000,2752
1761069600000,0.06110000,0.06120000,0.05990000,0.06030000,3588075.20000000,1761073199999,217166.83309000,1635
1761073200000,0.06030000,0.06030000,0.05960000,0.06010000,2133814.10000000,1761076799999,128096.35369000,1007
1761076800000,0.06000000,0.06020000,0.05860000,0.05880000,8207003.20000000,1761080399999,485728.71856000,2252
1761080400000,0.05880000,0.05910000,0.05810000,0.05860000,3635134.30000000,1761083999999,212795.26165000,1436
1761084000000,0.05860000,0.05860000,0.05630000,0.05640000,9401380.10000000,1761087599999,538550.63167000,2864
1761087600000,0.05630000,0.05640000,0.05540000,0.05580000,5099058.30000000,1761091199999,285141.68968000,1921
1761091200000,0.05590000,0.05630000,0.05500000,0.05510000,5787496.90000000,1761094799999,322456.58293000,2063
1761094800000,0.05510000,0.05550000,0.05460000,0.05500000,5054788.40000000,1761098399999,278072.79773000,1545
1761098400000,0.05510000,0.05540000,0.05480000,0.05530000,2822687.80000000,1761101999999,155468.64016000,944
1761102000000,0.05530000,0.05540000,0.05480000,0.05530000,3300659.60000000,1761105599999,181842.00146000,965
1761105600000,0.05530000,0.05580000,0.05510000,0.05550000,1855352.50000000,1761109199999,103076.04066000,736
1761109200000,0.05550000,0.05560000,0.05450000,0.05520000,3339441.80000000,1761112799999,184004.26170000,1233
1761112800000,0.05520000,0.05650000,0.05500000,0.05550000,6595601.60000000,1761116399999,368402.45865000,1710
1761116400000,0.05550000,0.05560000,0.05500000,0.05560000,2838464.00000000,1761119999999,156972.31140000,1038
1761120000000,0.05550000,0.05560000,0.05460000,0.05470000,3461412.10000000,1761123599999,190786.77699000,1193
1761123600000,0.05470000,0.05490000,0.05380000,0.05420000,5110202.20000000,1761127199999,278129.10939000,1574
1761127200000,0.05420000,0.05460000,0.05410000,0.05430000,2356061.20000000,1761130799999,128170.06653000,974
1761130800000,0.05430000,0.05560000,0.05390000,0.05550000,8443888.80000000,1761134399999,463805.10525000,2760
1761134400000,0.05550000,0.05610000,0.05520000,0.05550000,5243945.40000000,1761137999999,291527.66939000,1849
1761138000000,0.05550000,0.05730000,0.05540000,0.05720000,9584291.70000000,1761141599999,541710.48144000,3836
1761141600000,0.05710000,0.05930000,0.05650000,0.05910000,18818110.60000000,1761145199999,1086967.01975000,6883
1761145200000,0.05910000,0.06010000,0.05850000,0.05980000,17914339.30000000,1761148799999,1063429.85418000,6641
1761148800000,0.05990000,0.05990000,0.05860000,0.05880000,7522256.30000000,1761152399999,444560.08945000,2836
1761152400000,0.05890000,0.05920000,0.05690000,0.05720000,5294666.30000000,1761155999999,308310.76065000,1912
1761156000000,0.05720000,0.05760000,0.05700000,0.05730000,3123809.90000000,1761159599999,179018.08818000,1554
1761159600000,0.05730000,0.05800000,0.05610000,0.05670000,5059463.50000000,1761163199999,288178.71455000,1812
1761163200000,0.05670000,0.05700000,0.05620000,0.05630000,3459731.60000000,1761166799999,195970.75292000,1133
1761166800000,0.05630000,0.05630000,0.05470000,0.05540000,8481068.50000000,1761170399999,469923.32176000,2827
1761170400000,0.05530000,0.05570000,0.05480000,0.05480000,2658588.50000000,1761173999999,146796.89293000,946
1761174000000,0.05490000,0.05620000,0.05480000,0.05620000,3555419.40000000,1761177599999,197520.34318000,1044
1761177600000,0.05610000,0.05660000,0.05590000,0.05630000,2751926.60000000,1761181199999,154635.63190000,1014
1761181200000,0.05620000,0.05630000,0.05580000,0.05590000,2979773.70000000,1761184799999,166895.74930000,1071
1761184800000,0.05580000,0.05620000,0.05570000,0.05570000,1265927.80000000,1761188399999,70818.36935000,665
1761188400000,0.05580000,0.05580000,0.05540000,0.05560000,1693898.80000000,1761191999999,94141.20773000,765
1761192000000,0.05550000,0.05600000,0.05520000,0.05570000,2764609.60000000,1761195599999,153733.91947000,989
1761195600000,0.05560000,0.05730000,0.05560000,0.05640000,4045949.50000000,1761199199999,229073.10317000,1384
1761199200000,0.05640000,0.05720000,0.05630000,0.05670000,3206431.80000000,1761202799999,182185.06271000,1388
1761202800000,0.05660000,0.05680000,0.05630000,0.05640000,1809047.00000000,1761206399999,102239.54536000,892
1761206400000,0.05640000,0.05730000,0.05620000,0.05690000,3947755.60000000,1761209999999,224440.53563000,1389
1761210000000,0.05690000,0.05750000,0.05680000,0.05700000,3093916.60000000,1761213599999,176699.47568000,1148
1761213600000,0.05710000,0.05720000,0.05640000,0.05640000,4482188.00000000,1761217199999,254493.09238000,1459
1761217200000,0.05640000,0.05680000,0.05590000,0.05620000,4550731.10000000,1761220799999,256188.90993000,1402
1761220800000,0.05630000,0.05650000,0.05590000,0.05640000,3517644.40000000,1761224399999,197665.78939000,1375
1761224400000,0.05640000,0.05650000,0.05600000,0.05630000,3175836.30000000,1761227999999,178637.55944000,1422
1761228000000,0.05630000,0.05650000,0.05580000,0.05630000,3244347.70000000,1761231599999,182232.45898000,1644
1761231600000,0.05630000,0.05800000,0.05610000,0.05720000,4506003.50000000,1761235199999,256912.78298000,1738
1761235200000,0.05720000,0.05830000,0.05680000,0.05810000,4354098.00000000,1761238799999,250145.42949000,1742
1761238800000,0.05810000,0.05880000,0.05730000,0.05870000,4952544.20000000,1761242399999,288180.23380000,1816
1761242400000,0.05860000,0.05870000,0.05800000,0.05820000,2668605.10000000,1761245999999,155744.55963000,1177
1761246000000,0.05820000,0.05830000,0.05780000,0.05800000,1480336.70000000,1761249599999,85871.36186000,772
1761249600000,0.05800000,0.05820000,0.05760000,0.05790000,1731748.90000000,1761253199999,100309.44796000,847
1761253200000,0.05790000,0.05850000,0.05780000,0.05820000,1229265.80000000,1761256799999,71514.09167000,428
1761256800000,0.05830000,0.05910000,0.05820000,0.05850000,2847409.90000000,1761260399999,166970.93428000,814
1761260400000,0.05840000,0.06040000,0.05830000,0.06010000,4369599.90000000,1761263999999,260334.89635000,1450
1761264000000,0.06020000,0.06170000,0.05990000,0.06080000,9954919.20000000,1761267599999,607002.07679000,3533
1761267600000,0.06090000,0.06110000,0.06000000,0.06050000,5643323.10000000,1761271199999,341998.55453000,3565
1761271200000,0.06050000,0.06050000,0.05970000,0.05990000,5491198.40000000,1761274799999,329161.17525000,2174
1761274800000,0.05990000,0.06010000,0.05940000,0.05980000,3334172.50000000,1761278399999,199344.53295000,1493
1761278400000,0.05980000,0.06080000,0.05950000,0.06040000,5219229.70000000,1761281999999,314657.80343000,2573
1761282000000,0.06040000,0.06060000,0.05990000,0.06000000,2987171.90000000,1761285599999,179932.00663000,1605
1761285600000,0.06000000,0.06040000,0.05970000,0.06000000,2866238.10000000,1761289199999,171917.35016000,1507
1761289200000,0.06000000,0.06040000,0.05970000,0.06020000,2057508.90000000,1761292799999,123498.33409000,1244
1761292800000,0.06030000,0.06070000,0.05980000,0.05980000,3695105.10000000,1761296399999,222876.31186000,1589
1761296400000,0.05990000,0.06020000,0.05970000,0.06000000,2998761.00000000,1761299999999,179925.34048000,1717
1761300000000,0.06010000,0.06040000,0.05980000,0.05980000,2244279.80000000,1761303599999,134900.37183000,1375
1761303600000,0.05980000,0.06010000,0.05890000,0.05940000,3903854.40000000,1761307199999,231945.30266000,1968
1761307200000,0.05940000,0.06130000,0.05930000,0.06040000,6161552.10000000,1761310799999,371184.64714000,2966
1761310800000,0.06030000,0.06050000,0.05960000,0.06020000,3851013.20000000,1761314399999,231340.06254000,1722
1761314400000,0.06030000,0.06040000,0.05960000,0.05990000,3927773.00000000,1761317999999,235756.98354000,2091
1761318000000,0.05980000,0.06030000,0.05900000,0.05910000,3826483.80000000,1761321599999,227834.62307000,1224
1761321600000,0.05910000,0.05970000,0.05890000,0.05930000,1991750.10000000,1761325199999,117984.16164000,973
1761325200000,0.05930000,0.05960000,0.05920000,0.05920000,1914412.50000000,1761328799999,113736.02571000,984
1761328800000,0.05930000,0.05950000,0.05910000,0.05940000,1071524.70000000,1761332399999,63567.37615000,548
1761332400000,0.05930000,0.06000000,0.05930000,0.05950000,2225410.40000000,1761335999999,132892.67123000,1006
1761336000000,0.05950000,0.06020000,0.05950000,0.05990000,1372081.50000000,1761339599999,82236.36909000,660
1761339600000,0.06000000,0.06050000,0.05960000,0.06020000,1927242.60000000,1761343199999,115590.88643000,879
1761343200000,0.06020000,0.06060000,0.05990000,0.06010000,1539348.20000000,1761346799999,92829.21844000,581
1761346800000,0.06020000,0.06030000,0.05990000,0.06010000,1277176.20000000,1761350399999,76807.11108000,586
1761350400000,0.06000000,0.06030000,0.05970000,0.05980000,2551006.50000000,1761353999999,152898.05625000,997
1761354000000,0.05990000,0.06050000,0.05980000,0.06030000,1069751.40000000,1761357599999,64394.96310000,640
1761357600000,0.06030000,0.06040000,0.06000000,0.06010000,641091.40000000,1761361199999,38606.42167000,516
1761361200000,0.06000000,0.06050000,0.06000000,0.06040000,1302426.20000000,1761364799999,78541.53016000,696
1761364800000,0.06040000,0.06080000,0.06030000,0.06050000,1626858.20000000,1761368399999,98530.09122000,821
1761368400000,0.06050000,0.06060000,0.06010000,0.06020000,1178995.10000000,1761371999999,71159.20091000,635
1761372000000,0.06010000,0.06050000,0.06000000,0.06010000,1117539.90000000,1761375599999,67302.32932000,691
1761375600000,0.06010000,0.06050000,0.05970000,0.05980000,1900605.90000000,1761379199999,114155.94056000,1015
1761379200000,0.05990000,0.06040000,0.05980000,0.06030000,1062718.30000000,1761382799999,63838.14656000,700
1761382800000,0.06030000,0.06040000,0.05860000,0.05870000,11367326.30000000,1761386399999,673072.99790000,2938
1761386400000,0.05870000,0.05900000,0.05810000,0.05870000,4496210.10000000,1761389999999,263123.18447000,1568
1761390000000,0.05870000,0.05890000,0.05850000,0.05880000,1851356.70000000,1761393599999,108697.39665000,675
1761393600000,0.05880000,0.05910000,0.05810000,0.05840000,3706995.10000000,1761397199999,216852.44878000,1339
1761397200000,0.05830000,0.05830000,0.05790000,0.05810000,1846440.40000000,1761400799999,107231.60098000,875
1761400800000,0.05810000,0.05840000,0.05790000,0.05830000,2440459.80000000,1761404399999,142009.03036000,936
1761404400000,0.05830000,0.05830000,0.05790000,0.05790000,2747221.50000000,1761407999999,159495.06175000,834
1761408000000,0.05800000,0.05810000,0.05770000,0.05800000,1859636.60000000,1761411599999,107680.66803000,633
1761411600000,0.05800000,0.05810000,0.05750000,0.05770000,2099813.70000000,1761415199999,121386.79558000,960
1761415200000,0.05780000,0.05790000,0.05750000,0.05770000,1544280.80000000,1761418799999,89131.38966000,679
1761418800000,0.05770000,0.05820000,0.05760000,0.05800000,1992976.30000000,1761422399999,115495.04000000,715
1761422400000,0.05810000,0.05820000,0.05790000,0.05800000,1674607.40000000,1761425999999,97200.92633000,612
1761426000000,0.05800000,0.05820000,0.05760000,0.05780000,1150829.60000000,1761429599999,66594.83771000,438
1761429600000,0.05790000,0.05870000,0.05770000,0.05850000,1896686.60000000,1761433199999,110431.58383000,577
1761433200000,0.05850000,0.05860000,0.05800000,0.05810000,1813336.10000000,1761436799999,105761.34780000,642
1761436800000,0.05810000,0.05860000,0.05800000,0.05830000,1602155.80000000,1761440399999,93316.80222000,582
1761440400000,0.05820000,0.05850000,0.05780000,0.05800000,2266007.20000000,1761443999999,131995.27253000,779
1761444000000,0.05800000,0.05850000,0.05790000,0.05800000,1884003.70000000,1761447599999,109576.27979000,824
1761447600000,0.05800000,0.05840000,0.05800000,0.05820000,1903384.50000000,1761451199999,110708.88160000,808
1761451200000,0.05830000,0.05900000,0.05820000,0.05870000,1648180.80000000,1761454799999,96646.85364000,731
1761454800000,0.05870000,0.05970000,0.05870000,0.05950000,2449407.20000000,1761458399999,145156.24585000,1185
1761458400000,0.05950000,0.05970000,0.05910000,0.05920000,1925784.50000000,1761461999999,114191.71659000,810
1761462000000,0.05920000,0.05960000,0.05900000,0.05940000,1262147.30000000,1761465599999,74878.30849000,662
1761465600000,0.05940000,0.05970000,0.05930000,0.05960000,1536570.30000000,1761469199999,91363.44390000,873
1761469200000,0.05950000,0.06040000,0.05930000,0.05990000,4274511.40000000,1761472799999,255921.63587000,1714
1761472800000,0.05990000,0.06000000,0.05940000,0.05950000,2553975.60000000,1761476399999,152368.46809000,738
1761476400000,0.05960000,0.06030000,0.05950000,0.06010000,2763175.90000000,1761479999999,165789.71481000,1709
1761480000000,0.06020000,0.06050000,0.05980000,0.06000000,4165809.20000000,1761483599999,250558.86872000,1766
1761483600000,0.06010000,0.06040000,0.05980000,0.06020000,2404162.40000000,1761487199999,144501.09735000,1397
1761487200000,0.06010000,0.06030000,0.05990000,0.06030000,3240782.60000000,1761490799999,194867.64898000,1719
1761490800000,0.06030000,0.06050000,0.06000000,0.06030000,3736992.80000000,1761494399999,225206.81329000,1590
1761494400000,0.06030000,0.06030000,0.05970000,0.05980000,2213899.70000000,1761497999999,132934.71819000,982
1761498000000,0.05980000,0.06000000,0.05950000,0.05970000,2120187.90000000,1761501599999,126631.24915000,835
1761501600000,0.05980000,0.06010000,0.05970000,0.06000000,1025822.00000000,1761505199999,61484.85579000,567
1761505200000,0.06000000,0.06000000,0.05950000,0.05960000,1755167.80000000,1761508799999,104963.44503000,1046
1761508800000,0.05970000,0.05970000,0.05930000,0.05960000,1634639.60000000,1761512399999,97244.12700000,702
1761512400000,0.05950000,0.06000000,0.05950000,0.06000000,1046359.80000000,1761515999999,62505.37943000,501
1761516000000,0.06000000,0.06140000,0.06000000,0.06120000,6365942.60000000,1761519599999,387924.97024000,3183
1761519600000,0.06120000,0.06210000,0.06120000,0.06150000,3390842.70000000,1761523199999,209167.65582000,1168
1761523200000,0.06160000,0.06170000,0.06100000,0.06100000,3089445.40000000,1761526799999,189426.44281000,1286
1761526800000,0.06100000,0.06160000,0.06070000,0.06140000,3431951.70000000,1761530399999,209884.10358000,1826
1761530400000,0.06140000,0.06170000,0.06070000,0.06100000,3535705.70000000,1761533999999,216820.85253000,1815
1761534000000,0.06100000,0.06120000,0.06070000,0.06100000,2007375.20000000,1761537599999,122418.89147000,1085
1761537600000,0.06100000,0.06110000,0.06050000,0.06050000,1364145.60000000,1761541199999,82905.00463000,663
1761541200000,0.06050000,0.06090000,0.06030000,0.06040000,2779500.10000000,1761544799999,168299.96548000,1116
1761544800000,0.06040000,0.06040000,0.05920000,0.05960000,6687648.60000000,1761548399999,398885.12057000,2162
1761548400000,0.05950000,0.05960000,0.05800000,0.05820000,5340111.50000000,1761551999999,313471.63668000,2153
1761552000000,0.05820000,0.05840000,0.05700000,0.05720000,5199633.70000000,1761555599999,299289.46481000,1949
1761555600000,0.05720000,0.05740000,0.05610000,0.05650000,5467533.90000000,1761559199999,310052.60966000,2377
1761559200000,0.05650000,0.05660000,0.05590000,0.05620000,3967316.50000000,1761562799999,222961.02762000,1686
1761562800000,0.05620000,0.05650000,0.05570000,0.05620000,3716191.00000000,1761566399999,208504.02849000,1443
1761566400000,0.05610000,0.05620000,0.05540000,0.05550000,2945702.60000000,1761569999999,164341.61659000,1156
1761570000000,0.05540000,0.05620000,0.05520000,0.05590000,4692402.80000000,1761573599999,261652.73594000,1994
1761573600000,0.05590000,0.05600000,0.05450000,0.05460000,7095543.20000000,1761577199999,392162.32898000,2688
1761577200000,0.05460000,0.05520000,0.05430000,0.05500000,6360892.40000000,1761580799999,348031.91415000,2738
1761580800000,0.05500000,0.05670000,0.05490000,0.05650000,6596679.20000000,1761584399999,368042.90359000,2990
1761584400000,0.05660000,0.05680000,0.05590000,0.05630000,7475747.30000000,1761587999999,420705.12101000,2434
1761588000000,0.05630000,0.05670000,0.05570000,0.05580000,5226198.80000000,1761591599999,293332.55763000,2140
1761591600000,0.05570000,0.05620000,0.05540000,0.05550000,4730034.80000000,1761595199999,263694.45008000,1942
1761595200000,0.05550000,0.05560000,0.05500000,0.05540000,4792462.70000000,1761598799999,264840.71537000,2072
1761598800000,0.05530000,0.05550000,0.05490000,0.05490000,2740971.40000000,1761602399999,151361.46646000,1151
1761602400000,0.05480000,0.05520000,0.05450000,0.05460000,3068992.30000000,1761605999999,168154.69886000,1153
1761606000000,0.05460000,0.05480000,0.05420000,0.05470000,3359483.00000000,1761609599999,183151.52625000,1150
1761609600000,0.05470000,0.05470000,0.05380000,0.05440000,4476015.00000000,1761613199999,243135.17298000,1881
1761613200000,0.05450000,0.05480000,0.05420000,0.05430000,2860540.00000000,1761616799999,155779.98258000,1162
1761616800000,0.05430000,0.05540000,0.05390000,0.05500000,3804991.90000000,1761620399999,207495.94051000,1720
1761620400000,0.05500000,0.05520000,0.05430000,0.05440000,3322185.40000000,1761623999999,181969.31313000,1343
1761624000000,0.05440000,0.05450000,0.05390000,0.05430000,4301041.80000000,1761627599999,233053.76670000,1759
1761627600000,0.05430000,0.05460000,0.05350000,0.05390000,4468174.00000000,1761631199999,241715.31879000,1753
1761631200000,0.05390000,0.05450000,0.05390000,0.05440000,3632875.00000000,1761634799999,196969.85427000,1518
1761634800000,0.05450000,0.05470000,0.05370000,0.05370000,2898788.60000000,1761638399999,157161.60051000,1215
1761638400000,0.05370000,0.05400000,0.05360000,0.05390000,2666436.70000000,1761641999999,143568.20622000,879
1761642000000,0.05390000,0.05410000,0.05360000,0.05400000,1882225.20000000,1761645599999,101375.89571000,859
1761645600000,0.05390000,0.05430000,0.05370000,0.05430000,1492282.80000000,1761649199999,80687.76830000,678
1761649200000,0.05430000,0.05440000,0.05380000,0.05390000,2398172.40000000,1761652799999,129786.38591000,717
1761652800000,0.05400000,0.05460000,0.05390000,0.05450000,3192517.30000000,1761656399999,173487.38939000,1047
1761656400000,0.05460000,0.05500000,0.05440000,0.05490000,4171801.50000000,1761659999999,228182.06904000,1808
1761660000000,0.05480000,0.05510000,0.05300000,0.05440000,9226857.70000000,1761663599999,498420.09333000,3045
1761663600000,0.05430000,0.05470000,0.05370000,0.05400000,4783981.20000000,1761667199999,259092.69004000,1856
1761667200000,0.05400000,0.05460000,0.05360000,0.05420000,3720375.10000000,1761670799999,201164.81966000,1986
1761670800000,0.05420000,0.05450000,0.05400000,0.05410000,2271628.40000000,1761674399999,123244.00661000,1370
1761674400000,0.05410000,0.05440000,0.05370000,0.05410000,3016819.30000000,1761677999999,162985.80833000,1656
1761678000000,0.05400000,0.05410000,0.05250000,0.05270000,6771602.90000000,1761681599999,359934.44577000,2642
1761681600000,0.05260000,0.05270000,0.05120000,0.05150000,12854071.10000000,1761685199999,664040.23685000,4922
1761685200000,0.05140000,0.05160000,0.05040000,0.05110000,5947539.90000000,1761688799999,302559.86243000,1910
1761688800000,0.05110000,0.05160000,0.05070000,0.05150000,2383517.80000000,1761692399999,121980.13082000,789
1761692400000,0.05140000,0.05150000,0.05090000,0.05090000,1618652.50000000,1761695999999,82840.66401000,581
1761696000000,0.05090000,0.05150000,0.05080000,0.05120000,2455673.60000000,1761699599999,125826.11752000,849
1761699600000,0.05120000,0.05120000,0.05060000,0.05070000,2747218.80000000,1761703199999,140209.17834000,848
1761703200000,0.05070000,0.05100000,0.05040000,0.05070000,3331432.30000000,1761706799999,168763.79451000,815
1761706800000,0.05080000,0.05100000,0.05060000,0.05080000,2010204.80000000,1761710399999,102096.25875000,755
1761710400000,0.05080000,0.05090000,0.05040000,0.05040000,2574817.10000000,1761713999999,130416.31974000,780
1761714000000,0.05030000,0.05090000,0.05030000,0.05060000,2968044.20000000,1761717599999,150071.85188000,1113
1761717600000,0.05060000,0.05130000,0.05040000,0.05120000,3024918.00000000,1761721199999,153754.38419000,890
1761721200000,0.05110000,0.05120000,0.05060000,0.05090000,2437558.30000000,1761724799999,124099.43531000,771
1761724800000,0.05090000,0.05100000,0.05040000,0.05050000,2658763.30000000,1761728399999,134627.30822000,1153
1761728400000,0.05050000,0.05070000,0.05020000,0.05030000,3058113.20000000,1761731999999,154323.37337000,1204
1761732000000,0.05020000,0.05050000,0.04990000,0.05000000,5484105.10000000,1761735599999,275252.47123000,1675
1761735600000,0.05000000,0.05030000,0.04990000,0.05010000,3274605.10000000,1761739199999,163908.93147000,1227
1761739200000,0.05000000,0.05060000,0.05000000,0.05040000,2117673.80000000,1761742799999,106670.44542000,707
1761742800000,0.05050000,0.05100000,0.04980000,0.05000000,5111168.00000000,1761746399999,257236.66929000,1775
1761746400000,0.04990000,0.05000000,0.04930000,0.04960000,4776456.60000000,1761749999999,237202.39446000,1478
1761750000000,0.04960000,0.04970000,0.04860000,0.04910000,9530679.50000000,1761753599999,468265.98937000,2606
1761753600000,0.04900000,0.04940000,0.04870000,0.04900000,6361782.70000000,1761757199999,312297.53601000,1516
1761757200000,0.04900000,0.04950000,0.04860000,0.04950000,7556615.00000000,1761760799999,370458.44022000,1421
1761760800000,0.04960000,0.04980000,0.04790000,0.04920000,22628246.00000000,1761764399999,1105686.20425000,5413
1761764400000,0.04930000,0.04940000,0.04810000,0.04830000,8649283.60000000,1761767999999,421720.10744000,2384
1761768000000,0.04840000,0.04990000,0.04810000,0.04990000,7288684.20000000,1761771599999,357198.08860000,1873
1761771600000,0.04990000,0.05010000,0.04950000,0.04990000,2779916.40000000,1761775199999,138385.52383000,748
1761775200000,0.04990000,0.05060000,0.04980000,0.04980000,2006727.10000000,1761778799999,100761.20209000,620
1761778800000,0.04980000,0.05000000,0.04870000,0.04910000,3784114.10000000,1761782399999,186225.11410000,1018
1761782400000,0.04910000,0.04950000,0.04890000,0.04940000,4021075.50000000,1761785999999,197612.73172000,1337
1761786000000,0.04940000,0.04940000,0.04870000,0.04870000,3225650.40000000,1761789599999,158084.06434000,1013
1761789600000,0.04860000,0.04920000,0.04850000,0.04900000,2856904.90000000,1761793199999,139722.19051000,960
1761793200000,0.04900000,0.04910000,0.04830000,0.04850000,3213330.80000000,1761796799999,156582.44856000,871
1761796800000,0.04860000,0.04910000,0.04740000,0.04830000,14405743.30000000,1761800399999,692041.69466000,3698
1761800400000,0.04840000,0.04910000,0.04810000,0.04890000,3615216.80000000,1761803999999,175676.69343000,1210
1761804000000,0.04880000,0.04920000,0.04860000,0.04880000,3031850.10000000,1761807599999,148177.86555000,1178
1761807600000,0.04880000,0.04940000,0.04870000,0.04920000,2979520.00000000,1761811199999,146285.52350000,1037
1761811200000,0.04910000,0.04940000,0.04810000,0.04850000,4590164.50000000,1761814799999,223592.04770000,1135
1761814800000,0.04850000,0.04870000,0.04830000,0.04850000,2018340.20000000,1761818399999,97862.68270000,892
1761818400000,0.04840000,0.04870000,0.04790000,0.04810000,3002645.80000000,1761821999999,144807.68902000,928
1761822000000,0.04810000,0.04830000,0.04660000,0.04670000,6253769.80000000,1761825599999,297573.79492000,1989
1761825600000,0.04680000,0.04690000,0.04570000,0.04580000,5708807.80000000,1761829199999,263910.17363000,2093
1761829200000,0.04570000,0.04620000,0.04510000,0.04510000,6866055.60000000,1761832799999,313345.50625000,2038
1761832800000,0.04520000,0.04540000,0.04440000,0.04460000,6011502.60000000,1761836399999,269796.28220000,1651
1761836400000,0.04470000,0.04480000,0.04330000,0.04380000,7876144.00000000,1761839999999,344742.33101000,1978
1761840000000,0.04370000,0.04430000,0.04350000,0.04370000,4581196.50000000,1761843599999,201336.74732000,1237
1761843600000,0.04370000,0.04370000,0.04260000,0.04330000,6443098.60000000,1761847199999,277773.35590000,1738
1761847200000,0.04340000,0.04390000,0.04290000,0.04310000,4968608.70000000,1761850799999,216082.20373000,1473
1761850800000,0.04310000,0.04380000,0.04290000,0.04370000,7223149.00000000,1761854399999,313350.72882000,1832
1761854400000,0.04370000,0.04410000,0.04330000,0.04340000,5134760.10000000,1761857999999,224626.43806000,1406
1761858000000,0.04350000,0.04370000,0.04310000,0.04330000,3099435.70000000,1761861599999,134495.53406000,762
1761861600000,0.04330000,0.04340000,0.04310000,0.04320000,2870622.20000000,1761865199999,124203.79561000,532
1761865200000,0.04330000,0.04350000,0.03720000,0.03910000,42434548.80000000,1761868799999,1705640.43788000,8789
1761868800000,0.03910000,0.04180000,0.03910000,0.04120000,7120735.40000000,1761872399999,290221.26141000,2770
1761872400000,0.04120000,0.04170000,0.04100000,0.04120000,3908517.20000000,1761875999999,161047.75782000,1143
1761876000000,0.04120000,0.04140000,0.04070000,0.04110000,1959063.60000000,1761879599999,80423.53895000,632
1761879600000,0.04110000,0.04110000,0.04080000,0.04110000,2320032.70000000,1761883199999,95079.39781000,894
1761883200000,0.04110000,0.04200000,0.04100000,0.04160000,3442262.50000000,1761886799999,143345.46683000,1274
1761886800000,0.04160000,0.04160000,0.04090000,0.04130000,2262085.80000000,1761890399999,93109.79421000,890
1761890400000,0.04130000,0.04170000,0.04110000,0.04120000,3596347.20000000,1761893999999,148746.68720000,1518
1761894000000,0.04120000,0.04140000,0.04100000,0.04130000,3218030.10000000,1761897599999,132420.05829000,830
1761897600000,0.04120000,0.04170000,0.04110000,0.04150000,4750662.80000000,1761901199999,196646.77528000,1095
1761901200000,0.04150000,0.04180000,0.04150000,0.04180000,2799033.60000000,1761904799999,116585.43367000,759
1761904800000,0.04170000,0.04270000,0.04170000,0.04260000,8002355.30000000,1761908399999,339223.11177000,2388
1761908400000,0.04250000,0.04350000,0.04250000,0.04340000,10309243.70000000,1761911999999,443959.79431000,2378
1761912000000,0.04340000,0.04370000,0.04270000,0.04290000,3681973.40000000,1761915599999,158884.82406000,996
1761915600000,0.04280000,0.04490000,0.04280000,0.04340000,13971816.00000000,1761919199999,614464.57635000,3344
1761919200000,0.04340000,0.04400000,0.04300000,0.04400000,4602227.10000000,1761922799999,199340.83795000,1245
1761922800000,0.04400000,0.04400000,0.04280000,0.04290000,2855210.80000000,1761926399999,124074.80155000,1079
1761926400000,0.04290000,0.04300000,0.04200000,0.04200000,3733519.80000000,1761929999999,158407.09509000,1265
1761930000000,0.04200000,0.04230000,0.04180000,0.04190000,3433093.10000000,1761933599999,144202.32238000,1065
1761933600000,0.04190000,0.04240000,0.04180000,0.04220000,4435517.40000000,1761937199999,186641.40947000,1195
1761937200000,0.04210000,0.04290000,0.04180000,0.04280000,3102213.30000000,1761940799999,131225.22677000,962
1761940800000,0.04280000,0.04300000,0.04230000,0.04230000,2842540.90000000,1761944399999,121308.85037000,653
1761944400000,0.04220000,0.04230000,0.04180000,0.04200000,2176357.00000000,1761947999999,91582.05783000,530
1761948000000,0.04210000,0.04220000,0.04190000,0.04190000,1454639.60000000,1761951599999,61182.79062000,352
1761951600000,0.04190000,0.04200000,0.04160000,0.04190000,1339404.50000000,1761955199999,56022.38881000,341
1761955200000,0.04190000,0.04220000,0.04160000,0.04200000,2965234.20000000,1761958799999,124122.52726000,597
1761958800000,0.04200000,0.04230000,0.04180000,0.04190000,2446279.50000000,1761962399999,102810.75286000,546
1761962400000,0.04180000,0.04180000,0.04140000,0.04170000,1897130.00000000,1761965999999,78881.09282000,461
1761966000000,0.04170000,0.04200000,0.04160000,0.04190000,1711802.40000000,1761969599999,71584.89243000,386
1761969600000,0.04190000,0.04200000,0.04130000,0.04140000,1392640.60000000,1761973199999,57848.95858000,366
1761973200000,0.04130000,0.04150000,0.04100000,0.04110000,2182526.30000000,1761976799999,90102.48597000,505
1761976800000,0.04110000,0.04120000,0.04070000,0.04100000,2443717.50000000,1761980399999,100051.68741000,594
1761980400000,0.04110000,0.04170000,0.04110000,0.04160000,1173608.40000000,1761983999999,48521.81204000,337
1761984000000,0.04170000,0.04230000,0.04160000,0.04230000,2573094.40000000,1761987599999,107743.80295000,519
1761987600000,0.04230000,0.04250000,0.04190000,0.04190000,2384654.30000000,1761991199999,100647.64638000,521
1761991200000,0.04190000,0.04200000,0.04150000,0.04180000,2752279.60000000,1761994799999,115007.65195000,546
1761994800000,0.04190000,0.04240000,0.04160000,0.04180000,3534375.10000000,1761998399999,148222.54421000,673
1761998400000,0.04170000,0.04230000,0.04160000,0.04220000,3638432.70000000,1762001999999,152821.77490000,837
1762002000000,0.04210000,0.04240000,0.04110000,0.04170000,6036101.30000000,1762005599999,252668.72078000,1139
1762005600000,0.04170000,0.04190000,0.04100000,0.04150000,6984836.10000000,1762009199999,288446.66278000,1223
1762009200000,0.04150000,0.04270000,0.04150000,0.04210000,6338976.30000000,1762012799999,267555.42312000,1498
1762012800000,0.04210000,0.04210000,0.04160000,0.04170000,3411452.70000000,1762016399999,142786.94786000,737
1762016400000,0.04170000,0.04170000,0.04120000,0.04160000,2657770.80000000,1762019999999,110057.50586000,675
1762020000000,0.04150000,0.04170000,0.04130000,0.04140000,2209080.40000000,1762023599999,91718.18813000,481
1762023600000,0.04140000,0.04150000,0.04100000,0.04140000,3236491.70000000,1762027199999,133463.99069000,633
1762027200000,0.04140000,0.04170000,0.04110000,0.04110000,2165702.90000000,1762030799999,89843.21095000,448
1762030800000,0.04120000,0.04160000,0.04080000,0.04090000,3340347.40000000,1762034399999,137900.34923000,705
1762034400000,0.04090000,0.04150000,0.04080000,0.04140000,1427412.80000000,1762037999999,58763.66191000,314
1762038000000,0.04140000,0.04190000,0.04130000,0.04190000,1988891.80000000,1762041599999,82670.15759000,481
1762041600000,0.04180000,0.04180000,0.04100000,0.04110000,3046299.80000000,1762045199999,125909.68152000,966
1762045200000,0.04110000,0.04130000,0.04100000,0.04110000,2784823.70000000,1762048799999,114555.75077000,751
1762048800000,0.04110000,0.04140000,0.04060000,0.04070000,1867972.50000000,1762052399999,76578.02293000,602
1762052400000,0.04070000,0.04100000,0.04040000,0.04060000,2942235.70000000,1762055999999,119600.87930000,835
1762056000000,0.04060000,0.04140000,0.04060000,0.04140000,2063259.30000000,1762059599999,84593.10343000,576
1762059600000,0.04130000,0.04140000,0.04110000,0.04140000,2057708.20000000,1762063199999,84959.98151000,458
1762063200000,0.04140000,0.04150000,0.04110000,0.04140000,2070421.50000000,1762066799999,85458.33717000,520
1762066800000,0.04150000,0.04170000,0.04090000,0.04160000,3206382.70000000,1762070399999,132203.29958000,722
1762070400000,0.04170000,0.04170000,0.04070000,0.04090000,2546675.90000000,1762073999999,104845.64703000,691
1762074000000,0.04090000,0.04110000,0.04050000,0.04060000,3756810.80000000,1762077599999,152985.71548000,712
1762077600000,0.04060000,0.04090000,0.04020000,0.04050000,4940479.90000000,1762081199999,200383.70323000,945
1762081200000,0.04050000,0.04140000,0.04040000,0.04130000,3688420.90000000,1762084799999,151173.59676000,703
1762084800000,0.04120000,0.04140000,0.04100000,0.04100000,2527646.20000000,1762088399999,104108.18964000,554
1762088400000,0.04090000,0.04110000,0.04040000,0.04060000,3207075.00000000,1762091999999,130551.83129000,643
1762092000000,0.04060000,0.04080000,0.03990000,0.04030000,5302902.40000000,1762095599999,213458.94827000,1077
1762095600000,0.04030000,0.04060000,0.03990000,0.03990000,4295780.20000000,1762099199999,173077.54086000,837
1762099200000,0.03990000,0.04000000,0.03910000,0.03970000,3985137.90000000,1762102799999,157336.39446000,992
1762102800000,0.03960000,0.03980000,0.03930000,0.03980000,2469888.70000000,1762106399999,97529.33601000,579
1762106400000,0.03980000,0.03990000,0.03950000,0.03970000,1596222.00000000,1762109999999,63292.23586000,504
1762110000000,0.03980000,0.03990000,0.03880000,0.03910000,2409067.90000000,1762113599999,94648.87882000,673
1762113600000,0.03910000,0.03980000,0.03900000,0.03970000,2071885.60000000,1762117199999,81798.93794000,502
1762117200000,0.03970000,0.04090000,0.03970000,0.04070000,1886912.60000000,1762120799999,75911.96137000,530
1762120800000,0.04060000,0.04070000,0.04020000,0.04040000,1284320.20000000,1762124399999,51919.46543000,379
1762124400000,0.04040000,0.04070000,0.04030000,0.04050000,3353726.40000000,1762127999999,135740.81155000,538
1762128000000,0.04040000,0.04050000,0.03950000,0.03960000,2003118.90000000,1762131599999,80212.71893000,493
1762131600000,0.03950000,0.03970000,0.03900000,0.03910000,2734484.90000000,1762135199999,107595.63413000,631
1762135200000,0.03910000,0.03930000,0.03820000,0.03830000,6322236.60000000,1762138799999,244347.98901000,1343
1762138800000,0.03840000,0.03850000,0.03690000,0.03730000,7573660.20000000,1762142399999,285759.95261000,1840
1762142400000,0.03730000,0.03760000,0.03700000,0.03750000,4129377.80000000,1762145999999,153665.51832000,933
1762146000000,0.03750000,0.03800000,0.03710000,0.03720000,4497764.50000000,1762149599999,169376.93709000,904
1762149600000,0.03720000,0.03770000,0.03710000,0.03760000,5148985.60000000,1762153199999,192373.63004000,1074
1762153200000,0.03770000,0.03850000,0.03760000,0.03810000,3789307.80000000,1762156799999,144404.68831000,919
1762156800000,0.03810000,0.03820000,0.03750000,0.03790000,3798083.30000000,1762160399999,144004.96111000,869
1762160400000,0.03780000,0.03830000,0.03720000,0.03720000,3713312.70000000,1762163999999,140387.64646000,862
1762164000000,0.03730000,0.03760000,0.03690000,0.03710000,4601023.80000000,1762167599999,171146.25519000,1014
1762167600000,0.03710000,0.03760000,0.03710000,0.03730000,4440133.70000000,1762171199999,165972.49788000,1026
1762171200000,0.03740000,0.03780000,0.03730000,0.03740000,4359076.80000000,1762174799999,163263.70861000,919
1762174800000,0.03730000,0.03770000,0.03720000,0.03760000,4021467.50000000,1762178399999,150626.36254000,1007
1762178400000,0.03770000,0.03810000,0.03750000,0.03790000,5611000.80000000,1762181999999,212184.91105000,1370
1762182000000,0.03780000,0.03800000,0.03470000,0.03510000,32621670.30000000,1762185599999,1176347.38307000,7744
1762185600000,0.03510000,0.03640000,0.03490000,0.03570000,8822321.90000000,1762189199999,316046.65229000,2739
1762189200000,0.03570000,0.03650000,0.03570000,0.03640000,6229266.90000000,1762192799999,224462.40304000,1921
1762192800000,0.03630000,0.03630000,0.03570000,0.03580000,3892268.80000000,1762196399999,140031.19516000,958
1762196400000,0.03570000,0.03580000,0.03520000,0.03530000,4087538.80000000,1762199999999,145419.71330000,1163
1762200000000,0.03530000,0.03550000,0.03450000,0.03470000,5507758.60000000,1762203599999,192572.65135000,1253
1762203600000,0.03470000,0.03530000,0.03460000,0.03510000,7095164.50000000,1762207199999,247928.33206000,1365
1762207200000,0.03510000,0.03540000,0.03480000,0.03490000,4289151.50000000,1762210799999,150739.63012000,795
1762210800000,0.03490000,0.03550000,0.03440000,0.03530000,2633343.00000000,1762214399999,92354.90206000,588
1762214400000,0.03540000,0.03610000,0.03520000,0.03580000,6437162.20000000,1762217999999,230062.12265000,1243
1762218000000,0.03580000,0.03590000,0.03540000,0.03570000,5278716.30000000,1762221599999,188170.42244000,1289
1762221600000,0.03570000,0.03580000,0.03550000,0.03560000,3595726.40000000,1762225199999,128146.97381000,739
1762225200000,0.03570000,0.03590000,0.03510000,0.03530000,5464568.20000000,1762228799999,194493.54551000,983
1762228800000,0.03530000,0.03540000,0.03470000,0.03500000,3106713.50000000,1762232399999,108865.68637000,646
1762232400000,0.03490000,0.03520000,0.03360000,0.03360000,9587187.20000000,1762235999999,328610.46775000,1671
1762236000000,0.03370000,0.03530000,0.03370000,0.03420000,10161779.10000000,1762239599999,350116.50839000,2021
1762239600000,0.03420000,0.03430000,0.03360000,0.03390000,9893210.30000000,1762243199999,335748.69094000,1699
1762243200000,0.03390000,0.03520000,0.03380000,0.03470000,7738082.30000000,1762246799999,266733.39360000,1751
1762246800000,0.03480000,0.03520000,0.03470000,0.03510000,4191329.50000000,1762250399999,146197.35321000,1069
1762250400000,0.03520000,0.03550000,0.03500000,0.03540000,6104646.80000000,1762253999999,214828.66910000,1152
1762254000000,0.03540000,0.03560000,0.03510000,0.03530000,4329186.40000000,1762257599999,153240.35807000,804
1762257600000,0.03530000,0.03540000,0.03470000,0.03490000,4658056.60000000,1762261199999,163539.50458000,1195
1762261200000,0.03490000,0.03570000,0.03490000,0.03540000,4020491.20000000,1762264799999,141756.32312000,1025
1762264800000,0.03540000,0.03670000,0.03500000,0.03650000,7034958.10000000,1762268399999,250878.84259000,1980
1762268400000,0.03650000,0.03650000,0.03550000,0.03560000,5631120.30000000,1762271999999,203593.20191000,1720
1762272000000,0.03560000,0.03610000,0.03550000,0.03590000,3812795.30000000,1762275599999,136748.58718000,1431
1762275600000,0.03590000,0.03670000,0.03500000,0.03630000,9654354.20000000,1762279199999,346602.40976000,2924
1762279200000,0.03630000,0.03640000,0.03530000,0.03620000,9937745.90000000,1762282799999,356468.65901000,3066
1762282800000,0.03630000,0.03660000,0.03540000,0.03540000,5274073.70000000,1762286399999,189705.95801000,1725
1762286400000,0.03550000,0.03560000,0.03390000,0.03510000,10081116.50000000,1762289999999,350115.98287000,3113
1762290000000,0.03500000,0.03800000,0.03490000,0.03650000,35092754.80000000,1762293599999,1282871.90388000,10354
1762293600000,0.03640000,0.03710000,0.03620000,0.03660000,8000525.60000000,1762297199999,292900.70980000,2233
1762297200000,0.03660000,0.03660000,0.03580000,0.03600000,7031372.90000000,1762300799999,254869.99278000,1270
1762300800000,0.03590000,0.03600000,0.03490000,0.03490000,8101797.40000000,1762304399999,286889.30186000,1480
1762304400000,0.03490000,0.03490000,0.03320000,0.03450000,11088534.70000000,1762307999999,377212.47776000,2681
1762308000000,0.03460000,0.03510000,0.03450000,0.03500000,8779309.80000000,1762311599999,305231.93760000,1992
1762311600000,0.03500000,0.03510000,0.03470000,0.03480000,5689436.30000000,1762315199999,198364.21673000,1331
1762315200000,0.03480000,0.03490000,0.03430000,0.03450000,5345360.00000000,1762318799999,184808.23019000,1057
1762318800000,0.03440000,0.03450000,0.03420000,0.03440000,4028585.70000000,1762322399999,138558.69299000,776
1762322400000,0.03440000,0.03460000,0.03410000,0.03450000,4357596.40000000,1762325999999,149614.50519000,860
1762326000000,0.03460000,0.03460000,0.03400000,0.03410000,5866336.50000000,1762329599999,200636.69586000,1067
1762329600000,0.03410000,0.03420000,0.03340000,0.03370000,7218548.90000000,1762333199999,243646.18881000,1384
1762333200000,0.03370000,0.03420000,0.03360000,0.03400000,5482333.00000000,1762336799999,186030.50552000,1265
1762336800000,0.03400000,0.03400000,0.03320000,0.03330000,5977388.60000000,1762340399999,201408.09662000,1383
1762340400000,0.03320000,0.03430000,0.03320000,0.03410000,4113201.60000000,1762343999999,139095.37314000,1004
1762344000000,0.03410000,0.03470000,0.03400000,0.03410000,4598412.30000000,1762347599999,157239.58656000,890
1762347600000,0.03400000,0.03410000,0.03290000,0.03330000,14581550.60000000,1762351199999,487592.11326000,2053
1762351200000,0.03330000,0.03420000,0.03320000,0.03410000,8579879.60000000,1762354799999,288079.36371000,1787
1762354800000,0.03410000,0.03430000,0.03390000,0.03430000,6775644.70000000,1762358399999,230961.77270000,1294
1762358400000,0.03430000,0.03500000,0.03400000,0.03470000,5717459.30000000,1762361999999,196531.55403000,1082
1762362000000,0.03470000,0.03550000,0.03460000,0.03530000,4394054.30000000,1762365599999,153593.30622000,887
1762365600000,0.03530000,0.03540000,0.03470000,0.03490000,4890292.80000000,1762369199999,171032.24874000,921
1762369200000,0.03490000,0.03540000,0.03480000,0.03500000,4101970.40000000,1762372799999,143918.97639000,743
1762372800000,0.03500000,0.03560000,0.03490000,0.03510000,4152779.60000000,1762376399999,146296.33831000,966
1762376400000,0.03510000,0.03610000,0.03500000,0.03580000,5188225.00000000,1762379999999,184111.23449000,1171
1762380000000,0.03580000,0.03730000,0.03580000,0.03690000,5856833.90000000,1762383599999,214879.62327000,1390
1762383600000,0.03700000,0.03740000,0.03650000,0.03730000,6930693.20000000,1762387199999,255741.92382000,1324
1762387200000,0.03730000,0.03800000,0.03710000,0.03770000,6414921.30000000,1762390799999,241179.73157000,1595
1762390800000,0.03770000,0.03770000,0.03590000,0.03630000,7789667.40000000,1762394399999,285526.80308000,1601
1762394400000,0.03640000,0.03650000,0.03610000,0.03620000,4200863.40000000,1762397999999,152451.08139000,923
1762398000000,0.03620000,0.03660000,0.03610000,0.03640000,3583336.10000000,1762401599999,130499.41283000,1016
1762401600000,0.03650000,0.03670000,0.03600000,0.03620000,4587501.20000000,1762405199999,166478.19179000,886
1762405200000,0.03610000,0.03720000,0.03530000,0.03590000,9223218.60000000,1762408799999,333574.09070000,2483
1762408800000,0.03590000,0.03620000,0.03570000,0.03570000,3868960.20000000,1762412399999,139120.78758000,1126
1762412400000,0.03570000,0.03610000,0.03560000,0.03590000,5638484.00000000,1762415999999,201808.51401000,1325
1762416000000,0.03590000,0.03630000,0.03530000,0.03540000,5536548.60000000,1762419599999,198585.70035000,1477
1762419600000,0.03540000,0.03540000,0.03480000,0.03480000,3390406.30000000,1762423199999,119134.92163000,938
1762423200000,0.03480000,0.03500000,0.03440000,0.03450000,5386917.60000000,1762426799999,186674.06049000,1224
1762426800000,0.03440000,0.03490000,0.03420000,0.03470000,2983206.80000000,1762430399999,103079.75664000,666
1762430400000,0.03470000,0.03480000,0.03320000,0.03330000,10294036.60000000,1762433999999,348370.96369000,2317
1762434000000,0.03330000,0.03490000,0.03330000,0.03470000,6077979.10000000,1762437599999,208226.24257000,1559
1762437600000,0.03480000,0.03490000,0.03370000,0.03390000,5914995.00000000,1762441199999,201990.24463000,1688
1762441200000,0.03390000,0.03420000,0.03280000,0.03300000,8824643.20000000,1762444799999,295834.72956000,2330
1762444800000,0.03310000,0.03320000,0.03240000,0.03310000,10658020.00000000,1762448399999,350146.24556000,1867
1762448400000,0.03310000,0.03350000,0.03280000,0.03330000,6903716.70000000,1762451999999,228624.47566000,1409
1762452000000,0.03330000,0.03360000,0.03290000,0.03350000,3498093.90000000,1762455599999,116309.43055000,910
1762455600000,0.03340000,0.03380000,0.03330000,0.03380000,3458388.60000000,1762459199999,115949.19959000,876
1762459200000,0.03380000,0.03410000,0.03360000,0.03390000,4314017.30000000,1762462799999,145920.91674000,1028
1762462800000,0.03390000,0.03410000,0.03360000,0.03400000,4041665.70000000,1762466399999,136919.39493000,932
1762466400000,0.03390000,0.03420000,0.03330000,0.03370000,2869753.60000000,1762469999999,96935.93765000,743
1762470000000,0.03370000,0.03370000,0.03310000,0.03360000,2914165.40000000,1762473599999,97169.72678000,546
1762473600000,0.03360000,0.03420000,0.03350000,0.03410000,3934160.90000000,1762477199999,133454.97045000,906
1762477200000,0.03410000,0.03410000,0.03250000,0.03320000,9588967.20000000,1762480799999,318815.23143000,2243
1762480800000,0.03330000,0.03360000,0.03300000,0.03350000,3153941.40000000,1762484399999,104949.74541000,1036
1762484400000,0.03360000,0.03400000,0.03320000,0.03340000,3708687.00000000,1762487999999,124472.14354000,1012
1762488000000,0.03340000,0.03380000,0.03330000,0.03380000,1925929.00000000,1762491599999,64488.42203000,591
1762491600000,0.03370000,0.03420000,0.03370000,0.03410000,4622327.20000000,1762495199999,157535.04333000,875
1762495200000,0.03420000,0.03450000,0.03360000,0.03420000,6449688.80000000,1762498799999,219903.65714000,1248
1762498800000,0.03420000,0.03440000,0.03400000,0.03440000,4499847.80000000,1762502399999,153935.78643000,779
1762502400000,0.03440000,0.03450000,0.03390000,0.03410000,3356193.60000000,1762505999999,114815.54675000,535
1762506000000,0.03410000,0.03420000,0.03310000,0.03370000,7003423.30000000,1762509599999,235874.85164000,1254
1762509600000,0.03370000,0.03390000,0.03320000,0.03360000,4982956.20000000,1762513199999,167655.40889000,1047
1762513200000,0.03360000,0.03360000,0.03270000,0.03290000,8556566.60000000,1762516799999,282099.28171000,1715
1762516800000,0.03300000,0.03300000,0.03210000,0.03250000,8005964.90000000,1762520399999,260658.67006000,1311
1762520400000,0.03250000,0.03330000,0.03240000,0.03320000,8461670.20000000,1762523999999,277939.73408000,1329
1762524000000,0.03320000,0.03450000,0.03290000,0.03430000,10542787.10000000,1762527599999,354633.92076000,1944
1762527600000,0.03430000,0.03490000,0.03400000,0.03470000,8266749.00000000,1762531199999,284663.47919000,1750
1762531200000,0.03460000,0.03550000,0.03450000,0.03540000,8484633.70000000,1762534799999,297331.40420000,1701
1762534800000,0.03540000,0.03710000,0.03520000,0.03650000,11596368.00000000,1762538399999,421736.91751000,2086
1762538400000,0.03650000,0.03690000,0.03640000,0.03680000,8232888.70000000,1762541999999,302202.12190000,1599
1762542000000,0.03680000,0.03720000,0.03660000,0.03690000,6197351.00000000,1762545599999,228323.30461000,1448
1762545600000,0.03690000,0.03730000,0.03670000,0.03710000,3152931.40000000,1762549199999,116636.72757000,847
1762549200000,0.03710000,0.03740000,0.03680000,0.03710000,3057511.10000000,1762552799999,113362.68749000,529
1762552800000,0.03710000,0.03710000,0.03650000,0.03660000,4593095.20000000,1762556399999,169224.33577000,886
1762556400000,0.03660000,0.03660000,0.03570000,0.03570000,4480642.60000000,1762559999999,161066.60754000,744
1762560000000,0.03570000,0.03650000,0.03490000,0.03510000,7796068.80000000,1762563599999,278644.97399000,1386
1762563600000,0.03510000,0.03580000,0.03510000,0.03540000,5475550.70000000,1762567199999,194156.65120000,896
1762567200000,0.03540000,0.03590000,0.03540000,0.03560000,4586948.70000000,1762570799999,163657.62321000,962
1762570800000,0.03550000,0.03580000,0.03490000,0.03490000,3613029.30000000,1762574399999,127985.44423000,782
1762574400000,0.03490000,0.03530000,0.03470000,0.03480000,6136313.30000000,1762577999999,214964.63154000,1054
1762578000000,0.03480000,0.03490000,0.03400000,0.03430000,6144804.70000000,1762581599999,211470.65017000,1201
1762581600000,0.03440000,0.03460000,0.03410000,0.03450000,4976013.40000000,1762585199999,170737.21646000,952
1762585200000,0.03450000,0.03480000,0.03410000,0.03470000,4771955.60000000,1762588799999,164867.33288000,944
1762588800000,0.03470000,0.03480000,0.03430000,0.03450000,5306288.60000000,1762592399999,183271.84573000,842
1762592400000,0.03450000,0.03480000,0.03420000,0.03420000,5149181.90000000,1762595999999,177467.13204000,929
1762596000000,0.03420000,0.03450000,0.03400000,0.03440000,3169735.90000000,1762599599999,108412.04545000,615
1762599600000,0.03440000,0.03470000,0.03420000,0.03440000,4279552.70000000,1762603199999,147500.02574000,689
1762603200000,0.03430000,0.03470000,0.03430000,0.03450000,2850719.10000000,1762606799999,98383.83660000,506
1762606800000,0.03460000,0.03460000,0.03390000,0.03400000,3752480.00000000,1762610399999,128497.99874000,725
1762610400000,0.03390000,0.03420000,0.03340000,0.03410000,5117606.30000000,1762613999999,173389.68561000,945
1762614000000,0.03420000,0.03420000,0.03330000,0.03350000,7035094.50000000,1762617599999,237346.03228000,1335
1762617600000,0.03350000,0.03380000,0.03320000,0.03370000,4838379.60000000,1762621199999,162182.66082000,919
1762621200000,0.03370000,0.03390000,0.03360000,0.03380000,2695907.70000000,1762624799999,91042.02925000,570
1762624800000,0.03370000,0.03400000,0.03370000,0.03390000,1913916.60000000,1762628399999,64764.04233000,418
1762628400000,0.03390000,0.03410000,0.03350000,0.03390000,3268410.30000000,1762631999999,110398.40688000,610
1762632000000,0.03380000,0.03410000,0.03370000,0.03410000,3210434.70000000,1762635599999,108884.44249000,503
1762635600000,0.03410000,0.03420000,0.03400000,0.03420000,755645.70000000,1762639199999,25766.89688000,155
1762639200000,0.03420000,0.03430000,0.03410000,0.03420000,843525.70000000,1762642799999,28851.05911000,188
1762642800000,0.03420000,0.03440000,0.03410000,0.03420000,1417449.80000000,1762646399999,48537.65714000,278
1762646400000,0.03420000,0.03420000,0.03370000,0.03390000,2018357.90000000,1762649999999,68409.30152000,382
1762650000000,0.03390000,0.03410000,0.03380000,0.03400000,1818424.30000000,1762653599999,61719.46760000,364
1762653600000,0.03400000,0.03410000,0.03310000,0.03330000,3870466.20000000,1762657199999,129711.68891000,905
1762657200000,0.03330000,0.03340000,0.03270000,0.03320000,5395628.80000000,1762660799999,178492.22972000,1191
1762660800000,0.03320000,0.03360000,0.03310000,0.03350000,3007796.40000000,1762664399999,100355.33082000,514
1762664400000,0.03350000,0.03390000,0.03340000,0.03380000,2684248.50000000,1762667999999,90341.71166000,610
1762668000000,0.03390000,0.03420000,0.03380000,0.03400000,2853237.70000000,1762671599999,97000.67510000,587
1762671600000,0.03400000,0.03470000,0.03390000,0.03440000,3771736.20000000,1762675199999,129890.91820000,667
1762675200000,0.03440000,0.03450000,0.03370000,0.03390000,4332585.30000000,1762678799999,147869.78589000,767
1762678800000,0.03390000,0.03410000,0.03360000,0.03370000,3695850.10000000,1762682399999,125064.40611000,781
1762682400000,0.03370000,0.03410000,0.03350000,0.03400000,2311351.50000000,1762685999999,78160.00076000,626
1762686000000,0.03400000,0.03440000,0.03400000,0.03420000,2567866.60000000,1762689599999,87946.25992000,548
1762689600000,0.03420000,0.03460000,0.03420000,0.03450000,3680678.80000000,1762693199999,126694.39196000,938
1762693200000,0.03450000,0.03510000,0.03430000,0.03500000,4176990.10000000,1762696799999,144986.30270000,834
1762696800000,0.03490000,0.03540000,0.03470000,0.03480000,5404992.10000000,1762700399999,189157.52479000,1254
1762700400000,0.03480000,0.03600000,0.03480000,0.03540000,8880930.80000000,1762703999999,315267.47163000,2076
1762704000000,0.03550000,0.04020000,0.03550000,0.03850000,66538897.40000000,1762707599999,2545337.00183000,18562
1762707600000,0.03860000,0.03900000,0.03760000,0.03900000,17966449.40000000,1762711199999,687507.09448000,4548
1762711200000,0.03900000,0.04180000,0.03830000,0.03920000,35456882.80000000,1762714799999,1409985.54154000,9534
1762714800000,0.03910000,0.03990000,0.03850000,0.03910000,16999215.80000000,1762718399999,665262.97408000,4327
1762718400000,0.03910000,0.03920000,0.03770000,0.03780000,11507942.90000000,1762721999999,439595.14442000,2307
1762722000000,0.03780000,0.03810000,0.03740000,0.03770000,7361996.40000000,1762725599999,277291.14805000,1783
1762725600000,0.03780000,0.03810000,0.03730000,0.03730000,3426626.60000000,1762729199999,128832.18238000,890
1762729200000,0.03740000,0.03770000,0.03680000,0.03740000,5854943.80000000,1762732799999,218139.28937000,1366
1762732800000,0.03740000,0.04070000,0.03730000,0.03950000,15842870.50000000,1762736399999,623953.01748000,5010
1762736400000,0.03950000,0.03960000,0.03780000,0.03790000,8867317.00000000,1762739999999,343116.05679000,2810
1762740000000,0.03790000,0.03880000,0.03760000,0.03820000,5460812.20000000,1762743599999,208145.18719000,1791
1762743600000,0.03820000,0.03840000,0.03660000,0.03700000,6838235.70000000,1762747199999,255063.13920000,2173
1762747200000,0.03700000,0.03700000,0.03640000,0.03690000,2917316.20000000,1762750799999,107188.89732000,1263
1762750800000,0.03700000,0.03710000,0.03640000,0.03670000,4714231.30000000,1762754399999,173508.96418000,1380
1762754400000,0.03670000,0.03680000,0.03610000,0.03630000,4459299.10000000,1762757999999,162317.28290000,1389
1762758000000,0.03630000,0.03650000,0.03570000,0.03600000,5114982.00000000,1762761599999,184223.67222000,1592
1762761600000,0.03610000,0.03620000,0.03560000,0.03570000,3778499.10000000,1762765199999,135433.59910000,1504
1762765200000,0.03580000,0.03670000,0.03570000,0.03650000,4365860.50000000,1762768799999,158183.53836000,1671
1762768800000,0.03650000,0.03660000,0.03580000,0.03590000,2937502.20000000,1762772399999,106154.78939000,909
1762772400000,0.03590000,0.03650000,0.03580000,0.03620000,3844178.80000000,1762775999999,139080.62472000,998
1762776000000,0.03610000,0.03660000,0.03590000,0.03620000,4395947.70000000,1762779599999,159118.99022000,1234
1762779600000,0.03620000,0.03660000,0.03600000,0.03620000,4959601.10000000,1762783199999,180470.58120000,1161
1762783200000,0.03620000,0.03630000,0.03540000,0.03580000,7173215.40000000,1762786799999,256810.16599000,1931
1762786800000,0.03580000,0.03610000,0.03550000,0.03590000,4784918.90000000,1762790399999,170887.04384000,1639
1762790400000,0.03590000,0.03610000,0.03520000,0.03540000,6875917.20000000,1762793999999,245429.85224000,1670
1762794000000,0.03540000,0.03580000,0.03520000,0.03520000,4345492.00000000,1762797599999,154196.11310000,1047
1762797600000,0.03530000,0.03540000,0.03490000,0.03500000,2849629.70000000,1762801199999,100470.53705000,705
1762801200000,0.03510000,0.03560000,0.03470000,0.03550000,5420050.30000000,1762804799999,190714.74762000,1381
1762804800000,0.03560000,0.03580000,0.03540000,0.03560000,2637609.40000000,1762808399999,93866.16897000,746
1762808400000,0.03560000,0.03560000,0.03490000,0.03520000,2427636.30000000,1762811999999,85567.80041000,879
1762812000000,0.03520000,0.03580000,0.03510000,0.03570000,1753737.10000000,1762815599999,62154.04770000,644
1762815600000,0.03580000,0.03600000,0.03550000,0.03560000,1529443.70000000,1762819199999,54602.89811000,446
1762819200000,0.03570000,0.03580000,0.03500000,0.03530000,3632123.80000000,1762822799999,128297.61235000,1141
1762822800000,0.03530000,0.03590000,0.03530000,0.03540000,4447186.40000000,1762826399999,158234.66081000,1544
1762826400000,0.03550000,0.03620000,0.03520000,0.03600000,3040293.50000000,1762829999999,108521.93826000,1125
1762830000000,0.03600000,0.03640000,0.03600000,0.03630000,2346975.90000000,1762833599999,84824.44384000,883
1762833600000,0.03630000,0.03640000,0.03570000,0.03570000,3140444.70000000,1762837199999,112916.81398000,853
1762837200000,0.03580000,0.03580000,0.03510000,0.03520000,4234388.00000000,1762840799999,149835.02204000,1242
1762840800000,0.03520000,0.03530000,0.03470000,0.03510000,3472502.10000000,1762844399999,121657.23253000,1230
1762844400000,0.03510000,0.03520000,0.03330000,0.03360000,9514003.70000000,1762847999999,325068.31198000,2450
1762848000000,0.03370000,0.03410000,0.03350000,0.03400000,3999442.20000000,1762851599999,134927.56167000,1254
1762851600000,0.03400000,0.03430000,0.03370000,0.03380000,4095840.40000000,1762855199999,139406.56766000,1353
1762855200000,0.03370000,0.03410000,0.03360000,0.03400000,2654711.30000000,1762858799999,89789.89663000,1061
1762858800000,0.03390000,0.03430000,0.03380000,0.03420000,3538585.80000000,1762862399999,120471.68157000,1037
1762862400000,0.03420000,0.03450000,0.03380000,0.03400000,4099397.20000000,1762865999999,140198.11470000,1203
1762866000000,0.03410000,0.03430000,0.03370000,0.03410000,4848040.00000000,1762869599999,165169.85999000,1839
1762869600000,0.03410000,0.03450000,0.03370000,0.03440000,4927673.70000000,1762873199999,167522.18319000,1595
1762873200000,0.03450000,0.03450000,0.03400000,0.03400000,4027322.80000000,1762876799999,137877.85946000,1428
1762876800000,0.03400000,0.03420000,0.03370000,0.03370000,2836460.60000000,1762880399999,96354.19733000,1062
1762880400000,0.03380000,0.03390000,0.03320000,0.03360000,2920629.10000000,1762883999999,97980.07916000,1102
1762884000000,0.03350000,0.03370000,0.03330000,0.03350000,3173741.20000000,1762887599999,106328.59281000,1105
1762887600000,0.03340000,0.03340000,0.03300000,0.03310000,2002982.00000000,1762891199999,66526.50485000,840
1762891200000,0.03300000,0.03320000,0.03250000,0.03260000,4388672.00000000,1762894799999,143604.83569000,1347
1762894800000,0.03260000,0.03290000,0.03230000,0.03240000,3894421.60000000,1762898399999,127012.52443000,1391
1762898400000,0.03240000,0.03300000,0.03230000,0.03290000,3745210.30000000,1762901999999,122060.13499000,1191
1762902000000,0.03290000,0.03310000,0.03230000,0.03230000,2295557.40000000,1762905599999,74966.06691000,788
1762905600000,0.03240000,0.03250000,0.03160000,0.03180000,6164287.10000000,1762909199999,197491.84399000,1858
1762909200000,0.03180000,0.03260000,0.03180000,0.03250000,3188115.20000000,1762912799999,102928.60189000,1011
1762912800000,0.03250000,0.03280000,0.03230000,0.03250000,2913613.80000000,1762916399999,94875.36735000,1067
1762916400000,0.03250000,0.03260000,0.03230000,0.03250000,1717931.70000000,1762919999999,55835.24238000,735
1762920000000,0.03250000,0.03280000,0.03210000,0.03230000,4916242.80000000,1762923599999,159568.83870000,1468
1762923600000,0.03240000,0.03260000,0.03230000,0.03230000,2630693.20000000,1762927199999,85257.16643000,639
1762927200000,0.03230000,0.03260000,0.03220000,0.03230000,2510604.40000000,1762930799999,81360.27569000,759
1762930800000,0.03230000,0.03240000,0.03190000,0.03210000,4079221.30000000,1762934399999,131270.97807000,1152
1762934400000,0.03200000,0.03320000,0.03200000,0.03290000,4828064.80000000,1762937999999,157914.22993000,1234
1762938000000,0.03280000,0.03330000,0.03280000,0.03320000,3849202.70000000,1762941599999,127411.20484000,1067
1762941600000,0.03320000,0.03350000,0.03310000,0.03320000,3274697.80000000,1762945199999,108920.70414000,883
1762945200000,0.03320000,0.03370000,0.03280000,0.03310000,5376322.50000000,1762948799999,178370.15990000,1383
1762948800000,0.03310000,0.03330000,0.03300000,0.03310000,2876989.70000000,1762952399999,95473.77278000,830
1762952400000,0.03300000,0.03320000,0.03260000,0.03310000,3081672.90000000,1762955999999,101505.02864000,874
1762956000000,0.03300000,0.03310000,0.03230000,0.03250000,3892420.40000000,1762959599999,127355.67006000,1199
1762959600000,0.03250000,0.03300000,0.03210000,0.03220000,4642437.20000000,1762963199999,151290.32589000,1535
1762963200000,0.03230000,0.03240000,0.03130000,0.03140000,8767857.30000000,1762966799999,277421.55329000,3002
1762966800000,0.03150000,0.03190000,0.03130000,0.03180000,3846490.30000000,1762970399999,121236.78165000,1514
1762970400000,0.03180000,0.03210000,0.03150000,0.03160000,2698089.60000000,1762973999999,85830.08018000,921
1762974000000,0.03160000,0.03180000,0.03110000,0.03160000,4522956.70000000,1762977599999,142353.89156000,1185
1762977600000,0.03160000,0.03200000,0.03150000,0.03190000,2392632.80000000,1762981199999,75997.76795000,731
1762981200000,0.03190000,0.03200000,0.03170000,0.03190000,2070235.50000000,1762984799999,65952.37988000,507
1762984800000,0.03180000,0.03200000,0.03150000,0.03180000,1349444.50000000,1762988399999,42909.25104000,431
1762988400000,0.03180000,0.03180000,0.03140000,0.03150000,1470930.50000000,1762991999999,46434.54652000,451
1762992000000,0.03150000,0.03180000,0.03140000,0.03170000,3351439.50000000,1762995599999,106066.38149000,879
1762995600000,0.03170000,0.03220000,0.03170000,0.03180000,3297710.80000000,1762999199999,105145.49862000,871
1762999200000,0.03170000,0.03190000,0.03060000,0.03080000,9359394.30000000,1763002799999,290315.91373000,2706
1763002800000,0.03090000,0.03170000,0.03040000,0.03120000,5493780.70000000,1763006399999,170558.55105000,1558
1763006400000,0.03120000,0.03130000,0.03100000,0.03120000,2666120.10000000,1763009999999,83134.86753000,878
1763010000000,0.03120000,0.03160000,0.03100000,0.03160000,1509973.90000000,1763013599999,47247.35956000,469
1763013600000,0.03160000,0.03180000,0.03140000,0.03160000,2272400.60000000,1763017199999,71831.72635000,861
1763017200000,0.03160000,0.03170000,0.03100000,0.03100000,2788477.90000000,1763020799999,87255.81410000,691
1763020800000,0.03100000,0.03150000,0.03090000,0.03120000,1456532.80000000,1763024399999,45504.91253000,445
1763024400000,0.03120000,0.03140000,0.03060000,0.03080000,4167348.70000000,1763027999999,128883.61553000,962
1763028000000,0.03080000,0.03100000,0.03040000,0.03070000,5247801.70000000,1763031599999,161096.15338000,1355
1763031600000,0.03060000,0.03080000,0.03050000,0.03060000,3575741.20000000,1763035199999,109651.08191000,1015
1763035200000,0.03060000,0.03090000,0.03050000,0.03080000,2851505.80000000,1763038799999,87539.62404000,727
1763038800000,0.03080000,0.03120000,0.03070000,0.03110000,3580465.60000000,1763042399999,111112.39136000,961
1763042400000,0.03110000,0.03140000,0.03030000,0.03110000,7343307.00000000,1763045999999,226621.40227000,2068
1763046000000,0.03110000,0.03140000,0.03040000,0.03060000,4821936.00000000,1763049599999,148492.92929000,1258
1763049600000,0.03050000,0.03060000,0.02970000,0.02980000,7412445.60000000,1763053199999,223903.09089000,1978
1763053200000,0.02980000,0.03000000,0.02900000,0.02930000,7882095.70000000,1763056799999,233139.55586000,1813
1763056800000,0.02930000,0.02930000,0.02830000,0.02860000,7079577.20000000,1763060399999,203591.35093000,2659
1763060400000,0.02860000,0.02890000,0.02820000,0.02840000,7879913.10000000,1763063999999,224367.37126000,2253
1763064000000,0.02840000,0.02870000,0.02820000,0.02850000,4963039.90000000,1763067599999,141223.28133000,975
1763067600000,0.02850000,0.02860000,0.02820000,0.02840000,3436608.80000000,1763071199999,97546.51190000,838
1763071200000,0.02840000,0.02890000,0.02830000,0.02880000,3152611.80000000,1763074799999,90035.69003000,622
1763074800000,0.02880000,0.02920000,0.02880000,0.02900000,2562488.90000000,1763078399999,74393.32562000,748
1763078400000,0.02900000,0.02910000,0.02850000,0.02860000,4096414.80000000,1763081999999,117931.99783000,1244
1763082000000,0.02860000,0.02870000,0.02800000,0.02810000,5888182.70000000,1763085599999,167210.48622000,1567
1763085600000,0.02810000,0.02820000,0.02730000,0.02760000,7424439.60000000,1763089199999,206081.45926000,1841
1763089200000,0.02750000,0.02760000,0.02710000,0.02740000,4933262.90000000,1763092799999,134670.06790000,1336
1763092800000,0.02740000,0.02750000,0.02650000,0.02690000,8888313.90000000,1763096399999,240282.09132000,2055
1763096400000,0.02690000,0.02730000,0.02680000,0.02720000,5581502.40000000,1763099999999,151188.09338000,1599
1763100000000,0.02720000,0.02740000,0.02680000,0.02740000,6608972.90000000,1763103599999,178300.31233000,1571
1763103600000,0.02740000,0.02780000,0.02720000,0.02750000,5177001.00000000,1763107199999,142630.19665000,1297
1763107200000,0.02760000,0.02760000,0.02720000,0.02740000,5013898.40000000,1763110799999,137478.83791000,1373
1763110800000,0.02740000,0.02750000,0.02680000,0.02690000,3869670.80000000,1763114399999,105291.38196000,809
1763114400000,0.02690000,0.02730000,0.02690000,0.02700000,4285225.60000000,1763117999999,116224.62652000,1075
1763118000000,0.02690000,0.02700000,0.02640000,0.02660000,4306907.90000000,1763121599999,114619.63878000,1208
1763121600000,0.02650000,0.02670000,0.02590000,0.02660000,9258800.50000000,1763125199999,243705.13210000,2355
1763125200000,0.02660000,0.02670000,0.02600000,0.02650000,13169557.70000000,1763128799999,346563.04289000,2415
1763128800000,0.02650000,0.02710000,0.02620000,0.02690000,8265765.40000000,1763132399999,220070.01228000,2171
1763132400000,0.02690000,0.02780000,0.02670000,0.02770000,9278619.10000000,1763135999999,253198.50039000,2164
1763136000000,0.02770000,0.02790000,0.02750000,0.02760000,4847930.70000000,1763139599999,134166.63003000,1357
1763139600000,0.02760000,0.02770000,0.02720000,0.02730000,2362710.50000000,1763143199999,64998.10987000,741
1763143200000,0.02720000,0.02750000,0.02710000,0.02720000,3331434.30000000,1763146799999,91152.11059000,1000
1763146800000,0.02730000,0.02760000,0.02720000,0.02760000,2008183.30000000,1763150399999,55001.97488000,632
1763150400000,0.02760000,0.02770000,0.02670000,0.02700000,2880412.30000000,1763153999999,78233.26607000,846
1763154000000,0.02700000,0.02750000,0.02690000,0.02740000,1876199.40000000,1763157599999,51138.45247000,656
1763157600000,0.02740000,0.02770000,0.02740000,0.02750000,4130876.10000000,1763161199999,113914.08445000,950
1763161200000,0.02750000,0.02750000,0.02680000,0.02720000,5273466.90000000,1763164799999,142945.96428000,1583
1763164800000,0.02720000,0.02760000,0.02700000,0.02740000,4241241.10000000,1763168399999,116108.57496000,1099
1763168400000,0.02750000,0.02790000,0.02740000,0.02780000,3383562.80000000,1763171999999,93501.95487000,801
1763172000000,0.02780000,0.02800000,0.02770000,0.02800000,1213315.40000000,1763175599999,33816.40595000,481
1763175600000,0.02800000,0.02810000,0.02790000,0.02800000,1754708.30000000,1763179199999,49129.11369000,547
1763179200000,0.02800000,0.02800000,0.02760000,0.02770000,1446054.40000000,1763182799999,40099.89655000,434
1763182800000,0.02760000,0.02790000,0.02760000,0.02790000,1931341.20000000,1763186399999,53537.20530000,645
1763186400000,0.02780000,0.02800000,0.02780000,0.02790000,1800586.30000000,1763189999999,50299.20950000,729
1763190000000,0.02790000,0.02790000,0.02680000,0.02690000,10208764.90000000,1763193599999,278029.16651000,2184
1763193600000,0.02690000,0.02710000,0.02640000,0.02660000,4787179.80000000,1763197199999,127988.51047000,1375
1763197200000,0.02650000,0.02700000,0.02650000,0.02690000,5398488.20000000,1763200799999,144350.04755000,1731
1763200800000,0.02680000,0.02700000,0.02670000,0.02680000,4447168.00000000,1763204399999,119686.32251000,976
1763204400000,0.02680000,0.02690000,0.02670000,0.02690000,1936294.40000000,1763207999999,52001.51105000,492
1763208000000,0.02680000,0.02730000,0.02680000,0.02720000,2012489.90000000,1763211599999,54543.66339000,540
1763211600000,0.02720000,0.02750000,0.02720000,0.02740000,1704844.80000000,1763215199999,46517.33240000,419
1763215200000,0.02730000,0.02740000,0.02690000,0.02700000,3673103.20000000,1763218799999,99442.44183000,784
1763218800000,0.02700000,0.02710000,0.02680000,0.02680000,2747245.00000000,1763222399999,73802.09131000,584
1763222400000,0.02670000,0.02690000,0.02660000,0.02670000,2933069.60000000,1763225999999,78320.75391000,668
1763226000000,0.02670000,0.02710000,0.02670000,0.02700000,2133712.70000000,1763229599999,57324.32580000,547
1763229600000,0.02700000,0.02710000,0.02690000,0.02690000,2214811.40000000,1763233199999,59779.99158000,439
1763233200000,0.02690000,0.02690000,0.02660000,0.02670000,1351742.30000000,1763236799999,36222.19340000,321
1763236800000,0.02660000,0.02670000,0.02630000,0.02630000,1582598.60000000,1763240399999,41846.10513000,305
1763240400000,0.02630000,0.02650000,0.02570000,0.02580000,3436736.30000000,1763243999999,89521.05299000,709
1763244000000,0.02580000,0.02610000,0.02570000,0.02610000,2792388.30000000,1763247599999,72227.16822000,431
1763247600000,0.02600000,0.02620000,0.02580000,0.02590000,4359049.60000000,1763251199999,113469.31754000,643
1763251200000,0.02590000,0.02600000,0.02550000,0.02580000,4582276.60000000,1763254799999,117999.37396000,929
1763254800000,0.02570000,0.02580000,0.02530000,0.02570000,5220066.70000000,1763258399999,133446.89076000,1345
1763258400000,0.02570000,0.02630000,0.02570000,0.02630000,2501563.90000000,1763261999999,64972.45827000,758
1763262000000,0.02630000,0.02640000,0.02590000,0.02600000,2409243.00000000,1763265599999,62912.36623000,549
1763265600000,0.02600000,0.02600000,0.02570000,0.02580000,1560448.10000000,1763269199999,40422.07262000,461
1763269200000,0.02580000,0.02600000,0.02580000,0.02580000,2649085.90000000,1763272799999,68689.96597000,578
1763272800000,0.02580000,0.02590000,0.02530000,0.02540000,8195892.20000000,1763276399999,208681.61325000,1478
1763276400000,0.02540000,0.02550000,0.02520000,0.02540000,3023234.50000000,1763279999999,76719.27234000,679
1763280000000,0.02540000,0.02570000,0.02530000,0.02560000,3153843.40000000,1763283599999,80294.94230000,645
1763283600000,0.02560000,0.02600000,0.02550000,0.02590000,2958727.70000000,1763287199999,76198.29403000,629
1763287200000,0.02590000,0.02620000,0.02580000,0.02610000,4054051.90000000,1763290799999,105434.91339000,780
1763290800000,0.02600000,0.02610000,0.02510000,0.02530000,5984277.60000000,1763294399999,152374.88001000,1256
1763294400000,0.02530000,0.02540000,0.02490000,0.02500000,5091706.00000000,1763297999999,128160.47681000,1118
1763298000000,0.02510000,0.02520000,0.02460000,0.02470000,7307130.40000000,1763301599999,181616.71445000,1412
1763301600000,0.02470000,0.02530000,0.02470000,0.02530000,3985152.60000000,1763305199999,99629.56831000,760
1763305200000,0.02520000,0.02520000,0.02450000,0.02470000,5086030.80000000,1763308799999,126714.12614000,1139
1763308800000,0.02470000,0.02500000,0.02440000,0.02450000,7823376.60000000,1763312399999,192626.04779000,1334
1763312400000,0.02450000,0.02470000,0.02410000,0.02450000,5170881.00000000,1763315999999,126463.37208000,902
1763316000000,0.02460000,0.02490000,0.02430000,0.02440000,3956874.40000000,1763319599999,97609.73454000,825
1763319600000,0.02430000,0.02470000,0.02430000,0.02450000,7653606.70000000,1763323199999,187986.79784000,841
1763323200000,0.02450000,0.02480000,0.02450000,0.02460000,5876722.90000000,1763326799999,144809.36477000,687
1763326800000,0.02460000,0.02460000,0.02410000,0.02440000,7087143.90000000,1763330399999,172854.37070000,1145
1763330400000,0.02440000,0.02510000,0.02430000,0.02500000,5230190.50000000,1763333999999,128051.79778000,658
1763334000000,0.02490000,0.02540000,0.02450000,0.02520000,4022320.10000000,1763337599999,100865.49289000,790
1763337600000,0.02530000,0.02540000,0.02350000,0.02370000,19731640.00000000,1763341199999,484325.19410000,2585
1763341200000,0.02370000,0.02380000,0.02330000,0.02360000,7906465.90000000,1763344799999,186076.45896000,1504
1763344800000,0.02360000,0.02380000,0.02330000,0.02340000,5289837.10000000,1763348399999,124355.50907000,748
1763348400000,0.02340000,0.02370000,0.02340000,0.02360000,4552841.60000000,1763351999999,107278.49677000,686
1763352000000,0.02360000,0.02390000,0.02360000,0.02370000,5836272.60000000,1763355599999,138520.06161000,1025
1763355600000,0.02360000,0.02390000,0.02360000,0.02370000,4546008.00000000,1763359199999,107821.63151000,684
1763359200000,0.02370000,0.02390000,0.02350000,0.02360000,4730174.30000000,1763362799999,111747.52069000,711
1763362800000,0.02360000,0.02370000,0.02350000,0.02370000,2793031.50000000,1763366399999,65964.48267000,501
1763366400000,0.02360000,0.02370000,0.02350000,0.02360000,1139257.50000000,1763369999999,26865.06638000,200
1763370000000,0.02360000,0.02390000,0.02360000,0.02370000,2290021.30000000,1763373599999,54357.57825000,330
1763373600000,0.02370000,0.02380000,0.02370000,0.02370000,1219412.80000000,1763377199999,28982.27659000,171
1763377200000,0.02370000,0.02390000,0.02360000,0.02380000,2669691.40000000,1763380799999,63386.30963000,352
1763380800000,0.02380000,0.02380000,0.02350000,0.02360000,3808589.60000000,1763384399999,89855.25223000,464
1763384400000,0.02360000,0.02360000,0.02240000,0.02260000,15185924.10000000,1763387999999,348095.31943000,1933
1763388000000,0.02260000,0.02370000,0.02240000,0.02340000,10643751.60000000,1763391599999,245254.00116000,1923
1763391600000,0.02330000,0.02340000,0.02250000,0.02260000,6922707.70000000,1763395199999,159091.70356000,926
1763395200000,0.02260000,0.02290000,0.02230000,0.02290000,8919440.30000000,1763398799999,202022.46553000,1233
1763398800000,0.02290000,0.02290000,0.02220000,0.02240000,5140759.90000000,1763402399999,116167.19310000,770
1763402400000,0.02240000,0.02250000,0.02190000,0.02200000,7681315.10000000,1763405999999,169780.24285000,1032
1763406000000,0.02200000,0.02230000,0.02190000,0.02220000,8831693.80000000,1763409599999,195137.66500000,1182
1763409600000,0.02220000,0.02240000,0.02190000,0.02210000,8958867.60000000,1763413199999,198413.96616000,1050
1763413200000,0.02210000,0.02220000,0.02180000,0.02200000,4584397.40000000,1763416799999,100685.22565000,530
1763416800000,0.02190000,0.02220000,0.02190000,0.02220000,2225736.20000000,1763420399999,49140.08432000,324
1763420400000,0.02210000,0.02230000,0.02190000,0.02210000,2081305.90000000,1763423999999,45902.93170000,317
1763424000000,0.02200000,0.02220000,0.02150000,0.02200000,5132016.40000000,1763427599999,112172.57329000,575
1763427600000,0.02200000,0.02220000,0.02170000,0.02170000,3565163.90000000,1763431199999,78282.49760000,481
1763431200000,0.02170000,0.02220000,0.02160000,0.02190000,4310946.60000000,1763434799999,94307.86784000,782
1763434800000,0.02190000,0.02230000,0.02160000,0.02220000,4786871.00000000,1763438399999,104714.34164000,750
1763438400000,0.02220000,0.02240000,0.02200000,0.02240000,3830427.80000000,1763441999999,84763.22984000,709
1763442000000,0.02230000,0.02270000,0.02220000,0.02250000,1958149.70000000,1763445599999,44029.54278000,409
1763445600000,0.02240000,0.02250000,0.02200000,0.02200000,4602523.40000000,1763449199999,102473.91639000,709
1763449200000,0.02190000,0.02220000,0.02190000,0.02210000,2932832.60000000,1763452799999,64672.01762000,434
1763452800000,0.02200000,0.02230000,0.02200000,0.02220000,3317211.10000000,1763456399999,73261.87710000,471
1763456400000,0.02220000,0.02230000,0.02200000,0.02210000,2094284.50000000,1763459999999,46389.43075000,323
1763460000000,0.02210000,0.02220000,0.02170000,0.02170000,5295741.20000000,1763463599999,115694.19879000,644
1763463600000,0.02170000,0.02180000,0.02140000,0.02150000,3578980.20000000,1763467199999,77169.61965000,485
1763467200000,0.02150000,0.02170000,0.02130000,0.02170000,5536079.30000000,1763470799999,118735.27699000,582
1763470800000,0.02170000,0.02190000,0.02140000,0.02190000,6259050.50000000,1763474399999,135196.66257000,782
1763474400000,0.02190000,0.02220000,0.02180000,0.02190000,7214957.50000000,1763477999999,158905.10963000,918
1763478000000,0.02190000,0.02250000,0.02180000,0.02240000,7880474.10000000,1763481599999,175539.48846000,1411
1763481600000,0.02240000,0.02350000,0.02240000,0.02330000,6855795.30000000,1763485199999,158741.97724000,943
1763485200000,0.02330000,0.02330000,0.02300000,0.02310000,2383328.60000000,1763488799999,55176.86002000,399
1763488800000,0.02320000,0.02350000,0.02310000,0.02310000,3042053.30000000,1763492399999,70759.83732000,504
1763492400000,0.02320000,0.02330000,0.02300000,0.02300000,3085702.30000000,1763495999999,71411.34149000,449
1763496000000,0.02300000,0.02310000,0.02290000,0.02300000,2269360.90000000,1763499599999,52108.88021000,284
1763499600000,0.02290000,0.02300000,0.02270000,0.02270000,1359780.20000000,1763503199999,31112.84357000,321
1763503200000,0.02280000,0.02310000,0.02280000,0.02310000,2980112.30000000,1763506799999,68325.02975000,310
1763506800000,0.02310000,0.02320000,0.02300000,0.02310000,1080627.20000000,1763510399999,25009.41522000,206
1763510400000,0.02300000,0.02300000,0.02250000,0.02300000,3407033.70000000,1763513999999,77561.66245000,656
1763514000000,0.02290000,0.02320000,0.02280000,0.02290000,2213950.10000000,1763517599999,50764.86811000,450
1763517600000,0.02290000,0.02300000,0.02280000,0.02290000,1755072.20000000,1763521199999,40176.14377000,437
1763521200000,0.02280000,0.02290000,0.02240000,0.02260000,1639421.20000000,1763524799999,37070.33817000,330
1763524800000,0.02260000,0.02270000,0.02250000,0.02260000,991464.60000000,1763528399999,22401.63218000,204
1763528400000,0.02260000,0.02270000,0.02210000,0.02210000,3764578.60000000,1763531999999,84017.02526000,507
1763532000000,0.02210000,0.02240000,0.02210000,0.02240000,3077254.10000000,1763535599999,68369.89170000,511
1763535600000,0.02240000,0.02260000,0.02230000,0.02250000,4461468.50000000,1763539199999,100200.44259000,477
1763539200000,0.02250000,0.02260000,0.02230000,0.02230000,4076241.40000000,1763542799999,91362.17456000,520
1763542800000,0.02230000,0.02230000,0.02210000,0.02210000,1308410.30000000,1763546399999,29012.06771000,214
1763546400000,0.02220000,0.02230000,0.02200000,0.02200000,1491692.90000000,1763549999999,33106.49547000,191
1763550000000,0.02200000,0.02210000,0.02180000,0.02180000,2526723.60000000,1763553599999,55527.96839000,409
1763553600000,0.02190000,0.02200000,0.02170000,0.02180000,2311701.00000000,1763557199999,50390.85016000,326
1763557200000,0.02180000,0.02200000,0.02180000,0.02180000,4502483.60000000,1763560799999,98685.87446000,468
1763560800000,0.02180000,0.02200000,0.02150000,0.02190000,7251763.10000000,1763564399999,157560.09275000,1268
1763564400000,0.02200000,0.02230000,0.02140000,0.02140000,8390634.00000000,1763567999999,183732.09936000,1140
1763568000000,0.02150000,0.02160000,0.02080000,0.02100000,8003089.40000000,1763571599999,169469.91740000,1069
1763571600000,0.02100000,0.02140000,0.02070000,0.02140000,8756540.50000000,1763575199999,184245.79844000,1049
1763575200000,0.02140000,0.02150000,0.02080000,0.02100000,5462769.00000000,1763578799999,115418.88737000,807
1763578800000,0.02100000,0.02100000,0.02060000,0.02070000,6052115.50000000,1763582399999,125674.05626000,682
1763582400000,0.02080000,0.02100000,0.02070000,0.02080000,2768084.80000000,1763585999999,57466.14099000,506
1763586000000,0.02090000,0.02140000,0.02080000,0.02130000,5396748.70000000,1763589599999,114039.99535000,878
1763589600000,0.02130000,0.02140000,0.02110000,0.02130000,2074561.70000000,1763593199999,44103.27424000,372
1763593200000,0.02130000,0.02170000,0.02130000,0.02170000,1222096.20000000,1763596799999,26325.13548000,242
1763596800000,0.02160000,0.02170000,0.02140000,0.02160000,1975812.50000000,1763600399999,42546.69170000,288
1763600400000,0.02160000,0.02170000,0.02140000,0.02160000,2159199.10000000,1763603999999,46557.43612000,391
1763604000000,0.02160000,0.02170000,0.02150000,0.02150000,1423774.50000000,1763607599999,30709.62140000,251
1763607600000,0.02160000,0.02160000,0.02130000,0.02130000,1414687.90000000,1763611199999,30353.61760000,238
1763611200000,0.02130000,0.02130000,0.02110000,0.02120000,1593351.10000000,1763614799999,33741.94805000,236
1763614800000,0.02120000,0.02130000,0.02100000,0.02120000,2608551.30000000,1763618399999,55204.89259000,285
1763618400000,0.02110000,0.02140000,0.02110000,0.02130000,4534763.00000000,1763621999999,96259.00735000,553
1763622000000,0.02130000,0.02150000,0.02120000,0.02150000,1247958.00000000,1763625599999,26706.31758000,193
1763625600000,0.02140000,0.02190000,0.02140000,0.02150000,4217633.10000000,1763629199999,90997.38380000,567
1763629200000,0.02150000,0.02160000,0.02140000,0.02150000,2982646.60000000,1763632799999,64090.28609000,702
1763632800000,0.02150000,0.02170000,0.02140000,0.02170000,1393915.70000000,1763636399999,30031.30814000,277
1763636400000,0.02170000,0.02190000,0.02150000,0.02180000,3934236.90000000,1763639999999,85292.75207000,623
1763640000000,0.02170000,0.02250000,0.02160000,0.02240000,8315343.00000000,1763643599999,182192.07749000,1030
1763643600000,0.02250000,0.02330000,0.02240000,0.02320000,12933273.80000000,1763647199999,296268.32023000,1853
1763647200000,0.02330000,0.02340000,0.02260000,0.02300000,10133764.80000000,1763650799999,233151.45561000,1675
1763650800000,0.02290000,0.02300000,0.02190000,0.02200000,12012246.20000000,1763654399999,269083.90650000,2190
1763654400000,0.02200000,0.02210000,0.02070000,0.02090000,12774155.60000000,1763657999999,273314.17909000,3061
1763658000000,0.02090000,0.02100000,0.02020000,0.02040000,8750447.40000000,1763661599999,180266.63829000,1754
1763661600000,0.02040000,0.02090000,0.02030000,0.02040000,8890654.40000000,1763665199999,182851.99664000,1168
1763665200000,0.02040000,0.02050000,0.02010000,0.02050000,10462426.30000000,1763668799999,212080.22745000,1221
1763668800000,0.02040000,0.02040000,0.02010000,0.02020000,4352316.10000000,1763672399999,88026.11238000,720
1763672400000,0.02020000,0.02060000,0.02010000,0.02050000,5340806.30000000,1763675999999,108992.13986000,726
1763676000000,0.02040000,0.02160000,0.02040000,0.02110000,3512915.50000000,1763679599999,73931.23305000,775
1763679600000,0.02110000,0.02110000,0.02040000,0.02050000,2836847.70000000,1763683199999,58883.41427000,573
1763683200000,0.02050000,0.02110000,0.02040000,0.02110000,4725606.20000000,1763686799999,98254.23433000,775
1763686800000,0.02100000,0.02110000,0.02080000,0.02100000,3282724.20000000,1763690399999,68733.97065000,662
1763690400000,0.02090000,0.02090000,0.02010000,0.02030000,5647906.10000000,1763693999999,115972.92371000,1213
1763694000000,0.02020000,0.02050000,0.02010000,0.02030000,4305767.30000000,1763697599999,87439.28582000,908
1763697600000,0.02030000,0.02060000,0.02000000,0.02060000,5817662.50000000,1763701199999,118071.45626000,1308
1763701200000,0.02060000,0.02070000,0.02020000,0.02030000,5603183.10000000,1763704799999,114314.91475000,908
1763704800000,0.02030000,0.02060000,0.02020000,0.02050000,4316687.20000000,1763708399999,88092.42040000,603
1763708400000,0.02060000,0.02130000,0.01730000,0.01960000,53907702.80000000,1763711999999,1042515.13337000,7913
1763712000000,0.01950000,0.01970000,0.01930000,0.01940000,8578754.50000000,1763715599999,167351.94692000,1667
1763715600000,0.01940000,0.01950000,0.01890000,0.01910000,5841610.80000000,1763719199999,111567.70878000,950
1763719200000,0.01910000,0.01910000,0.01870000,0.01870000,7519710.30000000,1763722799999,142433.98781000,1242
1763722800000,0.01870000,0.01890000,0.01850000,0.01860000,3782706.90000000,1763726399999,70814.29387000,614
1763726400000,0.01860000,0.01940000,0.01850000,0.01910000,11092498.50000000,1763729999999,210524.02390000,1791
1763730000000,0.01910000,0.01940000,0.01910000,0.01920000,5780518.40000000,1763733599999,111461.93225000,927
1763733600000,0.01920000,0.02030000,0.01920000,0.02020000,9997507.90000000,1763737199999,198651.04181000,2033
1763737200000,0.02020000,0.02070000,0.01980000,0.02060000,14357798.90000000,1763740799999,291265.39668000,3117
1763740800000,0.02050000,0.02210000,0.02030000,0.02150000,48560224.30000000,1763744399999,1036654.12954000,7022
1763744400000,0.02150000,0.02180000,0.02090000,0.02110000,18647447.60000000,1763747999999,400508.76560000,3096
1763748000000,0.02110000,0.02110000,0.02040000,0.02080000,8401640.20000000,1763751599999,174524.35254000,1505
1763751600000,0.02080000,0.02090000,0.02030000,0.02040000,8215433.00000000,1763755199999,169817.04780000,1446
1763755200000,0.02040000,0.02050000,0.02000000,0.02020000,7283422.70000000,1763758799999,147531.01748000,1564
1763758800000,0.02020000,0.02060000,0.02000000,0.02050000,7615909.60000000,1763762399999,154851.85276000,1410
1763762400000,0.02050000,0.02050000,0.01970000,0.01980000,7106893.30000000,1763765999999,142741.72662000,958
1763766000000,0.01970000,0.02020000,0.01950000,0.02010000,6626044.20000000,1763769599999,131363.36433000,723
1763769600000,0.02020000,0.02050000,0.01990000,0.02040000,8288181.90000000,1763773199999,167671.26827000,1039
1763773200000,0.02040000,0.02120000,0.02040000,0.02120000,6264208.30000000,1763776799999,130357.95169000,1070
1763776800000,0.02110000,0.02210000,0.02110000,0.02180000,13873704.70000000,1763780399999,300730.35846000,2217
1763780400000,0.02190000,0.02190000,0.02090000,0.02090000,8484053.60000000,1763783999999,180605.43984000,1218
1763784000000,0.02090000,0.02090000,0.02020000,0.02050000,9785366.30000000,1763787599999,201299.58940000,1557
1763787600000,0.02060000,0.02080000,0.02000000,0.02020000,4729693.60000000,1763791199999,96628.25713000,831
1763791200000,0.02010000,0.02060000,0.01970000,0.02030000,11807961.00000000,1763794799999,238948.60758000,1595
1763794800000,0.02040000,0.02060000,0.02030000,0.02030000,4775784.90000000,1763798399999,97344.78881000,791
1763798400000,0.02030000,0.02040000,0.02000000,0.02000000,7272758.00000000,1763801999999,146886.81867000,954
1763802000000,0.02000000,0.02030000,0.01990000,0.02000000,8146653.10000000,1763805599999,164199.96537000,1118
1763805600000,0.02000000,0.02010000,0.01960000,0.01980000,5973752.40000000,1763809199999,118545.72817000,882
1763809200000,0.01980000,0.02140000,0.01980000,0.02070000,19311057.80000000,1763812799999,399606.17851000,2455
1763812800000,0.02070000,0.02080000,0.02020000,0.02040000,8912604.90000000,1763816399999,182225.61886000,1087
1763816400000,0.02030000,0.02050000,0.02000000,0.02000000,10142746.50000000,1763819999999,205398.19428000,1039
1763820000000,0.02000000,0.02030000,0.01980000,0.01990000,6922948.70000000,1763823599999,138601.30894000,711
1763823600000,0.01990000,0.02000000,0.01960000,0.01990000,7419411.30000000,1763827199999,146878.59721000,797
1763827200000,0.01990000,0.02010000,0.01980000,0.02000000,3675350.80000000,1763830799999,73486.71201000,390
1763830800000,0.02000000,0.02010000,0.01990000,0.01990000,4397992.40000000,1763834399999,87918.84417000,370
1763834400000,0.01980000,0.02000000,0.01960000,0.02000000,4485561.10000000,1763837999999,88735.23404000,477
1763838000000,0.02000000,0.02010000,0.01970000,0.01970000,4952547.20000000,1763841599999,98617.43470000,575
1763841600000,0.01970000,0.01990000,0.01960000,0.01970000,4193991.90000000,1763845199999,82967.60822000,410
1763845200000,0.01970000,0.01980000,0.01960000,0.01980000,2925974.60000000,1763848799999,57557.66804000,337
1763848800000,0.01970000,0.02010000,0.01970000,0.02010000,3868983.20000000,1763852399999,76699.17589000,341
1763852400000,0.02000000,0.02010000,0.01970000,0.01990000,1878456.30000000,1763855999999,37387.10902000,168
1763856000000,0.01980000,0.01990000,0.01970000,0.01990000,1846271.90000000,1763859599999,36624.22594000,143
1763859600000,0.01990000,0.02070000,0.01980000,0.02050000,8848755.20000000,1763863199999,180401.26933000,885
1763863200000,0.02040000,0.02050000,0.02010000,0.02020000,5824407.20000000,1763866799999,118484.31158000,555
1763866800000,0.02020000,0.02020000,0.01980000,0.01980000,4598520.20000000,1763870399999,91912.37035000,500
1763870400000,0.01990000,0.02000000,0.01970000,0.01980000,4431637.30000000,1763873999999,88065.83132000,459
1763874000000,0.01990000,0.01990000,0.01970000,0.01970000,3852151.30000000,1763877599999,76150.50631000,352
1763877600000,0.01970000,0.01980000,0.01950000,0.01950000,3772620.30000000,1763881199999,73964.05155000,408
1763881200000,0.01950000,0.01970000,0.01930000,0.01960000,6053246.20000000,1763884799999,118527.99718000,558
1763884800000,0.01970000,0.01980000,0.01960000,0.01970000,5415175.10000000,1763888399999,106722.33449000,388
1763888400000,0.01980000,0.01990000,0.01970000,0.01970000,4168819.60000000,1763891999999,82409.90623000,385
1763892000000,0.01970000,0.01980000,0.01960000,0.01970000,3222632.00000000,1763895599999,63414.58345000,301
1763895600000,0.01970000,0.01980000,0.01960000,0.01960000,3938561.00000000,1763899199999,77413.65760000,410
1763899200000,0.01970000,0.02010000,0.01960000,0.01980000,8584665.60000000,1763902799999,170685.94412000,727
1763902800000,0.01980000,0.01990000,0.01960000,0.01980000,3816541.90000000,1763906399999,75514.53396000,381
1763906400000,0.01990000,0.01990000,0.01910000,0.01920000,8433949.90000000,1763909999999,164123.41808000,835
1763910000000,0.01920000,0.01940000,0.01910000,0.01930000,5693357.70000000,1763913599999,109451.99536000,535
1763913600000,0.01930000,0.01950000,0.01920000,0.01920000,6690296.90000000,1763917199999,129473.16955000,687
1763917200000,0.01920000,0.01930000,0.01890000,0.01900000,6728831.80000000,1763920799999,128505.06121000,630
1763920800000,0.01900000,0.01930000,0.01900000,0.01920000,3212093.40000000,1763924399999,61655.09904000,318
1763924400000,0.01920000,0.01970000,0.01920000,0.01950000,5752902.50000000,1763927999999,111855.16927000,541
1763928000000,0.01950000,0.01960000,0.01950000,0.01960000,1694654.40000000,1763931599999,33167.55859000,169
1763931600000,0.01950000,0.01960000,0.01940000,0.01960000,1030621.90000000,1763935199999,20111.37482000,90
1763935200000,0.01970000,0.01970000,0.01940000,0.01950000,3005012.50000000,1763938799999,58749.34259000,255
1763938800000,0.01960000,0.01960000,0.01940000,0.01950000,4040247.70000000,1763942399999,78796.18610000,383
1763942400000,0.01960000,0.01980000,0.01940000,0.01970000,3908149.80000000,1763945999999,76447.19287000,379
1763946000000,0.01960000,0.01980000,0.01950000,0.01980000,4611351.40000000,1763949599999,90465.04734000,484
1763949600000,0.01970000,0.02010000,0.01960000,0.01970000,4295054.00000000,1763953199999,85453.73112000,478
1763953200000,0.01970000,0.01980000,0.01960000,0.01960000,2742469.40000000,1763956799999,54131.39548000,194
1763956800000,0.01960000,0.01980000,0.01930000,0.01940000,1999818.10000000,1763960399999,38962.71242000,220
1763960400000,0.01950000,0.01990000,0.01950000,0.01980000,4770613.20000000,1763963999999,94203.60617000,392
1763964000000,0.01980000,0.01990000,0.01960000,0.01980000,4342844.60000000,1763967599999,85973.77234000,431
1763967600000,0.01980000,0.02000000,0.01980000,0.02000000,1644165.20000000,1763971199999,32668.81774000,143
1763971200000,0.01990000,0.02080000,0.01980000,0.02060000,20361841.30000000,1763974799999,416203.12766000,2053
1763974800000,0.02050000,0.02070000,0.01980000,0.01990000,12514926.80000000,1763978399999,252678.87592000,1351
1763978400000,0.02000000,0.02010000,0.01970000,0.01980000,4222541.40000000,1763981999999,84076.23136000,492
1763982000000,0.01980000,0.02010000,0.01980000,0.02000000,5201716.50000000,1763985599999,103670.83384000,673
1763985600000,0.02000000,0.02000000,0.01980000,0.02000000,4124730.80000000,1763989199999,82288.78531000,402
1763989200000,0.01990000,0.02030000,0.01990000,0.02010000,4040060.80000000,1763992799999,81210.87148000,533
1763992800000,0.02010000,0.02030000,0.01990000,0.02020000,9013078.50000000,1763996399999,181140.67641000,1026
1763996400000,0.02030000,0.02050000,0.02010000,0.02050000,10708265.60000000,1763999999999,217853.65249000,1060
1764000000000,0.02050000,0.02270000,0.02050000,0.02120000,65612932.60000000,1764003599999,1425863.79623000,8086
1764003600000,0.02120000,0.02170000,0.02090000,0.02130000,32732941.90000000,1764007199999,698027.90449000,3096
1764007200000,0.02140000,0.02180000,0.02120000,0.02160000,10861817.60000000,1764010799999,233143.03035000,1175
1764010800000,0.02160000,0.02170000,0.02100000,0.02110000,9795365.50000000,1764014399999,209520.26244000,1037
1764014400000,0.02100000,0.02120000,0.02100000,0.02120000,7014220.40000000,1764017999999,148069.10248000,796
1764018000000,0.02120000,0.02140000,0.02110000,0.02120000,5520099.60000000,1764021599999,117446.57381000,634
1764021600000,0.02120000,0.02150000,0.02120000,0.02130000,2383923.70000000,1764025199999,50930.30971000,414
1764025200000,0.02130000,0.02130000,0.02100000,0.02110000,3559754.90000000,1764028799999,75282.57341000,327
1764028800000,0.02100000,0.02120000,0.02080000,0.02120000,5710271.80000000,1764032399999,119916.84019000,721
1764032400000,0.02110000,0.02200000,0.02100000,0.02180000,11831677.10000000,1764035999999,254473.59117000,1006
1764036000000,0.02180000,0.02220000,0.02130000,0.02160000,14005435.10000000,1764039599999,304842.25950000,1820
1764039600000,0.02150000,0.02200000,0.02150000,0.02180000,7690375.60000000,1764043199999,167636.46753000,983
1764043200000,0.02190000,0.02290000,0.02180000,0.02240000,26034523.40000000,1764046799999,582586.48799000,3541
1764046800000,0.02240000,0.02360000,0.02230000,0.02310000,34089565.40000000,1764050399999,783272.00712000,5338
1764050400000,0.02300000,0.02990000,0.02280000,0.02890000,145880349.90000000,1764053999999,3824500.73721000,24593
1764054000000,0.02880000,0.02950000,0.02670000,0.02840000,170153750.40000000,1764057599999,4789399.90037000,26657
1764057600000,0.02830000,0.02900000,0.02580000,0.02790000,88290492.90000000,1764061199999,2423409.16548000,15354
1764061200000,0.02790000,0.02900000,0.02710000,0.02750000,57236920.50000000,1764064799999,1611595.22923000,10761
1764064800000,0.02750000,0.02840000,0.02690000,0.02740000,37866613.40000000,1764068399999,1047583.09522000,7060
1764068400000,0.02740000,0.02760000,0.02530000,0.02580000,52875838.00000000,1764071999999,1393477.06517000,7534
1764072000000,0.02580000,0.02630000,0.02420000,0.02450000,51522286.80000000,1764075599999,1289002.28043000,6356
1764075600000,0.02440000,0.02620000,0.02420000,0.02460000,50936301.40000000,1764079199999,1284246.52402000,6394
1764079200000,0.02450000,0.02590000,0.02450000,0.02510000,37138949.90000000,1764082799999,934257.80420000,4625
1764082800000,0.02510000,0.02510000,0.02420000,0.02430000,32984269.70000000,1764086399999,812853.84197000,3923
1764086400000,0.02440000,0.02470000,0.02360000,0.02430000,32521533.70000000,1764089999999,787204.90475000,3888
1764090000000,0.02420000,0.02470000,0.02410000,0.02450000,22828698.10000000,1764093599999,555568.13487000,2008
1764093600000,0.02450000,0.02550000,0.02420000,0.02430000,41510476.60000000,1764097199999,1032224.27533000,4067
1764097200000,0.02430000,0.02440000,0.02300000,0.02380000,33736963.60000000,1764100799999,796118.09883000,3050
1764100800000,0.02380000,0.02490000,0.02360000,0.02480000,21906172.00000000,1764104399999,529392.10354000,2375
1764104400000,0.02470000,0.02800000,0.02470000,0.02550000,71041069.10000000,1764107999999,1856359.94207000,10383
1764108000000,0.02550000,0.02800000,0.02550000,0.02650000,52257857.30000000,1764111599999,1395065.80700000,7728
1764111600000,0.02660000,0.02680000,0.02540000,0.02580000,25193386.10000000,1764115199999,652705.32000000,4431
1764115200000,0.02570000,0.02670000,0.02490000,0.02640000,31795655.10000000,1764118799999,816722.91571000,5291
1764118800000,0.02630000,0.02670000,0.02530000,0.02600000,25377365.50000000,1764122399999,658599.86753000,3413
1764122400000,0.02590000,0.02790000,0.02560000,0.02640000,34575543.30000000,1764125999999,923118.97535000,4647
1764126000000,0.02640000,0.02720000,0.02590000,0.02620000,27868072.40000000,1764129599999,739357.44898000,4674
1764129600000,0.02620000,0.02620000,0.02460000,0.02530000,29209947.70000000,1764133199999,738328.30400000,5279
1764133200000,0.02530000,0.02570000,0.02460000,0.02480000,18662332.80000000,1764136799999,467643.65141000,3400
1764136800000,0.02480000,0.02480000,0.02420000,0.02460000,8544949.20000000,1764140399999,209445.87701000,1477
1764140400000,0.02450000,0.02500000,0.02420000,0.02470000,14796496.40000000,1764143999999,362974.67697000,2579
1764144000000,0.02470000,0.02480000,0.02360000,0.02370000,11730375.60000000,1764147599999,283142.90937000,2235
1764147600000,0.02370000,0.02370000,0.02320000,0.02340000,10896013.80000000,1764151199999,255756.04978000,1955
1764151200000,0.02340000,0.02380000,0.02320000,0.02350000,6099453.70000000,1764154799999,143069.09271000,1338
1764154800000,0.02350000,0.02380000,0.02330000,0.02350000,6731232.30000000,1764158399999,158310.60452000,1750
1764158400000,0.02350000,0.02360000,0.02250000,0.02280000,18700398.80000000,1764161999999,428982.33111000,3448
1764162000000,0.02280000,0.02310000,0.02270000,0.02300000,5178834.20000000,1764165599999,118564.11961000,1278
1764165600000,0.02290000,0.02350000,0.02280000,0.02300000,13921321.40000000,1764169199999,322686.17622000,1945
1764169200000,0.02300000,0.02340000,0.02280000,0.02300000,7539378.50000000,1764172799999,173469.49816000,1930
1764172800000,0.02300000,0.02340000,0.02300000,0.02310000,2939559.50000000,1764176399999,68171.44638000,781
1764176400000,0.02320000,0.02350000,0.02310000,0.02330000,3223911.90000000,1764179999999,75097.36935000,855
1764180000000,0.02340000,0.02350000,0.02310000,0.02330000,2762644.00000000,1764183599999,64376.56608000,650
1764183600000,0.02330000,0.02340000,0.02300000,0.02310000,2750965.70000000,1764187199999,63755.72779000,565
1764187200000,0.02320000,0.02340000,0.02300000,0.02320000,4660512.30000000,1764190799999,108405.95672000,835
1764190800000,0.02320000,0.02360000,0.02320000,0.02360000,2424652.00000000,1764194399999,56830.28144000,476
1764194400000,0.02360000,0.02360000,0.02320000,0.02340000,3433746.10000000,1764197999999,80118.12370000,490
1764198000000,0.02340000,0.02360000,0.02310000,0.02320000,1880610.90000000,1764201599999,43855.05349000,555
1764201600000,0.02310000,0.02340000,0.02280000,0.02280000,6201812.00000000,1764205199999,143057.95701000,1115
1764205200000,0.02280000,0.02310000,0.02260000,0.02290000,5265116.90000000,1764208799999,119995.41769000,799
1764208800000,0.02300000,0.02340000,0.02280000,0.02330000,6235662.70000000,1764212399999,144758.48017000,1320
1764212400000,0.02330000,0.02330000,0.02280000,0.02300000,6291688.40000000,1764215999999,145041.86172000,802
1764216000000,0.02300000,0.02350000,0.02290000,0.02340000,4441001.60000000,1764219599999,103188.55410000,818
1764219600000,0.02330000,0.02330000,0.02270000,0.02300000,7219130.10000000,1764223199999,165961.07756000,987
1764223200000,0.02300000,0.02330000,0.02300000,0.02310000,1677022.70000000,1764226799999,38804.47070000,287
1764226800000,0.02300000,0.02310000,0.02280000,0.02290000,3763318.80000000,1764230399999,86324.68645000,479
1764230400000,0.02280000,0.02290000,0.02210000,0.02230000,10823320.10000000,1764233999999,242338.00141000,1468
1764234000000,0.02220000,0.02230000,0.02210000,0.02220000,6400041.50000000,1764237599999,142007.00040000,812
1764237600000,0.02210000,0.02230000,0.02190000,0.02200000,8117872.90000000,1764241199999,178743.01022000,1096
1764241200000,0.02210000,0.02220000,0.02180000,0.02180000,4656237.10000000,1764244799999,102235.33808000,532
1764244800000,0.02190000,0.02210000,0.02180000,0.02180000,4756235.10000000,1764248399999,104338.77010000,605
1764248400000,0.02190000,0.02220000,0.02190000,0.02200000,4090261.00000000,1764251999999,90378.48076000,418
1764252000000,0.02200000,0.02210000,0.02180000,0.02200000,7283007.90000000,1764255599999,159976.40224000,682
1764255600000,0.02200000,0.02210000,0.02150000,0.02170000,8442713.90000000,1764259199999,183530.44310000,848
1764259200000,0.02180000,0.02190000,0.02160000,0.02190000,8054097.80000000,1764262799999,175125.50685000,919
1764262800000,0.02180000,0.02210000,0.02170000,0.02200000,4963207.60000000,1764266399999,108668.76091000,562
1764266400000,0.02200000,0.02220000,0.02180000,0.02200000,3390406.20000000,1764269999999,74512.12473000,453
1764270000000,0.02200000,0.02210000,0.02180000,0.02190000,2961651.60000000,1764273599999,64897.52667000,349
1764273600000,0.02190000,0.02200000,0.02180000,0.02190000,1803583.20000000,1764277199999,39438.82663000,168
1764277200000,0.02180000,0.02180000,0.02160000,0.02170000,5053139.10000000,1764280799999,109918.46114000,437
1764280800000,0.02170000,0.02170000,0.02130000,0.02140000,5835633.60000000,1764284399999,125451.36581000,537
1764284400000,0.02130000,0.02140000,0.02110000,0.02130000,4528603.40000000,1764287999999,96168.62658000,497
1764288000000,0.02130000,0.02150000,0.02120000,0.02130000,2688040.90000000,1764291599999,57414.72315000,306
1764291600000,0.02130000,0.02150000,0.02110000,0.02110000,6599296.70000000,1764295199999,141082.39682000,652
1764295200000,0.02110000,0.02120000,0.02080000,0.02120000,8645772.70000000,1764298799999,181454.32445000,1059
1764298800000,0.02120000,0.02120000,0.02100000,0.02110000,1408427.20000000,1764302399999,29728.63186000,198
1764302400000,0.02110000,0.02130000,0.02100000,0.02110000,4148311.10000000,1764305999999,87728.07252000,354
1764306000000,0.02100000,0.02110000,0.02090000,0.02100000,4766188.80000000,1764309599999,100050.97437000,624
1764309600000,0.02090000,0.02120000,0.02090000,0.02100000,7142943.70000000,1764313199999,150020.28990000,796
1764313200000,0.02100000,0.02110000,0.02070000,0.02080000,4355424.60000000,1764316799999,91050.34288000,376
1764316800000,0.02070000,0.02120000,0.02070000,0.02110000,7833621.20000000,1764320399999,164071.32958000,768
1764320400000,0.02110000,0.02110000,0.02090000,0.02090000,3311837.90000000,1764323999999,69616.09387000,351
1764324000000,0.02090000,0.02110000,0.02080000,0.02110000,4352746.80000000,1764327599999,90963.04801000,380
1764327600000,0.02100000,0.02110000,0.02070000,0.02100000,7487055.40000000,1764331199999,156563.41683000,725
1764331200000,0.02090000,0.02120000,0.02090000,0.02100000,8556902.20000000,1764334799999,179999.89080000,726
1764334800000,0.02100000,0.02160000,0.02090000,0.02150000,10210189.40000000,1764338399999,217031.68545000,1075
1764338400000,0.02140000,0.02160000,0.02130000,0.02140000,4524690.50000000,1764341999999,96916.69150000,415
1764342000000,0.02140000,0.02160000,0.02110000,0.02110000,8004468.60000000,1764345599999,171187.19630000,816
1764345600000,0.02120000,0.02120000,0.02070000,0.02090000,4606014.10000000,1764349199999,96493.19892000,590
1764349200000,0.02080000,0.02090000,0.02060000,0.02070000,5591028.60000000,1764352799999,116111.15534000,616
1764352800000,0.02070000,0.02070000,0.02050000,0.02070000,6949881.70000000,1764356399999,143440.19320000,726
1764356400000,0.02080000,0.02100000,0.02070000,0.02090000,3656552.80000000,1764359999999,76285.55825000,353
1764360000000,0.02080000,0.02100000,0.02080000,0.02090000,1346677.10000000,1764363599999,28083.33248000,155
1764363600000,0.02090000,0.02100000,0.02080000,0.02090000,1116793.40000000,1764367199999,23351.38533000,92
1764367200000,0.02080000,0.02090000,0.02060000,0.02080000,3462231.70000000,1764370799999,71788.05160000,438
1764370800000,0.02080000,0.02090000,0.02070000,0.02080000,1057898.80000000,1764374399999,21989.85013000,102
1764374400000,0.02080000,0.02090000,0.02060000,0.02060000,2980443.70000000,1764377999999,61761.87682000,270
1764378000000,0.02070000,0.02080000,0.02050000,0.02070000,2177443.40000000,1764381599999,45092.79019000,208
1764381600000,0.02060000,0.02070000,0.02040000,0.02060000,5768567.70000000,1764385199999,118528.48025000,511
1764385200000,0.02060000,0.02070000,0.02040000,0.02050000,2691873.00000000,1764388799999,55375.55987000,274
1764388800000,0.02050000,0.02060000,0.02040000,0.02060000,567747.00000000,1764392399999,11628.71308000,56
1764392400000,0.02050000,0.02060000,0.02040000,0.02040000,3178852.00000000,1764395999999,65317.70044000,284
1764396000000,0.02040000,0.02060000,0.02030000,0.02040000,5151651.70000000,1764399599999,105127.31850000,549
1764399600000,0.02040000,0.02050000,0.02010000,0.02010000,9982007.20000000,1764403199999,202227.06695000,447
1764403200000,0.02010000,0.02020000,0.01960000,0.01960000,18927871.50000000,1764406799999,375857.11238000,1840
1764406800000,0.01960000,0.01970000,0.01840000,0.01880000,69690088.90000000,1764410399999,1323987.62786000,5647
1764410400000,0.01880000,0.01880000,0.01740000,0.01790000,96986068.20000000,1764413999999,1745311.07255000,6715
1764414000000,0.01800000,0.01820000,0.01760000,0.01800000,41229467.80000000,1764417599999,737517.63816000,2755
1764417600000,0.01790000,0.01830000,0.01760000,0.01810000,38330625.40000000,1764421199999,688673.00317000,2854
1764421200000,0.01810000,0.01860000,0.01800000,0.01850000,26483626.00000000,1764424799999,484220.14790000,3563
1764424800000,0.01850000,0.01890000,0.01810000,0.01830000,37409484.90000000,1764428399999,696609.08261000,2187
1764428400000,0.01830000,0.01840000,0.01760000,0.01800000,34060243.00000000,1764431999999,615847.53474000,1687
1764432000000,0.01790000,0.01800000,0.01770000,0.01780000,12809681.40000000,1764435599999,229186.14625000,722
1764435600000,0.01780000,0.01820000,0.01770000,0.01810000,14454040.20000000,1764439199999,259850.15424000,942
1764439200000,0.01800000,0.01810000,0.01780000,0.01790000,7662457.60000000,1764442799999,137454.31814000,602
1764442800000,0.01800000,0.01800000,0.01780000,0.01780000,3397610.10000000,1764446399999,60824.14740000,281
1764446400000,0.01780000,0.01790000,0.01760000,0.01780000,6610720.90000000,1764449999999,117334.54564000,449
1764450000000,0.01780000,0.01820000,0.01780000,0.01810000,6996132.40000000,1764453599999,126200.82036000,584
1764453600000,0.01810000,0.01830000,0.01770000,0.01770000,12694971.30000000,1764457199999,227018.72146000,702
1764457200000,0.01770000,0.01770000,0.01730000,0.01740000,16350191.50000000,1764460799999,285370.22004000,1044
1764460800000,0.01740000,0.01750000,0.01730000,0.01740000,8558119.70000000,1764464399999,149019.54832000,459
1764464400000,0.01740000,0.01750000,0.01670000,0.01710000,43223205.30000000,1764467999999,736891.42922000,2459
1764468000000,0.01710000,0.01720000,0.01680000,0.01690000,13968930.50000000,1764471599999,236579.29250000,1173
1764471600000,0.01680000,0.01690000,0.01660000,0.01680000,11803130.80000000,1764475199999,197894.07665000,1039
1764475200000,0.01670000,0.01700000,0.01630000,0.01690000,26517960.80000000,1764478799999,441576.21541000,2238
1764478800000,0.01690000,0.01700000,0.01620000,0.01620000,13420920.80000000,1764482399999,221915.70873000,1090
1764482400000,0.01630000,0.01660000,0.01610000,0.01630000,15636744.40000000,1764485999999,255411.53515000,1108
1764486000000,0.01630000,0.01670000,0.01630000,0.01660000,9400067.10000000,1764489599999,154620.45162000,665
1764489600000,0.01660000,0.01670000,0.01630000,0.01640000,13239214.10000000,1764493199999,218500.62611000,836
1764493200000,0.01630000,0.01660000,0.01630000,0.01650000,7361501.80000000,1764496799999,120890.07425000,721
1764496800000,0.01650000,0.01660000,0.01620000,0.01640000,15642154.40000000,1764500399999,256440.22637000,1407
1764500400000,0.01640000,0.01640000,0.01620000,0.01620000,7450938.90000000,1764503999999,121474.79062000,631
1764504000000,0.01630000,0.01660000,0.01610000,0.01650000,23001964.90000000,1764507599999,376554.04967000,1248
1764507600000,0.01650000,0.01670000,0.01650000,0.01660000,9140673.60000000,1764511199999,151693.02930000,654
1764511200000,0.01660000,0.01660000,0.01620000,0.01640000,8025586.40000000,1764514799999,131345.33189000,724
1764514800000,0.01640000,0.01660000,0.01620000,0.01640000,15428877.80000000,1764518399999,253140.35304000,992
1764518400000,0.01630000,0.01660000,0.01620000,0.01650000,14294026.50000000,1764521999999,235234.26044000,856
1764522000000,0.01660000,0.01680000,0.01640000,0.01660000,12530110.30000000,1764525599999,208503.21862000,772
1764525600000,0.01670000,0.01680000,0.01650000,0.01660000,7205180.00000000,1764529199999,119751.00402000,484
1764529200000,0.01660000,0.01690000,0.01650000,0.01670000,6393235.60000000,1764532799999,106561.99708000,383
1764532800000,0.01670000,0.01690000,0.01630000,0.01640000,16146378.60000000,1764536399999,267521.75331000,810
1764536400000,0.01640000,0.01650000,0.01620000,0.01630000,5275295.40000000,1764539999999,86352.68108000,461
1764540000000,0.01630000,0.01650000,0.01620000,0.01620000,9275667.30000000,1764543599999,151558.61487000,456
1764543600000,0.01620000,0.01620000,0.01580000,0.01590000,13007216.20000000,1764547199999,208054.65532000,1061
1764547200000,0.01600000,0.01610000,0.01480000,0.01480000,50434337.80000000,1764550799999,775955.84405000,3904
1764550800000,0.01480000,0.01510000,0.01480000,0.01480000,20571283.90000000,1764554399999,307788.69284000,1300
1764554400000,0.01480000,0.01510000,0.01480000,0.01490000,16101236.60000000,1764557999999,240247.18595000,1072
1764558000000,0.01490000,0.01500000,0.01480000,0.01480000,5427071.00000000,1764561599999,80829.52555000,469
1764561600000,0.01480000,0.01490000,0.01440000,0.01450000,15997481.10000000,1764565199999,233042.76840000,1461
1764565200000,0.01450000,0.01460000,0.01430000,0.01440000,6738428.70000000,1764568799999,97620.23327000,740
1764568800000,0.01440000,0.01450000,0.01410000,0.01430000,10089603.60000000,1764572399999,143543.09045000,654
1764572400000,0.01430000,0.01450000,0.01420000,0.01430000,11884458.70000000,1764575999999,170160.04827000,1069
1764576000000,0.01440000,0.01450000,0.01430000,0.01440000,8195179.10000000,1764579599999,117855.30612000,747
1764579600000,0.01430000,0.01450000,0.01420000,0.01430000,5654503.80000000,1764583199999,81123.75934000,531
1764583200000,0.01430000,0.01440000,0.01420000,0.01430000,5706706.30000000,1764586799999,81673.96434000,434
1764586800000,0.01420000,0.01430000,0.01410000,0.01430000,7986190.50000000,1764590399999,113354.40304000,530
1764590400000,0.01430000,0.01430000,0.01390000,0.01410000,9665208.70000000,1764593999999,136316.19500000,683
1764594000000,0.01410000,0.01430000,0.01400000,0.01410000,9560688.00000000,1764597599999,135030.36616000,926
1764597600000,0.01410000,0.01440000,0.01410000,0.01430000,8988365.30000000,1764601199999,128001.73367000,611
1764601200000,0.01430000,0.01440000,0.01370000,0.01400000,16482752.80000000,1764604799999,230006.23374000,1087
1764604800000,0.01400000,0.01400000,0.01360000,0.01370000,9827037.40000000,1764608399999,136011.43929000,1038
1764608400000,0.01360000,0.01380000,0.01350000,0.01350000,6901820.10000000,1764611999999,93956.48335000,572
1764612000000,0.01350000,0.01380000,0.01340000,0.01370000,14715332.00000000,1764615599999,199314.31928000,692
1764615600000,0.01380000,0.01390000,0.01360000,0.01370000,5374366.90000000,1764619199999,73742.63941000,390
1764619200000,0.01360000,0.01390000,0.01360000,0.01360000,7968346.00000000,1764622799999,109278.40523000,447
1764622800000,0.01360000,0.01390000,0.01350000,0.01360000,14414175.10000000,1764626399999,197301.91392000,1039
1764626400000,0.01360000,0.01390000,0.01360000,0.01390000,5802426.20000000,1764629999999,80015.49835000,426
1764630000000,0.01380000,0.01400000,0.01380000,0.01380000,2404602.90000000,1764633599999,33418.69570000,471
1764633600000,0.01390000,0.01400000,0.01380000,0.01380000,5497601.00000000,1764637199999,76365.61477000,881
1764637200000,0.01390000,0.01410000,0.01380000,0.01380000,11544083.50000000,1764640799999,160604.29250000,1795
1764640800000,0.01380000,0.01400000,0.01370000,0.01390000,6014475.30000000,1764644399999,83361.52096000,715
1764644400000,0.01390000,0.01400000,0.01380000,0.01390000,3434016.70000000,1764647999999,47756.00066000,361
1764648000000,0.01390000,0.01400000,0.01380000,0.01380000,3057892.00000000,1764651599999,42530.64147000,330
1764651600000,0.01390000,0.01390000,0.01360000,0.01370000,5014428.60000000,1764655199999,68907.50089000,407
1764655200000,0.01370000,0.01380000,0.01360000,0.01370000,3937206.90000000,1764658799999,53925.28763000,265
1764658800000,0.01370000,0.01380000,0.01360000,0.01380000,4298416.10000000,1764662399999,58958.16673000,423
1764662400000,0.01370000,0.01380000,0.01350000,0.01350000,9011040.00000000,1764665999999,122535.44651000,863
1764666000000,0.01360000,0.01380000,0.01350000,0.01380000,4908260.00000000,1764669599999,67077.03671000,445
1764669600000,0.01370000,0.01390000,0.01350000,0.01370000,16735159.00000000,1764673199999,227475.15457000,984
1764673200000,0.01370000,0.01390000,0.01360000,0.01380000,8406343.80000000,1764676799999,115644.60675000,814
1764676800000,0.01380000,0.01390000,0.01360000,0.01360000,4945047.30000000,1764680399999,68071.82056000,738
1764680400000,0.01360000,0.01400000,0.01360000,0.01380000,6600779.00000000,1764683999999,91405.07957000,668
1764684000000,0.01380000,0.01440000,0.01380000,0.01430000,15888368.90000000,1764687599999,225214.54038000,1152
1764687600000,0.01430000,0.01540000,0.01430000,0.01520000,33848484.10000000,1764691199999,504963.51960000,2215
1764691200000,0.01510000,0.01520000,0.01470000,0.01480000,9412968.70000000,1764694799999,140128.24237000,721
1764694800000,0.01490000,0.01490000,0.01460000,0.01470000,9036693.80000000,1764698399999,133614.72548000,556
1764698400000,0.01470000,0.01480000,0.01460000,0.01480000,4230826.90000000,1764701999999,62180.75327000,256
1764702000000,0.01480000,0.01480000,0.01450000,0.01450000,2978831.20000000,1764705599999,43560.60641000,203
1764705600000,0.01450000,0.01460000,0.01400000,0.01420000,10194339.80000000,1764709199999,145967.79633000,931
1764709200000,0.01420000,0.01430000,0.01410000,0.01420000,1938168.90000000,1764712799999,27537.87002000,187
1764712800000,0.01420000,0.01450000,0.01420000,0.01440000,5153669.80000000,1764716399999,73872.44088000,238
1764716400000,0.01440000,0.01460000,0.01440000,0.01460000,4185295.80000000,1764719999999,60622.55097000,396
1764720000000,0.01460000,0.01460000,0.01430000,0.01460000,5529349.60000000,1764723599999,80150.11144000,432
1764723600000,0.01450000,0.01450000,0.01420000,0.01420000,6097886.70000000,1764727199999,87572.45988000,530
1764727200000,0.01430000,0.01460000,0.01430000,0.01450000,4905378.00000000,1764730799999,70777.30781000,357
1764730800000,0.01440000,0.01460000,0.01430000,0.01450000,4939567.00000000,1764734399999,71395.36570000,458
1764734400000,0.01450000,0.01460000,0.01440000,0.01450000,4362671.80000000,1764737999999,63171.22573000,365
1764738000000,0.01450000,0.01480000,0.01440000,0.01450000,8557853.40000000,1764741599999,124778.74127000,1160
1764741600000,0.01460000,0.01480000,0.01450000,0.01460000,4905936.80000000,1764745199999,71775.32907000,440
1764745200000,0.01450000,0.01470000,0.01440000,0.01460000,5380558.90000000,1764748799999,78343.16075000,394
1764748800000,0.01460000,0.01460000,0.01440000,0.01440000,3502269.40000000,1764752399999,51001.19448000,386
1764752400000,0.01440000,0.01460000,0.01440000,0.01450000,3365276.10000000,1764755999999,48648.11447000,211
1764756000000,0.01450000,0.01460000,0.01420000,0.01420000,11516778.70000000,1764759599999,165256.89477000,432
1764759600000,0.01420000,0.01430000,0.01410000,0.01420000,4244301.70000000,1764763199999,60228.16063000,318
1764763200000,0.01420000,0.01440000,0.01410000,0.01430000,4936617.90000000,1764766799999,69989.18387000,323
1764766800000,0.01430000,0.01450000,0.01420000,0.01440000,8143331.20000000,1764770399999,116895.51022000,493
1764770400000,0.01430000,0.01460000,0.01400000,0.01430000,14778289.90000000,1764773999999,210900.29659000,1127
1764774000000,0.01430000,0.01440000,0.01410000,0.01430000,8120726.90000000,1764777599999,115721.24250000,628
1764777600000,0.01430000,0.01440000,0.01410000,0.01430000,6349845.20000000,1764781199999,90421.43877000,587
1764781200000,0.01420000,0.01450000,0.01410000,0.01440000,6726986.20000000,1764784799999,96484.06072000,506
1764784800000,0.01430000,0.01450000,0.01430000,0.01430000,3515056.40000000,1764788399999,50476.93983000,332
1764788400000,0.01440000,0.01480000,0.01430000,0.01480000,8195701.60000000,1764791999999,119988.13285000,590
1764792000000,0.01480000,0.01480000,0.01450000,0.01460000,3967754.20000000,1764795599999,57995.46829000,343
1764795600000,0.01450000,0.01470000,0.01450000,0.01470000,5330311.50000000,1764799199999,77523.10362000,284
1764799200000,0.01460000,0.01480000,0.01450000,0.01470000,4849693.40000000,1764802799999,71140.36709000,349
1764802800000,0.01470000,0.01480000,0.01450000,0.01460000,4607022.30000000,1764806399999,67428.81233000,319
1764806400000,0.01450000,0.01460000,0.01430000,0.01450000,7538487.90000000,1764809999999,108987.86925000,567
1764810000000,0.01440000,0.01460000,0.01440000,0.01440000,6666221.30000000,1764813599999,96569.77353000,495
1764813600000,0.01430000,0.01450000,0.01430000,0.01450000,2848706.60000000,1764817199999,40981.63918000,164
1764817200000,0.01450000,0.01460000,0.01440000,0.01450000,3495904.80000000,1764820799999,50586.91904000,335
1764820800000,0.01450000,0.01530000,0.01440000,0.01500000,15032533.00000000,1764824399999,224776.53650000,1149
1764824400000,0.01500000,0.01540000,0.01470000,0.01490000,13839753.10000000,1764827999999,208754.31668000,1185
1764828000000,0.01490000,0.01490000,0.01460000,0.01470000,5221697.40000000,1764831599999,76964.25528000,468
1764831600000,0.01470000,0.01490000,0.01450000,0.01490000,4820653.80000000,1764835199999,70625.14708000,452
1764835200000,0.01490000,0.01530000,0.01480000,0.01500000,17122737.40000000,1764838799999,257236.45854000,1177
1764838800000,0.01500000,0.01530000,0.01480000,0.01510000,11434641.90000000,1764842399999,172217.41211000,778
1764842400000,0.01510000,0.01510000,0.01490000,0.01490000,3518316.70000000,1764845999999,52747.50838000,574
1764846000000,0.01500000,0.01530000,0.01480000,0.01530000,7449227.90000000,1764849599999,111836.69739000,919
1764849600000,0.01530000,0.01620000,0.01500000,0.01600000,34687935.50000000,1764853199999,546188.64122000,2629
1764853200000,0.01600000,0.01830000,0.01570000,0.01780000,153601587.20000000,1764856799999,2632707.64964000,11737
1764856800000,0.01780000,0.01820000,0.01650000,0.01690000,73123517.90000000,1764860399999,1244921.91512000,5447
1764860400000,0.01700000,0.01770000,0.01670000,0.01690000,47135312.70000000,1764863999999,810677.61094000,3330
1764864000000,0.01680000,0.01700000,0.01640000,0.01640000,22090248.60000000,1764867599999,368460.83397000,1680
1764867600000,0.01640000,0.01660000,0.01610000,0.01630000,20212406.20000000,1764871199999,329796.93582000,1360
1764871200000,0.01640000,0.01710000,0.01580000,0.01690000,53554744.30000000,1764874799999,880905.64173000,3447
1764874800000,0.01690000,0.01700000,0.01570000,0.01590000,34635493.50000000,1764878399999,560198.47035000,2049
1764878400000,0.01580000,0.01590000,0.01540000,0.01550000,23336196.10000000,1764881999999,365442.86047000,1542
1764882000000,0.01550000,0.01560000,0.01530000,0.01530000,9388831.70000000,1764885599999,144932.59443000,597
1764885600000,0.01540000,0.01550000,0.01530000,0.01540000,8254060.70000000,1764889199999,127143.93067000,417
1764889200000,0.01540000,0.01580000,0.01530000,0.01570000,10764880.90000000,1764892799999,167845.81083000,648
1764892800000,0.01570000,0.01580000,0.01530000,0.01570000,13644689.60000000,1764896399999,212645.25893000,936
1764896400000,0.01570000,0.01620000,0.01560000,0.01600000,20741347.90000000,1764899999999,331089.58828000,1225
1764900000000,0.01600000,0.01660000,0.01590000,0.01610000,26947566.50000000,1764903599999,438392.98794000,1664
1764903600000,0.01620000,0.01660000,0.01580000,0.01620000,19619733.50000000,1764907199999,317435.04458000,1580
1764907200000,0.01620000,0.01650000,0.01600000,0.01600000,15695783.30000000,1764910799999,254701.65997000,991
1764910800000,0.01600000,0.01620000,0.01550000,0.01580000,12465101.50000000,1764914399999,197173.43469000,727
1764914400000,0.01580000,0.01590000,0.01550000,0.01570000,10131883.30000000,1764917999999,159065.19836000,632
1764918000000,0.01560000,0.01580000,0.01540000,0.01540000,9661175.30000000,1764921599999,150867.19789000,634
1764921600000,0.01540000,0.01550000,0.01480000,0.01500000,14295976.70000000,1764925199999,215429.30306000,875
1764925200000,0.01490000,0.01510000,0.01480000,0.01490000,11272921.10000000,1764928799999,168174.64612000,619
1764928800000,0.01490000,0.01520000,0.01480000,0.01500000,8889974.80000000,1764932399999,133487.81260000,468
1764932400000,0.01500000,0.01510000,0.01480000,0.01480000,10842440.60000000,1764935999999,161814.94392000,584
1764936000000,0.01480000,0.01500000,0.01470000,0.01500000,6475262.00000000,1764939599999,96664.05496000,280
1764939600000,0.01500000,0.01510000,0.01460000,0.01460000,18633470.40000000,1764943199999,278117.07993000,968
1764943200000,0.01470000,0.01490000,0.01460000,0.01470000,6556809.00000000,1764946799999,96453.26081000,478
1764946800000,0.01470000,0.01500000,0.01450000,0.01450000,17186242.10000000,1764950399999,253993.97132000,906
1764950400000,0.01450000,0.01460000,0.01390000,0.01410000,31097517.10000000,1764953999999,441124.64187000,1606
1764954000000,0.01410000,0.01420000,0.01390000,0.01410000,9838355.20000000,1764957599999,138260.59099000,513
1764957600000,0.01410000,0.01430000,0.01380000,0.01390000,10057506.60000000,1764961199999,140854.54209000,576
1764961200000,0.01390000,0.01410000,0.01370000,0.01400000,5768625.90000000,1764964799999,80062.92126000,390
1764964800000,0.01400000,0.01400000,0.01380000,0.01390000,5545977.10000000,1764968399999,77126.41519000,288
1764968400000,0.01390000,0.01410000,0.01390000,0.01400000,2946350.10000000,1764971999999,41205.08249000,191
1764972000000,0.01410000,0.01430000,0.01390000,0.01420000,7290624.00000000,1764975599999,102873.53613000,264
1764975600000,0.01420000,0.01430000,0.01410000,0.01420000,4239167.70000000,1764979199999,60235.49480000,226
1764979200000,0.01410000,0.01430000,0.01400000,0.01410000,4511407.60000000,1764982799999,63712.99779000,214
1764982800000,0.01400000,0.01420000,0.01400000,0.01400000,1278077.40000000,1764986399999,17998.96319000,121
1764986400000,0.01400000,0.01420000,0.01400000,0.01410000,1250252.30000000,1764989999999,17634.28468000,123
1764990000000,0.01410000,0.01430000,0.01400000,0.01420000,4127297.70000000,1764993599999,58438.05888000,275
1764993600000,0.01410000,0.01420000,0.01400000,0.01400000,3604217.20000000,1764997199999,50944.79724000,233
1764997200000,0.01410000,0.01410000,0.01400000,0.01400000,846985.80000000,1765000799999,11876.65257000,146
1765000800000,0.01400000,0.01420000,0.01390000,0.01410000,4683389.50000000,1765004399999,65673.72611000,235
1765004400000,0.01410000,0.01410000,0.01390000,0.01390000,6595505.00000000,1765007999999,92743.55612000,329
1765008000000,0.01390000,0.01390000,0.01370000,0.01370000,8743846.50000000,1765011599999,120717.23615000,366
1765011600000,0.01370000,0.01390000,0.01370000,0.01370000,6610602.80000000,1765015199999,90930.15950000,250
1765015200000,0.01380000,0.01390000,0.01370000,0.01370000,3944452.20000000,1765018799999,54372.44132000,305
1765018800000,0.01380000,0.01390000,0.01370000,0.01380000,7715355.20000000,1765022399999,106214.49294000,258
1765022400000,0.01370000,0.01390000,0.01370000,0.01370000,8120796.80000000,1765025999999,111973.35021000,346
1765026000000,0.01380000,0.01380000,0.01370000,0.01380000,5458029.60000000,1765029599999,75257.48078000,256
1765029600000,0.01380000,0.01400000,0.01370000,0.01400000,5980020.60000000,1765033199999,82904.96144000,364
1765033200000,0.01400000,0.01410000,0.01380000,0.01400000,11243893.70000000,1765036799999,156679.89446000,538
1765036800000,0.01400000,0.01460000,0.01400000,0.01440000,14575967.40000000,1765040399999,207860.61143000,825
1765040400000,0.01440000,0.01460000,0.01420000,0.01450000,10867889.40000000,1765043999999,156342.52705000,551
1765044000000,0.01450000,0.01460000,0.01410000,0.01410000,10700080.90000000,1765047599999,153258.14054000,491
1765047600000,0.01410000,0.01420000,0.01390000,0.01400000,7299806.40000000,1765051199999,102836.99847000,319
1765051200000,0.01400000,0.01410000,0.01390000,0.01400000,7776018.10000000,1765054799999,109019.54419000,383
1765054800000,0.01400000,0.01420000,0.01400000,0.01410000,9486090.80000000,1765058399999,133964.41787000,350
1765058400000,0.01410000,0.01430000,0.01410000,0.01420000,2026470.40000000,1765061999999,28688.90325000,78
1765062000000,0.01420000,0.01430000,0.01400000,0.01410000,4586291.30000000,1765065599999,64882.15177000,188
1765065600000,0.01410000,0.01510000,0.01410000,0.01460000,27247490.00000000,1765069199999,399821.07225000,1227
1765069200000,0.01460000,0.02360000,0.01460000,0.01730000,400561618.90000000,1765072799999,7119308.78489000,37995
1765072800000,0.01740000,0.01740000,0.01600000,0.01660000,62395350.80000000,1765076399999,1038292.05117000,6397
1765076400000,0.01660000,0.01730000,0.01620000,0.01630000,37283347.60000000,1765079999999,622436.33634000,3557
1765080000000,0.01630000,0.01830000,0.01600000,0.01750000,70675974.70000000,1765083599999,1217659.39017000,6286
1765083600000,0.01740000,0.01860000,0.01680000,0.01700000,63212245.80000000,1765087199999,1113557.04832000,6491
1765087200000,0.01710000,0.01720000,0.01640000,0.01670000,29400306.90000000,1765090799999,496219.78132000,3019
1765090800000,0.01670000,0.01740000,0.01640000,0.01710000,38770233.40000000,1765094399999,657296.44453000,3301
1765094400000,0.01710000,0.01970000,0.01680000,0.01890000,158455542.60000000,1765097999999,2956095.13214000,15313
1765098000000,0.01890000,0.01950000,0.01780000,0.01900000,70078520.30000000,1765101599999,1308853.59478000,6655
1765101600000,0.01890000,0.01920000,0.01770000,0.01910000,60667456.40000000,1765105199999,1117145.82482000,4660
1765105200000,0.01920000,0.01940000,0.01830000,0.01900000,42649426.20000000,1765108799999,804352.39927000,4064
1765108800000,0.01900000,0.01900000,0.01680000,0.01740000,63023467.30000000,1765112399999,1116556.39296000,5049
1765112400000,0.01750000,0.01760000,0.01680000,0.01730000,42357051.10000000,1765115999999,727389.00143000,3272
1765116000000,0.01730000,0.01750000,0.01650000,0.01710000,35238887.10000000,1765119599999,597482.93850000,3033
1765119600000,0.01710000,0.01740000,0.01620000,0.01640000,27805498.20000000,1765123199999,465687.51431000,2464
1765123200000,0.01640000,0.01660000,0.01620000,0.01640000,22845612.50000000,1765126799999,374880.23664000,1643
1765126800000,0.01640000,0.01710000,0.01640000,0.01680000,20992349.80000000,1765130399999,352975.80539000,1494
1765130400000,0.01680000,0.01740000,0.01670000,0.01730000,26284758.90000000,1765133999999,450628.06641000,1881
1765134000000,0.01720000,0.01830000,0.01710000,0.01790000,40079555.10000000,1765137599999,709279.38460000,2711
1765137600000,0.01790000,0.01820000,0.01720000,0.01730000,33323652.50000000,1765141199999,590804.55368000,2618
1765141200000,0.01730000,0.01780000,0.01680000,0.01710000,24347981.60000000,1765144799999,421065.96554000,1696
1765144800000,0.01700000,0.01740000,0.01660000,0.01710000,19878283.20000000,1765148399999,338867.95172000,1410
1765148400000,0.01710000,0.01760000,0.01680000,0.01690000,15840244.20000000,1765151999999,271992.48456000,1322
1765152000000,0.01700000,0.01700000,0.01610000,0.01630000,26374678.20000000,1765155599999,435659.06433000,1854
1765155600000,0.01630000,0.01670000,0.01620000,0.01650000,14637246.70000000,1765159199999,241300.00152000,1279
1765159200000,0.01650000,0.01660000,0.01630000,0.01640000,13594610.00000000,1765162799999,223216.39499000,1259
1765162800000,0.01640000,0.01660000,0.01540000,0.01570000,27360771.20000000,1765166399999,434282.41678000,2028
1765166400000,0.01570000,0.01600000,0.01560000,0.01600000,16086565.00000000,1765169999999,254313.17517000,956
1765170000000,0.01600000,0.01600000,0.01550000,0.01550000,21971549.60000000,1765173599999,344167.83855000,1238
1765173600000,0.01560000,0.01580000,0.01550000,0.01560000,9409617.60000000,1765177199999,147479.42070000,567
1765177200000,0.01570000,0.01580000,0.01550000,0.01560000,11468304.00000000,1765180799999,179327.95151000,743
1765180800000,0.01560000,0.01630000,0.01550000,0.01620000,33112496.60000000,1765184399999,528978.82336000,2016
1765184400000,0.01610000,0.01630000,0.01580000,0.01590000,25581173.90000000,1765187999999,408738.47371000,1241
1765188000000,0.01590000,0.01620000,0.01590000,0.01610000,10593388.30000000,1765191599999,170096.48161000,653
1765191600000,0.01610000,0.01630000,0.01600000,0.01600000,5458835.40000000,1765195199999,87960.26339000,647
1765195200000,0.01600000,0.01600000,0.01570000,0.01600000,12627261.20000000,1765198799999,200574.64267000,970
1765198800000,0.01600000,0.01600000,0.01570000,0.01580000,5943670.00000000,1765202399999,94307.56523000,394
1765202400000,0.01580000,0.01600000,0.01570000,0.01580000,7230823.40000000,1765205999999,114628.67806000,563
1765206000000,0.01570000,0.01580000,0.01550000,0.01570000,15283030.90000000,1765209599999,239203.12676000,905
1765209600000,0.01570000,0.01590000,0.01530000,0.01530000,15869076.70000000,1765213199999,248531.01023000,1259
1765213200000,0.01530000,0.01540000,0.01510000,0.01530000,12044519.70000000,1765216799999,183900.02861000,916
1765216800000,0.01530000,0.01530000,0.01510000,0.01520000,6418451.10000000,1765220399999,97781.05247000,374
1765220400000,0.01520000,0.01530000,0.01500000,0.01520000,11387337.00000000,1765223999999,172714.95961000,800
1765224000000,0.01520000,0.01550000,0.01520000,0.01530000,7721561.10000000,1765227599999,118554.98499000,539
1765227600000,0.01530000,0.01540000,0.01520000,0.01530000,4868058.30000000,1765231199999,74604.69895000,369
1765231200000,0.01530000,0.01550000,0.01520000,0.01530000,6017217.80000000,1765234799999,92446.10188000,604
1765234800000,0.01530000,0.01550000,0.01520000,0.01550000,3607030.10000000,1765238399999,55289.67486000,363
1765238400000,0.01550000,0.01550000,0.01530000,0.01540000,5683844.30000000,1765241999999,87483.56081000,513
1765242000000,0.01540000,0.01600000,0.01540000,0.01590000,12085523.50000000,1765245599999,190710.84348000,966
1765245600000,0.01580000,0.01650000,0.01580000,0.01630000,20171448.40000000,1765249199999,325985.77851000,1848
1765249200000,0.01630000,0.01740000,0.01620000,0.01710000,32751643.10000000,1765252799999,550612.65476000,2638
1765252800000,0.01700000,0.01730000,0.01630000,0.01670000,26026428.00000000,1765256399999,434271.58320000,2382
1765256400000,0.01670000,0.01680000,0.01630000,0.01630000,21105447.60000000,1765259999999,349198.26490000,2143
1765260000000,0.01630000,0.01640000,0.01590000,0.01600000,17423078.50000000,1765263599999,280063.60932000,1539
1765263600000,0.01600000,0.01650000,0.01590000,0.01620000,13913099.80000000,1765267199999,226378.99222000,1008
1765267200000,0.01620000,0.01630000,0.01560000,0.01570000,20101172.90000000,1765270799999,321608.91204000,1072
1765270800000,0.01570000,0.01580000,0.01550000,0.01570000,4589435.50000000,1765274399999,71873.33852000,276
1765274400000,0.01570000,0.01580000,0.01550000,0.01560000,5653128.00000000,1765277999999,88641.60511000,397
1765278000000,0.01560000,0.01570000,0.01550000,0.01550000,8017270.40000000,1765281599999,124924.00414000,515
1765281600000,0.01550000,0.01570000,0.01520000,0.01530000,10232298.40000000,1765285199999,158288.07162000,420
1765285200000,0.01540000,0.01550000,0.01530000,0.01530000,7853796.80000000,1765288799999,120885.62005000,525
1765288800000,0.01530000,0.01540000,0.01500000,0.01510000,15827935.20000000,1765292399999,240473.39692000,719
1765292400000,0.01520000,0.01570000,0.01510000,0.01560000,18643546.20000000,1765295999999,286602.59689000,1160
1765296000000,0.01560000,0.01610000,0.01550000,0.01600000,24496331.50000000,1765299599999,388261.36364000,1653
1765299600000,0.01590000,0.01600000,0.01580000,0.01580000,10020207.30000000,1765303199999,159286.74352000,612
1765303200000,0.01580000,0.01590000,0.01560000,0.01560000,6008476.30000000,1765306799999,94682.20637000,447
1765306800000,0.01570000,0.01570000,0.01550000,0.01570000,7925924.40000000,1765310399999,123942.87098000,560
1765310400000,0.01560000,0.01560000,0.01530000,0.01530000,7167649.70000000,1765313999999,110656.70553000,474
1765314000000,0.01540000,0.01540000,0.01510000,0.01520000,8936834.20000000,1765317599999,136128.80778000,538
1765317600000,0.01520000,0.01550000,0.01520000,0.01550000,7332420.20000000,1765321199999,112651.75318000,444
1765321200000,0.01540000,0.01550000,0.01520000,0.01540000,7726834.10000000,1765324799999,119143.52704000,383
1765324800000,0.01540000,0.01550000,0.01530000,0.01530000,7641633.20000000,1765328399999,117371.23937000,568
1765328400000,0.01540000,0.01540000,0.01530000,0.01530000,2449169.50000000,1765331999999,37517.18180000,144
1765332000000,0.01540000,0.01570000,0.01530000,0.01570000,9526326.80000000,1765335599999,148393.08857000,686
1765335600000,0.01570000,0.01620000,0.01570000,0.01590000,14449997.30000000,1765339199999,230009.70166000,888
1765339200000,0.01590000,0.01590000,0.01550000,0.01560000,11064377.50000000,1765342799999,173278.63140000,547
1765342800000,0.01560000,0.01560000,0.01540000,0.01540000,5851253.50000000,1765346399999,90843.52130000,348
1765346400000,0.01540000,0.01570000,0.01540000,0.01550000,6728850.80000000,1765349999999,104750.04814000,360
1765350000000,0.01550000,0.01580000,0.01540000,0.01560000,11533568.30000000,1765353599999,180579.80483000,708
1765353600000,0.01570000,0.01570000,0.01550000,0.01560000,7095032.30000000,1765357199999,110754.99975000,484
1765357200000,0.01560000,0.01570000,0.01550000,0.01550000,5101210.10000000,1765360799999,79656.07931000,374
1765360800000,0.01550000,0.01560000,0.01510000,0.01510000,15312488.00000000,1765364399999,234417.73629000,886
1765364400000,0.01510000,0.01520000,0.01510000,0.01510000,5222947.80000000,1765367999999,79373.81297000,338
1765368000000,0.01510000,0.01530000,0.01510000,0.01520000,4320515.50000000,1765371599999,65494.71766000,222
1765371600000,0.01520000,0.01530000,0.01500000,0.01530000,10961960.90000000,1765375199999,166105.55760000,543
1765375200000,0.01540000,0.01540000,0.01500000,0.01500000,9711383.60000000,1765378799999,147787.01241000,538
1765378800000,0.01500000,0.01530000,0.01500000,0.01510000,8211506.90000000,1765382399999,123966.23042000,462
1765382400000,0.01500000,0.01520000,0.01500000,0.01500000,7607354.00000000,1765385999999,114583.05855000,443
1765386000000,0.01510000,0.01530000,0.01500000,0.01510000,2256244.70000000,1765389599999,34215.47400000,210
1765389600000,0.01520000,0.01530000,0.01480000,0.01490000,17174826.70000000,1765393199999,259336.98736000,845
1765393200000,0.01490000,0.01520000,0.01470000,0.01510000,22310253.50000000,1765396799999,335306.15743000,1311
1765396800000,0.01500000,0.01530000,0.01490000,0.01490000,17781118.60000000,1765400399999,268837.92548000,775
1765400400000,0.01490000,0.01500000,0.01480000,0.01490000,7129878.10000000,1765403999999,106217.27792000,585
1765404000000,0.01480000,0.01500000,0.01480000,0.01490000,7399389.60000000,1765407599999,110027.78640000,546
1765407600000,0.01490000,0.01500000,0.01480000,0.01480000,1971123.30000000,1765411199999,29277.79107000,158
1765411200000,0.01470000,0.01480000,0.01440000,0.01450000,12774166.50000000,1765414799999,186125.48087000,695
1765414800000,0.01450000,0.01460000,0.01440000,0.01450000,8726664.00000000,1765418399999,126647.33707000,495
1765418400000,0.01450000,0.01460000,0.01430000,0.01430000,5660847.40000000,1765421999999,81770.65993000,337
1765422000000,0.01430000,0.01440000,0.01420000,0.01430000,9125836.00000000,1765425599999,130510.34189000,518
1765425600000,0.01420000,0.01440000,0.01420000,0.01440000,4133176.20000000,1765429199999,59016.36208000,298
1765429200000,0.01430000,0.01470000,0.01430000,0.01460000,4285149.00000000,1765432799999,62024.20500000,315
1765432800000,0.01460000,0.01460000,0.01440000,0.01450000,3274700.90000000,1765436399999,47389.33621000,197
1765436400000,0.01440000,0.01450000,0.01440000,0.01450000,673622.80000000,1765439999999,9716.30298000,90
1765440000000,0.01440000,0.01460000,0.01440000,0.01450000,5616030.00000000,1765443599999,81202.33881000,371
1765443600000,0.01440000,0.01450000,0.01430000,0.01440000,1902617.30000000,1765447199999,27450.18058000,215
1765447200000,0.01430000,0.01440000,0.01420000,0.01440000,2710047.90000000,1765450799999,38766.67609000,198
1765450800000,0.01440000,0.01450000,0.01420000,0.01440000,4454963.70000000,1765454399999,63814.39738000,351
1765454400000,0.01430000,0.01430000,0.01410000,0.01430000,4610456.60000000,1765457999999,65746.04625000,276
1765458000000,0.01430000,0.01440000,0.01410000,0.01420000,5794197.30000000,1765461599999,82719.29221000,290
1765461600000,0.01420000,0.01430000,0.01410000,0.01420000,9087617.80000000,1765465199999,128897.34913000,639
1765465200000,0.01420000,0.01440000,0.01410000,0.01430000,4929888.60000000,1765468799999,70550.71440000,375
1765468800000,0.01430000,0.01440000,0.01420000,0.01430000,3498832.40000000,1765472399999,49910.01753000,197
1765472400000,0.01420000,0.01440000,0.01420000,0.01430000,3224317.70000000,1765475999999,46067.85119000,210
1765476000000,0.01420000,0.01450000,0.01420000,0.01430000,2342236.20000000,1765479599999,33638.02741000,128
1765479600000,0.01440000,0.01450000,0.01430000,0.01430000,3981139.60000000,1765483199999,57371.68158000,225
1765483200000,0.01430000,0.01450000,0.01430000,0.01440000,2359977.30000000,1765486799999,33875.29491000,159
1765486800000,0.01450000,0.01470000,0.01450000,0.01460000,6451853.40000000,1765490399999,94201.00757000,416
1765490400000,0.01460000,0.01470000,0.01440000,0.01440000,1971420.80000000,1765493999999,28624.20408000,102
1765494000000,0.01440000,0.01460000,0.01440000,0.01460000,432253.10000000,1765497599999,6292.05928000,38
1765497600000,0.01450000,0.01470000,0.01430000,0.01430000,4442701.20000000,1765501199999,64699.18482000,293
1765501200000,0.01430000,0.01540000,0.01430000,0.01510000,20035952.90000000,1765504799999,297431.52904000,1019
1765504800000,0.01510000,0.01580000,0.01510000,0.01520000,13786042.60000000,1765508399999,212937.42948000,1070
1765508400000,0.01530000,0.01560000,0.01500000,0.01550000,8340995.70000000,1765511999999,126632.25837000,689
1765512000000,0.01550000,0.01580000,0.01510000,0.01510000,15359538.50000000,1765515599999,237474.37700000,828
1765515600000,0.01510000,0.01540000,0.01510000,0.01520000,5647828.30000000,1765519199999,86149.82701000,409
1765519200000,0.01520000,0.01530000,0.01500000,0.01500000,4213404.80000000,1765522799999,63946.35707000,270
1765522800000,0.01500000,0.01520000,0.01500000,0.01510000,3573319.90000000,1765526399999,53725.86254000,185
1765526400000,0.01510000,0.01520000,0.01480000,0.01480000,11615112.30000000,1765529999999,173914.82669000,394
1765530000000,0.01490000,0.01500000,0.01470000,0.01490000,5432849.50000000,1765533599999,80518.54012000,420
1765533600000,0.01490000,0.01520000,0.01490000,0.01490000,4335313.30000000,1765537199999,65170.30081000,254
1765537200000,0.01480000,0.01500000,0.01480000,0.01480000,5015545.00000000,1765540799999,74651.93350000,301
1765540800000,0.01480000,0.01500000,0.01480000,0.01500000,3233047.40000000,1765544399999,48122.27430000,219
1765544400000,0.01490000,0.01500000,0.01470000,0.01490000,8545486.30000000,1765547999999,126355.76507000,487
1765548000000,0.01480000,0.01490000,0.01470000,0.01480000,3879518.30000000,1765551599999,57306.31649000,292
1765551600000,0.01480000,0.01480000,0.01420000,0.01440000,11789695.80000000,1765555199999,170989.25877000,942
1765555200000,0.01420000,0.01450000,0.01410000,0.01430000,11815915.70000000,1765558799999,169474.54965000,786
1765558800000,0.01430000,0.01450000,0.01430000,0.01450000,8144675.30000000,1765562399999,117272.69367000,421
1765562400000,0.01440000,0.01460000,0.01440000,0.01450000,4041686.20000000,1765565999999,58483.03560000,245
1765566000000,0.01450000,0.01450000,0.01430000,0.01430000,1285988.40000000,1765569599999,18507.01629000,95
1765569600000,0.01440000,0.01440000,0.01420000,0.01440000,2726064.80000000,1765573199999,39169.38424000,172
1765573200000,0.01430000,0.01450000,0.01430000,0.01450000,1151254.30000000,1765576799999,16589.84735000,93
1765576800000,0.01450000,0.01460000,0.01440000,0.01460000,2007029.20000000,1765580399999,29206.36005000,251
1765580400000,0.01460000,0.01460000,0.01450000,0.01460000,361259.40000000,1765583999999,5258.51532000,149
1765584000000,0.01450000,0.01470000,0.01450000,0.01460000,4121544.50000000,1765587599999,60159.12594000,231
1765587600000,0.01470000,0.01480000,0.01460000,0.01460000,2617166.80000000,1765591199999,38422.79342000,184
1765591200000,0.01460000,0.01470000,0.01460000,0.01470000,1031657.10000000,1765594799999,15075.78623000,69
1765594800000,0.01460000,0.01480000,0.01460000,0.01480000,1860753.10000000,1765598399999,27360.54230000,75
1765598400000,0.01470000,0.01490000,0.01470000,0.01490000,1288083.90000000,1765601999999,18966.87950000,99
1765602000000,0.01480000,0.01490000,0.01470000,0.01490000,1936926.50000000,1765605599999,28704.27834000,104
1765605600000,0.01490000,0.01500000,0.01470000,0.01490000,3632222.20000000,1765609199999,53916.01798000,181
1765609200000,0.01490000,0.01500000,0.01480000,0.01500000,4802010.70000000,1765612799999,71485.14883000,269
1765612800000,0.01490000,0.01500000,0.01470000,0.01490000,3577309.40000000,1765616399999,53099.37560000,261
1765616400000,0.01480000,0.01490000,0.01470000,0.01470000,2903729.30000000,1765619999999,42875.48024000,89
1765620000000,0.01470000,0.01480000,0.01460000,0.01460000,3414095.30000000,1765623599999,50166.62337000,160
1765623600000,0.01460000,0.01470000,0.01440000,0.01450000,5624767.90000000,1765627199999,81821.98891000,245
1765627200000,0.01440000,0.01470000,0.01440000,0.01460000,3219685.80000000,1765630799999,46896.31807000,213
1765630800000,0.01460000,0.01480000,0.01460000,0.01460000,7733909.40000000,1765634399999,113877.58607000,307
1765634400000,0.01460000,0.01470000,0.01440000,0.01450000,3468808.50000000,1765637999999,50497.29644000,209
1765638000000,0.01450000,0.01480000,0.01450000,0.01460000,6261079.90000000,1765641599999,91845.20818000,201
1765641600000,0.01470000,0.01480000,0.01460000,0.01470000,5069566.90000000,1765645199999,74516.60907000,268
1765645200000,0.01480000,0.01480000,0.01460000,0.01460000,3273030.00000000,1765648799999,48093.79134000,153
1765648800000,0.01460000,0.01480000,0.01460000,0.01470000,930225.70000000,1765652399999,13673.53282000,52
1765652400000,0.01480000,0.01480000,0.01470000,0.01470000,1501738.70000000,1765655999999,22198.24339000,87
1765656000000,0.01470000,0.01500000,0.01460000,0.01500000,5064971.80000000,1765659599999,75122.67212000,254
1765659600000,0.01490000,0.01500000,0.01470000,0.01480000,1574616.40000000,1765663199999,23356.48523000,93
1765663200000,0.01480000,0.01490000,0.01470000,0.01480000,5204687.90000000,1765666799999,77035.79783000,191
1765666800000,0.01470000,0.01480000,0.01470000,0.01470000,832518.60000000,1765670399999,12317.13865000,37
1765670400000,0.01470000,0.01480000,0.01470000,0.01470000,1111394.80000000,1765673999999,16350.95945000,60
1765674000000,0.01470000,0.01490000,0.01470000,0.01470000,1538179.70000000,1765677599999,22759.51376000,80
1765677600000,0.01480000,0.01480000,0.01460000,0.01470000,2478742.60000000,1765681199999,36432.93326000,117
1765681200000,0.01460000,0.01470000,0.01460000,0.01460000,193917.30000000,1765684799999,2832.91367000,44
1765684800000,0.01470000,0.01470000,0.01440000,0.01460000,3295979.30000000,1765688399999,47856.74837000,151
1765688400000,0.01450000,0.01460000,0.01430000,0.01440000,3402034.20000000,1765691999999,49154.57536000,174
1765692000000,0.01430000,0.01450000,0.01420000,0.01450000,6207707.40000000,1765695599999,89297.73034000,304
1765695600000,0.01440000,0.01450000,0.01430000,0.01450000,1971895.80000000,1765699199999,28504.32622000,97
1765699200000,0.01450000,0.01460000,0.01440000,0.01440000,4639328.70000000,1765702799999,67596.25638000,179
1765702800000,0.01440000,0.01450000,0.01430000,0.01430000,3655307.00000000,1765706399999,52625.11655000,223
1765706400000,0.01430000,0.01440000,0.01420000,0.01430000,3695249.30000000,1765709999999,52799.18692000,152
1765710000000,0.01440000,0.01440000,0.01420000,0.01430000,6412299.80000000,1765713599999,91278.06964000,277
1765713600000,0.01430000,0.01450000,0.01420000,0.01450000,5256695.30000000,1765717199999,75295.92786000,235
1765717200000,0.01440000,0.01450000,0.01440000,0.01440000,2964522.20000000,1765720799999,42880.74324000,138
1765720800000,0.01440000,0.01460000,0.01430000,0.01440000,2714345.60000000,1765724399999,39245.46569000,128
1765724400000,0.01430000,0.01460000,0.01430000,0.01450000,2889674.40000000,1765727999999,41776.42979000,194
1765728000000,0.01450000,0.01480000,0.01450000,0.01470000,10422761.70000000,1765731599999,152229.03947000,442
1765731600000,0.01480000,0.01480000,0.01450000,0.01450000,9936667.10000000,1765735199999,145601.42143000,475
1765735200000,0.01450000,0.01470000,0.01450000,0.01460000,3840268.70000000,1765738799999,56052.51716000,203
1765738800000,0.01450000,0.01460000,0.01430000,0.01440000,4704159.60000000,1765742399999,67969.11121000,222
1765742400000,0.01430000,0.01450000,0.01420000,0.01430000,6984639.20000000,1765745999999,100118.01562000,321
1765746000000,0.01420000,0.01430000,0.01410000,0.01420000,2327455.90000000,1765749599999,33105.97114000,143
1765749600000,0.01420000,0.01430000,0.01410000,0.01420000,2219936.40000000,1765753199999,31534.19260000,119
1765753200000,0.01420000,0.01430000,0.01400000,0.01410000,5452823.30000000,1765756799999,76826.19427000,296
1765756800000,0.01400000,0.01420000,0.01390000,0.01400000,6606350.20000000,1765760399999,92380.28590000,382
1765760400000,0.01410000,0.01430000,0.01400000,0.01420000,4018287.40000000,1765763999999,56768.46902000,310
1765764000000,0.01430000,0.01450000,0.01420000,0.01430000,5635764.80000000,1765767599999,80766.02631000,299
1765767600000,0.01420000,0.01440000,0.01410000,0.01420000,7186587.50000000,1765771199999,102443.46328000,357
1765771200000,0.01420000,0.01440000,0.01420000,0.01440000,3648212.30000000,1765774799999,52330.74110000,199
1765774800000,0.01440000,0.01450000,0.01430000,0.01440000,2764278.70000000,1765778399999,39785.32051000,178
1765778400000,0.01430000,0.01440000,0.01420000,0.01430000,4276587.00000000,1765781999999,61156.10305000,186
1765782000000,0.01430000,0.01450000,0.01420000,0.01440000,11186153.10000000,1765785599999,160168.87208000,444
1765785600000,0.01430000,0.01480000,0.01430000,0.01460000,7028562.20000000,1765789199999,102495.90651000,465
1765789200000,0.01470000,0.01580000,0.01460000,0.01520000,49972948.00000000,1765792799999,764204.48057000,3358
1765792800000,0.01520000,0.01550000,0.01490000,0.01490000,18537493.70000000,1765796399999,280695.05731000,1338
1765796400000,0.01500000,0.01520000,0.01470000,0.01490000,15323276.10000000,1765799999999,228921.45362000,843
1765800000000,0.01490000,0.01500000,0.01460000,0.01490000,9387122.00000000,1765803599999,138851.95757000,437
1765803600000,0.01490000,0.01500000,0.01460000,0.01470000,13470530.40000000,1765807199999,199351.65625000,743
1765807200000,0.01480000,0.01480000,0.01430000,0.01450000,13538418.90000000,1765810799999,196502.13115000,793
1765810800000,0.01440000,0.01460000,0.01420000,0.01440000,22942480.00000000,1765814399999,329457.27084000,1015
1765814400000,0.01440000,0.01460000,0.01430000,0.01430000,10956652.50000000,1765817999999,157948.19024000,737
1765818000000,0.01430000,0.01440000,0.01410000,0.01420000,14644890.40000000,1765821599999,208357.11996000,571
1765821600000,0.01420000,0.01430000,0.01400000,0.01430000,21288454.10000000,1765825199999,301910.68583000,1070
1765825200000,0.01430000,0.01450000,0.01400000,0.01400000,18015797.10000000,1765828799999,257260.77542000,982
1765828800000,0.01400000,0.01400000,0.01370000,0.01390000,14894743.30000000,1765832399999,206606.27936000,784
1765832400000,0.01380000,0.01410000,0.01380000,0.01410000,6847287.40000000,1765835999999,95793.81937000,322
1765836000000,0.01410000,0.01420000,0.01400000,0.01410000,11222416.10000000,1765839599999,157661.77993000,491
1765839600000,0.01420000,0.01460000,0.01410000,0.01460000,23195824.50000000,1765843199999,334896.85403000,1036
1765843200000,0.01450000,0.01480000,0.01440000,0.01460000,19455363.10000000,1765846799999,284652.80090000,902
1765846800000,0.01460000,0.01490000,0.01450000,0.01490000,9149909.80000000,1765850399999,134828.28382000,515
1765850400000,0.01490000,0.01540000,0.01490000,0.01520000,20274231.40000000,1765853999999,307226.31033000,1071
1765854000000,0.01510000,0.01510000,0.01460000,0.01470000,15721246.60000000,1765857599999,234033.61650000,756
1765857600000,0.01470000,0.01500000,0.01460000,0.01490000,10347114.10000000,1765861199999,152739.04963000,684
1765861200000,0.01490000,0.01520000,0.01470000,0.01470000,12333592.10000000,1765864799999,184807.25593000,778
1765864800000,0.01470000,0.01480000,0.01450000,0.01470000,15427743.70000000,1765868399999,225888.66634000,836
1765868400000,0.01470000,0.01470000,0.01430000,0.01440000,8718828.20000000,1765871999999,126434.05408000,525
1765872000000,0.01430000,0.01450000,0.01420000,0.01420000,12806854.20000000,1765875599999,183580.37374000,579
1765875600000,0.01420000,0.01450000,0.01420000,0.01440000,5718015.20000000,1765879199999,82067.64154000,306
1765879200000,0.01440000,0.01450000,0.01430000,0.01440000,4244348.70000000,1765882799999,61290.82182000,298
1765882800000,0.01450000,0.01450000,0.01430000,0.01440000,2955560.10000000,1765886399999,42582.10962000,141
1765886400000,0.01450000,0.01460000,0.01430000,0.01450000,3244914.00000000,1765889999999,46840.89313000,167
1765890000000,0.01440000,0.01450000,0.01430000,0.01430000,9855086.00000000,1765893599999,141885.19898000,491
1765893600000,0.01430000,0.01440000,0.01410000,0.01420000,14505793.40000000,1765897199999,206392.75813000,712
1765897200000,0.01410000,0.01440000,0.01410000,0.01440000,12695155.90000000,1765900799999,180443.12209000,550
1765900800000,0.01440000,0.01440000,0.01430000,0.01440000,3688594.10000000,1765904399999,53051.41507000,218
1765904400000,0.01430000,0.01440000,0.01420000,0.01430000,2198183.90000000,1765907999999,31433.99423000,122
1765908000000,0.01430000,0.01440000,0.01420000,0.01440000,4493859.00000000,1765911599999,64352.80490000,232
1765911600000,0.01440000,0.01440000,0.01420000,0.01430000,3582259.70000000,1765915199999,51295.54279000,144
1765915200000,0.01440000,0.01450000,0.01430000,0.01450000,2348463.30000000,1765918799999,33806.07209000,180
1765918800000,0.01450000,0.01460000,0.01440000,0.01450000,674433.90000000,1765922399999,9793.58929000,53
1765922400000,0.01460000,0.01490000,0.01450000,0.01480000,4524623.40000000,1765925999999,66473.75323000,202
1765926000000,0.01490000,0.01500000,0.01470000,0.01490000,7505597.00000000,1765929599999,111219.13355000,501
1765929600000,0.01490000,0.01500000,0.01470000,0.01480000,5567567.40000000,1765933199999,82801.70736000,269
1765933200000,0.01480000,0.01520000,0.01480000,0.01510000,7153447.00000000,1765936799999,107758.50837000,396
1765936800000,0.01500000,0.01540000,0.01490000,0.01500000,10916104.40000000,1765940399999,165213.03834000,584
1765940400000,0.01500000,0.01530000,0.01490000,0.01520000,10389680.10000000,1765943999999,157267.66700000,604
1765944000000,0.01510000,0.01520000,0.01470000,0.01480000,10177279.30000000,1765947599999,152574.62044000,481
1765947600000,0.01480000,0.01490000,0.01450000,0.01450000,6860258.40000000,1765951199999,100864.27127000,473
1765951200000,0.01450000,0.01470000,0.01430000,0.01450000,23081264.10000000,1765954799999,334477.33851000,591
1765954800000,0.01450000,0.01470000,0.01450000,0.01460000,3509582.20000000,1765958399999,51064.94862000,158
1765958400000,0.01460000,0.01460000,0.01440000,0.01440000,11972579.80000000,1765961999999,173584.94138000,570
1765962000000,0.01440000,0.01460000,0.01440000,0.01460000,3519841.70000000,1765965599999,50948.68268000,223
1765965600000,0.01460000,0.01460000,0.01440000,0.01440000,5526464.40000000,1765969199999,79891.56550000,356
1765969200000,0.01440000,0.01480000,0.01430000,0.01470000,7072764.50000000,1765972799999,102620.45141000,464
1765972800000,0.01470000,0.01480000,0.01450000,0.01460000,6405526.40000000,1765976399999,93838.35682000,355
1765976400000,0.01460000,0.01490000,0.01440000,0.01490000,10860697.40000000,1765979999999,159201.52184000,545
1765980000000,0.01490000,0.01500000,0.01440000,0.01470000,22850815.40000000,1765983599999,336810.32812000,1395
1765983600000,0.01470000,0.01540000,0.01470000,0.01510000,41596252.00000000,1765987199999,625244.24258000,2332
1765987200000,0.01510000,0.01610000,0.01470000,0.01580000,70109322.40000000,1765990799999,1071737.23782000,5022
1765990800000,0.01580000,0.01580000,0.01510000,0.01540000,33259541.70000000,1765994399999,512094.61496000,1953
1765994400000,0.01550000,0.01570000,0.01530000,0.01540000,18977434.20000000,1765997999999,294148.24126000,1238
1765998000000,0.01540000,0.01590000,0.01520000,0.01570000,29318149.90000000,1766001599999,456028.54533000,1723
1766001600000,0.01570000,0.01600000,0.01540000,0.01550000,23897735.60000000,1766005199999,375375.70096000,1476
1766005200000,0.01550000,0.01580000,0.01510000,0.01530000,16343683.60000000,1766008799999,252781.20331000,1064
1766008800000,0.01530000,0.01560000,0.01510000,0.01550000,9245188.50000000,1766012399999,141759.22138000,599
1766012400000,0.01550000,0.01550000,0.01520000,0.01520000,5455963.50000000,1766015999999,83289.70408000,392
1766016000000,0.01520000,0.01530000,0.01490000,0.01510000,7201608.40000000,1766019599999,108844.97118000,532
1766019600000,0.01520000,0.01540000,0.01510000,0.01540000,8722701.30000000,1766023199999,133513.76662000,656
1766023200000,0.01540000,0.01590000,0.01530000,0.01580000,17790725.90000000,1766026799999,278244.41748000,1304
1766026800000,0.01580000,0.01610000,0.01540000,0.01550000,15524532.10000000,1766030399999,245684.40272000,1118
1766030400000,0.01550000,0.01590000,0.01540000,0.01580000,13761993.50000000,1766033999999,215438.08739000,954
1766034000000,0.01580000,0.01610000,0.01560000,0.01580000,16648235.60000000,1766037599999,264265.13567000,1620
1766037600000,0.01590000,0.01610000,0.01560000,0.01580000,19389607.60000000,1766041199999,307816.79343000,1794
1766041200000,0.01580000,0.01630000,0.01570000,0.01570000,17678578.40000000,1766044799999,283205.01026000,1591
1766044800000,0.01570000,0.01590000,0.01520000,0.01540000,19754134.60000000,1766048399999,304451.78200000,1240
1766048400000,0.01540000,0.01570000,0.01530000,0.01560000,7369091.90000000,1766051999999,114259.70765000,574
1766052000000,0.01560000,0.01570000,0.01550000,0.01570000,5482421.70000000,1766055599999,85652.49621000,429
1766055600000,0.01570000,0.01600000,0.01560000,0.01580000,8993846.60000000,1766059199999,142188.43888000,638
1766059200000,0.01580000,0.01580000,0.01540000,0.01550000,9488187.60000000,1766062799999,147899.18122000,672
1766062800000,0.01550000,0.01570000,0.01540000,0.01560000,9887693.90000000,1766066399999,153766.91585000,795
1766066400000,0.01560000,0.01590000,0.01560000,0.01580000,11835128.80000000,1766069999999,186410.86649000,834
1766070000000,0.01590000,0.01630000,0.01570000,0.01600000,16071817.40000000,1766073599999,257895.43655000,1109
1766073600000,0.01600000,0.01600000,0.01560000,0.01570000,6191297.10000000,1766077199999,97459.06386000,467
1766077200000,0.01570000,0.01590000,0.01490000,0.01520000,26662893.10000000,1766080799999,407534.11181000,1461
1766080800000,0.01520000,0.01520000,0.01460000,0.01460000,12773003.10000000,1766084399999,190600.90616000,702
1766084400000,0.01460000,0.01470000,0.01400000,0.01410000,28066691.00000000,1766087999999,401962.26068000,1391
1766088000000,0.01410000,0.01440000,0.01410000,0.01420000,15046402.10000000,1766091599999,213679.16819000,624
1766091600000,0.01420000,0.01500000,0.01410000,0.01490000,18068049.70000000,1766095199999,263931.41448000,809
1766095200000,0.01490000,0.01520000,0.01480000,0.01510000,10807626.00000000,1766098799999,162580.40617000,410
1766098800000,0.01510000,0.01520000,0.01500000,0.01500000,4367447.50000000,1766102399999,65638.01472000,213
1766102400000,0.01490000,0.01540000,0.01460000,0.01530000,26126827.90000000,1766105999999,392379.87923000,1198
1766106000000,0.01540000,0.01540000,0.01480000,0.01480000,19563147.40000000,1766109599999,296218.12153000,858
1766109600000,0.01470000,0.01480000,0.01450000,0.01460000,10290023.70000000,1766113199999,150783.46538000,555
1766113200000,0.01460000,0.01500000,0.01460000,0.01470000,13253699.80000000,1766116799999,196134.10565000,832
1766116800000,0.01480000,0.01510000,0.01470000,0.01500000,8842066.10000000,1766120399999,131519.36490000,532
1766120400000,0.01500000,0.01500000,0.01480000,0.01490000,8092392.80000000,1766123999999,120671.38465000,451
1766124000000,0.01490000,0.01530000,0.01490000,0.01520000,14684266.40000000,1766127599999,221224.29869000,731
1766127600000,0.01520000,0.01540000,0.01500000,0.01540000,9537739.60000000,1766131199999,144861.68219000,467
1766131200000,0.01540000,0.01580000,0.01530000,0.01550000,15931586.90000000,1766134799999,246841.51307000,825
1766134800000,0.01550000,0.01590000,0.01530000,0.01570000,23940042.00000000,1766138399999,375254.66167000,1228
1766138400000,0.01580000,0.01590000,0.01550000,0.01570000,16976133.20000000,1766141999999,266065.85430000,889
1766142000000,0.01570000,0.01570000,0.01550000,0.01550000,5946932.10000000,1766145599999,92705.01528000,297
1766145600000,0.01560000,0.01570000,0.01540000,0.01550000,8910600.40000000,1766149199999,138254.57988000,479
1766149200000,0.01540000,0.01610000,0.01540000,0.01590000,17902952.70000000,1766152799999,284441.47650000,1116
1766152800000,0.01590000,0.01600000,0.01540000,0.01550000,16009286.90000000,1766156399999,250857.16312000,856
1766156400000,0.01560000,0.01590000,0.01540000,0.01550000,24636814.00000000,1766159999999,385056.88719000,1302
1766160000000,0.01550000,0.01590000,0.01550000,0.01580000,18236876.50000000,1766163599999,286871.79776000,880
1766163600000,0.01570000,0.01590000,0.01550000,0.01550000,11115731.30000000,1766167199999,174536.87622000,595
1766167200000,0.01560000,0.01590000,0.01560000,0.01590000,6150480.90000000,1766170799999,96645.10365000,321
1766170800000,0.01590000,0.01630000,0.01580000,0.01620000,10667091.20000000,1766174399999,170774.20880000,568
1766174400000,0.01610000,0.01620000,0.01600000,0.01610000,6412994.10000000,1766177999999,103154.13290000,362
1766178000000,0.01600000,0.01650000,0.01600000,0.01630000,8794639.10000000,1766181599999,143060.72487000,453
1766181600000,0.01630000,0.01640000,0.01610000,0.01620000,7173534.70000000,1766185199999,116834.96337000,368
1766185200000,0.01620000,0.01670000,0.01610000,0.01660000,10132045.90000000,1766188799999,166291.29677000,685
1766188800000,0.01650000,0.01650000,0.01590000,0.01600000,24659478.00000000,1766192399999,398834.27236000,1366
1766192400000,0.01600000,0.01610000,0.01580000,0.01590000,6256598.60000000,1766195999999,99820.27414000,392
1766196000000,0.01590000,0.01600000,0.01580000,0.01580000,7561777.60000000,1766199599999,120073.10901000,527
1766199600000,0.01580000,0.01620000,0.01570000,0.01620000,2325944.60000000,1766203199999,37104.13556000,191
1766203200000,0.01620000,0.01630000,0.01590000,0.01610000,9610711.90000000,1766206799999,154705.09332000,520
1766206800000,0.01600000,0.01620000,0.01590000,0.01600000,8082156.70000000,1766210399999,129693.12901000,338
1766210400000,0.01590000,0.01600000,0.01580000,0.01600000,6535107.50000000,1766213999999,103932.57391000,358
1766214000000,0.01600000,0.01620000,0.01580000,0.01590000,8888716.90000000,1766217599999,142121.74829000,415
1766217600000,0.01600000,0.01630000,0.01600000,0.01620000,11470922.30000000,1766221199999,184918.94971000,558
1766221200000,0.01620000,0.01620000,0.01560000,0.01560000,12597954.50000000,1766224799999,201376.38628000,673
1766224800000,0.01570000,0.01590000,0.01560000,0.01590000,9162038.80000000,1766228399999,144766.42412000,491
1766228400000,0.01590000,0.01620000,0.01580000,0.01610000,7125370.70000000,1766231999999,114597.26315000,354
1766232000000,0.01620000,0.01620000,0.01590000,0.01620000,7201211.70000000,1766235599999,115704.72293000,408
1766235600000,0.01620000,0.01620000,0.01580000,0.01600000,13604019.80000000,1766239199999,217329.18962000,921
1766239200000,0.01600000,0.01600000,0.01570000,0.01580000,6529809.60000000,1766242799999,103522.04477000,258
1766242800000,0.01580000,0.01590000,0.01560000,0.01570000,10125083.40000000,1766246399999,159904.40178000,466
1766246400000,0.01570000,0.01580000,0.01560000,0.01570000,5224749.80000000,1766249999999,82207.81632000,237
1766250000000,0.01570000,0.01610000,0.01570000,0.01600000,7919463.40000000,1766253599999,125929.17162000,414
1766253600000,0.01590000,0.01600000,0.01590000,0.01590000,2588617.20000000,1766257199999,41348.47746000,124
1766257200000,0.01590000,0.01600000,0.01580000,0.01590000,3455168.70000000,1766260799999,54997.13602000,191
1766260800000,0.01600000,0.01600000,0.01580000,0.01600000,1529729.80000000,1766264399999,24331.92938000,87
1766264400000,0.01600000,0.01600000,0.01580000,0.01580000,2419969.00000000,1766267999999,38434.11259000,191
1766268000000,0.01570000,0.01590000,0.01570000,0.01590000,1748420.60000000,1766271599999,27687.67960000,83
1766271600000,0.01590000,0.01600000,0.01580000,0.01600000,2466238.20000000,1766275199999,39194.98594000,123
1766275200000,0.01600000,0.01600000,0.01560000,0.01570000,4854002.40000000,1766278799999,76423.93900000,259
1766278800000,0.01570000,0.01580000,0.01560000,0.01570000,5514038.50000000,1766282399999,86543.00825000,274
1766282400000,0.01570000,0.01580000,0.01560000,0.01570000,4468118.20000000,1766285999999,70171.38021000,167
1766286000000,0.01570000,0.01590000,0.01570000,0.01580000,8445249.00000000,1766289599999,133208.47393000,375
1766289600000,0.01580000,0.01620000,0.01570000,0.01600000,12600247.30000000,1766293199999,200858.39155000,710
1766293200000,0.01600000,0.01610000,0.01580000,0.01580000,7534823.60000000,1766296799999,120150.52018000,406
1766296800000,0.01580000,0.01600000,0.01570000,0.01600000,7862702.90000000,1766300399999,124913.39748000,375
1766300400000,0.01600000,0.01610000,0.01590000,0.01600000,4185238.80000000,1766303999999,66958.61046000,171
1766304000000,0.01600000,0.01620000,0.01590000,0.01600000,7944679.50000000,1766307599999,127395.30909000,308
1766307600000,0.01600000,0.01620000,0.01580000,0.01600000,6905536.30000000,1766311199999,110207.39057000,284
1766311200000,0.01600000,0.01610000,0.01560000,0.01560000,9983762.00000000,1766314799999,157935.10418000,400
1766314800000,0.01570000,0.01570000,0.01550000,0.01560000,4549266.20000000,1766318399999,71219.33094000,278
1766318400000,0.01560000,0.01560000,0.01530000,0.01540000,11989643.80000000,1766321999999,185494.77285000,521
1766322000000,0.01540000,0.01540000,0.01480000,0.01490000,21209662.40000000,1766325599999,319460.73233000,1000
1766325600000,0.01490000,0.01510000,0.01490000,0.01500000,11781112.90000000,1766329199999,176896.12590000,452
1766329200000,0.01500000,0.01500000,0.01470000,0.01490000,10473634.60000000,1766332799999,155391.45319000,379
1766332800000,0.01480000,0.01500000,0.01470000,0.01500000,5296162.40000000,1766336399999,78735.15999000,245
1766336400000,0.01500000,0.01530000,0.01490000,0.01510000,6368625.60000000,1766339999999,96016.48812000,412
1766340000000,0.01520000,0.01520000,0.01490000,0.01510000,7002941.50000000,1766343599999,105192.14027000,452
1766343600000,0.01510000,0.01520000,0.01500000,0.01520000,1367886.20000000,1766347199999,20587.68418000,128
1766347200000,0.01520000,0.01520000,0.01490000,0.01490000,3102105.70000000,1766350799999,46718.31010000,208
1766350800000,0.01490000,0.01510000,0.01430000,0.01460000,15892118.40000000,1766354399999,233361.64027000,895
1766354400000,0.01450000,0.01480000,0.01440000,0.01470000,6107065.90000000,1766357999999,89147.72374000,416
1766358000000,0.01470000,0.01490000,0.01460000,0.01480000,11368216.60000000,1766361599999,167450.52997000,496
1766361600000,0.01480000,0.01520000,0.01480000,0.01490000,8671470.70000000,1766365199999,129958.27853000,597
1766365200000,0.01490000,0.01500000,0.01480000,0.01490000,4566041.50000000,1766368799999,68250.74317000,372
1766368800000,0.01490000,0.01510000,0.01470000,0.01490000,5045918.80000000,1766372399999,75326.95524000,465
1766372400000,0.01490000,0.01520000,0.01490000,0.01510000,4098087.80000000,1766375999999,61774.67966000,264
1766376000000,0.01510000,0.01520000,0.01500000,0.01510000,2673481.60000000,1766379599999,40380.95256000,183
1766379600000,0.01510000,0.01540000,0.01500000,0.01530000,11995834.20000000,1766383199999,182632.29751000,653
1766383200000,0.01520000,0.01540000,0.01520000,0.01540000,2039755.70000000,1766386799999,31177.58612000,153
1766386800000,0.01530000,0.01560000,0.01520000,0.01540000,11315424.20000000,1766390399999,174928.32424000,791
1766390400000,0.01540000,0.01550000,0.01520000,0.01530000,8457329.90000000,1766393999999,130073.51056000,510
1766394000000,0.01530000,0.01530000,0.01510000,0.01510000,4306880.90000000,1766397599999,65268.84005000,207
1766397600000,0.01510000,0.01530000,0.01500000,0.01530000,2992668.60000000,1766401199999,45207.24954000,206
1766401200000,0.01520000,0.01540000,0.01520000,0.01520000,3500335.70000000,1766404799999,53453.30502000,284
1766404800000,0.01530000,0.01550000,0.01520000,0.01540000,5037016.50000000,1766408399999,77119.65799000,293
1766408400000,0.01550000,0.01550000,0.01510000,0.01520000,9990815.90000000,1766411999999,153212.81279000,432
1766412000000,0.01520000,0.01550000,0.01520000,0.01540000,18642272.40000000,1766415599999,285331.75646000,1057
1766415600000,0.01530000,0.01540000,0.01510000,0.01520000,15191560.70000000,1766419199999,231060.14959000,795
1766419200000,0.01520000,0.01530000,0.01500000,0.01510000,9592484.00000000,1766422799999,145177.43649000,426
1766422800000,0.01510000,0.01520000,0.01500000,0.01510000,4277487.60000000,1766426399999,64579.47137000,272
1766426400000,0.01520000,0.01530000,0.01510000,0.01520000,9141795.50000000,1766429999999,138831.81199000,568
1766430000000,0.01520000,0.01520000,0.01490000,0.01490000,8025062.00000000,1766433599999,120159.85018000,641
1766433600000,0.01500000,0.01500000,0.01480000,0.01490000,11196566.70000000,1766437199999,166828.00011000,640
1766437200000,0.01490000,0.01500000,0.01490000,0.01500000,1808601.50000000,1766440799999,27007.32368000,140
1766440800000,0.01500000,0.01510000,0.01480000,0.01500000,2800699.10000000,1766444399999,41792.83431000,196
1766444400000,0.01510000,0.01520000,0.01500000,0.01510000,2189639.80000000,1766447999999,33058.91737000,203
1766448000000,0.01520000,0.01520000,0.01500000,0.01510000,3830310.00000000,1766451599999,57821.10772000,272
1766451600000,0.01510000,0.01520000,0.01490000,0.01510000,5293130.50000000,1766455199999,79450.40130000,324
1766455200000,0.01510000,0.01510000,0.01490000,0.01490000,6445621.40000000,1766458799999,96698.72830000,399
1766458800000,0.01490000,0.01500000,0.01480000,0.01480000,7492915.90000000,1766462399999,111605.12980000,401
1766462400000,0.01490000,0.01490000,0.01480000,0.01480000,3722374.40000000,1766465999999,55461.07392000,232
1766466000000,0.01480000,0.01490000,0.01470000,0.01480000,5392778.50000000,1766469599999,79761.87524000,275
1766469600000,0.01480000,0.01480000,0.01460000,0.01470000,6194056.40000000,1766473199999,91183.67987000,347
1766473200000,0.01470000,0.01490000,0.01460000,0.01490000,7686218.90000000,1766476799999,113307.87024000,435
1766476800000,0.01490000,0.01500000,0.01470000,0.01490000,7312597.80000000,1766480399999,108952.55775000,418
1766480400000,0.01490000,0.01500000,0.01480000,0.01500000,2657728.50000000,1766483999999,39513.24643000,138
1766484000000,0.01500000,0.01510000,0.01490000,0.01490000,4321364.90000000,1766487599999,64732.07944000,234
1766487600000,0.01490000,0.01510000,0.01490000,0.01500000,2200019.50000000,1766491199999,32976.01160000,156
1766491200000,0.01500000,0.01500000,0.01480000,0.01490000,3128410.10000000,1766494799999,46418.62309000,173
1766494800000,0.01490000,0.01490000,0.01470000,0.01480000,4175905.90000000,1766498399999,61656.52963000,263
1766498400000,0.01470000,0.01480000,0.01450000,0.01460000,10942447.20000000,1766501999999,160426.48406000,722
1766502000000,0.01460000,0.01470000,0.01440000,0.01450000,7577562.70000000,1766505599999,110376.29975000,541
1766505600000,0.01450000,0.01480000,0.01450000,0.01480000,5765790.60000000,1766509199999,84225.80141000,387
1766509200000,0.01480000,0.01490000,0.01460000,0.01460000,9031927.30000000,1766512799999,133086.78487000,650
1766512800000,0.01460000,0.01510000,0.01460000,0.01500000,5843617.20000000,1766516399999,87106.12728000,428
1766516400000,0.01510000,0.01510000,0.01490000,0.01500000,3166889.00000000,1766519999999,47502.46844000,187
1766520000000,0.01490000,0.01500000,0.01490000,0.01500000,6506523.60000000,1766523599999,97465.07807000,292
1766523600000,0.01490000,0.01500000,0.01480000,0.01490000,2797538.10000000,1766527199999,41702.37255000,155
1766527200000,0.01500000,0.01500000,0.01490000,0.01490000,2195680.20000000,1766530799999,32766.40973000,92
1766530800000,0.01490000,0.01510000,0.01490000,0.01490000,6155323.20000000,1766534399999,92017.17109000,256
1766534400000,0.01490000,0.01500000,0.01480000,0.01490000,2827289.00000000,1766537999999,42125.65037000,151
1766538000000,0.01490000,0.01490000,0.01470000,0.01480000,3579517.30000000,1766541599999,53191.57059000,240
1766541600000,0.01470000,0.01480000,0.01450000,0.01460000,2950212.10000000,1766545199999,43118.31297000,195
1766545200000,0.01460000,0.01470000,0.01440000,0.01470000,5957746.10000000,1766548799999,86695.49340000,399
1766548800000,0.01480000,0.01500000,0.01460000,0.01460000,6310533.60000000,1766552399999,93459.30052000,506
1766552400000,0.01470000,0.01470000,0.01440000,0.01450000,4458088.80000000,1766555999999,64924.36627000,340
1766556000000,0.01450000,0.01480000,0.01450000,0.01480000,2919624.00000000,1766559599999,42684.48503000,162
1766559600000,0.01480000,0.01490000,0.01470000,0.01470000,4689705.90000000,1766563199999,69379.70610000,334
1766563200000,0.01470000,0.01490000,0.01460000,0.01470000,8016515.30000000,1766566799999,118222.19054000,463
1766566800000,0.01470000,0.01470000,0.01450000,0.01460000,1245633.90000000,1766570399999,18179.13813000,98
1766570400000,0.01460000,0.01480000,0.01460000,0.01470000,4142626.20000000,1766573999999,60762.70901000,268
1766574000000,0.01470000,0.01480000,0.01470000,0.01470000,4756454.00000000,1766577599999,69937.45691000,331
1766577600000,0.01470000,0.01490000,0.01470000,0.01490000,5890279.40000000,1766581199999,87397.59913000,372
1766581200000,0.01490000,0.01490000,0.01470000,0.01490000,4683134.20000000,1766584799999,69044.57131000,279
1766584800000,0.01490000,0.01490000,0.01470000,0.01490000,5574361.00000000,1766588399999,82597.80689000,362
1766588400000,0.01490000,0.01500000,0.01470000,0.01490000,7261068.40000000,1766591999999,107962.58399000,451
1766592000000,0.01490000,0.01500000,0.01470000,0.01470000,3044771.40000000,1766595599999,45166.24595000,264
1766595600000,0.01470000,0.01480000,0.01470000,0.01470000,1526476.50000000,1766599199999,22445.41531000,92
1766599200000,0.01470000,0.01480000,0.01470000,0.01470000,2686541.20000000,1766602799999,39492.23422000,128
1766602800000,0.01470000,0.01480000,0.01460000,0.01470000,1402525.70000000,1766606399999,20608.64065000,99
1766606400000,0.01470000,0.01490000,0.01470000,0.01480000,1600556.80000000,1766609999999,23766.05624000,144
1766610000000,0.01490000,0.01490000,0.01470000,0.01480000,6600075.50000000,1766613599999,97686.23455000,396
1766613600000,0.01480000,0.01500000,0.01470000,0.01490000,2432231.80000000,1766617199999,36225.54074000,246
1766617200000,0.01490000,0.01500000,0.01490000,0.01500000,1900609.00000000,1766620799999,28367.71226000,114
1766620800000,0.01500000,0.01500000,0.01480000,0.01490000,4645235.70000000,1766624399999,69216.68682000,191
1766624400000,0.01490000,0.01520000,0.01490000,0.01520000,4153507.10000000,1766627999999,62617.91108000,265
1766628000000,0.01510000,0.01520000,0.01510000,0.01520000,4943415.10000000,1766631599999,75038.81447000,327
1766631600000,0.01520000,0.01520000,0.01500000,0.01500000,4447637.60000000,1766635199999,67104.89598000,274
1766635200000,0.01500000,0.01510000,0.01490000,0.01500000,8065028.10000000,1766638799999,120978.42541000,415
1766638800000,0.01490000,0.01500000,0.01490000,0.01490000,3836856.10000000,1766642399999,57337.80052000,166
1766642400000,0.01490000,0.01510000,0.01480000,0.01510000,4040153.00000000,1766645999999,60401.86857000,189
1766646000000,0.01510000,0.01590000,0.01500000,0.01580000,40398795.10000000,1766649599999,630124.73759000,2312
1766649600000,0.01580000,0.01630000,0.01580000,0.01600000,39641599.40000000,1766653199999,635617.84676000,2490
1766653200000,0.01600000,0.01620000,0.01570000,0.01570000,17326052.20000000,1766656799999,276027.77722000,991
1766656800000,0.01580000,0.01580000,0.01550000,0.01550000,9231568.10000000,1766660399999,144250.05173000,621
1766660400000,0.01550000,0.01570000,0.01540000,0.01550000,4331648.40000000,1766663999999,67346.44250000,367
1766664000000,0.01550000,0.01560000,0.01540000,0.01540000,3604837.20000000,1766667599999,55831.82385000,222
1766667600000,0.01540000,0.01550000,0.01530000,0.01530000,6235456.10000000,1766671199999,95853.28594000,330
1766671200000,0.01530000,0.01540000,0.01530000,0.01530000,3695671.50000000,1766674799999,56561.85904000,220
1766674800000,0.01530000,0.01540000,0.01520000,0.01530000,8456942.20000000,1766678399999,129517.24829000,556
1766678400000,0.01530000,0.01550000,0.01520000,0.01520000,6278395.20000000,1766681999999,96636.70063000,346
1766682000000,0.01520000,0.01540000,0.01520000,0.01530000,2021436.00000000,1766685599999,30858.94459000,185
1766685600000,0.01540000,0.01550000,0.01530000,0.01540000,5024175.70000000,1766689199999,77371.74246000,341
1766689200000,0.01540000,0.01550000,0.01530000,0.01540000,4708807.60000000,1766692799999,72335.21137000,327
1766692800000,0.01540000,0.01540000,0.01530000,0.01540000,4396394.60000000,1766696399999,67301.06398000,294
1766696400000,0.01530000,0.01550000,0.01530000,0.01540000,3729927.60000000,1766699999999,57446.08675000,241
1766700000000,0.01530000,0.01540000,0.01490000,0.01510000,8256796.70000000,1766703599999,124806.39688000,488
1766703600000,0.01500000,0.01510000,0.01460000,0.01480000,7077480.40000000,1766707199999,105217.55642000,494
1766707200000,0.01480000,0.01500000,0.01460000,0.01470000,7423415.30000000,1766710799999,109718.38248000,499
1766710800000,0.01470000,0.01500000,0.01470000,0.01480000,5644536.90000000,1766714399999,83537.80521000,372
1766714400000,0.01490000,0.01530000,0.01480000,0.01510000,9673454.90000000,1766717999999,146593.04630000,888
1766718000000,0.01520000,0.01520000,0.01500000,0.01500000,1240786.10000000,1766721599999,18661.67751000,81
1766721600000,0.01500000,0.01520000,0.01490000,0.01510000,6156882.30000000,1766725199999,92514.67150000,389
1766725200000,0.01510000,0.01510000,0.01500000,0.01500000,614737.00000000,1766728799999,9248.61837000,38
1766728800000,0.01510000,0.01510000,0.01480000,0.01490000,6399698.70000000,1766732399999,95723.85466000,473
1766732400000,0.01490000,0.01510000,0.01480000,0.01490000,5489227.50000000,1766735999999,82129.93373000,502
1766736000000,0.01490000,0.01500000,0.01480000,0.01490000,4065422.40000000,1766739599999,60582.00866000,266
1766739600000,0.01480000,0.01510000,0.01480000,0.01500000,5007213.00000000,1766743199999,74862.16454000,331
1766743200000,0.01510000,0.01520000,0.01500000,0.01510000,4619024.10000000,1766746799999,69594.66707000,245
1766746800000,0.01510000,0.01520000,0.01500000,0.01510000,5058728.00000000,1766750399999,76248.19772000,295
1766750400000,0.01510000,0.01520000,0.01500000,0.01500000,5763629.10000000,1766753999999,86976.11339000,305
1766754000000,0.01510000,0.01520000,0.01500000,0.01520000,1825494.20000000,1766757599999,27558.75262000,155
1766757600000,0.01510000,0.01540000,0.01500000,0.01510000,16727179.30000000,1766761199999,254174.32594000,699
1766761200000,0.01520000,0.01600000,0.01500000,0.01560000,46109484.60000000,1766764799999,716945.31534000,2888
1766764800000,0.01560000,0.01560000,0.01520000,0.01530000,12993688.30000000,1766768399999,200086.33423000,750
1766768400000,0.01530000,0.01570000,0.01530000,0.01550000,9403171.10000000,1766771999999,145699.01695000,468
1766772000000,0.01550000,0.01560000,0.01540000,0.01550000,6613633.70000000,1766775599999,102387.97421000,483
1766775600000,0.01550000,0.01570000,0.01540000,0.01560000,7146025.20000000,1766779199999,111305.12501000,327
1766779200000,0.01560000,0.01580000,0.01550000,0.01570000,3798734.40000000,1766782799999,59556.79950000,308
1766782800000,0.01580000,0.01590000,0.01570000,0.01580000,5594765.20000000,1766786399999,88304.43892000,260
1766786400000,0.01580000,0.01590000,0.01570000,0.01570000,1565361.40000000,1766789999999,24671.53920000,92
1766790000000,0.01560000,0.01600000,0.01560000,0.01580000,8062533.90000000,1766793599999,126617.51916000,411
1766793600000,0.01580000,0.01590000,0.01560000,0.01570000,10703596.20000000,1766797199999,168627.77620000,850
1766797200000,0.01580000,0.01580000,0.01540000,0.01550000,7073781.40000000,1766800799999,110028.60035000,568
1766800800000,0.01550000,0.01570000,0.01550000,0.01560000,5449486.70000000,1766804399999,85216.54828000,450
1766804400000,0.01560000,0.01590000,0.01560000,0.01570000,2456438.70000000,1766807999999,38630.32531000,184
1766808000000,0.01580000,0.01600000,0.01570000,0.01600000,4789408.30000000,1766811599999,76058.51095000,332
1766811600000,0.01590000,0.01600000,0.01560000,0.01560000,7771894.70000000,1766815199999,122615.51049000,412
1766815200000,0.01560000,0.01580000,0.01550000,0.01580000,7809542.50000000,1766818799999,122383.23362000,420
1766818800000,0.01580000,0.01620000,0.01570000,0.01600000,17713574.30000000,1766822399999,284001.48040000,1170
1766822400000,0.01600000,0.01620000,0.01580000,0.01590000,11649309.70000000,1766825999999,186294.38657000,679
1766826000000,0.01580000,0.01600000,0.01570000,0.01580000,6584483.20000000,1766829599999,104139.04985000,603
1766829600000,0.01580000,0.01590000,0.01550000,0.01560000,9985790.60000000,1766833199999,156363.41697000,873
1766833200000,0.01570000,0.01580000,0.01550000,0.01570000,11910260.20000000,1766836799999,186361.61859000,872
1766836800000,0.01570000,0.01570000,0.01560000,0.01570000,4489736.80000000,1766840399999,70340.45490000,294
1766840400000,0.01570000,0.01580000,0.01560000,0.01580000,4512374.90000000,1766843999999,70569.79726000,265
1766844000000,0.01570000,0.01580000,0.01560000,0.01580000,3026213.90000000,1766847599999,47581.43052000,228
1766847600000,0.01580000,0.01590000,0.01560000,0.01570000,4961766.50000000,1766851199999,78049.35325000,371
1766851200000,0.01560000,0.01580000,0.01550000,0.01560000,4267596.00000000,1766854799999,66758.88515000,255
1766854800000,0.01570000,0.01580000,0.01570000,0.01580000,3762037.00000000,1766858399999,59278.74340000,307
1766858400000,0.01580000,0.01580000,0.01560000,0.01570000,5139206.80000000,1766861999999,80850.62171000,367
1766862000000,0.01560000,0.01570000,0.01560000,0.01560000,3121264.60000000,1766865599999,48722.56712000,188
1766865600000,0.01570000,0.01580000,0.01560000,0.01560000,3524066.40000000,1766869199999,55273.42880000,140
1766869200000,0.01560000,0.01590000,0.01560000,0.01580000,3669784.20000000,1766872799999,57872.87337000,193
1766872800000,0.01580000,0.01590000,0.01560000,0.01580000,4193435.70000000,1766876399999,66130.21103000,228
1766876400000,0.01570000,0.01600000,0.01570000,0.01600000,2515249.40000000,1766879999999,39934.50671000,134
1766880000000,0.01590000,0.01600000,0.01580000,0.01580000,4807652.70000000,1766883599999,76242.00373000,238
1766883600000,0.01580000,0.01590000,0.01570000,0.01580000,2515910.90000000,1766887199999,39675.58807000,175
1766887200000,0.01580000,0.01590000,0.01580000,0.01580000,2723511.40000000,1766890799999,43059.68365000,164
1766890800000,0.01570000,0.01580000,0.01570000,0.01570000,545436.90000000,1766894399999,8569.43908000,33
1766894400000,0.01570000,0.01580000,0.01560000,0.01570000,1348785.90000000,1766897999999,21172.97804000,103
1766898000000,0.01560000,0.01570000,0.01560000,0.01570000,3277386.60000000,1766901599999,51436.60015000,190
1766901600000,0.01560000,0.01570000,0.01560000,0.01560000,4314952.10000000,1766905199999,67326.68101000,243
1766905200000,0.01560000,0.01570000,0.01560000,0.01560000,5234905.20000000,1766908799999,81687.28428000,287
1766908800000,0.01570000,0.01570000,0.01550000,0.01570000,2879261.70000000,1766912399999,44956.82764000,168
1766912400000,0.01560000,0.01570000,0.01560000,0.01560000,2950634.30000000,1766915999999,46258.28485000,119
1766916000000,0.01570000,0.01580000,0.01550000,0.01560000,4366125.70000000,1766919599999,68190.46571000,215
1766919600000,0.01560000,0.01570000,0.01560000,0.01560000,3560515.20000000,1766923199999,55835.52883000,141
1766923200000,0.01560000,0.01570000,0.01550000,0.01550000,3791832.20000000,1766926799999,59158.88329000,118
1766926800000,0.01550000,0.01570000,0.01550000,0.01550000,3514666.60000000,1766930399999,54811.17320000,338
1766930400000,0.01560000,0.01570000,0.01550000,0.01570000,1928682.90000000,1766933999999,30105.52670000,139
1766934000000,0.01570000,0.01600000,0.01560000,0.01570000,10847359.90000000,1766937599999,171306.51754000,536
1766937600000,0.01580000,0.01620000,0.01580000,0.01580000,18278526.70000000,1766941199999,291653.77450000,1071
1766941200000,0.01590000,0.01590000,0.01560000,0.01560000,6690739.30000000,1766944799999,105774.56884000,364
1766944800000,0.01560000,0.01570000,0.01540000,0.01550000,10328843.10000000,1766948399999,160366.07091000,517
1766948400000,0.01550000,0.01550000,0.01510000,0.01520000,10607149.10000000,1766951999999,162215.03132000,603
1766952000000,0.01520000,0.01530000,0.01510000,0.01520000,2768802.20000000,1766955599999,42080.82981000,199
1766955600000,0.01520000,0.01520000,0.01500000,0.01510000,2149487.10000000,1766959199999,32508.56473000,172
1766959200000,0.01510000,0.01520000,0.01500000,0.01510000,4757250.10000000,1766962799999,71679.66868000,236
1766962800000,0.01510000,0.01510000,0.01490000,0.01510000,7191808.30000000,1766966399999,107613.48233000,304
1766966400000,0.01500000,0.01530000,0.01500000,0.01510000,7999296.20000000,1766969999999,120741.18269000,426
1766970000000,0.01510000,0.01540000,0.01510000,0.01530000,4080616.90000000,1766973599999,61871.11301000,302
1766973600000,0.01530000,0.01550000,0.01530000,0.01540000,3151758.80000000,1766977199999,48350.68387000,227
1766977200000,0.01540000,0.01560000,0.01530000,0.01560000,4817511.90000000,1766980799999,74436.72903000,317
1766980800000,0.01550000,0.01560000,0.01540000,0.01540000,7309126.70000000,1766984399999,113426.06108000,495
1766984400000,0.01540000,0.01590000,0.01540000,0.01570000,8549142.90000000,1766987999999,134037.40677000,569
1766988000000,0.01570000,0.01580000,0.01540000,0.01550000,9593254.40000000,1766991599999,149793.85083000,774
1766991600000,0.01550000,0.01560000,0.01530000,0.01550000,5456416.10000000,1766995199999,84383.01992000,289
1766995200000,0.01550000,0.01570000,0.01540000,0.01550000,9525575.60000000,1766998799999,148272.93500000,628
1766998800000,0.01550000,0.01560000,0.01530000,0.01550000,12640013.20000000,1767002399999,194721.39594000,792
1767002400000,0.01550000,0.01580000,0.01550000,0.01570000,8556211.00000000,1767005999999,133711.15423000,606
1767006000000,0.01560000,0.01570000,0.01550000,0.01570000,2788447.10000000,1767009599999,43495.36007000,158
1767009600000,0.01570000,0.01580000,0.01540000,0.01580000,14386901.00000000,1767013199999,223854.13173000,906
1767013200000,0.01570000,0.01580000,0.01550000,0.01550000,2581928.40000000,1767016799999,40356.75284000,270
1767016800000,0.01550000,0.01560000,0.01520000,0.01530000,11451986.90000000,1767020399999,176265.09518000,747
1767020400000,0.01540000,0.01550000,0.01530000,0.01530000,9677635.50000000,1767023999999,148861.94975000,581
1767024000000,0.01530000,0.01540000,0.01500000,0.01520000,8937991.90000000,1767027599999,135693.77974000,616
1767027600000,0.01520000,0.01620000,0.01510000,0.01610000,44336368.00000000,1767031199999,700996.17874000,2653
1767031200000,0.01600000,0.01630000,0.01570000,0.01620000,34394085.80000000,1767034799999,550561.94976000,1698
1767034800000,0.01620000,0.01620000,0.01590000,0.01610000,12724830.30000000,1767038399999,204198.89533000,792
1767038400000,0.01610000,0.01640000,0.01590000,0.01600000,18567054.10000000,1767041999999,298678.85891000,1031
1767042000000,0.01590000,0.01620000,0.01590000,0.01610000,5661967.90000000,1767045599999,90968.40310000,407
1767045600000,0.01600000,0.01600000,0.01580000,0.01590000,3409431.80000000,1767049199999,54378.87618000,284
1767049200000,0.01600000,0.01600000,0.01580000,0.01590000,2761929.60000000,1767052799999,43820.94979000,231
1767052800000,0.01590000,0.01600000,0.01560000,0.01580000,11623592.90000000,1767056399999,183498.28038000,799
1767056400000,0.01570000,0.01580000,0.01540000,0.01580000,14263447.00000000,1767059999999,223302.86942000,910
1767060000000,0.01570000,0.01580000,0.01560000,0.01570000,5510474.50000000,1767063599999,86683.31468000,393
1767063600000,0.01560000,0.01570000,0.01550000,0.01560000,8087924.70000000,1767067199999,126127.86633000,462
1767067200000,0.01560000,0.01590000,0.01560000,0.01560000,4305290.20000000,1767070799999,67887.84137000,389
1767070800000,0.01560000,0.01600000,0.01550000,0.01580000,6251333.80000000,1767074399999,98412.13054000,446
1767074400000,0.01580000,0.01650000,0.01580000,0.01590000,24563545.60000000,1767077999999,396137.09074000,1597
1767078000000,0.01590000,0.01620000,0.01580000,0.01610000,6215176.30000000,1767081599999,99025.46735000,518
1767081600000,0.01610000,0.01620000,0.01590000,0.01600000,7419333.10000000,1767085199999,118809.16992000,558
1767085200000,0.01610000,0.01620000,0.01590000,0.01610000,5560387.30000000,1767088799999,89261.12326000,477
1767088800000,0.01610000,0.01620000,0.01590000,0.01590000,8485750.20000000,1767092399999,136181.03720000,653
1767092400000,0.01590000,0.01610000,0.01580000,0.01610000,4819853.30000000,1767095999999,76931.62414000,373
1767096000000,0.01610000,0.01620000,0.01580000,0.01590000,10131757.50000000,1767099599999,161559.39642000,649
1767099600000,0.01600000,0.01600000,0.01570000,0.01580000,4227548.60000000,1767103199999,67013.27485000,384
1767103200000,0.01580000,0.01580000,0.01560000,0.01580000,8693764.90000000,1767106799999,136295.48406000,657
1767106800000,0.01570000,0.01610000,0.01570000,0.01610000,6718904.40000000,1767110399999,106672.43381000,525
1767110400000,0.01610000,0.01630000,0.01590000,0.01620000,23493447.80000000,1767113999999,379032.24551000,1913
1767114000000,0.01610000,0.01620000,0.01570000,0.01590000,10055826.40000000,1767117599999,160477.84147000,652
1767117600000,0.01590000,0.01590000,0.01570000,0.01590000,7343539.90000000,1767121199999,116125.30174000,404
1767121200000,0.01590000,0.01590000,0.01560000,0.01580000,4195295.00000000,1767124799999,65758.45566000,233
1767124800000,0.01580000,0.01580000,0.01570000,0.01570000,795141.20000000,1767128399999,12496.23830000,50
1767128400000,0.01570000,0.01580000,0.01560000,0.01560000,2600335.70000000,1767131999999,40769.17956000,178
1767132000000,0.01570000,0.01590000,0.01560000,0.01560000,2834817.40000000,1767135599999,44651.36820000,279
1767135600000,0.01570000,0.01600000,0.01570000,0.01600000,3463041.90000000,1767139199999,55093.24423000,202
1767139200000,0.01590000,0.01600000,0.01580000,0.01580000,3477808.00000000,1767142799999,55246.30973000,207
1767142800000,0.01580000,0.01600000,0.01570000,0.01590000,1976845.60000000,1767146399999,31330.00675000,148
1767146400000,0.01590000,0.01600000,0.01580000,0.01600000,9511749.60000000,1767149999999,150997.74478000,800
1767150000000,0.01610000,0.01610000,0.01580000,0.01600000,5237498.70000000,1767153599999,83683.28098000,404
1767153600000,0.01600000,0.01610000,0.01590000,0.01600000,4843292.40000000,1767157199999,77612.83238000,334
1767157200000,0.01600000,0.01620000,0.01590000,0.01600000,8653780.90000000,1767160799999,138869.70828000,488
1767160800000,0.01600000,0.01600000,0.01570000,0.01590000,4060868.70000000,1767164399999,64305.76833000,261
1767164400000,0.01580000,0.01590000,0.01570000,0.01580000,5084061.80000000,1767167999999,80340.33318000,306
1767168000000,0.01590000,0.01590000,0.01560000,0.01580000,5585352.00000000,1767171599999,87964.55694000,481
1767171600000,0.01570000,0.01590000,0.01560000,0.01590000,3575686.20000000,1767175199999,56374.34999000,221
1767175200000,0.01590000,0.01600000,0.01560000,0.01570000,7444558.20000000,1767178799999,117320.57827000,494
1767178800000,0.01570000,0.01590000,0.01560000,0.01580000,4179834.30000000,1767182399999,65886.95638000,278
1767182400000,0.01580000,0.01640000,0.01580000,0.01610000,25735845.90000000,1767185999999,414935.55882000,1155
1767186000000,0.01610000,0.01660000,0.01610000,0.01630000,18665593.70000000,1767189599999,305209.04714000,1064
1767189600000,0.01640000,0.01650000,0.01590000,0.01600000,16148605.50000000,1767193199999,259728.82101000,748
1767193200000,0.01600000,0.01640000,0.01590000,0.01640000,16344679.10000000,1767196799999,263499.68838000,925
1767196800000,0.01630000,0.01640000,0.01600000,0.01630000,26555967.80000000,1767200399999,430788.65876000,1500
1767200400000,0.01630000,0.01640000,0.01600000,0.01600000,12228094.70000000,1767203999999,198148.43996000,783
1767204000000,0.01600000,0.01640000,0.01590000,0.01640000,26171239.70000000,1767207599999,425656.88197000,1383
1767207600000,0.01640000,0.01720000,0.01640000,0.01660000,44794833.40000000,1767211199999,753712.86180000,2527
1767211200000,0.01660000,0.01680000,0.01640000,0.01670000,15427711.20000000,1767214799999,256289.17184000,754
1767214800000,0.01670000,0.01700000,0.01660000,0.01670000,15689890.70000000,1767218399999,263761.14281000,819
1767218400000,0.01670000,0.01730000,0.01670000,0.01710000,13600618.80000000,1767221999999,230952.13729000,743
1767222000000,0.01720000,0.01730000,0.01700000,0.01730000,8203890.20000000,1767225599999,140851.65537000,502
1767225600000,0.01720000,0.01740000,0.01680000,0.01690000,13598458.90000000,1767229199999,233037.52325000,1141
1767229200000,0.01680000,0.01720000,0.01680000,0.01700000,20170362.10000000,1767232799999,343068.99203000,871
1767232800000,0.01700000,0.01710000,0.01680000,0.01700000,13000532.60000000,1767236399999,220848.72507000,637
1767236400000,0.01700000,0.01700000,0.01660000,0.01670000,10386838.40000000,1767239999999,173818.21910000,485
1767240000000,0.01680000,0.01680000,0.01650000,0.01660000,4386025.50000000,1767243599999,72828.37166000,198
1767243600000,0.01660000,0.01670000,0.01660000,0.01660000,6373194.30000000,1767247199999,105802.78709000,305
1767247200000,0.01660000,0.01670000,0.01640000,0.01650000,4382931.80000000,1767250799999,72519.43194000,212
1767250800000,0.01660000,0.01680000,0.01650000,0.01670000,6381633.10000000,1767254399999,106410.92527000,387
1767254400000,0.01670000,0.01710000,0.01660000,0.01710000,7823571.60000000,1767257999999,131894.97941000,494
1767258000000,0.01710000,0.01800000,0.01710000,0.01740000,46188500.40000000,1767261599999,808540.61529000,2421
1767261600000,0.01740000,0.01740000,0.01690000,0.01700000,12114027.80000000,1767265199999,207795.71567000,579
1767265200000,0.01700000,0.01720000,0.01690000,0.01700000,7111766.70000000,1767268799999,121018.84967000,367
1767268800000,0.01700000,0.01730000,0.01660000,0.01710000,27109593.20000000,1767272399999,459876.00967000,1249
1767272400000,0.01710000,0.01740000,0.01710000,0.01740000,13746639.30000000,1767275999999,237321.35107000,602
1767276000000,0.01740000,0.01770000,0.01730000,0.01760000,17085731.20000000,1767279599999,299152.94304000,924
1767279600000,0.01750000,0.01770000,0.01740000,0.01750000,13409237.20000000,1767283199999,235219.87660000,739
1767283200000,0.01750000,0.01750000,0.01710000,0.01730000,10277889.00000000,1767286799999,177560.46751000,632
1767286800000,0.01730000,0.01740000,0.01710000,0.01720000,6626593.40000000,1767290399999,114497.63356000,352
1767290400000,0.01720000,0.01740000,0.01710000,0.01730000,3627380.90000000,1767293999999,62508.23615000,207
1767294000000,0.01730000,0.01740000,0.01720000,0.01740000,1686343.40000000,1767297599999,29172.12901000,149
1767297600000,0.01730000,0.01740000,0.01720000,0.01720000,8025578.00000000,1767301199999,138780.53005000,438
1767301200000,0.01710000,0.01720000,0.01700000,0.01710000,2675893.80000000,1767304799999,45754.90247000,166
1767304800000,0.01720000,0.01730000,0.01720000,0.01720000,2296929.10000000,1767308399999,39646.03319000,124
1767308400000,0.01720000,0.01740000,0.01720000,0.01730000,2832056.00000000,1767311999999,49136.80428000,170
1767312000000,0.01730000,0.01730000,0.01710000,0.01720000,4018412.90000000,1767315599999,69218.51867000,226
1767315600000,0.01720000,0.01740000,0.01720000,0.01720000,5106105.60000000,1767319199999,87978.28630000,301
1767319200000,0.01720000,0.01720000,0.01710000,0.01720000,3084051.00000000,1767322799999,52989.50379000,178
1767322800000,0.01710000,0.01740000,0.01710000,0.01720000,7294642.40000000,1767326399999,125621.93239000,495
1767326400000,0.01730000,0.01730000,0.01690000,0.01710000,6346102.20000000,1767329999999,108368.31381000,447
1767330000000,0.01710000,0.01720000,0.01700000,0.01710000,2932231.70000000,1767333599999,50132.40348000,193
1767333600000,0.01710000,0.01720000,0.01700000,0.01710000,2580285.40000000,1767337199999,44146.50229000,154
1767337200000,0.01710000,0.01740000,0.01700000,0.01740000,5656991.60000000,1767340799999,97322.65976000,319
1767340800000,0.01730000,0.01740000,0.01710000,0.01710000,2429470.40000000,1767344399999,41799.13284000,189
1767344400000,0.01720000,0.01730000,0.01710000,0.01710000,4497017.70000000,1767347999999,77147.71063000,282
1767348000000,0.01710000,0.01720000,0.01710000,0.01710000,983706.80000000,1767351599999,16859.49197000,95
1767351600000,0.01720000,0.01720000,0.01700000,0.01710000,8112453.00000000,1767355199999,138833.15423000,250
1767355200000,0.01700000,0.01750000,0.01700000,0.01730000,11274393.50000000,1767358799999,194310.28238000,669
1767358800000,0.01730000,0.01790000,0.01730000,0.01770000,13929334.80000000,1767362399999,244582.71801000,935
1767362400000,0.01770000,0.01800000,0.01760000,0.01780000,19617097.80000000,1767365999999,349947.83556000,1316
1767366000000,0.01780000,0.01780000,0.01750000,0.01770000,6413113.80000000,1767369599999,113174.09649000,444
1767369600000,0.01780000,0.01800000,0.01770000,0.01790000,3234307.40000000,1767373199999,57587.04682000,197
1767373200000,0.01780000,0.01820000,0.01780000,0.01790000,9730637.80000000,1767376799999,174663.06931000,685
1767376800000,0.01780000,0.01790000,0.01750000,0.01750000,4852198.70000000,1767380399999,85573.80489000,308
1767380400000,0.01750000,0.01790000,0.01750000,0.01770000,5885465.10000000,1767383999999,104206.98009000,376
1767384000000,0.01780000,0.01780000,0.01770000,0.01770000,3404596.10000000,1767387599999,60263.11994000,179
1767387600000,0.01770000,0.01790000,0.01760000,0.01780000,3798708.00000000,1767391199999,67416.40656000,250
1767391200000,0.01780000,0.01800000,0.01770000,0.01790000,3406448.10000000,1767394799999,60830.70733000,261
1767394800000,0.01790000,0.01810000,0.01780000,0.01790000,1936896.10000000,1767398399999,34822.67537000,126
1767398400000,0.01800000,0.01840000,0.01800000,0.01820000,4591030.30000000,1767401999999,83555.74248000,424
1767402000000,0.01810000,0.01820000,0.01800000,0.01810000,2917589.10000000,1767405599999,52941.01450000,190
1767405600000,0.01810000,0.01820000,0.01800000,0.01810000,6542947.60000000,1767409199999,118428.42375000,250
1767409200000,0.01810000,0.01840000,0.01810000,0.01820000,2995766.30000000,1767412799999,54621.96623000,227
1767412800000,0.01820000,0.01870000,0.01820000,0.01860000,6765782.60000000,1767416399999,124399.70163000,533
1767416400000,0.01860000,0.01910000,0.01850000,0.01870000,19441611.80000000,1767419999999,365829.75436000,1243
1767420000000,0.01860000,0.01930000,0.01830000,0.01850000,20918140.00000000,1767423599999,393522.09403000,1202
1767423600000,0.01840000,0.01860000,0.01780000,0.01780000,18301321.60000000,1767427199999,332653.97163000,1178
1767427200000,0.01780000,0.01840000,0.01760000,0.01800000,14879276.10000000,1767430799999,267105.63030000,865
1767430800000,0.01800000,0.01840000,0.01800000,0.01820000,8223848.50000000,1767434399999,149075.35757000,691
1767434400000,0.01820000,0.01840000,0.01810000,0.01820000,6788789.50000000,1767437999999,124002.52411000,449
1767438000000,0.01810000,0.01810000,0.01790000,0.01800000,5041865.30000000,1767441599999,90805.81244000,386
1767441600000,0.01800000,0.01840000,0.01790000,0.01830000,4748089.20000000,1767445199999,86294.59606000,345
1767445200000,0.01820000,0.01850000,0.01820000,0.01850000,2734522.60000000,1767448799999,50196.23768000,229
1767448800000,0.01850000,0.01860000,0.01840000,0.01860000,2628760.60000000,1767452399999,48565.86959000,272
1767452400000,0.01850000,0.01910000,0.01850000,0.01910000,17346785.80000000,1767455999999,326579.17171000,1132
1767456000000,0.01910000,0.01990000,0.01900000,0.01910000,42371259.50000000,1767459599999,826174.09933000,2808
1767459600000,0.01910000,0.01930000,0.01880000,0.01890000,13879276.40000000,1767463199999,264549.44020000,831
1767463200000,0.01890000,0.01890000,0.01870000,0.01880000,5388347.00000000,1767466799999,101358.36150000,422
1767466800000,0.01880000,0.01880000,0.01870000,0.01870000,1290241.90000000,1767470399999,24159.09464000,120
1767470400000,0.01870000,0.01870000,0.01850000,0.01870000,2822415.90000000,1767473999999,52562.53858000,251
1767474000000,0.01870000,0.01900000,0.01850000,0.01890000,4859548.30000000,1767477599999,91151.96839000,414
1767477600000,0.01900000,0.01930000,0.01880000,0.01920000,3331172.30000000,1767481199999,63615.68383000,380
1767481200000,0.01930000,0.01940000,0.01900000,0.01910000,1965247.70000000,1767484799999,37747.26662000,238
1767484800000,0.01900000,0.01920000,0.01880000,0.01900000,3536636.00000000,1767488399999,67053.61243000,337
1767488400000,0.01890000,0.01900000,0.01880000,0.01880000,1552565.30000000,1767491999999,29369.06447000,160
1767492000000,0.01880000,0.01970000,0.01880000,0.01950000,14121887.70000000,1767495599999,272614.51960000,1080
1767495600000,0.01950000,0.01970000,0.01940000,0.01950000,12879919.50000000,1767499199999,251840.90341000,1008
1767499200000,0.01960000,0.01970000,0.01940000,0.01950000,4034089.00000000,1767502799999,78893.45062000,515
1767502800000,0.01940000,0.01960000,0.01940000,0.01940000,2367895.40000000,1767506399999,46092.84335000,281
1767506400000,0.01940000,0.01960000,0.01900000,0.01930000,6025163.60000000,1767509999999,116269.95574000,577
1767510000000,0.01920000,0.01940000,0.01920000,0.01930000,3860333.10000000,1767513599999,74593.70011000,337
1767513600000,0.01920000,0.01960000,0.01910000,0.01940000,4567755.40000000,1767517199999,88253.25531000,476
1767517200000,0.01950000,0.01980000,0.01920000,0.01950000,5041179.70000000,1767520799999,98066.52146000,580
1767520800000,0.01950000,0.01970000,0.01940000,0.01940000,4310347.00000000,1767524399999,84129.92973000,406
1767524400000,0.01950000,0.01980000,0.01930000,0.01970000,11708598.50000000,1767527999999,229619.52063000,749
1767528000000,0.01970000,0.01980000,0.01930000,0.01930000,9285000.10000000,1767531599999,181613.41303000,634
1767531600000,0.01930000,0.01950000,0.01920000,0.01950000,10710152.50000000,1767535199999,207088.09963000,761
1767535200000,0.01950000,0.01950000,0.01890000,0.01900000,12916375.40000000,1767538799999,247421.20592000,1206
1767538800000,0.01900000,0.01910000,0.01850000,0.01870000,16527476.30000000,1767542399999,310897.90301000,1105
1767542400000,0.01870000,0.01910000,0.01860000,0.01890000,10321401.10000000,1767545999999,194486.26320000,829
1767546000000,0.01880000,0.01900000,0.01860000,0.01870000,6091620.50000000,1767549599999,114286.63677000,558
1767549600000,0.01880000,0.01880000,0.01820000,0.01840000,10855390.10000000,1767553199999,200169.06527000,814
1767553200000,0.01840000,0.01850000,0.01810000,0.01850000,6783235.50000000,1767556799999,124138.89119000,674
1767556800000,0.01850000,0.01870000,0.01840000,0.01850000,7063679.40000000,1767560399999,130826.09691000,438
1767560400000,0.01840000,0.01860000,0.01830000,0.01850000,2415179.50000000,1767563999999,44536.35601000,218
1767564000000,0.01850000,0.01860000,0.01840000,0.01860000,3018386.20000000,1767567599999,55794.21221000,226
1767567600000,0.01850000,0.01870000,0.01850000,0.01860000,1012265.50000000,1767571199999,18839.73601000,98
1767571200000,0.01870000,0.01900000,0.01850000,0.01890000,10037327.30000000,1767574799999,188479.59689000,661
1767574800000,0.01880000,0.01920000,0.01880000,0.01900000,8548785.70000000,1767578399999,162890.45248000,657
1767578400000,0.01910000,0.01910000,0.01880000,0.01890000,2616164.50000000,1767581999999,49575.22879000,336
1767582000000,0.01900000,0.01900000,0.01870000,0.01870000,1915440.10000000,1767585599999,36008.05385000,189
1767585600000,0.01870000,0.01880000,0.01820000,0.01860000,11862228.90000000,1767589199999,218657.01940000,791
1767589200000,0.01850000,0.01860000,0.01840000,0.01840000,3887218.10000000,1767592799999,72017.06647000,350
1767592800000,0.01840000,0.01840000,0.01800000,0.01800000,12532673.10000000,1767596399999,227945.58729000,729
1767596400000,0.01800000,0.01820000,0.01770000,0.01810000,8370325.10000000,1767599999999,150390.12457000,718
1767600000000,0.01800000,0.01820000,0.01780000,0.01790000,5460922.40000000,1767603599999,98229.87086000,454
1767603600000,0.01800000,0.01800000,0.01770000,0.01790000,5636880.50000000,1767607199999,100656.07942000,513
1767607200000,0.01790000,0.01810000,0.01780000,0.01800000,5447060.30000000,1767610799999,97502.86143000,387
1767610800000,0.01800000,0.01820000,0.01790000,0.01810000,3904096.30000000,1767614399999,70415.38557000,421
1767614400000,0.01810000,0.01820000,0.01790000,0.01810000,6862006.90000000,1767617999999,123624.02311000,638
1767618000000,0.01810000,0.01810000,0.01780000,0.01790000,5445321.20000000,1767621599999,97741.32149000,455
1767621600000,0.01790000,0.01820000,0.01790000,0.01810000,6594930.70000000,1767625199999,118696.33777000,571
1767625200000,0.01800000,0.01820000,0.01790000,0.01820000,5372220.30000000,1767628799999,97021.41712000,561
1767628800000,0.01810000,0.01820000,0.01790000,0.01800000,6274562.60000000,1767632399999,112945.87603000,623
1767632400000,0.01800000,0.01820000,0.01780000,0.01810000,6368935.60000000,1767635999999,114642.74391000,568
1767636000000,0.01810000,0.01830000,0.01800000,0.01820000,3433150.60000000,1767639599999,62269.99157000,354
1767639600000,0.01820000,0.01840000,0.01820000,0.01830000,3156068.20000000,1767643199999,57724.02310000,290
1767643200000,0.01830000,0.01840000,0.01810000,0.01820000,5698604.60000000,1767646799999,104040.03759000,416
1767646800000,0.01820000,0.01830000,0.01810000,0.01810000,1733154.60000000,1767650399999,31569.01401000,131
1767650400000,0.01820000,0.01840000,0.01810000,0.01830000,1399395.90000000,1767653999999,25528.37541000,149
1767654000000,0.01840000,0.01840000,0.01820000,0.01820000,2843365.30000000,1767657599999,51843.85633000,193
1767657600000,0.01820000,0.01840000,0.01810000,0.01840000,3561893.60000000,1767661199999,65154.09594000,360
1767661200000,0.01840000,0.01900000,0.01840000,0.01890000,8345756.40000000,1767664799999,156202.69447000,1008
1767664800000,0.01890000,0.01890000,0.01860000,0.01860000,6180303.50000000,1767668399999,115860.48501000,523
1767668400000,0.01860000,0.01930000,0.01860000,0.01910000,6957542.90000000,1767671999999,132308.92963000,701
1767672000000,0.01910000,0.01910000,0.01890000,0.01890000,6724554.70000000,1767675599999,127812.34185000,508
1767675600000,0.01890000,0.01900000,0.01870000,0.01870000,3592520.90000000,1767679199999,67597.92578000,298
1767679200000,0.01870000,0.01910000,0.01860000,0.01900000,5670784.60000000,1767682799999,107024.07739000,523
1767682800000,0.01890000,0.01900000,0.01850000,0.01870000,7197376.60000000,1767686399999,134432.52542000,570
1767686400000,0.01870000,0.01890000,0.01860000,0.01870000,4029556.60000000,1767689999999,75534.35521000,497
1767690000000,0.01880000,0.01900000,0.01870000,0.01870000,3035663.70000000,1767693599999,57376.67137000,305
1767693600000,0.01870000,0.01890000,0.01870000,0.01880000,2497141.60000000,1767697199999,46890.36615000,235
1767697200000,0.01890000,0.01910000,0.01880000,0.01900000,5984666.70000000,1767700799999,113474.39493000,615
1767700800000,0.01900000,0.01920000,0.01900000,0.01910000,3656736.90000000,1767704399999,69863.59646000,321
1767704400000,0.01910000,0.01950000,0.01910000,0.01920000,6989243.60000000,1767707999999,135203.16815000,514
1767708000000,0.01930000,0.01940000,0.01880000,0.01900000,10454575.50000000,1767711599999,200060.63289000,1038
1767711600000,0.01900000,0.01980000,0.01900000,0.01930000,18534692.40000000,1767715199999,359130.24015000,1973
1767715200000,0.01930000,0.01950000,0.01850000,0.01890000,16442639.80000000,1767718799999,311811.82514000,1863
1767718800000,0.01880000,0.01950000,0.01880000,0.01910000,12498333.70000000,1767722399999,239763.46638000,1274
1767722400000,0.01900000,0.01970000,0.01900000,0.01950000,13772007.10000000,1767725999999,267445.14887000,1603
1767726000000,0.01940000,0.02000000,0.01940000,0.02000000,10308546.50000000,1767729599999,203954.14358000,1105
1767729600000,0.01990000,0.02040000,0.01950000,0.01970000,18053368.80000000,1767733199999,359197.54566000,1665
1767733200000,0.01970000,0.02020000,0.01960000,0.02000000,11279750.80000000,1767736799999,224444.26756000,1167
1767736800000,0.02000000,0.02020000,0.01980000,0.01990000,7896198.70000000,1767740399999,158218.14559000,838
1767740400000,0.01990000,0.02000000,0.01980000,0.02000000,2823338.20000000,1767743999999,56224.61100000,296
1767744000000,0.02000000,0.02010000,0.01960000,0.01980000,8993314.50000000,1767747599999,178576.11994000,1109
1767747600000,0.01980000,0.02010000,0.01950000,0.01970000,8100991.50000000,1767751199999,160358.92868000,1131
1767751200000,0.01960000,0.01970000,0.01940000,0.01960000,6153270.10000000,1767754799999,120015.00520000,911
1767754800000,0.01970000,0.01970000,0.01930000,0.01940000,3196803.10000000,1767758399999,62563.42306000,382
1767758400000,0.01950000,0.01950000,0.01930000,0.01940000,2685090.00000000,1767761999999,52134.59761000,299
1767762000000,0.01950000,0.01970000,0.01920000,0.01930000,4491085.80000000,1767765599999,87386.24372000,570
1767765600000,0.01940000,0.01940000,0.01910000,0.01930000,5383870.70000000,1767769199999,103773.03559000,530
1767769200000,0.01940000,0.01980000,0.01930000,0.01950000,5590079.40000000,1767772799999,109420.72311000,485
1767772800000,0.01950000,0.01970000,0.01940000,0.01960000,3423856.70000000,1767776399999,66811.73729000,383
1767776400000,0.01960000,0.01970000,0.01920000,0.01930000,4445270.50000000,1767779999999,86358.72834000,430
1767780000000,0.01930000,0.01980000,0.01930000,0.01950000,5194741.80000000,1767783599999,101620.71642000,472
1767783600000,0.01940000,0.01950000,0.01930000,0.01950000,4325954.80000000,1767787199999,84029.15520000,381
1767787200000,0.01940000,0.01940000,0.01910000,0.01910000,5515851.70000000,1767790799999,106167.11103000,494
1767790800000,0.01910000,0.01920000,0.01870000,0.01880000,4064511.70000000,1767794399999,77110.16526000,521
1767794400000,0.01880000,0.01890000,0.01830000,0.01880000,15425592.80000000,1767797999999,286854.42359000,1516
1767798000000,0.01870000,0.01870000,0.01800000,0.01820000,16249244.70000000,1767801599999,295594.56337000,1515
1767801600000,0.01810000,0.01850000,0.01810000,0.01840000,6979244.00000000,1767805199999,127764.45768000,721
1767805200000,0.01840000,0.01860000,0.01830000,0.01850000,4729902.30000000,1767808799999,87444.86103000,455
1767808800000,0.01840000,0.01850000,0.01820000,0.01830000,10371827.50000000,1767812399999,190407.30974000,782
1767812400000,0.01840000,0.01850000,0.01810000,0.01830000,3291998.90000000,1767815999999,60165.40367000,366
1767816000000,0.01830000,0.01830000,0.01800000,0.01820000,2938951.90000000,1767819599999,53424.80442000,296
1767819600000,0.01820000,0.01830000,0.01810000,0.01810000,3493599.80000000,1767823199999,63632.95788000,231
1767823200000,0.01820000,0.01820000,0.01780000,0.01780000,3715452.50000000,1767826799999,66993.91128000,283
1767826800000,0.01780000,0.01790000,0.01760000,0.01770000,4606104.30000000,1767830399999,81783.03783000,414
1767830400000,0.01780000,0.01790000,0.01770000,0.01770000,4438552.40000000,1767833999999,78870.00934000,345
1767834000000,0.01770000,0.01780000,0.01760000,0.01770000,3803169.70000000,1767837599999,67308.45445000,245
1767837600000,0.01760000,0.01770000,0.01740000,0.01750000,6404983.80000000,1767841199999,112579.82430000,373
1767841200000,0.01750000,0.01760000,0.01700000,0.01710000,6332663.00000000,1767844799999,109487.54631000,531
1767844800000,0.01720000,0.01730000,0.01700000,0.01730000,5084138.30000000,1767848399999,87470.57883000,436
1767848400000,0.01730000,0.01750000,0.01720000,0.01720000,5036819.50000000,1767851999999,87350.97957000,383
1767852000000,0.01720000,0.01740000,0.01680000,0.01690000,10534595.20000000,1767855599999,179235.33137000,702
1767855600000,0.01690000,0.01710000,0.01660000,0.01710000,7946140.00000000,1767859199999,134470.21015000,619
1767859200000,0.01710000,0.01750000,0.01700000,0.01710000,6297112.60000000,1767862799999,108356.63686000,472
1767862800000,0.01710000,0.01730000,0.01700000,0.01710000,3855614.60000000,1767866399999,66040.62266000,333
1767866400000,0.01710000,0.01720000,0.01690000,0.01720000,5100446.90000000,1767869999999,87039.24764000,309
1767870000000,0.01710000,0.01720000,0.01690000,0.01710000,3479515.30000000,1767873599999,59204.70583000,197
1767873600000,0.01710000,0.01720000,0.01690000,0.01700000,5884286.80000000,1767877199999,100152.45529000,287
1767877200000,0.01700000,0.01710000,0.01690000,0.01690000,4022392.80000000,1767880799999,68216.08454000,266
1767880800000,0.01700000,0.01730000,0.01690000,0.01710000,10128218.80000000,1767884399999,172979.47634000,613
1767884400000,0.01710000,0.01740000,0.01690000,0.01740000,6864311.90000000,1767887999999,118191.99782000,618
1767888000000,0.01740000,0.01750000,0.01710000,0.01720000,4198979.30000000,1767891599999,72477.07130000,320
1767891600000,0.01730000,0.01750000,0.01720000,0.01730000,4624820.00000000,1767895199999,80237.45702000,313
1767895200000,0.01730000,0.01750000,0.01720000,0.01730000,4555276.10000000,1767898799999,78979.15927000,393
1767898800000,0.01730000,0.01750000,0.01720000,0.01730000,3974629.20000000,1767902399999,68815.68640000,276
1767902400000,0.01720000,0.01730000,0.01710000,0.01730000,2078005.40000000,1767905999999,35790.22775000,155
1767906000000,0.01740000,0.01750000,0.01740000,0.01750000,1758715.80000000,1767909599999,30660.93292000,114
1767909600000,0.01750000,0.01770000,0.01740000,0.01750000,3217122.00000000,1767913199999,56338.08318000,280
1767913200000,0.01760000,0.01770000,0.01750000,0.01760000,3575854.20000000,1767916799999,62934.75661000,284
1767916800000,0.01770000,0.01800000,0.01770000,0.01790000,3999649.10000000,1767920399999,71287.04374000,277
1767920400000,0.01790000,0.01800000,0.01760000,0.01770000,9107547.70000000,1767923999999,162019.24007000,539
1767924000000,0.01770000,0.01780000,0.01760000,0.01770000,2244414.20000000,1767927599999,39763.82318000,139
1767927600000,0.01770000,0.01800000,0.01770000,0.01790000,1259265.50000000,1767931199999,22473.07313000,117
1767931200000,0.01790000,0.01790000,0.01760000,0.01770000,3131243.80000000,1767934799999,55698.68331000,188
1767934800000,0.01770000,0.01810000,0.01760000,0.01800000,8841124.70000000,1767938399999,158336.90603000,422
1767938400000,0.01800000,0.01830000,0.01800000,0.01810000,5580734.40000000,1767941999999,101034.26225000,382
1767942000000,0.01820000,0.01840000,0.01800000,0.01810000,5181534.50000000,1767945599999,94058.48761000,351
1767945600000,0.01800000,0.01840000,0.01780000,0.01810000,11429438.10000000,1767949199999,206748.02301000,710
1767949200000,0.01810000,0.01820000,0.01780000,0.01790000,6527390.20000000,1767952799999,117577.99616000,553
1767952800000,0.01780000,0.01780000,0.01750000,0.01760000,8963414.40000000,1767956399999,158106.74378000,590
1767956400000,0.01760000,0.01760000,0.01740000,0.01760000,2982272.90000000,1767959999999,52254.76052000,210
1767960000000,0.01750000,0.01760000,0.01730000,0.01760000,5338148.10000000,1767963599999,93376.99117000,392
1767963600000,0.01760000,0.01780000,0.01750000,0.01770000,4273965.10000000,1767967199999,75483.76992000,404
1767967200000,0.01770000,0.01770000,0.01740000,0.01760000,4802671.30000000,1767970799999,84245.35877000,339
1767970800000,0.01760000,0.01800000,0.01740000,0.01770000,6644822.60000000,1767974399999,118224.24914000,533
1767974400000,0.01780000,0.01790000,0.01770000,0.01790000,2942250.30000000,1767977999999,52380.16330000,261
1767978000000,0.01790000,0.01790000,0.01750000,0.01780000,3833528.10000000,1767981599999,67734.20922000,300
1767981600000,0.01770000,0.01770000,0.01730000,0.01760000,4359629.60000000,1767985199999,76379.86724000,299
1767985200000,0.01750000,0.01760000,0.01730000,0.01730000,3289731.00000000,1767988799999,57297.48355000,267
1767988800000,0.01740000,0.01740000,0.01720000,0.01730000,1586767.80000000,1767992399999,27555.26778000,115
1767992400000,0.01740000,0.01740000,0.01720000,0.01740000,2591762.70000000,1767995999999,44980.60177000,187
1767996000000,0.01730000,0.01770000,0.01730000,0.01770000,1368313.00000000,1767999599999,23841.63854000,152
1767999600000,0.01770000,0.01770000,0.01750000,0.01750000,1512663.30000000,1768003199999,26545.73378000,142
1768003200000,0.01750000,0.01770000,0.01740000,0.01760000,2358631.90000000,1768006799999,41390.15288000,230
1768006800000,0.01750000,0.01770000,0.01750000,0.01760000,1775817.20000000,1768010399999,31256.63928000,113
1768010400000,0.01770000,0.01770000,0.01750000,0.01760000,1094160.30000000,1768013999999,19268.65124000,86
1768014000000,0.01760000,0.01780000,0.01740000,0.01770000,2999405.60000000,1768017599999,52707.22989000,194
1768017600000,0.01780000,0.01780000,0.01750000,0.01750000,2944774.80000000,1768021199999,51747.18790000,196
1768021200000,0.01750000,0.01750000,0.01740000,0.01750000,1037659.60000000,1768024799999,18132.88921000,68
1768024800000,0.01750000,0.01770000,0.01740000,0.01760000,1794002.80000000,1768028399999,31454.96026000,110
1768028400000,0.01760000,0.01770000,0.01760000,0.01760000,2869980.20000000,1768031999999,50641.79847000,169
1768032000000,0.01770000,0.01770000,0.01750000,0.01760000,1716124.30000000,1768035599999,30204.45268000,99
1768035600000,0.01770000,0.01770000,0.01750000,0.01760000,4965651.50000000,1768039199999,87402.95697000,353
1768039200000,0.01770000,0.01770000,0.01760000,0.01770000,1739023.20000000,1768042799999,30758.13556000,138
1768042800000,0.01770000,0.01780000,0.01760000,0.01770000,1138615.40000000,1768046399999,20094.72484000,115
1768046400000,0.01770000,0.01790000,0.01770000,0.01770000,2061246.90000000,1768049999999,36593.57058000,229
1768050000000,0.01780000,0.01820000,0.01770000,0.01800000,6953180.70000000,1768053599999,124762.26086000,514
1768053600000,0.01800000,0.01850000,0.01790000,0.01800000,15826924.20000000,1768057199999,288398.73659000,1428
1768057200000,0.01800000,0.01800000,0.01780000,0.01780000,1884543.90000000,1768060799999,33760.97609000,231
1768060800000,0.01790000,0.01790000,0.01770000,0.01780000,2365033.80000000,1768064399999,42233.59684000,139
1768064400000,0.01790000,0.01800000,0.01780000,0.01780000,5318655.00000000,1768067999999,94749.66126000,261
1768068000000,0.01770000,0.01790000,0.01770000,0.01780000,1318587.00000000,1768071599999,23451.79345000,105
1768071600000,0.01780000,0.01800000,0.01780000,0.01800000,480295.00000000,1768075199999,8620.34938000,42
1768075200000,0.01800000,0.01800000,0.01780000,0.01780000,3597237.60000000,1768078799999,64230.60778000,222
1768078800000,0.01780000,0.01790000,0.01750000,0.01750000,5431996.90000000,1768082399999,96124.24608000,334
1768082400000,0.01750000,0.01800000,0.01740000,0.01740000,7464055.60000000,1768085999999,131921.80862000,573
1768086000000,0.01740000,0.01760000,0.01700000,0.01720000,15272885.00000000,1768089599999,263913.44126000,678
1768089600000,0.01720000,0.01720000,0.01700000,0.01710000,4289506.20000000,1768093199999,73424.64710000,255
1768093200000,0.01710000,0.01740000,0.01710000,0.01730000,1961498.50000000,1768096799999,33770.05357000,133
1768096800000,0.01720000,0.01730000,0.01720000,0.01730000,1051186.70000000,1768100399999,18143.97178000,77
1768100400000,0.01730000,0.01740000,0.01720000,0.01720000,1954974.70000000,1768103999999,33812.72651000,133
1768104000000,0.01720000,0.01730000,0.01710000,0.01710000,1430573.00000000,1768107599999,24595.44505000,93
1768107600000,0.01720000,0.01730000,0.01710000,0.01730000,1825453.80000000,1768111199999,31388.81126000,157
1768111200000,0.01730000,0.01730000,0.01710000,0.01730000,2135484.80000000,1768114799999,36651.29585000,109
1768114800000,0.01720000,0.01730000,0.01710000,0.01720000,2428221.00000000,1768118399999,41765.32575000,176
1768118400000,0.01730000,0.01730000,0.01720000,0.01730000,1287548.00000000,1768121999999,22269.37540000,109
1768122000000,0.01730000,0.01740000,0.01730000,0.01740000,2195155.60000000,1768125599999,38132.84892000,129
1768125600000,0.01730000,0.01750000,0.01730000,0.01740000,1566351.50000000,1768129199999,27251.04183000,106
1768129200000,0.01740000,0.01740000,0.01710000,0.01720000,4180569.50000000,1768132799999,71989.28348000,202
1768132800000,0.01720000,0.01730000,0.01710000,0.01730000,3527052.50000000,1768136399999,60531.52123000,198
1768136400000,0.01730000,0.01730000,0.01710000,0.01710000,1188899.20000000,1768139999999,20441.23948000,74
1768140000000,0.01720000,0.01730000,0.01710000,0.01720000,1840283.10000000,1768143599999,31652.21237000,138
1768143600000,0.01720000,0.01720000,0.01690000,0.01690000,8827719.30000000,1768147199999,150506.56984000,495
1768147200000,0.01690000,0.01720000,0.01690000,0.01710000,3916464.80000000,1768150799999,66729.15119000,188
1768150800000,0.01700000,0.01720000,0.01690000,0.01700000,2278544.70000000,1768154399999,38813.19890000,123
1768154400000,0.01710000,0.01710000,0.01690000,0.01700000,2991283.70000000,1768157999999,50849.74814000,234
1768158000000,0.01690000,0.01700000,0.01690000,0.01700000,2224247.70000000,1768161599999,37709.93311000,136
1768161600000,0.01690000,0.01690000,0.01660000,0.01670000,8502135.20000000,1768165199999,142742.96696000,528
1768165200000,0.01670000,0.01680000,0.01650000,0.01670000,3273729.70000000,1768168799999,54564.13322000,219
1768168800000,0.01670000,0.01670000,0.01630000,0.01640000,4506057.60000000,1768172399999,74334.24915000,362
1768172400000,0.01630000,0.01650000,0.01620000,0.01620000,4742829.60000000,1768175999999,77336.07045000,428
1768176000000,0.01630000,0.01640000,0.01580000,0.01610000,11387509.20000000,1768179599999,183763.45112000,894
1768179600000,0.01610000,0.01630000,0.01600000,0.01620000,6264136.30000000,1768183199999,101192.31925000,540
1768183200000,0.01620000,0.01630000,0.01610000,0.01620000,5892530.90000000,1768186799999,95568.24694000,395
1768186800000,0.01620000,0.01620000,0.01570000,0.01590000,7430494.00000000,1768190399999,118509.40248000,591
1768190400000,0.01580000,0.01610000,0.01580000,0.01610000,2052973.20000000,1768193999999,32721.57989000,156
1768194000000,0.01600000,0.01620000,0.01600000,0.01610000,5782748.80000000,1768197599999,93141.45734000,413
1768197600000,0.01610000,0.01610000,0.01590000,0.01610000,3888616.00000000,1768201199999,62232.55836000,292
1768201200000,0.01610000,0.01610000,0.01580000,0.01580000,2181480.60000000,1768204799999,34785.33147000,135
1768204800000,0.01590000,0.01600000,0.01570000,0.01580000,6882605.30000000,1768208399999,109080.23345000,432
1768208400000,0.01580000,0.01600000,0.01580000,0.01600000,7751916.70000000,1768211999999,123420.82549000,494
1768212000000,0.01600000,0.01610000,0.01580000,0.01600000,6245601.30000000,1768215599999,99564.62925000,432
1768215600000,0.01590000,0.01610000,0.01590000,0.01610000,1090690.00000000,1768219199999,17418.37203000,69
1768219200000,0.01600000,0.01610000,0.01590000,0.01590000,5517123.50000000,1768222799999,88274.86420000,287
1768222800000,0.01590000,0.01590000,0.01570000,0.01580000,3383897.70000000,1768226399999,53470.03539000,206
1768226400000,0.01580000,0.01600000,0.01570000,0.01590000,10501441.60000000,1768229999999,166241.16861000,585
1768230000000,0.01590000,0.01590000,0.01560000,0.01590000,8495004.60000000,1768233599999,134187.12979000,743
1768233600000,0.01590000,0.01600000,0.01560000,0.01590000,10726583.90000000,1768237199999,169990.32779000,644
1768237200000,0.01600000,0.01600000,0.01570000,0.01590000,3489550.10000000,1768240799999,55538.48033000,244
1768240800000,0.01590000,0.01610000,0.01580000,0.01600000,4848483.10000000,1768244399999,77325.43827000,424
1768244400000,0.01600000,0.01610000,0.01590000,0.01610000,1969957.90000000,1768247999999,31535.03372000,132
1768248000000,0.01610000,0.01610000,0.01600000,0.01600000,1308019.90000000,1768251599999,20943.90041000,95
1768251600000,0.01600000,0.01620000,0.01580000,0.01590000,6728363.50000000,1768255199999,107704.80897000,368
1768255200000,0.01590000,0.01610000,0.01590000,0.01600000,2002112.00000000,1768258799999,32029.93412000,174
1768258800000,0.01600000,0.01620000,0.01600000,0.01610000,1354047.40000000,1768262399999,21772.69685000,147
1768262400000,0.01600000,0.01650000,0.01600000,0.01630000,9405822.60000000,1768265999999,153823.27465000,612
1768266000000,0.01630000,0.01650000,0.01630000,0.01650000,3618603.00000000,1768269599999,59291.93432000,217
1768269600000,0.01640000,0.01660000,0.01640000,0.01640000,3192905.20000000,1768273199999,52706.93213000,202
1768273200000,0.01640000,0.01670000,0.01640000,0.01650000,3638823.20000000,1768276799999,60238.71794000,272
1768276800000,0.01650000,0.01650000,0.01630000,0.01650000,2808710.60000000,1768280399999,46206.28029000,160
1768280400000,0.01650000,0.01680000,0.01630000,0.01640000,12595259.20000000,1768283999999,208096.72614000,620
1768284000000,0.01650000,0.01650000,0.01640000,0.01650000,4405034.30000000,1768287599999,72574.56457000,251
1768287600000,0.01660000,0.01660000,0.01640000,0.01650000,993837.40000000,1768291199999,16398.49190000,68
1768291200000,0.01650000,0.01650000,0.01640000,0.01650000,429485.20000000,1768294799999,7058.87208000,34
1768294800000,0.01650000,0.01650000,0.01630000,0.01630000,4496819.80000000,1768298399999,73677.29707000,204
1768298400000,0.01630000,0.01650000,0.01620000,0.01630000,3048212.20000000,1768301999999,49802.54041000,160
1768302000000,0.01630000,0.01640000,0.01630000,0.01640000,2106424.30000000,1768305599999,34460.71816000,93
1768305600000,0.01640000,0.01640000,0.01620000,0.01630000,2028017.60000000,1768309199999,33134.68458000,247
1768309200000,0.01640000,0.01640000,0.01620000,0.01630000,4857874.50000000,1768312799999,79171.00572000,435
1768312800000,0.01620000,0.01640000,0.01620000,0.01630000,3961041.70000000,1768316399999,64542.89156000,193
1768316400000,0.01620000,0.01620000,0.01590000,0.01610000,7870937.00000000,1768319999999,126773.45358000,444
1768320000000,0.01620000,0.01620000,0.01610000,0.01620000,3350113.00000000,1768323599999,54030.69963000,187
1768323600000,0.01620000,0.01620000,0.01600000,0.01610000,1307488.60000000,1768327199999,21071.64973000,109
1768327200000,0.01610000,0.01630000,0.01580000,0.01610000,16045288.20000000,1768330799999,257539.68042000,782
1768330800000,0.01600000,0.01610000,0.01590000,0.01610000,5697529.30000000,1768334399999,91370.93156000,266
1768334400000,0.01610000,0.01610000,0.01590000,0.01610000,6461666.30000000,1768337999999,103315.25573000,324
1768338000000,0.01610000,0.01620000,0.01600000,0.01620000,2480483.20000000,1768341599999,39959.58501000,192
1768341600000,0.01620000,0.01660000,0.01610000,0.01650000,9550097.10000000,1768345199999,156565.74090000,645
1768345200000,0.01650000,0.01660000,0.01630000,0.01650000,7823984.80000000,1768348799999,128857.06750000,374
1768348800000,0.01640000,0.01670000,0.01640000,0.01670000,5214872.70000000,1768352399999,86266.12062000,403
1768352400000,0.01660000,0.01680000,0.01660000,0.01670000,4245975.70000000,1768355999999,70829.25079000,240
1768356000000,0.01660000,0.01680000,0.01660000,0.01670000,3041950.20000000,1768359599999,50763.44855000,206
1768359600000,0.01670000,0.01670000,0.01660000,0.01670000,1232733.50000000,1768363199999,20531.36732000,115
1768363200000,0.01670000,0.01680000,0.01650000,0.01670000,5387837.40000000,1768366799999,89619.79121000,369
1768366800000,0.01660000,0.01670000,0.01640000,0.01650000,10667216.70000000,1768370399999,176587.86251000,580
1768370400000,0.01650000,0.01660000,0.01630000,0.01640000,7543045.10000000,1768373999999,124077.41116000,527
1768374000000,0.01640000,0.01650000,0.01620000,0.01620000,7053941.40000000,1768377599999,115087.42066000,476
1768377600000,0.01620000,0.01640000,0.01610000,0.01630000,5330990.80000000,1768381199999,86774.63573000,321
1768381200000,0.01640000,0.01660000,0.01630000,0.01640000,7397697.80000000,1768384799999,121903.22673000,505
1768384800000,0.01650000,0.01660000,0.01630000,0.01650000,10652785.60000000,1768388399999,175496.73647000,643
1768388400000,0.01650000,0.01660000,0.01630000,0.01640000,10834445.10000000,1768391999999,178089.56245000,644
1768392000000,0.01640000,0.01660000,0.01640000,0.01650000,6894472.20000000,1768395599999,113653.19625000,499
1768395600000,0.01640000,0.01680000,0.01630000,0.01670000,18505019.40000000,1768399199999,306311.93188000,805
1768399200000,0.01660000,0.01690000,0.01660000,0.01690000,9587092.70000000,1768402799999,160515.92536000,503
1768402800000,0.01680000,0.01760000,0.01680000,0.01720000,31284861.60000000,1768406399999,539841.26317000,2277
1768406400000,0.01710000,0.01740000,0.01710000,0.01710000,6099478.10000000,1768409999999,105023.70869000,428
1768410000000,0.01720000,0.01740000,0.01700000,0.01710000,10856986.80000000,1768413599999,186696.84448000,522
1768413600000,0.01710000,0.01720000,0.01660000,0.01680000,17903289.60000000,1768417199999,302722.81736000,877
1768417200000,0.01680000,0.01710000,0.01670000,0.01710000,4258655.10000000,1768420799999,72034.41908000,303
1768420800000,0.01700000,0.01720000,0.01700000,0.01710000,3383131.70000000,1768424399999,57779.19365000,209
1768424400000,0.01710000,0.01710000,0.01680000,0.01690000,4668522.80000000,1768427999999,79182.76483000,262
1768428000000,0.01680000,0.01700000,0.01670000,0.01680000,3305010.20000000,1768431599999,55658.72533000,170
1768431600000,0.01680000,0.01690000,0.01670000,0.01680000,3263175.00000000,1768435199999,54834.90236000,241
1768435200000,0.01680000,0.01690000,0.01670000,0.01680000,5216815.00000000,1768438799999,87317.22453000,322
1768438800000,0.01680000,0.01680000,0.01660000,0.01680000,3678531.00000000,1768442399999,61432.34705000,219
1768442400000,0.01680000,0.01700000,0.01670000,0.01680000,3616791.30000000,1768445999999,60753.47932000,246
1768446000000,0.01690000,0.01700000,0.01650000,0.01650000,10383481.60000000,1768449599999,173937.57336000,673
1768449600000,0.01650000,0.01680000,0.01650000,0.01680000,4056142.00000000,1768453199999,67785.90333000,263
1768453200000,0.01680000,0.01720000,0.01680000,0.01700000,5578507.40000000,1768456799999,94953.53757000,401
1768456800000,0.01700000,0.01780000,0.01690000,0.01760000,34899345.20000000,1768460399999,611697.34207000,1757
1768460400000,0.01760000,0.01820000,0.01760000,0.01810000,29683920.10000000,1768463999999,533497.96077000,2542
1768464000000,0.01800000,0.01800000,0.01750000,0.01750000,12332575.20000000,1768467599999,218925.67103000,773
1768467600000,0.01750000,0.01760000,0.01740000,0.01750000,6362914.90000000,1768471199999,111238.41538000,369
1768471200000,0.01750000,0.01770000,0.01730000,0.01760000,10906136.40000000,1768474799999,191168.46832000,613
1768474800000,0.01750000,0.01760000,0.01730000,0.01730000,3120894.30000000,1768478399999,54399.52549000,232
1768478400000,0.01740000,0.01750000,0.01730000,0.01750000,5507340.00000000,1768481999999,95757.69714000,346
1768482000000,0.01750000,0.01760000,0.01720000,0.01720000,5224589.40000000,1768485599999,90740.26826000,354
1768485600000,0.01720000,0.01730000,0.01690000,0.01710000,12883168.30000000,1768489199999,220228.98110000,807
1768489200000,0.01710000,0.01720000,0.01660000,0.01680000,13935710.30000000,1768492799999,235080.31131000,988
1768492800000,0.01680000,0.01700000,0.01670000,0.01690000,4094321.80000000,1768496399999,68975.75248000,420
1768496400000,0.01680000,0.01700000,0.01680000,0.01680000,4293093.40000000,1768499999999,72432.63228000,334
1768500000000,0.01670000,0.01680000,0.01640000,0.01640000,8980231.10000000,1768503599999,148897.88184000,561
1768503600000,0.01640000,0.01650000,0.01620000,0.01630000,6635804.70000000,1768507199999,108528.83182000,532
1768507200000,0.01640000,0.01650000,0.01620000,0.01630000,5233811.90000000,1768510799999,85262.00834000,323
1768510800000,0.01630000,0.01640000,0.01630000,0.01640000,1283724.90000000,1768514399999,20941.99999000,69
1768514400000,0.01640000,0.01650000,0.01630000,0.01630000,2988912.70000000,1768517999999,49017.77050000,215
1768518000000,0.01630000,0.01640000,0.01630000,0.01640000,1576044.60000000,1768521599999,25846.99106000,104
1768521600000,0.01640000,0.01660000,0.01640000,0.01640000,2700325.90000000,1768525199999,44446.60459000,149
1768525200000,0.01640000,0.01650000,0.01630000,0.01630000,3710348.00000000,1768528799999,60716.65817000,214
1768528800000,0.01640000,0.01640000,0.01610000,0.01640000,2635570.50000000,1768532399999,42925.53407000,142
1768532400000,0.01640000,0.01640000,0.01630000,0.01630000,2932946.80000000,1768535999999,47895.73692000,200
1768536000000,0.01620000,0.01630000,0.01600000,0.01620000,4939502.70000000,1768539599999,79840.61705000,415
1768539600000,0.01610000,0.01650000,0.01610000,0.01630000,7537877.70000000,1768543199999,122699.12895000,406
1768543200000,0.01630000,0.01660000,0.01620000,0.01660000,2409001.10000000,1768546799999,39430.61849000,206
1768546800000,0.01660000,0.01660000,0.01640000,0.01650000,1661208.00000000,1768550399999,27426.53110000,86
1768550400000,0.01640000,0.01650000,0.01640000,0.01640000,266962.90000000,1768553999999,4393.39748000,30
1768554000000,0.01640000,0.01660000,0.01640000,0.01650000,2646395.00000000,1768557599999,43606.88166000,146
1768557600000,0.01650000,0.01650000,0.01640000,0.01640000,198602.10000000,1768561199999,3274.61710000,25
1768561200000,0.01640000,0.01660000,0.01640000,0.01660000,2006760.00000000,1768564799999,33063.76197000,134
1768564800000,0.01660000,0.01670000,0.01660000,0.01670000,2755291.20000000,1768568399999,45942.20597000,181
1768568400000,0.01670000,0.01680000,0.01660000,0.01680000,2131575.80000000,1768571999999,35605.14107000,182
1768572000000,0.01670000,0.01680000,0.01660000,0.01670000,6227886.20000000,1768575599999,103895.32101000,362
1768575600000,0.01670000,0.01680000,0.01610000,0.01630000,9596417.90000000,1768579199999,157859.36445000,847
1768579200000,0.01620000,0.01650000,0.01620000,0.01640000,3630759.40000000,1768582799999,59403.36880000,234
1768582800000,0.01630000,0.01650000,0.01620000,0.01640000,2658961.20000000,1768586399999,43469.77766000,280
1768586400000,0.01650000,0.01650000,0.01640000,0.01650000,1869302.20000000,1768589999999,30777.84179000,121
1768590000000,0.01650000,0.01650000,0.01630000,0.01640000,1893026.90000000,1768593599999,31075.75969000,155
1768593600000,0.01640000,0.01680000,0.01630000,0.01680000,2497474.10000000,1768597199999,41259.51533000,218
1768597200000,0.01670000,0.01700000,0.01670000,0.01680000,4343412.10000000,1768600799999,73008.02937000,257
1768600800000,0.01680000,0.01700000,0.01680000,0.01700000,1095771.20000000,1768604399999,18453.74582000,90
1768604400000,0.01700000,0.01720000,0.01680000,0.01710000,5106864.30000000,1768607999999,86744.05523000,326
1768608000000,0.01710000,0.01730000,0.01690000,0.01710000,7752538.80000000,1768611599999,132653.54511000,427
1768611600000,0.01700000,0.01700000,0.01690000,0.01700000,2522732.30000000,1768615199999,42741.65342000,143
1768615200000,0.01700000,0.01700000,0.01680000,0.01690000,1287817.80000000,1768618799999,21762.88267000,112
1768618800000,0.01690000,0.01700000,0.01690000,0.01700000,243689.60000000,1768622399999,4118.96734000,26
1768622400000,0.01700000,0.01710000,0.01680000,0.01700000,4213106.10000000,1768625999999,71426.37315000,266
1768626000000,0.01700000,0.01720000,0.01700000,0.01700000,2468420.80000000,1768629599999,42162.74199000,179
1768629600000,0.01700000,0.01710000,0.01700000,0.01700000,1664931.80000000,1768633199999,28307.07406000,113
1768633200000,0.01700000,0.01720000,0.01690000,0.01710000,4215379.60000000,1768636799999,72112.42767000,228
1768636800000,0.01710000,0.01750000,0.01710000,0.01740000,5900578.10000000,1768640399999,102309.95635000,383
1768640400000,0.01740000,0.01750000,0.01730000,0.01750000,1051058.90000000,1768643999999,18287.95216000,103
1768644000000,0.01740000,0.01750000,0.01700000,0.01700000,7276521.20000000,1768647599999,125313.62164000,404
1768647600000,0.01700000,0.01710000,0.01700000,0.01700000,3522693.00000000,1768651199999,60042.58188000,192
1768651200000,0.01700000,0.01730000,0.01690000,0.01730000,1873890.50000000,1768654799999,31962.86857000,125
1768654800000,0.01730000,0.01730000,0.01710000,0.01730000,3328169.70000000,1768658399999,57252.84180000,151
1768658400000,0.01720000,0.01740000,0.01720000,0.01740000,3372109.40000000,1768661999999,58363.17327000,175
1768662000000,0.01750000,0.01760000,0.01730000,0.01730000,3191150.00000000,1768665599999,55634.30159000,269
1768665600000,0.01730000,0.01740000,0.01710000,0.01710000,5219338.70000000,1768669199999,89963.70760000,442
1768669200000,0.01710000,0.01740000,0.01710000,0.01720000,3826274.90000000,1768672799999,66046.95488000,250
1768672800000,0.01720000,0.01730000,0.01710000,0.01730000,345431.50000000,1768676399999,5942.04192000,32
1768676400000,0.01720000,0.01730000,0.01710000,0.01710000,1593780.10000000,1768679999999,27416.66460000,87
1768680000000,0.01720000,0.01720000,0.01700000,0.01710000,3005748.80000000,1768683599999,51479.57900000,176
1768683600000,0.01710000,0.01710000,0.01700000,0.01700000,2378315.30000000,1768687199999,40443.51098000,151
1768687200000,0.01700000,0.01710000,0.01650000,0.01660000,4077018.60000000,1768690799999,68368.79652000,333
1768690800000,0.01670000,0.01670000,0.01660000,0.01660000,2901147.30000000,1768694399999,48251.21945000,158
1768694400000,0.01670000,0.01680000,0.01660000,0.01670000,2668537.20000000,1768697999999,44722.13423000,168
1768698000000,0.01680000,0.01690000,0.01660000,0.01660000,5556823.60000000,1768701599999,92441.13568000,343
1768701600000,0.01670000,0.01670000,0.01650000,0.01670000,2322828.30000000,1768705199999,38564.16667000,131
1768705200000,0.01660000,0.01670000,0.01660000,0.01670000,1062021.50000000,1768708799999,17665.61470000,51
1768708800000,0.01660000,0.01670000,0.01640000,0.01670000,2897505.40000000,1768712399999,48019.48575000,167
1768712400000,0.01660000,0.01670000,0.01650000,0.01660000,617185.30000000,1768715999999,10247.34448000,53
1768716000000,0.01660000,0.01670000,0.01650000,0.01660000,3950952.70000000,1768719599999,65602.61424000,293
1768719600000,0.01660000,0.01660000,0.01640000,0.01660000,3529520.60000000,1768723199999,58377.42030000,237
1768723200000,0.01650000,0.01660000,0.01650000,0.01650000,2775102.30000000,1768726799999,45905.51395000,166
1768726800000,0.01650000,0.01660000,0.01650000,0.01650000,2009295.40000000,1768730399999,33280.39612000,137
1768730400000,0.01650000,0.01670000,0.01650000,0.01670000,1739248.50000000,1768733999999,28840.85088000,115
1768734000000,0.01660000,0.01680000,0.01660000,0.01670000,2070267.80000000,1768737599999,34573.75398000,117
1768737600000,0.01670000,0.01670000,0.01660000,0.01670000,2327388.80000000,1768741199999,38867.10544000,175
1768741200000,0.01660000,0.01660000,0.01620000,0.01640000,8962734.50000000,1768744799999,147332.63559000,482
1768744800000,0.01640000,0.01660000,0.01630000,0.01630000,5083278.50000000,1768748399999,83496.48199000,333
1768748400000,0.01630000,0.01660000,0.01630000,0.01650000,2648788.50000000,1768751999999,43506.32444000,165
1768752000000,0.01660000,0.01660000,0.01650000,0.01650000,1068807.20000000,1768755599999,17728.35553000,59
1768755600000,0.01660000,0.01660000,0.01650000,0.01660000,903539.20000000,1768759199999,14953.83806000,67
1768759200000,0.01660000,0.01670000,0.01650000,0.01660000,1316430.30000000,1768762799999,21849.18514000,82
1768762800000,0.01670000,0.01670000,0.01650000,0.01650000,1860906.80000000,1768766399999,30810.42951000,102
1768766400000,0.01640000,0.01660000,0.01640000,0.01650000,1298234.20000000,1768769999999,21412.07717000,76
1768770000000,0.01660000,0.01670000,0.01650000,0.01670000,763134.00000000,1768773599999,12683.29991000,49
1768773600000,0.01670000,0.01670000,0.01660000,0.01660000,1998031.60000000,1768777199999,33365.01305000,96
1768777200000,0.01660000,0.01660000,0.01560000,0.01560000,18907846.90000000,1768780799999,301410.07406000,1084
1768780800000,0.01560000,0.01560000,0.01270000,0.01460000,92852619.40000000,1768784399999,1329024.65757000,6381
1768784400000,0.01460000,0.01470000,0.01440000,0.01440000,11855070.60000000,1768787999999,172570.00308000,1061
1768788000000,0.01440000,0.01460000,0.01440000,0.01450000,5699267.50000000,1768791599999,82705.29353000,844
1768791600000,0.01450000,0.01460000,0.01440000,0.01450000,3587319.50000000,1768795199999,52169.94201000,706
1768795200000,0.01460000,0.01470000,0.01450000,0.01450000,6730209.60000000,1768798799999,98413.44045000,844
1768798800000,0.01450000,0.01470000,0.01440000,0.01440000,9654568.20000000,1768802399999,140347.20213000,1472
1768802400000,0.01440000,0.01470000,0.01440000,0.01450000,10111273.00000000,1768805999999,147547.37186000,1310
1768806000000,0.01450000,0.01470000,0.01450000,0.01460000,3252225.40000000,1768809599999,47463.77450000,884
1768809600000,0.01460000,0.01500000,0.01460000,0.01480000,11508661.70000000,1768813199999,170511.05037000,1441
1768813200000,0.01480000,0.01490000,0.01470000,0.01470000,2892965.80000000,1768816799999,42833.77700000,545
1768816800000,0.01480000,0.01480000,0.01470000,0.01470000,737252.50000000,1768820399999,10899.23127000,213
1768820400000,0.01470000,0.01480000,0.01470000,0.01470000,2331483.20000000,1768823999999,34475.09042000,286
1768824000000,0.01470000,0.01480000,0.01460000,0.01460000,2738596.70000000,1768827599999,40295.78153000,273
1768827600000,0.01460000,0.01490000,0.01450000,0.01460000,11737568.00000000,1768831199999,172721.11476000,644
1768831200000,0.01460000,0.01480000,0.01460000,0.01470000,6639723.40000000,1768834799999,97558.19285000,499
1768834800000,0.01470000,0.01490000,0.01460000,0.01470000,6750858.50000000,1768838399999,99581.92658000,593
1768838400000,0.01470000,0.01490000,0.01470000,0.01490000,4245940.60000000,1768841999999,62811.23747000,372
1768842000000,0.01490000,0.01500000,0.01480000,0.01480000,3506216.60000000,1768845599999,52213.72178000,383
1768845600000,0.01480000,0.01490000,0.01480000,0.01490000,385373.90000000,1768849199999,5717.52940000,110
1768849200000,0.01480000,0.01500000,0.01480000,0.01480000,3679165.60000000,1768852799999,54808.26511000,309
1768852800000,0.01480000,0.01500000,0.01480000,0.01480000,1704235.50000000,1768856399999,25296.89954000,171
1768856400000,0.01480000,0.01490000,0.01470000,0.01470000,1678491.70000000,1768859999999,24711.92227000,195
1768860000000,0.01470000,0.01480000,0.01450000,0.01460000,6319535.10000000,1768863599999,93008.49075000,465
1768863600000,0.01460000,0.01480000,0.01390000,0.01440000,25495284.00000000,1768867199999,366750.13748000,1385
1768867200000,0.01450000,0.01460000,0.01430000,0.01440000,7555850.30000000,1768870799999,109176.11212000,610
1768870800000,0.01440000,0.01460000,0.01430000,0.01440000,5662209.20000000,1768874399999,81877.61799000,524
1768874400000,0.01450000,0.01460000,0.01430000,0.01440000,1903318.40000000,1768877999999,27500.27372000,295
1768878000000,0.01440000,0.01450000,0.01430000,0.01440000,2577047.10000000,1768881599999,37203.70100000,318
1768881600000,0.01440000,0.01450000,0.01440000,0.01440000,867640.60000000,1768885199999,12494.33455000,244
1768885200000,0.01440000,0.01460000,0.01440000,0.01450000,5460647.90000000,1768888799999,79234.13619000,506
1768888800000,0.01450000,0.01450000,0.01420000,0.01420000,7451478.40000000,1768892399999,106772.30316000,639
1768892400000,0.01430000,0.01440000,0.01420000,0.01430000,3750205.10000000,1768895999999,53615.22911000,353
1768896000000,0.01430000,0.01440000,0.01410000,0.01410000,3590549.50000000,1768899599999,51203.02668000,416
1768899600000,0.01410000,0.01420000,0.01400000,0.01400000,2700221.90000000,1768903199999,38029.23202000,306
1768903200000,0.01400000,0.01410000,0.01340000,0.01380000,22029402.40000000,1768906799999,303431.50737000,1102
1768906800000,0.01380000,0.01390000,0.01350000,0.01370000,6655115.10000000,1768910399999,91162.26330000,649
1768910400000,0.01360000,0.01380000,0.01360000,0.01370000,2225928.80000000,1768913999999,30502.24613000,418
1768914000000,0.01380000,0.01380000,0.01350000,0.01360000,10681945.40000000,1768917599999,146266.33230000,745
1768917600000,0.01360000,0.01390000,0.01360000,0.01370000,6852300.60000000,1768921199999,93952.47523000,581
1768921200000,0.01370000,0.01380000,0.01350000,0.01360000,12474063.30000000,1768924799999,169715.08473000,1143
1768924800000,0.01360000,0.01380000,0.01350000,0.01350000,6330661.60000000,1768928399999,86227.59401000,531
1768928400000,0.01350000,0.01370000,0.01350000,0.01360000,7246219.10000000,1768931999999,98527.25495000,446
1768932000000,0.01360000,0.01370000,0.01360000,0.01370000,4033282.20000000,1768935599999,54886.65504000,200
1768935600000,0.01360000,0.01390000,0.01360000,0.01390000,1794343.60000000,1768939199999,24678.22826000,153
1768939200000,0.01380000,0.01400000,0.01380000,0.01380000,2815481.50000000,1768942799999,39130.93921000,202
1768942800000,0.01380000,0.01390000,0.01370000,0.01370000,1325901.90000000,1768946399999,18232.36499000,116
1768946400000,0.01370000,0.01380000,0.01340000,0.01360000,6739656.20000000,1768949999999,91225.39460000,357
1768950000000,0.01350000,0.01360000,0.01340000,0.01340000,2525400.40000000,1768953599999,34041.99928000,131
1768953600000,0.01350000,0.01380000,0.01350000,0.01380000,4464007.90000000,1768957199999,60789.98943000,204
1768957200000,0.01380000,0.01390000,0.01360000,0.01360000,4230576.80000000,1768960799999,58222.50709000,237
1768960800000,0.01370000,0.01380000,0.01360000,0.01370000,3220413.80000000,1768964399999,44036.57278000,155
1768964400000,0.01370000,0.01380000,0.01360000,0.01360000,2753826.70000000,1768967999999,37719.69192000,121
1768968000000,0.01360000,0.01380000,0.01360000,0.01380000,703831.40000000,1768971599999,9651.29153000,39
1768971600000,0.01380000,0.01390000,0.01370000,0.01380000,2555077.30000000,1768975199999,35273.72567000,194
1768975200000,0.01390000,0.01390000,0.01370000,0.01380000,4170376.30000000,1768978799999,57585.67087000,224
1768978800000,0.01390000,0.01390000,0.01370000,0.01380000,2106982.80000000,1768982399999,29126.30695000,113
1768982400000,0.01370000,0.01380000,0.01360000,0.01370000,1585172.70000000,1768985999999,21716.66778000,97
1768986000000,0.01380000,0.01380000,0.01370000,0.01370000,73193.00000000,1768989599999,1008.77360000,18
1768989600000,0.01380000,0.01380000,0.01360000,0.01360000,2899360.70000000,1768993199999,39889.38797000,124
1768993200000,0.01360000,0.01380000,0.01360000,0.01370000,1113622.90000000,1768996799999,15261.08173000,74
1768996800000,0.01370000,0.01390000,0.01340000,0.01380000,14295899.30000000,1769000399999,195338.53474000,746
1769000400000,0.01380000,0.01380000,0.01370000,0.01380000,3942987.40000000,1769003999999,54095.17947000,201
1769004000000,0.01370000,0.01400000,0.01370000,0.01400000,9499462.30000000,1769007599999,132091.35603000,457
1769007600000,0.01400000,0.01410000,0.01390000,0.01410000,2825898.20000000,1769011199999,39654.81268000,179
1769011200000,0.01400000,0.01400000,0.01370000,0.01370000,7795564.90000000,1769014799999,107661.06898000,404
1769014800000,0.01370000,0.01380000,0.01340000,0.01370000,12440625.00000000,1769018399999,169434.08919000,590
1769018400000,0.01360000,0.01370000,0.01350000,0.01370000,4073999.30000000,1769021999999,55279.33178000,241
1769022000000,0.01370000,0.01420000,0.01360000,0.01410000,10636537.20000000,1769025599999,148561.05893000,563
1769025600000,0.01410000,0.01420000,0.01390000,0.01410000,3632593.70000000,1769029199999,51052.42162000,212
1769029200000,0.01400000,0.01410000,0.01400000,0.01400000,1552146.30000000,1769032799999,21877.42410000,84
1769032800000,0.01400000,0.01410000,0.01390000,0.01400000,1734832.20000000,1769036399999,24341.80237000,100
1769036400000,0.01400000,0.01410000,0.01380000,0.01390000,913628.50000000,1769039999999,12760.52564000,52
1769040000000,0.01390000,0.01410000,0.01390000,0.01410000,719511.30000000,1769043599999,10040.66953000,40
1769043600000,0.01400000,0.01410000,0.01390000,0.01400000,5034007.20000000,1769047199999,70476.88850000,202
1769047200000,0.01400000,0.01400000,0.01390000,0.01400000,12645.60000000,1769050799999,176.52098000,9
1769050800000,0.01390000,0.01390000,0.01370000,0.01380000,2396067.50000000,1769054399999,33105.95827000,132
1769054400000,0.01390000,0.01400000,0.01380000,0.01400000,2661497.70000000,1769057999999,36993.39873000,142
1769058000000,0.01390000,0.01410000,0.01390000,0.01400000,2681253.40000000,1769061599999,37491.78852000,125
1769061600000,0.01400000,0.01400000,0.01390000,0.01400000,4025676.60000000,1769065199999,56148.38407000,151
1769065200000,0.01390000,0.01400000,0.01380000,0.01380000,781027.90000000,1769068799999,10867.82187000,40
1769068800000,0.01390000,0.01390000,0.01370000,0.01380000,2969298.40000000,1769072399999,40976.88266000,137
1769072400000,0.01390000,0.01400000,0.01380000,0.01390000,1315928.20000000,1769075999999,18287.30346000,63
1769076000000,0.01390000,0.01400000,0.01370000,0.01390000,5976060.20000000,1769079599999,83000.69699000,314
1769079600000,0.01400000,0.01400000,0.01380000,0.01380000,2125631.80000000,1769083199999,29517.33241000,148
1769083200000,0.01390000,0.01390000,0.01380000,0.01390000,2837574.20000000,1769086799999,39177.56350000,153
1769086800000,0.01380000,0.01390000,0.01370000,0.01370000,4927835.00000000,1769090399999,67986.34257000,258
1769090400000,0.01370000,0.01380000,0.01350000,0.01360000,7079321.80000000,1769093999999,96569.76604000,318
1769094000000,0.01350000,0.01360000,0.01340000,0.01360000,10570426.90000000,1769097599999,142836.68542000,486
1769097600000,0.01360000,0.01380000,0.01350000,0.01380000,4334119.30000000,1769101199999,59131.27573000,227
1769101200000,0.01380000,0.01380000,0.01370000,0.01370000,2253948.30000000,1769104799999,31104.12050000,118
1769104800000,0.01380000,0.01380000,0.01360000,0.01370000,1197451.70000000,1769108399999,16404.74578000,75
1769108400000,0.01360000,0.01380000,0.01360000,0.01370000,5976252.70000000,1769111999999,81534.30768000,283
1769112000000,0.01370000,0.01370000,0.01350000,0.01360000,4152502.10000000,1769115599999,56487.98533000,197
1769115600000,0.01360000,0.01370000,0.01350000,0.01350000,3113784.00000000,1769119199999,42330.87971000,197
1769119200000,0.01360000,0.01360000,0.01350000,0.01360000,766501.80000000,1769122799999,10418.46054000,77
1769122800000,0.01350000,0.01360000,0.01340000,0.01360000,6306498.30000000,1769126399999,84900.58272000,192
1769126400000,0.01360000,0.01370000,0.01360000,0.01360000,192148.80000000,1769129999999,2618.04918000,21
1769130000000,0.01360000,0.01370000,0.01360000,0.01370000,1318862.70000000,1769133599999,18043.83641000,80
1769133600000,0.01370000,0.01380000,0.01370000,0.01370000,1474599.40000000,1769137199999,20213.84251000,87
1769137200000,0.01370000,0.01380000,0.01360000,0.01380000,1752493.90000000,1769140799999,24129.44600000,76
1769140800000,0.01390000,0.01390000,0.01380000,0.01390000,2612677.80000000,1769144399999,36274.31965000,92
1769144400000,0.01380000,0.01410000,0.01380000,0.01410000,961287.50000000,1769147999999,13423.93598000,44
1769148000000,0.01400000,0.01440000,0.01400000,0.01420000,15205081.40000000,1769151599999,216579.07973000,695
1769151600000,0.01420000,0.01440000,0.01410000,0.01410000,5376516.60000000,1769155199999,76531.67609000,256
1769155200000,0.01420000,0.01420000,0.01390000,0.01400000,2867698.50000000,1769158799999,40541.17444000,133
1769158800000,0.01400000,0.01410000,0.01390000,0.01400000,3947668.60000000,1769162399999,55193.71071000,211
1769162400000,0.01390000,0.01410000,0.01390000,0.01390000,2484519.20000000,1769165999999,34678.05974000,229
1769166000000,0.01390000,0.01410000,0.01390000,0.01390000,1213984.00000000,1769169599999,16975.86861000,72
1769169600000,0.01390000,0.01400000,0.01390000,0.01390000,1710078.70000000,1769173199999,23808.05322000,83
1769173200000,0.01400000,0.01400000,0.01380000,0.01390000,970845.40000000,1769176799999,13474.02995000,47
1769176800000,0.01390000,0.01390000,0.01370000,0.01390000,6720484.90000000,1769180399999,92647.85783000,278
1769180400000,0.01390000,0.01390000,0.01360000,0.01390000,8084171.00000000,1769183999999,111345.95265000,387
1769184000000,0.01390000,0.01400000,0.01370000,0.01400000,5835325.40000000,1769187599999,80751.75095000,277
1769187600000,0.01400000,0.01420000,0.01380000,0.01400000,11057550.50000000,1769191199999,155622.27012000,493
1769191200000,0.01400000,0.01420000,0.01390000,0.01400000,2887020.60000000,1769194799999,40573.32086000,131
1769194800000,0.01390000,0.01390000,0.01370000,0.01380000,3518598.10000000,1769198399999,48615.71363000,166
1769198400000,0.01380000,0.01380000,0.01360000,0.01360000,9036635.40000000,1769201999999,123051.06265000,370
1769202000000,0.01370000,0.01390000,0.01370000,0.01380000,2322330.40000000,1769205599999,31907.92076000,114
1769205600000,0.01380000,0.01390000,0.01380000,0.01390000,97623.00000000,1769209199999,1350.45572000,18
1769209200000,0.01390000,0.01400000,0.01390000,0.01400000,117115.90000000,1769212799999,1631.40802000,20
1769212800000,0.01400000,0.01400000,0.01390000,0.01400000,693619.80000000,1769216399999,9684.19303000,22
1769216400000,0.01390000,0.01410000,0.01380000,0.01410000,2401850.20000000,1769219999999,33469.25249000,128
1769220000000,0.01410000,0.01430000,0.01400000,0.01410000,4217351.30000000,1769223599999,59716.22222000,190
1769223600000,0.01420000,0.01470000,0.01420000,0.01450000,11230494.00000000,1769227199999,162000.31968000,517
1769227200000,0.01450000,0.01470000,0.01420000,0.01420000,17950560.40000000,1769230799999,260635.88233000,922
1769230800000,0.01420000,0.01440000,0.01420000,0.01430000,1581565.20000000,1769234399999,22557.23918000,77
1769234400000,0.01430000,0.01460000,0.01430000,0.01450000,17336211.30000000,1769237999999,249836.26489000,768
1769238000000,0.01450000,0.01470000,0.01440000,0.01450000,15496085.50000000,1769241599999,225089.48887000,617
1769241600000,0.01440000,0.01460000,0.01440000,0.01450000,3751923.90000000,1769245199999,54113.98039000,156
1769245200000,0.01440000,0.01440000,0.01420000,0.01430000,2608560.40000000,1769248799999,37316.27685000,130
1769248800000,0.01430000,0.01450000,0.01430000,0.01450000,3427510.50000000,1769252399999,49502.55766000,165
1769252400000,0.01440000,0.01470000,0.01440000,0.01460000,12968147.70000000,1769255999999,188720.30171000,566
1769256000000,0.01470000,0.01470000,0.01450000,0.01460000,3511982.00000000,1769259599999,51289.55667000,138
1769259600000,0.01450000,0.01470000,0.01440000,0.01460000,5520912.80000000,1769263199999,80303.51965000,234
1769263200000,0.01470000,0.01480000,0.01450000,0.01470000,7785265.30000000,1769266799999,114115.88655000,391
1769266800000,0.01470000,0.01480000,0.01440000,0.01450000,9158813.80000000,1769270399999,134039.85466000,482
1769270400000,0.01460000,0.01470000,0.01440000,0.01450000,9119730.20000000,1769273999999,132569.14443000,381
1769274000000,0.01450000,0.01490000,0.01440000,0.01470000,13677087.20000000,1769277599999,200812.63775000,556
1769277600000,0.01480000,0.01480000,0.01460000,0.01470000,6909079.10000000,1769281199999,101636.22661000,274
1769281200000,0.01470000,0.01470000,0.01460000,0.01460000,1201147.90000000,1769284799999,17642.04918000,75
1769284800000,0.01460000,0.01470000,0.01450000,0.01460000,1751886.90000000,1769288399999,25576.32042000,120
1769288400000,0.01460000,0.01470000,0.01450000,0.01470000,1015882.60000000,1769291999999,14861.50599000,64
1769292000000,0.01460000,0.01470000,0.01460000,0.01470000,2689333.70000000,1769295599999,39445.57193000,145
1769295600000,0.01470000,0.01490000,0.01470000,0.01480000,5843933.90000000,1769299199999,86479.28582000,238
1769299200000,0.01480000,0.01560000,0.01480000,0.01550000,25286470.30000000,1769302799999,386232.15050000,1440
1769302800000,0.01550000,0.01580000,0.01530000,0.01540000,21066457.60000000,1769306399999,328217.18015000,1633
1769306400000,0.01550000,0.01580000,0.01510000,0.01520000,16306628.30000000,1769309999999,251298.08205000,910
1769310000000,0.01520000,0.01550000,0.01490000,0.01500000,15211678.50000000,1769313599999,231128.31286000,794
1769313600000,0.01500000,0.01520000,0.01480000,0.01510000,6478653.60000000,1769317199999,97298.75635000,331
1769317200000,0.01520000,0.01550000,0.01510000,0.01540000,6172903.40000000,1769320799999,94113.02984000,373
1769320800000,0.01540000,0.01580000,0.01520000,0.01530000,11852778.70000000,1769324399999,183089.23180000,748
1769324400000,0.01530000,0.01550000,0.01490000,0.01510000,16053483.60000000,1769327999999,243957.31203000,1014
1769328000000,0.01510000,0.01560000,0.01480000,0.01520000,24591150.20000000,1769331599999,371606.31372000,1169
1769331600000,0.01520000,0.01550000,0.01520000,0.01530000,15114988.20000000,1769335199999,232388.47259000,967
1769335200000,0.01520000,0.01570000,0.01520000,0.01550000,12329368.50000000,1769338799999,191368.78587000,830
1769338800000,0.01540000,0.01570000,0.01510000,0.01540000,11414072.20000000,1769342399999,175575.52332000,1026
1769342400000,0.01550000,0.01550000,0.01520000,0.01540000,12610597.50000000,1769345999999,193611.80377000,850
1769346000000,0.01550000,0.01550000,0.01500000,0.01510000,6376624.50000000,1769349599999,96786.88386000,349
1769349600000,0.01510000,0.01520000,0.01470000,0.01490000,13918236.80000000,1769353199999,208347.63442000,916
1769353200000,0.01490000,0.01500000,0.01460000,0.01480000,10112981.80000000,1769356799999,149503.84577000,490
1769356800000,0.01470000,0.01470000,0.01420000,0.01430000,19765618.70000000,1769360399999,284371.54012000,1288
1769360400000,0.01430000,0.01450000,0.01420000,0.01430000,6577309.10000000,1769363999999,94324.94707000,354
1769364000000,0.01430000,0.01450000,0.01410000,0.01450000,14563760.10000000,1769367599999,207768.10031000,743
1769367600000,0.01440000,0.01450000,0.01390000,0.01400000,16032902.60000000,1769371199999,226905.12632000,898
1769371200000,0.01410000,0.01420000,0.01400000,0.01410000,5554561.00000000,1769374799999,78359.75829000,312
1769374800000,0.01420000,0.01430000,0.01410000,0.01420000,1624780.40000000,1769378399999,23055.51761000,95
1769378400000,0.01420000,0.01430000,0.01390000,0.01400000,5127734.70000000,1769381999999,72163.71073000,323
1769382000000,0.01400000,0.01410000,0.01380000,0.01390000,5515798.70000000,1769385599999,77112.50834000,344
1769385600000,0.01390000,0.01410000,0.01380000,0.01400000,7029648.20000000,1769389199999,97881.46143000,333
1769389200000,0.01400000,0.01420000,0.01390000,0.01400000,3359067.20000000,1769392799999,47176.10574000,200
1769392800000,0.01400000,0.01410000,0.01370000,0.01410000,6618461.80000000,1769396399999,92164.63916000,315
1769396400000,0.01410000,0.01410000,0.01380000,0.01390000,6025908.80000000,1769399999999,84162.66544000,271
1769400000000,0.01390000,0.01410000,0.01390000,0.01410000,1898657.50000000,1769403599999,26554.47627000,94
1769403600000,0.01410000,0.01430000,0.01410000,0.01420000,3031972.60000000,1769407199999,43108.77084000,145
1769407200000,0.01420000,0.01420000,0.01410000,0.01420000,3100191.30000000,1769410799999,43815.45703000,156
1769410800000,0.01410000,0.01430000,0.01400000,0.01410000,5712148.20000000,1769414399999,80757.22250000,292
1769414400000,0.01410000,0.01420000,0.01400000,0.01420000,4422710.60000000,1769417999999,62149.09250000,215
1769418000000,0.01410000,0.01420000,0.01400000,0.01400000,1965952.90000000,1769421599999,27702.64871000,100
1769421600000,0.01410000,0.01420000,0.01410000,0.01420000,741387.90000000,1769425199999,10462.84801000,52
1769425200000,0.01420000,0.01430000,0.01420000,0.01430000,1511093.30000000,1769428799999,21561.64526000,97
1769428800000,0.01430000,0.01430000,0.01410000,0.01410000,6602937.00000000,1769432399999,93343.68448000,265
1769432400000,0.01410000,0.01410000,0.01400000,0.01400000,2415757.80000000,1769435999999,33925.75780000,203
1769436000000,0.01400000,0.01410000,0.01390000,0.01400000,8478482.80000000,1769439599999,118721.07420000,398
1769439600000,0.01410000,0.01440000,0.01400000,0.01420000,11863659.40000000,1769443199999,168215.43988000,564
1769443200000,0.01410000,0.01430000,0.01410000,0.01420000,3940573.50000000,1769446799999,55763.15611000,171
1769446800000,0.01430000,0.01430000,0.01400000,0.01410000,3693742.60000000,1769450399999,52255.30457000,264
1769450400000,0.01410000,0.01420000,0.01410000,0.01420000,3138176.20000000,1769453999999,44541.60308000,164
1769454000000,0.01430000,0.01430000,0.01410000,0.01420000,2183375.30000000,1769457599999,31005.32131000,128
1769457600000,0.01420000,0.01420000,0.01410000,0.01410000,921407.50000000,1769461199999,13075.75023000,106
1769461200000,0.01420000,0.01450000,0.01420000,0.01440000,1988272.70000000,1769464799999,28447.21905000,136
1769464800000,0.01450000,0.01490000,0.01440000,0.01470000,4747196.10000000,1769468399999,69456.49731000,363
1769468400000,0.01470000,0.01470000,0.01460000,0.01470000,2492643.80000000,1769471999999,36436.58203000,226
1769472000000,0.01470000,0.01470000,0.01440000,0.01440000,5707393.50000000,1769475599999,82733.59426000,287
1769475600000,0.01440000,0.01480000,0.01440000,0.01470000,3760714.60000000,1769479199999,54724.39812000,259
1769479200000,0.01470000,0.01500000,0.01470000,0.01470000,4998524.90000000,1769482799999,73979.49983000,479
1769482800000,0.01470000,0.01480000,0.01460000,0.01460000,3454896.60000000,1769486399999,50683.96503000,190
1769486400000,0.01460000,0.01460000,0.01440000,0.01450000,2617741.10000000,1769489999999,38033.80725000,131
1769490000000,0.01460000,0.01480000,0.01450000,0.01480000,2765937.50000000,1769493599999,40570.95045000,273
1769493600000,0.01480000,0.01490000,0.01440000,0.01450000,9676521.70000000,1769497199999,141739.50929000,550
1769497200000,0.01460000,0.01480000,0.01450000,0.01460000,3862113.90000000,1769500799999,56351.45695000,248
1769500800000,0.01460000,0.01510000,0.01450000,0.01510000,18028487.30000000,1769504399999,268443.12382000,1136
1769504400000,0.01510000,0.01570000,0.01470000,0.01540000,45988286.40000000,1769507999999,705554.36289000,3452
1769508000000,0.01530000,0.01590000,0.01520000,0.01530000,25878812.60000000,1769511599999,401645.29309000,2132
1769511600000,0.01530000,0.01550000,0.01510000,0.01550000,14785168.00000000,1769515199999,227135.16430000,1187
1769515200000,0.01550000,0.01620000,0.01530000,0.01530000,46857563.30000000,1769518799999,736846.69431000,3740
1769518800000,0.01530000,0.01560000,0.01500000,0.01510000,21333894.10000000,1769522399999,326882.43582000,1265
1769522400000,0.01510000,0.01520000,0.01480000,0.01490000,12795525.30000000,1769525999999,191766.19602000,583
1769526000000,0.01490000,0.01560000,0.01490000,0.01530000,27732919.20000000,1769529599999,423022.53177000,1752
1769529600000,0.01530000,0.01550000,0.01500000,0.01530000,9330361.50000000,1769533199999,142162.84011000,650
1769533200000,0.01530000,0.01550000,0.01520000,0.01530000,8555966.80000000,1769536799999,131019.24243000,525
1769536800000,0.01520000,0.01580000,0.01520000,0.01550000,23391708.50000000,1769540399999,361720.88206000,1114
1769540400000,0.01550000,0.01560000,0.01510000,0.01520000,21744829.60000000,1769543999999,333369.35879000,1039
1769544000000,0.01510000,0.01520000,0.01490000,0.01500000,13054706.10000000,1769547599999,196812.68968000,691
1769547600000,0.01510000,0.01510000,0.01480000,0.01490000,4839902.60000000,1769551199999,72477.08608000,356
1769551200000,0.01500000,0.01500000,0.01480000,0.01500000,2438291.00000000,1769554799999,36369.13554000,150
1769554800000,0.01500000,0.01520000,0.01490000,0.01500000,2962148.00000000,1769558399999,44642.66387000,232
1769558400000,0.01510000,0.01530000,0.01480000,0.01530000,8954950.30000000,1769561999999,134413.92055000,638
1769562000000,0.01530000,0.01570000,0.01480000,0.01480000,36085480.50000000,1769565599999,552320.71866000,2647
1769565600000,0.01480000,0.01520000,0.01480000,0.01500000,7856999.80000000,1769569199999,118027.65865000,455
1769569200000,0.01500000,0.01520000,0.01500000,0.01500000,4014491.90000000,1769572799999,60544.51124000,165
1769572800000,0.01510000,0.01510000,0.01480000,0.01500000,3391148.30000000,1769576399999,50598.12757000,232
1769576400000,0.01490000,0.01500000,0.01480000,0.01500000,2429594.70000000,1769579999999,36208.64898000,124
1769580000000,0.01490000,0.01510000,0.01490000,0.01500000,3169540.00000000,1769583599999,47469.87167000,268
1769583600000,0.01510000,0.01540000,0.01500000,0.01510000,10308020.10000000,1769587199999,156646.05963000,533
1769587200000,0.01520000,0.01520000,0.01500000,0.01520000,5785847.20000000,1769590799999,87228.62643000,270
1769590800000,0.01510000,0.01520000,0.01490000,0.01520000,3107983.00000000,1769594399999,46678.30703000,155
1769594400000,0.01510000,0.01520000,0.01480000,0.01480000,4787378.60000000,1769597999999,72008.26903000,225
1769598000000,0.01490000,0.01510000,0.01490000,0.01500000,5462020.60000000,1769601599999,81590.38104000,298
1769601600000,0.01500000,0.01510000,0.01460000,0.01470000,6228767.80000000,1769605199999,92445.72900000,334
1769605200000,0.01480000,0.01500000,0.01480000,0.01490000,7577867.30000000,1769608799999,112368.43934000,261
1769608800000,0.01490000,0.01490000,0.01460000,0.01470000,4279476.10000000,1769612399999,63095.36258000,186
1769612400000,0.01470000,0.01480000,0.01450000,0.01460000,10354283.70000000,1769615999999,151089.66087000,471
1769616000000,0.01470000,0.01470000,0.01440000,0.01450000,6002663.90000000,1769619599999,87120.93564000,308
1769619600000,0.01450000,0.01460000,0.01440000,0.01450000,4207164.40000000,1769623199999,60952.61474000,212
1769623200000,0.01450000,0.01460000,0.01440000,0.01460000,2752710.00000000,1769626799999,39945.40625000,128
1769626800000,0.01460000,0.01470000,0.01440000,0.01460000,8240150.30000000,1769630399999,120050.26441000,371
1769630400000,0.01460000,0.01470000,0.01450000,0.01460000,5292472.70000000,1769633999999,77356.81590000,221
1769634000000,0.01460000,0.01470000,0.01450000,0.01470000,3861583.00000000,1769637599999,56515.51186000,221
1769637600000,0.01460000,0.01470000,0.01450000,0.01460000,1234506.70000000,1769641199999,18009.30704000,59
1769641200000,0.01450000,0.01460000,0.01420000,0.01430000,10393418.20000000,1769644799999,149146.81152000,511
1769644800000,0.01440000,0.01440000,0.01420000,0.01420000,4892071.30000000,1769648399999,69774.56330000,216
1769648400000,0.01430000,0.01430000,0.01400000,0.01420000,6040245.50000000,1769651999999,85211.89871000,312
1769652000000,0.01410000,0.01420000,0.01380000,0.01400000,9479019.30000000,1769655599999,133066.63162000,656
1769655600000,0.01390000,0.01410000,0.01380000,0.01380000,3745719.90000000,1769659199999,52227.39860000,322
1769659200000,0.01380000,0.01400000,0.01370000,0.01389000,4692654.30000000,1769662799999,64832.99460000,448
1769662800000,0.01388000,0.01395000,0.01370000,0.01376000,2765460.10000000,1769666399999,38248.30280000,285
1769666400000,0.01374000,0.01398000,0.01365000,0.01393000,9179085.20000000,1769669999999,127078.28940200,1398
1769670000000,0.01393000,0.01406000,0.01390000,0.01403000,7393889.40000000,1769673599999,103317.46271000,1080
1769673600000,0.01403000,0.01406000,0.01386000,0.01402000,10783315.90000000,1769677199999,150304.80088600,1653
1769677200000,0.01401000,0.01401000,0.01382000,0.01392000,5640697.80000000,1769680799999,78428.29488500,944
1769680800000,0.01393000,0.01396000,0.01371000,0.01371000,14522302.70000000,1769684399999,200439.47345100,2260
1769684400000,0.01370000,0.01376000,0.01359000,0.01370000,12615227.10000000,1769687999999,172375.94667800,2706
1769688000000,0.01370000,0.01378000,0.01363000,0.01368000,3453360.90000000,1769691599999,47377.24727700,513
1769691600000,0.01370000,0.01378000,0.01364000,0.01368000,2648425.70000000,1769695199999,36319.08269600,407
1769695200000,0.01368000,0.01384000,0.01340000,0.01345000,10508098.80000000,1769698799999,143653.48067700,1064
1769698800000,0.01345000,0.01347000,0.01275000,0.01316000,29305599.40000000,1769702399999,382217.91296100,2959
1769702400000,0.01315000,0.01332000,0.01299000,0.01332000,6599947.80000000,1769705999999,86560.77724900,485
1769706000000,0.01330000,0.01350000,0.01323000,0.01325000,4440470.80000000,1769709599999,59361.63152500,609
1769709600000,0.01328000,0.01343000,0.01311000,0.01317000,9970050.20000000,1769713199999,131900.50399100,831
1769713200000,0.01317000,0.01323000,0.01298000,0.01314000,4360143.10000000,1769716799999,57254.19111400,474
1769716800000,0.01315000,0.01327000,0.01304000,0.01324000,4356437.00000000,1769720399999,57226.45447100,400
1769720400000,0.01325000,0.01361000,0.01319000,0.01343000,10329290.70000000,1769723999999,138231.50209000,856
1769724000000,0.01342000,0.01342000,0.01330000,0.01334000,2168868.30000000,1769727599999,28977.52373400,228
1769727600000,0.01334000,0.01336000,0.01326000,0.01332000,2686067.80000000,1769731199999,35748.16171600,437
1769731200000,0.01332000,0.01348000,0.01330000,0.01345000,2965712.70000000,1769734799999,39612.07478900,441
1769734800000,0.01345000,0.01347000,0.01280000,0.01318000,32718175.40000000,1769738399999,429527.95072000,4754
1769738400000,0.01317000,0.01317000,0.01285000,0.01299000,9047098.20000000,1769741999999,117525.88116700,2090
1769742000000,0.01298000,0.01308000,0.01296000,0.01306000,1943986.00000000,1769745599999,25320.10180500,618
1769745600000,0.01306000,0.01311000,0.01301000,0.01301000,1849943.20000000,1769749199999,24158.54716400,604
1769749200000,0.01302000,0.01311000,0.01300000,0.01308000,2126393.10000000,1769752799999,27730.31574000,803
1769752800000,0.01307000,0.01308000,0.01289000,0.01300000,2769209.60000000,1769756399999,35977.62804700,601
1769756400000,0.01300000,0.01315000,0.01298000,0.01312000,3375842.00000000,1769759999999,44067.68979600,658
1769760000000,0.01311000,0.01311000,0.01296000,0.01297000,1178985.30000000,1769763599999,15362.42867600,250
1769763600000,0.01298000,0.01299000,0.01284000,0.01286000,3086878.90000000,1769767199999,39830.98362200,513
1769767200000,0.01287000,0.01290000,0.01277000,0.01290000,2149800.10000000,1769770799999,27608.66682400,271
1769770800000,0.01290000,0.01316000,0.01285000,0.01316000,5823997.50000000,1769774399999,75638.12663600,540
1769774400000,0.01317000,0.01319000,0.01300000,0.01301000,2134583.30000000,1769777999999,27986.02931900,297
1769778000000,0.01301000,0.01303000,0.01284000,0.01300000,7336794.40000000,1769781599999,94877.42185300,742
1769781600000,0.01301000,0.01307000,0.01291000,0.01296000,4147788.50000000,1769785199999,53884.28824800,398
1769785200000,0.01297000,0.01328000,0.01297000,0.01317000,6624761.30000000,1769788799999,86913.60791300,968
1769788800000,0.01317000,0.01329000,0.01311000,0.01322000,4855492.40000000,1769792399999,64170.68273000,600
1769792400000,0.01322000,0.01348000,0.01313000,0.01321000,17589001.50000000,1769795999999,233602.84314400,2161
1769796000000,0.01322000,0.01333000,0.01293000,0.01330000,5947644.00000000,1769799599999,78124.44732500,1055
1769799600000,0.01330000,0.01334000,0.01315000,0.01317000,4689182.60000000,1769803199999,62127.39221800,594
1769803200000,0.01316000,0.01324000,0.01304000,0.01311000,8582161.70000000,1769806799999,112911.06207200,1027
1769806800000,0.01311000,0.01323000,0.01306000,0.01319000,2408965.80000000,1769810399999,31697.90884700,303
1769810400000,0.01319000,0.01325000,0.01311000,0.01323000,1940946.60000000,1769813999999,25583.56584000,413
1769814000000,0.01322000,0.01329000,0.01320000,0.01328000,1025878.70000000,1769817599999,13594.88308300,213
1769817600000,0.01327000,0.01333000,0.01317000,0.01319000,2063928.00000000,1769821199999,27266.06495900,148
1769821200000,0.01320000,0.01329000,0.01313000,0.01315000,1708349.50000000,1769824799999,22553.28286600,128
1769824800000,0.01315000,0.01317000,0.01309000,0.01315000,890728.80000000,1769828399999,11701.18618900,207
1769828400000,0.01314000,0.01318000,0.01307000,0.01307000,820149.50000000,1769831999999,10761.62532100,395
1769832000000,0.01307000,0.01309000,0.01295000,0.01298000,3124403.70000000,1769835599999,40686.50083400,745
1769835600000,0.01298000,0.01305000,0.01294000,0.01301000,1212835.10000000,1769839199999,15743.36224000,226
1769839200000,0.01301000,0.01301000,0.01273000,0.01287000,3045305.70000000,1769842799999,39069.34436300,529
1769842800000,0.01288000,0.01290000,0.01268000,0.01274000,3699387.50000000,1769846399999,47321.88842900,473
1769846400000,0.01274000,0.01277000,0.01240000,0.01256000,11957018.00000000,1769849999999,150064.32218400,1305
1769850000000,0.01258000,0.01265000,0.01253000,0.01255000,1225127.00000000,1769853599999,15423.26401300,168
1769853600000,0.01254000,0.01267000,0.01253000,0.01256000,1363920.30000000,1769857199999,17170.19064500,179
1769857200000,0.01257000,0.01259000,0.01243000,0.01244000,1211524.30000000,1769860799999,15144.21803100,178
1769860800000,0.01244000,0.01250000,0.01240000,0.01240000,4960885.90000000,1769864399999,61732.89759000,700
1769864400000,0.01241000,0.01243000,0.01231000,0.01234000,4478166.00000000,1769867999999,55373.17552400,384
1769868000000,0.01235000,0.01236000,0.01149000,0.01175000,38022380.50000000,1769871599999,447402.14617700,2104
1769871600000,0.01173000,0.01190000,0.01130000,0.01146000,21067274.90000000,1769875199999,245374.39178000,1893
1769875200000,0.01147000,0.01171000,0.01133000,0.01143000,26008629.50000000,1769878799999,299279.60142400,1945
1769878800000,0.01143000,0.01146000,0.01068000,0.01106000,57484259.00000000,1769882399999,636268.84823800,4334
1769882400000,0.01106000,0.01112000,0.01004000,0.01082000,63529838.40000000,1769885999999,674924.67113300,4999
1769886000000,0.01081000,0.01121000,0.01080000,0.01109000,17066952.60000000,1769889599999,187236.48011700,1540
1769889600000,0.01109000,0.01117000,0.01095000,0.01113000,5649119.50000000,1769893199999,62615.98314800,326
1769893200000,0.01112000,0.01138000,0.01106000,0.01130000,4865063.50000000,1769896799999,54690.17621500,436
1769896800000,0.01131000,0.01131000,0.01121000,0.01128000,1149735.90000000,1769900399999,12952.04774200,180
1769900400000,0.01128000,0.01228000,0.01122000,0.01213000,33113127.20000000,1769903999999,395106.11328600,3854
1769904000000,0.01212000,0.01217000,0.01195000,0.01198000,6947424.40000000,1769907599999,83555.43598900,431
1769907600000,0.01197000,0.01211000,0.01196000,0.01209000,7937427.50000000,1769911199999,95410.55091500,609
1769911200000,0.01207000,0.01225000,0.01200000,0.01217000,4271870.00000000,1769914799999,51961.20813400,351
1769914800000,0.01217000,0.01353000,0.01215000,0.01315000,36796883.60000000,1769918399999,476229.41173600,2578
1769918400000,0.01318000,0.01318000,0.01258000,0.01263000,13451810.40000000,1769921999999,172434.04081700,983
1769922000000,0.01261000,0.01279000,0.01257000,0.01277000,6110599.10000000,1769925599999,77384.70470100,555
1769925600000,0.01278000,0.01279000,0.01248000,0.01250000,6725811.10000000,1769929199999,85022.81962600,608
1769929200000,0.01251000,0.01297000,0.01247000,0.01256000,23068539.30000000,1769932799999,292291.50429800,2097
1769932800000,0.01256000,0.01284000,0.01252000,0.01283000,17750429.10000000,1769936399999,225994.97465100,1344
1769936400000,0.01282000,0.01321000,0.01275000,0.01287000,18010476.80000000,1769939999999,233457.32888800,1720
1769940000000,0.01287000,0.01290000,0.01231000,0.01237000,10954712.00000000,1769943599999,137414.85976600,810
1769943600000,0.01238000,0.01245000,0.01231000,0.01235000,3214467.60000000,1769947199999,39772.94069400,369
1769947200000,0.01235000,0.01273000,0.01229000,0.01245000,21973238.10000000,1769950799999,275544.11120500,1726
1769950800000,0.01245000,0.01267000,0.01240000,0.01243000,13427682.00000000,1769954399999,168377.01377600,1302
1769954400000,0.01244000,0.01246000,0.01191000,0.01217000,10277268.10000000,1769957999999,125577.63020800,1129
1769958000000,0.01216000,0.01217000,0.01172000,0.01181000,10082822.40000000,1769961599999,119791.77293400,541
1769961600000,0.01181000,0.01198000,0.01175000,0.01183000,5343312.10000000,1769965199999,63417.91852200,575
1769965200000,0.01184000,0.01187000,0.01164000,0.01175000,4707767.00000000,1769968799999,55324.92452100,246
1769968800000,0.01179000,0.01196000,0.01172000,0.01174000,5121799.00000000,1769972399999,60756.75575500,612
1769972400000,0.01177000,0.01179000,0.01161000,0.01162000,2685738.50000000,1769975999999,31440.66524300,243
1769976000000,0.01161000,0.01173000,0.01150000,0.01158000,2498612.90000000,1769979599999,29020.08326800,180
1769979600000,0.01158000,0.01159000,0.01141000,0.01145000,4607905.40000000,1769983199999,52936.73507300,326
1769983200000,0.01148000,0.01163000,0.01143000,0.01149000,1611398.90000000,1769986799999,18586.52196900,142
1769986800000,0.01151000,0.01170000,0.01126000,0.01150000,8200297.60000000,1769990399999,94163.06450300,754
1769990400000,0.01150000,0.01182000,0.01139000,0.01171000,3791649.70000000,1769993999999,44301.73383400,355
1769994000000,0.01171000,0.01187000,0.01157000,0.01176000,3027824.70000000,1769997599999,35485.38661200,260
1769997600000,0.01176000,0.01179000,0.01165000,0.01167000,2026199.40000000,1770001199999,23768.49942900,377
1770001200000,0.01165000,0.01176000,0.01125000,0.01167000,11569452.20000000,1770004799999,132705.31219500,780
1770004800000,0.01166000,0.01168000,0.01141000,0.01158000,2467800.50000000,1770008399999,28538.93771500,255
1770008400000,0.01157000,0.01157000,0.01118000,0.01131000,7250542.70000000,1770011999999,82269.34964100,526
1770012000000,0.01129000,0.01167000,0.01111000,0.01153000,13832376.20000000,1770015599999,158312.60018700,888
1770015600000,0.01153000,0.01165000,0.01149000,0.01155000,2434429.00000000,1770019199999,28157.19645400,234
1770019200000,0.01155000,0.01167000,0.01153000,0.01157000,2091291.30000000,1770022799999,24264.13892200,259
1770022800000,0.01156000,0.01186000,0.01148000,0.01179000,6738556.60000000,1770026399999,78885.43413500,488
1770026400000,0.01178000,0.01190000,0.01174000,0.01177000,4675265.70000000,1770029999999,55147.32727100,357
1770030000000,0.01177000,0.01187000,0.01176000,0.01178000,2167131.50000000,1770033599999,25598.05958800,181
1770033600000,0.01179000,0.01186000,0.01167000,0.01174000,5749147.70000000,1770037199999,67592.29426900,424
1770037200000,0.01174000,0.01176000,0.01164000,0.01175000,3993560.60000000,1770040799999,46679.18033200,250
1770040800000,0.01172000,0.01187000,0.01162000,0.01175000,5801721.90000000,1770044399999,68213.08238000,407
1770044400000,0.01175000,0.01199000,0.01169000,0.01188000,5435755.70000000,1770047999999,64453.50809900,432
1770048000000,0.01188000,0.01197000,0.01179000,0.01181000,3148180.50000000,1770051599999,37389.22740400,370
1770051600000,0.01183000,0.01190000,0.01176000,0.01181000,1761175.30000000,1770055199999,20854.57087000,198
1770055200000,0.01181000,0.01187000,0.01177000,0.01185000,1237354.30000000,1770058799999,14619.39129500,196
1770058800000,0.01185000,0.01190000,0.01181000,0.01184000,1205095.90000000,1770062399999,14276.45603800,107
1770062400000,0.01183000,0.01188000,0.01168000,0.01172000,2291056.00000000,1770065999999,27006.34287600,306
1770066000000,0.01171000,0.01182000,0.01170000,0.01182000,2218167.70000000,1770069599999,26103.40645200,202
1770069600000,0.01182000,0.01192000,0.01182000,0.01191000,1014333.30000000,1770073199999,12038.32771400,99
1770073200000,0.01190000,0.01193000,0.01183000,0.01184000,1719804.30000000,1770076799999,20422.79053000,225
1770076800000,0.01185000,0.01185000,0.01172000,0.01180000,2323675.20000000,1770080399999,27357.11323900,267
1770080400000,0.01178000,0.01180000,0.01165000,0.01168000,1753675.40000000,1770083999999,20521.56495100,183
1770084000000,0.01168000,0.01168000,0.01144000,0.01149000,4198266.70000000,1770087599999,48416.93428300,531
1770087600000,0.01149000,0.01166000,0.01138000,0.01164000,2937752.50000000,1770091199999,33799.35760300,335
1770091200000,0.01164000,0.01165000,0.01154000,0.01163000,1661762.10000000,1770094799999,19267.74591200,143
1770094800000,0.01162000,0.01166000,0.01142000,0.01143000,7380408.50000000,1770098399999,85172.07703300,518
1770098400000,0.01143000,0.01156000,0.01136000,0.01152000,2564123.10000000,1770101999999,29359.01521300,259
1770102000000,0.01152000,0.01156000,0.01146000,0.01146000,1767082.50000000,1770105599999,20343.75766700,183
1770105600000,0.01146000,0.01152000,0.01138000,0.01138000,2884212.00000000,1770109199999,33051.09674000,300
1770109200000,0.01138000,0.01145000,0.01124000,0.01136000,4718990.20000000,1770112799999,53509.51397300,492
1770112800000,0.01136000,0.01141000,0.01126000,0.01127000,1089692.30000000,1770116399999,12350.19312500,157
1770116400000,0.01127000,0.01139000,0.01127000,0.01136000,2671642.60000000,1770119999999,30258.16318000,191
1770120000000,0.01135000,0.01150000,0.01135000,0.01149000,3274599.00000000,1770123599999,37468.04416900,262
1770123600000,0.01148000,0.01148000,0.01140000,0.01145000,2245717.40000000,1770127199999,25690.21056600,290
1770127200000,0.01144000,0.01147000,0.01110000,0.01114000,9038102.70000000,1770130799999,101886.27599800,881
1770130800000,0.01115000,0.01145000,0.01112000,0.01139000,13826665.30000000,1770134399999,156207.27719600,1373
1770134400000,0.01138000,0.01138000,0.01111000,0.01121000,9240096.20000000,1770137999999,103893.64126600,703
1770138000000,0.01121000,0.01123000,0.01094000,0.01099000,9464759.90000000,1770141599999,104715.71050200,829
1770141600000,0.01098000,0.01104000,0.01069000,0.01073000,20137988.00000000,1770145199999,217980.25851700,1598
1770145200000,0.01072000,0.01121000,0.01068000,0.01110000,18567035.00000000,1770148799999,203915.37547600,1427
1770148800000,0.01109000,0.01153000,0.01098000,0.01144000,15552492.00000000,1770152399999,175731.94527700,1214
1770152400000,0.01145000,0.01154000,0.01113000,0.01119000,17469669.30000000,1770155999999,197038.20567000,1159
1770156000000,0.01120000,0.01120000,0.01092000,0.01099000,13883184.20000000,1770159599999,153588.34172700,989
1770159600000,0.01100000,0.01103000,0.01088000,0.01094000,2592404.10000000,1770163199999,28382.84696700,367
1770163200000,0.01095000,0.01105000,0.01090000,0.01096000,1895795.10000000,1770166799999,20808.89142300,304
1770166800000,0.01097000,0.01116000,0.01097000,0.01105000,3364989.20000000,1770170399999,37324.28966400,289
1770170400000,0.01104000,0.01107000,0.01091000,0.01100000,4347530.50000000,1770173999999,47803.42612000,368
1770174000000,0.01100000,0.01119000,0.01098000,0.01115000,5659940.40000000,1770177599999,62975.53958300,473
1770177600000,0.01114000,0.01119000,0.01107000,0.01107000,1900323.80000000,1770181199999,21131.47659700,188
1770181200000,0.01109000,0.01113000,0.01091000,0.01098000,3803350.10000000,1770184799999,41952.15764600,322
1770184800000,0.01098000,0.01108000,0.01098000,0.01108000,2758935.00000000,1770188399999,30445.15142800,237
1770188400000,0.01108000,0.01111000,0.01103000,0.01110000,1923567.40000000,1770191999999,21302.92059400,380
1770192000000,0.01110000,0.01110000,0.01102000,0.01108000,1662491.60000000,1770195599999,18385.54601400,360
1770195600000,0.01106000,0.01108000,0.01100000,0.01106000,3581499.30000000,1770199199999,39551.91764000,451
1770199200000,0.01105000,0.01107000,0.01100000,0.01104000,1548738.50000000,1770202799999,17082.51161800,306
1770202800000,0.01101000,0.01103000,0.01086000,0.01091000,6329235.70000000,1770206399999,69201.49589900,589
1770206400000,0.01091000,0.01092000,0.01085000,0.01092000,3739122.60000000,1770209999999,40699.93644800,310
1770210000000,0.01091000,0.01093000,0.01071000,0.01072000,7242771.00000000,1770213599999,78173.97753200,490
1770213600000,0.01072000,0.01088000,0.01064000,0.01068000,11926554.10000000,1770217199999,128474.00764400,894
1770217200000,0.01067000,0.01080000,0.01051000,0.01067000,18952716.10000000,1770220799999,202199.12373600,1833
1770220800000,0.01066000,0.01071000,0.01041000,0.01054000,12129619.70000000,1770224399999,128053.00701600,1117
1770224400000,0.01053000,0.01058000,0.01032000,0.01054000,10195447.00000000,1770227999999,106497.71422400,1003
1770228000000,0.01053000,0.01075000,0.01039000,0.01065000,10185213.10000000,1770231599999,107498.39324200,1078
1770231600000,0.01066000,0.01088000,0.01061000,0.01086000,6874128.90000000,1770235199999,73920.49568200,670
1770235200000,0.01085000,0.01087000,0.01070000,0.01074000,3830565.30000000,1770238799999,41362.21707900,369
1770238800000,0.01074000,0.01076000,0.01062000,0.01068000,2171400.30000000,1770242399999,23200.60170200,262
1770242400000,0.01067000,0.01078000,0.01048000,0.01060000,3060731.10000000,1770245999999,32381.53841300,295
1770246000000,0.01059000,0.01079000,0.01058000,0.01070000,4922317.00000000,1770249599999,52722.17089900,534
1770249600000,0.01071000,0.01072000,0.01063000,0.01067000,1293631.90000000,1770253199999,13801.42278000,167
1770253200000,0.01066000,0.01074000,0.01054000,0.01061000,6613538.80000000,1770256799999,70361.75768900,665
1770256800000,0.01060000,0.01071000,0.01048000,0.01056000,7751687.10000000,1770260399999,82186.07568100,703
1770260400000,0.01057000,0.01068000,0.01055000,0.01058000,5529240.20000000,1770263999999,58621.63643800,492
1770264000000,0.01058000,0.01064000,0.01048000,0.01056000,5811914.40000000,1770267599999,61423.07773400,561
1770267600000,0.01055000,0.01065000,0.01044000,0.01052000,4320498.60000000,1770271199999,45631.36714300,463
1770271200000,0.01052000,0.01054000,0.01035000,0.01038000,4161936.10000000,1770274799999,43369.81734000,360
1770274800000,0.01037000,0.01053000,0.01037000,0.01041000,6870814.50000000,1770278399999,71876.12855900,604
1770278400000,0.01042000,0.01067000,0.01041000,0.01061000,9934855.00000000,1770281999999,105091.20744800,764
1770282000000,0.01061000,0.01077000,0.01061000,0.01070000,5908312.10000000,1770285599999,63253.86790200,524
1770285600000,0.01069000,0.01082000,0.01062000,0.01067000,7879013.90000000,1770289199999,84456.58203500,711
1770289200000,0.01067000,0.01072000,0.01048000,0.01071000,12145682.20000000,1770292799999,128503.92803600,983
1770292800000,0.01072000,0.01084000,0.01066000,0.01071000,14118736.70000000,1770296399999,151870.30265500,1372
1770296400000,0.01071000,0.01129000,0.01064000,0.01086000,52444850.90000000,1770299999999,580223.80226400,5463
1770300000000,0.01085000,0.01107000,0.01061000,0.01080000,32538585.80000000,1770303599999,352854.97583000,2772
1770303600000,0.01079000,0.01083000,0.01010000,0.01032000,55898429.70000000,1770307199999,582071.91495100,5836
1770307200000,0.01032000,0.01062000,0.01030000,0.01056000,23262804.00000000,1770310799999,242862.30747900,2251
1770310800000,0.01056000,0.01057000,0.01013000,0.01035000,39922160.50000000,1770314399999,414992.42534500,3567
1770314400000,0.01036000,0.01045000,0.01009000,0.01029000,23773739.50000000,1770317999999,243950.44625500,2127
1770318000000,0.01027000,0.01030000,0.01013000,0.01020000,12071897.70000000,1770321599999,123444.35306000,1144
1770321600000,0.01022000,0.01029000,0.00973000,0.00994000,66602919.20000000,1770325199999,661259.05637000,5337
1770325200000,0.00993000,0.01015000,0.00978000,0.00995000,34997548.80000000,1770328799999,348712.69292200,2495
1770328800000,0.00996000,0.01023000,0.00986000,0.01016000,16059559.80000000,1770332399999,160497.97499200,1156
1770332400000,0.01014000,0.01063000,0.01013000,0.01036000,27190514.60000000,1770335999999,284111.86260000,2095
1770336000000,0.01037000,0.01043000,0.00917000,0.01008000,104574770.80000000,1770339599999,1026706.76506000,11313
1770339600000,0.01008000,0.01070000,0.01007000,0.01069000,19315519.60000000,1770343199999,198980.89731700,1885
1770343200000,0.01068000,0.01104000,0.01058000,0.01066000,40891232.90000000,1770346799999,441600.99728100,3600
1770346800000,0.01066000,0.01086000,0.01043000,0.01077000,26704398.20000000,1770350399999,282984.81938200,2215
1770350400000,0.01077000,0.01099000,0.01071000,0.01090000,15372579.60000000,1770353999999,166862.04918000,1541
1770354000000,0.01089000,0.01129000,0.01089000,0.01103000,25921179.40000000,1770357599999,287660.72123200,2368
1770357600000,0.01103000,0.01105000,0.01071000,0.01073000,11434606.40000000,1770361199999,123869.97917900,1132
1770361200000,0.01073000,0.01087000,0.01059000,0.01068000,7859035.30000000,1770364799999,84632.51424200,910
1770364800000,0.01068000,0.01075000,0.01051000,0.01054000,10605917.10000000,1770368399999,112791.17894300,911
1770368400000,0.01054000,0.01065000,0.01048000,0.01061000,6634226.40000000,1770371999999,70087.44875100,876
1770372000000,0.01061000,0.01083000,0.01054000,0.01081000,6624954.90000000,1770375599999,70832.06088400,759
1770375600000,0.01080000,0.01102000,0.01078000,0.01086000,10770288.60000000,1770379199999,117250.08672700,1139
1770379200000,0.01085000,0.01098000,0.01081000,0.01090000,6638644.50000000,1770382799999,72334.06214700,918
1770382800000,0.01091000,0.01138000,0.01089000,0.01132000,11291782.60000000,1770386399999,125900.54451100,1454
1770386400000,0.01131000,0.01167000,0.01117000,0.01131000,24537047.60000000,1770389999999,279649.63229200,2420
1770390000000,0.01130000,0.01169000,0.01121000,0.01154000,17577142.90000000,1770393599999,201640.46480800,1793
1770393600000,0.01156000,0.01177000,0.01145000,0.01168000,12381227.50000000,1770397199999,143584.96739000,1563
1770397200000,0.01168000,0.01177000,0.01159000,0.01172000,8461961.30000000,1770400799999,98792.06293100,1537
1770400800000,0.01171000,0.01193000,0.01148000,0.01170000,14180388.20000000,1770404399999,165913.15610800,1701
1770404400000,0.01170000,0.01214000,0.01166000,0.01178000,28172437.80000000,1770407999999,335636.91452300,3013
1770408000000,0.01177000,0.01184000,0.01159000,0.01173000,11436117.90000000,1770411599999,133840.25920600,1153
1770411600000,0.01175000,0.01194000,0.01167000,0.01193000,9014425.00000000,1770415199999,106520.47418100,1072
1770415200000,0.01192000,0.01209000,0.01187000,0.01200000,5548238.20000000,1770418799999,66428.64724900,564
1770418800000,0.01203000,0.01205000,0.01192000,0.01199000,2201780.20000000,1770422399999,26368.20524200,456
1770422400000,0.01198000,0.01227000,0.01192000,0.01225000,13833588.90000000,1770425999999,167751.76676700,1773
1770426000000,0.01224000,0.01259000,0.01205000,0.01211000,29005938.40000000,1770429599999,357488.63457400,3408
1770429600000,0.01212000,0.01280000,0.01205000,0.01280000,17007866.00000000,1770433199999,211005.82082700,2235
1770433200000,0.01279000,0.01304000,0.01252000,0.01289000,25641708.00000000,1770436799999,328280.87101500,3309
1770436800000,0.01288000,0.01292000,0.01148000,0.01158000,44776144.20000000,1770440399999,542272.93264400,4957
1770440400000,0.01159000,0.01178000,0.01159000,0.01167000,9540058.60000000,1770443999999,111573.93123200,1153
1770444000000,0.01168000,0.01170000,0.01149000,0.01149000,6937856.50000000,1770447599999,80492.12587700,902
1770447600000,0.01150000,0.01155000,0.01116000,0.01132000,11927680.50000000,1770451199999,135565.38995300,1596
1770451200000,0.01132000,0.01191000,0.01130000,0.01185000,13652678.70000000,1770454799999,159916.20066100,1780
1770454800000,0.01184000,0.01197000,0.01182000,0.01190000,9241765.30000000,1770458399999,109927.01899100,1607
1770458400000,0.01190000,0.01195000,0.01171000,0.01181000,11358725.40000000,1770461999999,134298.46082500,1601
1770462000000,0.01183000,0.01189000,0.01168000,0.01178000,7753909.40000000,1770465599999,91368.64062800,927
1770465600000,0.01176000,0.01209000,0.01175000,0.01205000,8714008.50000000,1770469199999,103912.41853500,1580
1770469200000,0.01203000,0.01238000,0.01198000,0.01233000,14149970.40000000,1770472799999,172902.97040000,2244
1770472800000,0.01233000,0.01245000,0.01219000,0.01234000,11145991.50000000,1770476399999,137272.63078700,1469
1770476400000,0.01233000,0.01269000,0.01228000,0.01257000,31034121.60000000,1770479999999,388374.44757100,4290
1770480000000,0.01256000,0.01302000,0.01252000,0.01288000,44748487.90000000,1770483599999,569537.80861300,5581
1770483600000,0.01288000,0.01326000,0.01259000,0.01263000,35797073.80000000,1770487199999,462868.62253200,4863
1770487200000,0.01264000,0.01268000,0.01245000,0.01255000,10249849.50000000,1770490799999,128753.86680800,1671
1770490800000,0.01256000,0.01263000,0.01240000,0.01246000,7861444.30000000,1770494399999,98112.99251200,1335
1770494400000,0.01245000,0.01245000,0.01227000,0.01233000,6181675.70000000,1770497999999,76293.09990400,894
1770498000000,0.01234000,0.01235000,0.01217000,0.01217000,2451485.20000000,1770501599999,30042.88828000,508
1770501600000,0.01217000,0.01250000,0.01214000,0.01243000,3091845.60000000,1770505199999,38040.90107500,569
1770505200000,0.01242000,0.01257000,0.01235000,0.01247000,4811895.00000000,1770508799999,59907.04006400,785
1770508800000,0.01247000,0.01248000,0.01224000,0.01236000,6035574.80000000,1770512399999,74610.69541900,879
1770512400000,0.01237000,0.01261000,0.01237000,0.01247000,2827403.40000000,1770515999999,35387.63368200,484
1770516000000,0.01247000,0.01255000,0.01241000,0.01246000,1170399.40000000,1770519599999,14603.20550800,300
1770519600000,0.01246000,0.01269000,0.01244000,0.01244000,6026981.00000000,1770523199999,75619.46381100,891
1770523200000,0.01245000,0.01249000,0.01220000,0.01233000,9024632.50000000,1770526799999,111132.52311000,1097
1770526800000,0.01232000,0.01234000,0.01223000,0.01226000,1846211.20000000,1770530399999,22679.23109700,336
1770530400000,0.01225000,0.01233000,0.01206000,0.01209000,6506287.40000000,1770533999999,79467.96159000,681
1770534000000,0.01211000,0.01212000,0.01194000,0.01202000,4978108.40000000,1770537599999,59899.18290200,529
1770537600000,0.01202000,0.01202000,0.01180000,0.01191000,6630472.00000000,1770541199999,78984.80700800,819
1770541200000,0.01191000,0.01193000,0.01174000,0.01181000,4254857.60000000,1770544799999,50313.63734400,567
1770544800000,0.01181000,0.01199000,0.01180000,0.01184000,5747399.40000000,1770548399999,68376.52635100,577
1770548400000,0.01184000,0.01198000,0.01181000,0.01191000,5193062.60000000,1770551999999,61938.50185500,656
1770552000000,0.01191000,0.01195000,0.01174000,0.01175000,3302352.60000000,1770555599999,39027.47156700,533
1770555600000,0.01175000,0.01177000,0.01170000,0.01175000,2218655.90000000,1770559199999,26021.24301300,300
1770559200000,0.01176000,0.01186000,0.01174000,0.01178000,1892704.30000000,1770562799999,22335.43527200,287
1770562800000,0.01179000,0.01191000,0.01163000,0.01171000,8123395.80000000,1770566399999,95427.30039800,864
1770566400000,0.01171000,0.01179000,0.01140000,0.01146000,6489832.70000000,1770569999999,74993.95134400,773
1770570000000,0.01146000,0.01158000,0.01146000,0.01157000,1817779.40000000,1770573599999,20954.73972300,273
1770573600000,0.01157000,0.01167000,0.01151000,0.01164000,7823650.90000000,1770577199999,90778.17536200,968
1770577200000,0.01163000,0.01167000,0.01161000,0.01165000,1491579.80000000,1770580799999,17352.54117400,297
1770580800000,0.01164000,0.01173000,0.01155000,0.01161000,2561560.30000000,1770584399999,29865.38028700,419
1770584400000,0.01160000,0.01164000,0.01148000,0.01151000,1695851.30000000,1770587999999,19566.76730300,281
1770588000000,0.01151000,0.01158000,0.01148000,0.01156000,1146995.20000000,1770591599999,13227.00796800,154
1770591600000,0.01156000,0.01173000,0.01147000,0.01156000,2634245.80000000,1770595199999,30489.38714500,522
1770595200000,0.01158000,0.01169000,0.01158000,0.01167000,2262563.50000000,1770598799999,26358.71022400,434
1770598800000,0.01166000,0.01184000,0.01166000,0.01169000,4973168.10000000,1770602399999,58344.46442100,672
1770602400000,0.01169000,0.01210000,0.01167000,0.01195000,3663718.10000000,1770605999999,43702.11963800,467
1770606000000,0.01195000,0.01199000,0.01188000,0.01196000,1947990.10000000,1770609599999,23233.58409400,273
1770609600000,0.01196000,0.01211000,0.01190000,0.01190000,1829540.80000000,1770613199999,21949.00780400,371
1770613200000,0.01191000,0.01210000,0.01189000,0.01200000,2382956.30000000,1770616799999,28561.08745600,423
1770616800000,0.01199000,0.01209000,0.01182000,0.01189000,7175843.50000000,1770620399999,85719.97136600,861
1770620400000,0.01188000,0.01191000,0.01165000,0.01173000,4784740.60000000,1770623999999,56399.14891600,522
1770624000000,0.01172000,0.01176000,0.01148000,0.01153000,4975461.80000000,1770627599999,57772.40494100,710
1770627600000,0.01152000,0.01155000,0.01143000,0.01148000,2677018.40000000,1770631199999,30744.59483900,504
1770631200000,0.01147000,0.01148000,0.01122000,0.01125000,5109932.30000000,1770634799999,57945.52332200,595
1770634800000,0.01125000,0.01134000,0.01125000,0.01130000,2495277.40000000,1770638399999,28189.24379600,425
1770638400000,0.01132000,0.01172000,0.01130000,0.01147000,12048268.30000000,1770641999999,139239.71669500,1744
1770642000000,0.01147000,0.01154000,0.01135000,0.01135000,1288782.60000000,1770645599999,14722.46352100,231
1770645600000,0.01136000,0.01145000,0.01128000,0.01143000,4103219.00000000,1770649199999,46620.57004800,735
1770649200000,0.01144000,0.01153000,0.01130000,0.01135000,2305944.30000000,1770652799999,26325.87718200,466
1770652800000,0.01137000,0.01155000,0.01124000,0.01152000,5716357.90000000,1770656399999,65375.66844000,969
1770656400000,0.01153000,0.01170000,0.01143000,0.01164000,7669544.70000000,1770659999999,88953.72581000,815
1770660000000,0.01163000,0.01171000,0.01156000,0.01163000,1944266.10000000,1770663599999,22626.64115400,388
1770663600000,0.01165000,0.01172000,0.01160000,0.01167000,969110.10000000,1770667199999,11294.73461700,203
1770667200000,0.01166000,0.01178000,0.01157000,0.01176000,1516360.60000000,1770670799999,17732.11320000,314
1770670800000,0.01177000,0.01188000,0.01158000,0.01170000,2557930.20000000,1770674399999,30041.64641200,424
1770674400000,0.01171000,0.01178000,0.01158000,0.01163000,3567664.70000000,1770677999999,41662.66146500,357
1770678000000,0.01163000,0.01169000,0.01162000,0.01164000,599201.60000000,1770681599999,6984.59854100,158
1770681600000,0.01164000,0.01166000,0.01155000,0.01157000,1321214.50000000,1770685199999,15333.92700000,212
1770685200000,0.01156000,0.01166000,0.01154000,0.01162000,921261.40000000,1770688799999,10696.02498900,178
1770688800000,0.01164000,0.01164000,0.01155000,0.01156000,170741.20000000,1770692399999,1978.87574500,78
1770692400000,0.01154000,0.01154000,0.01130000,0.01142000,2147187.20000000,1770695999999,24468.06226200,349
1770696000000,0.01143000,0.01149000,0.01142000,0.01147000,457116.50000000,1770699599999,5242.95644600,111
1770699600000,0.01147000,0.01148000,0.01133000,0.01134000,880397.10000000,1770703199999,10046.68719500,239
1770703200000,0.01133000,0.01137000,0.01111000,0.01120000,3420926.10000000,1770706799999,38558.82671400,397
1770706800000,0.01121000,0.01126000,0.01116000,0.01122000,541502.90000000,1770710399999,6067.90899000,139
1770710400000,0.01122000,0.01138000,0.01121000,0.01137000,3695581.20000000,1770713999999,41792.83342500,1267
1770714000000,0.01135000,0.01137000,0.01127000,0.01132000,1057456.50000000,1770717599999,11986.74578700,232
1770717600000,0.01133000,0.01134000,0.01123000,0.01125000,573869.10000000,1770721199999,6475.96898800,135
1770721200000,0.01125000,0.01134000,0.01123000,0.01128000,1557881.40000000,1770724799999,17596.17729000,144
1770724800000,0.01131000,0.01141000,0.01124000,0.01128000,5689051.70000000,1770728399999,64385.60317500,568
1770728400000,0.01128000,0.01137000,0.01124000,0.01132000,1446567.70000000,1770731999999,16359.98551100,256
1770732000000,0.01132000,0.01147000,0.01129000,0.01136000,2583750.40000000,1770735599999,29407.26496500,309
1770735600000,0.01136000,0.01150000,0.01134000,0.01142000,1025471.50000000,1770739199999,11716.94735600,300
1770739200000,0.01142000,0.01147000,0.01138000,0.01143000,1124761.50000000,1770742799999,12864.59780900,214
1770742800000,0.01143000,0.01144000,0.01136000,0.01141000,1015973.20000000,1770746399999,11591.96226700,155
1770746400000,0.01139000,0.01139000,0.01122000,0.01129000,1780706.60000000,1770749999999,20095.64718400,310
1770750000000,0.01127000,0.01138000,0.01126000,0.01135000,483618.20000000,1770753599999,5471.28760800,137
1770753600000,0.01135000,0.01138000,0.01129000,0.01135000,618321.70000000,1770757199999,7003.30698000,131
1770757200000,0.01134000,0.01141000,0.01128000,0.01135000,1148774.20000000,1770760799999,13025.43834000,153
1770760800000,0.01136000,0.01139000,0.01128000,0.01128000,4077888.50000000,1770764399999,46170.42813400,534
1770764400000,0.01127000,0.01132000,0.01125000,0.01129000,685077.20000000,1770767999999,7725.10669900,201
1770768000000,0.01128000,0.01135000,0.01124000,0.01129000,719776.70000000,1770771599999,8126.98506200,230
1770771600000,0.01129000,0.01133000,0.01124000,0.01133000,609800.30000000,1770775199999,6893.47068600,177
1770775200000,0.01133000,0.01140000,0.01131000,0.01132000,594293.90000000,1770778799999,6755.80407800,135
1770778800000,0.01131000,0.01135000,0.01120000,0.01128000,1773593.60000000,1770782399999,20013.87134600,271
1770782400000,0.01127000,0.01130000,0.01109000,0.01114000,4467627.60000000,1770785999999,50147.32108300,456
1770786000000,0.01115000,0.01119000,0.01104000,0.01109000,823529.40000000,1770789599999,9136.87468000,121
1770789600000,0.01109000,0.01110000,0.01094000,0.01098000,2569073.20000000,1770793199999,28299.50335200,377
1770793200000,0.01098000,0.01111000,0.01094000,0.01106000,859244.30000000,1770796799999,9470.72385300,236
1770796800000,0.01105000,0.01110000,0.01101000,0.01109000,1236353.10000000,1770800399999,13687.89547300,170
1770800400000,0.01110000,0.01112000,0.01102000,0.01104000,1001290.20000000,1770803999999,11060.07104300,138
1770804000000,0.01103000,0.01155000,0.01103000,0.01135000,32736825.60000000,1770807599999,373108.88194700,3278
1770807600000,0.01136000,0.01152000,0.01128000,0.01138000,14582416.00000000,1770811199999,166212.44766700,1589
1770811200000,0.01138000,0.01147000,0.01126000,0.01137000,4293646.60000000,1770814799999,48778.75871700,620
1770814800000,0.01136000,0.01139000,0.01121000,0.01129000,3231328.00000000,1770818399999,36456.94582900,611
1770818400000,0.01130000,0.01146000,0.01112000,0.01119000,6680526.00000000,1770821999999,75426.05257800,870
1770822000000,0.01118000,0.01119000,0.01099000,0.01111000,8355382.20000000,1770825599999,92409.05619100,1264
1770825600000,0.01111000,0.01125000,0.01104000,0.01104000,2813645.90000000,1770829199999,31419.22029100,549
1770829200000,0.01105000,0.01124000,0.01104000,0.01123000,1386258.90000000,1770832799999,15420.01504500,339
1770832800000,0.01125000,0.01139000,0.01116000,0.01134000,1640939.50000000,1770836399999,18517.97984600,236
1770836400000,0.01134000,0.01136000,0.01124000,0.01130000,2166848.30000000,1770839999999,24510.41651000,313
1770840000000,0.01128000,0.01139000,0.01123000,0.01138000,1680735.00000000,1770843599999,18983.86905000,209
1770843600000,0.01139000,0.01145000,0.01133000,0.01138000,1614871.80000000,1770847199999,18374.88988100,231
1770847200000,0.01138000,0.01142000,0.01133000,0.01134000,2053108.40000000,1770850799999,23368.64396800,206
1770850800000,0.01133000,0.01156000,0.01132000,0.01155000,4972939.90000000,1770854399999,56937.26376400,456
1770854400000,0.01156000,0.01162000,0.01149000,0.01162000,4948426.70000000,1770857999999,57191.51751600,556
1770858000000,0.01162000,0.01170000,0.01154000,0.01165000,5163773.20000000,1770861599999,60081.59182500,676
1770861600000,0.01164000,0.01170000,0.01120000,0.01133000,17498107.00000000,1770865199999,200438.96434600,1543
1770865200000,0.01133000,0.01143000,0.01130000,0.01141000,1659850.10000000,1770868799999,18864.38510600,231
1770868800000,0.01141000,0.01141000,0.01131000,0.01137000,452660.50000000,1770872399999,5139.70246400,74
1770872400000,0.01136000,0.01143000,0.01132000,0.01133000,3495563.70000000,1770875999999,39774.75084300,412
1770876000000,0.01133000,0.01151000,0.01130000,0.01148000,7739967.10000000,1770879599999,88317.72739300,643
1770879600000,0.01148000,0.01149000,0.01140000,0.01144000,792124.90000000,1770883199999,9073.19843800,87
1770883200000,0.01144000,0.01148000,0.01133000,0.01143000,5470785.80000000,1770886799999,62537.37658900,478
1770886800000,0.01144000,0.01156000,0.01139000,0.01140000,4217495.00000000,1770890399999,48457.87902900,401
1770890400000,0.01140000,0.01144000,0.01128000,0.01140000,4004640.10000000,1770893999999,45512.12482000,536
1770894000000,0.01140000,0.01146000,0.01127000,0.01129000,10603692.50000000,1770897599999,120629.90895300,913
1770897600000,0.01129000,0.01135000,0.01112000,0.01116000,12153804.40000000,1770901199999,136407.20961300,1531
1770901200000,0.01118000,0.01119000,0.01104000,0.01116000,8780477.60000000,1770904799999,97699.73904100,714
1770904800000,0.01116000,0.01118000,0.01103000,0.01106000,7068295.40000000,1770908399999,78383.83744900,642
1770908400000,0.01108000,0.01110000,0.01085000,0.01088000,7683936.20000000,1770911999999,84415.00286800,759
1770912000000,0.01086000,0.01092000,0.01069000,0.01073000,13322276.00000000,1770915599999,143445.19423600,1293
1770915600000,0.01073000,0.01077000,0.01064000,0.01065000,3321669.90000000,1770919199999,35593.62853900,444
1770919200000,0.01065000,0.01074000,0.01061000,0.01066000,2859943.90000000,1770922799999,30547.10538400,511
1770922800000,0.01066000,0.01077000,0.01064000,0.01067000,4071640.30000000,1770926399999,43622.30008700,558
1770926400000,0.01066000,0.01071000,0.01045000,0.01052000,10544087.60000000,1770929999999,111468.98202500,928
1770930000000,0.01050000,0.01057000,0.01048000,0.01048000,5072516.20000000,1770933599999,53400.37257500,542
1770933600000,0.01048000,0.01067000,0.01046000,0.01063000,3304632.50000000,1770937199999,34910.75188400,446
1770937200000,0.01063000,0.01074000,0.01058000,0.01072000,7158942.80000000,1770940799999,76186.10607100,605
1770940800000,0.01073000,0.01081000,0.01070000,0.01072000,5143661.00000000,1770944399999,55312.86966900,395
1770944400000,0.01071000,0.01082000,0.01068000,0.01078000,2185274.50000000,1770947999999,23455.66518100,194
1770948000000,0.01078000,0.01078000,0.01071000,0.01072000,788308.10000000,1770951599999,8463.92334000,107
1770951600000,0.01072000,0.01074000,0.01058000,0.01064000,1184409.30000000,1770955199999,12608.12121100,193
1770955200000,0.01064000,0.01065000,0.01058000,0.01061000,1039306.70000000,1770958799999,11023.69385300,171
1770958800000,0.01060000,0.01079000,0.01050000,0.01055000,9554071.90000000,1770962399999,101526.90386000,1085
1770962400000,0.01054000,0.01060000,0.01049000,0.01055000,3103047.40000000,1770965999999,32737.66929400,530
1770966000000,0.01055000,0.01061000,0.01052000,0.01059000,5310941.20000000,1770969599999,56111.60235600,921
1770969600000,0.01058000,0.01070000,0.01044000,0.01049000,10808885.60000000,1770973199999,114165.02185700,1511
1770973200000,0.01049000,0.01065000,0.01042000,0.01058000,6517637.10000000,1770976799999,68466.23715100,677
1770976800000,0.01057000,0.01057000,0.01048000,0.01049000,4756285.50000000,1770980399999,50060.42896900,633
1770980400000,0.01049000,0.01053000,0.01035000,0.01036000,10910527.90000000,1770983999999,113581.83656600,1139
1770984000000,0.01036000,0.01041000,0.01030000,0.01035000,5102153.80000000,1770987599999,52873.18406100,701
1770987600000,0.01033000,0.01042000,0.01019000,0.01022000,8625006.50000000,1770991199999,88867.67855600,998
1770991200000,0.01022000,0.01036000,0.01018000,0.01029000,8404733.80000000,1770994799999,86398.23191100,995
1770994800000,0.01032000,0.01040000,0.00999000,0.01009000,57003514.10000000,1770998399999,581471.79720800,6908
1770998400000,0.01008000,0.01039000,0.01003000,0.01036000,18313249.60000000,1771001999999,186781.14249700,1643
1771002000000,0.01035000,0.01035000,0.01017000,0.01022000,8846120.00000000,1771005599999,90537.86856000,868
1771005600000,0.01023000,0.01030000,0.01020000,0.01026000,4226486.00000000,1771009199999,43293.97046500,792
1771009200000,0.01027000,0.01033000,0.01022000,0.01023000,6254411.20000000,1771012799999,64320.71964400,699
1771012800000,0.01024000,0.01028000,0.00994000,0.01004000,27126692.70000000,1771016399999,273436.93859600,1618
1771016400000,0.01005000,0.01015000,0.01001000,0.01004000,8913466.40000000,1771019999999,89737.56833300,1839
1771020000000,0.01004000,0.01011000,0.00997000,0.01011000,9939126.40000000,1771023599999,99631.81722200,1211
1771023600000,0.01012000,0.01014000,0.01002000,0.01007000,4423165.60000000,1771027199999,44584.12625900,545
1771027200000,0.01007000,0.01017000,0.01003000,0.01011000,6569542.20000000,1771030799999,66371.73185600,624
1771030800000,0.01011000,0.01026000,0.01011000,0.01019000,5947727.80000000,1771034399999,60599.40786500,684
1771034400000,0.01019000,0.01037000,0.01014000,0.01028000,4507070.00000000,1771037999999,46290.46990200,442
1771038000000,0.01028000,0.01030000,0.01015000,0.01018000,4569896.40000000,1771041599999,46618.65432600,438
1771041600000,0.01018000,0.01035000,0.01014000,0.01034000,7171786.50000000,1771045199999,73569.48967700,574
1771045200000,0.01032000,0.01077000,0.01013000,0.01017000,37916615.60000000,1771048799999,396290.38105800,3482
1771048800000,0.01018000,0.01021000,0.01005000,0.01010000,9813917.50000000,1771052399999,99345.25169400,844
1771052400000,0.01010000,0.01030000,0.01010000,0.01020000,11213945.30000000,1771055999999,114359.37535100,949
1771056000000,0.01020000,0.01025000,0.01015000,0.01017000,5859551.20000000,1771059599999,59762.03346400,642
1771059600000,0.01017000,0.01037000,0.01015000,0.01023000,14135662.50000000,1771063199999,145099.38926900,917
1771063200000,0.01023000,0.01025000,0.01014000,0.01016000,5880368.90000000,1771066799999,59958.39698300,535
1771066800000,0.01018000,0.01025000,0.01017000,0.01020000,7141753.40000000,1771070399999,72919.03460000,646
1771070400000,0.01020000,0.01030000,0.01018000,0.01019000,6106990.90000000,1771073999999,62520.27604000,617
1771074000000,0.01018000,0.01073000,0.01018000,0.01028000,43481664.30000000,1771077599999,454330.30392200,2395
1771077600000,0.01028000,0.01036000,0.01024000,0.01028000,7166061.00000000,1771081199999,73810.86578000,725
1771081200000,0.01028000,0.01063000,0.01024000,0.01040000,29151453.60000000,1771084799999,304371.29972900,2558
1771084800000,0.01040000,0.01049000,0.01030000,0.01041000,20635777.30000000,1771088399999,213953.26536100,1097
1771088400000,0.01041000,0.01044000,0.01031000,0.01043000,7607815.50000000,1771091999999,78928.66786900,667
1771092000000,0.01042000,0.01049000,0.01036000,0.01044000,7826461.30000000,1771095599999,81505.85356200,671
1771095600000,0.01044000,0.01049000,0.01042000,0.01045000,2627190.30000000,1771099199999,27461.08354600,214
1771099200000,0.01048000,0.01084000,0.01039000,0.01064000,31132462.60000000,1771102799999,331825.17059900,1975
1771102800000,0.01063000,0.01067000,0.01053000,0.01059000,4539718.70000000,1771106399999,48127.47373100,586
1771106400000,0.01059000,0.01066000,0.01058000,0.01059000,3157234.50000000,1771109999999,33492.61097800,326
1771110000000,0.01058000,0.01061000,0.01051000,0.01061000,3507622.30000000,1771113599999,37078.06687400,450
1771113600000,0.01061000,0.01067000,0.01051000,0.01056000,3133153.20000000,1771117199999,33191.82650300,242
1771117200000,0.01056000,0.01080000,0.01056000,0.01061000,8196169.30000000,1771120799999,87332.85756300,564
1771120800000,0.01062000,0.01064000,0.01045000,0.01051000,3502536.30000000,1771124399999,36820.46346500,306
1771124400000,0.01050000,0.01055000,0.01032000,0.01052000,5381598.10000000,1771127999999,56201.88816000,467
1771128000000,0.01053000,0.01060000,0.01049000,0.01054000,4366889.80000000,1771131599999,46065.54522700,385
1771131600000,0.01054000,0.01058000,0.01048000,0.01050000,1490747.60000000,1771135199999,15706.12395000,149
1771135200000,0.01049000,0.01059000,0.01049000,0.01051000,658684.50000000,1771138799999,6950.75970400,133
1771138800000,0.01053000,0.01068000,0.01053000,0.01063000,2192730.60000000,1771142399999,23288.52802900,207
1771142400000,0.01064000,0.01071000,0.01035000,0.01049000,16431312.40000000,1771145999999,172017.18419200,891
1771146000000,0.01046000,0.01056000,0.01043000,0.01046000,5278080.70000000,1771149599999,55355.87037500,421
1771149600000,0.01045000,0.01045000,0.01036000,0.01040000,3028372.90000000,1771153199999,31497.63837200,240
1771153200000,0.01040000,0.01042000,0.01028000,0.01031000,7769412.70000000,1771156799999,80218.99042300,424
1771156800000,0.01031000,0.01038000,0.01005000,0.01009000,15527390.20000000,1771160399999,158820.10770400,889
1771160400000,0.01009000,0.01019000,0.01001000,0.01004000,11542465.20000000,1771163999999,116605.21039700,834
1771164000000,0.01006000,0.01020000,0.01003000,0.01018000,2284506.40000000,1771167599999,23079.74426600,272
1771167600000,0.01017000,0.01021000,0.01006000,0.01012000,3242894.20000000,1771171199999,32909.43959200,363
1771171200000,0.01012000,0.01019000,0.01004000,0.01009000,3590765.30000000,1771174799999,36327.99508700,308
1771174800000,0.01011000,0.01016000,0.00975000,0.00996000,17533564.80000000,1771178399999,174578.72912300,1673
1771178400000,0.00995000,0.01005000,0.00989000,0.00994000,5722160.50000000,1771181999999,57069.90791400,462
1771182000000,0.00997000,0.01005000,0.00986000,0.00995000,2744543.80000000,1771185599999,27342.81389400,279
1771185600000,0.00994000,0.01017000,0.00987000,0.01013000,4770064.00000000,1771189199999,47819.66693000,327
1771189200000,0.01013000,0.01025000,0.01012000,0.01015000,3431668.90000000,1771192799999,34936.67386700,356
1771192800000,0.01014000,0.01027000,0.01014000,0.01025000,2944882.00000000,1771196399999,30060.24671800,250
1771196400000,0.01025000,0.01044000,0.01019000,0.01038000,13108152.30000000,1771199999999,135477.42691000,994
1771200000000,0.01038000,0.01039000,0.01016000,0.01027000,4248930.80000000,1771203599999,43562.37182600,476
1771203600000,0.01028000,0.01035000,0.01021000,0.01028000,2148749.70000000,1771207199999,22114.54825700,337
1771207200000,0.01028000,0.01030000,0.01018000,0.01019000,572861.90000000,1771210799999,5867.85934800,162
1771210800000,0.01020000,0.01029000,0.01012000,0.01013000,3761507.90000000,1771214399999,38453.52014000,507
1771214400000,0.01014000,0.01021000,0.01002000,0.01010000,7746429.20000000,1771217999999,78171.71490900,544
1771218000000,0.01011000,0.01011000,0.00997000,0.01005000,2335396.80000000,1771221599999,23438.72905200,439
1771221600000,0.01006000,0.01018000,0.01004000,0.01010000,2380554.70000000,1771225199999,24088.12666100,379
1771225200000,0.01009000,0.01015000,0.01006000,0.01010000,1445118.50000000,1771228799999,14603.53898600,240
1771228800000,0.01010000,0.01026000,0.01009000,0.01018000,3012914.20000000,1771232399999,30636.84136100,498
1771232400000,0.01018000,0.01027000,0.01017000,0.01021000,2578037.20000000,1771235999999,26375.29157100,437
1771236000000,0.01021000,0.01026000,0.01008000,0.01013000,3081652.80000000,1771239599999,31266.54526900,488
1771239600000,0.01013000,0.01018000,0.01004000,0.01017000,5172226.50000000,1771243199999,52286.25188100,416
1771243200000,0.01015000,0.01046000,0.01011000,0.01044000,6126130.80000000,1771246799999,63015.18612800,926
1771246800000,0.01045000,0.01052000,0.01026000,0.01033000,5404374.10000000,1771250399999,56119.97479500,743
1771250400000,0.01034000,0.01045000,0.01029000,0.01036000,4113652.00000000,1771253999999,42688.86988800,555
1771254000000,0.01036000,0.01066000,0.01020000,0.01026000,26128994.50000000,1771257599999,273788.34953100,2566
1771257600000,0.01026000,0.01053000,0.01023000,0.01051000,6692059.10000000,1771261199999,69722.27755100,624
1771261200000,0.01051000,0.01063000,0.01046000,0.01047000,6021622.00000000,1771264799999,63481.12208400,528
1771264800000,0.01046000,0.01053000,0.01037000,0.01040000,5094002.70000000,1771268399999,53229.74722600,387
1771268400000,0.01040000,0.01060000,0.01038000,0.01055000,5962347.90000000,1771271999999,62711.20440300,651
1771272000000,0.01056000,0.01076000,0.01054000,0.01058000,10529765.30000000,1771275599999,112124.03605600,873
1771275600000,0.01059000,0.01059000,0.01043000,0.01049000,7130841.30000000,1771279199999,74662.40687800,617
1771279200000,0.01049000,0.01049000,0.01038000,0.01044000,1193926.50000000,1771282799999,12449.16799700,196
1771282800000,0.01043000,0.01048000,0.01041000,0.01045000,1030425.30000000,1771286399999,10762.23385400,206
1771286400000,0.01046000,0.01047000,0.01037000,0.01038000,2551360.70000000,1771289999999,26562.03163500,425
1771290000000,0.01037000,0.01053000,0.01028000,0.01045000,9019147.80000000,1771293599999,94122.06610100,1033
1771293600000,0.01045000,0.01059000,0.01042000,0.01055000,3166080.70000000,1771297199999,33388.48075800,445
1771297200000,0.01054000,0.01077000,0.01048000,0.01064000,10620471.60000000,1771300799999,113041.53420200,1111
1771300800000,0.01063000,0.01082000,0.01060000,0.01076000,10947772.60000000,1771304399999,117338.10479300,1243
1771304400000,0.01076000,0.01083000,0.01054000,0.01065000,14002860.40000000,1771307999999,149780.44730300,1502
1771308000000,0.01067000,0.01071000,0.01059000,0.01063000,4795631.50000000,1771311599999,51089.88726600,556
1771311600000,0.01063000,0.01069000,0.01050000,0.01052000,3379222.70000000,1771315199999,35702.60777200,530
1771315200000,0.01052000,0.01054000,0.01046000,0.01049000,2637400.40000000,1771318799999,27684.64311700,332
1771318800000,0.01048000,0.01058000,0.01042000,0.01047000,3987868.80000000,1771322399999,41880.25228900,532
1771322400000,0.01047000,0.01050000,0.01025000,0.01027000,3892220.30000000,1771325999999,40173.29959000,507
1771326000000,0.01030000,0.01061000,0.01030000,0.01044000,12233906.50000000,1771329599999,128165.84331100,1469
1771329600000,0.01046000,0.01070000,0.01044000,0.01058000,6803017.40000000,1771333199999,72143.09561500,639
1771333200000,0.01059000,0.01064000,0.01053000,0.01056000,3975547.60000000,1771336799999,42075.32718700,328
1771336800000,0.01055000,0.01064000,0.01027000,0.01037000,16591350.40000000,1771340399999,172176.41569900,1793
1771340400000,0.01036000,0.01048000,0.01032000,0.01044000,4359396.80000000,1771343999999,45198.89875000,695
1771344000000,0.01046000,0.01056000,0.01037000,0.01039000,3017123.80000000,1771347599999,31517.13381200,684
1771347600000,0.01038000,0.01040000,0.01026000,0.01034000,2324956.20000000,1771351199999,24012.09421300,349
1771351200000,0.01033000,0.01048000,0.01032000,0.01045000,1663849.30000000,1771354799999,17331.04051500,229
1771354800000,0.01046000,0.01046000,0.01037000,0.01040000,1346931.20000000,1771358399999,14018.19842300,167
1771358400000,0.01039000,0.01041000,0.01033000,0.01035000,459476.50000000,1771361999999,4762.48589200,115
1771362000000,0.01036000,0.01051000,0.01036000,0.01040000,10620815.00000000,1771365599999,110868.68553100,888
1771365600000,0.01040000,0.01049000,0.01039000,0.01046000,1697739.10000000,1771369199999,17691.45979800,287
1771369200000,0.01045000,0.01047000,0.01040000,0.01040000,669157.20000000,1771372799999,6984.13907900,267
1771372800000,0.01039000,0.01046000,0.01035000,0.01037000,1199381.50000000,1771376399999,12472.14484900,333
1771376400000,0.01037000,0.01040000,0.01029000,0.01032000,1354580.60000000,1771379999999,14015.36916700,289
1771380000000,0.01033000,0.01062000,0.01033000,0.01052000,7201751.10000000,1771383599999,75676.52962400,1042
1771383600000,0.01052000,0.01059000,0.01051000,0.01055000,1567976.60000000,1771387199999,16540.51861200,255
1771387200000,0.01055000,0.01055000,0.01040000,0.01049000,4932571.10000000,1771390799999,51613.08994600,966
1771390800000,0.01050000,0.01059000,0.01050000,0.01053000,2101041.90000000,1771394399999,22160.01257000,706
1771394400000,0.01053000,0.01082000,0.01053000,0.01064000,14032122.50000000,1771397999999,150131.85442500,1894
1771398000000,0.01064000,0.01070000,0.01054000,0.01065000,8450628.00000000,1771401599999,89724.30523100,1081
1771401600000,0.01064000,0.01074000,0.01057000,0.01057000,1978619.10000000,1771405199999,21104.28923300,333
1771405200000,0.01057000,0.01057000,0.01046000,0.01050000,6651561.20000000,1771408799999,69945.41564100,416
1771408800000,0.01051000,0.01051000,0.01036000,0.01042000,4401698.70000000,1771412399999,45912.78491900,392
1771412400000,0.01041000,0.01042000,0.01029000,0.01034000,3669219.90000000,1771415999999,37979.37943000,433
1771416000000,0.01035000,0.01042000,0.01033000,0.01035000,1549492.40000000,1771419599999,16081.12680100,191
1771419600000,0.01035000,0.01039000,0.01025000,0.01030000,3457905.30000000,1771423199999,35669.68760200,366
1771423200000,0.01030000,0.01031000,0.01012000,0.01024000,9408177.70000000,1771426799999,96038.85335200,754
1771426800000,0.01023000,0.01035000,0.01022000,0.01028000,2643049.30000000,1771430399999,27117.97892600,354
1771430400000,0.01029000,0.01029000,0.01019000,0.01022000,2159589.00000000,1771433999999,22108.14590500,299
1771434000000,0.01023000,0.01028000,0.01020000,0.01020000,2170254.00000000,1771437599999,22215.84054900,201
1771437600000,0.01021000,0.01033000,0.01013000,0.01019000,10579277.40000000,1771441199999,108518.58354100,1116
1771441200000,0.01020000,0.01023000,0.00988000,0.00998000,17406356.40000000,1771444799999,174480.04744500,3142
1771444800000,0.00998000,0.01011000,0.00992000,0.00995000,12391509.30000000,1771448399999,123886.98124800,2267
1771448400000,0.00995000,0.01005000,0.00992000,0.00998000,1196632.90000000,1771451999999,11932.22848100,480
1771452000000,0.00997000,0.01002000,0.00995000,0.00996000,1486871.80000000,1771455599999,14844.81984100,516
1771455600000,0.00998000,0.01002000,0.00996000,0.01001000,811340.80000000,1771459199999,8098.11030000,201
1771459200000,0.01000000,0.01000000,0.00993000,0.00996000,1411049.90000000,1771462799999,14059.13782900,440
1771462800000,0.00997000,0.01007000,0.00996000,0.01001000,2207320.00000000,1771466399999,22099.05896600,484
1771466400000,0.01000000,0.01007000,0.00998000,0.01004000,1045016.50000000,1771469999999,10475.86006700,158
1771470000000,0.01004000,0.01008000,0.01000000,0.01002000,1268462.60000000,1771473599999,12719.67272800,192
1771473600000,0.01003000,0.01006000,0.00997000,0.00998000,1823144.40000000,1771477199999,18265.52834000,337
1771477200000,0.00996000,0.00999000,0.00984000,0.00989000,2844359.90000000,1771480799999,28131.14052800,369
1771480800000,0.00989000,0.00994000,0.00988000,0.00992000,1366643.60000000,1771484399999,13559.07013100,216
1771484400000,0.00992000,0.00995000,0.00985000,0.00985000,3788928.40000000,1771487999999,37460.95176600,387
1771488000000,0.00985000,0.00985000,0.00955000,0.00958000,17463410.50000000,1771491599999,169851.54698400,2043
1771491600000,0.00958000,0.00966000,0.00955000,0.00961000,5131865.80000000,1771495199999,49345.72061000,721
1771495200000,0.00961000,0.00968000,0.00959000,0.00967000,1790124.70000000,1771498799999,17235.49129500,283
1771498800000,0.00966000,0.00970000,0.00964000,0.00967000,1891328.20000000,1771502399999,18287.30403700,321
1771502400000,0.00967000,0.00967000,0.00959000,0.00960000,2849655.60000000,1771505999999,27429.79727000,382
1771506000000,0.00960000,0.00962000,0.00939000,0.00945000,9993620.30000000,1771509599999,94839.42329800,905
1771509600000,0.00945000,0.00958000,0.00944000,0.00955000,7382908.20000000,1771513199999,70119.75863500,683
1771513200000,0.00956000,0.00960000,0.00946000,0.00950000,2705512.50000000,1771516799999,25741.89756200,336
1771516800000,0.00950000,0.00956000,0.00944000,0.00953000,1737046.00000000,1771520399999,16506.36611400,330
1771520400000,0.00952000,0.00966000,0.00950000,0.00959000,5318616.70000000,1771523999999,50888.06258400,622
1771524000000,0.00959000,0.00970000,0.00957000,0.00967000,3061008.70000000,1771527599999,29523.80778600,347
1771527600000,0.00967000,0.00991000,0.00962000,0.00988000,6847596.00000000,1771531199999,66827.12364500,554
1771531200000,0.00988000,0.00997000,0.00976000,0.00992000,10112462.30000000,1771534799999,99966.17938600,648
1771534800000,0.00991000,0.01000000,0.00990000,0.00995000,2813544.70000000,1771538399999,27994.58366700,265
1771538400000,0.00995000,0.01002000,0.00993000,0.01001000,1934963.20000000,1771541999999,19297.31807500,210
1771542000000,0.00999000,0.01002000,0.00996000,0.00997000,835935.60000000,1771545599999,8352.69071700,139
1771545600000,0.00997000,0.00999000,0.00989000,0.00992000,3134761.90000000,1771549199999,31161.58835400,320
1771549200000,0.00993000,0.00996000,0.00991000,0.00996000,1017986.30000000,1771552799999,10116.79681800,216
1771552800000,0.00995000,0.00999000,0.00995000,0.00996000,480612.50000000,1771556399999,4792.94034400,91
1771556400000,0.00997000,0.01002000,0.00996000,0.01000000,1119493.40000000,1771559999999,11183.71768700,168
1771560000000,0.01000000,0.01030000,0.00995000,0.01027000,12123232.50000000,1771563599999,122750.24039100,1056
1771563600000,0.01028000,0.01030000,0.00996000,0.00997000,12068594.00000000,1771567199999,121621.27290100,902
1771567200000,0.00996000,0.01000000,0.00995000,0.00995000,966134.60000000,1771570799999,9628.64331100,143
1771570800000,0.00996000,0.01003000,0.00994000,0.00997000,1800217.30000000,1771574399999,17994.17621100,303
1771574400000,0.00997000,0.01006000,0.00997000,0.01004000,1386895.60000000,1771577999999,13895.36212700,247
1771578000000,0.01003000,0.01036000,0.01003000,0.01024000,12417908.70000000,1771581599999,126772.11749300,831
1771581600000,0.01023000,0.01025000,0.01018000,0.01019000,1616977.30000000,1771585199999,16528.42279100,251
1771585200000,0.01019000,0.01025000,0.01014000,0.01017000,3527422.50000000,1771588799999,35949.92169700,355
1771588800000,0.01016000,0.01021000,0.00994000,0.01004000,9653055.90000000,1771592399999,97057.30537900,746
1771592400000,0.01006000,0.01010000,0.00980000,0.00993000,7430493.40000000,1771595999999,73944.16199400,733
1771596000000,0.00993000,0.01002000,0.00990000,0.00998000,3440909.10000000,1771599599999,34299.75595700,462
1771599600000,0.00999000,0.01015000,0.00997000,0.01002000,4649713.70000000,1771603199999,46752.78356300,633
1771603200000,0.01002000,0.01009000,0.01002000,0.01006000,2190009.40000000,1771606799999,22000.21032300,279
1771606800000,0.01004000,0.01009000,0.00992000,0.01006000,3812098.30000000,1771610399999,38129.55963000,411
1771610400000,0.01007000,0.01016000,0.01007000,0.01011000,2641426.90000000,1771613999999,26709.43705000,323
1771614000000,0.01013000,0.01013000,0.01002000,0.01002000,1685788.90000000,1771617599999,16963.17561600,213
1771617600000,0.01003000,0.01008000,0.01001000,0.01003000,1434459.70000000,1771621199999,14416.94297600,173
1771621200000,0.01003000,0.01008000,0.01000000,0.01007000,1094405.60000000,1771624799999,10974.95121500,159
1771624800000,0.01007000,0.01009000,0.01003000,0.01007000,903750.40000000,1771628399999,9092.41646000,138
1771628400000,0.01009000,0.01010000,0.01006000,0.01008000,684791.90000000,1771631999999,6902.50281900,177
1771632000000,0.01007000,0.01020000,0.01000000,0.01005000,3967485.10000000,1771635599999,40004.25499300,405
1771635600000,0.01005000,0.01007000,0.01003000,0.01007000,1067080.70000000,1771639199999,10727.01862800,112
1771639200000,0.01007000,0.01009000,0.01006000,0.01007000,488813.10000000,1771642799999,4924.82106600,59
1771642800000,0.01007000,0.01008000,0.01002000,0.01005000,959980.60000000,1771646399999,9654.68482700,128
1771646400000,0.01005000,0.01005000,0.00999000,0.01000000,773873.50000000,1771649999999,7749.52370200,69
1771650000000,0.01000000,0.01009000,0.01000000,0.01001000,899043.50000000,1771653599999,9037.66196900,78
1771653600000,0.01001000,0.01009000,0.00997000,0.01002000,3609545.90000000,1771657199999,36168.51011600,339
1771657200000,0.01001000,0.01008000,0.01001000,0.01005000,1376237.50000000,1771660799999,13826.48344300,134
1771660800000,0.01005000,0.01013000,0.01005000,0.01012000,962136.30000000,1771664399999,9708.09016000,96
1771664400000,0.01012000,0.01016000,0.01011000,0.01012000,1759246.50000000,1771667999999,17822.72011800,122
1771668000000,0.01012000,0.01014000,0.01008000,0.01009000,796939.80000000,1771671599999,8052.23070600,131
1771671600000,0.01009000,0.01010000,0.01004000,0.01007000,834820.40000000,1771675199999,8411.24638000,113
1771675200000,0.01007000,0.01007000,0.00985000,0.00993000,12307590.30000000,1771678799999,122105.37780500,712
1771678800000,0.00993000,0.01009000,0.00993000,0.01009000,6916420.60000000,1771682399999,69157.31447500,518
1771682400000,0.01008000,0.01012000,0.00999000,0.01002000,4377209.80000000,1771685999999,43985.69813900,261
1771686000000,0.01002000,0.01002000,0.00995000,0.00999000,1435560.60000000,1771689599999,14337.31847000,157
1771689600000,0.00998000,0.01002000,0.00992000,0.01001000,3821383.70000000,1771693199999,38147.46562100,304
1771693200000,0.01000000,0.01001000,0.00996000,0.00998000,488079.20000000,1771696799999,4871.76752900,65
1771696800000,0.00999000,0.01007000,0.00998000,0.01004000,2004929.40000000,1771700399999,20105.15181900,125
1771700400000,0.01005000,0.01013000,0.00998000,0.01000000,6406649.10000000,1771703999999,64289.75343100,430
1771704000000,0.01000000,0.01002000,0.00997000,0.00997000,926058.40000000,1771707599999,9256.83155400,91
1771707600000,0.00998000,0.00999000,0.00993000,0.00997000,877933.80000000,1771711199999,8741.95357700,117
1771711200000,0.00998000,0.01000000,0.00994000,0.00999000,1319468.70000000,1771714799999,13150.60604100,191
1771714800000,0.00999000,0.01000000,0.00995000,0.00995000,282609.10000000,1771718399999,2816.37475700,51
1771718400000,0.00995000,0.00995000,0.00975000,0.00982000,4610082.70000000,1771721999999,45297.41448200,480
1771722000000,0.00983000,0.00986000,0.00981000,0.00985000,1392115.90000000,1771725599999,13699.37593900,148
1771725600000,0.00985000,0.00989000,0.00974000,0.00976000,5614979.80000000,1771729199999,55003.85964800,520
1771729200000,0.00976000,0.00982000,0.00968000,0.00981000,2562422.30000000,1771732799999,24922.71918900,256
1771732800000,0.00981000,0.00982000,0.00978000,0.00978000,332009.30000000,1771736399999,3251.40741700,77
1771736400000,0.00979000,0.00981000,0.00977000,0.00979000,659795.00000000,1771739999999,6454.91253000,85
1771740000000,0.00979000,0.00982000,0.00977000,0.00979000,1167669.50000000,1771743599999,11445.83100700,157
1771743600000,0.00978000,0.00985000,0.00978000,0.00982000,1006755.40000000,1771747199999,9891.69343200,157
1771747200000,0.00982000,0.00982000,0.00975000,0.00979000,1828128.80000000,1771750799999,17874.91991200,221
1771750800000,0.00979000,0.00984000,0.00979000,0.00984000,1130208.10000000,1771754399999,11086.74584600,139
1771754400000,0.00984000,0.00988000,0.00980000,0.00983000,847110.50000000,1771757999999,8337.73896000,147
1771758000000,0.00983000,0.00983000,0.00978000,0.00979000,827860.00000000,1771761599999,8112.09772500,113
1771761600000,0.00979000,0.00980000,0.00961000,0.00967000,4638780.20000000,1771765199999,45033.21961800,374
1771765200000,0.00967000,0.00968000,0.00958000,0.00965000,5068636.10000000,1771768799999,48837.47791600,622
1771768800000,0.00966000,0.00968000,0.00960000,0.00965000,1422417.50000000,1771772399999,13733.49595300,245
1771772400000,0.00966000,0.00975000,0.00963000,0.00972000,1687494.70000000,1771775999999,16336.18995800,174
1771776000000,0.00971000,0.00971000,0.00967000,0.00970000,427020.20000000,1771779599999,4137.86726100,81
1771779600000,0.00971000,0.00971000,0.00962000,0.00968000,2592100.30000000,1771783199999,25011.09645100,235
1771783200000,0.00968000,0.00968000,0.00966000,0.00968000,354354.90000000,1771786799999,3426.65228800,44
1771786800000,0.00968000,0.00968000,0.00965000,0.00968000,246852.10000000,1771790399999,2386.32826000,48
1771790400000,0.00967000,0.00967000,0.00960000,0.00962000,387747.40000000,1771793999999,3737.67535400,74
1771794000000,0.00962000,0.00963000,0.00957000,0.00962000,634549.70000000,1771797599999,6091.00187800,120
1771797600000,0.00963000,0.00974000,0.00962000,0.00971000,4051053.30000000,1771801199999,39235.02243800,239
1771801200000,0.00973000,0.00975000,0.00969000,0.00972000,588771.00000000,1771804799999,5717.14282200,76
1771804800000,0.00971000,0.00971000,0.00947000,0.00950000,4025023.70000000,1771808399999,38487.92356700,558
1771808400000,0.00948000,0.00948000,0.00894000,0.00905000,28537286.20000000,1771811999999,261299.93747000,2162
1771812000000,0.00904000,0.00918000,0.00903000,0.00915000,4588526.00000000,1771815599999,41935.23837800,335
1771815600000,0.00916000,0.00921000,0.00910000,0.00918000,2060748.70000000,1771819199999,18848.02440900,263
1771819200000,0.00917000,0.00920000,0.00912000,0.00913000,1295430.50000000,1771822799999,11864.98554100,220
1771822800000,0.00914000,0.00925000,0.00913000,0.00923000,1657818.50000000,1771826399999,15238.52835100,194
1771826400000,0.00922000,0.00932000,0.00922000,0.00930000,3162131.90000000,1771829999999,29306.98070700,263
1771830000000,0.00929000,0.00933000,0.00928000,0.00929000,4167541.20000000,1771833599999,38753.24747200,341
1771833600000,0.00928000,0.00930000,0.00924000,0.00928000,2135519.10000000,1771837199999,19785.58625200,141
1771837200000,0.00929000,0.00943000,0.00929000,0.00941000,1584937.90000000,1771840799999,14830.40916000,218
1771840800000,0.00941000,0.00942000,0.00932000,0.00933000,3118488.50000000,1771844399999,29196.46622200,167
1771844400000,0.00934000,0.00939000,0.00932000,0.00936000,2800629.00000000,1771847999999,26235.39501700,436
1771848000000,0.00938000,0.00945000,0.00933000,0.00940000,2177106.80000000,1771851599999,20456.43475200,166
1771851600000,0.00940000,0.00940000,0.00932000,0.00932000,662714.30000000,1771855199999,6201.48145700,83
1771855200000,0.00932000,0.00934000,0.00924000,0.00930000,1848303.70000000,1771858799999,17172.44022500,195
1771858800000,0.00930000,0.00935000,0.00926000,0.00930000,1751466.40000000,1771862399999,16285.93504400,214
1771862400000,0.00929000,0.00939000,0.00927000,0.00929000,1964086.90000000,1771865999999,18300.90861100,166
1771866000000,0.00930000,0.00931000,0.00913000,0.00919000,3082861.60000000,1771869599999,28331.51578000,304
1771869600000,0.00920000,0.00927000,0.00918000,0.00919000,767502.30000000,1771873199999,7075.92184400,122
1771873200000,0.00922000,0.00922000,0.00915000,0.00915000,897614.60000000,1771876799999,8240.94777900,136
1771876800000,0.00914000,0.00916000,0.00910000,0.00914000,1081473.50000000,1771880399999,9865.08427800,129
1771880400000,0.00915000,0.00917000,0.00907000,0.00911000,2115368.70000000,1771883999999,19281.53361200,187
1771884000000,0.00911000,0.00914000,0.00907000,0.00909000,3068877.70000000,1771887599999,27940.29931900,275
1771887600000,0.00911000,0.00912000,0.00899000,0.00903000,2471349.40000000,1771891199999,22385.04908800,226
1771891200000,0.00903000,0.00914000,0.00900000,0.00913000,3670310.00000000,1771894799999,33357.05787100,265
1771894800000,0.00912000,0.00917000,0.00898000,0.00910000,4472904.20000000,1771898399999,40526.88616500,299
1771898400000,0.00909000,0.00920000,0.00907000,0.00918000,7550804.10000000,1771901999999,69115.61147700,709
1771902000000,0.00917000,0.00920000,0.00912000,0.00914000,4214499.70000000,1771905599999,38629.47034000,605
1771905600000,0.00914000,0.00916000,0.00905000,0.00908000,1410811.60000000,1771909199999,12846.24954900,131
1771909200000,0.00907000,0.00910000,0.00899000,0.00902000,1498819.80000000,1771912799999,13540.42089600,138
1771912800000,0.00901000,0.00909000,0.00901000,0.00904000,1185052.00000000,1771916399999,10718.38330300,154
1771916400000,0.00905000,0.00906000,0.00897000,0.00898000,1249964.20000000,1771919999999,11271.64559700,169
1771920000000,0.00896000,0.00901000,0.00892000,0.00901000,1826981.30000000,1771923599999,16367.40663600,158
1771923600000,0.00901000,0.00903000,0.00893000,0.00899000,1475056.10000000,1771927199999,13250.66231200,181
1771927200000,0.00899000,0.00902000,0.00895000,0.00900000,1283144.80000000,1771930799999,11526.11976800,145
1771930800000,0.00901000,0.00901000,0.00893000,0.00896000,2253393.80000000,1771934399999,20195.62202100,163
1771934400000,0.00897000,0.00901000,0.00870000,0.00875000,8459187.20000000,1771937999999,74863.38215500,814
1771938000000,0.00876000,0.00890000,0.00876000,0.00889000,4569275.10000000,1771941599999,40339.60752400,280
1771941600000,0.00886000,0.00902000,0.00881000,0.00898000,2870217.40000000,1771945199999,25547.62514900,250
1771945200000,0.00899000,0.00908000,0.00895000,0.00904000,2769748.90000000,1771948799999,25024.14138100,250
1771948800000,0.00903000,0.00911000,0.00894000,0.00901000,3466612.00000000,1771952399999,31268.33616300,270
1771952400000,0.00902000,0.00904000,0.00893000,0.00894000,1638617.30000000,1771955999999,14756.82750700,162
1771956000000,0.00895000,0.00900000,0.00893000,0.00894000,1898532.60000000,1771959599999,17020.34147300,245
1771959600000,0.00894000,0.00901000,0.00891000,0.00898000,1460690.80000000,1771963199999,13100.44409300,170
1771963200000,0.00898000,0.00899000,0.00894000,0.00895000,2044781.60000000,1771966799999,18335.00956200,151
1771966800000,0.00895000,0.00896000,0.00888000,0.00894000,1417506.00000000,1771970399999,12649.29075600,146
1771970400000,0.00893000,0.00896000,0.00887000,0.00889000,938009.80000000,1771973999999,8378.09105400,89
1771974000000,0.00890000,0.00891000,0.00884000,0.00884000,1853277.10000000,1771977599999,16434.85301900,156
1771977600000,0.00884000,0.00885000,0.00880000,0.00882000,1655002.60000000,1771981199999,14607.92788200,170
1771981200000,0.00880000,0.00904000,0.00878000,0.00902000,5395256.20000000,1771984799999,48322.16448000,472
1771984800000,0.00900000,0.00907000,0.00896000,0.00897000,4023203.30000000,1771988399999,36274.62775500,324
1771988400000,0.00897000,0.00903000,0.00893000,0.00895000,2328520.20000000,1771991999999,20918.61032600,202
1771992000000,0.00896000,0.00899000,0.00889000,0.00897000,2744099.90000000,1771995599999,24542.38882400,268
1771995600000,0.00897000,0.00898000,0.00889000,0.00894000,1621894.50000000,1771999199999,14497.53203400,137
1771999200000,0.00894000,0.00910000,0.00894000,0.00901000,1750239.20000000,1772002799999,15798.79644200,196
1772002800000,0.00901000,0.00911000,0.00900000,0.00908000,1737528.50000000,1772006399999,15749.37450300,163
1772006400000,0.00909000,0.00909000,0.00903000,0.00905000,1578113.60000000,1772009999999,14298.77963300,148
1772010000000,0.00904000,0.00917000,0.00904000,0.00915000,2207096.30000000,1772013599999,20116.02510400,250
1772013600000,0.00915000,0.00916000,0.00901000,0.00902000,1438320.00000000,1772017199999,13066.66599400,165
1772017200000,0.00901000,0.00906000,0.00898000,0.00904000,1392361.10000000,1772020799999,12554.66593700,135
1772020800000,0.00904000,0.00915000,0.00902000,0.00915000,2488258.50000000,1772024399999,22588.98956700,216
1772024400000,0.00914000,0.00918000,0.00911000,0.00913000,2920607.50000000,1772027999999,26726.70790500,348
1772028000000,0.00913000,0.00934000,0.00909000,0.00932000,12919231.80000000,1772031599999,119107.98894400,928
1772031600000,0.00932000,0.00932000,0.00921000,0.00927000,9337170.10000000,1772035199999,86553.54483000,822
1772035200000,0.00928000,0.00939000,0.00927000,0.00938000,1910989.10000000,1772038799999,17850.50509600,388
1772038800000,0.00939000,0.00942000,0.00934000,0.00939000,2918732.30000000,1772042399999,27382.01089300,340
1772042400000,0.00939000,0.00969000,0.00937000,0.00957000,14886142.80000000,1772045999999,142581.62526500,1452
1772046000000,0.00957000,0.00960000,0.00950000,0.00958000,16155395.50000000,1772049599999,154187.43305100,2366
1772049600000,0.00958000,0.00959000,0.00944000,0.00947000,9321931.40000000,1772053199999,88673.84065300,1698
1772053200000,0.00948000,0.00961000,0.00944000,0.00953000,6049409.70000000,1772056799999,57574.44910700,1040
1772056800000,0.00953000,0.00957000,0.00944000,0.00949000,5102779.70000000,1772060399999,48506.81379100,524
1772060400000,0.00950000,0.00954000,0.00939000,0.00947000,7049000.30000000,1772063999999,66830.89658200,1288
1772064000000,0.00948000,0.00954000,0.00939000,0.00944000,2207822.10000000,1772067599999,20892.99101900,350
1772067600000,0.00941000,0.00945000,0.00936000,0.00937000,853701.90000000,1772071199999,8034.21263900,124
1772071200000,0.00936000,0.00949000,0.00927000,0.00939000,3630023.20000000,1772074799999,34071.88106300,384
1772074800000,0.00939000,0.00942000,0.00935000,0.00935000,1882383.70000000,1772078399999,17662.37253500,402
1772078400000,0.00935000,0.00940000,0.00934000,0.00935000,1451832.30000000,1772081999999,13590.98440400,281
1772082000000,0.00935000,0.00935000,0.00915000,0.00935000,7759714.90000000,1772085599999,71764.02356800,1062
1772085600000,0.00934000,0.00948000,0.00924000,0.00940000,7966995.60000000,1772089199999,74685.45720100,754
1772089200000,0.00939000,0.00939000,0.00927000,0.00930000,3020301.70000000,1772092799999,28173.81225600,451
1772092800000,0.00930000,0.00939000,0.00911000,0.00915000,12217027.40000000,1772096399999,112876.83865400,1046
1772096400000,0.00915000,0.00926000,0.00913000,0.00921000,4683356.70000000,1772099999999,43034.30559800,590
1772100000000,0.00922000,0.00922000,0.00908000,0.00912000,4790794.10000000,1772103599999,43818.22114900,549
1772103600000,0.00911000,0.00913000,0.00898000,0.00904000,5028119.30000000,1772107199999,45548.63015600,670
1772107200000,0.00905000,0.00921000,0.00905000,0.00917000,2869573.80000000,1772110799999,26275.92647500,565
1772110800000,0.00917000,0.00917000,0.00906000,0.00909000,3663295.40000000,1772114399999,33381.60867100,458
1772114400000,0.00908000,0.00909000,0.00896000,0.00907000,5766175.60000000,1772117999999,52102.52709900,394
1772118000000,0.00907000,0.00916000,0.00898000,0.00903000,8935711.10000000,1772121599999,81001.00168400,1072
1772121600000,0.00903000,0.00904000,0.00873000,0.00876000,12473671.50000000,1772125199999,110386.08876000,1179
1772125200000,0.00877000,0.00885000,0.00872000,0.00876000,4235438.80000000,1772128799999,37188.80841600,440
1772128800000,0.00876000,0.00900000,0.00869000,0.00896000,12812277.00000000,1772132399999,112982.34634200,1131
1772132400000,0.00895000,0.00905000,0.00894000,0.00904000,9478203.70000000,1772135999999,85341.47248600,1098
1772136000000,0.00902000,0.00905000,0.00894000,0.00895000,2320278.90000000,1772139599999,20848.39372600,440
1772139600000,0.00894000,0.00904000,0.00893000,0.00901000,1648020.20000000,1772143199999,14817.34733400,373
1772143200000,0.00901000,0.00910000,0.00896000,0.00904000,2508615.50000000,1772146799999,22669.59254900,282
1772146800000,0.00904000,0.00906000,0.00901000,0.00901000,1750561.10000000,1772150399999,15819.35905200,264
1772150400000,0.00902000,0.00902000,0.00892000,0.00898000,3482251.40000000,1772153999999,31204.54889000,449
1772154000000,0.00896000,0.00899000,0.00888000,0.00895000,2201942.20000000,1772157599999,19648.18803100,287
1772157600000,0.00895000,0.00899000,0.00893000,0.00897000,877011.50000000,1772161199999,7859.66784600,152
1772161200000,0.00897000,0.00910000,0.00896000,0.00909000,2981542.50000000,1772164799999,26958.93341400,292
1772164800000,0.00908000,0.00920000,0.00908000,0.00918000,4346711.10000000,1772168399999,39771.38521800,580
1772168400000,0.00918000,0.00951000,0.00916000,0.00942000,38527217.70000000,1772171999999,361553.77861600,4826
1772172000000,0.00941000,0.00943000,0.00915000,0.00916000,10028277.10000000,1772175599999,92824.82645100,1576
1772175600000,0.00916000,0.00931000,0.00909000,0.00927000,11428104.60000000,1772179199999,105194.30770200,2058
1772179200000,0.00928000,0.00929000,0.00913000,0.00919000,9616264.10000000,1772182799999,88584.86550400,1396
1772182800000,0.00919000,0.00928000,0.00917000,0.00921000,5549665.60000000,1772186399999,51210.90487400,947
1772186400000,0.00920000,0.00926000,0.00913000,0.00919000,9459907.20000000,1772189999999,87016.24262700,2116
1772190000000,0.00918000,0.00933000,0.00908000,0.00913000,8228094.00000000,1772193599999,75761.28322600,934
1772193600000,0.00912000,0.00914000,0.00901000,0.00903000,10878018.10000000,1772197199999,98647.04651900,841
1772197200000,0.00904000,0.00906000,0.00890000,0.00898000,8461045.80000000,1772200799999,75737.93225200,754
1772200800000,0.00897000,0.00913000,0.00896000,0.00913000,12929339.20000000,1772204399999,116769.60116000,2055
1772204400000,0.00911000,0.00920000,0.00882000,0.00898000,46186225.80000000,1772207999999,415907.90214000,4002
1772208000000,0.00897000,0.00898000,0.00889000,0.00891000,4572020.30000000,1772211599999,40842.76022600,404
1772211600000,0.00890000,0.00893000,0.00884000,0.00893000,1778638.60000000,1772215199999,15798.38254500,178
1772215200000,0.00893000,0.00897000,0.00890000,0.00893000,3495706.00000000,1772218799999,31259.35147300,415
1772218800000,0.00893000,0.00893000,0.00885000,0.00889000,3481188.40000000,1772222399999,30921.41825200,374
1772222400000,0.00888000,0.00890000,0.00885000,0.00886000,1179476.50000000,1772225999999,10469.16010800,123
1772226000000,0.00885000,0.00887000,0.00877000,0.00880000,3567671.40000000,1772229599999,31428.91918800,344
1772229600000,0.00881000,0.00882000,0.00861000,0.00878000,6110860.20000000,1772233199999,53368.15267600,328
1772233200000,0.00878000,0.00882000,0.00874000,0.00881000,2386788.90000000,1772236799999,20969.47628900,303
1772236800000,0.00881000,0.00888000,0.00878000,0.00886000,1001487.30000000,1772240399999,8841.01414400,150
1772240400000,0.00887000,0.00890000,0.00879000,0.00885000,1974461.40000000,1772243999999,17500.64444100,220
1772244000000,0.00885000,0.00896000,0.00883000,0.00893000,3333848.00000000,1772247599999,29744.88563700,329
1772247600000,0.00893000,0.00895000,0.00883000,0.00886000,2106043.70000000,1772251199999,18685.16585800,184
1772251200000,0.00885000,0.00886000,0.00877000,0.00881000,1248480.70000000,1772254799999,11007.30480500,137
1772254800000,0.00881000,0.00881000,0.00871000,0.00872000,1994498.30000000,1772258399999,17492.79787300,239
1772258400000,0.00873000,0.00874000,0.00818000,0.00821000,35833349.40000000,1772261999999,301207.22444900,4312
1772262000000,0.00820000,0.00840000,0.00815000,0.00830000,4775890.60000000,1772265599999,39398.03736000,538
1772265600000,0.00829000,0.00830000,0.00820000,0.00821000,3243545.50000000,1772269199999,26769.21949100,479
1772269200000,0.00822000,0.00822000,0.00812000,0.00818000,7935311.40000000,1772272799999,64783.04061000,509
1772272800000,0.00817000,0.00825000,0.00815000,0.00819000,3310410.00000000,1772276399999,27070.31386600,381
1772276400000,0.00818000,0.00826000,0.00817000,0.00818000,5320221.70000000,1772279999999,43734.10906300,439
1772280000000,0.00819000,0.00822000,0.00810000,0.00821000,6801573.00000000,1772283599999,55496.57071900,438
1772283600000,0.00823000,0.00839000,0.00817000,0.00835000,3939401.10000000,1772287199999,32688.73488500,742
1772287200000,0.00836000,0.00840000,0.00830000,0.00831000,4369426.00000000,1772290799999,36457.68766700,505
1772290800000,0.00831000,0.00838000,0.00828000,0.00835000,2916997.90000000,1772294399999,24344.04714900,343
1772294400000,0.00835000,0.00841000,0.00832000,0.00839000,3508674.70000000,1772297999999,29363.91412300,325
1772298000000,0.00838000,0.00843000,0.00832000,0.00842000,2713601.40000000,1772301599999,22728.98249800,448
1772301600000,0.00842000,0.00856000,0.00840000,0.00853000,2681655.20000000,1772305199999,22785.63870700,356
1772305200000,0.00853000,0.00863000,0.00850000,0.00858000,1887756.10000000,1772308799999,16177.44040100,347
1772308800000,0.00858000,0.00871000,0.00857000,0.00868000,2485484.60000000,1772312399999,21482.64995500,211
1772312400000,0.00869000,0.00869000,0.00863000,0.00866000,1090703.10000000,1772315999999,9442.15170600,126
1772316000000,0.00866000,0.00870000,0.00863000,0.00869000,2369896.50000000,1772319599999,20519.07726400,319
1772319600000,0.00869000,0.00875000,0.00867000,0.00874000,1945388.90000000,1772323199999,16903.50897500,301
1772323200000,0.00875000,0.00877000,0.00869000,0.00871000,3770670.00000000,1772326799999,32881.09642900,324
1772326800000,0.00872000,0.00892000,0.00863000,0.00889000,5315435.80000000,1772330399999,46711.87385800,681
1772330400000,0.00890000,0.00906000,0.00890000,0.00896000,9733176.50000000,1772333999999,87243.75803000,1037
1772334000000,0.00896000,0.00898000,0.00880000,0.00881000,2978800.30000000,1772337599999,26457.65352600,278
1772337600000,0.00883000,0.00885000,0.00874000,0.00883000,1638232.20000000,1772341199999,14427.23037400,230
1772341200000,0.00884000,0.00890000,0.00883000,0.00885000,2275231.50000000,1772344799999,20169.08279400,380
1772344800000,0.00884000,0.00885000,0.00877000,0.00881000,1401490.80000000,1772348399999,12335.12126900,333
1772348400000,0.00882000,0.00885000,0.00880000,0.00881000,1387647.10000000,1772351999999,12245.69043000,165
1772352000000,0.00881000,0.00883000,0.00869000,0.00871000,1639456.80000000,1772355599999,14422.11560700,228
1772355600000,0.00873000,0.00876000,0.00864000,0.00865000,2073640.10000000,1772359199999,18006.45539800,324
1772359200000,0.00865000,0.00870000,0.00859000,0.00868000,2068656.60000000,1772362799999,17862.17905200,327
1772362800000,0.00868000,0.00869000,0.00864000,0.00865000,185552.00000000,1772366399999,1609.22181200,59
1772366400000,0.00864000,0.00866000,0.00860000,0.00863000,1023378.70000000,1772369999999,8839.79693000,190
1772370000000,0.00862000,0.00874000,0.00847000,0.00866000,8740759.80000000,1772373599999,74779.06781700,934
1772373600000,0.00867000,0.00871000,0.00857000,0.00857000,2090290.60000000,1772377199999,18032.01504900,321
1772377200000,0.00858000,0.00861000,0.00853000,0.00856000,4620053.30000000,1772380799999,39565.56931700,561
1772380800000,0.00856000,0.00860000,0.00845000,0.00851000,3268837.90000000,1772384399999,27857.39060100,793
1772384400000,0.00851000,0.00851000,0.00833000,0.00834000,5819728.30000000,1772387999999,48745.13056600,843
1772388000000,0.00834000,0.00842000,0.00832000,0.00835000,1867645.10000000,1772391599999,15608.70323200,327
1772391600000,0.00835000,0.00835000,0.00825000,0.00828000,2218300.50000000,1772395199999,18386.84104500,400
1772395200000,0.00827000,0.00827000,0.00807000,0.00808000,5159894.40000000,1772398799999,42000.78962000,830
1772398800000,0.00809000,0.00822000,0.00809000,0.00816000,3573071.50000000,1772402399999,29189.69001000,585
1772402400000,0.00815000,0.00829000,0.00814000,0.00822000,3438742.40000000,1772405999999,28289.72204600,516
1772406000000,0.00821000,0.00830000,0.00821000,0.00823000,3152805.90000000,1772409599999,26012.20776600,441
1772409600000,0.00824000,0.00833000,0.00823000,0.00831000,1256251.10000000,1772413199999,10387.37878600,208
1772413200000,0.00831000,0.00841000,0.00829000,0.00839000,3079473.20000000,1772416799999,25813.38882700,262
1772416800000,0.00839000,0.00842000,0.00833000,0.00835000,3719240.40000000,1772420399999,31152.51721600,410
1772420400000,0.00836000,0.00843000,0.00831000,0.00842000,2331832.80000000,1772423999999,19563.60259000,354
1772424000000,0.00841000,0.00843000,0.00836000,0.00837000,1299847.50000000,1772427599999,10919.68276300,215
1772427600000,0.00839000,0.00843000,0.00835000,0.00839000,749783.20000000,1772431199999,6290.77321100,86
1772431200000,0.00836000,0.00836000,0.00825000,0.00829000,2289062.10000000,1772434799999,19014.39257900,285
1772434800000,0.00829000,0.00829000,0.00819000,0.00824000,1467456.30000000,1772438399999,12087.63696100,148
1772438400000,0.00824000,0.00827000,0.00815000,0.00827000,3542646.40000000,1772441999999,29062.45513700,431
1772442000000,0.00826000,0.00834000,0.00825000,0.00827000,1998299.00000000,1772445599999,16600.93016500,308
1772445600000,0.00828000,0.00831000,0.00827000,0.00831000,1364046.80000000,1772449199999,11309.53102700,215
1772449200000,0.00832000,0.00834000,0.00829000,0.00829000,4033356.20000000,1772452799999,33545.98881000,416
1772452800000,0.00830000,0.00830000,0.00824000,0.00825000,1232117.70000000,1772456399999,10169.17919600,193
1772456400000,0.00824000,0.00824000,0.00808000,0.00810000,8173319.90000000,1772459999999,66694.95755800,670
1772460000000,0.00808000,0.00836000,0.00806000,0.00833000,7359335.20000000,1772463599999,60326.13244500,744
1772463600000,0.00833000,0.00852000,0.00830000,0.00838000,13747368.90000000,1772467199999,115630.01816400,1918
1772467200000,0.00838000,0.00851000,0.00835000,0.00846000,12608196.90000000,1772470799999,106030.40040600,1581
1772470800000,0.00847000,0.00849000,0.00836000,0.00845000,4084024.30000000,1772474399999,34407.11825900,503
1772474400000,0.00845000,0.00845000,0.00835000,0.00836000,4225814.70000000,1772477999999,35493.00773600,393
1772478000000,0.00836000,0.00841000,0.00834000,0.00840000,2984856.90000000,1772481599999,24999.21668200,359
1772481600000,0.00840000,0.00844000,0.00833000,0.00833000,2788203.00000000,1772485199999,23379.48183400,322
1772485200000,0.00833000,0.00833000,0.00827000,0.00831000,3782571.50000000,1772488799999,31385.60057100,335
1772488800000,0.00831000,0.00841000,0.00828000,0.00835000,4167828.00000000,1772492399999,34710.38985700,274
1772492400000,0.00837000,0.00837000,0.00823000,0.00826000,4487773.50000000,1772495999999,37180.70951400,476
1772496000000,0.00826000,0.00829000,0.00819000,0.00821000,2423122.00000000,1772499599999,19956.52456600,204
1772499600000,0.00822000,0.00828000,0.00818000,0.00818000,3642143.10000000,1772503199999,29946.90734200,512
1772503200000,0.00818000,0.00821000,0.00810000,0.00818000,2965836.50000000,1772506799999,24154.52561400,237
1772506800000,0.00817000,0.00824000,0.00816000,0.00821000,1156195.30000000,1772510399999,9476.10890900,157
1772510400000,0.00821000,0.00822000,0.00817000,0.00822000,2792495.20000000,1772513999999,22894.02906400,213
1772514000000,0.00822000,0.00829000,0.00819000,0.00822000,1529760.70000000,1772517599999,12613.92835400,273
1772517600000,0.00823000,0.00833000,0.00822000,0.00832000,2070475.80000000,1772521199999,17149.90167000,373
1772521200000,0.00832000,0.00840000,0.00831000,0.00839000,2683511.50000000,1772524799999,22449.18112000,346
1772524800000,0.00840000,0.00841000,0.00815000,0.00820000,3225975.10000000,1772528399999,26648.90806200,363
1772528400000,0.00819000,0.00825000,0.00808000,0.00809000,5134263.00000000,1772531999999,41904.68575300,352
1772532000000,0.00807000,0.00811000,0.00798000,0.00808000,8903489.90000000,1772535599999,71800.44821300,416
1772535600000,0.00808000,0.00812000,0.00805000,0.00812000,2167616.10000000,1772539199999,17537.76018700,145
1772539200000,0.00812000,0.00825000,0.00808000,0.00808000,1894109.10000000,1772542799999,15450.24403000,262
1772542800000,0.00809000,0.00810000,0.00801000,0.00804000,3982825.10000000,1772546399999,32111.45848700,498
1772546400000,0.00804000,0.00812000,0.00798000,0.00803000,6792790.40000000,1772549999999,54625.22579600,569
1772550000000,0.00803000,0.00815000,0.00797000,0.00815000,6002897.80000000,1772553599999,48336.35795600,449
1772553600000,0.00815000,0.00833000,0.00814000,0.00825000,5220901.50000000,1772557199999,42963.28577000,338
1772557200000,0.00822000,0.00830000,0.00816000,0.00830000,3543318.70000000,1772560799999,29127.88407900,241
1772560800000,0.00829000,0.00833000,0.00821000,0.00821000,5525119.40000000,1772564399999,45680.60274000,372
1772564400000,0.00822000,0.00823000,0.00813000,0.00815000,7275015.90000000,1772567999999,59519.44883000,589
1772568000000,0.00817000,0.00820000,0.00812000,0.00812000,2415794.60000000,1772571599999,19711.08401700,358
1772571600000,0.00811000,0.00812000,0.00806000,0.00810000,2513090.50000000,1772575199999,20308.85553400,270
1772575200000,0.00809000,0.00815000,0.00809000,0.00812000,1810026.60000000,1772578799999,14696.18501900,198
1772578800000,0.00811000,0.00815000,0.00805000,0.00806000,4870874.50000000,1772582399999,39499.49565900,390
1772582400000,0.00805000,0.00807000,0.00798000,0.00803000,3751839.50000000,1772585999999,30064.93461100,302
1772586000000,0.00802000,0.00810000,0.00800000,0.00806000,3254379.80000000,1772589599999,26213.53277300,603
1772589600000,0.00805000,0.00809000,0.00799000,0.00806000,2010890.00000000,1772593199999,16176.47752900,313
1772593200000,0.00806000,0.00808000,0.00796000,0.00801000,2734332.80000000,1772596799999,21886.69053400,530
1772596800000,0.00801000,0.00804000,0.00798000,0.00803000,1340229.90000000,1772600399999,10738.50816300,159
1772600400000,0.00803000,0.00804000,0.00797000,0.00802000,2309374.20000000,1772603999999,18492.43254300,246
1772604000000,0.00802000,0.00809000,0.00800000,0.00806000,2533794.00000000,1772607599999,20382.03229300,312
1772607600000,0.00805000,0.00813000,0.00804000,0.00811000,1527811.80000000,1772611199999,12340.88450200,203
1772611200000,0.00811000,0.00822000,0.00806000,0.00819000,4131901.00000000,1772614799999,33583.59975800,399
1772614800000,0.00820000,0.00830000,0.00817000,0.00825000,3281134.70000000,1772618399999,26997.06263100,261
1772618400000,0.00826000,0.00830000,0.00815000,0.00818000,5643591.00000000,1772621999999,46414.91284300,371
1772622000000,0.00819000,0.00820000,0.00806000,0.00811000,3787549.70000000,1772625599999,30854.23727900,527
1772625600000,0.00812000,0.00815000,0.00805000,0.00815000,6409100.10000000,1772629199999,51960.05439500,833
1772629200000,0.00816000,0.00823000,0.00816000,0.00821000,5056170.20000000,1772632799999,41460.73338800,578
1772632800000,0.00821000,0.00830000,0.00816000,0.00817000,3970078.60000000,1772636399999,32653.85086600,505
1772636400000,0.00818000,0.00830000,0.00816000,0.00829000,9230575.90000000,1772639999999,75959.98172700,937
1772640000000,0.00830000,0.00832000,0.00820000,0.00823000,4557393.70000000,1772643599999,37609.70877200,372
1772643600000,0.00824000,0.00826000,0.00817000,0.00819000,3481735.00000000,1772647199999,28567.05469400,327
1772647200000,0.00819000,0.00820000,0.00811000,0.00815000,3263178.80000000,1772650799999,26555.40168800,290
1772650800000,0.00816000,0.00825000,0.00815000,0.00822000,2920125.10000000,1772654399999,23963.26904300,381
1772654400000,0.00822000,0.00822000,0.00817000,0.00818000,2336665.00000000,1772657999999,19169.81096400,366
1772658000000,0.00817000,0.00825000,0.00817000,0.00823000,3216605.00000000,1772661599999,26415.60773500,308
1772661600000,0.00826000,0.00828000,0.00811000,0.00811000,9073822.70000000,1772665199999,74232.18011400,735
1772665200000,0.00811000,0.00816000,0.00806000,0.00816000,2098978.50000000,1772668799999,17030.95432400,127
1772668800000,0.00815000,0.00815000,0.00808000,0.00809000,1329921.60000000,1772672399999,10783.11871300,184
1772672400000,0.00809000,0.00818000,0.00807000,0.00810000,3124839.40000000,1772675999999,25398.26407000,221
1772676000000,0.00810000,0.00820000,0.00777000,0.00791000,52843367.00000000,1772679599999,419147.47709200,2970
1772679600000,0.00791000,0.00798000,0.00791000,0.00796000,3106955.80000000,1772683199999,24647.02315100,421
1772683200000,0.00797000,0.00802000,0.00795000,0.00798000,2806119.60000000,1772686799999,22410.11258700,337
1772686800000,0.00798000,0.00803000,0.00795000,0.00798000,3025150.40000000,1772690399999,24157.81918000,340
1772690400000,0.00798000,0.00802000,0.00794000,0.00799000,2413964.20000000,1772693999999,19245.29293900,259
1772694000000,0.00799000,0.00802000,0.00794000,0.00800000,1382860.50000000,1772697599999,11040.34598600,151
1772697600000,0.00800000,0.00818000,0.00797000,0.00815000,10756143.10000000,1772701199999,86998.32530500,912
1772701200000,0.00816000,0.00821000,0.00815000,0.00815000,6510368.80000000,1772704799999,53296.26523100,510
1772704800000,0.00815000,0.00820000,0.00815000,0.00819000,10194057.40000000,1772708399999,83129.56601900,333
1772708400000,0.00819000,0.00819000,0.00805000,0.00805000,9361417.50000000,1772711999999,76145.53347300,375
1772712000000,0.00805000,0.00815000,0.00804000,0.00806000,16235175.80000000,1772715599999,131443.52018300,1110
1772715600000,0.00806000,0.00806000,0.00793000,0.00793000,14160024.70000000,1772719199999,113095.82924900,933
1772719200000,0.00793000,0.00801000,0.00791000,0.00796000,8383405.80000000,1772722799999,66685.37350000,890
1772722800000,0.00795000,0.00797000,0.00781000,0.00786000,11375516.10000000,1772726399999,89695.57895000,1408
1772726400000,0.00786000,0.00787000,0.00773000,0.00779000,12081928.00000000,1772729999999,94064.49936900,897
1772730000000,0.00780000,0.00784000,0.00774000,0.00776000,7149756.50000000,1772733599999,55672.98886400,533
1772733600000,0.00776000,0.00782000,0.00776000,0.00780000,2750448.00000000,1772737199999,21438.30372400,307
1772737200000,0.00780000,0.00783000,0.00778000,0.00779000,3995674.40000000,1772740799999,31178.75075100,686
1772740800000,0.00779000,0.00783000,0.00777000,0.00779000,4887762.90000000,1772744399999,38114.60919400,416
1772744400000,0.00780000,0.00782000,0.00777000,0.00779000,2436290.30000000,1772747999999,18983.96064400,387
1772748000000,0.00780000,0.00787000,0.00778000,0.00785000,2699486.60000000,1772751599999,21062.17771300,202
1772751600000,0.00785000,0.00786000,0.00780000,0.00781000,3833064.70000000,1772755199999,29978.31022800,179
1772755200000,0.00782000,0.00784000,0.00781000,0.00784000,442149.00000000,1772758799999,3457.54088100,80
1772758800000,0.00784000,0.00784000,0.00776000,0.00782000,3661165.20000000,1772762399999,28572.74374300,211
1772762400000,0.00781000,0.00785000,0.00780000,0.00781000,1228283.40000000,1772765999999,9614.42581600,132
1772766000000,0.00782000,0.00784000,0.00780000,0.00781000,948414.00000000,1772769599999,7416.15889600,133
1772769600000,0.00781000,0.00782000,0.00773000,0.00777000,6145337.00000000,1772773199999,47680.16290300,648
1772773200000,0.00777000,0.00777000,0.00768000,0.00772000,4732381.80000000,1772776799999,36528.82854600,723
1772776800000,0.00772000,0.00774000,0.00766000,0.00771000,6333160.40000000,1772780399999,48724.13867800,540
1772780400000,0.00771000,0.00779000,0.00768000,0.00777000,2194037.90000000,1772783999999,16970.26769800,256
1772784000000,0.00777000,0.00777000,0.00770000,0.00772000,6501274.70000000,1772787599999,50285.25426100,236
1772787600000,0.00772000,0.00773000,0.00754000,0.00765000,10562219.50000000,1772791199999,80361.79489700,866
1772791200000,0.00764000,0.00772000,0.00763000,0.00765000,9151944.70000000,1772794799999,70276.00197000,579
1772794800000,0.00764000,0.00766000,0.00758000,0.00760000,3450723.10000000,1772798399999,26312.70518300,288
1772798400000,0.00759000,0.00762000,0.00753000,0.00755000,9512756.20000000,1772801999999,71986.17801800,503
1772802000000,0.00756000,0.00765000,0.00751000,0.00751000,14371062.30000000,1772805599999,108745.73205400,1206
1772805600000,0.00752000,0.00754000,0.00740000,0.00743000,15339844.30000000,1772809199999,114384.25015600,2608
1772809200000,0.00744000,0.00748000,0.00735000,0.00739000,6473354.50000000,1772812799999,48040.73841100,1152
1772812800000,0.00738000,0.00743000,0.00737000,0.00740000,2356315.70000000,1772816399999,17436.26567800,275
1772816400000,0.00739000,0.00746000,0.00739000,0.00743000,1233438.40000000,1772819999999,9161.21798300,140
1772820000000,0.00743000,0.00750000,0.00743000,0.00749000,1417114.60000000,1772823599999,10556.36488900,274
1772823600000,0.00750000,0.00754000,0.00750000,0.00751000,870917.20000000,1772827199999,6544.36253500,124
1772827200000,0.00750000,0.00752000,0.00747000,0.00751000,1046561.60000000,1772830799999,7847.93440100,134
1772830800000,0.00751000,0.00754000,0.00746000,0.00754000,1424010.20000000,1772834399999,10675.51004100,242
1772834400000,0.00754000,0.00756000,0.00752000,0.00755000,1955839.40000000,1772837999999,14734.82908400,276
1772838000000,0.00754000,0.00754000,0.00746000,0.00748000,672059.30000000,1772841599999,5038.79854300,207
1772841600000,0.00748000,0.00752000,0.00736000,0.00738000,3362838.80000000,1772845199999,25004.83711200,383
1772845200000,0.00738000,0.00739000,0.00734000,0.00738000,1664703.30000000,1772848799999,12244.75433500,199
1772848800000,0.00738000,0.00739000,0.00734000,0.00735000,468163.70000000,1772852399999,3446.94215200,59
1772852400000,0.00735000,0.00737000,0.00735000,0.00736000,734504.20000000,1772855999999,5406.97266200,73
1772856000000,0.00736000,0.00736000,0.00727000,0.00732000,5300511.40000000,1772859599999,38759.08224000,474
1772859600000,0.00732000,0.00733000,0.00728000,0.00731000,1197189.30000000,1772863199999,8753.14222500,84
1772863200000,0.00731000,0.00732000,0.00714000,0.00719000,5959814.60000000,1772866799999,43093.37398400,446
1772866800000,0.00719000,0.00719000,0.00711000,0.00716000,4559748.30000000,1772870399999,32579.37317000,526
1772870400000,0.00715000,0.00724000,0.00713000,0.00717000,4448550.40000000,1772873999999,32022.10370900,491
1772874000000,0.00716000,0.00729000,0.00716000,0.00728000,2819234.50000000,1772877599999,20333.88104700,277
1772877600000,0.00728000,0.00731000,0.00723000,0.00724000,3049361.50000000,1772881199999,22146.72395600,302
1772881200000,0.00723000,0.00724000,0.00721000,0.00723000,1833033.30000000,1772884799999,13244.59343600,217
1772884800000,0.00722000,0.00730000,0.00722000,0.00722000,5854825.70000000,1772888399999,42534.77499900,379
1772888400000,0.00723000,0.00725000,0.00721000,0.00723000,2022405.70000000,1772891999999,14618.40915500,262
1772892000000,0.00723000,0.00727000,0.00718000,0.00726000,2096371.80000000,1772895599999,15153.04841500,184
1772895600000,0.00725000,0.00727000,0.00721000,0.00725000,1636259.60000000,1772899199999,11832.86430300,184
1772899200000,0.00724000,0.00729000,0.00724000,0.00726000,1880641.30000000,1772902799999,13681.69710100,269
1772902800000,0.00725000,0.00728000,0.00723000,0.00724000,2161906.10000000,1772906399999,15680.82811100,169
1772906400000,0.00724000,0.00724000,0.00719000,0.00721000,1962828.10000000,1772909999999,14162.89296300,228
1772910000000,0.00722000,0.00724000,0.00715000,0.00718000,916816.80000000,1772913599999,6584.73019600,154
1772913600000,0.00719000,0.00722000,0.00714000,0.00720000,2159126.20000000,1772917199999,15531.07035700,204
1772917200000,0.00720000,0.00722000,0.00718000,0.00718000,1121934.00000000,1772920799999,8072.58928200,69
1772920800000,0.00718000,0.00718000,0.00709000,0.00711000,2202212.40000000,1772924399999,15677.23281200,222
1772924400000,0.00711000,0.00717000,0.00710000,0.00715000,1243246.30000000,1772927999999,8858.97353900,157
1772928000000,0.00716000,0.00717000,0.00706000,0.00707000,1329788.00000000,1772931599999,9453.49277700,162
1772931600000,0.00707000,0.00713000,0.00706000,0.00711000,3245960.30000000,1772935199999,23057.96743000,235
1772935200000,0.00711000,0.00711000,0.00696000,0.00700000,4338754.60000000,1772938799999,30480.46428100,641
1772938800000,0.00700000,0.00702000,0.00699000,0.00699000,728039.50000000,1772942399999,5099.61909800,196
1772942400000,0.00699000,0.00700000,0.00689000,0.00691000,2542759.30000000,1772945999999,17680.34340600,236
1772946000000,0.00691000,0.00704000,0.00691000,0.00702000,914581.80000000,1772949599999,6405.78843000,133
1772949600000,0.00702000,0.00711000,0.00700000,0.00711000,3216548.70000000,1772953199999,22697.64251100,317
1772953200000,0.00711000,0.00731000,0.00711000,0.00728000,18440241.10000000,1772956799999,133232.59445900,749
1772956800000,0.00727000,0.00734000,0.00725000,0.00727000,6469234.60000000,1772960399999,47196.86092800,416
1772960400000,0.00727000,0.00738000,0.00723000,0.00725000,4929875.40000000,1772963999999,36070.23131300,451
1772964000000,0.00725000,0.00735000,0.00722000,0.00732000,4515977.60000000,1772967599999,32914.59256500,526
1772967600000,0.00732000,0.00735000,0.00720000,0.00727000,8495958.20000000,1772971199999,61835.64382700,853
1772971200000,0.00727000,0.00733000,0.00715000,0.00721000,9438477.70000000,1772974799999,68216.62856700,653
1772974800000,0.00722000,0.00729000,0.00718000,0.00728000,4624793.90000000,1772978399999,33482.02653800,588
1772978400000,0.00728000,0.00729000,0.00720000,0.00721000,1144865.60000000,1772981999999,8297.41464900,233
1772982000000,0.00721000,0.00721000,0.00708000,0.00712000,12941861.50000000,1772985599999,92409.85697500,566
1772985600000,0.00712000,0.00714000,0.00703000,0.00707000,1957314.80000000,1772989199999,13887.34423300,187
1772989200000,0.00707000,0.00712000,0.00706000,0.00711000,1216166.50000000,1772992799999,8624.35643200,145
1772992800000,0.00712000,0.00713000,0.00710000,0.00710000,612184.90000000,1772996399999,4358.62512600,122
1772996400000,0.00711000,0.00721000,0.00711000,0.00718000,2239573.50000000,1772999999999,16085.86061200,277
1773000000000,0.00717000,0.00723000,0.00716000,0.00719000,4050279.00000000,1773003599999,29046.22649200,349
1773003600000,0.00719000,0.00721000,0.00715000,0.00720000,1030088.40000000,1773007199999,7397.41207700,176
1773007200000,0.00719000,0.00719000,0.00703000,0.00714000,3829453.10000000,1773010799999,27194.12163300,454
1773010800000,0.00715000,0.00716000,0.00704000,0.00707000,3031162.90000000,1773014399999,21548.31824000,320
1773014400000,0.00707000,0.00719000,0.00706000,0.00715000,1919559.80000000,1773017999999,13704.43429000,293
1773018000000,0.00715000,0.00720000,0.00713000,0.00715000,1382428.70000000,1773021599999,9909.31468700,127
1773021600000,0.00715000,0.00722000,0.00713000,0.00721000,6741221.50000000,1773025199999,48518.03768600,178
1773025200000,0.00720000,0.00729000,0.00718000,0.00719000,2374712.70000000,1773028799999,17171.46569800,258
1773028800000,0.00719000,0.00724000,0.00719000,0.00721000,2387539.10000000,1773032399999,17225.23031800,500
1773032400000,0.00721000,0.00728000,0.00720000,0.00727000,3157998.40000000,1773035999999,22855.69743200,845
1773036000000,0.00727000,0.00729000,0.00715000,0.00715000,2238859.70000000,1773039599999,16161.57511000,599
1773039600000,0.00715000,0.00721000,0.00709000,0.00721000,2272029.20000000,1773043199999,16245.02951600,299
1773043200000,0.00721000,0.00726000,0.00714000,0.00715000,4758490.10000000,1773046799999,34199.22800700,304
1773046800000,0.00716000,0.00717000,0.00712000,0.00712000,3549318.60000000,1773050399999,25342.05399600,540
1773050400000,0.00711000,0.00716000,0.00707000,0.00716000,3444146.90000000,1773053999999,24530.84895300,468
1773054000000,0.00715000,0.00721000,0.00712000,0.00720000,2210021.40000000,1773057599999,15838.47353500,235
1773057600000,0.00720000,0.00726000,0.00720000,0.00723000,2689928.80000000,1773061199999,19473.79931600,377
1773061200000,0.00723000,0.00730000,0.00722000,0.00728000,1891547.50000000,1773064799999,13721.35099500,286
1773064800000,0.00728000,0.00737000,0.00724000,0.00724000,5840400.90000000,1773068399999,42590.71569400,719
1773068400000,0.00728000,0.00730000,0.00721000,0.00726000,2747036.30000000,1773071999999,19906.01325900,327
1773072000000,0.00727000,0.00734000,0.00720000,0.00732000,4693014.60000000,1773075599999,34114.34977700,708
1773075600000,0.00731000,0.00737000,0.00728000,0.00729000,4226636.80000000,1773079199999,30945.62614900,628
1773079200000,0.00730000,0.00730000,0.00723000,0.00727000,1238640.20000000,1773082799999,9007.71837300,188
1773082800000,0.00727000,0.00733000,0.00723000,0.00731000,1889279.70000000,1773086399999,13793.23282300,342
1773086400000,0.00731000,0.00734000,0.00729000,0.00734000,1020642.20000000,1773089999999,7468.37265600,221
1773090000000,0.00733000,0.00739000,0.00731000,0.00732000,1393120.90000000,1773093599999,10230.50304600,290
1773093600000,0.00732000,0.00732000,0.00723000,0.00723000,1192346.40000000,1773097199999,8658.12621700,174
1773097200000,0.00722000,0.00723000,0.00719000,0.00721000,1486192.90000000,1773100799999,10714.50897200,126
1773100800000,0.00722000,0.00737000,0.00720000,0.00736000,1527200.60000000,1773104399999,11143.95943200,297
1773104400000,0.00736000,0.00736000,0.00727000,0.00730000,2297257.00000000,1773107999999,16792.21848700,304
1773108000000,0.00729000,0.00735000,0.00725000,0.00733000,2325113.60000000,1773111599999,16966.85509400,279
1773111600000,0.00733000,0.00739000,0.00725000,0.00725000,1761515.60000000,1773115199999,12941.68250000,229
1773115200000,0.00725000,0.00744000,0.00724000,0.00741000,1759149.00000000,1773118799999,12925.20265900,306
1773118800000,0.00742000,0.00752000,0.00735000,0.00747000,11083519.70000000,1773122399999,82602.70596900,1267
1773122400000,0.00747000,0.00753000,0.00741000,0.00748000,5368764.80000000,1773125999999,40114.86537700,615
1773126000000,0.00747000,0.00761000,0.00746000,0.00753000,8802160.00000000,1773129599999,66417.69616900,873
1773129600000,0.00756000,0.00759000,0.00746000,0.00749000,3483308.90000000,1773133199999,26156.39608100,427
1773133200000,0.00750000,0.00765000,0.00750000,0.00763000,6341859.90000000,1773136799999,48127.38807200,583
1773136800000,0.00763000,0.00772000,0.00755000,0.00766000,14368087.40000000,1773140399999,109923.69318000,1073
1773140400000,0.00766000,0.00779000,0.00764000,0.00773000,12230519.30000000,1773143999999,94441.90002300,1198
1773144000000,0.00773000,0.00784000,0.00753000,0.00777000,32867948.40000000,1773147599999,253193.32559900,2243
1773147600000,0.00776000,0.00783000,0.00756000,0.00767000,11806151.90000000,1773151199999,90764.55719600,1385
1773151200000,0.00766000,0.00777000,0.00759000,0.00777000,6516320.80000000,1773154799999,49887.12612300,608
1773154800000,0.00778000,0.00778000,0.00768000,0.00771000,4841367.40000000,1773158399999,37420.46378700,426
1773158400000,0.00772000,0.00774000,0.00760000,0.00763000,10258666.30000000,1773161999999,78623.00930100,1059
1773162000000,0.00763000,0.00770000,0.00758000,0.00767000,6681691.70000000,1773165599999,51029.58529800,856
1773165600000,0.00767000,0.00768000,0.00747000,0.00752000,9756029.70000000,1773169199999,73847.92878000,1225
1773169200000,0.00751000,0.00756000,0.00743000,0.00744000,3824227.00000000,1773172799999,28545.48903500,594
1773172800000,0.00745000,0.00754000,0.00745000,0.00753000,2028915.50000000,1773176399999,15201.63090000,194
1773176400000,0.00752000,0.00752000,0.00734000,0.00736000,5561742.00000000,1773179999999,41256.31074100,744
1773180000000,0.00736000,0.00742000,0.00735000,0.00740000,4514731.40000000,1773183599999,33335.54603100,868
1773183600000,0.00739000,0.00742000,0.00739000,0.00739000,1291473.70000000,1773187199999,9564.01720200,297
1773187200000,0.00740000,0.00742000,0.00734000,0.00737000,7403966.90000000,1773190799999,54599.22452400,941
1773190800000,0.00736000,0.00742000,0.00735000,0.00738000,3237694.50000000,1773194399999,23896.38205000,399
1773194400000,0.00737000,0.00741000,0.00732000,0.00741000,1588816.30000000,1773197999999,11697.88003100,251
1773198000000,0.00742000,0.00757000,0.00742000,0.00748000,8646085.70000000,1773201599999,64783.97968800,863
1773201600000,0.00747000,0.00756000,0.00744000,0.00754000,3687796.50000000,1773205199999,27738.46220400,424
1773205200000,0.00753000,0.00754000,0.00741000,0.00745000,2060133.00000000,1773208799999,15378.26332400,309
1773208800000,0.00745000,0.00750000,0.00740000,0.00750000,948101.70000000,1773212399999,7057.91862100,184
1773212400000,0.00750000,0.00751000,0.00742000,0.00743000,2502362.90000000,1773215999999,18709.14175600,447
1773216000000,0.00743000,0.00750000,0.00743000,0.00749000,2410918.50000000,1773219599999,17985.96872000,471
1773219600000,0.00748000,0.00757000,0.00745000,0.00747000,5561545.00000000,1773223199999,41702.22838100,664
1773223200000,0.00748000,0.00757000,0.00745000,0.00756000,2829232.60000000,1773226799999,21253.52389200,425
1773226800000,0.00757000,0.00761000,0.00751000,0.00751000,4644319.70000000,1773230399999,35116.80207800,714
1773230400000,0.00751000,0.00765000,0.00748000,0.00762000,5401487.40000000,1773233999999,41078.76429200,541
1773234000000,0.00761000,0.00769000,0.00756000,0.00760000,2977554.40000000,1773237599999,22745.81091600,426
1773237600000,0.00761000,0.00776000,0.00753000,0.00770000,8890090.80000000,1773241199999,68272.31040300,954
1773241200000,0.00770000,0.00784000,0.00765000,0.00777000,11729835.20000000,1773244799999,90829.36174700,1057
1773244800000,0.00776000,0.00824000,0.00775000,0.00791000,88477095.60000000,1773248399999,709893.89847400,8611
1773248400000,0.00791000,0.00805000,0.00754000,0.00767000,64668010.10000000,1773251999999,503590.28213500,4268
1773252000000,0.00767000,0.00768000,0.00762000,0.00765000,4807658.60000000,1773255599999,36750.08144800,774
1773255600000,0.00765000,0.00775000,0.00760000,0.00772000,12509008.20000000,1773259199999,95738.39507200,1459
1773259200000,0.00772000,0.00772000,0.00756000,0.00762000,9463203.80000000,1773262799999,72019.38160100,1026
1773262800000,0.00762000,0.00781000,0.00762000,0.00772000,10430391.40000000,1773266399999,80475.29304800,1168
1773266400000,0.00771000,0.00780000,0.00768000,0.00775000,8626244.90000000,1773269999999,66754.37818500,887
1773270000000,0.00775000,0.00785000,0.00769000,0.00780000,7891458.80000000,1773273599999,61296.41141700,941
1773273600000,0.00779000,0.00795000,0.00778000,0.00795000,7729390.50000000,1773277199999,60866.87611400,712
1773277200000,0.00795000,0.00798000,0.00783000,0.00785000,11511190.00000000,1773280799999,91061.01183800,1136
1773280800000,0.00785000,0.00794000,0.00781000,0.00783000,8423912.00000000,1773284399999,66498.07988500,653
1773284400000,0.00782000,0.00791000,0.00770000,0.00787000,13079991.50000000,1773287999999,102235.07981800,1285
1773288000000,0.00786000,0.00794000,0.00784000,0.00790000,2451204.70000000,1773291599999,19314.60933200,263
1773291600000,0.00790000,0.00805000,0.00789000,0.00798000,13898838.60000000,1773295199999,110956.22963600,1335
1773295200000,0.00798000,0.00821000,0.00798000,0.00806000,32431283.70000000,1773298799999,262633.09193900,3535
1773298800000,0.00806000,0.00858000,0.00804000,0.00810000,80710704.20000000,1773302399999,670774.17001900,8700
1773302400000,0.00809000,0.00831000,0.00799000,0.00812000,45729987.50000000,1773305999999,373076.19528200,4106
1773306000000,0.00811000,0.00830000,0.00807000,0.00818000,16264501.50000000,1773309599999,133239.34763000,2016
1773309600000,0.00818000,0.00825000,0.00792000,0.00797000,20367123.30000000,1773313199999,164532.34169400,2066
1773313200000,0.00796000,0.00814000,0.00796000,0.00812000,8990518.40000000,1773316799999,72428.54035200,1379
1773316800000,0.00811000,0.00823000,0.00806000,0.00818000,17288765.60000000,1773320399999,140786.92501900,1983
1773320400000,0.00818000,0.00818000,0.00795000,0.00796000,6952943.90000000,1773323999999,56136.35768500,1359
1773324000000,0.00796000,0.00798000,0.00783000,0.00788000,12937226.70000000,1773327599999,102102.87229900,1992
1773327600000,0.00789000,0.00794000,0.00785000,0.00793000,4281695.70000000,1773331199999,33826.37087000,810
1773331200000,0.00794000,0.00803000,0.00791000,0.00800000,7043641.00000000,1773334799999,56246.78632200,1066
1773334800000,0.00800000,0.00800000,0.00786000,0.00788000,4740729.30000000,1773338399999,37529.03970100,1119
1773338400000,0.00788000,0.00790000,0.00782000,0.00789000,7771844.70000000,1773341999999,61076.62773300,1448
1773342000000,0.00790000,0.00790000,0.00775000,0.00784000,8350131.60000000,1773345599999,65294.87362400,975
1773345600000,0.00784000,0.00788000,0.00776000,0.00783000,9143220.30000000,1773349199999,71483.97383800,1095
1773349200000,0.00782000,0.00793000,0.00780000,0.00792000,4716080.40000000,1773352799999,37051.49671900,636
1773352800000,0.00792000,0.00795000,0.00787000,0.00790000,1533227.80000000,1773356399999,12126.28655100,324
1773356400000,0.00791000,0.00800000,0.00791000,0.00797000,1907481.30000000,1773359999999,15210.00839600,351
1773360000000,0.00796000,0.00800000,0.00790000,0.00791000,7422161.60000000,1773363599999,58949.61489600,796
1773363600000,0.00792000,0.00811000,0.00792000,0.00810000,6247274.60000000,1773367199999,50213.38744500,1106
1773367200000,0.00810000,0.00815000,0.00807000,0.00807000,6215939.60000000,1773370799999,50392.56841600,877
1773370800000,0.00808000,0.00816000,0.00807000,0.00808000,3897540.40000000,1773374399999,31593.81674700,512
1773374400000,0.00807000,0.00818000,0.00804000,0.00808000,10345755.10000000,1773377999999,83874.27105900,1041
1773378000000,0.00808000,0.00809000,0.00803000,0.00804000,5014993.20000000,1773381599999,40420.75244500,544
1773381600000,0.00804000,0.00807000,0.00797000,0.00797000,2395398.60000000,1773385199999,19194.20429100,520
1773385200000,0.00797000,0.00800000,0.00794000,0.00796000,2798899.50000000,1773388799999,22306.15739600,381
1773388800000,0.00796000,0.00804000,0.00789000,0.00796000,6371048.00000000,1773392399999,50703.33863800,665
1773392400000,0.00797000,0.00801000,0.00794000,0.00799000,3053490.50000000,1773395999999,24391.01959100,479
1773396000000,0.00799000,0.00802000,0.00794000,0.00797000,3877489.70000000,1773399599999,30957.94994400,544
1773399600000,0.00797000,0.00801000,0.00796000,0.00800000,1573339.20000000,1773403199999,12547.08025100,286
1773403200000,0.00800000,0.00804000,0.00795000,0.00799000,2672103.80000000,1773406799999,21372.35634500,424
1773406800000,0.00801000,0.00806000,0.00797000,0.00803000,2590241.70000000,1773410399999,20737.97166600,530
1773410400000,0.00804000,0.00806000,0.00797000,0.00798000,7539297.20000000,1773413999999,60413.55416700,869
1773414000000,0.00799000,0.00808000,0.00795000,0.00800000,5837957.30000000,1773417599999,46810.35994200,592
1773417600000,0.00799000,0.00802000,0.00783000,0.00788000,10546811.20000000,1773421199999,83162.12410200,1290
1773421200000,0.00788000,0.00791000,0.00777000,0.00786000,5944712.60000000,1773424799999,46575.78280500,755
1773424800000,0.00785000,0.00792000,0.00779000,0.00779000,6242786.80000000,1773428399999,48965.97155400,802
1773428400000,0.00779000,0.00787000,0.00775000,0.00783000,3917181.60000000,1773431999999,30656.80068100,669
1773432000000,0.00783000,0.00788000,0.00773000,0.00774000,5325772.10000000,1773435599999,41529.71958100,550
1773435600000,0.00774000,0.00780000,0.00773000,0.00776000,1934290.20000000,1773439199999,15010.93430900,323
1773439200000,0.00776000,0.00776000,0.00763000,0.00767000,3684529.80000000,1773442799999,28275.75011000,530
1773442800000,0.00767000,0.00767000,0.00761000,0.00761000,1302685.20000000,1773446399999,9945.02794400,269
1773446400000,0.00762000,0.00763000,0.00744000,0.00750000,9910892.20000000,1773449999999,74550.49754900,973
1773450000000,0.00750000,0.00756000,0.00747000,0.00754000,1134914.60000000,1773453599999,8532.11191500,281
1773453600000,0.00755000,0.00761000,0.00755000,0.00758000,1705613.80000000,1773457199999,12939.07090800,302
1773457200000,0.00758000,0.00763000,0.00758000,0.00762000,943386.20000000,1773460799999,7176.37397800,166
1773460800000,0.00762000,0.00764000,0.00759000,0.00759000,1670874.60000000,1773464399999,12750.65775200,270
1773464400000,0.00760000,0.00762000,0.00758000,0.00760000,352696.10000000,1773467999999,2678.03915900,122
1773468000000,0.00760000,0.00761000,0.00744000,0.00749000,3384387.10000000,1773471599999,25483.95613400,662
1773471600000,0.00749000,0.00751000,0.00746000,0.00749000,4416259.90000000,1773475199999,33056.01890200,788
1773475200000,0.00749000,0.00751000,0.00741000,0.00749000,6664903.30000000,1773478799999,49713.74068300,333
1773478800000,0.00749000,0.00772000,0.00749000,0.00770000,7436180.80000000,1773482399999,56921.80304000,680
1773482400000,0.00769000,0.00783000,0.00767000,0.00770000,10856644.70000000,1773485999999,84084.37497600,1050
1773486000000,0.00770000,0.00779000,0.00770000,0.00771000,4369109.20000000,1773489599999,33794.33604400,676
1773489600000,0.00771000,0.00775000,0.00768000,0.00773000,1899361.50000000,1773493199999,14656.16562600,340
1773493200000,0.00773000,0.00778000,0.00770000,0.00770000,951965.60000000,1773496799999,7357.84528400,170
1773496800000,0.00770000,0.00771000,0.00761000,0.00763000,1938818.00000000,1773500399999,14856.95465600,250
1773500400000,0.00764000,0.00765000,0.00754000,0.00762000,3860978.60000000,1773503999999,29312.06237900,485
1773504000000,0.00761000,0.00767000,0.00761000,0.00766000,1168550.40000000,1773507599999,8935.53490300,204
1773507600000,0.00766000,0.00767000,0.00759000,0.00765000,3882110.20000000,1773511199999,29650.39683900,345
1773511200000,0.00765000,0.00788000,0.00765000,0.00773000,10803964.80000000,1773514799999,84112.27671100,1304
1773514800000,0.00772000,0.00772000,0.00761000,0.00763000,2830387.90000000,1773518399999,21683.16519000,538
1773518400000,0.00763000,0.00763000,0.00758000,0.00760000,1710611.90000000,1773521999999,13005.92637900,265
1773522000000,0.00759000,0.00766000,0.00759000,0.00762000,4501466.70000000,1773525599999,34300.72853900,572
1773525600000,0.00763000,0.00770000,0.00763000,0.00768000,742553.20000000,1773529199999,5701.65435200,173
1773529200000,0.00768000,0.00774000,0.00768000,0.00772000,817025.20000000,1773532799999,6300.44349000,181
1773532800000,0.00772000,0.00786000,0.00770000,0.00774000,6918629.90000000,1773536399999,53772.50182900,1096
1773536400000,0.00774000,0.00792000,0.00771000,0.00789000,8114390.20000000,1773539999999,63684.70750700,1368
1773540000000,0.00789000,0.00791000,0.00778000,0.00783000,2366454.70000000,1773543599999,18557.20127100,426
1773543600000,0.00783000,0.00785000,0.00776000,0.00778000,432753.30000000,1773547199999,3374.55633600,104
1773547200000,0.00778000,0.00778000,0.00772000,0.00775000,1120402.60000000,1773550799999,8684.18917300,244
1773550800000,0.00775000,0.00781000,0.00774000,0.00781000,695861.90000000,1773554399999,5416.31399800,156
1773554400000,0.00780000,0.00793000,0.00774000,0.00789000,5938440.70000000,1773557999999,46625.65265800,810
1773558000000,0.00789000,0.00803000,0.00782000,0.00788000,15014392.80000000,1773561599999,118997.29000400,1840
1773561600000,0.00789000,0.00803000,0.00784000,0.00794000,11276311.30000000,1773565199999,89446.84670700,1222
1773565200000,0.00794000,0.00803000,0.00786000,0.00799000,14158843.00000000,1773568799999,112739.63375700,2127
1773568800000,0.00798000,0.00803000,0.00789000,0.00791000,6479781.60000000,1773572399999,51567.94874500,984
1773572400000,0.00791000,0.00793000,0.00777000,0.00782000,5746383.70000000,1773575999999,45004.87590300,755
1773576000000,0.00781000,0.00791000,0.00770000,0.00773000,7791811.90000000,1773579599999,60671.85579000,1078
1773579600000,0.00772000,0.00774000,0.00759000,0.00771000,12329966.70000000,1773583199999,94579.65109600,1035
1773583200000,0.00771000,0.00771000,0.00763000,0.00767000,1785929.00000000,1773586799999,13691.96325400,402
1773586800000,0.00767000,0.00770000,0.00759000,0.00761000,1780306.00000000,1773590399999,13615.38149300,273
1773590400000,0.00762000,0.00774000,0.00761000,0.00771000,1406112.20000000,1773593999999,10815.77960900,246
1773594000000,0.00771000,0.00776000,0.00770000,0.00773000,749810.60000000,1773597599999,5791.78444700,159
1773597600000,0.00773000,0.00778000,0.00769000,0.00770000,3217700.90000000,1773601199999,24922.80465500,391
1773601200000,0.00770000,0.00780000,0.00766000,0.00780000,4386642.40000000,1773604799999,33883.85971200,580
1773604800000,0.00780000,0.00783000,0.00774000,0.00782000,1136470.20000000,1773608399999,8844.45873000,225
1773608400000,0.00782000,0.00791000,0.00778000,0.00785000,3282265.40000000,1773611999999,25728.07187600,515
1773612000000,0.00785000,0.00790000,0.00779000,0.00787000,2319658.70000000,1773615599999,18202.92929700,396
1773615600000,0.00787000,0.00789000,0.00777000,0.00781000,2210841.30000000,1773619199999,17356.02575000,294
1773619200000,0.00781000,0.00782000,0.00770000,0.00774000,2590537.80000000,1773622799999,20103.62775600,338
1773622800000,0.00773000,0.00777000,0.00760000,0.00775000,10511225.60000000,1773626399999,80737.75770000,734
1773626400000,0.00776000,0.00776000,0.00772000,0.00775000,610285.90000000,1773629999999,4727.45656300,103
1773630000000,0.00775000,0.00782000,0.00773000,0.00779000,1155005.80000000,1773633599999,8974.82415800,202
1773633600000,0.00777000,0.00786000,0.00776000,0.00782000,2279304.60000000,1773637199999,17804.56598900,259
1773637200000,0.00782000,0.00793000,0.00780000,0.00788000,4658936.70000000,1773640799999,36702.01185700,517
1773640800000,0.00788000,0.00797000,0.00782000,0.00794000,2848378.10000000,1773644399999,22472.56066800,405
1773644400000,0.00792000,0.00793000,0.00784000,0.00786000,2351347.20000000,1773647999999,18529.45341200,307
1773648000000,0.00787000,0.00792000,0.00777000,0.00781000,3533487.00000000,1773651599999,27725.84757600,520
1773651600000,0.00781000,0.00799000,0.00781000,0.00789000,5869008.40000000,1773655199999,46483.42102500,1205
1773655200000,0.00789000,0.00795000,0.00788000,0.00793000,3426178.20000000,1773658799999,27086.68233200,624
1773658800000,0.00793000,0.00797000,0.00790000,0.00794000,1535706.20000000,1773662399999,12177.81681100,221
1773662400000,0.00793000,0.00794000,0.00787000,0.00792000,2769548.10000000,1773665999999,21901.41183500,391
1773666000000,0.00792000,0.00794000,0.00784000,0.00788000,4717502.70000000,1773669599999,37208.59919700,562
1773669600000,0.00789000,0.00797000,0.00784000,0.00793000,5269650.00000000,1773673199999,41675.71840100,452
1773673200000,0.00794000,0.00796000,0.00790000,0.00793000,2208641.10000000,1773676799999,17530.39096800,418
1773676800000,0.00792000,0.00799000,0.00791000,0.00796000,1214788.00000000,1773680399999,9662.47892000,372
1773680400000,0.00797000,0.00797000,0.00794000,0.00795000,1596215.80000000,1773683999999,12693.98956300,412
1773684000000,0.00795000,0.00798000,0.00793000,0.00794000,1794324.30000000,1773687599999,14288.35524000,406
1773687600000,0.00793000,0.00795000,0.00787000,0.00790000,2840444.20000000,1773691199999,22446.01050100,524
1773691200000,0.00790000,0.00794000,0.00788000,0.00793000,1114611.80000000,1773694799999,8818.59164000,315
1773694800000,0.00794000,0.00799000,0.00793000,0.00796000,1060893.40000000,1773698399999,8443.54795000,198
1773698400000,0.00796000,0.00801000,0.00796000,0.00800000,1322137.30000000,1773701999999,10555.15399600,233
1773702000000,0.00799000,0.00800000,0.00795000,0.00799000,1778600.40000000,1773705599999,14201.10188900,198
1773705600000,0.00798000,0.00805000,0.00796000,0.00803000,1871170.00000000,1773709199999,14980.84962800,410
1773709200000,0.00804000,0.00810000,0.00802000,0.00808000,1876355.30000000,1773712799999,15128.62916200,213
1773712800000,0.00807000,0.00807000,0.00797000,0.00800000,3261715.20000000,1773716399999,26152.84687700,341
1773716400000,0.00799000,0.00800000,0.00785000,0.00788000,1711004.30000000,1773719999999,13532.81221200,228
1773720000000,0.00789000,0.00802000,0.00783000,0.00794000,9891846.20000000,1773723599999,78606.41685100,879
1773723600000,0.00792000,0.00811000,0.00791000,0.00809000,8039777.50000000,1773727199999,64521.54020400,861
1773727200000,0.00809000,0.00814000,0.00798000,0.00799000,6375625.80000000,1773730799999,51323.64623000,684
1773730800000,0.00800000,0.00808000,0.00798000,0.00801000,3290442.20000000,1773734399999,26406.33337000,393
1773734400000,0.00800000,0.00804000,0.00794000,0.00794000,2412886.80000000,1773737999999,19261.72044300,366
1773738000000,0.00794000,0.00808000,0.00794000,0.00803000,3191943.50000000,1773741599999,25562.03868600,525
1773741600000,0.00802000,0.00813000,0.00799000,0.00808000,6303993.10000000,1773745199999,50766.31432300,631
1773745200000,0.00809000,0.00823000,0.00807000,0.00815000,7861739.00000000,1773748799999,63997.44525700,885
1773748800000,0.00816000,0.00825000,0.00806000,0.00811000,5050186.00000000,1773752399999,41137.82539500,706
1773752400000,0.00811000,0.00811000,0.00801000,0.00805000,2349506.00000000,1773755999999,18976.45244600,380
1773756000000,0.00804000,0.00814000,0.00802000,0.00805000,1849484.70000000,1773759599999,14964.12452600,213
1773759600000,0.00806000,0.00808000,0.00798000,0.00806000,4332871.00000000,1773763199999,34787.24535900,535
1773763200000,0.00806000,0.00813000,0.00801000,0.00807000,2869079.30000000,1773766799999,23184.56467900,335
1773766800000,0.00807000,0.00809000,0.00799000,0.00803000,1640258.80000000,1773770399999,13192.24610100,381
1773770400000,0.00802000,0.00805000,0.00783000,0.00791000,11675000.80000000,1773773999999,92220.92855500,926
1773774000000,0.00792000,0.00794000,0.00789000,0.00790000,1413540.00000000,1773777599999,11191.98489400,252
1773777600000,0.00790000,0.00791000,0.00731000,0.00771000,57615826.20000000,1773781199999,439736.82635700,4545
1773781200000,0.00770000,0.00776000,0.00763000,0.00775000,8747131.60000000,1773784799999,67435.48836500,549
1773784800000,0.00774000,0.00780000,0.00769000,0.00771000,1838401.60000000,1773788399999,14231.72447700,339
1773788400000,0.00772000,0.00774000,0.00766000,0.00766000,2048053.70000000,1773791999999,15767.13968700,352
1773792000000,0.00766000,0.00767000,0.00755000,0.00760000,3610107.80000000,1773795599999,27433.24287600,358
1773795600000,0.00759000,0.00768000,0.00759000,0.00765000,1824355.90000000,1773799199999,13954.58961300,353
1773799200000,0.00767000,0.00772000,0.00761000,0.00769000,4891944.10000000,1773802799999,37433.63050900,792
1773802800000,0.00769000,0.00782000,0.00769000,0.00773000,3619268.40000000,1773806399999,28110.34158500,645
1773806400000,0.00772000,0.00786000,0.00769000,0.00780000,9724209.50000000,1773809999999,75782.03733400,1128
1773810000000,0.00779000,0.00791000,0.00775000,0.00784000,5580948.80000000,1773813599999,43711.89158000,611
1773813600000,0.00784000,0.00784000,0.00774000,0.00777000,4331188.60000000,1773817199999,33697.10024500,1046
1773817200000,0.00777000,0.00780000,0.00773000,0.00780000,1673050.20000000,1773820799999,12983.71752200,477
1773820800000,0.00779000,0.00783000,0.00776000,0.00776000,1769686.20000000,1773824399999,13794.04770100,476
1773824400000,0.00776000,0.00783000,0.00771000,0.00778000,6741163.90000000,1773827999999,52418.15809400,940
1773828000000,0.00778000,0.00779000,0.00771000,0.00773000,2706433.00000000,1773831599999,20990.57295600,546
1773831600000,0.00772000,0.00773000,0.00754000,0.00757000,5846615.30000000,1773835199999,44530.71412500,1083
1773835200000,0.00755000,0.00755000,0.00742000,0.00751000,8002528.90000000,1773838799999,59834.99864700,1202
1773838800000,0.00750000,0.00753000,0.00743000,0.00746000,8599810.30000000,1773842399999,64183.83868900,949
1773842400000,0.00746000,0.00750000,0.00742000,0.00744000,4145788.60000000,1773845999999,30940.44549700,517
1773846000000,0.00744000,0.00752000,0.00742000,0.00747000,5026842.90000000,1773849599999,37588.27271500,500
1773849600000,0.00745000,0.00748000,0.00741000,0.00744000,3057981.50000000,1773853199999,22764.83070900,385
1773853200000,0.00745000,0.00765000,0.00738000,0.00763000,11358839.00000000,1773856799999,85583.70362400,2186
1773856800000,0.00764000,0.00781000,0.00761000,0.00765000,17044950.30000000,1773860399999,131368.72125900,3646
1773860400000,0.00766000,0.00773000,0.00765000,0.00767000,3336521.70000000,1773863999999,25662.69132000,802
1773864000000,0.00766000,0.00791000,0.00761000,0.00769000,37545398.40000000,1773867599999,292749.98648300,6744
1773867600000,0.00768000,0.00777000,0.00766000,0.00769000,8318467.40000000,1773871199999,64062.48063000,1616
1773871200000,0.00770000,0.00770000,0.00766000,0.00769000,2242535.60000000,1773874799999,17234.79396100,481
1773874800000,0.00768000,0.00774000,0.00766000,0.00769000,3699590.90000000,1773878399999,28461.39323500,756
1773878400000,0.00769000,0.00775000,0.00768000,0.00770000,5145280.10000000,1773881999999,39662.41934500,1343
1773882000000,0.00769000,0.00776000,0.00769000,0.00769000,5873944.70000000,1773885599999,45354.38484300,1224
1773885600000,0.00770000,0.00792000,0.00768000,0.00779000,15774545.80000000,1773889199999,123347.27882400,3039
1773889200000,0.00779000,0.00798000,0.00778000,0.00786000,12010884.80000000,1773892799999,94600.51219300,3482
1773892800000,0.00785000,0.00802000,0.00773000,0.00773000,16385342.60000000,1773896399999,129026.62376100,4036
1773896400000,0.00774000,0.00778000,0.00759000,0.00764000,10288122.10000000,1773899999999,78945.79205700,2465
1773900000000,0.00764000,0.00771000,0.00757000,0.00765000,12112331.20000000,1773903599999,92554.20808500,2996
1773903600000,0.00765000,0.00770000,0.00751000,0.00762000,11545223.80000000,1773907199999,87811.42641900,2479
1773907200000,0.00762000,0.00774000,0.00761000,0.00771000,6969998.70000000,1773910799999,53614.44338100,1976
1773910800000,0.00771000,0.00785000,0.00771000,0.00774000,6555207.70000000,1773914399999,50962.95618000,1816
1773914400000,0.00773000,0.00774000,0.00762000,0.00764000,3920820.90000000,1773917999999,30102.86975500,987
1773918000000,0.00764000,0.00769000,0.00763000,0.00769000,858674.30000000,1773921599999,6574.34634000,234
1773921600000,0.00768000,0.00771000,0.00761000,0.00763000,7417183.00000000,1773925199999,56862.92081100,1375
1773925200000,0.00763000,0.00774000,0.00757000,0.00773000,9138615.20000000,1773928799999,69779.13936300,2125
1773928800000,0.00774000,0.00776000,0.00757000,0.00762000,6175832.70000000,1773932399999,47119.40911000,1187
1773932400000,0.00761000,0.00762000,0.00752000,0.00759000,4388134.70000000,1773935999999,33225.29123200,930
1773936000000,0.00758000,0.00758000,0.00748000,0.00752000,3561674.00000000,1773939599999,26775.78699000,737
1773939600000,0.00751000,0.00751000,0.00743000,0.00750000,4155881.20000000,1773943199999,31089.70403300,657
1773943200000,0.00751000,0.00754000,0.00749000,0.00752000,2458543.80000000,1773946799999,18486.23681400,349
1773946800000,0.00752000,0.00757000,0.00748000,0.00749000,2825363.90000000,1773950399999,21265.38821600,569
1773950400000,0.00749000,0.00752000,0.00749000,0.00751000,1647585.90000000,1773953999999,12367.42103600,370
1773954000000,0.00751000,0.00756000,0.00749000,0.00753000,2548928.70000000,1773957599999,19172.98227400,481
1773957600000,0.00752000,0.00752000,0.00747000,0.00747000,2771520.90000000,1773961199999,20736.12614300,606
1773961200000,0.00748000,0.00750000,0.00747000,0.00749000,2496023.00000000,1773964799999,18683.91060900,510
1773964800000,0.00750000,0.00763000,0.00745000,0.00760000,6031796.30000000,1773968399999,45452.17651500,565
1773968400000,0.00760000,0.00770000,0.00760000,0.00766000,7124120.10000000,1773971999999,54621.45107900,1174
1773972000000,0.00766000,0.00767000,0.00760000,0.00765000,1683262.50000000,1773975599999,12849.88271200,315
1773975600000,0.00765000,0.00765000,0.00758000,0.00762000,2983862.10000000,1773979199999,22739.04629300,525
1773979200000,0.00761000,0.00761000,0.00755000,0.00759000,1976604.80000000,1773982799999,14992.12921900,411
1773982800000,0.00759000,0.00762000,0.00758000,0.00761000,4087061.70000000,1773986399999,31067.86570900,622
1773986400000,0.00760000,0.00760000,0.00755000,0.00757000,2904850.80000000,1773989999999,22000.67222100,559
1773990000000,0.00757000,0.00757000,0.00747000,0.00756000,5221213.60000000,1773993599999,39189.03892700,1192
1773993600000,0.00756000,0.00759000,0.00753000,0.00756000,2326583.20000000,1773997199999,17592.49963300,626
1773997200000,0.00755000,0.00755000,0.00744000,0.00746000,5355471.70000000,1774000799999,40043.92100500,1075
1774000800000,0.00746000,0.00756000,0.00742000,0.00750000,7472427.80000000,1774004399999,56051.59182400,1679
1774004400000,0.00749000,0.00758000,0.00749000,0.00754000,3467699.00000000,1774007999999,26132.03210700,783
1774008000000,0.00754000,0.00758000,0.00754000,0.00757000,1562435.30000000,1774011599999,11820.61461300,344
1774011600000,0.00757000,0.00762000,0.00755000,0.00755000,3856442.90000000,1774015199999,29191.80192500,860
1774015200000,0.00755000,0.00759000,0.00751000,0.00753000,5937698.50000000,1774018799999,44835.50904600,682
1774018800000,0.00753000,0.00755000,0.00747000,0.00751000,4795548.90000000,1774022399999,35970.13717700,929
1774022400000,0.00751000,0.00752000,0.00747000,0.00749000,1742649.00000000,1774025999999,13053.50980200,397
1774026000000,0.00749000,0.00749000,0.00744000,0.00748000,1673569.00000000,1774029599999,12495.70743600,442
1774029600000,0.00749000,0.00751000,0.00743000,0.00746000,2416933.20000000,1774033199999,18054.82631200,561
1774033200000,0.00746000,0.00747000,0.00738000,0.00744000,2625858.90000000,1774036799999,19461.56381000,537
1774036800000,0.00743000,0.00744000,0.00739000,0.00743000,1715509.00000000,1774040399999,12714.92375600,215
1774040400000,0.00743000,0.00751000,0.00743000,0.00748000,1503665.00000000,1774043999999,11244.86360300,298
1774044000000,0.00749000,0.00751000,0.00748000,0.00750000,578637.00000000,1774047599999,4335.90949600,158
1774047600000,0.00749000,0.00752000,0.00748000,0.00752000,773832.10000000,1774051199999,5801.29941700,160
1774051200000,0.00752000,0.00761000,0.00752000,0.00760000,1066677.50000000,1774054799999,8075.22520300,322
1774054800000,0.00760000,0.00762000,0.00754000,0.00754000,1383418.70000000,1774058399999,10475.02553400,421
1774058400000,0.00754000,0.00758000,0.00754000,0.00756000,438300.00000000,1774061999999,3313.30227200,95
1774062000000,0.00756000,0.00756000,0.00753000,0.00753000,994246.80000000,1774065599999,7504.72530400,238
1774065600000,0.00753000,0.00758000,0.00751000,0.00756000,3984915.50000000,1774069199999,30130.03386700,397
1774069200000,0.00756000,0.00759000,0.00755000,0.00755000,428552.20000000,1774072799999,3242.50006200,121
1774072800000,0.00755000,0.00758000,0.00755000,0.00758000,108615.40000000,1774076399999,822.55668600,37
1774076400000,0.00757000,0.00759000,0.00754000,0.00757000,1857807.70000000,1774079999999,14054.95083300,297
1774080000000,0.00756000,0.00758000,0.00754000,0.00755000,1239866.00000000,1774083599999,9369.54868600,199
1774083600000,0.00755000,0.00755000,0.00751000,0.00753000,763883.40000000,1774087199999,5759.60142400,116
1774087200000,0.00753000,0.00753000,0.00745000,0.00748000,3134278.80000000,1774090799999,23438.00817100,468
1774090800000,0.00748000,0.00749000,0.00747000,0.00749000,816955.20000000,1774094399999,6114.54653200,211
1774094400000,0.00749000,0.00750000,0.00747000,0.00748000,782523.00000000,1774097999999,5859.31057300,132
1774098000000,0.00747000,0.00750000,0.00747000,0.00748000,501186.50000000,1774101599999,3746.52478000,100
1774101600000,0.00748000,0.00757000,0.00748000,0.00752000,1842304.30000000,1774105199999,13856.83844300,420
1774105200000,0.00752000,0.00757000,0.00752000,0.00754000,920633.30000000,1774108799999,6944.61944200,260
1774108800000,0.00753000,0.00753000,0.00747000,0.00747000,2640183.60000000,1774112399999,19780.46625000,412
1774112400000,0.00748000,0.00749000,0.00745000,0.00749000,2197628.20000000,1774115999999,16411.18912200,275
1774116000000,0.00749000,0.00749000,0.00745000,0.00748000,512658.40000000,1774119599999,3825.46634500,112
1774119600000,0.00747000,0.00761000,0.00747000,0.00752000,10198911.80000000,1774123199999,77143.69684900,1815
1774123200000,0.00753000,0.00759000,0.00753000,0.00753000,2059429.10000000,1774126799999,15549.09643300,501
1774126800000,0.00754000,0.00756000,0.00751000,0.00753000,1427478.80000000,1774130399999,10758.58318000,346
1774130400000,0.00752000,0.00755000,0.00751000,0.00753000,811680.30000000,1774133999999,6109.92281200,190
1774134000000,0.00754000,0.00754000,0.00725000,0.00730000,11720581.90000000,1774137599999,86168.19588200,1893
1774137600000,0.00729000,0.00729000,0.00712000,0.00723000,15622457.70000000,1774141199999,112242.25698600,2304
1774141200000,0.00724000,0.00727000,0.00715000,0.00720000,3926312.00000000,1774144799999,28305.97337100,573
1774144800000,0.00721000,0.00725000,0.00716000,0.00720000,1488353.30000000,1774148399999,10718.43687400,325
1774148400000,0.00720000,0.00725000,0.00717000,0.00718000,2018699.20000000,1774151999999,14546.35687500,299
1774152000000,0.00719000,0.00724000,0.00718000,0.00721000,1536356.70000000,1774155599999,11064.33171600,451
1774155600000,0.00720000,0.00727000,0.00716000,0.00726000,3316782.50000000,1774159199999,23962.07504300,566
1774159200000,0.00726000,0.00727000,0.00723000,0.00724000,2649420.50000000,1774162799999,19201.61093000,614
1774162800000,0.00724000,0.00735000,0.00721000,0.00724000,6480933.90000000,1774166399999,47180.96375200,1269
1774166400000,0.00723000,0.00731000,0.00717000,0.00728000,3855066.80000000,1774169999999,27911.02870900,782
1774170000000,0.00728000,0.00734000,0.00722000,0.00723000,6205754.30000000,1774173599999,45136.79946200,887
1774173600000,0.00724000,0.00727000,0.00722000,0.00724000,1853065.50000000,1774177199999,13423.90562900,473
1774177200000,0.00724000,0.00724000,0.00712000,0.00712000,4077038.60000000,1774180799999,29228.67527100,775
1774180800000,0.00713000,0.00722000,0.00713000,0.00717000,5957048.90000000,1774184399999,42709.38256100,963
1774184400000,0.00718000,0.00722000,0.00716000,0.00722000,3385180.60000000,1774187999999,24332.85654600,624
1774188000000,0.00721000,0.00721000,0.00716000,0.00717000,858295.10000000,1774191599999,6166.52981700,237
1774191600000,0.00717000,0.00720000,0.00716000,0.00719000,1218253.10000000,1774195199999,8741.52574200,295
1774195200000,0.00719000,0.00719000,0.00717000,0.00717000,1895880.30000000,1774198799999,13616.08384200,264
1774198800000,0.00717000,0.00717000,0.00710000,0.00712000,2125487.40000000,1774202399999,15128.27516700,527
1774202400000,0.00711000,0.00712000,0.00695000,0.00700000,6763904.20000000,1774205999999,47384.18934400,964
1774206000000,0.00701000,0.00702000,0.00693000,0.00694000,5269717.60000000,1774209599999,36634.46887000,589
1774209600000,0.00695000,0.00697000,0.00693000,0.00694000,3148892.20000000,1774213199999,21863.82783800,429
1774213200000,0.00694000,0.00694000,0.00675000,0.00678000,12643478.80000000,1774216799999,86285.32233600,1483
1774216800000,0.00680000,0.00693000,0.00678000,0.00693000,5571729.40000000,1774220399999,38277.58035600,566
1774220400000,0.00693000,0.00695000,0.00689000,0.00689000,1582448.90000000,1774223999999,10952.77641100,126
1774224000000,0.00690000,0.00690000,0.00681000,0.00686000,1252430.30000000,1774227599999,8586.12091700,161
1774227600000,0.00685000,0.00694000,0.00683000,0.00692000,3472407.30000000,1774231199999,23937.23942100,472
1774231200000,0.00691000,0.00697000,0.00689000,0.00692000,4174469.00000000,1774234799999,28941.29010500,726
1774234800000,0.00693000,0.00700000,0.00692000,0.00693000,3327437.90000000,1774238399999,23162.29788800,350
1774238400000,0.00692000,0.00704000,0.00691000,0.00704000,4720816.40000000,1774241999999,32945.11217600,651
1774242000000,0.00705000,0.00706000,0.00699000,0.00701000,3357835.50000000,1774245599999,23608.24649300,352
1774245600000,0.00701000,0.00701000,0.00690000,0.00692000,2585869.80000000,1774249199999,17945.32818900,518
1774249200000,0.00693000,0.00698000,0.00686000,0.00693000,4025327.30000000,1774252799999,27841.18981600,420
1774252800000,0.00693000,0.00696000,0.00691000,0.00691000,1077437.30000000,1774256399999,7472.57869900,145
1774256400000,0.00692000,0.00692000,0.00687000,0.00692000,2081826.90000000,1774259999999,14364.07813700,309
1774260000000,0.00692000,0.00695000,0.00689000,0.00692000,1189864.20000000,1774263599999,8236.98417400,161
1774263600000,0.00691000,0.00720000,0.00691000,0.00706000,17110297.60000000,1774267199999,121486.10938300,2595
1774267200000,0.00707000,0.00717000,0.00704000,0.00716000,1825774.60000000,1774270799999,12990.87095600,292
1774270800000,0.00718000,0.00719000,0.00712000,0.00717000,5769112.10000000,1774274399999,41259.06124100,930
1774274400000,0.00718000,0.00720000,0.00711000,0.00715000,3474261.00000000,1774277999999,24861.39067700,598
1774278000000,0.00715000,0.00716000,0.00697000,0.00698000,6781766.20000000,1774281599999,47832.74222800,848
1774281600000,0.00699000,0.00704000,0.00697000,0.00703000,3779821.10000000,1774285199999,26516.80243200,340
1774285200000,0.00703000,0.00707000,0.00700000,0.00705000,5287644.10000000,1774288799999,37209.93513900,421
1774288800000,0.00705000,0.00707000,0.00702000,0.00706000,1249426.80000000,1774292399999,8787.21925100,143
1774292400000,0.00707000,0.00708000,0.00703000,0.00703000,672261.60000000,1774295999999,4741.03134700,58
1774296000000,0.00702000,0.00706000,0.00699000,0.00705000,1517626.40000000,1774299599999,10658.51595100,216
1774299600000,0.00705000,0.00705000,0.00701000,0.00705000,1322245.10000000,1774303199999,9297.62487400,205
1774303200000,0.00705000,0.00706000,0.00700000,0.00702000,1685592.50000000,1774306799999,11856.57201700,387
1774306800000,0.00701000,0.00702000,0.00699000,0.00701000,1467733.50000000,1774310399999,10274.64268400,407
1774310400000,0.00701000,0.00702000,0.00696000,0.00699000,2525436.80000000,1774313999999,17649.26720500,535
1774314000000,0.00697000,0.00698000,0.00693000,0.00696000,983338.20000000,1774317599999,6837.04667400,311
1774317600000,0.00696000,0.00697000,0.00690000,0.00691000,1339118.80000000,1774321199999,9287.72797000,230
1774321200000,0.00690000,0.00695000,0.00688000,0.00693000,2306015.00000000,1774324799999,15949.27336800,274
1774324800000,0.00692000,0.00692000,0.00686000,0.00688000,4448524.30000000,1774328399999,30646.55427600,327
1774328400000,0.00688000,0.00688000,0.00678000,0.00685000,2194218.00000000,1774331999999,14987.40398000,521
1774332000000,0.00685000,0.00685000,0.00679000,0.00685000,3610127.60000000,1774335599999,24646.72143500,640
1774335600000,0.00686000,0.00690000,0.00685000,0.00689000,4386100.40000000,1774339199999,30177.45727400,563
1774339200000,0.00690000,0.00690000,0.00683000,0.00686000,3039197.00000000,1774342799999,20866.42897800,409
1774342800000,0.00686000,0.00695000,0.00685000,0.00693000,3897265.70000000,1774346399999,26852.36521200,692
1774346400000,0.00693000,0.00694000,0.00687000,0.00692000,3599475.70000000,1774349999999,24861.97877700,398
1774350000000,0.00693000,0.00694000,0.00685000,0.00686000,2743020.70000000,1774353599999,18910.69052800,456
1774353600000,0.00686000,0.00687000,0.00679000,0.00682000,8986660.40000000,1774357199999,61251.68179900,647
1774357200000,0.00683000,0.00687000,0.00679000,0.00686000,6160704.60000000,1774360799999,42089.16608200,754
1774360800000,0.00685000,0.00686000,0.00672000,0.00681000,7337326.50000000,1774364399999,49811.08550800,713
1774364400000,0.00683000,0.00684000,0.00680000,0.00680000,1428494.80000000,1774367999999,9734.82128700,179
1774368000000,0.00679000,0.00682000,0.00677000,0.00679000,4017460.90000000,1774371599999,27295.25557800,560
1774371600000,0.00679000,0.00684000,0.00677000,0.00680000,2442282.90000000,1774375199999,16622.26733200,356
1774375200000,0.00681000,0.00681000,0.00678000,0.00679000,1226632.10000000,1774378799999,8337.45962100,158
1774378800000,0.00680000,0.00681000,0.00676000,0.00680000,3858717.40000000,1774382399999,26174.81770500,315
1774382400000,0.00681000,0.00687000,0.00680000,0.00683000,2531731.70000000,1774385999999,17316.41596300,433
1774386000000,0.00684000,0.00686000,0.00682000,0.00685000,117364.30000000,1774389599999,802.95245800,26
1774389600000,0.00685000,0.00693000,0.00683000,0.00690000,1722283.00000000,1774393199999,11857.72717300,214
1774393200000,0.00691000,0.00696000,0.00689000,0.00691000,3696665.60000000,1774396799999,25600.17928300,502
1774396800000,0.00692000,0.00695000,0.00691000,0.00694000,1946321.10000000,1774400399999,13496.60325900,395
1774400400000,0.00694000,0.00694000,0.00689000,0.00690000,955662.90000000,1774403999999,6620.01478900,199
1774404000000,0.00689000,0.00691000,0.00657000,0.00670000,44762779.10000000,1774407599999,300962.09765600,2824
1774407600000,0.00670000,0.00676000,0.00651000,0.00670000,29971459.20000000,1774411199999,198300.16726200,2980
1774411200000,0.00670000,0.00672000,0.00667000,0.00670000,2651357.20000000,1774414799999,17773.55097000,414
1774414800000,0.00670000,0.00671000,0.00663000,0.00664000,4450289.80000000,1774418399999,29681.65931000,710
1774418400000,0.00663000,0.00669000,0.00658000,0.00662000,11360111.90000000,1774421999999,75193.23582500,1499
1774422000000,0.00662000,0.00664000,0.00660000,0.00662000,3922347.80000000,1774425599999,25957.49991800,476
1774425600000,0.00662000,0.00665000,0.00660000,0.00664000,5052902.00000000,1774429199999,33501.26488500,779
1774429200000,0.00663000,0.00664000,0.00659000,0.00663000,2115566.50000000,1774432799999,14007.89960700,377
1774432800000,0.00663000,0.00670000,0.00660000,0.00661000,5845030.90000000,1774436399999,38862.27601800,740
1774436400000,0.00661000,0.00663000,0.00657000,0.00660000,7136258.10000000,1774439999999,47106.49953500,881
1774440000000,0.00661000,0.00664000,0.00656000,0.00662000,6379020.70000000,1774443599999,42115.23623700,815
1774443600000,0.00661000,0.00664000,0.00658000,0.00658000,6051403.00000000,1774447199999,40016.07334800,694
1774447200000,0.00658000,0.00659000,0.00655000,0.00658000,4715106.70000000,1774450799999,30948.61186600,511
1774450800000,0.00656000,0.00660000,0.00652000,0.00656000,4241616.70000000,1774454399999,27821.48833800,546
1774454400000,0.00656000,0.00664000,0.00655000,0.00661000,2832183.50000000,1774457999999,18668.88015000,413
1774458000000,0.00662000,0.00663000,0.00657000,0.00661000,2502227.70000000,1774461599999,16508.71638600,272
1774461600000,0.00661000,0.00664000,0.00660000,0.00661000,2521099.90000000,1774465199999,16690.51155100,303
1774465200000,0.00662000,0.00664000,0.00658000,0.00658000,2525418.80000000,1774468799999,16698.87099800,322
1774468800000,0.00658000,0.00658000,0.00652000,0.00653000,4734246.80000000,1774472399999,31004.56087600,518
1774472400000,0.00652000,0.00657000,0.00652000,0.00654000,1674822.30000000,1774475999999,10976.21455500,264
1774476000000,0.00655000,0.00661000,0.00655000,0.00659000,2526526.90000000,1774479599999,16611.13338900,293
1774479600000,0.00659000,0.00660000,0.00658000,0.00660000,184856.40000000,1774483199999,1218.64348800,27
1774483200000,0.00660000,0.00660000,0.00656000,0.00657000,934732.50000000,1774486799999,6149.71863800,145
1774486800000,0.00657000,0.00661000,0.00647000,0.00651000,7002657.00000000,1774490399999,45734.64067200,449
1774490400000,0.00649000,0.00650000,0.00643000,0.00648000,4789149.50000000,1774493999999,30967.42101500,320
1774494000000,0.00647000,0.00647000,0.00639000,0.00640000,2527567.50000000,1774497599999,16212.35157800,158
1774497600000,0.00640000,0.00641000,0.00633000,0.00634000,3825872.00000000,1774501199999,24319.02442100,338
1774501200000,0.00635000,0.00635000,0.00623000,0.00625000,4113802.60000000,1774504799999,25827.21426700,459
1774504800000,0.00624000,0.00627000,0.00618000,0.00626000,4411377.10000000,1774508399999,27491.39727100,490
1774508400000,0.00626000,0.00632000,0.00620000,0.00625000,7129954.30000000,1774511999999,44610.37971300,881
1774512000000,0.00624000,0.00627000,0.00620000,0.00623000,4319409.50000000,1774515599999,26935.66632500,570
1774515600000,0.00623000,0.00623000,0.00612000,0.00613000,4130447.10000000,1774519199999,25506.54128700,502
1774519200000,0.00613000,0.00613000,0.00607000,0.00609000,4396175.20000000,1774522799999,26818.41681000,479
1774522800000,0.00609000,0.00612000,0.00607000,0.00610000,2462009.10000000,1774526399999,15026.96066700,413
1774526400000,0.00610000,0.00614000,0.00608000,0.00611000,6515758.80000000,1774529999999,39793.77682800,611
1774530000000,0.00611000,0.00616000,0.00608000,0.00613000,8791134.70000000,1774533599999,53899.87987400,860
1774533600000,0.00614000,0.00615000,0.00611000,0.00612000,2305147.40000000,1774537199999,14140.35317500,417
1774537200000,0.00612000,0.00612000,0.00607000,0.00609000,3979454.10000000,1774540799999,24260.28489900,398
1774540800000,0.00609000,0.00609000,0.00598000,0.00600000,5698680.90000000,1774544399999,34363.90944600,656
1774544400000,0.00599000,0.00604000,0.00596000,0.00599000,5355897.90000000,1774547999999,32120.40322200,674
1774548000000,0.00600000,0.00600000,0.00591000,0.00594000,8546699.70000000,1774551599999,50790.28804600,497
1774551600000,0.00595000,0.00596000,0.00591000,0.00592000,4025839.00000000,1774555199999,23877.77642700,172
1774555200000,0.00591000,0.00603000,0.00591000,0.00600000,5456048.00000000,1774558799999,32627.06594600,465
1774558800000,0.00600000,0.00604000,0.00575000,0.00586000,47444416.80000000,1774562399999,277837.07530600,2828
1774562400000,0.00585000,0.00588000,0.00580000,0.00582000,5105690.50000000,1774565999999,29831.10864600,550
1774566000000,0.00582000,0.00582000,0.00574000,0.00577000,9542363.70000000,1774569599999,55034.35979500,832
1774569600000,0.00577000,0.00592000,0.00577000,0.00586000,10713712.90000000,1774573199999,62837.74258800,989
1774573200000,0.00587000,0.00588000,0.00583000,0.00586000,2978471.50000000,1774576799999,17437.72423900,383
1774576800000,0.00586000,0.00586000,0.00579000,0.00581000,2265016.50000000,1774580399999,13192.74349900,256
1774580400000,0.00581000,0.00582000,0.00574000,0.00574000,8606863.90000000,1774583999999,49598.16417900,821
1774584000000,0.00573000,0.00577000,0.00571000,0.00576000,3360545.70000000,1774587599999,19306.17643600,447
1774587600000,0.00575000,0.00580000,0.00575000,0.00580000,2723669.30000000,1774591199999,15705.35881600,264
1774591200000,0.00580000,0.00587000,0.00579000,0.00581000,5266018.50000000,1774594799999,30721.90184700,1287
1774594800000,0.00580000,0.00589000,0.00579000,0.00588000,4743415.10000000,1774598399999,27707.73530300,787
1774598400000,0.00588000,0.00590000,0.00579000,0.00585000,2585824.40000000,1774601999999,15102.23597600,392
1774602000000,0.00585000,0.00585000,0.00578000,0.00579000,1726216.30000000,1774605599999,10013.93633800,475
1774605600000,0.00579000,0.00581000,0.00565000,0.00568000,10624021.70000000,1774609199999,60865.35924500,1504
1774609200000,0.00567000,0.00570000,0.00563000,0.00566000,7647449.20000000,1774612799999,43329.92245400,407
1774612800000,0.00567000,0.00571000,0.00565000,0.00571000,4065706.80000000,1774616399999,23094.00296100,406
1774616400000,0.00572000,0.00581000,0.00571000,0.00580000,2646715.40000000,1774619999999,15235.72525100,380
1774620000000,0.00580000,0.00586000,0.00578000,0.00581000,6877746.90000000,1774623599999,40033.60660300,510
1774623600000,0.00582000,0.00588000,0.00554000,0.00557000,61048224.10000000,1774627199999,346446.46677200,3796
1774627200000,0.00557000,0.00558000,0.00546000,0.00550000,14034148.40000000,1774630799999,77327.49411800,1165
1774630800000,0.00549000,0.00554000,0.00545000,0.00547000,5804308.50000000,1774634399999,31837.66417500,676
1774634400000,0.00546000,0.00552000,0.00544000,0.00552000,8868271.10000000,1774637999999,48587.27482600,524
1774638000000,0.00552000,0.00556000,0.00551000,0.00555000,2773105.60000000,1774641599999,15371.88428800,246
1774641600000,0.00556000,0.00571000,0.00554000,0.00559000,13785322.90000000,1774645199999,77478.68943600,632
1774645200000,0.00559000,0.00567000,0.00559000,0.00566000,2024538.70000000,1774648799999,11441.26125100,155
1774648800000,0.00566000,0.00566000,0.00560000,0.00560000,3244645.40000000,1774652399999,18257.26698300,234
1774652400000,0.00560000,0.00561000,0.00554000,0.00557000,2668156.70000000,1774655999999,14836.67462900,208
1774656000000,0.00557000,0.00557000,0.00550000,0.00551000,2624753.10000000,1774659599999,14538.90199600,215
1774659600000,0.00550000,0.00550000,0.00541000,0.00545000,3182792.90000000,1774663199999,17364.55153500,318
1774663200000,0.00545000,0.00548000,0.00543000,0.00543000,1279927.70000000,1774666799999,6983.60321600,137
1774666800000,0.00543000,0.00544000,0.00541000,0.00541000,775083.60000000,1774670399999,4201.07462300,52
1774670400000,0.00542000,0.00543000,0.00539000,0.00541000,1522358.50000000,1774673999999,8235.46088300,228
1774674000000,0.00541000,0.00544000,0.00540000,0.00542000,1842889.80000000,1774677599999,9984.38849900,126
1774677600000,0.00543000,0.00545000,0.00540000,0.00544000,2738158.20000000,1774681199999,14866.01034100,248
1774681200000,0.00544000,0.00551000,0.00544000,0.00549000,3168765.20000000,1774684799999,17348.84200900,321
1774684800000,0.00548000,0.00553000,0.00548000,0.00549000,2361885.90000000,1774688399999,13006.60768000,198
1774688400000,0.00548000,0.00548000,0.00544000,0.00545000,3025228.40000000,1774691999999,16513.64051600,146
1774692000000,0.00545000,0.00547000,0.00543000,0.00545000,1177187.90000000,1774695599999,6415.09615700,97
1774695600000,0.00546000,0.00556000,0.00544000,0.00552000,8883466.50000000,1774699199999,48946.56339700,323
1774699200000,0.00553000,0.00570000,0.00551000,0.00562000,48329720.50000000,1774702799999,271511.96037000,1418
1774702800000,0.00563000,0.00572000,0.00560000,0.00562000,14498827.20000000,1774706399999,82006.74891500,711
1774706400000,0.00562000,0.00564000,0.00553000,0.00553000,3712103.30000000,1774709999999,20681.66514700,303
1774710000000,0.00553000,0.00558000,0.00553000,0.00555000,4103223.30000000,1774713599999,22784.54022400,363
1774713600000,0.00556000,0.00579000,0.00556000,0.00578000,19890443.80000000,1774717199999,113461.01005700,1064
1774717200000,0.00577000,0.00650000,0.00572000,0.00641000,176328406.40000000,1774720799999,1094456.69142200,11654
1774720800000,0.00643000,0.00645000,0.00602000,0.00613000,99405217.40000000,1774724399999,614991.38969800,5080
1774724400000,0.00614000,0.00622000,0.00602000,0.00603000,43648199.60000000,1774727999999,267546.99877000,1594
1774728000000,0.00603000,0.00605000,0.00582000,0.00592000,34863327.30000000,1774731599999,206963.32240800,1457
1774731600000,0.00593000,0.00602000,0.00590000,0.00598000,8479206.50000000,1774735199999,50452.96719700,384
1774735200000,0.00598000,0.00618000,0.00596000,0.00605000,48440419.90000000,1774738799999,294375.28346100,1309
1774738800000,0.00605000,0.00607000,0.00592000,0.00600000,14615258.80000000,1774742399999,87393.20532500,599
1774742400000,0.00599000,0.00611000,0.00594000,0.00608000,27727619.60000000,1774745999999,166842.69442500,1079
1774746000000,0.00610000,0.00632000,0.00608000,0.00620000,54182465.40000000,1774749599999,334830.22323300,2024
1774749600000,0.00620000,0.00642000,0.00619000,0.00633000,37545315.80000000,1774753199999,236797.47075000,2042
1774753200000,0.00633000,0.00643000,0.00628000,0.00630000,13813238.20000000,1774756799999,87665.06805200,868
1774756800000,0.00629000,0.00658000,0.00623000,0.00644000,40378616.90000000,1774760399999,258920.05667000,1862
1774760400000,0.00646000,0.00647000,0.00628000,0.00633000,26178320.40000000,1774763999999,166204.15987300,1223
1774764000000,0.00635000,0.00636000,0.00610000,0.00613000,24035734.10000000,1774767599999,148947.51569500,1444
1774767600000,0.00613000,0.00620000,0.00607000,0.00613000,28126584.50000000,1774771199999,172465.22009700,1325
1774771200000,0.00613000,0.00637000,0.00607000,0.00630000,56326487.80000000,1774774799999,351080.35883900,3271
1774774800000,0.00632000,0.00653000,0.00622000,0.00633000,55890350.70000000,1774778399999,354739.44864700,2921
1774778400000,0.00633000,0.00637000,0.00609000,0.00619000,33636590.50000000,1774781999999,209737.59640700,1442
1774782000000,0.00617000,0.00619000,0.00607000,0.00609000,13209085.00000000,1774785599999,80872.96131200,907
1774785600000,0.00609000,0.00610000,0.00591000,0.00598000,27774012.70000000,1774789199999,167159.20578000,1845
1774789200000,0.00598000,0.00602000,0.00592000,0.00594000,15882068.70000000,1774792799999,94630.85373000,1207
1774792800000,0.00595000,0.00606000,0.00592000,0.00603000,15218415.80000000,1774796399999,91519.68930000,1346
1774796400000,0.00603000,0.00604000,0.00586000,0.00591000,12707308.90000000,1774799999999,75530.77742600,1594
1774800000000,0.00591000,0.00595000,0.00576000,0.00586000,22658140.00000000,1774803599999,132327.22239800,2366
1774803600000,0.00587000,0.00601000,0.00586000,0.00586000,28337411.80000000,1774807199999,168438.25874100,3030
1774807200000,0.00586000,0.00586000,0.00579000,0.00580000,10626438.10000000,1774810799999,61802.24701300,1339
1774810800000,0.00580000,0.00581000,0.00575000,0.00579000,8852150.10000000,1774814399999,51161.10814400,1234
1774814400000,0.00579000,0.00580000,0.00567000,0.00570000,10116816.60000000,1774817999999,57972.16126900,1543
1774818000000,0.00570000,0.00582000,0.00568000,0.00579000,11494999.30000000,1774821599999,66086.96906800,660
1774821600000,0.00580000,0.00580000,0.00557000,0.00565000,20316296.10000000,1774825199999,115017.35763100,1836
1774825200000,0.00566000,0.00568000,0.00562000,0.00564000,8739016.70000000,1774828799999,49352.17299000,1256
1774828800000,0.00565000,0.00574000,0.00562000,0.00572000,7862739.30000000,1774832399999,44759.96810800,543
1774832400000,0.00572000,0.00589000,0.00572000,0.00588000,14392034.50000000,1774835999999,83803.92306500,1171
1774836000000,0.00588000,0.00592000,0.00582000,0.00586000,13159417.20000000,1774839599999,77339.66854100,1473
1774839600000,0.00585000,0.00595000,0.00583000,0.00595000,12126366.80000000,1774843199999,71738.99256500,1350
1774843200000,0.00593000,0.00595000,0.00589000,0.00590000,7144498.80000000,1774846799999,42274.76969400,644
1774846800000,0.00591000,0.00594000,0.00583000,0.00584000,8420412.90000000,1774850399999,49534.86648000,1448
1774850400000,0.00583000,0.00587000,0.00583000,0.00587000,5030026.40000000,1774853999999,29376.85128500,439
1774854000000,0.00587000,0.00590000,0.00583000,0.00587000,4182670.00000000,1774857599999,24522.99631800,585
1774857600000,0.00588000,0.00593000,0.00587000,0.00588000,5296818.20000000,1774861199999,31264.84508300,743
1774861200000,0.00588000,0.00588000,0.00584000,0.00585000,3065662.70000000,1774864799999,17953.51563600,426
1774864800000,0.00584000,0.00597000,0.00581000,0.00594000,8145507.60000000,1774868399999,48082.76256900,995
1774868400000,0.00596000,0.00600000,0.00590000,0.00593000,12038251.60000000,1774871999999,71503.35993700,1008
1774872000000,0.00594000,0.00606000,0.00593000,0.00605000,6998121.60000000,1774875599999,41889.60124500,1050
1774875600000,0.00604000,0.00616000,0.00603000,0.00607000,16337853.20000000,1774879199999,99826.59164600,1958
1774879200000,0.00608000,0.00612000,0.00597000,0.00600000,16038141.90000000,1774882799999,96765.93992300,1199
1774882800000,0.00600000,0.00606000,0.00595000,0.00604000,6663957.90000000,1774886399999,40045.10089000,973
1774886400000,0.00605000,0.00641000,0.00605000,0.00629000,74854027.10000000,1774889999999,469227.57861600,6984
1774890000000,0.00629000,0.00649000,0.00626000,0.00642000,22773782.60000000,1774893599999,145631.13442000,2235
1774893600000,0.00642000,0.00649000,0.00629000,0.00643000,40230145.90000000,1774897199999,256966.73083000,3622
1774897200000,0.00643000,0.00659000,0.00639000,0.00649000,42873601.30000000,1774900799999,279022.83857200,3391
1774900800000,0.00649000,0.00651000,0.00613000,0.00622000,28346262.60000000,1774904399999,179535.20470700,2003
1774904400000,0.00622000,0.00639000,0.00619000,0.00634000,12478860.10000000,1774907999999,78448.53015600,1127
1774908000000,0.00633000,0.00633000,0.00613000,0.00619000,14717140.40000000,1774911599999,91401.87322500,949
1774911600000,0.00620000,0.00627000,0.00615000,0.00619000,16703842.80000000,1774915199999,103591.48695800,693
1774915200000,0.00619000,0.00621000,0.00609000,0.00613000,7328042.00000000,1774918799999,44940.35730800,967
1774918800000,0.00613000,0.00619000,0.00610000,0.00617000,5216121.90000000,1774922399999,32039.23805000,942
1774922400000,0.00616000,0.00617000,0.00599000,0.00607000,8400367.40000000,1774925999999,51140.83375100,1048
1774926000000,0.00604000,0.00605000,0.00591000,0.00593000,10412644.50000000,1774929599999,62141.23951200,857
1774929600000,0.00593000,0.00598000,0.00591000,0.00597000,7906550.20000000,1774933199999,47024.98093600,535
1774933200000,0.00597000,0.00607000,0.00595000,0.00603000,5615035.40000000,1774936799999,33786.36726400,831
1774936800000,0.00602000,0.00608000,0.00601000,0.00607000,5489595.80000000,1774940399999,33184.80482500,761
1774940400000,0.00607000,0.00609000,0.00600000,0.00606000,6632168.70000000,1774943999999,40007.85377800,901
1774944000000,0.00606000,0.00613000,0.00604000,0.00606000,4456750.10000000,1774947599999,27172.88032200,790
1774947600000,0.00608000,0.00611000,0.00602000,0.00602000,7245464.40000000,1774951199999,43919.14895200,1081
1774951200000,0.00602000,0.00603000,0.00598000,0.00598000,5266623.80000000,1774954799999,31576.57290500,789
1774954800000,0.00599000,0.00605000,0.00598000,0.00599000,7365702.70000000,1774958399999,44249.99955600,1157
1774958400000,0.00600000,0.00603000,0.00597000,0.00602000,3038534.50000000,1774961999999,18254.72364600,396
1774962000000,0.00601000,0.00604000,0.00599000,0.00602000,4809263.30000000,1774965599999,28900.44739000,702
1774965600000,0.00603000,0.00606000,0.00600000,0.00601000,7104879.50000000,1774969199999,42867.35735300,1381
1774969200000,0.00602000,0.00604000,0.00598000,0.00599000,5966453.60000000,1774972799999,35843.33186000,904
1774972800000,0.00599000,0.00603000,0.00575000,0.00592000,67266388.70000000,1774976399999,393761.45845100,4867
1774976400000,0.00592000,0.00601000,0.00590000,0.00591000,6333600.50000000,1774979999999,37741.99646500,850
1774980000000,0.00592000,0.00596000,0.00591000,0.00595000,5590294.10000000,1774983599999,33159.27421500,877
1774983600000,0.00596000,0.00617000,0.00595000,0.00610000,20415341.00000000,1774987199999,124354.02104200,1896
1774987200000,0.00609000,0.00612000,0.00605000,0.00606000,6391168.40000000,1774990799999,38887.87181300,765
1774990800000,0.00606000,0.00607000,0.00598000,0.00599000,6612471.20000000,1774994399999,39807.52220900,1127
1774994400000,0.00599000,0.00599000,0.00593000,0.00593000,5783851.40000000,1774997999999,34462.70703200,704
1774998000000,0.00594000,0.00600000,0.00591000,0.00599000,6334053.90000000,1775001599999,37675.68679600,629
1775001600000,0.00599000,0.00601000,0.00594000,0.00597000,4098528.00000000,1775005199999,24475.94163900,775
1775005200000,0.00597000,0.00602000,0.00589000,0.00590000,9571398.30000000,1775008799999,56976.52753000,626
1775008800000,0.00590000,0.00592000,0.00585000,0.00589000,4285487.60000000,1775012399999,25190.63258600,520
1775012400000,0.00589000,0.00592000,0.00587000,0.00591000,3233843.40000000,1775015999999,19062.74000200,397
1775016000000,0.00592000,0.00593000,0.00586000,0.00592000,5182726.00000000,1775019599999,30529.47168500,693
1775019600000,0.00590000,0.00599000,0.00590000,0.00590000,5392773.10000000,1775023199999,32090.64130000,755
1775023200000,0.00590000,0.00603000,0.00589000,0.00598000,14483245.40000000,1775026799999,86633.27940300,1566
1775026800000,0.00599000,0.00600000,0.00592000,0.00594000,11651250.10000000,1775030399999,69434.64663100,822
1775030400000,0.00594000,0.00596000,0.00587000,0.00590000,4845803.60000000,1775033999999,28690.67361900,437
1775034000000,0.00588000,0.00595000,0.00587000,0.00590000,9960017.80000000,1775037599999,58769.98015000,1238
1775037600000,0.00591000,0.00591000,0.00587000,0.00591000,3621524.50000000,1775041199999,21366.58834200,558
1775041200000,0.00591000,0.00593000,0.00588000,0.00590000,4323219.20000000,1775044799999,25533.16141700,710
1775044800000,0.00589000,0.00601000,0.00589000,0.00592000,6629157.10000000,1775048399999,39402.11179900,1270
1775048400000,0.00593000,0.00602000,0.00589000,0.00593000,15818187.70000000,1775051999999,93977.06470700,2242
1775052000000,0.00593000,0.00630000,0.00592000,0.00610000,53454032.30000000,1775055599999,327425.61191400,6545
1775055600000,0.00611000,0.00639000,0.00611000,0.00625000,35313886.70000000,1775059199999,220781.02230600,4554
1775059200000,0.00625000,0.00649000,0.00617000,0.00623000,54236386.50000000,1775062799999,343112.48104100,6638
1775062800000,0.00624000,0.00641000,0.00619000,0.00626000,53460778.80000000,1775066399999,336977.71849100,5089
1775066400000,0.00626000,0.00639000,0.00621000,0.00633000,20366363.40000000,1775069999999,128093.68932300,2374
1775070000000,0.00633000,0.00642000,0.00629000,0.00634000,11113990.20000000,1775073599999,70492.83378300,1612
1775073600000,0.00634000,0.00638000,0.00626000,0.00632000,17926403.50000000,1775077199999,113144.58413300,1903
1775077200000,0.00630000,0.00635000,0.00627000,0.00630000,4704527.70000000,1775080799999,29646.88932200,839
1775080800000,0.00629000,0.00631000,0.00621000,0.00628000,12588348.70000000,1775084399999,78760.68462700,1578
1775084400000,0.00629000,0.00663000,0.00627000,0.00649000,35499965.30000000,1775087999999,229784.00537300,5147
1775088000000,0.00648000,0.00669000,0.00633000,0.00650000,49366734.90000000,1775091599999,322390.86333100,6353
1775091600000,0.00650000,0.00656000,0.00632000,0.00647000,25510911.80000000,1775095199999,164911.39704600,2915
1775095200000,0.00647000,0.00655000,0.00634000,0.00640000,18880310.60000000,1775098799999,121733.63382500,1939
1775098800000,0.00640000,0.00640000,0.00627000,0.00632000,9427111.00000000,1775102399999,59659.41508300,1231
1775102400000,0.00632000,0.00649000,0.00632000,0.00639000,13678262.80000000,1775105999999,87720.05016900,2182
1775106000000,0.00639000,0.00695000,0.00635000,0.00675000,87773002.80000000,1775109599999,589902.10886100,8580
1775109600000,0.00675000,0.00745000,0.00666000,0.00720000,165056850.80000000,1775113199999,1167854.74376200,11094
1775113200000,0.00718000,0.00789000,0.00692000,0.00784000,101802331.10000000,1775116799999,745430.58634400,8305
1775116800000,0.00785000,0.00844000,0.00756000,0.00832000,219745282.80000000,1775120399999,1758312.57012700,21509
1775120400000,0.00833000,0.00905000,0.00766000,0.00810000,216590197.30000000,1775123999999,1812258.56361700,23465
1775124000000,0.00810000,0.00826000,0.00770000,0.00817000,72515694.50000000,1775127599999,576263.74316200,7076
1775127600000,0.00816000,0.00857000,0.00785000,0.00829000,109162608.30000000,1775131199999,898745.88814700,12892
1775131200000,0.00828000,0.01040000,0.00794000,0.00952000,186073645.00000000,1775134799999,1682198.95504500,20068
1775134800000,0.00951000,0.01087000,0.00907000,0.00974000,346113532.90000000,1775138399999,3391862.24329600,44254
1775138400000,0.00974000,0.00986000,0.00878000,0.00907000,145617172.60000000,1775141999999,1329897.86956100,12444
1775142000000,0.00907000,0.00908000,0.00725000,0.00729000,199152863.20000000,1775145599999,1564635.61401700,15015
1775145600000,0.00731000,0.00778000,0.00701000,0.00772000,150550466.30000000,1775149199999,1103584.11542800,10509
1775149200000,0.00771000,0.00771000,0.00732000,0.00744000,54675080.50000000,1775152799999,408424.79004500,4059
1775152800000,0.00743000,0.00780000,0.00727000,0.00769000,42437690.40000000,1775156399999,320517.72656700,3392
1775156400000,0.00769000,0.00770000,0.00734000,0.00741000,34500876.40000000,1775159999999,258998.97084200,2930
1775160000000,0.00742000,0.00757000,0.00734000,0.00737000,25843328.80000000,1775163599999,193121.47315200,1920
1775163600000,0.00737000,0.00743000,0.00711000,0.00724000,21210634.50000000,1775167199999,154146.37892500,1958
1775167200000,0.00724000,0.00727000,0.00715000,0.00722000,17422868.00000000,1775170799999,125453.39761800,1391
1775170800000,0.00720000,0.00734000,0.00717000,0.00719000,20117287.70000000,1775174399999,146257.76753800,1939
1775174400000,0.00720000,0.00721000,0.00684000,0.00687000,44427925.90000000,1775177999999,309909.82223900,2451
1775178000000,0.00687000,0.00703000,0.00685000,0.00697000,11870172.30000000,1775181599999,82546.63901800,858
1775181600000,0.00696000,0.00699000,0.00683000,0.00690000,12992401.80000000,1775185199999,89915.86512300,1267
1775185200000,0.00690000,0.00697000,0.00672000,0.00681000,27315034.00000000,1775188799999,187205.70703400,1823
1775188800000,0.00681000,0.00688000,0.00667000,0.00678000,31055227.60000000,1775192399999,209613.40507600,2008
1775192400000,0.00678000,0.00691000,0.00675000,0.00688000,13862368.70000000,1775195999999,94851.92568900,1169
1775196000000,0.00688000,0.00715000,0.00687000,0.00708000,25181763.80000000,1775199599999,176658.16470500,2445
1775199600000,0.00708000,0.00738000,0.00704000,0.00717000,50328942.60000000,1775203199999,362372.14844900,4130
1775203200000,0.00716000,0.00726000,0.00700000,0.00704000,23395067.30000000,1775206799999,166070.46460600,1757
1775206800000,0.00705000,0.00721000,0.00705000,0.00721000,17588399.70000000,1775210399999,125317.47053200,1257
1775210400000,0.00721000,0.00754000,0.00716000,0.00738000,36151364.50000000,1775213999999,265781.11221900,2782
1775214000000,0.00738000,0.00784000,0.00738000,0.00776000,50183978.80000000,1775217599999,382331.06914500,3792
1775217600000,0.00776000,0.00804000,0.00763000,0.00801000,35712238.00000000,1775221199999,279588.88897000,2595
1775221200000,0.00801000,0.00821000,0.00735000,0.00742000,58387716.90000000,1775224799999,458413.32420300,4677
1775224800000,0.00742000,0.00765000,0.00707000,0.00741000,67054796.60000000,1775228399999,487847.11997500,4872
1775228400000,0.00741000,0.00766000,0.00720000,0.00753000,47275962.50000000,1775231999999,349484.03412200,4066
1775232000000,0.00754000,0.00799000,0.00752000,0.00781000,85375040.20000000,1775235599999,664349.90162900,7933
1775235600000,0.00781000,0.00821000,0.00772000,0.00784000,40434649.10000000,1775239199999,320882.79799900,4226
1775239200000,0.00784000,0.00790000,0.00771000,0.00781000,14486931.90000000,1775242799999,112940.98653800,2018
1775242800000,0.00780000,0.00787000,0.00760000,0.00761000,15990277.80000000,1775246399999,123360.64451500,1950
1775246400000,0.00760000,0.00764000,0.00748000,0.00762000,14412316.80000000,1775249999999,108879.18913900,2277
1775250000000,0.00763000,0.00789000,0.00762000,0.00787000,10742381.30000000,1775253599999,83260.50365200,1254
1775253600000,0.00787000,0.00964000,0.00782000,0.00916000,209703318.30000000,1775257199999,1834040.18164000,23110
1775257200000,0.00917000,0.00923000,0.00842000,0.00858000,79622683.60000000,1775260799999,698075.15726100,7656
1775260800000,0.00860000,0.00871000,0.00827000,0.00836000,43329739.00000000,1775264399999,364338.69701800,4803
1775264400000,0.00836000,0.00896000,0.00833000,0.00863000,56184043.40000000,1775267999999,491168.82659500,4419
1775268000000,0.00863000,0.00894000,0.00848000,0.00854000,41265755.90000000,1775271599999,359908.98615400,3324
1775271600000,0.00854000,0.00855000,0.00816000,0.00823000,25342736.30000000,1775275199999,210538.00400100,2460
1775275200000,0.00822000,0.00875000,0.00818000,0.00844000,32825215.80000000,1775278799999,277959.50495200,3318
1775278800000,0.00846000,0.00875000,0.00786000,0.00802000,55814346.10000000,1775282399999,460796.98052000,5041
1775282400000,0.00803000,0.00828000,0.00784000,0.00825000,34360276.50000000,1775285999999,276706.07848500,2665
1775286000000,0.00826000,0.00829000,0.00798000,0.00808000,25594375.20000000,1775289599999,206860.53020800,2026
1775289600000,0.00808000,0.00808000,0.00793000,0.00799000,12532750.90000000,1775293199999,100249.01732900,1554
1775293200000,0.00798000,0.00802000,0.00772000,0.00773000,21280439.30000000,1775296799999,167179.13121100,1603
1775296800000,0.00773000,0.00791000,0.00763000,0.00765000,25261014.90000000,1775300399999,195721.72518700,2087
1775300400000,0.00766000,0.00775000,0.00757000,0.00760000,13515110.20000000,1775303999999,103618.23564700,1193
1775304000000,0.00762000,0.00766000,0.00755000,0.00766000,11208079.90000000,1775307599999,85274.20384300,1000
1775307600000,0.00766000,0.00793000,0.00763000,0.00779000,25033348.50000000,1775311199999,195239.25610200,1874
1775311200000,0.00779000,0.00792000,0.00766000,0.00785000,18785353.50000000,1775314799999,146321.47249600,1758
1775314800000,0.00786000,0.00836000,0.00786000,0.00825000,113996165.50000000,1775318399999,928626.82128500,8609
1775318400000,0.00824000,0.00937000,0.00823000,0.00886000,182230410.70000000,1775321999999,1595031.56630300,19067
1775322000000,0.00886000,0.00912000,0.00864000,0.00869000,55648252.10000000,1775325599999,489811.28872900,5535
1775325600000,0.00869000,0.00886000,0.00839000,0.00844000,63230326.80000000,1775329199999,541678.53083600,6839
1775329200000,0.00843000,0.00849000,0.00810000,0.00838000,69894468.30000000,1775332799999,580330.39897100,9449
1775332800000,0.00839000,0.00848000,0.00822000,0.00827000,22787356.20000000,1775336399999,189869.76438900,3164
1775336400000,0.00828000,0.00851000,0.00822000,0.00825000,19522770.60000000,1775339999999,163205.00674100,2291
1775340000000,0.00825000,0.00872000,0.00825000,0.00853000,35959855.70000000,1775343599999,306826.96495100,5181
1775343600000,0.00853000,0.00857000,0.00841000,0.00853000,14710352.50000000,1775347199999,124757.43746600,1466
1775347200000,0.00852000,0.00855000,0.00821000,0.00848000,21499227.00000000,1775350799999,180655.18196900,1865
1775350800000,0.00848000,0.00857000,0.00837000,0.00846000,11022549.80000000,1775354399999,93550.37891400,1340
1775354400000,0.00846000,0.00887000,0.00844000,0.00864000,28235257.20000000,1775357999999,245884.02799800,2516
1775358000000,0.00865000,0.00881000,0.00853000,0.00874000,19715628.30000000,1775361599999,170895.56259600,1791
1775361600000,0.00874000,0.00900000,0.00868000,0.00873000,39150828.40000000,1775365199999,344757.97183700,3924
1775365200000,0.00872000,0.00891000,0.00841000,0.00869000,36810729.80000000,1775368799999,317448.23533000,3361
1775368800000,0.00870000,0.00908000,0.00851000,0.00903000,38115759.50000000,1775372399999,336730.86523800,4911
1775372400000,0.00903000,0.00903000,0.00853000,0.00879000,40779654.70000000,1775375999999,356659.59782000,4484
1775376000000,0.00880000,0.00899000,0.00864000,0.00874000,29517622.10000000,1775379599999,259119.51242400,2639
1775379600000,0.00873000,0.00880000,0.00832000,0.00842000,28240408.10000000,1775383199999,242250.76496100,3039
1775383200000,0.00842000,0.00846000,0.00815000,0.00820000,16690443.10000000,1775386799999,138501.25198000,2148
1775386800000,0.00821000,0.00838000,0.00809000,0.00826000,33483846.10000000,1775390399999,276034.38462400,3453
1775390400000,0.00827000,0.00828000,0.00784000,0.00786000,26691468.20000000,1775393999999,213907.47399300,2959
1775394000000,0.00787000,0.00789000,0.00744000,0.00752000,34496753.80000000,1775397599999,262166.71648900,3318
1775397600000,0.00752000,0.00762000,0.00749000,0.00751000,8991405.80000000,1775401199999,67957.98569400,1066
1775401200000,0.00752000,0.00773000,0.00752000,0.00757000,21228478.00000000,1775404799999,161992.46492700,1721
1775404800000,0.00757000,0.00760000,0.00738000,0.00749000,17489604.40000000,1775408399999,130999.58229600,1702
1775408400000,0.00749000,0.00749000,0.00740000,0.00745000,9030167.20000000,1775411999999,67204.41206100,1044
1775412000000,0.00744000,0.00751000,0.00741000,0.00747000,11184428.80000000,1775415599999,83313.95622500,994
1775415600000,0.00748000,0.00751000,0.00732000,0.00744000,14995105.00000000,1775419199999,111074.33546400,940
1775419200000,0.00744000,0.00749000,0.00737000,0.00738000,12101627.50000000,1775422799999,89847.30379400,1493
1775422800000,0.00739000,0.00748000,0.00728000,0.00748000,8247978.10000000,1775426399999,60827.41946500,946
1775426400000,0.00747000,0.00751000,0.00736000,0.00746000,12309640.30000000,1775429999999,91720.35357600,1831
1775430000000,0.00745000,0.00761000,0.00744000,0.00750000,6392635.90000000,1775433599999,48039.66985500,1072
1775433600000,0.00750000,0.00757000,0.00725000,0.00726000,8509199.90000000,1775437199999,63220.69793700,936
1775437200000,0.00729000,0.00731000,0.00717000,0.00717000,8370924.80000000,1775440799999,60519.98931200,811
1775440800000,0.00716000,0.00719000,0.00702000,0.00714000,24565187.50000000,1775444399999,174199.92536100,1924
1775444400000,0.00713000,0.00725000,0.00713000,0.00721000,6248849.00000000,1775447999999,44926.99920600,607
1775448000000,0.00721000,0.00732000,0.00718000,0.00719000,12840822.30000000,1775451599999,92977.63426300,1074
1775451600000,0.00719000,0.00724000,0.00708000,0.00723000,11181311.80000000,1775455199999,79840.54151700,917
1775455200000,0.00723000,0.00746000,0.00721000,0.00743000,19113252.40000000,1775458799999,139845.94380700,1952
1775458800000,0.00743000,0.00747000,0.00729000,0.00730000,9693354.00000000,1775462399999,71552.44843500,1059
1775462400000,0.00730000,0.00731000,0.00713000,0.00717000,8644535.20000000,1775465999999,62212.27279800,1036
1775466000000,0.00718000,0.00734000,0.00714000,0.00730000,7635811.30000000,1775469599999,55256.78989200,718
1775469600000,0.00731000,0.00731000,0.00717000,0.00719000,7701537.10000000,1775473199999,55649.52958800,615
1775473200000,0.00718000,0.00723000,0.00709000,0.00711000,5562387.70000000,1775476799999,39819.80654000,610
1775476800000,0.00711000,0.00718000,0.00706000,0.00715000,10149976.10000000,1775480399999,72353.18851900,806
1775480400000,0.00715000,0.00715000,0.00698000,0.00706000,12942169.30000000,1775483999999,91340.37149200,1225
1775484000000,0.00706000,0.00716000,0.00702000,0.00704000,12169532.40000000,1775487599999,86253.91155400,984
1775487600000,0.00705000,0.00731000,0.00705000,0.00722000,22671601.60000000,1775491199999,163683.36919900,2339
1775491200000,0.00722000,0.00724000,0.00705000,0.00713000,11440262.60000000,1775494799999,81496.16048600,923
1775494800000,0.00713000,0.00724000,0.00712000,0.00722000,7270723.30000000,1775498399999,52222.41985900,649
1775498400000,0.00722000,0.00737000,0.00719000,0.00725000,14157744.50000000,1775501999999,102944.99395600,1146
1775502000000,0.00725000,0.00731000,0.00720000,0.00722000,8338810.80000000,1775505599999,60552.05834400,754
1775505600000,0.00722000,0.00723000,0.00718000,0.00721000,3238280.80000000,1775509199999,23323.57733000,325
1775509200000,0.00721000,0.00721000,0.00713000,0.00717000,4456140.10000000,1775512799999,31918.33405100,301
1775512800000,0.00716000,0.00716000,0.00697000,0.00699000,10736668.90000000,1775516399999,75902.80097000,736
1775516400000,0.00698000,0.00698000,0.00684000,0.00694000,13430291.30000000,1775519999999,92736.19181400,1501
1775520000000,0.00693000,0.00698000,0.00688000,0.00690000,11551374.20000000,1775523599999,80033.78439400,1052
1775523600000,0.00689000,0.00694000,0.00683000,0.00687000,9361979.70000000,1775527199999,64378.20673900,600
1775527200000,0.00686000,0.00705000,0.00685000,0.00701000,10113895.40000000,1775530799999,70337.62428700,644
1775530800000,0.00701000,0.00717000,0.00701000,0.00703000,4254808.10000000,1775534399999,30030.97640900,391
1775534400000,0.00702000,0.00712000,0.00695000,0.00700000,10046430.40000000,1775537999999,70650.67882700,583
1775538000000,0.00699000,0.00702000,0.00693000,0.00697000,4292340.10000000,1775541599999,29930.24513000,454
1775541600000,0.00697000,0.00699000,0.00686000,0.00693000,8456521.90000000,1775545199999,58513.61962700,788
1775545200000,0.00693000,0.00701000,0.00691000,0.00698000,4233532.00000000,1775548799999,29469.59320400,569
1775548800000,0.00698000,0.00712000,0.00697000,0.00703000,9210621.30000000,1775552399999,65024.49341900,1043
1775552400000,0.00703000,0.00714000,0.00697000,0.00701000,7550227.00000000,1775555999999,53279.22748600,696
1775556000000,0.00702000,0.00705000,0.00695000,0.00697000,11817710.20000000,1775559599999,82817.38928100,942
1775559600000,0.00697000,0.00727000,0.00696000,0.00719000,37927910.50000000,1775563199999,270952.99255100,2470
1775563200000,0.00720000,0.00752000,0.00711000,0.00717000,44441480.50000000,1775566799999,324466.97303500,4085
1775566800000,0.00718000,0.00719000,0.00700000,0.00702000,13057801.60000000,1775570399999,92458.39661000,1523
1775570400000,0.00703000,0.00719000,0.00703000,0.00717000,7871665.50000000,1775573999999,55852.21238200,823
1775574000000,0.00717000,0.00740000,0.00708000,0.00709000,16571730.90000000,1775577599999,119895.66249300,1305
1775577600000,0.00708000,0.00708000,0.00697000,0.00704000,14566283.50000000,1775581199999,102444.40209000,900
1775581200000,0.00704000,0.00709000,0.00702000,0.00705000,7542643.70000000,1775584799999,53176.94136400,767
1775584800000,0.00706000,0.00707000,0.00701000,0.00701000,2916779.00000000,1775588399999,20536.34217200,339
1775588400000,0.00701000,0.00707000,0.00699000,0.00705000,5122348.90000000,1775591999999,35923.56947900,576
1775592000000,0.00705000,0.00707000,0.00697000,0.00700000,4875767.60000000,1775595599999,34245.12686400,556
1775595600000,0.00701000,0.00713000,0.00701000,0.00711000,2327918.40000000,1775599199999,16514.47634300,337
1775599200000,0.00711000,0.00724000,0.00708000,0.00723000,13897897.40000000,1775602799999,99438.53742400,1076
1775602800000,0.00724000,0.00732000,0.00719000,0.00726000,4831676.20000000,1775606399999,35113.19791800,626
1775606400000,0.00725000,0.00730000,0.00721000,0.00725000,5274700.40000000,1775609999999,38248.38789000,469
1775610000000,0.00726000,0.00745000,0.00725000,0.00741000,18652662.00000000,1775613599999,137673.48325500,1102
1775613600000,0.00741000,0.00743000,0.00719000,0.00730000,12769746.80000000,1775617199999,93276.58518200,1200
1775617200000,0.00731000,0.00734000,0.00729000,0.00731000,1629302.30000000,1775620799999,11910.77199000,338
1775620800000,0.00731000,0.00748000,0.00727000,0.00728000,12702169.10000000,1775624399999,93441.69338200,938
1775624400000,0.00729000,0.00730000,0.00720000,0.00722000,5416951.80000000,1775627999999,39205.87948700,648
1775628000000,0.00721000,0.00730000,0.00716000,0.00723000,9021398.10000000,1775631599999,65163.48617200,1103
1775631600000,0.00723000,0.00752000,0.00719000,0.00745000,22608739.50000000,1775635199999,167093.10773700,2891
1775635200000,0.00743000,0.00769000,0.00733000,0.00733000,34450240.10000000,1775638799999,258446.54663800,2560
1775638800000,0.00734000,0.00742000,0.00727000,0.00740000,10307520.50000000,1775642399999,75470.35643400,928
1775642400000,0.00739000,0.00748000,0.00732000,0.00744000,14090322.00000000,1775645999999,104223.46229000,1279
1775646000000,0.00744000,0.00744000,0.00728000,0.00729000,11255152.20000000,1775649599999,82761.70458600,1049
1775649600000,0.00730000,0.00739000,0.00723000,0.00736000,14747883.10000000,1775653199999,108002.44483500,1124
1775653200000,0.00736000,0.00737000,0.00725000,0.00731000,10097001.00000000,1775656799999,73891.73616500,1017
1775656800000,0.00732000,0.00750000,0.00721000,0.00730000,28124744.70000000,1775660399999,206404.18211500,2712
1775660400000,0.00729000,0.00735000,0.00718000,0.00725000,21028174.50000000,1775663999999,152486.51208500,2554
1775664000000,0.00725000,0.00728000,0.00718000,0.00721000,7056506.90000000,1775667599999,51040.05998700,1229
1775667600000,0.00723000,0.00725000,0.00716000,0.00721000,5640233.30000000,1775671199999,40600.12187400,1029
1775671200000,0.00720000,0.00724000,0.00712000,0.00714000,7035120.60000000,1775674799999,50447.18920700,1439
1775674800000,0.00715000,0.00716000,0.00706000,0.00714000,6384103.40000000,1775678399999,45431.35945300,929
1775678400000,0.00714000,0.00715000,0.00706000,0.00709000,5764495.10000000,1775681999999,40957.14999600,982
1775682000000,0.00709000,0.00715000,0.00707000,0.00715000,3872175.80000000,1775685599999,27555.07698700,851
1775685600000,0.00713000,0.00713000,0.00698000,0.00702000,5350276.30000000,1775689199999,37703.83970400,1022
1775689200000,0.00701000,0.00701000,0.00695000,0.00696000,5343985.60000000,1775692799999,37292.90795200,719
1775692800000,0.00696000,0.00697000,0.00690000,0.00696000,4173308.90000000,1775696399999,28973.38497200,673
1775696400000,0.00697000,0.00703000,0.00693000,0.00701000,4367383.80000000,1775699999999,30516.41957000,626
1775700000000,0.00702000,0.00712000,0.00699000,0.00708000,3675267.20000000,1775703599999,25961.27672600,574
1775703600000,0.00708000,0.00708000,0.00701000,0.00705000,3220151.60000000,1775707199999,22671.84330600,631
1775707200000,0.00704000,0.00707000,0.00695000,0.00696000,7066400.10000000,1775710799999,49467.90499000,962
1775710800000,0.00696000,0.00702000,0.00696000,0.00697000,5872578.90000000,1775714399999,41016.87008100,939
1775714400000,0.00697000,0.00698000,0.00691000,0.00696000,8490420.90000000,1775717999999,58988.60795300,1030
1775718000000,0.00696000,0.00698000,0.00684000,0.00692000,13350884.50000000,1775721599999,92177.80382600,1327
1775721600000,0.00692000,0.00701000,0.00691000,0.00696000,5022497.90000000,1775725199999,35038.30383500,1174
1775725200000,0.00696000,0.00700000,0.00695000,0.00696000,2506316.50000000,1775728799999,17470.80294900,497
1775728800000,0.00696000,0.00707000,0.00695000,0.00703000,7857931.20000000,1775732399999,55173.67465700,1158
1775732400000,0.00704000,0.00710000,0.00697000,0.00708000,9681447.00000000,1775735999999,68111.18799500,1427
1775736000000,0.00708000,0.00710000,0.00703000,0.00706000,6732833.40000000,1775739599999,47536.35017600,1175
1775739600000,0.00706000,0.00706000,0.00668000,0.00687000,59435949.50000000,1775743199999,406622.63353000,7285
1775743200000,0.00688000,0.00704000,0.00687000,0.00702000,17413942.00000000,1775746799999,121296.13864300,3062
1775746800000,0.00702000,0.00715000,0.00701000,0.00707000,22817957.20000000,1775750399999,161569.45078200,3538
1775750400000,0.00707000,0.00711000,0.00702000,0.00708000,5570908.20000000,1775753999999,39373.67978900,953
1775754000000,0.00708000,0.00708000,0.00702000,0.00703000,2567859.20000000,1775757599999,18102.85879400,606
1775757600000,0.00702000,0.00704000,0.00699000,0.00701000,2866455.70000000,1775761199999,20112.01903700,738
1775761200000,0.00700000,0.00704000,0.00698000,0.00699000,4464155.80000000,1775764799999,31307.21199200,856
1775764800000,0.00699000,0.00703000,0.00696000,0.00696000,4687382.60000000,1775768399999,32804.28061800,925
1775768400000,0.00696000,0.00696000,0.00690000,0.00695000,3126763.60000000,1775771999999,21701.19669000,761
1775772000000,0.00694000,0.00699000,0.00692000,0.00694000,2788728.20000000,1775775599999,19410.86568000,710
1775775600000,0.00694000,0.00698000,0.00683000,0.00684000,9815049.70000000,1775779199999,67622.89206600,1210
1775779200000,0.00685000,0.00689000,0.00680000,0.00687000,4881258.20000000,1775782799999,33427.60402300,1065
1775782800000,0.00688000,0.00692000,0.00685000,0.00688000,3789333.90000000,1775786399999,26106.50066200,526
1775786400000,0.00689000,0.00691000,0.00686000,0.00687000,1308371.90000000,1775789999999,9012.13872600,315
1775790000000,0.00687000,0.00693000,0.00687000,0.00691000,2032700.00000000,1775793599999,14030.87793300,515
1775793600000,0.00691000,0.00698000,0.00691000,0.00696000,2581659.70000000,1775797199999,17923.79134500,603
1775797200000,0.00696000,0.00696000,0.00688000,0.00690000,3345667.90000000,1775800799999,23097.48151900,545
1775800800000,0.00690000,0.00715000,0.00690000,0.00702000,20999866.40000000,1775804399999,148177.77516000,3178
1775804400000,0.00703000,0.00704000,0.00698000,0.00699000,7080726.80000000,1775807999999,49609.14525800,1505
1775808000000,0.00701000,0.00706000,0.00699000,0.00702000,5380858.80000000,1775811599999,37781.72336500,898
1775811600000,0.00702000,0.00706000,0.00701000,0.00701000,3987389.40000000,1775815199999,28046.46433200,705
1775815200000,0.00701000,0.00701000,0.00688000,0.00688000,7982733.90000000,1775818799999,55335.65407000,979
1775818800000,0.00687000,0.00694000,0.00686000,0.00688000,8954498.30000000,1775822399999,61839.05886800,1114
1775822400000,0.00688000,0.00763000,0.00688000,0.00743000,80115062.30000000,1775825999999,585280.12397100,13226
1775826000000,0.00741000,0.00785000,0.00732000,0.00743000,106849057.80000000,1775829599999,808451.10788800,12116
1775829600000,0.00743000,0.00768000,0.00729000,0.00735000,70021525.50000000,1775833199999,523585.19650700,8296
1775833200000,0.00736000,0.00751000,0.00725000,0.00739000,26287926.70000000,1775836799999,193798.27288700,4397
1775836800000,0.00739000,0.00751000,0.00733000,0.00739000,22203478.10000000,1775840399999,164738.47789100,3518
1775840400000,0.00739000,0.00744000,0.00735000,0.00738000,8815879.30000000,1775843999999,65172.99071600,1599
1775844000000,0.00738000,0.00743000,0.00726000,0.00733000,15716966.40000000,1775847599999,115128.22729200,2763
1775847600000,0.00734000,0.00735000,0.00725000,0.00728000,13557601.50000000,1775851199999,98761.65524800,2274
1775851200000,0.00728000,0.00733000,0.00726000,0.00733000,6474163.70000000,1775854799999,47150.98842600,1703
1775854800000,0.00732000,0.00740000,0.00729000,0.00738000,4803588.30000000,1775858399999,35301.34485700,1069
1775858400000,0.00737000,0.00744000,0.00733000,0.00741000,10069081.10000000,1775861999999,74398.39974800,1802
1775862000000,0.00742000,0.00749000,0.00737000,0.00745000,9983957.20000000,1775865599999,74213.57235900,1964
1775865600000,0.00744000,0.00760000,0.00741000,0.00759000,15382036.40000000,1775869199999,115752.46609100,2194
1775869200000,0.00759000,0.00770000,0.00735000,0.00756000,33190705.50000000,1775872799999,249320.45258600,4432
1775872800000,0.00756000,0.00776000,0.00752000,0.00764000,28632082.50000000,1775876399999,218407.57785900,4765
1775876400000,0.00765000,0.00769000,0.00752000,0.00760000,16235627.60000000,1775879999999,123225.97632200,2309
1775880000000,0.00759000,0.00784000,0.00759000,0.00777000,26848249.30000000,1775883599999,207084.83321200,4089
1775883600000,0.00777000,0.00812000,0.00770000,0.00777000,58937648.00000000,1775887199999,463403.21352800,7830
1775887200000,0.00777000,0.00777000,0.00743000,0.00750000,48682827.40000000,1775890799999,368801.31302000,5255
1775890800000,0.00749000,0.00756000,0.00729000,0.00748000,26177431.10000000,1775894399999,194561.55274500,3499
1775894400000,0.00748000,0.00752000,0.00738000,0.00740000,8129456.00000000,1775897999999,60518.14653300,1573
1775898000000,0.00739000,0.00753000,0.00739000,0.00747000,7900882.30000000,1775901599999,58865.56330900,1589
1775901600000,0.00746000,0.00757000,0.00739000,0.00756000,17435087.60000000,1775905199999,130584.18664700,2768
1775905200000,0.00755000,0.00789000,0.00755000,0.00780000,52636446.50000000,1775908799999,406570.44422500,7472
1775908800000,0.00778000,0.00810000,0.00753000,0.00764000,90897290.30000000,1775912399999,711934.89059500,10568
1775912400000,0.00763000,0.00777000,0.00760000,0.00772000,20846140.70000000,1775915999999,160219.71610800,2391
1775916000000,0.00771000,0.00785000,0.00765000,0.00769000,15662922.30000000,1775919599999,121222.07884000,3404
1775919600000,0.00769000,0.00770000,0.00754000,0.00759000,16650281.00000000,1775923199999,126758.59197000,3149
1775923200000,0.00759000,0.00775000,0.00759000,0.00769000,19596305.70000000,1775926799999,150460.28341000,3787
1775926800000,0.00770000,0.00775000,0.00766000,0.00771000,9818820.60000000,1775930399999,75647.06704400,1620
1775930400000,0.00773000,0.00784000,0.00760000,0.00767000,21647278.50000000,1775933999999,166884.18382200,2744
1775934000000,0.00767000,0.00782000,0.00762000,0.00781000,11795494.00000000,1775937599999,91198.73277500,1676
1775937600000,0.00781000,0.00785000,0.00776000,0.00781000,6937445.30000000,1775941199999,54121.16478800,1373
1775941200000,0.00781000,0.00783000,0.00773000,0.00781000,8385230.00000000,1775944799999,65251.59742100,1493
1775944800000,0.00782000,0.00782000,0.00774000,0.00778000,4196630.10000000,1775948399999,32611.15575600,810
1775948400000,0.00778000,0.00791000,0.00773000,0.00791000,16968272.10000000,1775951999999,133293.29816600,1582
1775952000000,0.00790000,0.00813000,0.00789000,0.00806000,17686388.00000000,1775955599999,142010.16292600,3831
1775955600000,0.00806000,0.00808000,0.00768000,0.00771000,14239001.40000000,1775959199999,111839.49563500,2309
1775959200000,0.00772000,0.00793000,0.00759000,0.00787000,18049052.70000000,1775962799999,139985.89027500,2151
1775962800000,0.00788000,0.00791000,0.00765000,0.00771000,9132640.70000000,1775966399999,70807.36670000,1278
1775966400000,0.00772000,0.00774000,0.00757000,0.00763000,7119521.80000000,1775969999999,54288.99795500,1143
1775970000000,0.00763000,0.00768000,0.00759000,0.00763000,3979017.10000000,1775973599999,30406.37460900,1129
1775973600000,0.00762000,0.00763000,0.00737000,0.00744000,12621099.00000000,1775977199999,94740.02160200,1720
1775977200000,0.00745000,0.00746000,0.00737000,0.00740000,6440560.90000000,1775980799999,47744.13236700,1212
1775980800000,0.00740000,0.00750000,0.00740000,0.00747000,7037772.70000000,1775984399999,52410.39331300,1213
1775984400000,0.00747000,0.00751000,0.00738000,0.00740000,6253432.10000000,1775987999999,46552.89918700,1201
1775988000000,0.00740000,0.00748000,0.00739000,0.00745000,5612931.30000000,1775991599999,41698.75767400,1038
1775991600000,0.00746000,0.00748000,0.00739000,0.00744000,6338918.60000000,1775995199999,47116.93286800,1300
1775995200000,0.00745000,0.00761000,0.00745000,0.00749000,16032427.70000000,1775998799999,120784.33771000,2476
1775998800000,0.00747000,0.00747000,0.00734000,0.00736000,12847387.40000000,1776002399999,95192.44420800,2054
1776002400000,0.00736000,0.00752000,0.00735000,0.00738000,12279133.70000000,1776005999999,91224.89756600,1299
1776006000000,0.00738000,0.00738000,0.00726000,0.00733000,7348375.30000000,1776009599999,53764.64413500,1280
1776009600000,0.00732000,0.00732000,0.00720000,0.00721000,12062198.90000000,1776013199999,87729.47210700,1311
1776013200000,0.00721000,0.00732000,0.00721000,0.00731000,3505472.30000000,1776016799999,25450.36733700,639
1776016800000,0.00731000,0.00731000,0.00724000,0.00726000,5756439.90000000,1776020399999,41873.81976200,1190
1776020400000,0.00725000,0.00727000,0.00723000,0.00726000,3146970.70000000,1776023999999,22816.98768500,416
1776024000000,0.00725000,0.00733000,0.00725000,0.00728000,6088406.00000000,1776027599999,44413.27466400,805
1776027600000,0.00729000,0.00731000,0.00723000,0.00729000,6549211.80000000,1776031199999,47688.36567800,908
1776031200000,0.00728000,0.00730000,0.00719000,0.00720000,14867741.50000000,1776034799999,107399.60145600,1543
1776034800000,0.00720000,0.00722000,0.00710000,0.00712000,7782321.30000000,1776038399999,55667.09815100,1341
1776038400000,0.00711000,0.00716000,0.00707000,0.00711000,8533019.40000000,1776041999999,60697.00428000,1554
1776042000000,0.00711000,0.00718000,0.00708000,0.00717000,7183203.70000000,1776045599999,51122.59955000,1488
1776045600000,0.00717000,0.00720000,0.00708000,0.00711000,4558539.70000000,1776049199999,32523.71409300,1039
1776049200000,0.00711000,0.00719000,0.00711000,0.00714000,7950914.90000000,1776052799999,56751.07682100,1158
1776052800000,0.00713000,0.00718000,0.00710000,0.00713000,5148647.00000000,1776056399999,36762.33599200,1362
1776056400000,0.00713000,0.00713000,0.00706000,0.00710000,4575052.10000000,1776059999999,32408.78701600,1023
1776060000000,0.00710000,0.00716000,0.00710000,0.00712000,5400815.10000000,1776063599999,38485.48004400,944
1776063600000,0.00711000,0.00711000,0.00694000,0.00696000,9440563.20000000,1776067199999,66197.80621900,1699
1776067200000,0.00695000,0.00702000,0.00686000,0.00700000,9018024.60000000,1776070799999,62438.42419100,1876
1776070800000,0.00700000,0.00707000,0.00698000,0.00703000,4488346.80000000,1776074399999,31534.73266200,1142
1776074400000,0.00704000,0.00705000,0.00692000,0.00693000,7687401.00000000,1776077999999,53667.73795200,1553
1776078000000,0.00693000,0.00699000,0.00691000,0.00698000,6016409.70000000,1776081599999,41796.17383900,1232
1776081600000,0.00697000,0.00702000,0.00692000,0.00697000,8391779.20000000,1776085199999,58522.29483800,1307
1776085200000,0.00696000,0.00705000,0.00682000,0.00688000,32679452.30000000,1776088799999,226209.91065500,5784
1776088800000,0.00687000,0.00694000,0.00681000,0.00694000,10668032.50000000,1776092399999,73338.58080600,2179
1776092400000,0.00693000,0.00694000,0.00683000,0.00689000,10178329.40000000,1776095999999,70183.45729200,1506
1776096000000,0.00689000,0.00692000,0.00685000,0.00690000,5954604.80000000,1776099599999,40956.27036900,1025
1776099600000,0.00689000,0.00699000,0.00689000,0.00692000,8577603.40000000,1776103199999,59504.97538100,1513
1776103200000,0.00692000,0.00698000,0.00692000,0.00698000,1849165.70000000,1776106799999,12837.50477600,485
1776106800000,0.00698000,0.00700000,0.00692000,0.00697000,8051838.70000000,1776110399999,56050.61259200,1712
1776110400000,0.00697000,0.00703000,0.00695000,0.00700000,4737154.40000000,1776113999999,33121.29850800,1015
1776114000000,0.00700000,0.00707000,0.00695000,0.00704000,6396868.50000000,1776117599999,44746.59094700,1491
1776117600000,0.00705000,0.00722000,0.00705000,0.00719000,15089212.30000000,1776121199999,107954.35605300,3106
1776121200000,0.00718000,0.00722000,0.00715000,0.00718000,5153025.90000000,1776124799999,37039.28256900,943
1776124800000,0.00718000,0.00723000,0.00715000,0.00720000,2865434.30000000,1776128399999,20590.89025500,709
1776128400000,0.00720000,0.00744000,0.00720000,0.00726000,24276644.40000000,1776131999999,177381.70644700,5362
1776132000000,0.00725000,0.00732000,0.00721000,0.00731000,4499095.60000000,1776135599999,32718.82190200,863
1776135600000,0.00732000,0.00732000,0.00721000,0.00722000,5011031.80000000,1776139199999,36388.16415200,1104
1776139200000,0.00721000,0.00722000,0.00715000,0.00715000,5923560.70000000,1776142799999,42560.02770300,1488
1776142800000,0.00715000,0.00717000,0.00709000,0.00711000,4920463.00000000,1776146399999,35050.73845600,903
1776146400000,0.00712000,0.00718000,0.00710000,0.00711000,6099743.70000000,1776149999999,43596.49769100,1051
1776150000000,0.00711000,0.00711000,0.00700000,0.00704000,9529501.00000000,1776153599999,67301.76353000,1620
1776153600000,0.00704000,0.00714000,0.00697000,0.00700000,16619890.30000000,1776157199999,117021.89645800,1643
1776157200000,0.00699000,0.00703000,0.00695000,0.00702000,7273154.20000000,1776160799999,50777.80966700,1212
1776160800000,0.00703000,0.00703000,0.00689000,0.00691000,6186754.60000000,1776164399999,42979.16111400,789
1776164400000,0.00691000,0.00718000,0.00689000,0.00710000,19555974.80000000,1776167999999,138494.79658400,3454
1776168000000,0.00710000,0.00720000,0.00696000,0.00703000,15709442.90000000,1776171599999,110828.91593100,3151
1776171600000,0.00703000,0.00710000,0.00702000,0.00707000,6079852.70000000,1776175199999,42934.14184500,1367
1776175200000,0.00707000,0.00713000,0.00705000,0.00712000,6810082.70000000,1776178799999,48268.95827200,1433
1776178800000,0.00711000,0.00730000,0.00710000,0.00720000,32098579.60000000,1776182399999,231727.67077300,5902
1776182400000,0.00721000,0.00966000,0.00713000,0.00948000,402751436.60000000,1776185999999,3485065.82406500,82849
1776186000000,0.00949000,0.00986000,0.00780000,0.00800000,390736672.00000000,1776189599999,3457753.15081100,72127
1776189600000,0.00800000,0.00836000,0.00774000,0.00782000,98595553.60000000,1776193199999,786176.86469700,13450
1776193200000,0.00781000,0.00792000,0.00776000,0.00779000,23797833.30000000,1776196799999,186486.41123900,3836
1776196800000,0.00780000,0.00784000,0.00763000,0.00779000,18751258.00000000,1776200399999,144770.84543300,3187
1776200400000,0.00779000,0.00835000,0.00779000,0.00798000,70109292.40000000,1776203999999,566761.82120400,12879
1776204000000,0.00797000,0.00813000,0.00788000,0.00793000,29748566.90000000,1776207599999,238472.77441000,5579
1776207600000,0.00793000,0.00811000,0.00791000,0.00807000,15793609.50000000,1776211199999,126505.09814400,3182
1776211200000,0.00806000,0.00815000,0.00791000,0.00802000,25147331.80000000,1776214799999,201912.43920000,4895
1776214800000,0.00803000,0.00808000,0.00792000,0.00806000,17374496.40000000,1776218399999,139435.00181500,2475
1776218400000,0.00806000,0.00808000,0.00773000,0.00784000,22420720.60000000,1776221999999,176394.57775100,4177
1776222000000,0.00783000,0.00794000,0.00777000,0.00786000,15933241.20000000,1776225599999,125041.73444700,2607
1776225600000,0.00786000,0.00788000,0.00773000,0.00774000,18210675.80000000,1776229199999,141817.75500100,3573
1776229200000,0.00774000,0.00779000,0.00761000,0.00762000,21760978.90000000,1776232799999,166996.25795900,3579
1776232800000,0.00762000,0.00767000,0.00756000,0.00760000,15040340.10000000,1776236399999,114535.31323000,3437
1776236400000,0.00761000,0.00769000,0.00757000,0.00759000,13074579.70000000,1776239999999,99669.59945800,2275
1776240000000,0.00760000,0.00775000,0.00755000,0.00759000,19979745.70000000,1776243599999,153112.21247600,3557
1776243600000,0.00759000,0.00759000,0.00747000,0.00755000,11555936.90000000,1776247199999,86951.89684300,2320
1776247200000,0.00755000,0.00763000,0.00752000,0.00757000,7936095.30000000,1776250799999,60036.88310900,1752
1776250800000,0.00757000,0.00771000,0.00754000,0.00764000,14959820.90000000,1776254399999,113986.26761600,2899
1776254400000,0.00764000,0.00795000,0.00761000,0.00785000,37225909.10000000,1776257999999,289966.95019700,7671
1776258000000,0.00785000,0.00792000,0.00771000,0.00781000,28890229.70000000,1776261599999,225267.51894000,5234
1776261600000,0.00780000,0.00803000,0.00774000,0.00780000,25799805.10000000,1776265199999,203000.79896700,4140
1776265200000,0.00780000,0.00796000,0.00756000,0.00763000,24697445.50000000,1776268799999,189802.37750000,4342
1776268800000,0.00763000,0.00777000,0.00761000,0.00770000,16675076.10000000,1776272399999,127903.16895200,3431
1776272400000,0.00769000,0.00776000,0.00764000,0.00764000,8765353.70000000,1776275999999,67571.64028500,2045
1776276000000,0.00764000,0.00765000,0.00758000,0.00760000,9291791.70000000,1776279599999,70677.67388700,1491
1776279600000,0.00760000,0.00767000,0.00757000,0.00765000,11459257.20000000,1776283199999,87361.18019000,1889
1776283200000,0.00764000,0.00765000,0.00759000,0.00762000,3527662.10000000,1776286799999,26881.84174700,1018
1776286800000,0.00762000,0.00763000,0.00746000,0.00750000,14119801.20000000,1776290399999,106555.00885900,2553
1776290400000,0.00750000,0.00761000,0.00748000,0.00759000,10089533.60000000,1776293999999,76059.38893000,2337
1776294000000,0.00758000,0.00758000,0.00749000,0.00752000,5503159.00000000,1776297599999,41390.72215000,919
1776297600000,0.00753000,0.00772000,0.00750000,0.00769000,9309315.60000000,1776301199999,71013.59845700,1966
1776301200000,0.00769000,0.00771000,0.00765000,0.00768000,6127420.10000000,1776304799999,47064.90492800,1363
1776304800000,0.00769000,0.00772000,0.00748000,0.00764000,26232270.30000000,1776308399999,198843.73827100,3402
1776308400000,0.00764000,0.00769000,0.00757000,0.00761000,10497600.40000000,1776311999999,79953.35671400,1925
1776312000000,0.00761000,0.00771000,0.00760000,0.00768000,9598569.40000000,1776315599999,73448.24275200,1503
1776315600000,0.00768000,0.00782000,0.00758000,0.00769000,28919797.00000000,1776319199999,222584.05998700,3837
1776319200000,0.00769000,0.00770000,0.00762000,0.00770000,13456368.30000000,1776322799999,103026.16862800,2732
1776322800000,0.00770000,0.00773000,0.00765000,0.00765000,10430580.90000000,1776326399999,80196.35518300,1757
1776326400000,0.00765000,0.00766000,0.00757000,0.00759000,10010532.90000000,1776329999999,76179.35002600,2033
1776330000000,0.00758000,0.00760000,0.00751000,0.00753000,6906597.80000000,1776333599999,52040.17422700,1421
1776333600000,0.00753000,0.00759000,0.00750000,0.00758000,7038071.30000000,1776337199999,53131.82337800,1210
1776337200000,0.00758000,0.00762000,0.00757000,0.00760000,3780269.70000000,1776340799999,28706.65847200,1002
1776340800000,0.00760000,0.00764000,0.00758000,0.00763000,5240669.70000000,1776344399999,39892.56843800,789
1776344400000,0.00762000,0.00773000,0.00756000,0.00761000,14570841.80000000,1776347999999,111458.90017400,2647
1776348000000,0.00761000,0.00761000,0.00750000,0.00752000,11396538.10000000,1776351599999,85884.64383700,2393
1776351600000,0.00751000,0.00793000,0.00751000,0.00771000,66126674.80000000,1776355199999,512218.85208000,13683
1776355200000,0.00771000,0.00793000,0.00762000,0.00768000,30130508.30000000,1776358799999,233889.08168500,4980
1776358800000,0.00768000,0.00773000,0.00762000,0.00772000,10319065.80000000,1776362399999,79133.34538700,1983
1776362400000,0.00771000,0.00781000,0.00771000,0.00779000,12568226.40000000,1776365999999,97547.42922900,1660
1776366000000,0.00779000,0.00783000,0.00776000,0.00782000,8480823.30000000,1776369599999,66062.43538500,1829
1776369600000,0.00783000,0.00789000,0.00780000,0.00785000,9138208.20000000,1776373199999,71707.50002100,1644
1776373200000,0.00785000,0.00787000,0.00779000,0.00783000,9544833.80000000,1776376799999,74729.14868700,1587
1776376800000,0.00783000,0.00783000,0.00776000,0.00781000,6401322.80000000,1776380399999,49901.07728100,1166
1776380400000,0.00781000,0.00782000,0.00777000,0.00781000,4923755.80000000,1776383999999,38391.37798500,1018
1776384000000,0.00781000,0.00783000,0.00775000,0.00777000,3763453.70000000,1776387599999,29321.46903000,822
1776387600000,0.00777000,0.00789000,0.00773000,0.00787000,11121331.70000000,1776391199999,86555.66215900,1729
1776391200000,0.00786000,0.00797000,0.00781000,0.00794000,10241068.80000000,1776394799999,80960.07300900,1951
1776394800000,0.00795000,0.00812000,0.00795000,0.00803000,17868511.40000000,1776398399999,143550.87806300,3942
1776398400000,0.00803000,0.00816000,0.00800000,0.00806000,19201291.10000000,1776401999999,155233.05344900,3395
1776402000000,0.00806000,0.00812000,0.00797000,0.00805000,15356378.60000000,1776405599999,123302.27123300,2987
1776405600000,0.00805000,0.00826000,0.00800000,0.00822000,18717292.10000000,1776409199999,153240.77362900,3550
1776409200000,0.00823000,0.00865000,0.00816000,0.00824000,63323700.10000000,1776412799999,531563.68900700,10019
1776412800000,0.00824000,0.00830000,0.00794000,0.00800000,39878579.70000000,1776416399999,323463.83847400,6881
1776416400000,0.00800000,0.00819000,0.00797000,0.00808000,16598091.40000000,1776419999999,134289.04493700,3709
1776420000000,0.00808000,0.00811000,0.00797000,0.00802000,12592064.70000000,1776423599999,101098.57793600,2488
1776423600000,0.00802000,0.00818000,0.00801000,0.00818000,8711941.40000000,1776427199999,70570.51606200,2048
1776427200000,0.00818000,0.00829000,0.00814000,0.00814000,18826295.70000000,1776430799999,154616.35830600,4008
1776430800000,0.00814000,0.00821000,0.00807000,0.00815000,20472383.90000000,1776434399999,166898.04987600,3853
1776434400000,0.00815000,0.00823000,0.00815000,0.00820000,8176308.20000000,1776437999999,66982.76001400,1845
1776438000000,0.00819000,0.00824000,0.00810000,0.00817000,22686104.80000000,1776441599999,184973.54944700,3321
1776441600000,0.00816000,0.00820000,0.00806000,0.00807000,11705180.60000000,1776445199999,94911.25462100,2299
1776445200000,0.00807000,0.00810000,0.00797000,0.00799000,5939362.80000000,1776448799999,47743.65988900,1354
1776448800000,0.00798000,0.00799000,0.00788000,0.00794000,19732252.80000000,1776452399999,156453.43672900,3200
1776452400000,0.00793000,0.00799000,0.00791000,0.00799000,4142752.60000000,1776455999999,32933.74807100,896
1776456000000,0.00798000,0.00801000,0.00792000,0.00795000,3440562.30000000,1776459599999,27371.19257300,823
1776459600000,0.00796000,0.00803000,0.00792000,0.00803000,11639321.40000000,1776463199999,92878.00447800,2296
1776463200000,0.00803000,0.00809000,0.00802000,0.00802000,4315282.40000000,1776466799999,34772.33487600,757
1776466800000,0.00802000,0.00804000,0.00798000,0.00803000,4643173.10000000,1776470399999,37209.56118700,837
1776470400000,0.00803000,0.00822000,0.00803000,0.00820000,8480857.60000000,1776473999999,68933.30914500,1889
1776474000000,0.00820000,0.00827000,0.00814000,0.00817000,10667759.00000000,1776477599999,87481.16641700,2289
1776477600000,0.00818000,0.00833000,0.00814000,0.00826000,5654233.30000000,1776481199999,46585.78252100,1510
1776481200000,0.00826000,0.00841000,0.00826000,0.00839000,9330262.90000000,1776484799999,77999.29283400,2612
1776484800000,0.00838000,0.00847000,0.00828000,0.00840000,13760361.90000000,1776488399999,115491.48952500,3044
1776488400000,0.00840000,0.00852000,0.00826000,0.00840000,22757775.10000000,1776491999999,191213.48840100,5160
1776492000000,0.00840000,0.00854000,0.00833000,0.00847000,23841949.40000000,1776495599999,201467.91105800,4998
1776495600000,0.00847000,0.00861000,0.00840000,0.00854000,18388541.60000000,1776499199999,156054.33976200,2773
1776499200000,0.00854000,0.00857000,0.00818000,0.00831000,29295614.70000000,1776502799999,243730.96943800,6006
1776502800000,0.00830000,0.00838000,0.00824000,0.00832000,11416357.50000000,1776506399999,94909.84070700,2440
1776506400000,0.00831000,0.00843000,0.00824000,0.00834000,11149822.90000000,1776509999999,92960.01603700,2602
1776510000000,0.00835000,0.00838000,0.00809000,0.00817000,13096483.30000000,1776513599999,107473.74653400,2255
1776513600000,0.00817000,0.00821000,0.00785000,0.00794000,21679871.10000000,1776517199999,173462.50349200,3887
1776517200000,0.00793000,0.00810000,0.00791000,0.00802000,9661691.20000000,1776520799999,77392.85305300,1772
1776520800000,0.00803000,0.00811000,0.00800000,0.00808000,7519863.60000000,1776524399999,60618.98924800,1290
1776524400000,0.00809000,0.00810000,0.00799000,0.00803000,7926227.50000000,1776527999999,63735.68759100,1164
1776528000000,0.00802000,0.00802000,0.00786000,0.00790000,6113236.70000000,1776531599999,48631.73151800,1405
1776531600000,0.00791000,0.00792000,0.00778000,0.00779000,7879586.50000000,1776535199999,61828.05860800,1263
1776535200000,0.00778000,0.00779000,0.00749000,0.00757000,21792288.30000000,1776538799999,165572.30541300,3679
1776538800000,0.00758000,0.00763000,0.00750000,0.00754000,8198391.00000000,1776542399999,61942.38826000,1362
1776542400000,0.00753000,0.00758000,0.00747000,0.00752000,4152193.50000000,1776545999999,31189.36071200,476
1776546000000,0.00752000,0.00757000,0.00750000,0.00753000,4845720.60000000,1776549599999,36506.00360800,614
1776549600000,0.00754000,0.00763000,0.00749000,0.00761000,6213315.60000000,1776553199999,46963.11114600,913
1776553200000,0.00761000,0.00764000,0.00753000,0.00753000,6530688.80000000,1776556799999,49568.47924600,928
1776556800000,0.00753000,0.00754000,0.00736000,0.00747000,9689653.80000000,1776560399999,72293.48438400,1510
1776560400000,0.00748000,0.00753000,0.00746000,0.00750000,2949722.20000000,1776563999999,22122.50529900,571
1776564000000,0.00750000,0.00753000,0.00734000,0.00740000,5374322.80000000,1776567599999,39836.16183800,789
1776567600000,0.00740000,0.00745000,0.00735000,0.00741000,2446083.40000000,1776571199999,18108.29982500,487
1776571200000,0.00741000,0.00741000,0.00734000,0.00739000,3171914.00000000,1776574799999,23413.26705300,454
1776574800000,0.00739000,0.00742000,0.00734000,0.00735000,3194730.60000000,1776578399999,23585.29245600,372
1776578400000,0.00735000,0.00739000,0.00730000,0.00739000,1950794.80000000,1776581999999,14338.61168800,260
1776582000000,0.00740000,0.00744000,0.00732000,0.00738000,3344321.20000000,1776585599999,24656.10705500,329
1776585600000,0.00738000,0.00747000,0.00736000,0.00741000,5384907.40000000,1776589199999,39886.55470800,477
1776589200000,0.00741000,0.00743000,0.00732000,0.00734000,2842599.90000000,1776592799999,20940.68811000,432
1776592800000,0.00733000,0.00738000,0.00727000,0.00734000,5146386.20000000,1776596399999,37637.59370200,629
1776596400000,0.00734000,0.00749000,0.00734000,0.00744000,4412373.00000000,1776599999999,32812.42988600,599
1776600000000,0.00744000,0.00750000,0.00742000,0.00747000,8654618.40000000,1776603599999,64529.62988200,1218
1776603600000,0.00746000,0.00757000,0.00746000,0.00749000,4833298.70000000,1776607199999,36345.89003800,751
1776607200000,0.00750000,0.00751000,0.00745000,0.00750000,1849736.10000000,1776610799999,13826.19793300,395
1776610800000,0.00750000,0.00751000,0.00733000,0.00739000,6996591.50000000,1776614399999,51786.31328000,1117
1776614400000,0.00740000,0.00740000,0.00730000,0.00730000,5257417.00000000,1776617999999,38584.49904500,668
1776618000000,0.00730000,0.00741000,0.00726000,0.00731000,5649609.50000000,1776621599999,41456.84208700,877
1776621600000,0.00732000,0.00758000,0.00729000,0.00750000,18955514.90000000,1776625199999,140698.14360700,2059
1776625200000,0.00751000,0.00762000,0.00740000,0.00741000,9300461.40000000,1776628799999,69778.47918300,1388
1776628800000,0.00741000,0.00742000,0.00733000,0.00735000,4480811.80000000,1776632399999,33034.17552500,799
1776632400000,0.00734000,0.00736000,0.00731000,0.00733000,2348411.80000000,1776635999999,17243.95914500,434
1776636000000,0.00732000,0.00744000,0.00724000,0.00743000,10339344.80000000,1776639599999,76110.13910700,888
1776639600000,0.00742000,0.00742000,0.00735000,0.00736000,3762262.60000000,1776643199999,27782.32669900,627
1776643200000,0.00735000,0.00741000,0.00731000,0.00741000,8494928.20000000,1776646799999,62394.18759800,647
1776646800000,0.00742000,0.00755000,0.00742000,0.00755000,1913163.50000000,1776650399999,14338.72110900,327
1776650400000,0.00756000,0.00763000,0.00749000,0.00763000,4784364.50000000,1776653999999,36133.66341000,840
1776654000000,0.00763000,0.00766000,0.00749000,0.00754000,3943409.00000000,1776657599999,29929.49870600,447
1776657600000,0.00755000,0.00757000,0.00739000,0.00752000,10824315.20000000,1776661199999,81076.54707300,1258
1776661200000,0.00753000,0.00753000,0.00744000,0.00750000,7278117.50000000,1776664799999,54456.65417400,699
1776664800000,0.00751000,0.00764000,0.00751000,0.00753000,11533590.70000000,1776668399999,87469.05266800,1528
1776668400000,0.00752000,0.00753000,0.00743000,0.00747000,5381706.00000000,1776671999999,40246.17125800,790
1776672000000,0.00747000,0.00753000,0.00744000,0.00752000,5044572.90000000,1776675599999,37815.52225600,772
1776675600000,0.00753000,0.00765000,0.00751000,0.00761000,8686817.20000000,1776679199999,65875.92495800,1781
1776679200000,0.00760000,0.00765000,0.00757000,0.00759000,3653518.00000000,1776682799999,27792.66137000,842
1776682800000,0.00759000,0.00767000,0.00753000,0.00766000,5583740.90000000,1776686399999,42499.56499500,1150
1776686400000,0.00766000,0.00772000,0.00761000,0.00766000,8863237.80000000,1776689999999,67946.06979100,1809
1776690000000,0.00765000,0.00776000,0.00753000,0.00776000,14586498.90000000,1776693599999,111777.05712200,2448
1776693600000,0.00776000,0.00779000,0.00757000,0.00761000,13461113.70000000,1776697199999,102741.17300800,2337
1776697200000,0.00761000,0.00768000,0.00755000,0.00764000,8384707.50000000,1776700799999,63798.97988700,1307
1776700800000,0.00764000,0.00766000,0.00756000,0.00759000,4308520.30000000,1776704399999,32763.88787500,608
1776704400000,0.00758000,0.00766000,0.00758000,0.00764000,3409036.70000000,1776707999999,25995.94988300,746
1776708000000,0.00764000,0.00771000,0.00762000,0.00763000,4252440.50000000,1776711599999,32614.89654300,858
1776711600000,0.00762000,0.00768000,0.00758000,0.00765000,2567270.80000000,1776715199999,19591.21837300,561
1776715200000,0.00764000,0.00764000,0.00761000,0.00764000,768462.00000000,1776718799999,5862.38357200,182
1776718800000,0.00764000,0.00764000,0.00760000,0.00762000,1980765.50000000,1776722399999,15095.40121000,430
1776722400000,0.00762000,0.00768000,0.00760000,0.00766000,1112484.90000000,1776725999999,8511.36255700,162
1776726000000,0.00765000,0.00765000,0.00757000,0.00757000,2080963.90000000,1776729599999,15840.88233900,350
1776729600000,0.00757000,0.00759000,0.00755000,0.00759000,2206668.80000000,1776733199999,16698.38382800,522
1776733200000,0.00759000,0.00761000,0.00740000,0.00744000,5509439.70000000,1776736799999,41300.53733800,1352
1776736800000,0.00744000,0.00745000,0.00728000,0.00740000,8269847.20000000,1776740399999,60793.75275500,1381
1776740400000,0.00739000,0.00740000,0.00734000,0.00737000,7188984.40000000,1776743999999,52931.16294900,897
1776744000000,0.00738000,0.00739000,0.00733000,0.00738000,3857503.40000000,1776747599999,28394.00783200,699
1776747600000,0.00738000,0.00743000,0.00735000,0.00740000,2028489.00000000,1776751199999,15001.12047500,436
1776751200000,0.00740000,0.00744000,0.00737000,0.00744000,2936171.20000000,1776754799999,21764.21586200,528
1776754800000,0.00743000,0.00746000,0.00741000,0.00743000,1457522.60000000,1776758399999,10846.97012800,472
1776758400000,0.00742000,0.00747000,0.00739000,0.00746000,2921108.50000000,1776761999999,21704.71547000,629
1776762000000,0.00746000,0.00748000,0.00738000,0.00740000,2997403.40000000,1776765599999,22246.11608200,612
1776765600000,0.00740000,0.00766000,0.00738000,0.00753000,34111784.90000000,1776769199999,257764.56830600,5692
1776769200000,0.00753000,0.00761000,0.00746000,0.00755000,5326630.60000000,1776772799999,40124.62581300,987
1776772800000,0.00754000,0.00757000,0.00747000,0.00753000,3152852.80000000,1776776399999,23726.17453900,532
1776776400000,0.00753000,0.00761000,0.00746000,0.00760000,5337174.50000000,1776779999999,40203.42955900,974
1776780000000,0.00760000,0.00761000,0.00749000,0.00749000,3228432.60000000,1776783599999,24430.57617700,767
1776783600000,0.00750000,0.00754000,0.00747000,0.00750000,3445422.00000000,1776787199999,25862.18297000,679
1776787200000,0.00750000,0.00750000,0.00740000,0.00745000,7105900.30000000,1776790799999,52934.14383800,1144
1776790800000,0.00745000,0.00747000,0.00736000,0.00741000,5235087.00000000,1776794399999,38731.45730600,739
1776794400000,0.00741000,0.00741000,0.00736000,0.00739000,2067321.70000000,1776797999999,15254.60500700,393
1776798000000,0.00739000,0.00740000,0.00731000,0.00732000,1371024.50000000,1776801599999,10067.23366000,318
1776801600000,0.00733000,0.00740000,0.00733000,0.00737000,1879597.80000000,1776805199999,13855.68525800,553
1776805200000,0.00736000,0.00756000,0.00735000,0.00752000,7415193.90000000,1776808799999,55459.62998300,983
1776808800000,0.00752000,0.00755000,0.00745000,0.00746000,2047649.20000000,1776812399999,15326.98982600,536
1776812400000,0.00746000,0.00755000,0.00746000,0.00755000,927702.50000000,1776815999999,6963.11734000,243
1776816000000,0.00754000,0.00763000,0.00752000,0.00759000,3677446.60000000,1776819599999,27842.35706800,755
1776819600000,0.00758000,0.00762000,0.00756000,0.00758000,1934457.30000000,1776823199999,14680.79582200,519
1776823200000,0.00759000,0.00766000,0.00756000,0.00763000,1971863.60000000,1776826799999,15004.08804600,483
1776826800000,0.00764000,0.00771000,0.00761000,0.00769000,3365653.50000000,1776830399999,25782.28174300,701
1776830400000,0.00770000,0.00773000,0.00765000,0.00770000,4440088.00000000,1776833999999,34145.05372300,765
1776834000000,0.00770000,0.00780000,0.00767000,0.00771000,18336779.50000000,1776837599999,141615.50083200,3413
1776837600000,0.00770000,0.00770000,0.00765000,0.00767000,5211498.70000000,1776841199999,39991.79727800,1140
1776841200000,0.00766000,0.00767000,0.00760000,0.00761000,2864842.20000000,1776844799999,21860.89851500,624
1776844800000,0.00761000,0.00763000,0.00756000,0.00763000,4739515.70000000,1776848399999,35986.47787600,1108
1776848400000,0.00763000,0.00765000,0.00761000,0.00765000,1825261.80000000,1776851999999,13928.31942900,476
1776852000000,0.00764000,0.00770000,0.00761000,0.00764000,5312375.60000000,1776855599999,40660.93295200,935
1776855600000,0.00764000,0.00764000,0.00758000,0.00764000,2766558.20000000,1776859199999,21064.04740000,637
1776859200000,0.00764000,0.00769000,0.00757000,0.00760000,5188223.00000000,1776862799999,39548.82476400,1139
1776862800000,0.00761000,0.00763000,0.00758000,0.00763000,2603546.30000000,1776866399999,19779.05475900,586
1776866400000,0.00762000,0.00772000,0.00759000,0.00769000,4028441.30000000,1776869999999,30820.73984700,752
1776870000000,0.00769000,0.00773000,0.00764000,0.00773000,6010963.30000000,1776873599999,46251.79624600,814
1776873600000,0.00774000,0.00810000,0.00773000,0.00797000,62922801.40000000,1776877199999,501883.47895800,11800
1776877200000,0.00798000,0.00801000,0.00791000,0.00794000,6153747.30000000,1776880799999,48875.47231400,1462
1776880800000,0.00794000,0.00804000,0.00790000,0.00794000,9713941.90000000,1776884399999,77367.81030200,1872
1776884400000,0.00794000,0.00799000,0.00787000,0.00797000,5190565.40000000,1776887999999,41212.93911900,1173
1776888000000,0.00797000,0.00797000,0.00790000,0.00793000,5566150.10000000,1776891599999,44174.93785800,1167
1776891600000,0.00792000,0.00793000,0.00778000,0.00783000,7697060.80000000,1776895199999,60515.45844400,1381
1776895200000,0.00783000,0.00783000,0.00776000,0.00776000,1864836.70000000,1776898799999,14526.99467000,367
1776898800000,0.00776000,0.00776000,0.00767000,0.00769000,4346293.90000000,1776902399999,33477.18712800,1067
1776902400000,0.00769000,0.00779000,0.00764000,0.00779000,4816966.30000000,1776905999999,37187.68815700,1094
1776906000000,0.00779000,0.00782000,0.00774000,0.00778000,3868935.40000000,1776909599999,30097.21594800,705
1776909600000,0.00778000,0.00796000,0.00778000,0.00789000,14771915.20000000,1776913199999,116556.86424700,2499
1776913200000,0.00789000,0.00812000,0.00788000,0.00804000,16380902.50000000,1776916799999,130800.71449300,2761
1776916800000,0.00805000,0.00826000,0.00792000,0.00794000,35917001.60000000,1776920399999,290602.75132400,5602
1776920400000,0.00795000,0.00797000,0.00776000,0.00788000,17024412.80000000,1776923999999,133473.66568500,2509
1776924000000,0.00787000,0.00813000,0.00783000,0.00810000,21699903.60000000,1776927599999,173720.24546500,2994
1776927600000,0.00810000,0.00830000,0.00801000,0.00827000,24161447.50000000,1776931199999,197548.67598300,2862
1776931200000,0.00828000,0.00832000,0.00814000,0.00825000,19852571.30000000,1776934799999,163672.41288500,2160
1776934800000,0.00825000,0.00847000,0.00820000,0.00843000,24332452.90000000,1776938399999,203257.65409600,2928
1776938400000,0.00842000,0.00853000,0.00820000,0.00821000,33933672.20000000,1776941999999,284140.58907900,4106
1776942000000,0.00821000,0.00874000,0.00819000,0.00872000,76291440.40000000,1776945599999,653112.68796500,11335
1776945600000,0.00872000,0.00885000,0.00842000,0.00863000,92464226.00000000,1776949199999,795824.59931300,10422
1776949200000,0.00862000,0.00870000,0.00810000,0.00820000,85540291.40000000,1776952799999,708239.18932800,8827
1776952800000,0.00820000,0.00832000,0.00813000,0.00828000,34631754.00000000,1776956399999,285475.28282900,2989
1776956400000,0.00827000,0.00833000,0.00808000,0.00817000,39309897.90000000,1776959999999,322288.49192900,4067
1776960000000,0.00817000,0.00838000,0.00816000,0.00835000,21989935.20000000,1776963599999,182793.95262300,1896
1776963600000,0.00836000,0.00841000,0.00826000,0.00834000,13293909.80000000,1776967199999,110714.08680700,1852
1776967200000,0.00834000,0.00834000,0.00819000,0.00825000,8854789.60000000,1776970799999,73117.76401200,1372
1776970800000,0.00824000,0.00824000,0.00801000,0.00806000,31118487.40000000,1776974399999,252203.29828500,3824
1776974400000,0.00805000,0.00813000,0.00802000,0.00809000,8717942.90000000,1776977999999,70335.19528100,1021
1776978000000,0.00809000,0.00813000,0.00804000,0.00804000,5844969.60000000,1776981599999,47211.92954300,785
1776981600000,0.00804000,0.00818000,0.00804000,0.00813000,4950361.60000000,1776985199999,40111.36199500,620
1776985200000,0.00814000,0.00814000,0.00803000,0.00809000,4857695.60000000,1776988799999,39179.11934800,764
1776988800000,0.00810000,0.00818000,0.00805000,0.00816000,9287657.10000000,1776992399999,75302.48411600,1378
1776992400000,0.00816000,0.00841000,0.00813000,0.00835000,23325730.70000000,1776995999999,193054.81232700,2070
1776996000000,0.00835000,0.00849000,0.00832000,0.00847000,12965901.70000000,1776999599999,109222.36084000,1629
1776999600000,0.00848000,0.00849000,0.00830000,0.00842000,22109628.40000000,1777003199999,185183.15794600,1419
1777003200000,0.00842000,0.00867000,0.00833000,0.00853000,24029908.20000000,1777006799999,204377.76664200,2232
1777006800000,0.00853000,0.00855000,0.00835000,0.00842000,9923812.90000000,1777010399999,83704.71065100,1110
1777010400000,0.00842000,0.00842000,0.00816000,0.00818000,17033219.00000000,1777013999999,141053.83051800,1555
1777014000000,0.00819000,0.00824000,0.00811000,0.00824000,6847617.90000000,1777017599999,55938.46388500,1079
1777017600000,0.00824000,0.00840000,0.00821000,0.00835000,10562216.70000000,1777021199999,87799.77231000,1750
1777021200000,0.00836000,0.00849000,0.00830000,0.00845000,12014649.50000000,1777024799999,101308.49845600,2063
1777024800000,0.00845000,0.00845000,0.00826000,0.00840000,10397381.00000000,1777028399999,86852.24422200,1808
1777028400000,0.00840000,0.00842000,0.00829000,0.00842000,7802163.10000000,1777031999999,65183.29589300,1493
1777032000000,0.00842000,0.00865000,0.00841000,0.00858000,13404597.90000000,1777035599999,114515.17140400,2354
1777035600000,0.00857000,0.00866000,0.00851000,0.00858000,23100020.80000000,1777039199999,198202.42569400,2986
1777039200000,0.00858000,0.00913000,0.00857000,0.00879000,74754012.90000000,1777042799999,663088.70899100,10365
1777042800000,0.00879000,0.00883000,0.00836000,0.00840000,27234591.20000000,1777046399999,233034.96996200,3707
1777046400000,0.00841000,0.00855000,0.00831000,0.00853000,19105844.30000000,1777049999999,160990.29496500,2512
1777050000000,0.00853000,0.00856000,0.00846000,0.00850000,5382273.60000000,1777053599999,45751.03646500,840
1777053600000,0.00851000,0.00855000,0.00839000,0.00842000,10012082.90000000,1777057199999,84705.17826100,1722
1777057200000,0.00843000,0.00851000,0.00835000,0.00846000,8300705.10000000,1777060799999,70069.50161100,1548
1777060800000,0.00845000,0.00856000,0.00845000,0.00851000,7317055.30000000,1777064399999,62281.38106900,1571
1777064400000,0.00850000,0.00852000,0.00837000,0.00839000,5926262.40000000,1777067999999,50048.04182100,952
1777068000000,0.00839000,0.00846000,0.00837000,0.00844000,5181490.00000000,1777071599999,43622.99648900,696
1777071600000,0.00844000,0.00851000,0.00839000,0.00845000,2875906.30000000,1777075199999,24291.64557600,583
1777075200000,0.00845000,0.00858000,0.00843000,0.00853000,2322795.20000000,1777078799999,19791.86501500,406
1777078800000,0.00852000,0.00864000,0.00851000,0.00860000,5416487.40000000,1777082399999,46541.41759400,943
1777082400000,0.00859000,0.00876000,0.00858000,0.00871000,6588596.10000000,1777085999999,57177.86653400,1204
1777086000000,0.00870000,0.00876000,0.00862000,0.00872000,5550166.50000000,1777089599999,48213.45541500,928
1777089600000,0.00872000,0.00880000,0.00863000,0.00866000,8545091.10000000,1777093199999,74442.09593100,984
1777093200000,0.00866000,0.00868000,0.00855000,0.00863000,3674984.70000000,1777096799999,31658.54875100,570
1777096800000,0.00863000,0.00879000,0.00857000,0.00874000,10176044.70000000,1777100399999,88125.59495800,1031
1777100400000,0.00874000,0.00905000,0.00870000,0.00898000,40771221.60000000,1777103999999,363992.75500300,5186
1777104000000,0.00898000,0.00914000,0.00878000,0.00885000,35725898.00000000,1777107599999,320872.53411400,3657
1777107600000,0.00885000,0.00887000,0.00863000,0.00869000,17059618.00000000,1777111199999,148772.00563400,1744
1777111200000,0.00868000,0.00879000,0.00864000,0.00874000,7020457.80000000,1777114799999,61177.34939200,723
1777114800000,0.00874000,0.00886000,0.00864000,0.00868000,6625116.20000000,1777118399999,58081.05449800,1074
1777118400000,0.00868000,0.00900000,0.00861000,0.00893000,16423815.40000000,1777121999999,145077.33432300,2479
1777122000000,0.00892000,0.00923000,0.00880000,0.00892000,42656676.50000000,1777125599999,383421.83031900,5385
1777125600000,0.00892000,0.00910000,0.00883000,0.00899000,13085891.50000000,1777129199999,117519.94198000,1906
1777129200000,0.00900000,0.00908000,0.00891000,0.00897000,14771487.40000000,1777132799999,132632.35823500,1815
1777132800000,0.00898000,0.00963000,0.00872000,0.00903000,153189876.90000000,1777136399999,1415078.56664600,21554
1777136400000,0.00902000,0.00905000,0.00871000,0.00880000,29364530.40000000,1777139999999,259827.63073200,3639
1777140000000,0.00880000,0.00959000,0.00873000,0.00921000,122753874.10000000,1777143599999,1140383.31032900,19473
1777143600000,0.00922000,0.01051000,0.00909000,0.01049000,211691043.10000000,1777147199999,2057173.27198000,34788
1777147200000,0.01049000,0.01082000,0.00942000,0.00962000,165078347.70000000,1777150799999,1648008.91882400,29674
1777150800000,0.00962000,0.00999000,0.00950000,0.00962000,49911643.60000000,1777154399999,484806.08497200,8009
1777154400000,0.00962000,0.00986000,0.00960000,0.00966000,28237769.90000000,1777157999999,274453.23678600,3500
1777158000000,0.00966000,0.01000000,0.00966000,0.00990000,41560776.90000000,1777161599999,408277.67010800,5740
1777161600000,0.00989000,0.00995000,0.00915000,0.00962000,51061332.60000000,1777165199999,481315.53606200,5232
1777165200000,0.00962000,0.00963000,0.00930000,0.00933000,16682379.30000000,1777168799999,157747.36949700,2236
1777168800000,0.00933000,0.00944000,0.00903000,0.00914000,21398682.60000000,1777172399999,197422.27018600,4460
1777172400000,0.00914000,0.00916000,0.00893000,0.00911000,22118704.80000000,1777175999999,200283.32274400,6014
1777176000000,0.00911000,0.00913000,0.00869000,0.00877000,46189264.00000000,1777179599999,406258.76125700,6961
1777179600000,0.00877000,0.00883000,0.00868000,0.00872000,21304799.70000000,1777183199999,186182.83919400,5874
1777183200000,0.00873000,0.00899000,0.00871000,0.00897000,19991536.70000000,1777186799999,177733.70316000,4664
1777186800000,0.00898000,0.00931000,0.00883000,0.00910000,43479509.30000000,1777190399999,394276.66932900,8037
1777190400000,0.00910000,0.00962000,0.00907000,0.00955000,56450675.50000000,1777193999999,532279.38724500,9277
1777194000000,0.00954000,0.00968000,0.00926000,0.00940000,24703021.10000000,1777197599999,233650.94016000,5199
1777197600000,0.00941000,0.00953000,0.00936000,0.00940000,14686131.80000000,1777201199999,138622.83235900,2635
1777201200000,0.00940000,0.00965000,0.00910000,0.00928000,60214039.10000000,1777204799999,560808.60878000,7496
1777204800000,0.00929000,0.00937000,0.00912000,0.00934000,37482592.60000000,1777208399999,346896.12057100,5847
1777208400000,0.00935000,0.00962000,0.00935000,0.00942000,21540056.90000000,1777211999999,204405.68113400,4620
1777212000000,0.00942000,0.00972000,0.00938000,0.00970000,15435342.90000000,1777215599999,147526.73569300,3077
1777215600000,0.00971000,0.00973000,0.00931000,0.00943000,28602851.70000000,1777219199999,273061.59500800,4597
1777219200000,0.00944000,0.00969000,0.00941000,0.00954000,15987981.10000000,1777222799999,152738.76842900,3759
1777222800000,0.00953000,0.00968000,0.00936000,0.00938000,16970232.50000000,1777226399999,161237.06489900,4714
1777226400000,0.00939000,0.00944000,0.00931000,0.00935000,13897496.30000000,1777229999999,130162.70691100,3356
1777230000000,0.00934000,0.00945000,0.00918000,0.00940000,17256753.30000000,1777233599999,160556.56067800,3203
1777233600000,0.00941000,0.00947000,0.00929000,0.00930000,7813967.80000000,1777237199999,73285.70211300,1969
1777237200000,0.00931000,0.00938000,0.00921000,0.00927000,5358062.60000000,1777240799999,49787.27755900,1846
1777240800000,0.00927000,0.00927000,0.00908000,0.00916000,7117772.10000000,1777244399999,65219.82396000,1538
1777244400000,0.00915000,0.00917000,0.00906000,0.00912000,4958523.80000000,1777247999999,45175.75390100,1224
1777248000000,0.00912000,0.00925000,0.00909000,0.00916000,7622060.60000000,1777251599999,69737.95125900,2066
1777251600000,0.00916000,0.00917000,0.00890000,0.00897000,15795883.60000000,1777255199999,142490.29611800,3129
1777255200000,0.00896000,0.00898000,0.00885000,0.00890000,6737065.80000000,1777258799999,60040.68110500,1718
1777258800000,0.00889000,0.00893000,0.00877000,0.00880000,8934674.70000000,1777262399999,79104.44711700,2113
1777262400000,0.00880000,0.00888000,0.00875000,0.00884000,3289000.40000000,1777265999999,28935.21866600,955
1777266000000,0.00884000,0.00889000,0.00871000,0.00877000,6838309.70000000,1777269599999,60184.27535500,1816
1777269600000,0.00877000,0.00906000,0.00863000,0.00901000,44079559.80000000,1777273199999,389507.91127900,6113
1777273200000,0.00901000,0.00911000,0.00886000,0.00892000,37515140.70000000,1777276799999,338105.44925900,6095
1777276800000,0.00891000,0.00910000,0.00854000,0.00887000,60759276.70000000,1777280399999,534324.21560500,8846
1777280400000,0.00887000,0.00890000,0.00877000,0.00886000,19217976.30000000,1777283999999,170303.26855100,4061
1777284000000,0.00887000,0.00894000,0.00880000,0.00884000,9994433.40000000,1777287599999,88561.28961100,1870
1777287600000,0.00884000,0.00888000,0.00869000,0.00881000,18050974.70000000,1777291199999,158655.52631500,3428
1777291200000,0.00881000,0.00888000,0.00876000,0.00886000,22468493.10000000,1777294799999,198131.57004300,3091
1777294800000,0.00886000,0.00888000,0.00873000,0.00881000,9438315.90000000,1777298399999,83055.82171900,2004
1777298400000,0.00881000,0.00882000,0.00862000,0.00866000,11134456.20000000,1777301999999,96733.62997100,1924
1777302000000,0.00866000,0.00889000,0.00859000,0.00863000,29931758.70000000,1777305599999,260999.12499700,4338
1777305600000,0.00862000,0.00876000,0.00857000,0.00873000,17225496.40000000,1777309199999,149467.77605500,2867
1777309200000,0.00872000,0.00883000,0.00872000,0.00882000,18659356.60000000,1777312799999,163785.20258600,2529
1777312800000,0.00882000,0.00882000,0.00863000,0.00874000,14466446.20000000,1777316399999,126302.30995600,2046
1777316400000,0.00874000,0.00875000,0.00834000,0.00847000,38373735.00000000,1777319999999,326454.85066300,5268
1777320000000,0.00847000,0.00848000,0.00830000,0.00836000,9411568.50000000,1777323599999,78942.31040500,1749
1777323600000,0.00836000,0.00836000,0.00772000,0.00798000,62394461.60000000,1777327199999,501200.29443600,6518
1777327200000,0.00798000,0.00806000,0.00793000,0.00796000,11044746.90000000,1777330799999,88265.71952900,2040
1777330800000,0.00795000,0.00803000,0.00793000,0.00801000,15448143.80000000,1777334399999,123396.57686700,2270
1777334400000,0.00801000,0.00808000,0.00797000,0.00802000,5453749.80000000,1777337999999,43773.53177800,1136
1777338000000,0.00801000,0.00808000,0.00799000,0.00802000,3202599.70000000,1777341599999,25741.25803400,695
1777341600000,0.00801000,0.00804000,0.00797000,0.00802000,3550511.40000000,1777345199999,28450.96391300,662
1777345200000,0.00803000,0.00804000,0.00784000,0.00790000,8903460.20000000,1777348799999,70550.37418300,1387
1777348800000,0.00790000,0.00800000,0.00785000,0.00797000,3186552.70000000,1777352399999,25295.38983800,746
1777352400000,0.00798000,0.00803000,0.00793000,0.00794000,7351380.40000000,1777355999999,58835.44116100,1131
1777356000000,0.00794000,0.00798000,0.00765000,0.00777000,37126837.10000000,1777359599999,288641.62375000,5366
1777359600000,0.00777000,0.00787000,0.00775000,0.00785000,6897951.00000000,1777363199999,53863.10157100,1398
1777363200000,0.00786000,0.00789000,0.00778000,0.00784000,13805739.00000000,1777366799999,108012.88583500,2373
1777366800000,0.00784000,0.00794000,0.00782000,0.00791000,11502724.80000000,1777370399999,90658.60718600,2431
1777370400000,0.00791000,0.00794000,0.00787000,0.00793000,8021696.70000000,1777373999999,63365.10536300,1485
1777374000000,0.00792000,0.00798000,0.00779000,0.00788000,20896429.60000000,1777377599999,164630.29908500,3504
1777377600000,0.00788000,0.00807000,0.00785000,0.00798000,25048196.70000000,1777381199999,199723.46958300,4876
1777381200000,0.00799000,0.00808000,0.00794000,0.00802000,13094107.70000000,1777384799999,104781.53664500,2307
1777384800000,0.00801000,0.00808000,0.00798000,0.00805000,9884308.30000000,1777388399999,79326.77162800,1863
1777388400000,0.00806000,0.00806000,0.00789000,0.00792000,8844090.60000000,1777391999999,70347.04261900,1703
1777392000000,0.00791000,0.00798000,0.00780000,0.00796000,16671696.80000000,1777395599999,131611.59733400,1995
1777395600000,0.00797000,0.00812000,0.00797000,0.00812000,16671061.80000000,1777399199999,134193.39814900,3370
1777399200000,0.00812000,0.00813000,0.00802000,0.00807000,7410219.40000000,1777402799999,59819.05882200,1615
1777402800000,0.00807000,0.00809000,0.00797000,0.00806000,6885157.20000000,1777406399999,55196.03072400,1169
1777406400000,0.00806000,0.00814000,0.00803000,0.00806000,7031973.40000000,1777409999999,56880.86861900,1283
1777410000000,0.00807000,0.00808000,0.00800000,0.00801000,3254110.00000000,1777413599999,26144.89812300,590
1777413600000,0.00800000,0.00804000,0.00793000,0.00795000,11293385.20000000,1777417199999,90253.50515900,908
1777417200000,0.00795000,0.00800000,0.00794000,0.00799000,2093195.20000000,1777420799999,16663.48050100,449
1777420800000,0.00799000,0.00805000,0.00798000,0.00804000,2691006.10000000,1777424399999,21531.14101000,668
1777424400000,0.00804000,0.00806000,0.00794000,0.00801000,4039149.50000000,1777427999999,32283.31147900,1036
1777428000000,0.00800000,0.00801000,0.00794000,0.00799000,1111407.90000000,1777431599999,8852.52200600,329
1777431600000,0.00798000,0.00798000,0.00792000,0.00793000,3178970.20000000,1777435199999,25270.93697400,511
1777435200000,0.00794000,0.00801000,0.00792000,0.00795000,3257150.90000000,1777438799999,25920.34147400,597
1777438800000,0.00795000,0.00796000,0.00790000,0.00793000,2802197.40000000,1777442399999,22199.92969800,388
1777442400000,0.00792000,0.00799000,0.00783000,0.00787000,16086381.10000000,1777445999999,126866.28208000,1677
1777446000000,0.00787000,0.00791000,0.00780000,0.00781000,3988177.70000000,1777449599999,31353.62531200,586
1777449600000,0.00782000,0.00792000,0.00781000,0.00790000,2755621.30000000,1777453199999,21624.28141000,509
1777453200000,0.00790000,0.00797000,0.00787000,0.00793000,5843713.70000000,1777456799999,46322.47576000,945
1777456800000,0.00794000,0.00797000,0.00791000,0.00792000,5507595.60000000,1777460399999,43745.02293600,847
1777460400000,0.00793000,0.00806000,0.00792000,0.00798000,14147012.70000000,1777463999999,113217.60379800,2432
1777464000000,0.00798000,0.00800000,0.00784000,0.00790000,10275199.80000000,1777467599999,81154.24555600,1479
1777467600000,0.00791000,0.00799000,0.00783000,0.00797000,16058104.60000000,1777471199999,127077.59524800,1627
1777471200000,0.00796000,0.00796000,0.00780000,0.00784000,7693019.00000000,1777474799999,60592.58286900,1610
1777474800000,0.00784000,0.00788000,0.00757000,0.00763000,20821443.60000000,1777478399999,160472.48398000,2333
1777478400000,0.00763000,0.00767000,0.00756000,0.00762000,9724519.00000000,1777481999999,73972.65806300,1228
1777482000000,0.00761000,0.00771000,0.00761000,0.00769000,2355929.20000000,1777485599999,18059.80193200,434
1777485600000,0.00769000,0.00771000,0.00748000,0.00757000,8823288.50000000,1777489199999,66709.81798400,1517
1777489200000,0.00758000,0.00758000,0.00750000,0.00754000,1768516.40000000,1777492799999,13347.54375300,431
1777492800000,0.00754000,0.00760000,0.00753000,0.00756000,1035279.80000000,1777496399999,7834.58193600,271
1777496400000,0.00757000,0.00764000,0.00755000,0.00760000,4062751.40000000,1777499999999,30889.90896900,722
1777500000000,0.00759000,0.00762000,0.00754000,0.00761000,2073809.60000000,1777503599999,15691.10039500,406
1777503600000,0.00762000,0.00765000,0.00758000,0.00758000,2910020.20000000,1777507199999,22154.42505100,346
1777507200000,0.00759000,0.00771000,0.00756000,0.00770000,3521467.10000000,1777510799999,26923.49621700,508
1777510800000,0.00770000,0.00774000,0.00764000,0.00772000,1836681.90000000,1777514399999,14107.49161700,415
1777514400000,0.00773000,0.00777000,0.00761000,0.00767000,3735325.20000000,1777517999999,28680.11592700,741
1777518000000,0.00768000,0.00771000,0.00763000,0.00770000,2796377.50000000,1777521599999,21462.58890400,505
1777521600000,0.00770000,0.00771000,0.00762000,0.00768000,3459150.50000000,1777525199999,26554.92684100,477
1777525200000,0.00769000,0.00772000,0.00763000,0.00764000,1825260.90000000,1777528799999,14015.93997200,348
1777528800000,0.00764000,0.00772000,0.00756000,0.00760000,11614262.50000000,1777532399999,88501.00117300,1217
1777532400000,0.00760000,0.00762000,0.00751000,0.00756000,6186290.60000000,1777535999999,46814.39407200,804
1777536000000,0.00756000,0.00756000,0.00739000,0.00746000,8163081.90000000,1777539599999,61026.25155100,1034
1777539600000,0.00746000,0.00752000,0.00741000,0.00749000,3479806.10000000,1777543199999,25961.62197200,524
1777543200000,0.00749000,0.00751000,0.00746000,0.00749000,1623922.10000000,1777546799999,12167.78397100,264
1777546800000,0.00750000,0.00752000,0.00731000,0.00737000,10371278.70000000,1777550399999,76817.32156200,1066
1777550400000,0.00738000,0.00742000,0.00736000,0.00739000,4656910.90000000,1777553999999,34379.50329900,486
1777554000000,0.00739000,0.00750000,0.00736000,0.00749000,14393680.50000000,1777557599999,107253.85075600,2070
1777557600000,0.00750000,0.00764000,0.00747000,0.00757000,12715925.40000000,1777561199999,96121.33094900,1879
1777561200000,0.00757000,0.00787000,0.00757000,0.00760000,31103823.00000000,1777564799999,239704.30549400,3013
1777564800000,0.00759000,0.00777000,0.00753000,0.00774000,20168335.90000000,1777568399999,154661.80102600,2187
1777568400000,0.00774000,0.00778000,0.00757000,0.00762000,5578238.00000000,1777571999999,42749.93884900,1038
1777572000000,0.00762000,0.00766000,0.00762000,0.00763000,1805698.60000000,1777575599999,13789.12766800,441
1777575600000,0.00762000,0.00775000,0.00762000,0.00770000,5889823.10000000,1777579199999,45301.45013100,921
1777579200000,0.00770000,0.00770000,0.00759000,0.00761000,8456687.60000000,1777582799999,64734.97467600,1184
1777582800000,0.00761000,0.00769000,0.00761000,0.00762000,2805840.60000000,1777586399999,21423.76414500,716
1777586400000,0.00763000,0.00763000,0.00759000,0.00762000,1280859.60000000,1777589999999,9743.36482400,113
1777590000000,0.00763000,0.00765000,0.00759000,0.00762000,3372755.40000000,1777593599999,25644.86692800,492
1777593600000,0.00762000,0.00766000,0.00759000,0.00765000,1901309.90000000,1777597199999,14491.98117700,481
1777597200000,0.00765000,0.00772000,0.00765000,0.00768000,1044481.50000000,1777600799999,8032.01834400,259
1777600800000,0.00768000,0.00769000,0.00760000,0.00762000,6124128.80000000,1777604399999,46715.33453900,1046
1777604400000,0.00762000,0.00763000,0.00755000,0.00755000,5742276.00000000,1777607999999,43571.54400600,1407
1777608000000,0.00755000,0.00757000,0.00747000,0.00748000,8163917.90000000,1777611599999,61353.94263800,1482
1777611600000,0.00747000,0.00752000,0.00746000,0.00748000,2926312.30000000,1777615199999,21925.62057700,550
1777615200000,0.00748000,0.00749000,0.00743000,0.00743000,2669981.60000000,1777618799999,19883.26187600,510
1777618800000,0.00743000,0.00752000,0.00738000,0.00749000,9755814.70000000,1777622399999,72817.43562800,1861
1777622400000,0.00749000,0.00758000,0.00744000,0.00750000,12324086.70000000,1777625999999,92396.41118700,2066
1777626000000,0.00750000,0.00765000,0.00750000,0.00764000,9444569.40000000,1777629599999,71689.09733900,1860
1777629600000,0.00764000,0.00764000,0.00750000,0.00754000,4211927.30000000,1777633199999,31780.78050300,878
1777633200000,0.00753000,0.00757000,0.00747000,0.00754000,9165302.70000000,1777636799999,68882.04494100,1533
1777636800000,0.00753000,0.00758000,0.00749000,0.00755000,4278734.70000000,1777640399999,32182.48349000,854
1777640400000,0.00754000,0.00761000,0.00754000,0.00760000,5320577.60000000,1777643999999,40364.89065000,661
1777644000000,0.00760000,0.00764000,0.00759000,0.00761000,6011441.30000000,1777647599999,45751.32066000,746
1777647600000,0.00760000,0.00760000,0.00756000,0.00756000,3946333.60000000,1777651199999,29934.89551600,738
1777651200000,0.00757000,0.00762000,0.00754000,0.00760000,2474764.80000000,1777654799999,18764.21787100,608
1777654800000,0.00759000,0.00760000,0.00756000,0.00757000,3544776.60000000,1777658399999,26858.63565200,594
1777658400000,0.00757000,0.00758000,0.00752000,0.00753000,3482904.00000000,1777661999999,26252.03598500,710
1777662000000,0.00754000,0.00755000,0.00751000,0.00752000,1482752.50000000,1777665599999,11168.40827600,401
1777665600000,0.00751000,0.00751000,0.00744000,0.00746000,2855882.60000000,1777669199999,21313.39467700,655
1777669200000,0.00746000,0.00747000,0.00709000,0.00728000,59847440.70000000,1777672799999,433680.38334300,7232
1777672800000,0.00729000,0.00731000,0.00725000,0.00728000,8068973.50000000,1777676399999,58738.39014200,895
1777676400000,0.00728000,0.00729000,0.00719000,0.00721000,3495724.10000000,1777679999999,25295.51524200,708
1777680000000,0.00721000,0.00730000,0.00718000,0.00728000,3526242.90000000,1777683599999,25509.19178400,825
1777683600000,0.00728000,0.00733000,0.00725000,0.00729000,2910911.90000000,1777687199999,21244.85733100,577
1777687200000,0.00729000,0.00734000,0.00726000,0.00730000,4290479.20000000,1777690799999,31315.89481000,844
1777690800000,0.00730000,0.00734000,0.00730000,0.00732000,3616035.70000000,1777694399999,26443.98252600,509
1777694400000,0.00733000,0.00734000,0.00729000,0.00731000,2164476.30000000,1777697999999,15829.53533000,448
1777698000000,0.00731000,0.00734000,0.00727000,0.00728000,2983751.50000000,1777701599999,21747.59220700,510
1777701600000,0.00729000,0.00730000,0.00721000,0.00726000,7242103.30000000,1777705199999,52483.82239500,1042
1777705200000,0.00726000,0.00732000,0.00724000,0.00725000,2906938.50000000,1777708799999,21178.66934500,604
1777708800000,0.00725000,0.00727000,0.00721000,0.00723000,4341384.10000000,1777712399999,31435.41708300,442
1777712400000,0.00724000,0.00727000,0.00720000,0.00723000,3054513.90000000,1777715999999,22087.04602100,443
1777716000000,0.00722000,0.00728000,0.00718000,0.00724000,4070244.20000000,1777719599999,29441.67415600,901
1777719600000,0.00723000,0.00729000,0.00721000,0.00726000,6102289.80000000,1777723199999,44257.87618500,964
1777723200000,0.00725000,0.00729000,0.00724000,0.00727000,4026568.90000000,1777726799999,29251.69980000,854
1777726800000,0.00727000,0.00734000,0.00726000,0.00732000,7771044.20000000,1777730399999,56812.62871800,764
1777730400000,0.00732000,0.00734000,0.00722000,0.00723000,3735598.50000000,1777733999999,27216.29130900,763
1777734000000,0.00724000,0.00773000,0.00721000,0.00749000,26200009.00000000,1777737599999,194905.55660100,4400
1777737600000,0.00748000,0.00763000,0.00745000,0.00751000,24910316.00000000,1777741199999,187563.17684000,4168
1777741200000,0.00750000,0.00750000,0.00738000,0.00739000,10199689.40000000,1777744799999,75930.15807300,1878
1777744800000,0.00739000,0.00747000,0.00737000,0.00743000,6200939.50000000,1777748399999,46161.10277000,797
1777748400000,0.00743000,0.00743000,0.00734000,0.00735000,9710970.90000000,1777751999999,71570.15612300,1215
1777752000000,0.00735000,0.00736000,0.00730000,0.00731000,5217392.70000000,1777755599999,38247.08966300,581
1777755600000,0.00731000,0.00732000,0.00726000,0.00730000,2003557.10000000,1777759199999,14614.20595400,501
1777759200000,0.00731000,0.00739000,0.00730000,0.00736000,5386621.70000000,1777762799999,39586.86959300,1013
1777762800000,0.00737000,0.00737000,0.00733000,0.00735000,979376.10000000,1777766399999,7192.37278100,128
1777766400000,0.00735000,0.00736000,0.00731000,0.00733000,2562614.50000000,1777769999999,18788.52174900,398
1777770000000,0.00732000,0.00732000,0.00723000,0.00723000,4224752.70000000,1777773599999,30761.43131000,772
1777773600000,0.00723000,0.00733000,0.00722000,0.00730000,3998401.00000000,1777777199999,29033.18195800,904
1777777200000,0.00728000,0.00736000,0.00724000,0.00732000,2844383.90000000,1777780799999,20761.04052100,795
1777780800000,0.00732000,0.00733000,0.00728000,0.00729000,1683863.90000000,1777784399999,12298.92755100,292
1777784400000,0.00729000,0.00731000,0.00727000,0.00729000,1937186.40000000,1777787999999,14118.90743500,376
1777788000000,0.00729000,0.00730000,0.00724000,0.00730000,994958.00000000,1777791599999,7233.84327700,195
1777791600000,0.00730000,0.00746000,0.00730000,0.00744000,13552647.70000000,1777795199999,100243.14563700,2091
1777795200000,0.00743000,0.00759000,0.00741000,0.00745000,17564638.60000000,1777798799999,131805.42591700,2287
1777798800000,0.00746000,0.00755000,0.00744000,0.00748000,13332315.30000000,1777802399999,99977.25799000,1961
1777802400000,0.00748000,0.00755000,0.00742000,0.00746000,14387453.10000000,1777805999999,107379.21833100,1993
1777806000000,0.00746000,0.00751000,0.00740000,0.00744000,6303343.00000000,1777809599999,47018.46721900,1199
1777809600000,0.00746000,0.00757000,0.00743000,0.00749000,14169063.80000000,1777813199999,106291.68577800,1934
1777813200000,0.00749000,0.00752000,0.00743000,0.00751000,8702760.20000000,1777816799999,65215.58604900,873
1777816800000,0.00751000,0.00755000,0.00747000,0.00752000,7372119.40000000,1777820399999,55503.53138500,870
1777820400000,0.00751000,0.00754000,0.00743000,0.00745000,5631102.60000000,1777823999999,41992.46665200,849
1777824000000,0.00745000,0.00757000,0.00743000,0.00756000,5803176.90000000,1777827599999,43541.07600200,1091
1777827600000,0.00755000,0.00757000,0.00749000,0.00750000,9374623.20000000,1777831199999,70681.12758800,1032
1777831200000,0.00750000,0.00755000,0.00746000,0.00748000,10004316.20000000,1777834799999,75052.70963300,1220
1777834800000,0.00747000,0.00748000,0.00742000,0.00748000,4011373.90000000,1777838399999,29898.81005300,480
1777838400000,0.00746000,0.00753000,0.00743000,0.00750000,3185945.90000000,1777841999999,23825.54103300,446
1777842000000,0.00751000,0.00769000,0.00751000,0.00754000,27093119.20000000,1777845599999,206101.78705500,3661
1777845600000,0.00754000,0.00772000,0.00751000,0.00769000,17021597.70000000,1777849199999,129948.11383400,2793
1777849200000,0.00768000,0.00772000,0.00752000,0.00762000,14899386.00000000,1777852799999,113557.06171300,2621
1777852800000,0.00762000,0.00771000,0.00755000,0.00768000,7252245.10000000,1777856399999,55326.37596600,1402
1777856400000,0.00769000,0.00776000,0.00762000,0.00770000,10156919.20000000,1777859999999,78050.67431800,2128
1777860000000,0.00770000,0.00790000,0.00768000,0.00776000,25023552.00000000,1777863599999,194849.77822800,5117
1777863600000,0.00776000,0.00783000,0.00774000,0.00778000,9903507.40000000,1777867199999,77050.67850600,1532
1777867200000,0.00777000,0.00791000,0.00777000,0.00785000,18749395.00000000,1777870799999,147344.93048700,2779
1777870800000,0.00784000,0.00797000,0.00783000,0.00795000,17191540.20000000,1777874399999,136053.03235800,4252
1777874400000,0.00795000,0.00823000,0.00787000,0.00789000,57686367.00000000,1777877999999,463023.69806900,9416
1777878000000,0.00789000,0.00811000,0.00785000,0.00788000,26344466.00000000,1777881599999,210136.76090700,3461
1777881600000,0.00789000,0.00796000,0.00779000,0.00782000,19253425.50000000,1777885199999,151048.25510800,2563
1777885200000,0.00783000,0.00788000,0.00780000,0.00783000,8221504.20000000,1777888799999,64411.41588000,1751
1777888800000,0.00783000,0.00788000,0.00771000,0.00786000,11062657.50000000,1777892399999,86090.85079300,2368
1777892400000,0.00786000,0.00800000,0.00786000,0.00798000,11635370.50000000,1777895999999,92368.21742500,2327
1777896000000,0.00797000,0.00799000,0.00789000,0.00789000,5715806.60000000,1777899599999,45327.79092900,1295
1777899600000,0.00789000,0.00799000,0.00784000,0.00797000,7390870.70000000,1777903199999,58476.75154000,1710
1777903200000,0.00797000,0.00804000,0.00792000,0.00798000,8575534.80000000,1777906799999,68478.38997000,1462
1777906800000,0.00799000,0.00819000,0.00789000,0.00805000,23788252.00000000,1777910399999,191891.64677200,3003
1777910400000,0.00806000,0.00807000,0.00789000,0.00791000,10591718.40000000,1777913999999,84534.04878700,1829
1777914000000,0.00791000,0.00794000,0.00785000,0.00789000,5616994.10000000,1777917599999,44325.99731300,1097
1777917600000,0.00788000,0.00793000,0.00786000,0.00786000,3171232.10000000,1777921199999,24996.16957800,589
1777921200000,0.00786000,0.00787000,0.00781000,0.00784000,4301584.90000000,1777924799999,33687.28488200,477
1777924800000,0.00783000,0.00783000,0.00777000,0.00778000,3941287.40000000,1777928399999,30757.70692700,773
1777928400000,0.00779000,0.00788000,0.00775000,0.00786000,3834253.90000000,1777931999999,29997.44728900,536
1777932000000,0.00786000,0.00791000,0.00784000,0.00784000,2401643.60000000,1777935599999,18906.33614900,466
1777935600000,0.00784000,0.00789000,0.00781000,0.00783000,1869648.30000000,1777939199999,14668.60399700,352
1777939200000,0.00783000,0.00785000,0.00775000,0.00783000,6412742.00000000,1777942799999,49972.17398900,1263
1777942800000,0.00782000,0.00786000,0.00781000,0.00781000,1819353.00000000,1777946399999,14235.61485400,424
1777946400000,0.00780000,0.00784000,0.00778000,0.00779000,2017814.40000000,1777949999999,15759.62866100,533
1777950000000,0.00779000,0.00783000,0.00770000,0.00780000,8167644.00000000,1777953599999,63343.75394400,1388
1777953600000,0.00780000,0.00780000,0.00770000,0.00773000,3108140.40000000,1777957199999,24088.23197100,607
1777957200000,0.00772000,0.00778000,0.00766000,0.00772000,5103938.60000000,1777960799999,39342.95465000,989
1777960800000,0.00772000,0.00774000,0.00769000,0.00771000,1195917.20000000,1777964399999,9217.57077400,306
1777964400000,0.00771000,0.00774000,0.00765000,0.00769000,3286840.90000000,1777967999999,25285.04179100,721
1777968000000,0.00770000,0.00778000,0.00770000,0.00775000,4633137.30000000,1777971599999,35907.90794900,1335
1777971600000,0.00776000,0.00780000,0.00776000,0.00779000,3076886.20000000,1777975199999,23942.82247500,734
1777975200000,0.00780000,0.00783000,0.00780000,0.00782000,1178846.20000000,1777978799999,9213.54346500,315
1777978800000,0.00783000,0.00785000,0.00778000,0.00785000,2827845.00000000,1777982399999,22079.33744500,318
1777982400000,0.00785000,0.00791000,0.00782000,0.00782000,5914618.40000000,1777985999999,46523.35901300,815
1777986000000,0.00782000,0.00787000,0.00781000,0.00785000,2493504.90000000,1777989599999,19558.72539500,609
1777989600000,0.00785000,0.00789000,0.00777000,0.00781000,9621820.80000000,1777993199999,75330.97529200,1391
1777993200000,0.00781000,0.00781000,0.00769000,0.00769000,7936313.80000000,1777996799999,61428.61854600,808
1777996800000,0.00769000,0.00772000,0.00767000,0.00770000,2032392.20000000,1778000399999,15644.27685700,356
1778000400000,0.00771000,0.00772000,0.00767000,0.00770000,2561708.50000000,1778003999999,19717.41862700,310
1778004000000,0.00771000,0.00783000,0.00770000,0.00783000,10755985.40000000,1778007599999,83601.92071600,782
1778007600000,0.00782000,0.00790000,0.00780000,0.00787000,15508281.40000000,1778011199999,121746.69190500,1757
1778011200000,0.00787000,0.00796000,0.00778000,0.00780000,19958542.80000000,1778014799999,157087.83522600,1903
1778014800000,0.00782000,0.00804000,0.00780000,0.00787000,10840049.40000000,1778018399999,85913.33678600,1618
1778018400000,0.00788000,0.00791000,0.00780000,0.00784000,4689923.10000000,1778021999999,36817.50678100,651
1778022000000,0.00784000,0.00788000,0.00782000,0.00784000,1898291.30000000,1778025599999,14887.73834800,303
1778025600000,0.00784000,0.00792000,0.00783000,0.00791000,1655003.50000000,1778029199999,13047.61504100,438
1778029200000,0.00791000,0.00797000,0.00790000,0.00794000,1773225.90000000,1778032799999,14091.81733000,338
1778032800000,0.00795000,0.00797000,0.00791000,0.00795000,2812387.50000000,1778036399999,22335.25938600,374
1778036400000,0.00796000,0.00800000,0.00791000,0.00791000,3112080.90000000,1778039999999,24749.51969500,491
1778040000000,0.00791000,0.00794000,0.00784000,0.00785000,1246717.70000000,1778043599999,9829.35776700,219
1778043600000,0.00785000,0.00791000,0.00780000,0.00786000,2614058.20000000,1778047199999,20499.60682800,376
1778047200000,0.00787000,0.00797000,0.00781000,0.00795000,5999802.90000000,1778050799999,47262.95236800,485
1778050800000,0.00795000,0.00798000,0.00793000,0.00794000,3780297.30000000,1778054399999,30033.65068700,459
1778054400000,0.00795000,0.00799000,0.00794000,0.00798000,2093402.20000000,1778057999999,16654.81363400,364
1778058000000,0.00798000,0.00805000,0.00796000,0.00804000,4017948.40000000,1778061599999,32150.63205400,454
1778061600000,0.00804000,0.00808000,0.00798000,0.00802000,3469188.20000000,1778065199999,27859.91828800,516
1778065200000,0.00801000,0.00805000,0.00794000,0.00798000,4926516.30000000,1778068799999,39373.49928300,508
1778068800000,0.00798000,0.00800000,0.00794000,0.00795000,3354805.00000000,1778072399999,26721.77732400,474
1778072400000,0.00794000,0.00795000,0.00788000,0.00794000,3558087.90000000,1778075999999,28179.98001800,598
1778076000000,0.00794000,0.00800000,0.00789000,0.00793000,5266543.30000000,1778079599999,41836.83460900,791
1778079600000,0.00793000,0.00793000,0.00787000,0.00788000,7016401.20000000,1778083199999,55362.59543100,764
1778083200000,0.00789000,0.00796000,0.00788000,0.00795000,1998563.30000000,1778086799999,15836.61608400,412
1778086800000,0.00794000,0.00794000,0.00780000,0.00785000,9138652.10000000,1778090399999,71963.64438800,925
1778090400000,0.00785000,0.00787000,0.00782000,0.00785000,3041186.70000000,1778093999999,23861.41680000,372
1778094000000,0.00786000,0.00788000,0.00780000,0.00782000,1978141.30000000,1778097599999,15477.18641200,262
1778097600000,0.00782000,0.00783000,0.00778000,0.00780000,2634766.80000000,1778101199999,20559.56102600,240
1778101200000,0.00780000,0.00783000,0.00779000,0.00782000,1031842.30000000,1778104799999,8043.73564500,142
1778104800000,0.00782000,0.00782000,0.00774000,0.00776000,2924678.10000000,1778108399999,22765.72541300,590
1778108400000,0.00776000,0.00776000,0.00770000,0.00774000,1812998.40000000,1778111999999,13998.66308300,308
1778112000000,0.00774000,0.00777000,0.00772000,0.00775000,1785255.00000000,1778115599999,13829.62092000,259
1778115600000,0.00774000,0.00775000,0.00759000,0.00760000,9901043.50000000,1778119199999,75768.40781800,1201
1778119200000,0.00760000,0.00762000,0.00751000,0.00761000,5583037.50000000,1778122799999,42185.70470200,1040
1778122800000,0.00761000,0.00761000,0.00748000,0.00748000,6594973.70000000,1778126399999,49740.86079200,1080
1778126400000,0.00748000,0.00761000,0.00747000,0.00760000,2360851.60000000,1778129999999,17791.24808200,391
1778130000000,0.00760000,0.00769000,0.00760000,0.00765000,2923851.20000000,1778133599999,22404.31563100,555
1778133600000,0.00765000,0.00782000,0.00765000,0.00778000,8129427.80000000,1778137199999,63120.78499400,954
1778137200000,0.00779000,0.00780000,0.00773000,0.00779000,5220985.10000000,1778140799999,40466.65071000,559
1778140800000,0.00780000,0.00780000,0.00774000,0.00776000,4035731.30000000,1778144399999,31348.39252600,952
1778144400000,0.00776000,0.00782000,0.00774000,0.00780000,1900539.70000000,1778147999999,14819.23981000,174
1778148000000,0.00779000,0.00781000,0.00770000,0.00772000,4108345.10000000,1778151599999,31829.41560200,656
1778151600000,0.00772000,0.00780000,0.00772000,0.00775000,2087375.50000000,1778155199999,16199.35389600,455
1778155200000,0.00775000,0.00777000,0.00774000,0.00777000,1601222.30000000,1778158799999,12422.94132000,326
1778158800000,0.00777000,0.00779000,0.00767000,0.00774000,12508838.70000000,1778162399999,96438.65113200,1348
1778162400000,0.00774000,0.00777000,0.00770000,0.00773000,4443263.30000000,1778165999999,34380.71271900,428
1778166000000,0.00772000,0.00777000,0.00765000,0.00777000,4048240.80000000,1778169599999,31266.99483600,778
1778169600000,0.00776000,0.00800000,0.00774000,0.00795000,12898731.40000000,1778173199999,101533.89505200,2368
1778173200000,0.00796000,0.00807000,0.00793000,0.00802000,12852244.80000000,1778176799999,103044.76433700,1937
1778176800000,0.00803000,0.00807000,0.00800000,0.00801000,4523573.30000000,1778180399999,36368.64409400,824
1778180400000,0.00802000,0.00805000,0.00795000,0.00805000,3657290.20000000,1778183999999,29236.22539300,911
1778184000000,0.00805000,0.00812000,0.00803000,0.00808000,12706745.70000000,1778187599999,102575.05860200,1442
1778187600000,0.00808000,0.00825000,0.00807000,0.00812000,11458766.40000000,1778191199999,93666.17671300,1433
1778191200000,0.00812000,0.00831000,0.00812000,0.00827000,5185569.80000000,1778194799999,42662.90947700,1019
1778194800000,0.00827000,0.00832000,0.00815000,0.00817000,3809426.80000000,1778198399999,31421.96812100,740
1778198400000,0.00818000,0.00824000,0.00810000,0.00811000,5404225.80000000,1778201999999,44115.09441400,1155
1778202000000,0.00814000,0.00816000,0.00807000,0.00807000,3637474.80000000,1778205599999,29506.54626300,776
1778205600000,0.00807000,0.00809000,0.00802000,0.00808000,5314373.80000000,1778209199999,42815.52936000,869
1778209200000,0.00809000,0.00819000,0.00807000,0.00809000,5060377.40000000,1778212799999,41124.33865500,1098
1778212800000,0.00809000,0.00813000,0.00808000,0.00813000,1656660.80000000,1778216399999,13418.27229300,404
1778216400000,0.00814000,0.00814000,0.00808000,0.00808000,1975253.30000000,1778219999999,16023.15253700,431
1778220000000,0.00808000,0.00810000,0.00799000,0.00802000,5685120.20000000,1778223599999,45797.83073900,956
1778223600000,0.00800000,0.00801000,0.00793000,0.00797000,5366864.90000000,1778227199999,42761.28588100,838
1778227200000,0.00797000,0.00864000,0.00791000,0.00813000,127124917.80000000,1778230799999,1055307.25475200,19956
1778230800000,0.00814000,0.00819000,0.00806000,0.00816000,10025536.80000000,1778234399999,81511.79854000,2019
1778234400000,0.00816000,0.00819000,0.00807000,0.00808000,8515693.50000000,1778237999999,69128.07800100,1090
1778238000000,0.00809000,0.00833000,0.00809000,0.00826000,13165419.20000000,1778241599999,108270.34928500,2017
1778241600000,0.00826000,0.00827000,0.00816000,0.00819000,3818438.30000000,1778245199999,31320.27261200,606
1778245200000,0.00817000,0.00839000,0.00814000,0.00821000,24564992.30000000,1778248799999,203087.77607500,3761
1778248800000,0.00820000,0.00828000,0.00810000,0.00813000,9326796.30000000,1778252399999,76339.24625400,2114
1778252400000,0.00814000,0.00827000,0.00811000,0.00812000,9031285.00000000,1778255999999,73872.85199000,1773
1778256000000,0.00813000,0.00820000,0.00809000,0.00816000,6526485.40000000,1778259599999,53163.45692500,1353
1778259600000,0.00816000,0.00818000,0.00814000,0.00817000,2223049.70000000,1778263199999,18139.64697700,497
1778263200000,0.00817000,0.00828000,0.00816000,0.00824000,4532077.90000000,1778266799999,37227.96128600,802
1778266800000,0.00824000,0.00827000,0.00820000,0.00823000,3195990.20000000,1778270399999,26298.03958200,657
1778270400000,0.00822000,0.00831000,0.00817000,0.00825000,4469526.30000000,1778273999999,36827.41576100,612
1778274000000,0.00825000,0.00826000,0.00822000,0.00824000,1428443.50000000,1778277599999,11767.07475200,359
1778277600000,0.00825000,0.00830000,0.00823000,0.00828000,1299982.50000000,1778281199999,10749.03884000,329
1778281200000,0.00828000,0.00831000,0.00821000,0.00825000,2728821.10000000,1778284799999,22518.88084200,444
1778284800000,0.00824000,0.00830000,0.00822000,0.00829000,1978475.00000000,1778288399999,16342.12996000,411
1778288400000,0.00829000,0.00840000,0.00829000,0.00840000,2772676.30000000,1778291999999,23185.02154600,813
1778292000000,0.00840000,0.00846000,0.00837000,0.00839000,4809482.50000000,1778295599999,40455.92499200,1010
1778295600000,0.00839000,0.00840000,0.00834000,0.00835000,1793043.40000000,1778299199999,14994.04805400,472
1778299200000,0.00834000,0.00835000,0.00829000,0.00830000,3359031.00000000,1778302799999,27903.67210500,462
1778302800000,0.00829000,0.00851000,0.00828000,0.00846000,11277102.20000000,1778306399999,95034.05811700,1654
1778306400000,0.00847000,0.00852000,0.00841000,0.00850000,2950896.00000000,1778309999999,24960.09658600,431
1778310000000,0.00852000,0.00855000,0.00847000,0.00848000,4890870.60000000,1778313599999,41627.84438800,761
1778313600000,0.00849000,0.00862000,0.00847000,0.00855000,5708109.10000000,1778317199999,48796.23751900,994
1778317200000,0.00854000,0.00855000,0.00841000,0.00842000,7247465.30000000,1778320799999,61343.08961500,1599
1778320800000,0.00841000,0.00852000,0.00837000,0.00851000,2985951.00000000,1778324399999,25224.32636200,567
1778324400000,0.00852000,0.00854000,0.00845000,0.00846000,2278725.00000000,1778327999999,19359.70281600,454
1778328000000,0.00846000,0.00854000,0.00845000,0.00854000,3553735.30000000,1778331599999,30227.63391100,692
1778331600000,0.00855000,0.00855000,0.00842000,0.00847000,4507459.10000000,1778335199999,38150.52256200,936
1778335200000,0.00846000,0.00847000,0.00830000,0.00839000,9131191.80000000,1778338799999,76439.26142400,1586
1778338800000,0.00840000,0.00840000,0.00831000,0.00832000,7334984.30000000,1778342399999,61140.07672800,1165
1778342400000,0.00833000,0.00843000,0.00830000,0.00838000,7318784.30000000,1778345999999,61045.45990200,976
1778346000000,0.00838000,0.00852000,0.00838000,0.00850000,7210665.90000000,1778349599999,60790.78991800,935
1778349600000,0.00851000,0.00854000,0.00843000,0.00845000,3293188.90000000,1778353199999,27936.38506700,569
1778353200000,0.00845000,0.00847000,0.00839000,0.00843000,2484805.10000000,1778356799999,20937.11163800,560
1778356800000,0.00843000,0.00844000,0.00836000,0.00839000,2519101.40000000,1778360399999,21160.89083200,425
1778360400000,0.00838000,0.00840000,0.00835000,0.00835000,3068710.20000000,1778363999999,25710.36577400,634
1778364000000,0.00835000,0.00838000,0.00834000,0.00838000,718132.10000000,1778367599999,6000.49727200,252
1778367600000,0.00838000,0.00843000,0.00833000,0.00833000,2379896.80000000,1778371199999,19976.25153900,529
1778371200000,0.00834000,0.00838000,0.00831000,0.00833000,3298753.20000000,1778374799999,27501.92896800,912
1778374800000,0.00832000,0.00832000,0.00817000,0.00822000,7853601.90000000,1778378399999,64821.50961600,845
1778378400000,0.00821000,0.00835000,0.00818000,0.00833000,7452221.30000000,1778381999999,61752.50354000,1602
1778382000000,0.00833000,0.00833000,0.00828000,0.00830000,481250.80000000,1778385599999,4002.41735200,124
1778385600000,0.00831000,0.00845000,0.00830000,0.00839000,6354774.30000000,1778389199999,53379.69579800,882
1778389200000,0.00839000,0.00854000,0.00836000,0.00852000,10323447.60000000,1778392799999,87310.39989500,2199
1778392800000,0.00851000,0.00857000,0.00846000,0.00855000,12667365.70000000,1778396399999,107924.09513800,2358
1778396400000,0.00855000,0.00863000,0.00851000,0.00861000,11793365.10000000,1778399999999,101263.72996600,2210
1778400000000,0.00860000,0.00867000,0.00856000,0.00860000,5410906.10000000,1778403599999,46555.90876400,1383
1778403600000,0.00861000,0.00862000,0.00852000,0.00855000,6881150.70000000,1778407199999,58900.73821300,1612
1778407200000,0.00855000,0.00865000,0.00853000,0.00862000,5188390.80000000,1778410799999,44664.72281200,1044
1778410800000,0.00862000,0.00881000,0.00860000,0.00871000,13097080.90000000,1778414399999,113989.98095400,2365
1778414400000,0.00871000,0.00883000,0.00866000,0.00875000,18992782.40000000,1778417999999,166546.09703300,3616
1778418000000,0.00875000,0.00881000,0.00867000,0.00871000,13807816.80000000,1778421599999,120530.58545400,2790
1778421600000,0.00872000,0.00894000,0.00867000,0.00891000,41489109.50000000,1778425199999,366698.59782700,7482
1778425200000,0.00890000,0.00905000,0.00884000,0.00893000,33260621.50000000,1778428799999,297094.81543200,6738
1778428800000,0.00894000,0.00904000,0.00888000,0.00892000,22473671.90000000,1778432399999,201508.22108100,3669
1778432400000,0.00893000,0.00912000,0.00887000,0.00901000,20543716.10000000,1778435999999,184848.19905900,3165
1778436000000,0.00902000,0.00914000,0.00901000,0.00908000,9849026.90000000,1778439599999,89178.25822900,2041
1778439600000,0.00908000,0.00911000,0.00898000,0.00907000,11613843.80000000,1778443199999,105054.27616400,2401
1778443200000,0.00908000,0.00908000,0.00887000,0.00900000,17128910.90000000,1778446799999,153909.42425100,3761
1778446800000,0.00899000,0.00906000,0.00895000,0.00901000,13064453.40000000,1778450399999,117691.82783600,2043
1778450400000,0.00901000,0.00932000,0.00901000,0.00929000,16242200.30000000,1778453999999,149157.13335900,2893
1778454000000,0.00929000,0.00936000,0.00913000,0.00915000,11721428.20000000,1778457599999,108452.54062000,2248
1778457600000,0.00915000,0.00917000,0.00892000,0.00897000,13054062.90000000,1778461199999,117623.84649500,2517
1778461200000,0.00897000,0.00900000,0.00889000,0.00894000,6012302.50000000,1778464799999,53768.49612500,1024
1778464800000,0.00893000,0.00894000,0.00875000,0.00891000,17615057.40000000,1778468399999,155608.30960800,4241
1778468400000,0.00891000,0.00898000,0.00885000,0.00894000,10840860.00000000,1778471999999,96530.23461400,2384
1778472000000,0.00893000,0.00914000,0.00871000,0.00913000,20564610.70000000,1778475599999,182845.69030900,3777
1778475600000,0.00913000,0.00919000,0.00901000,0.00910000,13330572.60000000,1778479199999,121218.53320500,2782
1778479200000,0.00910000,0.00910000,0.00895000,0.00904000,11638873.90000000,1778482799999,104915.79862200,2225
1778482800000,0.00905000,0.00906000,0.00889000,0.00893000,13578425.60000000,1778486399999,121951.46260400,2449
1778486400000,0.00893000,0.00895000,0.00889000,0.00890000,3998252.40000000,1778489999999,35634.88454600,815
1778490000000,0.00889000,0.00894000,0.00879000,0.00880000,7488966.80000000,1778493599999,66355.23154700,1347
1778493600000,0.00879000,0.00886000,0.00875000,0.00877000,8030614.00000000,1778497199999,70758.28219300,1744
1778497200000,0.00877000,0.00887000,0.00877000,0.00885000,4136400.70000000,1778500799999,36521.52280100,1019
1778500800000,0.00885000,0.00890000,0.00880000,0.00882000,3719231.90000000,1778504399999,32876.53966100,772
1778504400000,0.00883000,0.00886000,0.00879000,0.00885000,5174012.60000000,1778507999999,45694.86344700,1156
1778508000000,0.00885000,0.00889000,0.00878000,0.00880000,5500184.60000000,1778511599999,48564.53812700,1026
1778511600000,0.00878000,0.00913000,0.00875000,0.00893000,24318250.90000000,1778515199999,217857.29112000,3615
1778515200000,0.00893000,0.00905000,0.00891000,0.00900000,7139928.50000000,1778518799999,64254.82543500,1232
1778518800000,0.00900000,0.00903000,0.00892000,0.00893000,2250856.70000000,1778522399999,20221.59664100,576
1778522400000,0.00893000,0.00898000,0.00888000,0.00889000,6469733.00000000,1778525999999,57818.64302400,964
1778526000000,0.00888000,0.00895000,0.00883000,0.00895000,4309477.20000000,1778529599999,38251.25813600,887
1778529600000,0.00895000,0.00904000,0.00894000,0.00900000,3969121.10000000,1778533199999,35666.46622900,770
1778533200000,0.00901000,0.00903000,0.00895000,0.00896000,2542898.80000000,1778536799999,22860.89614200,480
1778536800000,0.00896000,0.00897000,0.00893000,0.00895000,767807.60000000,1778540399999,6869.91095600,300
1778540400000,0.00895000,0.00901000,0.00893000,0.00893000,1447396.30000000,1778543999999,12987.72758000,315
1778544000000,0.00893000,0.00899000,0.00889000,0.00895000,2573601.50000000,1778547599999,23004.34901300,487
1778547600000,0.00895000,0.00896000,0.00872000,0.00874000,5816763.50000000,1778551199999,51233.58025600,1222
1778551200000,0.00874000,0.00876000,0.00866000,0.00871000,4223673.30000000,1778554799999,36735.45754100,590
1778554800000,0.00871000,0.00873000,0.00826000,0.00854000,76302342.60000000,1778558399999,647788.53211000,7111
1778558400000,0.00855000,0.00859000,0.00851000,0.00857000,8946018.10000000,1778561999999,76518.41841700,1609
1778562000000,0.00856000,0.00868000,0.00853000,0.00866000,10857177.30000000,1778565599999,93583.02446700,2123
1778565600000,0.00865000,0.00883000,0.00864000,0.00878000,14233895.00000000,1778569199999,124753.66134000,2458
1778569200000,0.00878000,0.00884000,0.00875000,0.00880000,5540709.70000000,1778572799999,48744.71593700,1123
1778572800000,0.00880000,0.00897000,0.00876000,0.00895000,7828724.60000000,1778576399999,69154.22297800,1305
1778576400000,0.00895000,0.00914000,0.00894000,0.00909000,27473388.40000000,1778579999999,247911.72020800,5028
1778580000000,0.00908000,0.00910000,0.00890000,0.00902000,14346547.50000000,1778583599999,129282.19466800,2023
1778583600000,0.00901000,0.00901000,0.00884000,0.00899000,13481896.70000000,1778587199999,120307.53639200,2236
1778587200000,0.00899000,0.00899000,0.00887000,0.00889000,6167735.90000000,1778590799999,55099.10124000,1305
1778590800000,0.00889000,0.00917000,0.00889000,0.00911000,17957930.50000000,1778594399999,162916.77856700,3167
1778594400000,0.00911000,0.00936000,0.00910000,0.00934000,34788950.30000000,1778597999999,321992.30640700,5766
1778598000000,0.00934000,0.00940000,0.00908000,0.00931000,30237215.80000000,1778601599999,279860.95981100,4491
1778601600000,0.00931000,0.00947000,0.00918000,0.00921000,14460008.90000000,1778605199999,134586.36397200,2031
1778605200000,0.00922000,0.00924000,0.00914000,0.00922000,9326651.30000000,1778608799999,85764.19696200,1708
1778608800000,0.00923000,0.00933000,0.00921000,0.00921000,6214283.10000000,1778612399999,57583.99443000,1409
1778612400000,0.00921000,0.00923000,0.00909000,0.00922000,6920812.90000000,1778615999999,63400.47955000,1367
1778616000000,0.00921000,0.00926000,0.00917000,0.00919000,2708740.70000000,1778619599999,24935.57080400,646
1778619600000,0.00919000,0.00926000,0.00916000,0.00920000,3326312.40000000,1778623199999,30656.16338800,720
1778623200000,0.00919000,0.00924000,0.00915000,0.00924000,2655410.80000000,1778626799999,24441.14288300,648
1778626800000,0.00923000,0.00928000,0.00915000,0.00927000,5719872.00000000,1778630399999,52691.68948500,1118
1778630400000,0.00926000,0.00929000,0.00909000,0.00910000,6752119.30000000,1778633999999,61920.98885900,1347
1778634000000,0.00909000,0.00930000,0.00907000,0.00925000,10523705.80000000,1778637599999,96659.93547600,1415
1778637600000,0.00925000,0.00929000,0.00915000,0.00918000,5645336.40000000,1778641199999,51973.57619800,804
1778641200000,0.00917000,0.00918000,0.00907000,0.00916000,6522199.60000000,1778644799999,59399.73416100,846
1778644800000,0.00917000,0.00920000,0.00907000,0.00914000,2756714.60000000,1778648399999,25180.55183800,518
1778648400000,0.00915000,0.00981000,0.00911000,0.00914000,97117636.90000000,1778651999999,923256.38932600,13300
1778652000000,0.00914000,0.00921000,0.00906000,0.00910000,27580453.30000000,1778655599999,251639.49166800,2808
1778655600000,0.00910000,0.00912000,0.00897000,0.00905000,16172904.50000000,1778659199999,146175.85976900,2044
1778659200000,0.00904000,0.00921000,0.00895000,0.00909000,7034101.90000000,1778662799999,63949.68073500,1040
1778662800000,0.00909000,0.00913000,0.00901000,0.00905000,8795300.90000000,1778666399999,79659.58909700,1164
1778666400000,0.00906000,0.00908000,0.00896000,0.00898000,8171311.90000000,1778669999999,73572.51088700,1425
1778670000000,0.00898000,0.00899000,0.00888000,0.00891000,9584379.70000000,1778673599999,85495.73398200,1615
1778673600000,0.00891000,0.00893000,0.00864000,0.00874000,15555654.40000000,1778677199999,136421.73755600,2598
1778677200000,0.00873000,0.00878000,0.00850000,0.00852000,9769831.00000000,1778680799999,84236.91795300,1702
1778680800000,0.00852000,0.00861000,0.00845000,0.00848000,7073157.50000000,1778684399999,60215.13234700,1188
1778684400000,0.00848000,0.00851000,0.00819000,0.00822000,9312542.80000000,1778687999999,77653.44718500,1713
1778688000000,0.00821000,0.00835000,0.00818000,0.00833000,7550005.00000000,1778691599999,62434.22237300,810
1778691600000,0.00834000,0.00836000,0.00822000,0.00826000,3385533.80000000,1778695199999,28046.96009400,418
1778695200000,0.00826000,0.00834000,0.00824000,0.00824000,3917164.40000000,1778698799999,32521.07565000,499
1778698800000,0.00824000,0.00827000,0.00819000,0.00820000,3802685.80000000,1778702399999,31249.46702100,758
1778702400000,0.00821000,0.00829000,0.00821000,0.00826000,1687803.30000000,1778705999999,13931.72028400,345
1778706000000,0.00826000,0.00826000,0.00818000,0.00819000,2083176.90000000,1778709599999,17085.22123300,266
1778709600000,0.00821000,0.00824000,0.00817000,0.00823000,2228528.70000000,1778713199999,18292.41222400,258
1778713200000,0.00823000,0.00825000,0.00814000,0.00815000,1717333.40000000,1778716799999,14075.10436000,256
1778716800000,0.00815000,0.00828000,0.00815000,0.00825000,4143511.30000000,1778720399999,34095.32558900,560
1778720400000,0.00825000,0.00842000,0.00820000,0.00833000,11045306.80000000,1778723999999,91955.01186900,986
1778724000000,0.00833000,0.00853000,0.00832000,0.00846000,14954746.10000000,1778727599999,125832.75616000,1490
1778727600000,0.00845000,0.00846000,0.00825000,0.00827000,4094977.60000000,1778731199999,34277.94543900,564
1778731200000,0.00828000,0.00844000,0.00820000,0.00842000,11405010.60000000,1778734799999,95211.27350000,900
1778734800000,0.00841000,0.00841000,0.00830000,0.00830000,1509705.10000000,1778738399999,12624.18886600,476
1778738400000,0.00830000,0.00838000,0.00826000,0.00827000,3095595.20000000,1778741999999,25731.64836000,504
1778742000000,0.00828000,0.00845000,0.00825000,0.00841000,6024837.90000000,1778745599999,50404.30606200,770
1778745600000,0.00841000,0.00865000,0.00839000,0.00854000,13043283.70000000,1778749199999,111109.76193600,2253
1778749200000,0.00854000,0.00859000,0.00848000,0.00855000,10723419.20000000,1778752799999,91521.33146700,1711
1778752800000,0.00854000,0.00882000,0.00854000,0.00880000,17031558.20000000,1778756399999,148344.58626300,3749
1778756400000,0.00881000,0.00882000,0.00828000,0.00832000,27080561.10000000,1778759999999,228914.39122600,5230
1778760000000,0.00831000,0.00844000,0.00830000,0.00839000,5762543.90000000,1778763599999,48285.81358400,864
1778763600000,0.00838000,0.00843000,0.00833000,0.00838000,3984334.60000000,1778767199999,33396.46476000,605
1778767200000,0.00837000,0.00851000,0.00837000,0.00845000,2794553.50000000,1778770799999,23582.81948800,535
1778770800000,0.00844000,0.00869000,0.00844000,0.00867000,16750140.40000000,1778774399999,143814.02591500,2696
1778774400000,0.00868000,0.00874000,0.00858000,0.00862000,4060327.10000000,1778777999999,35181.49475800,1096
1778778000000,0.00862000,0.00864000,0.00854000,0.00861000,2825681.50000000,1778781599999,24262.40024500,682
1778781600000,0.00861000,0.00873000,0.00861000,0.00870000,7032990.30000000,1778785199999,61088.99833700,1253
1778785200000,0.00869000,0.00872000,0.00857000,0.00860000,2484249.00000000,1778788799999,21526.71663300,599
1778788800000,0.00861000,0.00862000,0.00853000,0.00857000,1300886.20000000,1778792399999,11134.46543000,350
1778792400000,0.00857000,0.00858000,0.00852000,0.00853000,1073544.50000000,1778795999999,9172.26996200,299
1778796000000,0.00853000,0.00858000,0.00852000,0.00853000,1723067.20000000,1778799599999,14723.33728100,261
1778799600000,0.00853000,0.00854000,0.00847000,0.00849000,1233980.60000000,1778803199999,10501.29839300,263
1778803200000,0.00849000,0.00856000,0.00848000,0.00853000,2122051.70000000,1778806799999,18091.13847300,439
1778806800000,0.00853000,0.00854000,0.00852000,0.00854000,1129029.10000000,1778810399999,9634.48505300,221
1778810400000,0.00853000,0.00854000,0.00845000,0.00853000,2018879.70000000,1778813999999,17187.53340600,327
1778814000000,0.00854000,0.00855000,0.00851000,0.00853000,1320557.20000000,1778817599999,11259.81754700,196
1778817600000,0.00852000,0.00852000,0.00844000,0.00845000,523828.20000000,1778821199999,4435.22130800,147
1778821200000,0.00844000,0.00845000,0.00828000,0.00829000,2946092.70000000,1778824799999,24713.79622400,548
1778824800000,0.00827000,0.00835000,0.00823000,0.00834000,1844891.40000000,1778828399999,15288.15124600,432
1778828400000,0.00834000,0.00841000,0.00831000,0.00838000,704560.20000000,1778831999999,5893.95747600,186
1778832000000,0.00837000,0.00837000,0.00823000,0.00826000,2216133.20000000,1778835599999,18342.34383800,334
1778835600000,0.00825000,0.00835000,0.00825000,0.00833000,2781277.10000000,1778839199999,23089.67193800,360
1778839200000,0.00833000,0.00836000,0.00829000,0.00833000,1016002.70000000,1778842799999,8449.09526800,159
1778842800000,0.00833000,0.00835000,0.00829000,0.00829000,449606.50000000,1778846399999,3738.36752700,199
1778846400000,0.00829000,0.00829000,0.00821000,0.00821000,2157752.10000000,1778849999999,17781.08521700,353
1778850000000,0.00821000,0.00821000,0.00763000,0.00769000,27107926.40000000,1778853599999,213755.27137000,2186
1778853600000,0.00770000,0.00783000,0.00766000,0.00780000,5727602.40000000,1778857199999,44387.22802700,730
1778857200000,0.00781000,0.00784000,0.00774000,0.00778000,5720432.40000000,1778860799999,44564.72386500,711
1778860800000,0.00779000,0.00788000,0.00777000,0.00787000,1395533.70000000,1778864399999,10920.97353900,258
1778864400000,0.00787000,0.00800000,0.00786000,0.00798000,8117959.50000000,1778867999999,64497.84043400,1102
1778868000000,0.00798000,0.00800000,0.00790000,0.00794000,1120127.30000000,1778871599999,8883.97068400,197
1778871600000,0.00794000,0.00800000,0.00791000,0.00799000,1221591.00000000,1778875199999,9737.92215600,179
1778875200000,0.00798000,0.00801000,0.00794000,0.00799000,2491406.30000000,1778878799999,19853.65278200,273
1778878800000,0.00800000,0.00804000,0.00799000,0.00802000,1085064.10000000,1778882399999,8687.28714500,83
1778882400000,0.00803000,0.00807000,0.00799000,0.00801000,4842223.00000000,1778885999999,38845.00445800,431
1778886000000,0.00802000,0.00807000,0.00800000,0.00803000,1318699.00000000,1778889599999,10617.62643300,116
1778889600000,0.00803000,0.00816000,0.00803000,0.00816000,1631665.20000000,1778893199999,13251.59652500,298
1778893200000,0.00817000,0.00819000,0.00806000,0.00809000,1176537.00000000,1778896799999,9533.96675400,142
1778896800000,0.00809000,0.00816000,0.00808000,0.00815000,1217916.60000000,1778900399999,9905.72316000,128
1778900400000,0.00814000,0.00815000,0.00805000,0.00806000,1254556.50000000,1778903999999,10150.20098400,195
1778904000000,0.00806000,0.00809000,0.00801000,0.00804000,1882632.20000000,1778907599999,15161.94323600,189
1778907600000,0.00804000,0.00813000,0.00800000,0.00800000,4457035.50000000,1778911199999,35962.47352400,386
1778911200000,0.00800000,0.00805000,0.00785000,0.00788000,4283138.40000000,1778914799999,34032.41355600,427
1778914800000,0.00787000,0.00788000,0.00758000,0.00781000,19393720.40000000,1778918399999,150033.96775300,1493
1778918400000,0.00781000,0.00784000,0.00772000,0.00774000,6783563.00000000,1778921999999,52765.98012000,436
1778922000000,0.00774000,0.00775000,0.00759000,0.00759000,7179107.30000000,1778925599999,54840.37170500,559
1778925600000,0.00761000,0.00762000,0.00753000,0.00760000,3313962.10000000,1778929199999,25080.85953200,360
1778929200000,0.00760000,0.00767000,0.00758000,0.00764000,2350048.70000000,1778932799999,17941.60521700,230
1778932800000,0.00764000,0.00765000,0.00760000,0.00762000,987404.30000000,1778936399999,7526.54983300,187
1778936400000,0.00761000,0.00765000,0.00760000,0.00760000,1528750.50000000,1778939999999,11649.08083500,191
1778940000000,0.00760000,0.00765000,0.00757000,0.00761000,1012894.20000000,1778943599999,7708.74911300,170
1778943600000,0.00761000,0.00771000,0.00761000,0.00771000,1931088.30000000,1778947199999,14799.48063900,275
1778947200000,0.00770000,0.00772000,0.00766000,0.00771000,1368130.50000000,1778950799999,10524.34081300,144
1778950800000,0.00771000,0.00774000,0.00768000,0.00769000,1165862.40000000,1778954399999,8983.30146900,101
1778954400000,0.00770000,0.00774000,0.00769000,0.00772000,656389.90000000,1778957999999,5066.09940800,89
1778958000000,0.00771000,0.00772000,0.00769000,0.00769000,769821.00000000,1778961599999,5930.82175100,122
1778961600000,0.00768000,0.00769000,0.00766000,0.00766000,667907.70000000,1778965199999,5121.93103700,96
1778965200000,0.00767000,0.00774000,0.00767000,0.00772000,829817.50000000,1778968799999,6391.21167300,117
1778968800000,0.00772000,0.00776000,0.00771000,0.00774000,736668.20000000,1778972399999,5702.64942200,123
1778972400000,0.00774000,0.00774000,0.00764000,0.00764000,800613.00000000,1778975999999,6141.80550800,111
1778976000000,0.00764000,0.00770000,0.00757000,0.00758000,2439550.80000000,1778979599999,18666.32538900,236
1778979600000,0.00759000,0.00761000,0.00752000,0.00753000,2885121.20000000,1778983199999,21801.06940400,216
1778983200000,0.00753000,0.00759000,0.00753000,0.00756000,1035835.70000000,1778986799999,7836.12401100,69
1778986800000,0.00757000,0.00771000,0.00754000,0.00769000,3443708.60000000,1778990399999,26226.96975800,378
1778990400000,0.00768000,0.00773000,0.00768000,0.00772000,1498075.10000000,1778993999999,11541.90059300,154
1778994000000,0.00771000,0.00781000,0.00763000,0.00764000,28699436.50000000,1778997599999,222068.79839000,2347
1778997600000,0.00764000,0.00769000,0.00763000,0.00768000,3141775.80000000,1779001199999,24065.16186800,564
1779001200000,0.00769000,0.00771000,0.00764000,0.00769000,1421224.20000000,1779004799999,10920.21639400,176
1779004800000,0.00768000,0.00771000,0.00766000,0.00767000,1789352.90000000,1779008399999,13737.37279400,126
1779008400000,0.00767000,0.00773000,0.00766000,0.00773000,2264541.00000000,1779011999999,17481.16562200,388
1779012000000,0.00773000,0.00775000,0.00770000,0.00771000,1428064.10000000,1779015599999,11036.88786600,346
1779015600000,0.00770000,0.00770000,0.00767000,0.00768000,447204.10000000,1779019199999,3434.60292000,116
1779019200000,0.00767000,0.00778000,0.00767000,0.00772000,4149405.80000000,1779022799999,32108.87596700,621
1779022800000,0.00772000,0.00784000,0.00771000,0.00778000,3462311.90000000,1779026399999,26899.17026200,639
1779026400000,0.00778000,0.00801000,0.00777000,0.00798000,13318706.10000000,1779029999999,105103.20592900,1648
1779030000000,0.00798000,0.00805000,0.00790000,0.00798000,13308719.70000000,1779033599999,106264.19953200,1239
1779033600000,0.00798000,0.00833000,0.00797000,0.00819000,35668521.40000000,1779037199999,290929.59012000,3546
1779037200000,0.00819000,0.00824000,0.00797000,0.00803000,15915020.40000000,1779040799999,128646.90309200,1727
1779040800000,0.00802000,0.00827000,0.00800000,0.00819000,26737233.30000000,1779044399999,218296.26480400,2593
1779044400000,0.00819000,0.00832000,0.00807000,0.00814000,27540055.10000000,1779047999999,226817.35788300,2576
1779048000000,0.00815000,0.00821000,0.00803000,0.00806000,5025899.80000000,1779051599999,40686.89898300,735
1779051600000,0.00806000,0.00806000,0.00796000,0.00797000,6124370.40000000,1779055199999,49027.78316500,710
1779055200000,0.00797000,0.00807000,0.00795000,0.00801000,6589028.10000000,1779058799999,52783.70773900,612
1779058800000,0.00800000,0.00800000,0.00766000,0.00790000,24321581.80000000,1779062399999,189678.73894700,1668
1779062400000,0.00790000,0.00797000,0.00780000,0.00797000,5762662.00000000,1779065999999,45382.60432100,538
1779066000000,0.00796000,0.00801000,0.00779000,0.00787000,9009711.80000000,1779069599999,71069.70895100,533
1779069600000,0.00788000,0.00791000,0.00774000,0.00775000,4405699.60000000,1779073199999,34470.29363000,433
1779073200000,0.00776000,0.00797000,0.00775000,0.00791000,9967040.40000000,1779076799999,78388.85621900,1440
1779076800000,0.00791000,0.00791000,0.00779000,0.00785000,3275277.60000000,1779080399999,25635.45647500,340
1779080400000,0.00786000,0.00786000,0.00774000,0.00777000,2648172.00000000,1779083999999,20628.27540100,336
1779084000000,0.00777000,0.00783000,0.00769000,0.00772000,4002614.30000000,1779087599999,31123.61938500,262
1779087600000,0.00773000,0.00773000,0.00765000,0.00769000,4612235.40000000,1779091199999,35434.28184500,328
1779091200000,0.00769000,0.00770000,0.00761000,0.00769000,2496426.60000000,1779094799999,19098.17906300,308
1779094800000,0.00770000,0.00770000,0.00759000,0.00761000,2645108.30000000,1779098399999,20173.41246100,504
1779098400000,0.00760000,0.00761000,0.00753000,0.00758000,5375344.10000000,1779101999999,40642.82763500,517
1779102000000,0.00757000,0.00766000,0.00755000,0.00766000,2560411.20000000,1779105599999,19505.70662800,254
1779105600000,0.00766000,0.00775000,0.00766000,0.00771000,1513886.90000000,1779109199999,11672.90852600,209
1779109200000,0.00771000,0.00773000,0.00763000,0.00768000,2630831.70000000,1779112799999,20179.74086500,218
1779112800000,0.00768000,0.00790000,0.00767000,0.00782000,18816683.00000000,1779116399999,147404.13609700,1456
1779116400000,0.00782000,0.00786000,0.00775000,0.00782000,6987557.30000000,1779119999999,54509.01827200,751
1779120000000,0.00782000,0.00782000,0.00771000,0.00772000,1536660.70000000,1779123599999,11913.14987500,295
1779123600000,0.00772000,0.00784000,0.00772000,0.00782000,1733052.30000000,1779127199999,13505.77701100,299
1779127200000,0.00781000,0.00781000,0.00768000,0.00768000,1790349.10000000,1779130799999,13825.09902700,357
1779130800000,0.00768000,0.00782000,0.00768000,0.00779000,1928371.90000000,1779134399999,14985.96049700,317
1779134400000,0.00779000,0.00779000,0.00774000,0.00775000,1692136.20000000,1779137999999,13130.64606600,296
1779138000000,0.00775000,0.00784000,0.00775000,0.00783000,1009724.40000000,1779141599999,7868.67965700,161
1779141600000,0.00783000,0.00787000,0.00780000,0.00782000,602488.40000000,1779145199999,4723.23623100,146
1779145200000,0.00783000,0.00784000,0.00779000,0.00784000,780800.50000000,1779148799999,6097.28843200,196
1779148800000,0.00783000,0.00788000,0.00783000,0.00783000,1459155.10000000,1779152399999,11443.40682500,253
1779152400000,0.00782000,0.00782000,0.00776000,0.00777000,687019.50000000,1779155999999,5348.76683900,147
1779156000000,0.00776000,0.00781000,0.00775000,0.00778000,985414.50000000,1779159599999,7668.65288200,195
1779159600000,0.00777000,0.00783000,0.00776000,0.00780000,930658.20000000,1779163199999,7264.40875200,168
1779163200000,0.00779000,0.00783000,0.00777000,0.00781000,569864.40000000,1779166799999,4450.79924400,141
1779166800000,0.00781000,0.00782000,0.00772000,0.00776000,2876809.90000000,1779170399999,22330.43786700,447
1779170400000,0.00775000,0.00781000,0.00772000,0.00781000,1559903.50000000,1779173999999,12098.98415200,270
1779174000000,0.00781000,0.00791000,0.00779000,0.00787000,2489330.70000000,1779177599999,19583.44790800,381
1779177600000,0.00787000,0.00789000,0.00781000,0.00784000,3887822.50000000,1779181199999,30552.77961900,409
1779181200000,0.00783000,0.00786000,0.00775000,0.00776000,2757839.70000000,1779184799999,21527.62228300,447
1779184800000,0.00776000,0.00778000,0.00771000,0.00773000,1354988.80000000,1779188399999,10495.37972900,208
1779188400000,0.00774000,0.00774000,0.00770000,0.00772000,680907.50000000,1779191999999,5255.43775700,195
1779192000000,0.00770000,0.00774000,0.00769000,0.00774000,666048.50000000,1779195599999,5133.26230300,129
1779195600000,0.00775000,0.00775000,0.00768000,0.00773000,2847056.50000000,1779199199999,21964.22591300,355
1779199200000,0.00772000,0.00773000,0.00764000,0.00766000,1007376.90000000,1779202799999,7742.79930400,180
1779202800000,0.00766000,0.00768000,0.00759000,0.00765000,2414440.90000000,1779206399999,18466.76395500,219
1779206400000,0.00766000,0.00772000,0.00763000,0.00771000,1493156.00000000,1779209999999,11421.70654200,136
1779210000000,0.00772000,0.00779000,0.00771000,0.00779000,3742617.70000000,1779213599999,28993.59829800,483
1779213600000,0.00779000,0.00780000,0.00771000,0.00771000,1630129.10000000,1779217199999,12669.50188300,264
1779217200000,0.00772000,0.00773000,0.00766000,0.00768000,1128807.00000000,1779220799999,8686.67297800,231
1779220800000,0.00768000,0.00774000,0.00720000,0.00741000,58662943.20000000,1779224399999,438791.77221800,4748
1779224400000,0.00741000,0.00746000,0.00740000,0.00741000,2449821.80000000,1779227999999,18201.21138100,410
1779228000000,0.00741000,0.00743000,0.00736000,0.00737000,3555134.80000000,1779231599999,26342.37124600,687
1779231600000,0.00736000,0.00738000,0.00727000,0.00735000,2921553.30000000,1779235199999,21421.36053000,730
1779235200000,0.00735000,0.00744000,0.00734000,0.00738000,2499156.50000000,1779238799999,18439.85895100,582
1779238800000,0.00739000,0.00741000,0.00733000,0.00738000,2311094.20000000,1779242399999,17006.36494000,322
1779242400000,0.00738000,0.00739000,0.00733000,0.00733000,1621514.90000000,1779245999999,11932.97519800,496
1779246000000,0.00733000,0.00737000,0.00732000,0.00735000,853675.80000000,1779249599999,6272.03163700,142
1779249600000,0.00735000,0.00738000,0.00735000,0.00738000,1177555.60000000,1779253199999,8676.04302400,178
1779253200000,0.00738000,0.00747000,0.00737000,0.00746000,5712048.90000000,1779256799999,42466.91095300,893
1779256800000,0.00746000,0.00750000,0.00742000,0.00748000,4311013.00000000,1779260399999,32242.19590400,846
1779260400000,0.00748000,0.00751000,0.00744000,0.00745000,1989305.90000000,1779263999999,14863.99142800,370
1779264000000,0.00744000,0.00747000,0.00741000,0.00743000,3325703.10000000,1779267599999,24733.56582700,590
1779267600000,0.00742000,0.00746000,0.00742000,0.00744000,1680670.40000000,1779271199999,12512.66081500,199
1779271200000,0.00744000,0.00746000,0.00741000,0.00742000,921935.00000000,1779274799999,6858.56605000,214
1779274800000,0.00741000,0.00742000,0.00734000,0.00738000,1810512.80000000,1779278399999,13368.65301900,293
1779278400000,0.00738000,0.00747000,0.00738000,0.00747000,3372163.10000000,1779281999999,25076.57512500,422
1779282000000,0.00747000,0.00747000,0.00737000,0.00740000,4020539.70000000,1779285599999,29811.97856500,471
1779285600000,0.00740000,0.00758000,0.00736000,0.00753000,9601509.20000000,1779289199999,71891.90595300,1219
1779289200000,0.00752000,0.00757000,0.00750000,0.00753000,3676026.10000000,1779292799999,27693.99290400,352
1779292800000,0.00754000,0.00760000,0.00751000,0.00754000,3364297.00000000,1779296399999,25429.31264600,375
1779296400000,0.00754000,0.00762000,0.00752000,0.00755000,3846946.60000000,1779299999999,29077.34703500,419
1779300000000,0.00754000,0.00757000,0.00748000,0.00749000,2913883.20000000,1779303599999,21937.08014600,589
1779303600000,0.00748000,0.00753000,0.00700000,0.00735000,65127338.50000000,1779307199999,477169.57980700,6283
1779307200000,0.00735000,0.00737000,0.00729000,0.00735000,4614878.30000000,1779310799999,33895.77726400,911
1779310800000,0.00735000,0.00738000,0.00734000,0.00735000,1769615.90000000,1779314399999,13019.49135900,336
1779314400000,0.00734000,0.00734000,0.00730000,0.00732000,948360.70000000,1779317999999,6943.75611000,206
1779318000000,0.00732000,0.00734000,0.00728000,0.00734000,3070717.20000000,1779321599999,22441.04431000,317
1779321600000,0.00734000,0.00755000,0.00731000,0.00746000,14819282.20000000,1779325199999,110272.46172200,1135
1779325200000,0.00746000,0.00746000,0.00741000,0.00743000,1770203.40000000,1779328799999,13153.55397800,389
1779328800000,0.00743000,0.00745000,0.00741000,0.00742000,2359298.70000000,1779332399999,17540.03859000,510
1779332400000,0.00741000,0.00744000,0.00740000,0.00743000,2493594.00000000,1779335999999,18495.93568000,530
1779336000000,0.00742000,0.00742000,0.00733000,0.00734000,5345676.30000000,1779339599999,39304.69613800,729
1779339600000,0.00733000,0.00738000,0.00728000,0.00731000,3802429.70000000,1779343199999,27873.07750600,613
1779343200000,0.00732000,0.00739000,0.00732000,0.00735000,2432884.70000000,1779346799999,17894.72994800,435
1779346800000,0.00736000,0.00750000,0.00732000,0.00743000,10561046.10000000,1779350399999,78581.16195900,1367
1779350400000,0.00745000,0.00759000,0.00745000,0.00757000,6601622.10000000,1779353999999,49518.37467200,1115
1779354000000,0.00758000,0.00778000,0.00757000,0.00770000,23445405.20000000,1779357599999,180482.90561200,4000
1779357600000,0.00769000,0.00771000,0.00759000,0.00761000,17443020.10000000,1779361199999,133219.46449100,2790
1779361200000,0.00761000,0.00768000,0.00756000,0.00757000,5201709.00000000,1779364799999,39622.14194700,877
1779364800000,0.00757000,0.00770000,0.00752000,0.00766000,5109524.60000000,1779368399999,38870.01646200,879
1779368400000,0.00766000,0.00769000,0.00759000,0.00765000,4997188.00000000,1779371999999,38255.55618100,1202
1779372000000,0.00765000,0.00782000,0.00764000,0.00780000,9705325.00000000,1779375599999,74850.19886500,1545
1779375600000,0.00779000,0.00793000,0.00770000,0.00773000,27530435.90000000,1779379199999,214578.11648900,4910
1779379200000,0.00772000,0.00775000,0.00767000,0.00771000,4788203.10000000,1779382799999,36886.89438700,871
1779382800000,0.00772000,0.00785000,0.00769000,0.00779000,8857349.20000000,1779386399999,68998.02370600,1155
1779386400000,0.00779000,0.00781000,0.00767000,0.00768000,2453793.30000000,1779389999999,18942.48685400,357
1779390000000,0.00769000,0.00770000,0.00764000,0.00767000,1856951.40000000,1779393599999,14263.70407900,373
1779393600000,0.00767000,0.00768000,0.00763000,0.00764000,1631802.20000000,1779397199999,12495.55215100,353
1779397200000,0.00764000,0.00767000,0.00757000,0.00762000,3675355.60000000,1779400799999,28016.43086300,556
1779400800000,0.00761000,0.00763000,0.00760000,0.00760000,1024512.60000000,1779404399999,7796.87388800,330
1779404400000,0.00760000,0.00769000,0.00760000,0.00768000,1145639.50000000,1779407999999,8751.10671700,287
1779408000000,0.00766000,0.00767000,0.00760000,0.00761000,1545083.50000000,1779411599999,11795.25693200,187
1779411600000,0.00761000,0.00767000,0.00760000,0.00766000,703441.50000000,1779415199999,5370.46976800,143
1779415200000,0.00767000,0.00773000,0.00766000,0.00768000,2165946.70000000,1779418799999,16677.57940700,529
1779418800000,0.00768000,0.00769000,0.00760000,0.00762000,1858952.70000000,1779422399999,14205.22058700,620
1779422400000,0.00762000,0.00767000,0.00761000,0.00766000,3204690.00000000,1779425999999,24484.96055900,919
1779426000000,0.00766000,0.00781000,0.00764000,0.00779000,10996036.30000000,1779429599999,85282.28188900,1881
1779429600000,0.00778000,0.00787000,0.00770000,0.00777000,11331215.80000000,1779433199999,88010.49132100,1557
1779433200000,0.00776000,0.00777000,0.00771000,0.00771000,5601759.70000000,1779436799999,43335.68223900,843
1779436800000,0.00771000,0.00772000,0.00764000,0.00764000,5048355.40000000,1779440399999,38767.33209300,664
1779440400000,0.00765000,0.00770000,0.00763000,0.00767000,4553916.00000000,1779443999999,34900.32546100,651
1779444000000,0.00768000,0.00769000,0.00764000,0.00768000,1596664.40000000,1779447599999,12237.06151000,386
1779447600000,0.00768000,0.00768000,0.00763000,0.00764000,2680319.00000000,1779451199999,20499.02535100,405
1779451200000,0.00763000,0.00774000,0.00759000,0.00770000,5132754.20000000,1779454799999,39362.33770300,688
1779454800000,0.00770000,0.00771000,0.00764000,0.00766000,6173695.50000000,1779458399999,47350.00824500,887
1779458400000,0.00765000,0.00765000,0.00753000,0.00761000,6760941.20000000,1779461999999,51307.16471600,1097
1779462000000,0.00760000,0.00764000,0.00752000,0.00759000,7876815.90000000,1779465599999,59719.46353100,1174
1779465600000,0.00758000,0.00764000,0.00757000,0.00764000,2220002.60000000,1779469199999,16881.84696300,537
1779469200000,0.00763000,0.00764000,0.00758000,0.00758000,1779210.30000000,1779472799999,13538.37798200,507
1779472800000,0.00758000,0.00760000,0.00741000,0.00749000,5578637.30000000,1779476399999,41720.11004400,945
1779476400000,0.00749000,0.00749000,0.00727000,0.00734000,9069705.10000000,1779479999999,66698.09519000,1565
1779480000000,0.00734000,0.00738000,0.00731000,0.00738000,3913167.10000000,1779483599999,28709.10942800,627
1779483600000,0.00738000,0.00743000,0.00735000,0.00740000,2083522.40000000,1779487199999,15373.59766400,406
1779487200000,0.00740000,0.00741000,0.00730000,0.00730000,3433489.60000000,1779490799999,25212.19955600,481
1779490800000,0.00731000,0.00734000,0.00720000,0.00725000,4033923.80000000,1779494399999,29312.29149400,755
1779494400000,0.00725000,0.00726000,0.00717000,0.00724000,3293973.70000000,1779497999999,23727.83080500,598
1779498000000,0.00725000,0.00728000,0.00723000,0.00725000,2900678.60000000,1779501599999,21042.32275900,503
1779501600000,0.00726000,0.00732000,0.00721000,0.00731000,4847094.40000000,1779505199999,35134.83549100,642
1779505200000,0.00730000,0.00733000,0.00728000,0.00730000,828507.50000000,1779508799999,6058.63229400,206
1779508800000,0.00730000,0.00730000,0.00724000,0.00724000,1369813.40000000,1779512399999,9940.69523900,339
1779512400000,0.00723000,0.00729000,0.00720000,0.00723000,7531964.00000000,1779515999999,54553.02923500,647
1779516000000,0.00722000,0.00725000,0.00718000,0.00721000,3301241.30000000,1779519599999,23805.69718100,481
1779519600000,0.00720000,0.00723000,0.00688000,0.00697000,22594724.40000000,1779523199999,158453.26496700,3705
1779523200000,0.00697000,0.00703000,0.00691000,0.00703000,7782691.20000000,1779526799999,54278.19607900,1065
1779526800000,0.00704000,0.00705000,0.00697000,0.00698000,2482575.60000000,1779530399999,17407.67087400,370
1779530400000,0.00698000,0.00700000,0.00694000,0.00696000,6291519.20000000,1779533999999,43783.78138100,681
1779534000000,0.00696000,0.00697000,0.00693000,0.00693000,1842480.90000000,1779537599999,12787.15389500,254
1779537600000,0.00693000,0.00699000,0.00691000,0.00699000,1624756.40000000,1779541199999,11296.48685200,329
1779541200000,0.00699000,0.00704000,0.00699000,0.00701000,3209559.10000000,1779544799999,22512.73655500,353
1779544800000,0.00700000,0.00704000,0.00698000,0.00704000,2959260.40000000,1779548399999,20743.77997500,464
1779548400000,0.00703000,0.00708000,0.00699000,0.00700000,1984522.20000000,1779551999999,13972.06939100,373
1779552000000,0.00701000,0.00702000,0.00696000,0.00698000,452377.00000000,1779555599999,3163.61745800,68
1779555600000,0.00698000,0.00702000,0.00698000,0.00701000,949533.80000000,1779559199999,6644.75669100,260
1779559200000,0.00701000,0.00709000,0.00701000,0.00705000,3934467.20000000,1779562799999,27810.28268600,549
1779562800000,0.00705000,0.00707000,0.00703000,0.00705000,2423349.80000000,1779566399999,17068.39740700,247
1779566400000,0.00706000,0.00723000,0.00704000,0.00723000,3254378.10000000,1779569999999,23160.80666900,462
1779570000000,0.00724000,0.00724000,0.00714000,0.00718000,6959362.10000000,1779573599999,50003.96626900,650
1779573600000,0.00718000,0.00720000,0.00710000,0.00713000,6068255.30000000,1779577199999,43424.76960400,812
1779577200000,0.00712000,0.00715000,0.00712000,0.00713000,2026526.50000000,1779580799999,14446.65122300,361
1779580800000,0.00713000,0.00715000,0.00704000,0.00706000,2994422.20000000,1779584399999,21251.49776600,474
1779584400000,0.00706000,0.00709000,0.00702000,0.00708000,6384405.80000000,1779587999999,45023.15653400,946
1779588000000,0.00707000,0.00708000,0.00703000,0.00707000,982811.70000000,1779591599999,6930.05122900,110
1779591600000,0.00706000,0.00709000,0.00705000,0.00705000,846626.20000000,1779595199999,5987.00629300,134
1779595200000,0.00706000,0.00709000,0.00706000,0.00706000,1150705.30000000,1779598799999,8142.78876800,101
1779598800000,0.00706000,0.00706000,0.00699000,0.00700000,2184845.10000000,1779602399999,15334.71413800,258
1779602400000,0.00701000,0.00701000,0.00694000,0.00699000,6918458.90000000,1779605999999,48231.83458300,376
1779606000000,0.00700000,0.00701000,0.00693000,0.00698000,7071360.80000000,1779609599999,49179.13224500,667
1779609600000,0.00699000,0.00700000,0.00696000,0.00699000,1625037.90000000,1779613199999,11343.66553100,292
1779613200000,0.00699000,0.00703000,0.00698000,0.00701000,4449426.30000000,1779616799999,31157.35348700,577
1779616800000,0.00700000,0.00702000,0.00695000,0.00700000,3371409.70000000,1779620399999,23537.96231900,494
1779620400000,0.00699000,0.00700000,0.00696000,0.00697000,2062765.70000000,1779623999999,14396.06569000,292
1779624000000,0.00696000,0.00697000,0.00692000,0.00692000,2693090.10000000,1779627599999,18706.65607700,310
1779627600000,0.00693000,0.00693000,0.00681000,0.00682000,9792158.00000000,1779631199999,67315.04039100,1181
1779631200000,0.00683000,0.00685000,0.00670000,0.00680000,18405869.30000000,1779634799999,125060.47056100,2313
1779634800000,0.00680000,0.00709000,0.00679000,0.00696000,23008346.50000000,1779638399999,160593.82661700,2693
1779638400000,0.00695000,0.00702000,0.00695000,0.00701000,1680550.10000000,1779641999999,11751.43090700,293
1779642000000,0.00700000,0.00700000,0.00697000,0.00700000,3857644.80000000,1779645599999,26941.01648000,185
1779645600000,0.00700000,0.00700000,0.00694000,0.00694000,1138045.50000000,1779649199999,7935.00557700,128
1779649200000,0.00694000,0.00695000,0.00691000,0.00693000,485728.30000000,1779652799999,3367.71138000,90
1779652800000,0.00693000,0.00694000,0.00685000,0.00687000,2205940.10000000,1779656399999,15169.46921700,167
1779656400000,0.00687000,0.00690000,0.00678000,0.00679000,4867858.00000000,1779659999999,33129.02127800,362
1779660000000,0.00680000,0.00690000,0.00680000,0.00687000,2129554.60000000,1779663599999,14629.69247700,375
1779663600000,0.00687000,0.00692000,0.00687000,0.00692000,2758752.70000000,1779667199999,19024.55696100,335
1779667200000,0.00692000,0.00698000,0.00692000,0.00692000,5782545.00000000,1779670799999,40124.27931300,424
1779670800000,0.00692000,0.00693000,0.00685000,0.00686000,2128714.70000000,1779674399999,14642.16823400,245
1779674400000,0.00686000,0.00696000,0.00686000,0.00691000,1622058.10000000,1779677999999,11216.54917200,116
1779678000000,0.00691000,0.00701000,0.00689000,0.00699000,3141996.80000000,1779681599999,21833.74320100,273
1779681600000,0.00699000,0.00712000,0.00697000,0.00711000,4799883.00000000,1779685199999,33893.90196400,381
1779685200000,0.00710000,0.00716000,0.00708000,0.00711000,3878358.40000000,1779688799999,27619.75812000,296
1779688800000,0.00712000,0.00740000,0.00712000,0.00730000,27843263.60000000,1779692399999,203043.68876100,1809
1779692400000,0.00730000,0.00734000,0.00713000,0.00726000,18952791.90000000,1779695999999,137427.60716300,1437
1779696000000,0.00726000,0.00728000,0.00717000,0.00722000,4741991.00000000,1779699599999,34284.56117000,533
1779699600000,0.00722000,0.00722000,0.00714000,0.00716000,2581911.50000000,1779703199999,18524.53468800,294
1779703200000,0.00717000,0.00724000,0.00716000,0.00722000,1165563.40000000,1779706799999,8410.22678900,156
1779706800000,0.00721000,0.00730000,0.00720000,0.00721000,3997232.20000000,1779710399999,29001.71374600,309
1779710400000,0.00720000,0.00741000,0.00715000,0.00732000,9541232.20000000,1779713999999,69519.84091300,514
1779714000000,0.00732000,0.00735000,0.00720000,0.00726000,9107863.80000000,1779717599999,66166.88750200,611
1779717600000,0.00726000,0.00728000,0.00721000,0.00728000,3042500.50000000,1779721199999,22021.52536800,323
1779721200000,0.00728000,0.00728000,0.00716000,0.00724000,8350701.00000000,1779724799999,60448.85465700,452
1779724800000,0.00725000,0.00729000,0.00717000,0.00720000,12292870.30000000,1779728399999,88714.48589000,575
1779728400000,0.00720000,0.00724000,0.00720000,0.00723000,3350504.20000000,1779731999999,24169.36091700,546
1779732000000,0.00723000,0.00734000,0.00719000,0.00724000,6321491.80000000,1779735599999,45907.22081700,888
1779735600000,0.00725000,0.00727000,0.00720000,0.00725000,4243715.80000000,1779739199999,30733.60789700,456
1779739200000,0.00726000,0.00727000,0.00716000,0.00718000,3461779.40000000,1779742799999,24915.50375600,374
1779742800000,0.00718000,0.00718000,0.00710000,0.00713000,2874467.70000000,1779746399999,20548.57877200,280
1779746400000,0.00712000,0.00725000,0.00710000,0.00721000,6719529.30000000,1779749999999,48373.31706700,461
1779750000000,0.00721000,0.00729000,0.00720000,0.00726000,2364480.70000000,1779753599999,17178.50543700,216
1779753600000,0.00727000,0.00727000,0.00703000,0.00711000,11538149.40000000,1779757199999,82429.92668500,1157
1779757200000,0.00710000,0.00710000,0.00699000,0.00705000,2029340.10000000,1779760799999,14258.10935600,387
1779760800000,0.00704000,0.00704000,0.00699000,0.00703000,1837486.20000000,1779764399999,12877.32420800,307
1779764400000,0.00702000,0.00708000,0.00701000,0.00707000,1201783.90000000,1779767999999,8452.24637600,160
1779768000000,0.00707000,0.00713000,0.00704000,0.00710000,1032260.50000000,1779771599999,7307.85065700,255
1779771600000,0.00710000,0.00712000,0.00707000,0.00707000,1107093.70000000,1779775199999,7854.17275900,188
1779775200000,0.00707000,0.00710000,0.00704000,0.00707000,960027.90000000,1779778799999,6781.80110700,212
1779778800000,0.00707000,0.00708000,0.00699000,0.00702000,2276231.30000000,1779782399999,15985.64737500,404
1779782400000,0.00702000,0.00706000,0.00702000,0.00705000,1116122.00000000,1779785999999,7860.90429700,195
1779786000000,0.00705000,0.00705000,0.00700000,0.00702000,1246953.80000000,1779789599999,8758.52225600,215
1779789600000,0.00701000,0.00717000,0.00699000,0.00715000,2463480.70000000,1779793199999,17498.62164400,408
1779793200000,0.00715000,0.00715000,0.00710000,0.00712000,4218433.60000000,1779796799999,30050.16105800,345
1779796800000,0.00712000,0.00713000,0.00708000,0.00709000,2530795.70000000,1779800399999,17974.21366200,420
1779800400000,0.00710000,0.00713000,0.00705000,0.00712000,3196446.30000000,1779803999999,22683.90786300,475
1779804000000,0.00711000,0.00715000,0.00706000,0.00708000,2246691.00000000,1779807599999,15942.49317600,360
1779807600000,0.00707000,0.00716000,0.00698000,0.00703000,8043726.50000000,1779811199999,56810.61498100,1240
1779811200000,0.00703000,0.00703000,0.00694000,0.00700000,2674166.00000000,1779814799999,18659.79213100,345
1779814800000,0.00700000,0.00701000,0.00681000,0.00686000,3589896.70000000,1779818399999,24766.07448900,690
1779818400000,0.00686000,0.00693000,0.00686000,0.00691000,1837144.20000000,1779821999999,12671.86282100,285
1779822000000,0.00692000,0.00696000,0.00692000,0.00696000,1379959.40000000,1779825599999,9571.85606600,299
1779825600000,0.00696000,0.00701000,0.00671000,0.00687000,41269231.50000000,1779829199999,281559.50421200,2253
1779829200000,0.00688000,0.00693000,0.00683000,0.00686000,4526947.20000000,1779832799999,31118.45443400,480
1779832800000,0.00686000,0.00687000,0.00680000,0.00681000,2035838.30000000,1779836399999,13920.54241600,376
1779836400000,0.00681000,0.00685000,0.00681000,0.00682000,915265.40000000,1779839999999,6251.70818200,190
1779840000000,0.00682000,0.00687000,0.00682000,0.00687000,1734406.20000000,1779843599999,11884.68684100,245
1779843600000,0.00687000,0.00687000,0.00682000,0.00684000,1763257.80000000,1779847199999,12061.57362600,364
1779847200000,0.00685000,0.00686000,0.00677000,0.00680000,4472844.90000000,1779850799999,30383.27882300,474
1779850800000,0.00680000,0.00682000,0.00673000,0.00674000,7901215.40000000,1779854399999,53509.08094100,537
1779854400000,0.00673000,0.00676000,0.00671000,0.00676000,2235265.70000000,1779857999999,15053.35406000,354
1779858000000,0.00677000,0.00677000,0.00673000,0.00674000,129157.80000000,1779861599999,871.80179500,78
1779861600000,0.00674000,0.00677000,0.00672000,0.00674000,1089498.90000000,1779865199999,7353.94865200,245
1779865200000,0.00674000,0.00676000,0.00672000,0.00675000,2026471.90000000,1779868799999,13646.33337400,385
1779868800000,0.00675000,0.00681000,0.00673000,0.00675000,5331583.60000000,1779872399999,36101.60272800,795
1779872400000,0.00674000,0.00678000,0.00671000,0.00673000,6431283.90000000,1779875999999,43355.58889900,794
1779876000000,0.00674000,0.00685000,0.00674000,0.00684000,4351600.00000000,1779879599999,29701.10806200,441
1779879600000,0.00684000,0.00686000,0.00678000,0.00679000,1986630.00000000,1779883199999,13541.27888400,176
1779883200000,0.00679000,0.00686000,0.00678000,0.00678000,4859200.90000000,1779886799999,33064.80172900,393
1779886800000,0.00678000,0.00684000,0.00671000,0.00677000,7393267.80000000,1779890399999,49936.68744600,566
1779890400000,0.00677000,0.00678000,0.00669000,0.00676000,3154287.00000000,1779893999999,21220.66807800,216
1779894000000,0.00676000,0.00682000,0.00674000,0.00679000,6046011.70000000,1779897599999,40872.88508000,548
1779897600000,0.00679000,0.00680000,0.00671000,0.00673000,1213817.30000000,1779901199999,8188.20920600,321
1779901200000,0.00672000,0.00672000,0.00667000,0.00668000,1575043.70000000,1779904799999,10534.08725000,267
1779904800000,0.00668000,0.00670000,0.00660000,0.00670000,4982963.50000000,1779908399999,33054.86270900,360
1779908400000,0.00671000,0.00680000,0.00669000,0.00674000,11053151.30000000,1779911999999,74808.19962100,1274
1779912000000,0.00674000,0.00675000,0.00668000,0.00671000,3947796.30000000,1779915599999,26484.31896300,365
1779915600000,0.00671000,0.00671000,0.00648000,0.00651000,10022992.10000000,1779919199999,65775.16419000,609
1779919200000,0.00651000,0.00656000,0.00649000,0.00653000,6204418.70000000,1779922799999,40577.63617600,474
1779922800000,0.00652000,0.00654000,0.00648000,0.00654000,1325147.60000000,1779926399999,8633.50004000,203
1779926400000,0.00654000,0.00657000,0.00654000,0.00656000,759634.90000000,1779929999999,4981.95971800,110
1779930000000,0.00656000,0.00657000,0.00648000,0.00652000,1662223.00000000,1779933599999,10830.28473200,245
1779933600000,0.00652000,0.00655000,0.00650000,0.00654000,480679.70000000,1779937199999,3142.70782900,74
1779937200000,0.00654000,0.00654000,0.00633000,0.00637000,7738454.60000000,1779940799999,49649.43660600,548
1779940800000,0.00636000,0.00637000,0.00626000,0.00634000,6957382.20000000,1779944399999,43917.29117800,609
1779944400000,0.00634000,0.00636000,0.00626000,0.00629000,4344062.10000000,1779947999999,27340.42435700,344
1779948000000,0.00629000,0.00630000,0.00624000,0.00629000,3722573.20000000,1779951599999,23378.94548000,357
1779951600000,0.00629000,0.00636000,0.00629000,0.00634000,1515792.90000000,1779955199999,9586.85807600,166
1779955200000,0.00634000,0.00635000,0.00630000,0.00633000,1265225.10000000,1779958799999,8016.47061500,167
1779958800000,0.00633000,0.00638000,0.00632000,0.00636000,1128103.80000000,1779962399999,7160.59237200,164
1779962400000,0.00636000,0.00638000,0.00628000,0.00628000,1863109.20000000,1779965999999,11796.35403300,320
1779966000000,0.00628000,0.00632000,0.00627000,0.00632000,1466297.20000000,1779969599999,9240.12960600,128
1779969600000,0.00631000,0.00633000,0.00629000,0.00631000,1739835.10000000,1779973199999,10971.95074900,182
1779973200000,0.00632000,0.00638000,0.00628000,0.00634000,8591870.80000000,1779976799999,54333.92900700,1211
1779976800000,0.00634000,0.00646000,0.00632000,0.00638000,9033034.80000000,1779980399999,57586.40290300,1444
1779980400000,0.00639000,0.00640000,0.00630000,0.00632000,1996646.90000000,1779983999999,12664.18218000,421
1779984000000,0.00631000,0.00641000,0.00631000,0.00641000,3763093.70000000,1779987599999,23956.78083500,452
1779987600000,0.00640000,0.00644000,0.00638000,0.00642000,1152044.10000000,1779991199999,7394.07368900,127
1779991200000,0.00643000,0.00654000,0.00643000,0.00648000,5281150.30000000,1779994799999,34296.37902500,540
1779994800000,0.00647000,0.00651000,0.00643000,0.00644000,1057986.30000000,1779998399999,6841.59151800,202
1779998400000,0.00644000,0.00648000,0.00642000,0.00646000,1257936.20000000,1780001999999,8102.07319300,178
1780002000000,0.00645000,0.00648000,0.00645000,0.00647000,867802.20000000,1780005599999,5615.15667800,79
1780005600000,0.00646000,0.00646000,0.00637000,0.00637000,2057072.10000000,1780009199999,13195.44151900,851
1780009200000,0.00637000,0.00638000,0.00631000,0.00632000,3033242.80000000,1780012799999,19234.05573500,1176
1780012800000,0.00632000,0.00634000,0.00627000,0.00627000,3006544.10000000,1780016399999,18949.51841800,1144
1780016400000,0.00627000,0.00632000,0.00622000,0.00625000,4432112.70000000,1780019999999,27750.16625200,1313
1780020000000,0.00625000,0.00626000,0.00615000,0.00626000,6591389.80000000,1780023599999,40937.34182200,1454
1780023600000,0.00627000,0.00635000,0.00626000,0.00633000,1579388.60000000,1780027199999,9979.82692100,255
1780027200000,0.00633000,0.00640000,0.00630000,0.00640000,1161837.80000000,1780030799999,7384.06713200,236
1780030800000,0.00641000,0.00641000,0.00635000,0.00636000,1790090.70000000,1780034399999,11399.14995800,189
1780034400000,0.00636000,0.00639000,0.00636000,0.00639000,1208266.00000000,1780037999999,7704.66082700,210
1780038000000,0.00638000,0.00641000,0.00632000,0.00636000,4354153.90000000,1780041599999,27674.62269300,505
1780041600000,0.00635000,0.00643000,0.00635000,0.00637000,2370099.30000000,1780045199999,15132.87591400,412
1780045200000,0.00637000,0.00640000,0.00636000,0.00639000,572052.50000000,1780048799999,3647.48141100,142
1780048800000,0.00638000,0.00641000,0.00635000,0.00640000,1680348.90000000,1780052399999,10739.22971100,312
1780052400000,0.00639000,0.00647000,0.00639000,0.00643000,2681783.90000000,1780055999999,17230.27649700,507
1780056000000,0.00644000,0.00650000,0.00642000,0.00649000,4579325.80000000,1780059599999,29558.91829500,686
1780059600000,0.00648000,0.00654000,0.00644000,0.00647000,14272397.90000000,1780063199999,92701.83273800,2195
1780063200000,0.00648000,0.00649000,0.00632000,0.00641000,10628442.40000000,1780066799999,68055.14466200,1702
1780066800000,0.00640000,0.00663000,0.00639000,0.00660000,32741739.40000000,1780070399999,214458.13901900,3964
1780070400000,0.00660000,0.00694000,0.00660000,0.00683000,41822120.10000000,1780073999999,285728.68760600,4932
1780074000000,0.00685000,0.00703000,0.00682000,0.00690000,29022766.00000000,1780077599999,201488.17610000,3326
1780077600000,0.00689000,0.00741000,0.00686000,0.00735000,111218565.30000000,1780081199999,799247.06401000,13933
1780081200000,0.00735000,0.00866000,0.00728000,0.00778000,344265835.90000000,1780084799999,2737165.61227400,43253
1780084800000,0.00778000,0.00799000,0.00714000,0.00726000,128002516.10000000,1780088399999,956912.52185000,11752
1780088400000,0.00726000,0.00729000,0.00700000,0.00723000,58155763.10000000,1780091999999,415749.38964100,5351
1780092000000,0.00724000,0.00732000,0.00717000,0.00718000,28362541.10000000,1780095599999,205284.34749100,2382
1780095600000,0.00718000,0.00726000,0.00707000,0.00715000,15881124.40000000,1780099199999,113621.21119500,1739
1780099200000,0.00715000,0.00733000,0.00710000,0.00728000,16811396.50000000,1780102799999,121029.63673200,1201
1780102800000,0.00727000,0.00740000,0.00718000,0.00721000,19422391.80000000,1780106399999,142261.52696800,1319
1780106400000,0.00721000,0.00734000,0.00714000,0.00732000,22690630.40000000,1780109999999,163793.42560600,1815
1780110000000,0.00731000,0.00734000,0.00714000,0.00731000,19479428.20000000,1780113599999,141259.46071500,1350
1780113600000,0.00731000,0.00731000,0.00707000,0.00717000,19556658.70000000,1780117199999,140068.38570900,1819
1780117200000,0.00717000,0.00749000,0.00715000,0.00748000,29160396.60000000,1780120799999,215107.21105200,2590
1780120800000,0.00748000,0.00781000,0.00736000,0.00756000,83625601.20000000,1780124399999,632790.09052400,8510
1780124400000,0.00755000,0.00757000,0.00704000,0.00705000,42968581.60000000,1780127999999,310532.23548500,4466
1780128000000,0.00706000,0.00709000,0.00696000,0.00701000,17572210.10000000,1780131599999,123145.74777700,1918
1780131600000,0.00702000,0.00703000,0.00688000,0.00689000,19908086.30000000,1780135199999,138232.02972700,2040
1780135200000,0.00688000,0.00693000,0.00682000,0.00686000,18864286.20000000,1780138799999,129569.02743600,1772
1780138800000,0.00686000,0.00686000,0.00675000,0.00683000,14794963.30000000,1780142399999,100490.73843300,1507
1780142400000,0.00682000,0.00695000,0.00678000,0.00681000,13168930.60000000,1780145999999,90369.56483300,1490
1780146000000,0.00682000,0.00692000,0.00682000,0.00689000,11111437.90000000,1780149599999,76331.42582800,1238
1780149600000,0.00688000,0.00694000,0.00687000,0.00688000,12410780.70000000,1780153199999,85614.93522500,1655
1780153200000,0.00688000,0.00690000,0.00680000,0.00681000,8051300.00000000,1780156799999,55177.09667000,1157
1780156800000,0.00681000,0.00687000,0.00679000,0.00685000,5214342.30000000,1780160399999,35608.50285800,891
1780160400000,0.00685000,0.00685000,0.00678000,0.00679000,4069317.50000000,1780163999999,27701.58230600,815
1780164000000,0.00680000,0.00685000,0.00678000,0.00682000,9543502.80000000,1780167599999,65000.82888300,1160
1780167600000,0.00682000,0.00691000,0.00681000,0.00690000,9111657.50000000,1780171199999,62493.15089700,954
1780171200000,0.00690000,0.00695000,0.00690000,0.00693000,2869651.80000000,1780174799999,19867.24845700,551
1780174800000,0.00694000,0.00698000,0.00688000,0.00688000,3971047.00000000,1780178399999,27534.04703500,622
1780178400000,0.00688000,0.00691000,0.00685000,0.00687000,2316665.70000000,1780181999999,15933.57896900,468
1780182000000,0.00687000,0.00689000,0.00682000,0.00686000,3251349.70000000,1780185599999,22286.84583600,674
1780185600000,0.00686000,0.00692000,0.00682000,0.00690000,2812241.30000000,1780189199999,19329.69032500,630
1780189200000,0.00690000,0.00698000,0.00690000,0.00693000,8290991.50000000,1780192799999,57542.45256200,1423
1780192800000,0.00693000,0.00719000,0.00692000,0.00714000,18484699.60000000,1780196399999,131273.45404600,3917
1780196400000,0.00714000,0.00716000,0.00709000,0.00712000,4384047.70000000,1780199999999,31252.81269700,830
1780200000000,0.00712000,0.00723000,0.00709000,0.00709000,4888807.60000000,1780203599999,34949.49644100,870
1780203600000,0.00708000,0.00712000,0.00705000,0.00709000,1687457.10000000,1780207199999,11936.11030200,362
1780207200000,0.00709000,0.00709000,0.00698000,0.00703000,7166868.40000000,1780210799999,50274.23156300,1108
1780210800000,0.00702000,0.00702000,0.00688000,0.00694000,8632495.30000000,1780214399999,59959.67796600,1173
1780214400000,0.00693000,0.00697000,0.00685000,0.00688000,5562050.60000000,1780217999999,38407.00698500,743
1780218000000,0.00688000,0.00691000,0.00683000,0.00684000,8823522.90000000,1780221599999,60571.09265300,842
1780221600000,0.00685000,0.00690000,0.00682000,0.00686000,5887355.20000000,1780225199999,40308.30092500,890
1780225200000,0.00686000,0.00691000,0.00686000,0.00688000,1672811.20000000,1780228799999,11515.22146400,352
1780228800000,0.00688000,0.00701000,0.00687000,0.00699000,13033247.30000000,1780232399999,90346.22343800,1111
1780232400000,0.00698000,0.00708000,0.00698000,0.00708000,14271623.60000000,1780235999999,100211.70232400,1893
1780236000000,0.00707000,0.00755000,0.00701000,0.00707000,131540526.40000000,1780239599999,956138.33036100,18446
1780239600000,0.00707000,0.00726000,0.00702000,0.00709000,35585945.40000000,1780243199999,253946.12222400,4561
1780243200000,0.00709000,0.00724000,0.00707000,0.00721000,21895035.50000000,1780246799999,156929.65936300,2476
1780246800000,0.00721000,0.00724000,0.00714000,0.00722000,10720825.20000000,1780250399999,77023.68063800,2109
1780250400000,0.00722000,0.00732000,0.00716000,0.00726000,12474609.40000000,1780253999999,90502.18549800,2345
1780254000000,0.00725000,0.00731000,0.00719000,0.00727000,14357894.50000000,1780257599999,103903.92471200,2470
1780257600000,0.00727000,0.00743000,0.00726000,0.00740000,8317318.50000000,1780261199999,61304.98732400,1494
1780261200000,0.00740000,0.00742000,0.00722000,0.00730000,10568928.00000000,1780264799999,77120.69987100,2138
1780264800000,0.00730000,0.00733000,0.00721000,0.00721000,10401635.80000000,1780268399999,75582.60544000,1662
1780268400000,0.00721000,0.00729000,0.00719000,0.00722000,5014365.10000000,1780271999999,36181.60293800,953
1780272000000,0.00722000,0.00728000,0.00720000,0.00727000,5401889.80000000,1780275599999,39080.09776600,796
1780275600000,0.00727000,0.00740000,0.00722000,0.00731000,6913742.90000000,1780279199999,50521.07746400,1313
1780279200000,0.00731000,0.00737000,0.00719000,0.00728000,8960362.40000000,1780282799999,65150.00874100,1904
1780282800000,0.00728000,0.00732000,0.00720000,0.00723000,3145956.40000000,1780286399999,22864.08137100,984
1780286400000,0.00723000,0.00733000,0.00720000,0.00731000,5004782.30000000,1780289999999,36309.21998100,822
1780290000000,0.00732000,0.00737000,0.00727000,0.00737000,3156568.50000000,1780293599999,23062.17449900,636
1780293600000,0.00737000,0.00738000,0.00722000,0.00729000,9079702.20000000,1780297199999,66094.04520800,1851
1780297200000,0.00729000,0.00748000,0.00729000,0.00733000,19585146.90000000,1780300799999,144927.39430100,3400
1780300800000,0.00733000,0.00734000,0.00707000,0.00716000,20806054.70000000,1780304399999,149430.61786600,3161
1780304400000,0.00717000,0.00725000,0.00706000,0.00720000,18517939.30000000,1780307999999,132905.59786000,2049
1780308000000,0.00719000,0.00720000,0.00702000,0.00714000,7539836.40000000,1780311599999,53581.37951500,1118
1780311600000,0.00714000,0.00728000,0.00714000,0.00726000,5231221.60000000,1780315199999,37824.66354500,1014
1780315200000,0.00727000,0.00727000,0.00712000,0.00727000,11193572.90000000,1780318799999,80611.77234400,1765
1780318800000,0.00727000,0.00729000,0.00716000,0.00725000,11997996.40000000,1780322399999,86672.47304300,1857
1780322400000,0.00725000,0.00731000,0.00716000,0.00721000,9040499.30000000,1780325999999,65329.41703700,1503
1780326000000,0.00721000,0.00777000,0.00718000,0.00742000,69584478.50000000,1780329599999,528247.14586600,12980
1780329600000,0.00743000,0.00763000,0.00735000,0.00752000,29060156.80000000,1780333199999,217309.97722700,4096
1780333200000,0.00751000,0.00751000,0.00733000,0.00743000,13414781.50000000,1780336799999,99423.91633300,2230
1780336800000,0.00742000,0.00744000,0.00736000,0.00738000,3099873.20000000,1780340399999,22951.20264300,569
1780340400000,0.00739000,0.00743000,0.00735000,0.00738000,5259326.00000000,1780343999999,38865.75625400,1108
1780344000000,0.00739000,0.00745000,0.00737000,0.00744000,4039798.20000000,1780347599999,29940.33138200,690
1780347600000,0.00744000,0.00744000,0.00733000,0.00735000,6538850.60000000,1780351199999,48345.16580200,1222
1780351200000,0.00735000,0.00735000,0.00724000,0.00733000,6156859.90000000,1780354799999,44861.35203000,675
1780354800000,0.00733000,0.00735000,0.00730000,0.00734000,3331392.50000000,1780358399999,24397.13955800,554
1780358400000,0.00733000,0.00733000,0.00720000,0.00724000,3888381.20000000,1780361999999,28114.91398200,604
1780362000000,0.00724000,0.00727000,0.00714000,0.00714000,10244582.90000000,1780365599999,74183.51280400,1846
1780365600000,0.00714000,0.00715000,0.00697000,0.00715000,12851083.10000000,1780369199999,90723.48182300,1710
1780369200000,0.00715000,0.00719000,0.00713000,0.00713000,1735729.40000000,1780372799999,12428.80430100,393
1780372800000,0.00713000,0.00713000,0.00705000,0.00707000,2479818.60000000,1780376399999,17577.79350900,394
1780376400000,0.00706000,0.00711000,0.00698000,0.00700000,5050213.20000000,1780379999999,35507.48096100,721
1780380000000,0.00701000,0.00711000,0.00701000,0.00706000,3777965.50000000,1780383599999,26631.48917400,691
1780383600000,0.00707000,0.00707000,0.00698000,0.00701000,7744801.90000000,1780387199999,54351.57070000,1082
1780387200000,0.00701000,0.00704000,0.00698000,0.00702000,4407742.80000000,1780390799999,30906.68177200,740
1780390800000,0.00703000,0.00705000,0.00694000,0.00696000,8191335.90000000,1780394399999,57311.34622800,1256
1780394400000,0.00697000,0.00705000,0.00693000,0.00705000,2823974.40000000,1780397999999,19781.93362700,429
1780398000000,0.00705000,0.00707000,0.00702000,0.00707000,1291233.70000000,1780401599999,9098.07282500,287
1780401600000,0.00707000,0.00727000,0.00701000,0.00703000,23101761.70000000,1780405199999,164928.24670800,3297
1780405200000,0.00703000,0.00706000,0.00699000,0.00700000,5875471.50000000,1780408799999,41306.94760700,625
1780408800000,0.00700000,0.00701000,0.00672000,0.00689000,18843720.20000000,1780412399999,128874.95580800,3424
1780412400000,0.00689000,0.00694000,0.00628000,0.00649000,112575904.10000000,1780415999999,741307.42120000,13313
1780416000000,0.00650000,0.00669000,0.00646000,0.00655000,21913031.30000000,1780419599999,144392.85280900,3267
1780419600000,0.00656000,0.00666000,0.00656000,0.00661000,8312580.60000000,1780423199999,54950.20872200,1076
1780423200000,0.00661000,0.00665000,0.00653000,0.00655000,4861485.00000000,1780426799999,32002.93438600,586
1780426800000,0.00655000,0.00657000,0.00639000,0.00646000,9105865.60000000,1780430399999,58967.48881000,1561
1780430400000,0.00646000,0.00655000,0.00642000,0.00655000,5145124.60000000,1780433999999,33394.21655000,743
1780434000000,0.00656000,0.00658000,0.00652000,0.00654000,2558801.30000000,1780437599999,16744.46075000,396
1780437600000,0.00653000,0.00653000,0.00636000,0.00636000,6938002.50000000,1780441199999,44805.77839400,1011
1780441200000,0.00637000,0.00645000,0.00623000,0.00640000,8839204.70000000,1780444799999,55987.87461200,1195
1780444800000,0.00640000,0.00656000,0.00640000,0.00654000,3703904.10000000,1780448399999,24088.37297900,715
1780448400000,0.00654000,0.00657000,0.00642000,0.00647000,11396139.90000000,1780451999999,73798.96690200,1201
1780452000000,0.00646000,0.00648000,0.00641000,0.00648000,3365152.10000000,1780455599999,21666.37389100,766
1780455600000,0.00649000,0.00650000,0.00635000,0.00640000,5325052.80000000,1780459199999,34145.73984400,945
1780459200000,0.00640000,0.00653000,0.00640000,0.00653000,3671221.00000000,1780462799999,23788.88155300,738
1780462800000,0.00653000,0.00663000,0.00652000,0.00662000,2655310.40000000,1780466399999,17526.85290600,445
1780466400000,0.00663000,0.00666000,0.00658000,0.00663000,5473146.40000000,1780469999999,36172.87691600,455
1780470000000,0.00662000,0.00666000,0.00658000,0.00660000,11240007.10000000,1780473599999,74324.88015200,1116
1780473600000,0.00660000,0.00661000,0.00654000,0.00656000,3761824.90000000,1780477199999,24679.86336300,672
1780477200000,0.00656000,0.00663000,0.00652000,0.00660000,4690293.60000000,1780480799999,30856.42453500,962
1780480800000,0.00660000,0.00668000,0.00660000,0.00666000,2503563.90000000,1780484399999,16641.42611700,467
1780484400000,0.00666000,0.00671000,0.00662000,0.00665000,3464616.70000000,1780487999999,23123.44756100,416
1780488000000,0.00665000,0.00665000,0.00660000,0.00665000,3034786.80000000,1780491599999,20116.69556500,482
1780491600000,0.00664000,0.00676000,0.00661000,0.00673000,8037825.70000000,1780495199999,53716.21700400,1364
1780495200000,0.00672000,0.00672000,0.00665000,0.00667000,6652393.30000000,1780498799999,44536.61435300,897
1780498800000,0.00666000,0.00666000,0.00657000,0.00657000,3986626.30000000,1780502399999,26338.21068000,567
1780502400000,0.00657000,0.00662000,0.00647000,0.00659000,11048629.10000000,1780505999999,72476.25550600,898
1780506000000,0.00659000,0.00661000,0.00653000,0.00659000,2611613.00000000,1780509599999,17176.40141600,485
1780509600000,0.00660000,0.00664000,0.00654000,0.00663000,2940911.50000000,1780513199999,19318.74352300,361
1780513200000,0.00663000,0.00672000,0.00660000,0.00664000,7358168.90000000,1780516799999,48823.95924200,867
1780516800000,0.00663000,0.00668000,0.00650000,0.00652000,4612337.70000000,1780520399999,30392.62271400,680
1780520400000,0.00652000,0.00670000,0.00650000,0.00668000,3879163.70000000,1780523999999,25660.01338300,517
1780524000000,0.00668000,0.00669000,0.00659000,0.00661000,2124182.30000000,1780527599999,14094.11201800,498
1780527600000,0.00660000,0.00660000,0.00649000,0.00651000,1764290.10000000,1780531199999,11520.58611600,312
1780531200000,0.00651000,0.00657000,0.00643000,0.00646000,4236695.70000000,1780534799999,27515.45436300,918
1780534800000,0.00646000,0.00647000,0.00619000,0.00620000,7244274.00000000,1780538399999,45859.98873400,1183
1780538400000,0.00621000,0.00621000,0.00590000,0.00619000,29929672.20000000,1780541999999,181922.88331500,4736
1780542000000,0.00619000,0.00634000,0.00618000,0.00630000,5054891.40000000,1780545599999,31751.96060100,877
1780545600000,0.00631000,0.00634000,0.00624000,0.00626000,1966822.80000000,1780549199999,12389.84482200,384
1780549200000,0.00625000,0.00628000,0.00618000,0.00628000,4966426.50000000,1780552799999,30959.15543700,786
1780552800000,0.00628000,0.00630000,0.00626000,0.00627000,1997388.10000000,1780556399999,12546.89202900,424
1780556400000,0.00627000,0.00628000,0.00616000,0.00618000,6927119.40000000,1780559999999,42981.14707800,886
1780560000000,0.00617000,0.00621000,0.00611000,0.00620000,9087140.30000000,1780563599999,56163.93301200,935
1780563600000,0.00619000,0.00619000,0.00601000,0.00611000,24614454.60000000,1780567199999,149626.86963900,2595
1780567200000,0.00611000,0.00616000,0.00598000,0.00602000,19013690.50000000,1780570799999,115369.86730300,1875
1780570800000,0.00603000,0.00604000,0.00595000,0.00603000,6519075.50000000,1780574399999,39047.12287800,1029
1780574400000,0.00603000,0.00618000,0.00599000,0.00616000,6575813.10000000,1780577999999,40129.98935900,1232
1780578000000,0.00616000,0.00622000,0.00609000,0.00622000,5709483.10000000,1780581599999,35150.32311400,1024
1780581600000,0.00623000,0.00623000,0.00614000,0.00616000,7315659.30000000,1780585199999,45220.79108500,1041
1780585200000,0.00616000,0.00634000,0.00616000,0.00620000,14170945.80000000,1780588799999,89052.38793200,2166
1780588800000,0.00621000,0.00621000,0.00614000,0.00614000,3996339.20000000,1780592399999,24625.52743600,636
1780592400000,0.00614000,0.00617000,0.00608000,0.00611000,8105726.90000000,1780595999999,49590.70930800,964
1780596000000,0.00611000,0.00615000,0.00605000,0.00610000,3583022.90000000,1780599599999,21884.32178100,525
1780599600000,0.00610000,0.00613000,0.00601000,0.00603000,3521301.00000000,1780603199999,21366.71436800,715
1780603200000,0.00603000,0.00604000,0.00598000,0.00602000,5117206.30000000,1780606799999,30751.13854700,672
1780606800000,0.00601000,0.00603000,0.00582000,0.00589000,9693014.60000000,1780610399999,57300.80700200,1553
1780610400000,0.00589000,0.00594000,0.00583000,0.00590000,8150383.40000000,1780613999999,47976.95721600,1313
1780614000000,0.00590000,0.00617000,0.00590000,0.00607000,17966747.20000000,1780617599999,108868.19224600,3055
1780617600000,0.00607000,0.00609000,0.00604000,0.00607000,3205577.30000000,1780621199999,19470.23231600,321
1780621200000,0.00607000,0.00607000,0.00599000,0.00603000,3290517.10000000,1780624799999,19801.62678900,570
1780624800000,0.00602000,0.00603000,0.00585000,0.00587000,5305812.70000000,1780628399999,31486.98669000,1180
1780628400000,0.00587000,0.00590000,0.00583000,0.00583000,2036968.30000000,1780631999999,11941.03931600,515
1780632000000,0.00583000,0.00593000,0.00577000,0.00592000,8662685.80000000,1780635599999,50649.03972600,1262
1780635600000,0.00592000,0.00592000,0.00576000,0.00579000,3290061.00000000,1780639199999,19255.17095300,741
1780639200000,0.00579000,0.00580000,0.00547000,0.00559000,17559284.40000000,1780642799999,98428.58618100,3307
1780642800000,0.00560000,0.00569000,0.00548000,0.00567000,13250976.40000000,1780646399999,74103.59661700,1742
1780646400000,0.00567000,0.00568000,0.00560000,0.00562000,6045206.60000000,1780649999999,34118.13563500,895
1780650000000,0.00563000,0.00576000,0.00563000,0.00575000,4231962.30000000,1780653599999,24182.63616000,741
1780653600000,0.00576000,0.00579000,0.00571000,0.00573000,3078867.00000000,1780657199999,17715.88891600,369
1780657200000,0.00573000,0.00576000,0.00567000,0.00569000,2847924.50000000,1780660799999,16251.55639600,523
1780660800000,0.00569000,0.00573000,0.00565000,0.00569000,4179409.60000000,1780664399999,23744.17658600,812
1780664400000,0.00569000,0.00576000,0.00557000,0.00557000,7830471.10000000,1780667999999,44636.10863200,975
1780668000000,0.00557000,0.00570000,0.00557000,0.00569000,8609248.90000000,1780671599999,48503.29560800,1472
1780671600000,0.00569000,0.00569000,0.00551000,0.00557000,10434084.50000000,1780675199999,58428.36076100,1530
1780675200000,0.00557000,0.00562000,0.00547000,0.00560000,17240005.40000000,1780678799999,95492.92212100,2317
1780678800000,0.00560000,0.00561000,0.00552000,0.00555000,6164306.50000000,1780682399999,34310.12364600,1075
1780682400000,0.00555000,0.00556000,0.00534000,0.00536000,13407573.50000000,1780685999999,72834.23502800,2055
1780686000000,0.00536000,0.00551000,0.00530000,0.00548000,8630518.30000000,1780689599999,46491.44865800,1528
1780689600000,0.00548000,0.00558000,0.00545000,0.00555000,8651124.30000000,1780693199999,47886.22807200,1076
1780693200000,0.00555000,0.00560000,0.00552000,0.00557000,4383031.60000000,1780696799999,24351.83479500,598
1780696800000,0.00557000,0.00557000,0.00552000,0.00556000,2325555.10000000,1780700399999,12895.36073100,362
1780700400000,0.00556000,0.00556000,0.00543000,0.00551000,4711453.10000000,1780703999999,25848.69729700,568
1780704000000,0.00552000,0.00559000,0.00552000,0.00558000,4505496.30000000,1780707599999,25044.43642200,608
1780707600000,0.00558000,0.00559000,0.00554000,0.00555000,2401666.60000000,1780711199999,13364.49731100,480
1780711200000,0.00555000,0.00555000,0.00548000,0.00548000,2364858.40000000,1780714799999,13034.70590800,276
1780714800000,0.00548000,0.00549000,0.00541000,0.00544000,4110932.50000000,1780718399999,22342.02473800,325
1780718400000,0.00543000,0.00544000,0.00515000,0.00520000,12436364.30000000,1780721999999,65341.45764000,2001
1780722000000,0.00519000,0.00541000,0.00516000,0.00540000,9372913.80000000,1780725599999,49665.37577500,1336
1780725600000,0.00541000,0.00544000,0.00537000,0.00538000,6348820.10000000,1780729199999,34357.29146400,1003
1780729200000,0.00538000,0.00546000,0.00537000,0.00545000,3237007.90000000,1780732799999,17568.53728700,476
1780732800000,0.00545000,0.00549000,0.00544000,0.00545000,2078216.50000000,1780736399999,11337.48380900,313
1780736400000,0.00545000,0.00547000,0.00538000,0.00539000,3206952.90000000,1780739999999,17418.89305500,380
1780740000000,0.00539000,0.00541000,0.00533000,0.00541000,3882665.70000000,1780743599999,20840.12312300,624
1780743600000,0.00541000,0.00544000,0.00539000,0.00542000,3591721.50000000,1780747199999,19466.71351900,379
1780747200000,0.00542000,0.00542000,0.00534000,0.00542000,2152300.60000000,1780750799999,11598.24395400,413
1780750800000,0.00541000,0.00545000,0.00540000,0.00542000,1750300.20000000,1780754399999,9483.13118600,273
1780754400000,0.00542000,0.00550000,0.00541000,0.00547000,8366777.60000000,1780757999999,45681.88873100,683
1780758000000,0.00547000,0.00554000,0.00542000,0.00552000,7926030.70000000,1780761599999,43418.83276100,1212
1780761600000,0.00552000,0.00556000,0.00547000,0.00551000,6229668.00000000,1780765199999,34367.35517200,788
1780765200000,0.00551000,0.00551000,0.00540000,0.00541000,3992563.30000000,1780768799999,21747.01960800,440
1780768800000,0.00542000,0.00546000,0.00539000,0.00543000,4367957.80000000,1780772399999,23667.50518300,528
1780772400000,0.00544000,0.00549000,0.00541000,0.00541000,2236918.50000000,1780775999999,12219.89831300,226
1780776000000,0.00541000,0.00544000,0.00538000,0.00543000,2865464.20000000,1780779599999,15494.11761700,293
1780779600000,0.00543000,0.00548000,0.00543000,0.00545000,1860900.20000000,1780783199999,10154.11526500,233
1780783200000,0.00545000,0.00547000,0.00544000,0.00545000,1371401.50000000,1780786799999,7475.59357700,202
1780786800000,0.00544000,0.00546000,0.00543000,0.00546000,1191882.10000000,1780790399999,6490.73792000,191
1780790400000,0.00546000,0.00551000,0.00546000,0.00548000,1683970.20000000,1780793999999,9231.58649600,163
1780794000000,0.00547000,0.00557000,0.00547000,0.00555000,3428122.40000000,1780797599999,19022.23975100,628
1780797600000,0.00555000,0.00556000,0.00550000,0.00554000,1739599.70000000,1780801199999,9628.65307600,301
1780801200000,0.00553000,0.00555000,0.00552000,0.00552000,962324.90000000,1780804799999,5323.97856200,146
1780804800000,0.00552000,0.00553000,0.00549000,0.00551000,768539.00000000,1780808399999,4233.15542000,122
1780808400000,0.00551000,0.00556000,0.00550000,0.00556000,1982068.50000000,1780811999999,10961.52442600,348
1780812000000,0.00555000,0.00559000,0.00553000,0.00556000,2517691.60000000,1780815599999,14007.28054300,387
1780815600000,0.00555000,0.00557000,0.00554000,0.00557000,1913029.90000000,1780819199999,10644.53341800,264
1780819200000,0.00557000,0.00565000,0.00554000,0.00565000,2107458.70000000,1780822799999,11801.12552500,251
1780822800000,0.00565000,0.00566000,0.00558000,0.00558000,1753682.80000000,1780826399999,9834.50707300,244
1780826400000,0.00558000,0.00561000,0.00555000,0.00557000,4450165.70000000,1780829999999,24797.01139000,365
1780830000000,0.00557000,0.00563000,0.00556000,0.00560000,1333118.40000000,1780833599999,7454.55043100,189
1780833600000,0.00560000,0.00561000,0.00551000,0.00556000,6435595.70000000,1780837199999,35699.56909700,718
1780837200000,0.00556000,0.00558000,0.00553000,0.00555000,1630447.50000000,1780840799999,9072.34670400,360
1780840800000,0.00554000,0.00560000,0.00554000,0.00558000,3502992.20000000,1780844399999,19500.96386400,432
1780844400000,0.00558000,0.00558000,0.00553000,0.00555000,2703507.50000000,1780847999999,15023.57503500,431
1780848000000,0.00554000,0.00559000,0.00554000,0.00555000,2433561.60000000,1780851599999,13530.00572700,307
1780851600000,0.00556000,0.00558000,0.00553000,0.00554000,1295651.60000000,1780855199999,7202.81842100,129
1780855200000,0.00555000,0.00557000,0.00550000,0.00550000,1329538.10000000,1780858799999,7343.15341100,191
1780858800000,0.00549000,0.00549000,0.00537000,0.00538000,7521560.00000000,1780862399999,40690.57243500,537
1780862400000,0.00538000,0.00546000,0.00538000,0.00545000,3034888.30000000,1780865999999,16497.39830800,337
1780866000000,0.00544000,0.00547000,0.00542000,0.00546000,2942417.10000000,1780869599999,16011.15085100,418
1780869600000,0.00546000,0.00566000,0.00545000,0.00555000,8621448.90000000,1780873199999,48206.65247500,1293
1780873200000,0.00555000,0.00557000,0.00554000,0.00555000,1117412.40000000,1780876799999,6203.56341200,192
1780876800000,0.00556000,0.00562000,0.00554000,0.00559000,1463791.60000000,1780880399999,8164.26740700,171
1780880400000,0.00559000,0.00559000,0.00550000,0.00555000,1846014.20000000,1780883999999,10208.36028700,339
1780884000000,0.00555000,0.00556000,0.00552000,0.00553000,1758511.80000000,1780887599999,9753.78754800,126
1780887600000,0.00553000,0.00555000,0.00551000,0.00553000,1801161.70000000,1780891199999,9937.55082000,150
1780891200000,0.00554000,0.00554000,0.00546000,0.00548000,5582329.10000000,1780894799999,30593.90616100,291
1780894800000,0.00547000,0.00550000,0.00546000,0.00548000,1377471.20000000,1780898399999,7547.60778400,143
1780898400000,0.00548000,0.00556000,0.00548000,0.00553000,1892687.10000000,1780901999999,10472.49708600,289
1780902000000,0.00553000,0.00556000,0.00551000,0.00556000,1527760.50000000,1780905599999,8462.73599700,216
1780905600000,0.00555000,0.00557000,0.00549000,0.00551000,1441207.90000000,1780909199999,7965.06715600,292
1780909200000,0.00551000,0.00554000,0.00548000,0.00554000,6792804.10000000,1780912799999,37435.50691100,871
1780912800000,0.00554000,0.00555000,0.00550000,0.00555000,1952626.70000000,1780916399999,10788.29842000,362
1780916400000,0.00556000,0.00564000,0.00554000,0.00559000,4093309.70000000,1780919999999,22855.28513600,463
1780920000000,0.00560000,0.00562000,0.00555000,0.00561000,2209127.50000000,1780923599999,12326.91912600,390
1780923600000,0.00560000,0.00560000,0.00557000,0.00557000,1782566.40000000,1780927199999,9959.48464900,246
1780927200000,0.00557000,0.00558000,0.00555000,0.00558000,1635321.50000000,1780930799999,9094.21005600,237
1780930800000,0.00559000,0.00563000,0.00555000,0.00555000,2398530.50000000,1780934399999,13434.50142100,247
1780934400000,0.00556000,0.00561000,0.00556000,0.00557000,2688663.10000000,1780937999999,15020.67238900,348
1780938000000,0.00557000,0.00558000,0.00553000,0.00558000,3971209.00000000,1780941599999,22040.18513700,304
1780941600000,0.00559000,0.00559000,0.00554000,0.00555000,1471412.10000000,1780945199999,8194.51469200,89
1780945200000,0.00555000,0.00555000,0.00550000,0.00551000,684884.20000000,1780948799999,3780.57154000,71
1780948800000,0.00551000,0.00552000,0.00548000,0.00552000,584365.70000000,1780952399999,3207.78461600,73
1780952400000,0.00553000,0.00557000,0.00553000,0.00554000,4936118.60000000,1780955999999,27405.55670400,265
1780956000000,0.00553000,0.00553000,0.00546000,0.00549000,1449295.60000000,1780959599999,7969.92829600,112
1780959600000,0.00550000,0.00550000,0.00541000,0.00543000,2636407.80000000,1780963199999,14361.10783300,288
1780963200000,0.00544000,0.00544000,0.00526000,0.00530000,4174472.20000000,1780966799999,22240.84968400,309
1780966800000,0.00530000,0.00534000,0.00529000,0.00531000,6721643.60000000,1780970399999,35791.25330000,315
1780970400000,0.00531000,0.00531000,0.00520000,0.00523000,2415783.20000000,1780973999999,12695.51050000,235
1780974000000,0.00524000,0.00527000,0.00522000,0.00527000,1537155.30000000,1780977599999,8063.02719500,140
1780977600000,0.00526000,0.00532000,0.00523000,0.00530000,1806368.60000000,1780981199999,9521.35436600,190
1780981200000,0.00529000,0.00535000,0.00528000,0.00533000,601930.40000000,1780984799999,3205.38875300,91
1780984800000,0.00532000,0.00532000,0.00529000,0.00530000,1845948.10000000,1780988399999,9794.89007700,146
1780988400000,0.00530000,0.00532000,0.00526000,0.00529000,2740696.50000000,1780991999999,14511.01903000,195
1780992000000,0.00528000,0.00530000,0.00525000,0.00527000,3428208.70000000,1780995599999,18062.35160800,368
1780995600000,0.00526000,0.00526000,0.00520000,0.00522000,2748004.10000000,1780999199999,14362.50707400,324
1780999200000,0.00522000,0.00523000,0.00519000,0.00521000,1443605.00000000,1781002799999,7518.15561800,221
1781002800000,0.00521000,0.00524000,0.00520000,0.00524000,524095.80000000,1781006399999,2733.44307700,93
1781006400000,0.00525000,0.00527000,0.00522000,0.00522000,1858274.70000000,1781009999999,9773.86116300,226
1781010000000,0.00523000,0.00527000,0.00490000,0.00501000,43824394.10000000,1781013599999,223016.38102900,3674
1781013600000,0.00501000,0.00505000,0.00483000,0.00498000,50910453.40000000,1781017199999,251675.45657700,6749
1781017200000,0.00498000,0.00502000,0.00490000,0.00492000,8457733.30000000,1781020799999,41990.19823600,1193
1781020800000,0.00492000,0.00494000,0.00484000,0.00492000,13629718.70000000,1781024399999,66658.99626900,1595
1781024400000,0.00493000,0.00501000,0.00493000,0.00495000,7837448.30000000,1781027999999,38917.12433400,1200
1781028000000,0.00495000,0.00499000,0.00493000,0.00498000,4380273.60000000,1781031599999,21773.01832100,524
1781031600000,0.00499000,0.00505000,0.00499000,0.00503000,5760658.10000000,1781035199999,28894.78267900,728
1781035200000,0.00502000,0.00504000,0.00499000,0.00499000,1328370.80000000,1781038799999,6653.94526000,151
1781038800000,0.00499000,0.00499000,0.00491000,0.00492000,3125661.90000000,1781042399999,15519.75912400,457
1781042400000,0.00492000,0.00497000,0.00492000,0.00492000,1763721.00000000,1781045999999,8713.34774600,321
1781046000000,0.00492000,0.00496000,0.00491000,0.00494000,2344876.30000000,1781049599999,11576.20298900,312
1781049600000,0.00495000,0.00499000,0.00492000,0.00498000,2515208.90000000,1781053199999,12473.84444500,461
1781053200000,0.00498000,0.00502000,0.00496000,0.00502000,2361803.70000000,1781056799999,11774.51863400,350
1781056800000,0.00502000,0.00503000,0.00497000,0.00500000,2577360.30000000,1781060399999,12898.95196200,285
1781060400000,0.00499000,0.00501000,0.00496000,0.00498000,3660129.50000000,1781063999999,18271.84509600,345
1781064000000,0.00497000,0.00498000,0.00492000,0.00493000,2504639.90000000,1781067599999,12392.69486200,307
1781067600000,0.00492000,0.00497000,0.00491000,0.00495000,2623876.30000000,1781071199999,12972.42017700,287
1781071200000,0.00494000,0.00504000,0.00494000,0.00501000,4746817.00000000,1781074799999,23716.72993600,690
1781074800000,0.00502000,0.00507000,0.00500000,0.00502000,3648688.20000000,1781078399999,18364.12465200,454
1781078400000,0.00501000,0.00501000,0.00493000,0.00496000,3172052.30000000,1781081999999,15767.41271600,473
1781082000000,0.00495000,0.00499000,0.00493000,0.00498000,1929208.00000000,1781085599999,9546.72635900,213
1781085600000,0.00497000,0.00498000,0.00494000,0.00496000,1638716.90000000,1781089199999,8121.12065800,249
1781089200000,0.00495000,0.00496000,0.00486000,0.00488000,7744522.60000000,1781092799999,37923.33026200,1060
1781092800000,0.00486000,0.00496000,0.00485000,0.00494000,10054434.10000000,1781096399999,49280.29226300,1162
1781096400000,0.00494000,0.00507000,0.00494000,0.00504000,8838267.30000000,1781099999999,44183.99069300,847
1781100000000,0.00504000,0.00507000,0.00501000,0.00503000,3288279.40000000,1781103599999,16586.31563600,387
1781103600000,0.00502000,0.00519000,0.00502000,0.00517000,18430986.60000000,1781107199999,94316.84061500,2761
1781107200000,0.00516000,0.00532000,0.00508000,0.00513000,33321501.50000000,1781110799999,173273.69849700,3854
1781110800000,0.00513000,0.00514000,0.00504000,0.00508000,8323410.30000000,1781114399999,42277.37016000,1244
1781114400000,0.00508000,0.00522000,0.00506000,0.00522000,7717811.10000000,1781117999999,39510.09307900,1203
1781118000000,0.00521000,0.00521000,0.00514000,0.00519000,8800123.00000000,1781121599999,45598.81798100,1290
1781121600000,0.00518000,0.00573000,0.00512000,0.00550000,178199661.30000000,1781125199999,974103.81821800,32461
1781125200000,0.00549000,0.00550000,0.00516000,0.00534000,77380344.50000000,1781128799999,408357.03079500,10068
1781128800000,0.00534000,0.00554000,0.00526000,0.00553000,37025066.10000000,1781132399999,199280.78737300,4820
1781132400000,0.00552000,0.00574000,0.00541000,0.00563000,45382899.70000000,1781135999999,253692.66635800,6036
1781136000000,0.00563000,0.00612000,0.00559000,0.00593000,97361137.40000000,1781139599999,568672.54460700,8418
1781139600000,0.00593000,0.00635000,0.00583000,0.00624000,86517086.40000000,1781143199999,528798.76661100,6550
1781143200000,0.00624000,0.00632000,0.00601000,0.00607000,40110794.30000000,1781146799999,246386.24912400,3480
1781146800000,0.00606000,0.00617000,0.00595000,0.00605000,39912436.20000000,1781150399999,240837.18752100,4227
1781150400000,0.00606000,0.00626000,0.00589000,0.00623000,34865184.60000000,1781153999999,210905.40727900,3910
1781154000000,0.00623000,0.00629000,0.00570000,0.00571000,55864243.40000000,1781157599999,333570.10319900,6556
1781157600000,0.00571000,0.00577000,0.00558000,0.00560000,33776782.90000000,1781161199999,191425.99531300,4923
1781161200000,0.00559000,0.00576000,0.00555000,0.00571000,25890248.00000000,1781164799999,146112.26021700,3794
1781164800000,0.00572000,0.00589000,0.00566000,0.00568000,36534372.40000000,1781168399999,211115.49278600,4171
1781168400000,0.00567000,0.00571000,0.00552000,0.00570000,27016468.90000000,1781171999999,151446.51028800,3861
1781172000000,0.00570000,0.00579000,0.00566000,0.00571000,16100789.30000000,1781175599999,92084.29693100,2578
1781175600000,0.00571000,0.00587000,0.00569000,0.00578000,14543983.20000000,1781179199999,84013.46931700,2400
1781179200000,0.00580000,0.00586000,0.00567000,0.00575000,13713338.90000000,1781182799999,78823.04473100,2715
1781182800000,0.00575000,0.00576000,0.00558000,0.00562000,20911535.30000000,1781186399999,117924.54250000,3680
1781186400000,0.00563000,0.00566000,0.00556000,0.00563000,13073304.90000000,1781189999999,73324.45943300,1921
1781190000000,0.00562000,0.00584000,0.00555000,0.00579000,22377903.10000000,1781193599999,127328.64426700,4551
1781193600000,0.00579000,0.00613000,0.00577000,0.00611000,48094168.40000000,1781197199999,287802.58682700,8895
1781197200000,0.00611000,0.00622000,0.00596000,0.00602000,69958244.80000000,1781200799999,427013.53906700,10956
1781200800000,0.00602000,0.00604000,0.00594000,0.00600000,15196218.00000000,1781204399999,91147.44869400,3312
1781204400000,0.00600000,0.00611000,0.00598000,0.00608000,15727931.10000000,1781207999999,95080.15824500,2719
1781208000000,0.00609000,0.00648000,0.00601000,0.00604000,110789485.30000000,1781211599999,695349.46958000,18378
1781211600000,0.00603000,0.00611000,0.00593000,0.00601000,34129714.50000000,1781215199999,205103.34640200,5255
1781215200000,0.00602000,0.00607000,0.00598000,0.00604000,6999729.00000000,1781218799999,42225.26571700,1601
1781218800000,0.00604000,0.00608000,0.00599000,0.00607000,11872265.50000000,1781222399999,71802.90993400,1949
1781222400000,0.00607000,0.00609000,0.00597000,0.00599000,10457656.00000000,1781225999999,62820.64960800,1095
1781226000000,0.00598000,0.00601000,0.00589000,0.00589000,6965358.20000000,1781229599999,41385.50311500,1132
1781229600000,0.00589000,0.00605000,0.00556000,0.00571000,80640542.90000000,1781233199999,465559.47558700,8361
1781233200000,0.00570000,0.00570000,0.00556000,0.00559000,13386767.40000000,1781236799999,75163.90099000,2558
1781236800000,0.00559000,0.00575000,0.00557000,0.00573000,21584203.40000000,1781240399999,122695.22169800,3840
1781240400000,0.00572000,0.00572000,0.00555000,0.00569000,23913184.30000000,1781243999999,134602.73882900,2537
1781244000000,0.00568000,0.00579000,0.00567000,0.00571000,9608954.40000000,1781247599999,55117.00456700,1632
1781247600000,0.00570000,0.00573000,0.00562000,0.00563000,6297413.00000000,1781251199999,35722.73466000,1001
1781251200000,0.00562000,0.00576000,0.00561000,0.00575000,9890136.60000000,1781254799999,56376.95838000,1697
1781254800000,0.00576000,0.00576000,0.00570000,0.00571000,3244444.50000000,1781258399999,18588.85420500,572
1781258400000,0.00572000,0.00575000,0.00566000,0.00568000,4517959.60000000,1781261999999,25757.45681300,835
1781262000000,0.00567000,0.00600000,0.00567000,0.00581000,31536091.20000000,1781265599999,184477.37992800,5993
1781265600000,0.00580000,0.00585000,0.00576000,0.00580000,6475460.30000000,1781269199999,37635.51357300,1370
1781269200000,0.00580000,0.00593000,0.00579000,0.00588000,15162521.30000000,1781272799999,88858.64769200,2600
1781272800000,0.00588000,0.00612000,0.00588000,0.00602000,13485019.00000000,1781276399999,80781.06046600,2234
1781276400000,0.00603000,0.00605000,0.00592000,0.00594000,10887567.20000000,1781279999999,65175.87118200,2308
1781280000000,0.00594000,0.00605000,0.00588000,0.00599000,8503624.40000000,1781283599999,50803.19665800,1873
1781283600000,0.00599000,0.00599000,0.00589000,0.00595000,4142640.00000000,1781287199999,24607.00848100,1001
1781287200000,0.00595000,0.00595000,0.00584000,0.00585000,6974002.60000000,1781290799999,40928.76225100,1416
1781290800000,0.00585000,0.00593000,0.00585000,0.00588000,6150452.40000000,1781294399999,36220.00985700,1157
1781294400000,0.00588000,0.00590000,0.00582000,0.00582000,12708512.10000000,1781297999999,74510.33438000,1456
1781298000000,0.00582000,0.00589000,0.00579000,0.00581000,5176824.80000000,1781301599999,30153.38127500,825
1781301600000,0.00582000,0.00591000,0.00582000,0.00588000,3278095.40000000,1781305199999,19289.68767900,539
1781305200000,0.00588000,0.00594000,0.00588000,0.00594000,2040621.20000000,1781308799999,12035.56385200,450
1781308800000,0.00594000,0.00597000,0.00589000,0.00592000,2807065.10000000,1781312399999,16652.02786500,546
1781312400000,0.00593000,0.00599000,0.00588000,0.00597000,8163417.40000000,1781315999999,48519.25103900,479
1781316000000,0.00597000,0.00598000,0.00590000,0.00595000,4459741.20000000,1781319599999,26502.16943800,806
1781319600000,0.00595000,0.00634000,0.00595000,0.00619000,59902301.20000000,1781323199999,368292.90650600,7776
1781323200000,0.00619000,0.00622000,0.00601000,0.00604000,20116152.60000000,1781326799999,122987.92808200,3826
1781326800000,0.00605000,0.00608000,0.00584000,0.00585000,20372356.40000000,1781330399999,121116.32422700,3536
1781330400000,0.00585000,0.00587000,0.00581000,0.00584000,5771573.10000000,1781333999999,33725.43749200,1035
1781334000000,0.00585000,0.00608000,0.00581000,0.00595000,42366485.30000000,1781337599999,253337.39662700,7162
1781337600000,0.00595000,0.00612000,0.00590000,0.00599000,23076562.90000000,1781341199999,138874.46040200,2596
1781341200000,0.00599000,0.00614000,0.00594000,0.00601000,26759041.80000000,1781344799999,161686.87836500,3687
1781344800000,0.00601000,0.00653000,0.00601000,0.00634000,98594772.60000000,1781348399999,622933.90445200,15148
1781348400000,0.00634000,0.00642000,0.00628000,0.00639000,28955089.20000000,1781351999999,184024.75380600,6192
1781352000000,0.00639000,0.00643000,0.00624000,0.00624000,13140740.70000000,1781355599999,83469.46691500,3044
1781355600000,0.00624000,0.00628000,0.00619000,0.00625000,7952254.60000000,1781359199999,49607.32436200,1994
1781359200000,0.00625000,0.00628000,0.00619000,0.00625000,7251498.40000000,1781362799999,45165.32825900,1741
1781362800000,0.00626000,0.00669000,0.00626000,0.00652000,51954116.10000000,1781366399999,336662.13016600,9168
1781366400000,0.00651000,0.00653000,0.00636000,0.00638000,10707019.50000000,1781369999999,68974.06790400,2649
1781370000000,0.00637000,0.00658000,0.00635000,0.00638000,28900011.80000000,1781373599999,187576.14198600,4722
1781373600000,0.00638000,0.00643000,0.00623000,0.00624000,21159012.70000000,1781377199999,133852.77119500,2844
1781377200000,0.00624000,0.00628000,0.00620000,0.00625000,6502341.20000000,1781380799999,40560.69138300,1161
1781380800000,0.00625000,0.00629000,0.00621000,0.00627000,4141633.10000000,1781384399999,25900.15111900,898
1781384400000,0.00626000,0.00627000,0.00620000,0.00624000,1819181.40000000,1781387999999,11349.31619300,475
1781388000000,0.00624000,0.00636000,0.00618000,0.00622000,17034103.00000000,1781391599999,106916.53562300,2602
1781391600000,0.00622000,0.00633000,0.00611000,0.00620000,28460113.00000000,1781395199999,176920.31129100,3437
1781395200000,0.00619000,0.00624000,0.00613000,0.00615000,3377393.10000000,1781398799999,20854.52859700,795
1781398800000,0.00615000,0.00625000,0.00613000,0.00621000,5768773.80000000,1781402399999,35595.77143400,706
1781402400000,0.00620000,0.00622000,0.00616000,0.00622000,2313368.00000000,1781405999999,14337.79778600,587
1781406000000,0.00621000,0.00627000,0.00620000,0.00624000,2843124.10000000,1781409599999,17733.03027500,648
1781409600000,0.00623000,0.00624000,0.00614000,0.00615000,6203413.90000000,1781413199999,38288.08006100,716
1781413200000,0.00615000,0.00622000,0.00613000,0.00618000,5253643.50000000,1781416799999,32358.59571000,881
1781416800000,0.00618000,0.00645000,0.00614000,0.00618000,36929356.70000000,1781420399999,232320.39989100,4798
1781420400000,0.00617000,0.00620000,0.00612000,0.00613000,6244803.90000000,1781423999999,38372.14171300,999
1781424000000,0.00612000,0.00618000,0.00610000,0.00614000,6602013.20000000,1781427599999,40585.29853500,949
1781427600000,0.00614000,0.00626000,0.00610000,0.00620000,20497727.40000000,1781431199999,126574.92428300,2650
1781431200000,0.00620000,0.00624000,0.00615000,0.00619000,3794447.90000000,1781434799999,23528.19466600,948
1781434800000,0.00619000,0.00621000,0.00614000,0.00618000,8104453.70000000,1781438399999,50137.10689600,742
1781438400000,0.00618000,0.00621000,0.00612000,0.00615000,2469899.50000000,1781441999999,15218.59753000,608
1781442000000,0.00616000,0.00616000,0.00607000,0.00609000,2497531.50000000,1781445599999,15247.97751900,550
1781445600000,0.00609000,0.00609000,0.00597000,0.00602000,8586664.00000000,1781449199999,51709.02897400,1349
1781449200000,0.00602000,0.00603000,0.00598000,0.00598000,2995485.50000000,1781452799999,17975.33403900,476
1781452800000,0.00598000,0.00602000,0.00598000,0.00601000,3885331.80000000,1781456399999,23304.25947300,414
1781456400000,0.00602000,0.00604000,0.00597000,0.00599000,2528896.50000000,1781459999999,15171.72819200,444
1781460000000,0.00598000,0.00607000,0.00596000,0.00598000,2950735.40000000,1781463599999,17719.97496000,599
1781463600000,0.00597000,0.00600000,0.00595000,0.00597000,2436688.20000000,1781467199999,14542.28141900,513
1781467200000,0.00597000,0.00599000,0.00596000,0.00596000,1634825.70000000,1781470799999,9767.09507000,288
1781470800000,0.00597000,0.00616000,0.00596000,0.00614000,5228889.40000000,1781474399999,31707.07600000,792
1781474400000,0.00614000,0.00631000,0.00611000,0.00613000,31009997.90000000,1781477999999,192191.85687400,2957
1781478000000,0.00613000,0.00616000,0.00609000,0.00616000,5247648.00000000,1781481599999,32132.66885800,1120
1781481600000,0.00616000,0.00618000,0.00612000,0.00615000,3308736.40000000,1781485199999,20341.15729500,650
1781485200000,0.00614000,0.00623000,0.00612000,0.00617000,8826545.90000000,1781488799999,54518.86739800,1556
1781488800000,0.00617000,0.00620000,0.00610000,0.00613000,9615624.10000000,1781492399999,59089.78027700,1455
1781492400000,0.00613000,0.00622000,0.00611000,0.00613000,11523725.60000000,1781495999999,70996.33535300,1339
1781496000000,0.00612000,0.00613000,0.00606000,0.00607000,4002369.20000000,1781499599999,24383.96408400,625
1781499600000,0.00606000,0.00608000,0.00602000,0.00605000,2196595.60000000,1781503199999,13276.36728100,318
1781503200000,0.00605000,0.00608000,0.00603000,0.00606000,1739740.20000000,1781506799999,10531.60950100,260
1781506800000,0.00605000,0.00608000,0.00604000,0.00604000,1058497.50000000,1781510399999,6407.99191500,194
1781510400000,0.00604000,0.00608000,0.00604000,0.00606000,2741102.60000000,1781513999999,16608.47028700,420
1781514000000,0.00605000,0.00609000,0.00604000,0.00607000,2622272.50000000,1781517599999,15900.69306500,515
1781517600000,0.00606000,0.00616000,0.00602000,0.00609000,8653540.70000000,1781521199999,52609.37169100,1610
1781521200000,0.00609000,0.00621000,0.00607000,0.00612000,11400648.50000000,1781524799999,70162.17854900,1447
1781524800000,0.00611000,0.00618000,0.00608000,0.00617000,2085318.60000000,1781528399999,12782.47677100,376
1781528400000,0.00617000,0.00622000,0.00614000,0.00616000,8829734.60000000,1781531999999,54526.86902800,1248
1781532000000,0.00616000,0.00616000,0.00609000,0.00612000,6828172.60000000,1781535599999,41813.88333800,1120
1781535600000,0.00612000,0.00638000,0.00609000,0.00624000,23837330.40000000,1781539199999,148255.23892100,4739
1781539200000,0.00624000,0.00624000,0.00615000,0.00617000,5649883.70000000,1781542799999,34999.70666500,1401
1781542800000,0.00616000,0.00618000,0.00610000,0.00614000,6335397.90000000,1781546399999,38871.57653300,1454
1781546400000,0.00614000,0.00620000,0.00605000,0.00608000,17462461.20000000,1781549999999,106711.29466800,3851
1781550000000,0.00607000,0.00611000,0.00595000,0.00596000,9141493.50000000,1781553599999,54820.99065600,1031
1781553600000,0.00597000,0.00598000,0.00592000,0.00594000,2948532.40000000,1781557199999,17559.61399200,687
1781557200000,0.00593000,0.00593000,0.00584000,0.00587000,6488397.40000000,1781560799999,38144.94463400,966
1781560800000,0.00587000,0.00589000,0.00579000,0.00580000,3117404.00000000,1781564399999,18150.80495000,468
1781564400000,0.00580000,0.00586000,0.00580000,0.00586000,1344258.80000000,1781567999999,7848.35998900,152
1781568000000,0.00587000,0.00592000,0.00582000,0.00583000,3800187.00000000,1781571599999,22336.88939100,760
1781571600000,0.00583000,0.00591000,0.00582000,0.00584000,6582107.20000000,1781575199999,38565.44846900,666
1781575200000,0.00583000,0.00585000,0.00574000,0.00577000,3015211.50000000,1781578799999,17431.09723200,711
1781578800000,0.00577000,0.00577000,0.00534000,0.00560000,100509721.40000000,1781582399999,556500.80243900,10117
1781582400000,0.00560000,0.00561000,0.00549000,0.00552000,6180315.70000000,1781585999999,34317.85882800,1101
1781586000000,0.00553000,0.00558000,0.00553000,0.00556000,4967218.60000000,1781589599999,27602.84240400,705
1781589600000,0.00556000,0.00558000,0.00551000,0.00557000,4818184.70000000,1781593199999,26751.27173700,805
1781593200000,0.00557000,0.00558000,0.00554000,0.00555000,3352390.80000000,1781596799999,18647.88596900,364
1781596800000,0.00554000,0.00559000,0.00552000,0.00559000,3586909.80000000,1781600399999,19919.30332500,629
1781600400000,0.00559000,0.00560000,0.00553000,0.00553000,7033797.10000000,1781603999999,39188.18913000,735
1781604000000,0.00554000,0.00554000,0.00548000,0.00549000,7515727.30000000,1781607599999,41346.29936400,630
1781607600000,0.00549000,0.00553000,0.00547000,0.00553000,3351647.40000000,1781611199999,18441.33599800,551
1781611200000,0.00553000,0.00561000,0.00552000,0.00557000,9699435.70000000,1781614799999,54048.88446400,1280
1781614800000,0.00557000,0.00558000,0.00548000,0.00551000,6903670.70000000,1781618399999,38197.76901100,830
1781618400000,0.00551000,0.00554000,0.00539000,0.00545000,6612919.00000000,1781621999999,36079.81596600,1015
1781622000000,0.00545000,0.00555000,0.00544000,0.00553000,5329643.00000000,1781625599999,29372.65053600,744
1781625600000,0.00553000,0.00555000,0.00548000,0.00551000,3422840.60000000,1781629199999,18893.79757500,713
1781629200000,0.00552000,0.00556000,0.00552000,0.00554000,4916832.50000000,1781632799999,27248.34581600,675
1781632800000,0.00554000,0.00559000,0.00554000,0.00555000,4903457.80000000,1781636399999,27300.30566800,665
1781636400000,0.00555000,0.00557000,0.00552000,0.00552000,5668810.60000000,1781639999999,31449.67848000,621
1781640000000,0.00552000,0.00557000,0.00551000,0.00556000,1722008.60000000,1781643599999,9540.52026800,305
1781643600000,0.00556000,0.00556000,0.00550000,0.00552000,3762508.30000000,1781647199999,20788.27785900,491
1781647200000,0.00551000,0.00553000,0.00549000,0.00553000,4096399.40000000,1781650799999,22558.14363500,492
1781650800000,0.00553000,0.00554000,0.00548000,0.00549000,4358750.50000000,1781654399999,24072.84607400,527
1781654400000,0.00549000,0.00561000,0.00547000,0.00548000,15472169.20000000,1781657999999,85757.88111400,2004
1781658000000,0.00548000,0.00564000,0.00548000,0.00561000,22428566.50000000,1781661599999,124778.29990400,2175
1781661600000,0.00561000,0.00561000,0.00555000,0.00557000,3451010.40000000,1781665199999,19265.93411500,467
1781665200000,0.00557000,0.00563000,0.00555000,0.00562000,2364525.80000000,1781668799999,13220.82572600,409
1781668800000,0.00562000,0.00563000,0.00557000,0.00558000,3797092.20000000,1781672399999,21232.56773000,485
1781672400000,0.00558000,0.00560000,0.00552000,0.00555000,2705451.50000000,1781675999999,15043.76965200,445
1781676000000,0.00555000,0.00570000,0.00555000,0.00562000,11961959.70000000,1781679599999,67658.66488500,2023
1781679600000,0.00562000,0.00562000,0.00555000,0.00560000,8692892.80000000,1781683199999,48525.98348400,1105
1781683200000,0.00559000,0.00563000,0.00554000,0.00559000,9111879.60000000,1781686799999,50883.90191500,1028
1781686800000,0.00559000,0.00574000,0.00559000,0.00566000,18196134.00000000,1781690399999,103240.41472600,2443
1781690400000,0.00566000,0.00571000,0.00555000,0.00556000,11648913.90000000,1781693999999,65418.47098900,1856
1781694000000,0.00556000,0.00559000,0.00554000,0.00556000,5698332.10000000,1781697599999,31698.48700100,827
1781697600000,0.00555000,0.00562000,0.00554000,0.00560000,3574838.70000000,1781701199999,19958.61023300,694
1781701200000,0.00560000,0.00561000,0.00557000,0.00561000,3257504.80000000,1781704799999,18217.58366100,666
1781704800000,0.00560000,0.00565000,0.00560000,0.00563000,5964516.50000000,1781708399999,33571.44298500,1030
1781708400000,0.00563000,0.00571000,0.00562000,0.00571000,5538174.10000000,1781711999999,31416.68677200,885
1781712000000,0.00572000,0.00573000,0.00565000,0.00565000,5161996.40000000,1781715599999,29417.67175900,621
1781715600000,0.00565000,0.00568000,0.00563000,0.00568000,3488507.80000000,1781719199999,19729.87987200,499
1781719200000,0.00567000,0.00567000,0.00552000,0.00560000,17954269.10000000,1781722799999,99756.97152400,2179
1781722800000,0.00561000,0.00561000,0.00543000,0.00549000,10394193.90000000,1781726399999,57220.89367700,1527
1781726400000,0.00549000,0.00557000,0.00548000,0.00557000,8171333.20000000,1781729999999,45123.90511300,704
1781730000000,0.00557000,0.00562000,0.00554000,0.00555000,3789143.30000000,1781733599999,21143.97091900,723
1781733600000,0.00555000,0.00562000,0.00552000,0.00561000,1453425.40000000,1781737199999,8110.90275300,236
1781737200000,0.00561000,0.00563000,0.00560000,0.00561000,1187952.80000000,1781740799999,6674.75814400,223
1781740800000,0.00562000,0.00572000,0.00562000,0.00566000,3775549.40000000,1781744399999,21441.22095000,731
1781744400000,0.00566000,0.00579000,0.00566000,0.00578000,5751439.60000000,1781747999999,32986.31672500,855
1781748000000,0.00578000,0.00581000,0.00574000,0.00581000,4897564.80000000,1781751599999,28233.37930500,696
1781751600000,0.00580000,0.00591000,0.00576000,0.00581000,23491324.50000000,1781755199999,137122.53561700,3987
1781755200000,0.00581000,0.00581000,0.00564000,0.00574000,15865955.70000000,1781758799999,90601.97728500,2374
1781758800000,0.00574000,0.00588000,0.00570000,0.00583000,44138659.90000000,1781762399999,256889.24617900,4649
1781762400000,0.00583000,0.00587000,0.00572000,0.00580000,16145852.50000000,1781765999999,93603.21389900,1462
1781766000000,0.00580000,0.00580000,0.00573000,0.00575000,4372028.50000000,1781769599999,25155.35060600,395
1781769600000,0.00574000,0.00579000,0.00563000,0.00575000,7905872.40000000,1781773199999,45032.54984500,874
1781773200000,0.00575000,0.00579000,0.00569000,0.00571000,14328692.80000000,1781776799999,82284.37437000,590
1781776800000,0.00571000,0.00575000,0.00568000,0.00569000,1118198.80000000,1781780399999,6384.25277200,149
1781780400000,0.00569000,0.00570000,0.00563000,0.00565000,2239746.10000000,1781783999999,12697.71617300,348
1781784000000,0.00563000,0.00572000,0.00560000,0.00564000,8108278.40000000,1781787599999,45864.23541500,1053
1781787600000,0.00563000,0.00565000,0.00555000,0.00557000,3673484.00000000,1781791199999,20591.92602700,856
1781791200000,0.00557000,0.00560000,0.00554000,0.00559000,2803345.10000000,1781794799999,15581.74943100,429
1781794800000,0.00558000,0.00559000,0.00530000,0.00531000,14589313.40000000,1781798399999,79622.53003000,1548
1781798400000,0.00530000,0.00538000,0.00529000,0.00538000,9576499.10000000,1781801999999,51155.48229400,787
1781802000000,0.00537000,0.00537000,0.00531000,0.00535000,3842402.60000000,1781805599999,20559.43294500,741
1781805600000,0.00534000,0.00535000,0.00530000,0.00534000,3917813.10000000,1781809199999,20905.48872900,578
1781809200000,0.00533000,0.00547000,0.00530000,0.00542000,18872114.00000000,1781812799999,101693.75657000,1630
1781812800000,0.00541000,0.00542000,0.00540000,0.00541000,1868100.60000000,1781816399999,10108.03566900,373
1781816400000,0.00540000,0.00540000,0.00537000,0.00539000,3052373.00000000,1781819999999,16441.95113600,559
1781820000000,0.00539000,0.00540000,0.00533000,0.00538000,3363617.80000000,1781823599999,18038.71017900,586
1781823600000,0.00538000,0.00540000,0.00536000,0.00540000,1719461.70000000,1781827199999,9249.04924100,409
1781827200000,0.00541000,0.00543000,0.00540000,0.00540000,1775883.50000000,1781830799999,9608.98064300,330
1781830800000,0.00540000,0.00542000,0.00538000,0.00541000,593091.10000000,1781834399999,3202.24878700,106
1781834400000,0.00542000,0.00543000,0.00539000,0.00543000,1503035.20000000,1781837999999,8128.36576400,244
1781838000000,0.00542000,0.00542000,0.00526000,0.00533000,7567049.50000000,1781841599999,40271.71994600,1110
1781841600000,0.00531000,0.00536000,0.00529000,0.00531000,1664070.00000000,1781845199999,8856.49136300,175
1781845200000,0.00531000,0.00539000,0.00531000,0.00538000,3769243.00000000,1781848799999,20185.38000000,410
1781848800000,0.00537000,0.00542000,0.00537000,0.00540000,7981471.60000000,1781852399999,43003.05912600,559
1781852400000,0.00541000,0.00546000,0.00537000,0.00541000,5470087.60000000,1781855999999,29551.12360600,498
1781856000000,0.00540000,0.00544000,0.00536000,0.00540000,6796296.20000000,1781859599999,36658.24356900,716
1781859600000,0.00539000,0.00542000,0.00538000,0.00540000,3836821.10000000,1781863199999,20730.25889200,618
1781863200000,0.00541000,0.00546000,0.00536000,0.00541000,7973248.60000000,1781866799999,43117.15769700,607
1781866800000,0.00541000,0.00544000,0.00538000,0.00539000,1352137.30000000,1781870399999,7322.28019800,144
1781870400000,0.00538000,0.00541000,0.00535000,0.00540000,2084187.40000000,1781873999999,11238.84508600,179
1781874000000,0.00541000,0.00545000,0.00537000,0.00542000,8631717.60000000,1781877599999,46731.00085800,597
1781877600000,0.00542000,0.00544000,0.00540000,0.00541000,2256133.70000000,1781881199999,12232.25707500,340
1781881200000,0.00541000,0.00568000,0.00541000,0.00549000,19757635.00000000,1781884799999,109237.98730600,3427
1781884800000,0.00549000,0.00552000,0.00543000,0.00544000,8852548.90000000,1781888399999,48547.26272400,946
1781888400000,0.00544000,0.00544000,0.00538000,0.00539000,3810142.70000000,1781891999999,20592.09079800,467
1781892000000,0.00539000,0.00543000,0.00538000,0.00539000,3355279.00000000,1781895599999,18132.68094600,663
1781895600000,0.00539000,0.00539000,0.00533000,0.00535000,6503646.30000000,1781899199999,34921.05437200,439
1781899200000,0.00534000,0.00536000,0.00533000,0.00536000,559967.00000000,1781902799999,2991.14975400,126
1781902800000,0.00535000,0.00535000,0.00528000,0.00530000,1707675.10000000,1781906399999,9078.77595700,318
1781906400000,0.00530000,0.00534000,0.00529000,0.00530000,1933214.40000000,1781909999999,10275.21472000,480
1781910000000,0.00530000,0.00534000,0.00528000,0.00533000,1812610.80000000,1781913599999,9643.25666200,573
1781913600000,0.00534000,0.00540000,0.00533000,0.00536000,13067687.30000000,1781917199999,70169.83106000,1182
1781917200000,0.00535000,0.00540000,0.00533000,0.00539000,2381714.30000000,1781920799999,12766.62427200,700
1781920800000,0.00538000,0.00541000,0.00535000,0.00537000,3351165.70000000,1781924399999,18069.98478800,776
1781924400000,0.00537000,0.00548000,0.00537000,0.00541000,9555197.80000000,1781927999999,51930.59117900,1343
1781928000000,0.00541000,0.00541000,0.00537000,0.00539000,1998597.30000000,1781931599999,10774.43651400,380
1781931600000,0.00540000,0.00546000,0.00540000,0.00542000,8354248.00000000,1781935199999,45347.73297600,839
1781935200000,0.00542000,0.00546000,0.00539000,0.00543000,6056878.90000000,1781938799999,32854.67474100,704
1781938800000,0.00543000,0.00546000,0.00542000,0.00542000,3367677.90000000,1781942399999,18325.37011400,539
1781942400000,0.00542000,0.00545000,0.00538000,0.00542000,5312611.60000000,1781945999999,28755.59580000,829
1781946000000,0.00543000,0.00545000,0.00541000,0.00541000,3417735.00000000,1781949599999,18579.54583400,478
1781949600000,0.00541000,0.00543000,0.00538000,0.00541000,2133870.30000000,1781953199999,11521.93567400,184
1781953200000,0.00541000,0.00545000,0.00541000,0.00542000,5123551.40000000,1781956799999,27857.27332900,555
1781956800000,0.00541000,0.00546000,0.00540000,0.00541000,3608700.40000000,1781960399999,19600.05649000,438
1781960400000,0.00540000,0.00540000,0.00534000,0.00537000,2242225.80000000,1781963999999,12052.75667400,222
1781964000000,0.00537000,0.00544000,0.00532000,0.00541000,3333172.20000000,1781967599999,17930.62315600,405
1781967600000,0.00540000,0.00542000,0.00539000,0.00541000,1918682.80000000,1781971199999,10364.23363400,228
1781971200000,0.00541000,0.00545000,0.00536000,0.00540000,9552074.50000000,1781974799999,51622.27697000,617
1781974800000,0.00540000,0.00542000,0.00538000,0.00540000,1168563.30000000,1781978399999,6307.32855500,363
1781978400000,0.00541000,0.00547000,0.00541000,0.00546000,9065218.90000000,1781981999999,49300.80349200,357
1781982000000,0.00546000,0.00546000,0.00540000,0.00540000,2019460.30000000,1781985599999,10973.60730700,197
1781985600000,0.00540000,0.00543000,0.00538000,0.00538000,8965189.60000000,1781989199999,48461.72971900,524
1781989200000,0.00539000,0.00542000,0.00538000,0.00542000,259973.80000000,1781992799999,1404.98056400,88
1781992800000,0.00542000,0.00544000,0.00541000,0.00542000,906214.80000000,1781996399999,4919.97093900,200
1781996400000,0.00542000,0.00555000,0.00541000,0.00544000,44010493.30000000,1781999999999,240577.36687600,1883
1782000000000,0.00545000,0.00550000,0.00545000,0.00545000,1166241.20000000,1782003599999,6374.93938900,130
1782003600000,0.00544000,0.00548000,0.00540000,0.00546000,2063661.40000000,1782007199999,11193.41035300,257
1782007200000,0.00546000,0.00546000,0.00542000,0.00545000,409518.10000000,1782010799999,2230.83307600,51
1782010800000,0.00546000,0.00547000,0.00541000,0.00543000,1892167.60000000,1782014399999,10286.19022000,204
1782014400000,0.00542000,0.00546000,0.00540000,0.00541000,2834797.00000000,1782017999999,15367.23366300,312
1782018000000,0.00541000,0.00543000,0.00538000,0.00539000,2484698.50000000,1782021599999,13414.56405800,313
1782021600000,0.00539000,0.00543000,0.00539000,0.00542000,460919.10000000,1782025199999,2492.47831800,39
1782025200000,0.00542000,0.00547000,0.00542000,0.00546000,4963633.70000000,1782028799999,27023.66694400,512
1782028800000,0.00546000,0.00548000,0.00539000,0.00541000,6274785.40000000,1782032399999,34014.25843400,934
1782032400000,0.00542000,0.00542000,0.00538000,0.00540000,2278657.10000000,1782035999999,12281.90745600,295
1782036000000,0.00540000,0.00546000,0.00539000,0.00542000,7630542.50000000,1782039599999,41452.77327000,583
1782039600000,0.00542000,0.00545000,0.00538000,0.00539000,3179722.50000000,1782043199999,17206.34430300,433
1782043200000,0.00540000,0.00546000,0.00539000,0.00546000,3045536.70000000,1782046799999,16546.69486500,545
1782046800000,0.00546000,0.00546000,0.00541000,0.00542000,974189.80000000,1782050399999,5297.03636700,209
1782050400000,0.00541000,0.00542000,0.00540000,0.00540000,780730.80000000,1782053999999,4220.23117100,98
1782054000000,0.00539000,0.00546000,0.00539000,0.00542000,3950804.60000000,1782057599999,21425.74438800,628
1782057600000,0.00542000,0.00554000,0.00542000,0.00552000,12480570.30000000,1782061199999,68428.38683300,1311
1782061200000,0.00552000,0.00563000,0.00546000,0.00553000,24958454.80000000,1782064799999,138506.15974200,3067
1782064800000,0.00553000,0.00553000,0.00547000,0.00551000,5018468.10000000,1782068399999,27575.78122000,473
1782068400000,0.00549000,0.00553000,0.00546000,0.00551000,5468593.50000000,1782071999999,30008.94418600,529
1782072000000,0.00550000,0.00551000,0.00546000,0.00547000,2372248.60000000,1782075599999,12996.13127800,293
1782075600000,0.00548000,0.00557000,0.00541000,0.00554000,9258113.00000000,1782079199999,50873.89562300,1532
1782079200000,0.00553000,0.00556000,0.00548000,0.00549000,2210062.00000000,1782082799999,12199.87533800,551
1782082800000,0.00548000,0.00564000,0.00548000,0.00560000,18819422.10000000,1782086399999,105046.37284000,2959
1782086400000,0.00559000,0.00560000,0.00549000,0.00560000,9759228.30000000,1782089999999,54225.58703300,1218
1782090000000,0.00559000,0.00563000,0.00557000,0.00560000,973032.60000000,1782093599999,5457.69766500,112
1782093600000,0.00560000,0.00562000,0.00554000,0.00559000,3769164.50000000,1782097199999,21039.00781300,573
1782097200000,0.00557000,0.00564000,0.00557000,0.00561000,1903890.20000000,1782100799999,10651.49855400,341
1782100800000,0.00561000,0.00568000,0.00559000,0.00566000,4149262.20000000,1782104399999,23368.20250800,917
1782104400000,0.00565000,0.00565000,0.00558000,0.00560000,2678606.20000000,1782107999999,14991.71561600,234
1782108000000,0.00558000,0.00562000,0.00551000,0.00554000,5047084.90000000,1782111599999,28058.92012100,660
1782111600000,0.00555000,0.00555000,0.00550000,0.00553000,3161069.40000000,1782115199999,17480.27397700,348
1782115200000,0.00552000,0.00566000,0.00552000,0.00559000,7704318.50000000,1782118799999,43191.31121900,800
1782118800000,0.00559000,0.00566000,0.00557000,0.00563000,4647715.30000000,1782122399999,26119.37489900,1166
1782122400000,0.00563000,0.00576000,0.00559000,0.00560000,15483616.70000000,1782125999999,87666.29707900,2328
1782126000000,0.00559000,0.00565000,0.00559000,0.00564000,3955039.40000000,1782129599999,22256.64426900,793
1782129600000,0.00564000,0.00565000,0.00558000,0.00561000,4859520.20000000,1782133199999,27250.80903700,519
1782133200000,0.00562000,0.00563000,0.00559000,0.00561000,4114017.50000000,1782136799999,23065.20979100,546
1782136800000,0.00561000,0.00576000,0.00560000,0.00566000,12219213.40000000,1782140399999,69408.63845900,1925
1782140400000,0.00566000,0.00570000,0.00559000,0.00570000,11331287.80000000,1782143999999,64055.56257900,1524
1782144000000,0.00570000,0.00580000,0.00563000,0.00567000,14294732.70000000,1782147599999,81515.58057700,2612
1782147600000,0.00566000,0.00568000,0.00560000,0.00560000,5275573.10000000,1782151199999,29682.48653200,704
1782151200000,0.00560000,0.00564000,0.00559000,0.00559000,2238667.70000000,1782154799999,12560.65558500,363
1782154800000,0.00558000,0.00560000,0.00556000,0.00558000,2092394.50000000,1782158399999,11681.39506900,217
1782158400000,0.00558000,0.00560000,0.00553000,0.00555000,1307471.10000000,1782161999999,7277.09348900,249
1782162000000,0.00554000,0.00557000,0.00550000,0.00553000,1988234.30000000,1782165599999,10995.51725700,262
1782165600000,0.00552000,0.00554000,0.00543000,0.00546000,3559161.90000000,1782169199999,19501.82028300,601
1782169200000,0.00547000,0.00548000,0.00542000,0.00547000,2056894.60000000,1782172799999,11220.40825500,419
1782172800000,0.00547000,0.00554000,0.00545000,0.00553000,3546761.60000000,1782176399999,19483.11944500,545
1782176400000,0.00554000,0.00554000,0.00546000,0.00548000,3111631.20000000,1782179999999,17086.02469600,178
1782180000000,0.00548000,0.00548000,0.00543000,0.00546000,585698.70000000,1782183599999,3192.10886700,67
1782183600000,0.00545000,0.00549000,0.00544000,0.00549000,2350646.30000000,1782187199999,12856.57515700,223
1782187200000,0.00548000,0.00551000,0.00546000,0.00546000,3392718.60000000,1782190799999,18613.43663600,304
1782190800000,0.00546000,0.00546000,0.00537000,0.00543000,10237556.90000000,1782194399999,55433.56217200,753
1782194400000,0.00539000,0.00540000,0.00519000,0.00530000,14125572.30000000,1782197999999,74186.76177400,1655
1782198000000,0.00530000,0.00532000,0.00525000,0.00525000,3038976.10000000,1782201599999,16080.96427300,218
1782201600000,0.00525000,0.00527000,0.00507000,0.00517000,8118722.90000000,1782205199999,41720.32437800,1455
1782205200000,0.00518000,0.00523000,0.00517000,0.00523000,2214837.00000000,1782208799999,11538.65321400,308
1782208800000,0.00523000,0.00524000,0.00518000,0.00520000,1315531.20000000,1782212399999,6853.50531100,167
1782212400000,0.00520000,0.00526000,0.00519000,0.00522000,6725256.60000000,1782215999999,35063.73954000,282
1782216000000,0.00522000,0.00524000,0.00518000,0.00518000,3575541.80000000,1782219599999,18659.14902700,217
1782219600000,0.00519000,0.00520000,0.00513000,0.00519000,4775726.70000000,1782223199999,24691.48623900,602
1782223200000,0.00521000,0.00526000,0.00519000,0.00519000,4082793.00000000,1782226799999,21339.10092100,438
1782226800000,0.00518000,0.00521000,0.00515000,0.00517000,1497614.30000000,1782230399999,7736.71059100,210
1782230400000,0.00517000,0.00523000,0.00517000,0.00519000,1423641.50000000,1782233999999,7420.81559600,220
1782234000000,0.00519000,0.00527000,0.00518000,0.00522000,2465087.60000000,1782237599999,12843.91971800,330
1782237600000,0.00523000,0.00527000,0.00520000,0.00521000,4036045.60000000,1782241199999,21118.65274600,610
1782241200000,0.00521000,0.00525000,0.00521000,0.00525000,4947673.70000000,1782244799999,25808.73485300,399
1782244800000,0.00524000,0.00524000,0.00521000,0.00522000,453292.20000000,1782248399999,2366.04918300,90
1782248400000,0.00522000,0.00523000,0.00520000,0.00523000,872491.30000000,1782251999999,4551.42649300,130
1782252000000,0.00523000,0.00523000,0.00520000,0.00521000,637660.10000000,1782255599999,3328.05425400,137
1782255600000,0.00521000,0.00521000,0.00520000,0.00520000,532349.30000000,1782259199999,2768.48377000,103
1782259200000,0.00521000,0.00525000,0.00521000,0.00523000,401119.40000000,1782262799999,2096.14129300,46
1782262800000,0.00522000,0.00522000,0.00517000,0.00520000,1951286.30000000,1782266399999,10151.68134900,192
1782266400000,0.00519000,0.00519000,0.00516000,0.00517000,1258174.10000000,1782269999999,6508.71252800,194
1782270000000,0.00517000,0.00517000,0.00489000,0.00500000,73282949.00000000,1782273599999,367066.33207100,5407
1782273600000,0.00501000,0.00503000,0.00497000,0.00503000,8381973.60000000,1782277199999,41888.70964700,869
1782277200000,0.00502000,0.00504000,0.00501000,0.00503000,1759681.40000000,1782280799999,8847.20882000,355
1782280800000,0.00503000,0.00505000,0.00502000,0.00505000,2367779.90000000,1782284399999,11922.49593500,207
1782284400000,0.00504000,0.00511000,0.00504000,0.00507000,11033867.50000000,1782287999999,56040.78854100,527
1782288000000,0.00507000,0.00511000,0.00507000,0.00509000,1478032.40000000,1782291599999,7522.54301000,225
1782291600000,0.00509000,0.00512000,0.00508000,0.00511000,2623578.60000000,1782295199999,13373.83050500,304
1782295200000,0.00511000,0.00517000,0.00506000,0.00506000,6535916.30000000,1782298799999,33488.56996800,733
1782298800000,0.00506000,0.00510000,0.00503000,0.00508000,1308647.60000000,1782302399999,6611.06926600,251
1782302400000,0.00508000,0.00510000,0.00503000,0.00504000,4219107.30000000,1782305999999,21385.76440500,275
1782306000000,0.00503000,0.00503000,0.00492000,0.00496000,8425771.00000000,1782309599999,41829.92827500,960
1782309600000,0.00497000,0.00499000,0.00487000,0.00494000,17171154.00000000,1782313199999,84491.50911600,1454
1782313200000,0.00493000,0.00494000,0.00483000,0.00484000,4775636.60000000,1782316799999,23364.08061100,546
1782316800000,0.00484000,0.00486000,0.00458000,0.00464000,30685653.40000000,1782320399999,143633.04506100,3146
1782320400000,0.00464000,0.00467000,0.00452000,0.00457000,17624262.90000000,1782323999999,80852.57713500,3043
1782324000000,0.00458000,0.00470000,0.00456000,0.00466000,5222790.40000000,1782327599999,24129.08414700,810
1782327600000,0.00467000,0.00468000,0.00464000,0.00467000,4439235.10000000,1782331199999,20672.38973000,322
1782331200000,0.00467000,0.00477000,0.00466000,0.00474000,8479600.80000000,1782334799999,40172.83766400,873
1782334800000,0.00474000,0.00479000,0.00472000,0.00475000,2184585.80000000,1782338399999,10392.27736100,288
1782338400000,0.00476000,0.00479000,0.00474000,0.00476000,5370313.60000000,1782341999999,25595.34334400,673
1782342000000,0.00476000,0.00477000,0.00475000,0.00476000,1819307.10000000,1782345599999,8653.69171800,199
1782345600000,0.00477000,0.00481000,0.00475000,0.00475000,3277693.30000000,1782349199999,15678.87419400,485
1782349200000,0.00475000,0.00479000,0.00474000,0.00479000,1834818.70000000,1782352799999,8755.64699600,283
1782352800000,0.00479000,0.00479000,0.00475000,0.00476000,1359566.90000000,1782356399999,6484.99089900,41
1782356400000,0.00476000,0.00477000,0.00474000,0.00476000,1682673.10000000,1782359999999,8001.19964400,214
1782360000000,0.00476000,0.00480000,0.00474000,0.00480000,131486.00000000,1782363599999,624.90568800,17
1782363600000,0.00480000,0.00487000,0.00480000,0.00485000,10996924.20000000,1782367199999,53359.29654800,863
1782367200000,0.00485000,0.00485000,0.00481000,0.00481000,1007865.40000000,1782370799999,4860.78498700,92
1782370800000,0.00483000,0.00486000,0.00481000,0.00484000,2659774.00000000,1782374399999,12862.39225500,397
1782374400000,0.00485000,0.00487000,0.00483000,0.00484000,2299455.70000000,1782377999999,11150.56094300,235
1782378000000,0.00483000,0.00486000,0.00481000,0.00485000,2677087.40000000,1782381599999,12957.02443900,216
1782381600000,0.00484000,0.00486000,0.00479000,0.00485000,4041097.00000000,1782385199999,19496.76983600,127
1782385200000,0.00484000,0.00485000,0.00483000,0.00485000,298883.40000000,1782388799999,1446.70151900,28
1782388800000,0.00485000,0.00487000,0.00484000,0.00484000,3422131.80000000,1782392399999,16610.97754700,178
1782392400000,0.00485000,0.00486000,0.00449000,0.00450000,20891668.80000000,1782395999999,97968.68211600,988
1782396000000,0.00453000,0.00496000,0.00453000,0.00489000,31274399.70000000,1782399599999,148710.61647600,1492
1782399600000,0.00490000,0.00493000,0.00473000,0.00479000,23817680.40000000,1782403199999,114502.33178600,1581
1782403200000,0.00479000,0.00503000,0.00479000,0.00488000,32606839.90000000,1782406799999,159744.57439700,1707
1782406800000,0.00487000,0.00487000,0.00454000,0.00476000,74894575.30000000,1782410399999,352052.16067600,2928
1782410400000,0.00477000,0.00481000,0.00468000,0.00470000,6081875.10000000,1782413999999,28787.67980100,282
1782414000000,0.00471000,0.00471000,0.00467000,0.00468000,2449562.50000000,1782417599999,11495.29753000,110
1782417600000,0.00470000,0.00473000,0.00467000,0.00467000,1735374.20000000,1782421199999,8162.88946900,122
1782421200000,0.00468000,0.00476000,0.00466000,0.00473000,12760921.10000000,1782424799999,60145.22920500,456
1782424800000,0.00474000,0.00476000,0.00471000,0.00472000,1136991.60000000,1782428399999,5396.18372600,56
1782428400000,0.00472000,0.00479000,0.00471000,0.00476000,4275912.10000000,1782431999999,20304.00634800,103
1782432000000,0.00477000,0.00482000,0.00476000,0.00476000,1985122.00000000,1782435599999,9513.29235500,108
1782435600000,0.00477000,0.00477000,0.00470000,0.00474000,1749976.40000000,1782439199999,8274.70931600,96
1782439200000,0.00474000,0.00476000,0.00460000,0.00466000,6553900.00000000,1782442799999,30584.38205000,256
1782442800000,0.00465000,0.00477000,0.00463000,0.00475000,3012386.10000000,1782446399999,14156.94102300,164
1782446400000,0.00475000,0.00477000,0.00470000,0.00470000,1256989.50000000,1782449999999,5968.70322000,90
1782450000000,0.00470000,0.00471000,0.00464000,0.00467000,6654642.40000000,1782453599999,31084.55369200,194
1782453600000,0.00466000,0.00473000,0.00463000,0.00473000,2581575.00000000,1782457199999,12075.17875900,114
1782457200000,0.00474000,0.00480000,0.00473000,0.00476000,3664736.60000000,1782460799999,17443.79639200,157
1782460800000,0.00477000,0.00478000,0.00472000,0.00474000,4917422.90000000,1782464399999,23392.46984200,181
1782464400000,0.00475000,0.00475000,0.00469000,0.00469000,7045909.90000000,1782467999999,33211.01275000,278
1782468000000,0.00469000,0.00474000,0.00467000,0.00468000,7055577.50000000,1782471599999,33218.62332400,275
1782471600000,0.00468000,0.00470000,0.00466000,0.00466000,2485000.40000000,1782475199999,11630.39160300,98
1782475200000,0.00467000,0.00469000,0.00460000,0.00463000,5515608.00000000,1782478799999,25632.20316600,248
1782478800000,0.00463000,0.00474000,0.00462000,0.00474000,4176870.60000000,1782482399999,19476.51609500,205
1782482400000,0.00474000,0.00475000,0.00469000,0.00469000,3070457.90000000,1782485999999,14481.24484800,153
1782486000000,0.00469000,0.00472000,0.00468000,0.00470000,7726316.50000000,1782489599999,36354.22114400,216
1782489600000,0.00470000,0.00480000,0.00470000,0.00476000,7872808.80000000,1782493199999,37478.19849100,254
1782493200000,0.00476000,0.00480000,0.00476000,0.00477000,3168089.10000000,1782496799999,15161.85874300,108
1782496800000,0.00477000,0.00479000,0.00473000,0.00473000,4724165.50000000,1782500399999,22466.51160300,86
1782500400000,0.00473000,0.00476000,0.00470000,0.00470000,1814723.20000000,1782503999999,8587.25045200,77
1782504000000,0.00470000,0.00475000,0.00466000,0.00466000,3953780.00000000,1782507599999,18560.39462000,142
1782507600000,0.00467000,0.00470000,0.00464000,0.00467000,4374580.10000000,1782511199999,20401.65637500,163
1782511200000,0.00467000,0.00468000,0.00463000,0.00465000,2354815.20000000,1782514799999,10943.07638800,104
1782514800000,0.00466000,0.00467000,0.00464000,0.00464000,1134857.30000000,1782518399999,5277.51120200,62
1782518400000,0.00465000,0.00468000,0.00461000,0.00463000,6545031.10000000,1782521999999,30337.63469900,224
1782522000000,0.00462000,0.00462000,0.00456000,0.00457000,2801389.10000000,1782525599999,12868.32634400,116
1782525600000,0.00458000,0.00465000,0.00458000,0.00465000,1103809.50000000,1782529199999,5103.92083400,75
1782529200000,0.00464000,0.00467000,0.00463000,0.00463000,3261623.60000000,1782532799999,15166.05264800,137
1782532800000,0.00463000,0.00465000,0.00462000,0.00463000,1825055.20000000,1782536399999,8459.19167900,45
1782536400000,0.00462000,0.00463000,0.00460000,0.00462000,1071909.50000000,1782539999999,4946.14273200,59
1782540000000,0.00462000,0.00473000,0.00459000,0.00467000,26091184.00000000,1782543599999,121425.46351000,855
1782543600000,0.00467000,0.00469000,0.00463000,0.00463000,3591461.30000000,1782547199999,16716.52319800,128
1782547200000,0.00463000,0.00463000,0.00457000,0.00460000,3378554.90000000,1782550799999,15542.75591600,189
1782550800000,0.00459000,0.00463000,0.00457000,0.00462000,2811692.90000000,1782554399999,12921.84453300,199
1782554400000,0.00462000,0.00462000,0.00456000,0.00457000,3483495.50000000,1782557999999,15995.43095700,248
1782558000000,0.00457000,0.00457000,0.00449000,0.00455000,16188043.40000000,1782561599999,73093.16027400,477
1782561600000,0.00455000,0.00458000,0.00452000,0.00453000,5308195.40000000,1782565199999,24182.56246700,236
1782565200000,0.00453000,0.00455000,0.00451000,0.00454000,3882819.00000000,1782568799999,17584.87960400,277
1782568800000,0.00453000,0.00457000,0.00453000,0.00455000,2810903.50000000,1782572399999,12791.89602000,141
1782572400000,0.00455000,0.00458000,0.00455000,0.00457000,3336958.80000000,1782575999999,15215.81506200,147
1782576000000,0.00457000,0.00458000,0.00453000,0.00457000,3801579.80000000,1782579599999,17326.62054200,132
1782579600000,0.00457000,0.00457000,0.00452000,0.00453000,4773310.70000000,1782583199999,21720.61668700,133
1782583200000,0.00452000,0.00455000,0.00451000,0.00453000,1469131.10000000,1782586799999,6657.97773300,126
1782586800000,0.00453000,0.00454000,0.00444000,0.00447000,7920842.50000000,1782590399999,35516.88750900,387
1782590400000,0.00448000,0.00449000,0.00447000,0.00447000,865506.20000000,1782593999999,3876.83767800,49
1782594000000,0.00448000,0.00450000,0.00447000,0.00449000,3365699.70000000,1782597599999,15077.84606600,174
1782597600000,0.00449000,0.00452000,0.00448000,0.00450000,1317571.10000000,1782601199999,5928.42452200,100
1782601200000,0.00450000,0.00468000,0.00447000,0.00461000,20674755.30000000,1782604799999,94429.30770800,878
1782604800000,0.00462000,0.00464000,0.00458000,0.00458000,5103049.30000000,1782608399999,23501.70681200,238
1782608400000,0.00458000,0.00459000,0.00455000,0.00459000,1452187.70000000,1782611999999,6629.88745200,71
1782612000000,0.00459000,0.00460000,0.00454000,0.00454000,1637243.60000000,1782615599999,7498.77617400,116
1782615600000,0.00455000,0.00461000,0.00454000,0.00460000,2290148.60000000,1782619199999,10475.94971900,143
1782619200000,0.00460000,0.00465000,0.00457000,0.00460000,3789487.10000000,1782622799999,17473.11166700,156
1782622800000,0.00461000,0.00463000,0.00457000,0.00463000,5227840.80000000,1782626399999,24034.23183200,190
1782626400000,0.00463000,0.00463000,0.00457000,0.00459000,1976152.00000000,1782629999999,9088.89019400,119
1782630000000,0.00459000,0.00459000,0.00454000,0.00456000,2116003.00000000,1782633599999,9648.48337000,163
1782633600000,0.00456000,0.00460000,0.00456000,0.00460000,796064.30000000,1782637199999,3652.81798400,63
1782637200000,0.00459000,0.00460000,0.00458000,0.00458000,1509539.10000000,1782640799999,6922.37782500,55
1782640800000,0.00457000,0.00458000,0.00453000,0.00454000,2427501.90000000,1782644399999,11037.29934400,87
1782644400000,0.00455000,0.00457000,0.00450000,0.00455000,8038092.00000000,1782647999999,36440.18541700,237
1782648000000,0.00456000,0.00456000,0.00451000,0.00451000,1510448.10000000,1782651599999,6844.52756400,87
1782651600000,0.00451000,0.00451000,0.00446000,0.00449000,4415360.00000000,1782655199999,19826.18620700,123
1782655200000,0.00448000,0.00457000,0.00448000,0.00453000,3843012.40000000,1782658799999,17456.75203000,208
1782658800000,0.00453000,0.00456000,0.00451000,0.00452000,5597457.30000000,1782662399999,25360.24948000,150
1782662400000,0.00452000,0.00452000,0.00445000,0.00447000,3354233.60000000,1782665999999,15039.88764400,120
1782666000000,0.00447000,0.00448000,0.00443000,0.00448000,2926855.10000000,1782669599999,13017.95504000,128
1782669600000,0.00449000,0.00455000,0.00446000,0.00447000,7636329.30000000,1782673199999,34357.80634900,255
1782673200000,0.00446000,0.00446000,0.00439000,0.00442000,6948981.80000000,1782676799999,30666.54288000,214
1782676800000,0.00442000,0.00444000,0.00441000,0.00442000,2332182.10000000,1782680399999,10334.09090400,81
1782680400000,0.00441000,0.00442000,0.00436000,0.00439000,3389194.40000000,1782683999999,14889.06869600,152
1782684000000,0.00439000,0.00444000,0.00430000,0.00431000,6984383.20000000,1782687599999,30295.33116700,248
1782687600000,0.00432000,0.00440000,0.00432000,0.00438000,3146360.40000000,1782691199999,13762.11907600,147
1782691200000,0.00437000,0.00453000,0.00436000,0.00443000,16469043.70000000,1782694799999,73020.35767900,666
1782694800000,0.00443000,0.00443000,0.00438000,0.00441000,3859515.80000000,1782698399999,16991.33976000,143
1782698400000,0.00441000,0.00445000,0.00437000,0.00444000,3254251.10000000,1782701999999,14326.85181200,90
1782702000000,0.00444000,0.00450000,0.00444000,0.00446000,4371240.00000000,1782705599999,19523.33069600,107
1782705600000,0.00447000,0.00448000,0.00445000,0.00447000,2372734.80000000,1782709199999,10596.61084000,72
1782709200000,0.00447000,0.00452000,0.00444000,0.00451000,8006683.00000000,1782712799999,35874.67198900,199
1782712800000,0.00452000,0.00453000,0.00449000,0.00451000,2908532.60000000,1782716399999,13133.34100500,96
1782716400000,0.00451000,0.00451000,0.00449000,0.00450000,1245908.00000000,1782719999999,5602.94579200,62
1782720000000,0.00449000,0.00450000,0.00446000,0.00449000,1626277.40000000,1782723599999,7298.60336000,70
1782723600000,0.00449000,0.00452000,0.00448000,0.00452000,1094723.00000000,1782727199999,4927.65078100,75
1782727200000,0.00452000,0.00452000,0.00448000,0.00449000,1085957.90000000,1782730799999,4887.08933000,63
1782730800000,0.00449000,0.00458000,0.00445000,0.00447000,16660675.30000000,1782734399999,75029.75828100,564
1782734400000,0.00447000,0.00455000,0.00447000,0.00449000,4071258.60000000,1782737999999,18397.88780600,186
1782738000000,0.00449000,0.00451000,0.00442000,0.00446000,2025993.50000000,1782741599999,9047.71349500,164
1782741600000,0.00446000,0.00447000,0.00442000,0.00446000,3819510.80000000,1782745199999,16950.62782500,164
1782745200000,0.00445000,0.00448000,0.00442000,0.00446000,2161439.40000000,1782748799999,9627.40099400,91
1782748800000,0.00447000,0.00448000,0.00445000,0.00447000,891238.50000000,1782752399999,3979.38814000,43
1782752400000,0.00447000,0.00454000,0.00447000,0.00450000,4131511.80000000,1782755999999,18633.98981300,169
1782756000000,0.00450000,0.00452000,0.00448000,0.00450000,2874302.50000000,1782759599999,12952.29263000,320
1782759600000,0.00450000,0.00453000,0.00449000,0.00451000,1318235.90000000,1782763199999,5942.41092500,87
1782763200000,0.00452000,0.00453000,0.00448000,0.00448000,1106381.70000000,1782766799999,4980.93081400,43
1782766800000,0.00448000,0.00450000,0.00447000,0.00450000,967297.80000000,1782770399999,4333.64659500,27
1782770400000,0.00450000,0.00454000,0.00447000,0.00448000,1319741.40000000,1782773999999,5940.64135200,57
1782774000000,0.00447000,0.00448000,0.00447000,0.00447000,206966.10000000,1782777599999,927.08900600,9
1782777600000,0.00449000,0.00450000,0.00443000,0.00445000,1542393.40000000,1782781199999,6894.50989600,64
1782781200000,0.00443000,0.00445000,0.00442000,0.00443000,882511.00000000,1782784799999,3917.44100800,45
1782784800000,0.00443000,0.00443000,0.00428000,0.00433000,13389722.40000000,1782788399999,58217.92536200,520
1782788400000,0.00433000,0.00437000,0.00433000,0.00436000,1711513.30000000,1782791999999,7456.05092700,116
1782792000000,0.00435000,0.00439000,0.00433000,0.00438000,4817633.60000000,1782795599999,20998.53099400,162
1782795600000,0.00438000,0.00440000,0.00433000,0.00437000,4414059.50000000,1782799199999,19242.96939300,214
1782799200000,0.00437000,0.00440000,0.00436000,0.00439000,1661301.10000000,1782802799999,7281.36952600,88
1782802800000,0.00439000,0.00439000,0.00434000,0.00435000,3555236.40000000,1782806399999,15510.67676400,185
1782806400000,0.00435000,0.00440000,0.00435000,0.00436000,4945094.30000000,1782809999999,21595.42229600,236
1782810000000,0.00436000,0.00438000,0.00435000,0.00436000,4984258.10000000,1782813599999,21724.23306900,173
1782813600000,0.00435000,0.00438000,0.00435000,0.00437000,5379463.80000000,1782817199999,23498.75388700,203
1782817200000,0.00437000,0.00437000,0.00432000,0.00435000,7526873.00000000,1782820799999,32696.06582900,200
1782820800000,0.00433000,0.00435000,0.00427000,0.00428000,8032097.10000000,1782824399999,34639.91019200,340
1782824400000,0.00428000,0.00433000,0.00418000,0.00428000,12594906.50000000,1782827999999,53498.37793200,541
1782828000000,0.00427000,0.00430000,0.00424000,0.00426000,5517448.60000000,1782831599999,23580.98639200,189
1782831600000,0.00425000,0.00427000,0.00422000,0.00425000,4409361.10000000,1782835199999,18728.18478300,166
1782835200000,0.00424000,0.00429000,0.00422000,0.00428000,5828808.40000000,1782838799999,24781.84124400,264
1782838800000,0.00428000,0.00447000,0.00427000,0.00435000,18190711.50000000,1782842399999,79418.15479800,797
1782842400000,0.00436000,0.00437000,0.00432000,0.00435000,2826865.60000000,1782845999999,12264.40428700,129
1782846000000,0.00435000,0.00436000,0.00433000,0.00434000,1432132.70000000,1782849599999,6217.05452800,67
1782849600000,0.00433000,0.00434000,0.00427000,0.00427000,4027378.00000000,1782853199999,17258.83682100,200
1782853200000,0.00428000,0.00431000,0.00426000,0.00429000,785120.20000000,1782856799999,3361.18483300,100
1782856800000,0.00431000,0.00431000,0.00428000,0.00428000,1257886.00000000,1782860399999,5399.61086200,115
1782860400000,0.00428000,0.00429000,0.00427000,0.00428000,304067.80000000,1782863999999,1301.03041400,32
1782864000000,0.00428000,0.00429000,0.00425000,0.00425000,1312848.10000000,1782867599999,5591.26593400,103
1782867600000,0.00424000,0.00425000,0.00413000,0.00424000,6231491.10000000,1782871199999,26020.78327100,267
1782871200000,0.00424000,0.00427000,0.00423000,0.00427000,879858.30000000,1782874799999,3746.10679300,37
1782874800000,0.00426000,0.00431000,0.00426000,0.00430000,837223.60000000,1782878399999,3592.44009300,43
1782878400000,0.00430000,0.00431000,0.00429000,0.00429000,535321.00000000,1782881999999,2301.69104600,39
1782882000000,0.00429000,0.00430000,0.00428000,0.00430000,1650658.90000000,1782885599999,7084.95613500,114
1782885600000,0.00429000,0.00429000,0.00421000,0.00422000,3459333.80000000,1782889199999,14692.33002600,147
1782889200000,0.00422000,0.00423000,0.00418000,0.00421000,5995061.20000000,1782892799999,25187.24176400,155
1782892800000,0.00420000,0.00423000,0.00417000,0.00422000,5131775.20000000,1782896399999,21521.41948300,287
1782896400000,0.00422000,0.00423000,0.00417000,0.00423000,3521517.20000000,1782899999999,14805.11815100,205
1782900000000,0.00421000,0.00424000,0.00420000,0.00422000,6185591.40000000,1782903599999,26151.76639500,314
1782903600000,0.00422000,0.00426000,0.00422000,0.00425000,2952850.80000000,1782907199999,12508.45433600,140
1782907200000,0.00425000,0.00428000,0.00422000,0.00426000,2109616.30000000,1782910799999,8973.51882200,108
1782910800000,0.00427000,0.00431000,0.00422000,0.00430000,6005628.60000000,1782914399999,25664.77342000,196
1782914400000,0.00431000,0.00438000,0.00430000,0.00434000,6507321.30000000,1782917999999,28278.24563900,238
1782918000000,0.00436000,0.00452000,0.00436000,0.00439000,29011334.10000000,1782921599999,128749.09366100,1129
1782921600000,0.00439000,0.00451000,0.00436000,0.00447000,13461889.00000000,1782925199999,59674.51585600,616
1782925200000,0.00448000,0.00458000,0.00446000,0.00450000,17662876.30000000,1782928799999,79852.93370300,776
1782928800000,0.00451000,0.00477000,0.00450000,0.00459000,55725635.00000000,1782932399999,260949.42593700,2462
1782932400000,0.00462000,0.00491000,0.00462000,0.00490000,107213003.40000000,1782935999999,511934.03895700,5204
1782936000000,0.00488000,0.00496000,0.00467000,0.00485000,84467593.10000000,1782939599999,405562.43685400,4611
1782939600000,0.00484000,0.00487000,0.00472000,0.00479000,24651329.30000000,1782943199999,118065.54439600,1035
1782943200000,0.00479000,0.00540000,0.00479000,0.00500000,270952763.80000000,1782946799999,1377525.01633600,13021
1782946800000,0.00499000,0.00525000,0.00499000,0.00522000,84470931.50000000,1782950399999,430708.98785300,4417
1782950400000,0.00522000,0.00538000,0.00505000,0.00518000,82765662.50000000,1782953999999,429464.22828000,4282
1782954000000,0.00518000,0.00531000,0.00508000,0.00511000,54436362.40000000,1782957599999,283322.01837700,3210
1782957600000,0.00512000,0.00524000,0.00499000,0.00519000,40510714.40000000,1782961199999,207643.15101000,2644
1782961200000,0.00518000,0.00540000,0.00514000,0.00516000,49483871.00000000,1782964799999,261598.92713900,3316
1782964800000,0.00515000,0.00519000,0.00471000,0.00486000,70036625.70000000,1782968399999,344425.74262500,3381
1782968400000,0.00485000,0.00486000,0.00465000,0.00466000,56979396.30000000,1782971999999,271753.98439200,2070
1782972000000,0.00466000,0.00467000,0.00455000,0.00460000,25332061.80000000,1782975599999,116768.90028800,1232
1782975600000,0.00459000,0.00461000,0.00452000,0.00459000,18456102.30000000,1782979199999,84290.78804600,683
1782979200000,0.00459000,0.00472000,0.00459000,0.00462000,16301784.60000000,1782982799999,75835.48947600,781
1782982800000,0.00463000,0.00470000,0.00462000,0.00469000,13024026.10000000,1782986399999,60766.66736500,514
1782986400000,0.00467000,0.00488000,0.00467000,0.00481000,40666302.60000000,1782989999999,194792.20544200,2271
1782990000000,0.00481000,0.00483000,0.00472000,0.00474000,23483665.80000000,1782993599999,111989.17560400,1167
1782993600000,0.00474000,0.00539000,0.00472000,0.00492000,191720435.30000000,1782997199999,962452.06445700,11414
1782997200000,0.00491000,0.00493000,0.00481000,0.00488000,26252082.90000000,1783000799999,127701.55823700,1824
1783000800000,0.00487000,0.00514000,0.00486000,0.00504000,67248237.90000000,1783004399999,338369.50865200,3030
1783004400000,0.00506000,0.00518000,0.00499000,0.00501000,51216812.00000000,1783007999999,259361.64297600,2914
1783008000000,0.00501000,0.00508000,0.00488000,0.00490000,39412888.50000000,1783011599999,196490.63320600,1572
1783011600000,0.00490000,0.00490000,0.00480000,0.00485000,28796846.40000000,1783015199999,139323.87623100,1274
1783015200000,0.00485000,0.00498000,0.00484000,0.00486000,11770338.70000000,1783018799999,57767.26492100,607
1783018800000,0.00486000,0.00490000,0.00478000,0.00484000,17881613.00000000,1783022399999,86321.85204500,755
1783022400000,0.00483000,0.00484000,0.00474000,0.00478000,20486805.10000000,1783025999999,97966.06575600,912
1783026000000,0.00478000,0.00493000,0.00476000,0.00483000,45994080.50000000,1783029599999,223210.66987200,1720
1783029600000,0.00482000,0.00486000,0.00478000,0.00482000,4263683.50000000,1783033199999,20512.15990500,273
1783033200000,0.00482000,0.00485000,0.00479000,0.00481000,8242780.00000000,1783036799999,39735.15231000,256
1783036800000,0.00482000,0.00485000,0.00475000,0.00483000,6906792.70000000,1783040399999,33224.72798400,463
1783040400000,0.00483000,0.00485000,0.00478000,0.00483000,4464584.40000000,1783043999999,21492.91438200,376
1783044000000,0.00482000,0.00489000,0.00481000,0.00488000,5192956.10000000,1783047599999,25266.44197300,264
1783047600000,0.00489000,0.00489000,0.00482000,0.00483000,6784323.10000000,1783051199999,32908.51457300,327
1783051200000,0.00483000,0.00500000,0.00481000,0.00492000,9291381.60000000,1783054799999,45590.85520300,449
1783054800000,0.00493000,0.00500000,0.00490000,0.00495000,5794964.50000000,1783058399999,28604.69744200,260
1783058400000,0.00495000,0.00501000,0.00486000,0.00491000,17343685.40000000,1783061999999,85900.36164700,611
1783062000000,0.00491000,0.00494000,0.00481000,0.00487000,11861088.60000000,1783065599999,57614.81824200,529
1783065600000,0.00488000,0.00494000,0.00484000,0.00485000,9891336.60000000,1783069199999,48296.78775300,388
1783069200000,0.00486000,0.00491000,0.00483000,0.00491000,8850964.20000000,1783072799999,43164.90126500,322
1783072800000,0.00490000,0.00491000,0.00484000,0.00488000,8846385.30000000,1783076399999,43113.67299000,406
1783076400000,0.00489000,0.00492000,0.00483000,0.00489000,9336418.40000000,1783079999999,45626.91295900,475
1783080000000,0.00489000,0.00497000,0.00486000,0.00492000,11177264.90000000,1783083599999,54907.94558600,374
1783083600000,0.00493000,0.00495000,0.00488000,0.00490000,3793133.10000000,1783087199999,18581.68409100,228
1783087200000,0.00490000,0.00490000,0.00483000,0.00489000,13745543.00000000,1783090799999,66955.71422100,487
1783090800000,0.00488000,0.00492000,0.00485000,0.00487000,6641192.10000000,1783094399999,32479.49211500,401
1783094400000,0.00487000,0.00494000,0.00487000,0.00491000,4768611.60000000,1783097999999,23347.98321500,364
1783098000000,0.00491000,0.00493000,0.00489000,0.00493000,2391230.10000000,1783101599999,11730.41547200,255
1783101600000,0.00494000,0.00502000,0.00493000,0.00499000,6182300.10000000,1783105199999,30786.80496600,326
1783105200000,0.00498000,0.00510000,0.00497000,0.00510000,6395704.10000000,1783108799999,32176.10485600,415
1783108800000,0.00510000,0.00515000,0.00507000,0.00510000,10919582.00000000,1783112399999,55781.71187500,569
1783112400000,0.00510000,0.00511000,0.00500000,0.00504000,11887400.60000000,1783115999999,60048.21380700,455
1783116000000,0.00504000,0.00504000,0.00498000,0.00501000,6797694.80000000,1783119599999,34029.56478900,351
1783119600000,0.00500000,0.00504000,0.00499000,0.00499000,6882632.40000000,1783123199999,34562.28328900,196
1783123200000,0.00499000,0.00504000,0.00498000,0.00500000,2275333.30000000,1783126799999,11409.49140700,218
1783126800000,0.00500000,0.00502000,0.00465000,0.00484000,89372596.00000000,1783130399999,427682.76507300,5733
1783130400000,0.00484000,0.00485000,0.00476000,0.00480000,9322981.30000000,1783133999999,44865.98291100,332
1783134000000,0.00479000,0.00481000,0.00477000,0.00480000,4725291.60000000,1783137599999,22666.87800700,194
1783137600000,0.00479000,0.00485000,0.00479000,0.00480000,11242028.20000000,1783141199999,54216.15907800,282
1783141200000,0.00481000,0.00484000,0.00480000,0.00482000,2104689.80000000,1783144799999,10143.75335200,109
1783144800000,0.00482000,0.00482000,0.00476000,0.00479000,5192884.00000000,1783148399999,24845.33024300,178
1783148400000,0.00479000,0.00484000,0.00473000,0.00481000,13120660.00000000,1783151999999,62897.90201000,456
1783152000000,0.00480000,0.00482000,0.00477000,0.00480000,3805586.30000000,1783155599999,18252.19124300,178
1783155600000,0.00480000,0.00480000,0.00470000,0.00473000,9920228.70000000,1783159199999,47081.42949200,312
1783159200000,0.00473000,0.00473000,0.00469000,0.00470000,21391343.50000000,1783162799999,100691.71081600,425
1783162800000,0.00470000,0.00474000,0.00469000,0.00474000,9892356.10000000,1783166399999,46701.47817000,220
1783166400000,0.00474000,0.00479000,0.00472000,0.00477000,7858540.00000000,1783169999999,37355.94489900,249
1783170000000,0.00477000,0.00480000,0.00476000,0.00477000,2359653.50000000,1783173599999,11275.20067800,138
1783173600000,0.00477000,0.00479000,0.00474000,0.00476000,4618541.90000000,1783177199999,21973.31012800,180
1783177200000,0.00476000,0.00484000,0.00476000,0.00477000,4918981.60000000,1783180799999,23609.99068700,245
1783180800000,0.00478000,0.00480000,0.00478000,0.00479000,1012060.30000000,1783184399999,4850.88986900,84
1783184400000,0.00479000,0.00485000,0.00478000,0.00484000,6657395.30000000,1783187999999,32063.82930000,317
1783188000000,0.00484000,0.00486000,0.00482000,0.00483000,5259526.20000000,1783191599999,25457.59681500,213
1783191600000,0.00482000,0.00484000,0.00479000,0.00481000,5677586.30000000,1783195199999,27297.89561100,201
1783195200000,0.00481000,0.00482000,0.00479000,0.00480000,1569228.50000000,1783198799999,7536.79063000,110
1783198800000,0.00480000,0.00483000,0.00479000,0.00481000,2812857.50000000,1783202399999,13512.75814900,263
1783202400000,0.00481000,0.00481000,0.00476000,0.00478000,6095671.50000000,1783205999999,29170.72526300,423
1783206000000,0.00479000,0.00479000,0.00472000,0.00473000,6635653.80000000,1783209599999,31503.85212400,535
1783209600000,0.00473000,0.00473000,0.00468000,0.00472000,4408885.40000000,1783213199999,20788.47861800,164
1783213200000,0.00472000,0.00472000,0.00459000,0.00465000,16173982.20000000,1783216799999,74938.10693200,485
1783216800000,0.00464000,0.00465000,0.00462000,0.00462000,3804506.00000000,1783220399999,17632.39475100,141
1783220400000,0.00463000,0.00466000,0.00463000,0.00464000,1240245.60000000,1783223999999,5749.09762700,57
1783224000000,0.00463000,0.00469000,0.00461000,0.00468000,941508.60000000,1783227599999,4388.43699900,59
1783227600000,0.00467000,0.00467000,0.00464000,0.00467000,2077340.90000000,1783231199999,9688.36846600,80
1783231200000,0.00467000,0.00470000,0.00465000,0.00470000,4821205.30000000,1783234799999,22491.09779500,159
1783234800000,0.00470000,0.00482000,0.00470000,0.00473000,7162388.10000000,1783238399999,34086.64655100,373
1783238400000,0.00473000,0.00475000,0.00471000,0.00473000,2723957.50000000,1783241999999,12877.61471700,130
1783242000000,0.00473000,0.00476000,0.00464000,0.00466000,8380182.20000000,1783245599999,39227.42335100,315
1783245600000,0.00465000,0.00467000,0.00463000,0.00467000,2051948.70000000,1783249199999,9559.81980100,111
1783249200000,0.00467000,0.00471000,0.00467000,0.00468000,5627706.60000000,1783252799999,26394.05324300,214
1783252800000,0.00467000,0.00470000,0.00467000,0.00470000,1715660.50000000,1783256399999,8038.85080400,68
1783256400000,0.00469000,0.00470000,0.00464000,0.00466000,4920372.00000000,1783259999999,22959.57844300,116
1783260000000,0.00466000,0.00467000,0.00463000,0.00466000,3488072.10000000,1783263599999,16228.90189800,122
1783263600000,0.00466000,0.00468000,0.00461000,0.00462000,3516177.10000000,1783267199999,16286.14477200,202
1783267200000,0.00462000,0.00466000,0.00461000,0.00462000,3725151.70000000,1783270799999,17253.57237300,182
1783270800000,0.00463000,0.00464000,0.00461000,0.00461000,1220591.80000000,1783274399999,5650.47025300,62
1783274400000,0.00462000,0.00464000,0.00460000,0.00463000,4553805.90000000,1783277999999,20997.81349800,127
1783278000000,0.00463000,0.00466000,0.00459000,0.00461000,9889573.50000000,1783281599999,45691.79016800,293
1783281600000,0.00461000,0.00463000,0.00461000,0.00462000,1072911.30000000,1783285199999,4962.33886500,46
1783285200000,0.00461000,0.00464000,0.00460000,0.00461000,695226.50000000,1783288799999,3213.45471100,49
1783288800000,0.00462000,0.00466000,0.00461000,0.00461000,4305640.60000000,1783292399999,19954.85888600,275
1783292400000,0.00461000,0.00464000,0.00461000,0.00464000,1528880.60000000,1783295999999,7080.27731700,91
1783296000000,0.00462000,0.00465000,0.00460000,0.00462000,2422071.50000000,1783299599999,11206.15990400,95
1783299600000,0.00462000,0.00463000,0.00460000,0.00460000,5064522.20000000,1783303199999,23363.58907000,144
1783303200000,0.00459000,0.00460000,0.00456000,0.00457000,2636583.70000000,1783306799999,12057.08363400,164
1783306800000,0.00456000,0.00458000,0.00454000,0.00455000,2280612.40000000,1783310399999,10386.31987600,102
1783310400000,0.00455000,0.00456000,0.00452000,0.00454000,2746512.00000000,1783313999999,12477.09067500,135
1783314000000,0.00454000,0.00455000,0.00448000,0.00453000,7881826.50000000,1783317599999,35498.89356400,298
1783317600000,0.00451000,0.00453000,0.00449000,0.00451000,1860210.80000000,1783321199999,8391.57212500,110
1783321200000,0.00451000,0.00453000,0.00450000,0.00453000,1470805.10000000,1783324799999,6648.39447400,60
1783324800000,0.00452000,0.00452000,0.00448000,0.00450000,4930147.70000000,1783328399999,22158.76195300,148
1783328400000,0.00449000,0.00452000,0.00447000,0.00452000,2730620.60000000,1783331999999,12270.27375400,115
1783332000000,0.00452000,0.00480000,0.00447000,0.00459000,310452457.00000000,1783335599999,1423412.81150700,16682
1783335600000,0.00459000,0.00461000,0.00457000,0.00458000,3207480.90000000,1783339199999,14712.94488100,191
1783339200000,0.00457000,0.00457000,0.00448000,0.00453000,9680646.60000000,1783342799999,43768.23188200,384
1783342800000,0.00452000,0.00459000,0.00452000,0.00458000,7048473.40000000,1783346399999,32022.56250600,215
1783346400000,0.00458000,0.00484000,0.00457000,0.00479000,33868989.10000000,1783349999999,160497.75610600,1106
1783350000000,0.00480000,0.00480000,0.00465000,0.00473000,20738098.10000000,1783353599999,97976.98177500,538
1783353600000,0.00473000,0.00477000,0.00468000,0.00473000,8753754.10000000,1783357199999,41399.58668600,285
1783357200000,0.00472000,0.00475000,0.00470000,0.00471000,2764272.50000000,1783360799999,13041.35704000,163
1783360800000,0.00471000,0.00475000,0.00470000,0.00473000,1940718.30000000,1783364399999,9169.45372100,123
1783364400000,0.00473000,0.00474000,0.00470000,0.00473000,1994329.10000000,1783367999999,9407.70328900,159
1783368000000,0.00472000,0.00475000,0.00471000,0.00474000,2194028.20000000,1783371599999,10383.01587300,76
1783371600000,0.00473000,0.00478000,0.00473000,0.00477000,1925469.80000000,1783375199999,9155.48842900,102
1783375200000,0.00478000,0.00507000,0.00477000,0.00506000,107433891.40000000,1783378799999,534063.89284100,6857
1783378800000,0.00506000,0.00512000,0.00486000,0.00496000,47225927.90000000,1783382399999,234635.20826200,1828
1783382400000,0.00495000,0.00495000,0.00487000,0.00492000,6302987.10000000,1783385999999,30918.08963900,280
1783386000000,0.00492000,0.00492000,0.00480000,0.00488000,11191930.70000000,1783389599999,54186.97907600,410
1783389600000,0.00487000,0.00492000,0.00484000,0.00484000,3894558.30000000,1783393199999,18984.43185900,616
1783393200000,0.00484000,0.00486000,0.00480000,0.00483000,5570703.60000000,1783396799999,26884.00616300,432
1783396800000,0.00482000,0.00483000,0.00475000,0.00476000,6498224.80000000,1783400399999,31097.60921700,291
1783400400000,0.00476000,0.00488000,0.00474000,0.00478000,8912819.80000000,1783403999999,42766.03080100,409
1783404000000,0.00478000,0.00481000,0.00471000,0.00481000,8015434.90000000,1783407599999,38043.18633700,429
1783407600000,0.00481000,0.00483000,0.00471000,0.00472000,11480091.20000000,1783411199999,54831.82392800,404
1783411200000,0.00472000,0.00473000,0.00470000,0.00471000,8439231.30000000,1783414799999,39796.17175200,274
1783414800000,0.00471000,0.00473000,0.00467000,0.00470000,8920683.10000000,1783418399999,41949.23247100,284
1783418400000,0.00470000,0.00472000,0.00467000,0.00468000,5249860.80000000,1783421999999,24651.69151200,182
1783422000000,0.00468000,0.00469000,0.00465000,0.00469000,2384308.60000000,1783425599999,11143.25733900,97
1783425600000,0.00469000,0.00472000,0.00466000,0.00468000,5383345.00000000,1783429199999,25219.26233900,275
1783429200000,0.00467000,0.00470000,0.00462000,0.00463000,8798145.90000000,1783432799999,40910.07984800,301
1783432800000,0.00463000,0.00465000,0.00457000,0.00463000,10138525.50000000,1783436399999,46836.74106400,391
1783436400000,0.00463000,0.00469000,0.00463000,0.00467000,5699602.80000000,1783439999999,26512.48557500,311
1783440000000,0.00467000,0.00469000,0.00462000,0.00467000,6450462.20000000,1783443599999,30086.18005400,231
1783443600000,0.00467000,0.00469000,0.00463000,0.00465000,3999859.50000000,1783447199999,18590.96486900,98
1783447200000,0.00463000,0.00466000,0.00459000,0.00459000,2020991.40000000,1783450799999,9332.66514200,158
1783450800000,0.00459000,0.00461000,0.00456000,0.00460000,2028725.60000000,1783454399999,9303.13560700,326
1783454400000,0.00461000,0.00462000,0.00458000,0.00458000,755268.60000000,1783457999999,3468.04759800,167
1783458000000,0.00458000,0.00461000,0.00454000,0.00456000,4748153.20000000,1783461599999,21722.01312800,214
1783461600000,0.00455000,0.00455000,0.00449000,0.00453000,10097024.70000000,1783465199999,45586.70967200,223
1783465200000,0.00453000,0.00455000,0.00452000,0.00452000,1991348.50000000,1783468799999,9010.41937400,67
1783468800000,0.00453000,0.00457000,0.00453000,0.00455000,2751358.00000000,1783472399999,12532.50573100,228
1783472400000,0.00455000,0.00456000,0.00446000,0.00448000,7696977.00000000,1783475999999,34590.84605700,453
1783476000000,0.00448000,0.00451000,0.00445000,0.00451000,4220187.00000000,1783479599999,18907.90216300,175
1783479600000,0.00451000,0.00456000,0.00450000,0.00452000,2480057.50000000,1783483199999,11237.84860800,100
1783483200000,0.00453000,0.00456000,0.00451000,0.00452000,11242777.90000000,1783486799999,50858.55244400,241
1783486800000,0.00453000,0.00455000,0.00452000,0.00453000,3664501.20000000,1783490399999,16630.74899900,163
1783490400000,0.00453000,0.00457000,0.00453000,0.00456000,1028187.10000000,1783493999999,4675.58878100,130
1783494000000,0.00456000,0.00463000,0.00455000,0.00463000,7469706.20000000,1783497599999,34288.01478800,316
1783497600000,0.00462000,0.00464000,0.00454000,0.00454000,4983720.00000000,1783501199999,22904.05608700,274
1783501200000,0.00453000,0.00460000,0.00450000,0.00453000,4557746.50000000,1783504799999,20735.29272100,294
1783504800000,0.00454000,0.00463000,0.00453000,0.00461000,1952120.90000000,1783508399999,8956.80278600,141
1783508400000,0.00460000,0.00468000,0.00457000,0.00466000,2316542.90000000,1783511999999,10725.94919200,163
1783512000000,0.00465000,0.00467000,0.00463000,0.00463000,3724795.80000000,1783515599999,17325.26176700,148
1783515600000,0.00463000,0.00465000,0.00461000,0.00462000,2930754.40000000,1783519199999,13545.78165900,132
1783519200000,0.00462000,0.00463000,0.00456000,0.00459000,2798545.90000000,1783522799999,12889.54840400,126
1783522800000,0.00458000,0.00460000,0.00455000,0.00455000,4549946.20000000,1783526399999,20809.01565600,150
1783526400000,0.00455000,0.00458000,0.00455000,0.00458000,2656669.60000000,1783529999999,12117.74300700,85
1783530000000,0.00457000,0.00458000,0.00455000,0.00455000,1079571.20000000,1783533599999,4932.43104400,41
1783533600000,0.00455000,0.00456000,0.00417000,0.00432000,86480158.80000000,1783537199999,373539.25810700,5157
1783537200000,0.00432000,0.00439000,0.00431000,0.00435000,8846162.20000000,1783540799999,38538.19111500,399
1783540800000,0.00435000,0.00437000,0.00434000,0.00436000,6439671.80000000,1783544399999,28057.72090200,127
1783544400000,0.00436000,0.00442000,0.00435000,0.00442000,3426361.60000000,1783547999999,14977.33809600,137
1783548000000,0.00443000,0.00443000,0.00439000,0.00441000,1232008.70000000,1783551599999,5432.55095600,61
1783551600000,0.00441000,0.00443000,0.00439000,0.00441000,1238933.50000000,1783555199999,5464.30523500,110
1783555200000,0.00441000,0.00441000,0.00436000,0.00436000,4823928.60000000,1783558799999,21158.79414500,170
1783558800000,0.00437000,0.00442000,0.00436000,0.00438000,5926030.40000000,1783562399999,26017.65598800,378
1783562400000,0.00438000,0.00440000,0.00436000,0.00436000,2510898.40000000,1783565999999,10995.37715500,141
1783566000000,0.00435000,0.00436000,0.00433000,0.00436000,1535467.90000000,1783569599999,6664.52270600,52
1783569600000,0.00435000,0.00441000,0.00434000,0.00437000,5648178.70000000,1783573199999,24658.26724000,175
1783573200000,0.00438000,0.00442000,0.00436000,0.00441000,1297850.00000000,1783576799999,5699.60274500,89
1783576800000,0.00442000,0.00445000,0.00440000,0.00443000,2369567.20000000,1783580399999,10480.24743800,169
1783580400000,0.00444000,0.00446000,0.00442000,0.00444000,5337314.60000000,1783583999999,23683.33193100,269
1783584000000,0.00444000,0.00447000,0.00443000,0.00444000,2952078.10000000,1783587599999,13127.79106700,114
1783587600000,0.00443000,0.00443000,0.00441000,0.00443000,1931899.00000000,1783591199999,8536.35026700,101
1783591200000,0.00443000,0.00448000,0.00442000,0.00444000,1233385.00000000,1783594799999,5472.75191800,63
1783594800000,0.00444000,0.00452000,0.00442000,0.00451000,5695728.60000000,1783598399999,25392.42649900,234
1783598400000,0.00451000,0.00459000,0.00448000,0.00448000,7798180.80000000,1783601999999,35249.32480200,268
1783602000000,0.00448000,0.00449000,0.00445000,0.00447000,3479840.10000000,1783605599999,15551.31843300,121
1783605600000,0.00448000,0.00449000,0.00446000,0.00447000,3986257.50000000,1783609199999,17822.21467600,83
1783609200000,0.00446000,0.00449000,0.00444000,0.00446000,4745538.30000000,1783612799999,21208.68857000,114
1783612800000,0.00446000,0.00448000,0.00445000,0.00446000,6287435.70000000,1783616399999,28045.07040300,152
1783616400000,0.00447000,0.00453000,0.00446000,0.00452000,1658578.90000000,1783619999999,7471.07257400,82
1783620000000,0.00452000,0.00454000,0.00450000,0.00451000,1372739.90000000,1783623599999,6201.87940900,67
1783623600000,0.00451000,0.00454000,0.00450000,0.00452000,3095171.50000000,1783627199999,14017.35712800,102
1783627200000,0.00450000,0.00451000,0.00448000,0.00448000,2391487.70000000,1783630799999,10731.20717200,96
1783630800000,0.00448000,0.00449000,0.00447000,0.00449000,1055212.90000000,1783634399999,4722.68489100,87
1783634400000,0.00447000,0.00449000,0.00447000,0.00447000,569596.80000000,1783637999999,2547.66238300,54
1783638000000,0.00447000,0.00447000,0.00443000,0.00445000,2056447.70000000,1783641599999,9137.40742600,68
1783641600000,0.00445000,0.00445000,0.00443000,0.00445000,1351157.80000000,1783645199999,5992.90022100,65
1783645200000,0.00445000,0.00453000,0.00443000,0.00450000,3706434.00000000,1783648799999,16655.94652500,160
1783648800000,0.00449000,0.00452000,0.00448000,0.00449000,1848985.30000000,1783652399999,8325.27119500,56
1783652400000,0.00449000,0.00451000,0.00449000,0.00450000,1317187.80000000,1783655999999,5922.65425300,48
1783656000000,0.00450000,0.00451000,0.00417000,0.00440000,77839038.20000000,1783659599999,336296.40724800,4406
1783659600000,0.00440000,0.00442000,0.00438000,0.00441000,6888870.10000000,1783663199999,30304.98056500,207
1783663200000,0.00441000,0.00444000,0.00440000,0.00444000,4719940.70000000,1783666799999,20853.41006700,169
1783666800000,0.00443000,0.00446000,0.00442000,0.00445000,6533211.60000000,1783670399999,29065.75501500,379
1783670400000,0.00445000,0.00448000,0.00444000,0.00447000,2857064.60000000,1783673999999,12757.62052600,184
1783674000000,0.00447000,0.00449000,0.00443000,0.00449000,5640370.50000000,1783677599999,25177.98971500,236
1783677600000,0.00448000,0.00449000,0.00446000,0.00447000,4616436.00000000,1783681199999,20666.04725200,303
1783681200000,0.00448000,0.00449000,0.00444000,0.00447000,2956144.60000000,1783684799999,13191.58307100,194
1783684800000,0.00448000,0.00450000,0.00446000,0.00448000,3074275.20000000,1783688399999,13766.17202800,267
1783688400000,0.00448000,0.00452000,0.00447000,0.00450000,4340274.80000000,1783691999999,19512.58419000,315
1783692000000,0.00450000,0.00450000,0.00445000,0.00447000,1677103.30000000,1783695599999,7508.94100500,243
1783695600000,0.00447000,0.00450000,0.00446000,0.00449000,1954994.90000000,1783699199999,8767.48729900,130
1783699200000,0.00449000,0.00457000,0.00448000,0.00452000,3834485.20000000,1783702799999,17282.10355700,274
1783702800000,0.00453000,0.00466000,0.00452000,0.00458000,14974345.30000000,1783706399999,68890.05367700,704
1783706400000,0.00458000,0.00470000,0.00458000,0.00468000,16169133.30000000,1783709999999,75120.95309800,1186
1783710000000,0.00469000,0.00470000,0.00458000,0.00458000,8333479.30000000,1783713599999,38607.88763100,730
1783713600000,0.00459000,0.00461000,0.00457000,0.00458000,5233835.60000000,1783717199999,24043.68615200,270
1783717200000,0.00459000,0.00461000,0.00459000,0.00459000,888659.80000000,1783720799999,4081.38919300,93
1783720800000,0.00460000,0.00461000,0.00457000,0.00458000,1811832.30000000,1783724399999,8302.32897900,150
1783724400000,0.00458000,0.00475000,0.00458000,0.00465000,17192630.70000000,1783727999999,80235.81175800,1108
1783728000000,0.00464000,0.00466000,0.00461000,0.00463000,1625442.80000000,1783731599999,7554.25714100,112
1783731600000,0.00463000,0.00464000,0.00461000,0.00462000,1031705.00000000,1783735199999,4763.98679300,73
1783735200000,0.00462000,0.00465000,0.00461000,0.00464000,476732.10000000,1783738799999,2209.10060000,114
1783738800000,0.00463000,0.00466000,0.00462000,0.00465000,1637700.80000000,1783742399999,7606.17651000,208
1783742400000,0.00464000,0.00473000,0.00463000,0.00472000,5261443.20000000,1783745999999,24651.44969700,676
1783746000000,0.00471000,0.00472000,0.00458000,0.00461000,9189197.60000000,1783749599999,42684.76763000,477
1783749600000,0.00461000,0.00466000,0.00458000,0.00462000,3145487.50000000,1783753199999,14505.80336200,262
1783753200000,0.00462000,0.00463000,0.00460000,0.00460000,1251939.50000000,1783756799999,5772.80580100,103
1783756800000,0.00460000,0.00461000,0.00458000,0.00459000,2135657.60000000,1783760399999,9814.83704200,229
1783760400000,0.00458000,0.00460000,0.00455000,0.00455000,2694584.10000000,1783763999999,12312.50318400,306
1783764000000,0.00456000,0.00457000,0.00454000,0.00455000,4918206.10000000,1783767599999,22415.41411500,379
1783767600000,0.00454000,0.00456000,0.00454000,0.00455000,968472.00000000,1783771199999,4405.53267400,113
1783771200000,0.00455000,0.00457000,0.00453000,0.00457000,4426987.40000000,1783774799999,20135.61956000,204
1783774800000,0.00456000,0.00456000,0.00453000,0.00453000,1301061.50000000,1783778399999,5902.81294300,79
1783778400000,0.00453000,0.00456000,0.00452000,0.00454000,3689030.60000000,1783781999999,16760.79470000,188
1783782000000,0.00454000,0.00456000,0.00451000,0.00456000,2757802.10000000,1783785599999,12527.13576600,222
1783785600000,0.00455000,0.00457000,0.00455000,0.00456000,471598.80000000,1783789199999,2149.66721600,69
1783789200000,0.00456000,0.00458000,0.00456000,0.00458000,996219.30000000,1783792799999,4550.63016300,94
1783792800000,0.00458000,0.00460000,0.00456000,0.00459000,2235376.50000000,1783796399999,10245.67600500,277
1783796400000,0.00459000,0.00460000,0.00456000,0.00460000,818702.10000000,1783799999999,3748.64817700,248
1783800000000,0.00459000,0.00461000,0.00458000,0.00459000,1051584.00000000,1783803599999,4829.67016200,102
1783803600000,0.00459000,0.00459000,0.00453000,0.00456000,2759737.30000000,1783807199999,12597.21116600,272
1783807200000,0.00456000,0.00457000,0.00453000,0.00453000,1553473.20000000,1783810799999,7066.16840000,122
1783810800000,0.00454000,0.00455000,0.00449000,0.00450000,2560926.30000000,1783814399999,11553.89810500,200
1783814400000,0.00450000,0.00451000,0.00444000,0.00446000,5374517.50000000,1783817999999,24034.12884400,377
1783818000000,0.00446000,0.00450000,0.00445000,0.00450000,1791803.50000000,1783821599999,8018.65581900,177
1783821600000,0.00449000,0.00450000,0.00447000,0.00449000,3066137.00000000,1783825199999,13742.17741900,73
1783825200000,0.00448000,0.00448000,0.00447000,0.00448000,941264.30000000,1783828799999,4212.09283400,71
1783828800000,0.00448000,0.00448000,0.00445000,0.00445000,862763.90000000,1783832399999,3849.73198400,143
1783832400000,0.00445000,0.00447000,0.00443000,0.00444000,4444181.50000000,1783835999999,19742.24567700,167
1783836000000,0.00444000,0.00444000,0.00439000,0.00442000,5900267.70000000,1783839599999,26082.44747200,659
1783839600000,0.00442000,0.00442000,0.00438000,0.00440000,9256312.80000000,1783843199999,40763.63943600,1262
1783843200000,0.00440000,0.00447000,0.00440000,0.00446000,7318922.00000000,1783846799999,32570.12284100,274
1783846800000,0.00447000,0.00447000,0.00445000,0.00446000,418339.80000000,1783850399999,1865.37501800,70
1783850400000,0.00445000,0.00446000,0.00443000,0.00445000,5074150.30000000,1783853999999,22581.29019200,178
1783854000000,0.00445000,0.00445000,0.00442000,0.00443000,2949399.30000000,1783857599999,13069.67674500,104
1783857600000,0.00442000,0.00444000,0.00440000,0.00441000,4399242.50000000,1783861199999,19406.52209300,117
1783861200000,0.00441000,0.00441000,0.00439000,0.00440000,3496670.50000000,1783864799999,15395.93853700,169
1783864800000,0.00440000,0.00443000,0.00438000,0.00443000,3478303.80000000,1783868399999,15302.25636600,225
1783868400000,0.00443000,0.00459000,0.00442000,0.00454000,21689944.80000000,1783871999999,98241.02716400,1199
1783872000000,0.00454000,0.00457000,0.00449000,0.00449000,5954379.10000000,1783875599999,27001.61653300,352
1783875600000,0.00449000,0.00450000,0.00446000,0.00447000,732829.70000000,1783879199999,3288.81034600,52
1783879200000,0.00447000,0.00449000,0.00445000,0.00446000,2727785.70000000,1783882799999,12172.66117200,128
1783882800000,0.00446000,0.00447000,0.00446000,0.00447000,804799.00000000,1783886399999,3591.13995000,63
1783886400000,0.00447000,0.00449000,0.00446000,0.00446000,2468302.80000000,1783889999999,11032.90666400,111
1783890000000,0.00447000,0.00449000,0.00445000,0.00445000,468958.70000000,1783893599999,2090.37018100,91
1783893600000,0.00444000,0.00445000,0.00440000,0.00444000,1638801.30000000,1783897199999,7249.09764700,155
1783897200000,0.00443000,0.00444000,0.00442000,0.00444000,679580.30000000,1783900799999,3011.26250200,80
1783900800000,0.00445000,0.00451000,0.00444000,0.00448000,1538742.40000000,1783904399999,6915.88256600,202
1783904400000,0.00448000,0.00448000,0.00441000,0.00441000,2160951.60000000,1783907999999,9617.10065200,207
1783908000000,0.00441000,0.00443000,0.00437000,0.00441000,4755187.10000000,1783911599999,20887.50865000,387
1783911600000,0.00441000,0.00441000,0.00433000,0.00435000,4536284.90000000,1783915199999,19731.86652300,389
1783915200000,0.00434000,0.00437000,0.00434000,0.00436000,950083.10000000,1783918799999,4145.90098300,102
1783918800000,0.00436000,0.00439000,0.00435000,0.00438000,1982620.50000000,1783922399999,8653.47396000,138
1783922400000,0.00439000,0.00439000,0.00436000,0.00437000,1207402.10000000,1783925999999,5287.07677600,199
1783926000000,0.00437000,0.00439000,0.00436000,0.00439000,788647.20000000,1783929599999,3450.37840100,117
1783929600000,0.00439000,0.00440000,0.00436000,0.00438000,2173057.80000000,1783933199999,9526.46398100,202
1783933200000,0.00437000,0.00437000,0.00435000,0.00436000,2848072.60000000,1783936799999,12431.33332700,472
1783936800000,0.00436000,0.00437000,0.00435000,0.00436000,955319.20000000,1783940399999,4166.23728200,129
1783940400000,0.00436000,0.00436000,0.00432000,0.00433000,2972511.70000000,1783943999999,12905.61388500,195
1783944000000,0.00433000,0.00434000,0.00431000,0.00432000,3173606.10000000,1783947599999,13737.29408800,385
1783947600000,0.00432000,0.00433000,0.00429000,0.00431000,3999238.30000000,1783951199999,17251.71748100,326
1783951200000,0.00432000,0.00436000,0.00430000,0.00434000,6944218.30000000,1783954799999,30084.17476400,383
1783954800000,0.00434000,0.00434000,0.00432000,0.00433000,2764430.90000000,1783958399999,11970.13931200,118
1783958400000,0.00432000,0.00433000,0.00427000,0.00429000,2192145.20000000,1783961999999,9407.32120400,184
1783962000000,0.00430000,0.00431000,0.00426000,0.00426000,2112626.70000000,1783965599999,9037.80041500,120
1783965600000,0.00426000,0.00427000,0.00425000,0.00426000,1421687.60000000,1783969199999,6055.37056200,87
1783969200000,0.00426000,0.00426000,0.00424000,0.00426000,1312723.10000000,1783972799999,5586.35219700,79
1783972800000,0.00427000,0.00427000,0.00423000,0.00424000,1263601.50000000,1783976399999,5357.88767400,79
1783976400000,0.00425000,0.00427000,0.00419000,0.00423000,3974537.70000000,1783979999999,16835.34947900,213
1783980000000,0.00424000,0.00426000,0.00423000,0.00423000,1742935.60000000,1783983599999,7394.30850900,164
1783983600000,0.00423000,0.00425000,0.00421000,0.00424000,812617.60000000,1783987199999,3443.68603400,141
1783987200000,0.00425000,0.00426000,0.00422000,0.00426000,1798780.30000000,1783990799999,7637.27685500,215
1783990800000,0.00426000,0.00428000,0.00424000,0.00425000,1500011.40000000,1783994399999,6397.18755900,155
1783994400000,0.00425000,0.00425000,0.00423000,0.00425000,531333.20000000,1783997999999,2252.38678800,49
1783998000000,0.00425000,0.00428000,0.00423000,0.00428000,493676.70000000,1784001599999,2101.77723300,62
1784001600000,0.00428000,0.00428000,0.00400000,0.00421000,46534510.60000000,1784005199999,193171.84982200,2220
1784005200000,0.00421000,0.00423000,0.00421000,0.00423000,2788047.80000000,1784008799999,11778.30748000,118
1784008800000,0.00423000,0.00424000,0.00422000,0.00422000,1180095.90000000,1784012399999,4994.79618600,136
1784012400000,0.00422000,0.00424000,0.00421000,0.00424000,1427517.60000000,1784015999999,6027.42992500,129
1784016000000,0.00424000,0.00427000,0.00423000,0.00425000,1722778.20000000,1784019599999,7321.96726600,174
1784019600000,0.00426000,0.00426000,0.00421000,0.00422000,1800848.90000000,1784023199999,7612.56609400,149
1784023200000,0.00422000,0.00430000,0.00422000,0.00425000,4539816.20000000,1784026799999,19344.61605400,254
1784026800000,0.00426000,0.00433000,0.00426000,0.00432000,5614871.10000000,1784030399999,24083.70323000,276
1784030400000,0.00433000,0.00438000,0.00432000,0.00436000,5568064.90000000,1784033999999,24264.90381000,438
1784034000000,0.00435000,0.00439000,0.00435000,0.00437000,2346086.50000000,1784037599999,10255.43654500,142
1784037600000,0.00436000,0.00439000,0.00435000,0.00437000,2761970.70000000,1784041199999,12056.89110200,204
1784041200000,0.00437000,0.00458000,0.00437000,0.00454000,13784765.50000000,1784044799999,61909.29702200,970
1784044800000,0.00453000,0.00461000,0.00447000,0.00448000,21668681.70000000,1784048399999,98400.03737800,1188
1784048400000,0.00448000,0.00459000,0.00447000,0.00456000,16711927.70000000,1784051999999,75630.93952000,1162
1784052000000,0.00456000,0.00464000,0.00448000,0.00453000,29271499.80000000,1784055599999,133510.45600100,2119
1784055600000,0.00455000,0.00456000,0.00447000,0.00453000,7686147.80000000,1784059199999,34622.31319400,582
1784059200000,0.00452000,0.00467000,0.00449000,0.00462000,32015212.80000000,1784062799999,147601.17300600,2168
1784062800000,0.00463000,0.00481000,0.00459000,0.00463000,81871320.80000000,1784066399999,386210.83783700,7338
1784066400000,0.00463000,0.00474000,0.00459000,0.00469000,32725950.20000000,1784069999999,152835.17102100,2773
1784070000000,0.00470000,0.00479000,0.00464000,0.00464000,21845214.60000000,1784073599999,102877.74080000,1376
1784073600000,0.00463000,0.00478000,0.00462000,0.00465000,21339475.60000000,1784077199999,100877.06498500,1934
1784077200000,0.00466000,0.00470000,0.00458000,0.00458000,9256168.80000000,1784080799999,43008.44914100,772
1784080800000,0.00459000,0.00459000,0.00456000,0.00457000,3683066.20000000,1784084399999,16852.66079900,330
1784084400000,0.00456000,0.00457000,0.00451000,0.00452000,11206113.30000000,1784087999999,50743.09409900,626
1784088000000,0.00452000,0.00455000,0.00450000,0.00451000,5929723.20000000,1784091599999,26796.05245800,404
1784091600000,0.00451000,0.00453000,0.00444000,0.00448000,10443102.00000000,1784095199999,46930.71507600,529
1784095200000,0.00448000,0.00455000,0.00446000,0.00450000,14342826.30000000,1784098799999,64547.84644600,878
1784098800000,0.00449000,0.00451000,0.00443000,0.00448000,12108846.10000000,1784102399999,54003.05185700,559
1784102400000,0.00448000,0.00451000,0.00448000,0.00450000,4126871.10000000,1784105999999,18545.80978400,249
1784106000000,0.00450000,0.00460000,0.00449000,0.00451000,9365033.70000000,1784109599999,42498.06251200,777
1784109600000,0.00450000,0.00451000,0.00448000,0.00450000,3521788.80000000,1784113199999,15818.36607600,215
1784113200000,0.00449000,0.00450000,0.00445000,0.00447000,5916826.30000000,1784116799999,26456.53366700,330
1784116800000,0.00447000,0.00454000,0.00446000,0.00454000,5366452.60000000,1784120399999,24131.98941200,237
1784120400000,0.00454000,0.00455000,0.00450000,0.00451000,4644740.90000000,1784123999999,21050.96399400,267
1784124000000,0.00452000,0.00454000,0.00448000,0.00453000,6991112.20000000,1784127599999,31514.43124200,408
1784127600000,0.00453000,0.00462000,0.00452000,0.00452000,10780945.60000000,1784131199999,49182.05430300,778
1784131200000,0.00453000,0.00464000,0.00450000,0.00452000,13242243.90000000,1784134799999,60460.39001700,764
1784134800000,0.00452000,0.00453000,0.00450000,0.00451000,4752437.70000000,1784138399999,21414.04732400,200
1784138400000,0.00452000,0.00455000,0.00451000,0.00455000,4530071.70000000,1784141999999,20500.90323100,314
1784142000000,0.00455000,0.00455000,0.00450000,0.00450000,1643941.10000000,1784145599999,7424.17845900,99
1784145600000,0.00451000,0.00455000,0.00450000,0.00453000,3480756.80000000,1784149199999,15742.45038800,215
1784149200000,0.00452000,0.00456000,0.00449000,0.00450000,2882898.30000000,1784152799999,13040.16032200,228
1784152800000,0.00450000,0.00451000,0.00449000,0.00449000,989559.00000000,1784156399999,4455.74573100,190
1784156400000,0.00449000,0.00449000,0.00447000,0.00448000,1699936.20000000,1784159999999,7625.18633200,229
1784160000000,0.00448000,0.00456000,0.00446000,0.00448000,6001265.90000000,1784163599999,27081.13337200,512
1784163600000,0.00448000,0.00449000,0.00444000,0.00449000,1338343.70000000,1784167199999,5971.55320000,115
1784167200000,0.00449000,0.00450000,0.00449000,0.00450000,508359.80000000,1784170799999,2285.46151800,51
1784170800000,0.00451000,0.00456000,0.00448000,0.00449000,5686078.00000000,1784174399999,25746.02253900,492
1784174400000,0.00450000,0.00453000,0.00449000,0.00452000,2755921.60000000,1784177999999,12446.17028800,306
1784178000000,0.00452000,0.00456000,0.00451000,0.00452000,1746488.50000000,1784181599999,7921.10442600,223
1784181600000,0.00453000,0.00467000,0.00452000,0.00466000,15263120.80000000,1784185199999,70206.10494200,584
1784185200000,0.00465000,0.00465000,0.00452000,0.00458000,7563792.20000000,1784188799999,34678.76211200,718
1784188800000,0.00457000,0.00458000,0.00443000,0.00449000,12123658.20000000,1784192399999,54465.72895100,516
1784192400000,0.00449000,0.00451000,0.00446000,0.00448000,4964436.50000000,1784195999999,22219.22838100,175
1784196000000,0.00447000,0.00452000,0.00447000,0.00450000,3203798.40000000,1784199599999,14397.74800300,216
1784199600000,0.00450000,0.00451000,0.00446000,0.00447000,2736381.00000000,1784203199999,12251.80134000,146
1784203200000,0.00448000,0.00448000,0.00444000,0.00444000,3525188.30000000,1784206799999,15738.34480800,192
1784206800000,0.00445000,0.00452000,0.00445000,0.00449000,6962612.90000000,1784210399999,31248.51475600,469
1784210400000,0.00449000,0.00451000,0.00448000,0.00448000,2986140.90000000,1784213999999,13396.68270900,192
1784214000000,0.00449000,0.00450000,0.00446000,0.00449000,1756013.20000000,1784217599999,7877.02215900,143
1784217600000,0.00449000,0.00449000,0.00446000,0.00447000,4783158.90000000,1784221199999,21421.85042100,222
1784221200000,0.00446000,0.00447000,0.00441000,0.00441000,3105596.70000000,1784224799999,13762.01180700,215
1784224800000,0.00442000,0.00443000,0.00441000,0.00442000,668063.10000000,1784228399999,2955.25827100,76
1784228400000,0.00442000,0.00443000,0.00436000,0.00441000,3161246.30000000,1784231999999,13877.24517700,235
1784232000000,0.00441000,0.00443000,0.00439000,0.00443000,6782526.10000000,1784235599999,29950.95115700,251
1784235600000,0.00442000,0.00445000,0.00441000,0.00442000,3866203.80000000,1784239199999,17134.37766800,178
1784239200000,0.00443000,0.00444000,0.00437000,0.00437000,1473369.20000000,1784242799999,6470.71704400,153
1784242800000,0.00438000,0.00438000,0.00434000,0.00436000,3335984.70000000,1784246399999,14558.61846300,199
1784246400000,0.00437000,0.00440000,0.00435000,0.00439000,3249008.20000000,1784249999999,14200.47797400,228
1784250000000,0.00440000,0.00441000,0.00433000,0.00433000,8024176.30000000,1784253599999,34953.28095400,297
1784253600000,0.00434000,0.00436000,0.00433000,0.00435000,4369891.60000000,1784257199999,19001.84976300,213
1784257200000,0.00436000,0.00441000,0.00436000,0.00439000,963173.80000000,1784260799999,4229.34773000,89
1784260800000,0.00438000,0.00439000,0.00437000,0.00438000,692378.90000000,1784264399999,3028.95971500,53
1784264400000,0.00438000,0.00438000,0.00430000,0.00430000,3441838.10000000,1784267999999,14898.91825200,177
1784268000000,0.00430000,0.00434000,0.00430000,0.00432000,2663895.70000000,1784271599999,11516.27310400,195
1784271600000,0.00433000,0.00433000,0.00430000,0.00431000,1221523.30000000,1784275199999,5269.34109900,86
1784275200000,0.00430000,0.00433000,0.00429000,0.00431000,9613845.70000000,1784278799999,41355.24337200,265
1784278800000,0.00432000,0.00432000,0.00429000,0.00431000,2964101.30000000,1784282399999,12765.71319300,130
1784282400000,0.00431000,0.00434000,0.00431000,0.00434000,1259811.00000000,1784285999999,5444.55617400,66
1784286000000,0.00434000,0.00434000,0.00430000,0.00430000,1475626.90000000,1784289599999,6372.40312400,94
1784289600000,0.00430000,0.00431000,0.00428000,0.00429000,875393.80000000,1784293199999,3759.17671900,139
1784293200000,0.00429000,0.00430000,0.00423000,0.00430000,4187232.00000000,1784296799999,17840.27107400,394
1784296800000,0.00431000,0.00433000,0.00428000,0.00432000,2009699.10000000,1784300399999,8662.19203000,203
1784300400000,0.00431000,0.00436000,0.00429000,0.00433000,6969037.80000000,1784303999999,30213.12106600,463
1784304000000,0.00434000,0.00434000,0.00430000,0.00431000,2098581.90000000,1784307599999,9073.86410700,246
1784307600000,0.00431000,0.00435000,0.00431000,0.00432000,563197.30000000,1784311199999,2437.71481200,59
1784311200000,0.00433000,0.00433000,0.00431000,0.00432000,3118395.90000000,1784314799999,13478.56122200,126
1784314800000,0.00431000,0.00432000,0.00427000,0.00430000,8909008.20000000,1784318399999,38340.73954800,345
1784318400000,0.00429000,0.00429000,0.00426000,0.00427000,1221950.40000000,1784321999999,5230.40363300,79
1784322000000,0.00428000,0.00431000,0.00428000,0.00430000,1057135.20000000,1784325599999,4536.12793500,91
1784325600000,0.00430000,0.00430000,0.00426000,0.00428000,7563771.00000000,1784329199999,32254.97766500,182
1784329200000,0.00428000,0.00429000,0.00427000,0.00429000,814679.60000000,1784332799999,3488.25609200,76
1784332800000,0.00429000,0.00429000,0.00428000,0.00428000,717998.00000000,1784336399999,3073.07855800,59
1784336400000,0.00427000,0.00428000,0.00427000,0.00428000,521618.70000000,1784339999999,2229.69676300,41
1784340000000,0.00427000,0.00431000,0.00426000,0.00429000,2008535.60000000,1784343599999,8614.82942200,161
1784343600000,0.00430000,0.00432000,0.00430000,0.00431000,881871.20000000,1784347199999,3799.87475400,98
1784347200000,0.00432000,0.00433000,0.00430000,0.00432000,4349872.30000000,1784350799999,18759.42746400,183
1784350800000,0.00433000,0.00434000,0.00430000,0.00434000,2752592.40000000,1784354399999,11902.70699800,135
1784354400000,0.00434000,0.00435000,0.00431000,0.00432000,765798.10000000,1784357999999,3318.11412800,117
1784358000000,0.00432000,0.00432000,0.00430000,0.00430000,1922295.30000000,1784361599999,8273.65266700,209
1784361600000,0.00431000,0.00436000,0.00429000,0.00430000,4006163.10000000,1784365199999,17303.37398500,394
1784365200000,0.00430000,0.00439000,0.00426000,0.00435000,7664758.30000000,1784368799999,33162.72437400,742
1784368800000,0.00434000,0.00442000,0.00431000,0.00441000,8709841.20000000,1784372399999,37953.77817700,690
1784372400000,0.00440000,0.00452000,0.00440000,0.00448000,47158751.90000000,1784375999999,211291.04816200,3482
1784376000000,0.00448000,0.00469000,0.00446000,0.00449000,50182114.20000000,1784379599999,229616.72119300,4930
1784379600000,0.00450000,0.00451000,0.00440000,0.00443000,10480683.10000000,1784383199999,46624.09492000,806
1784383200000,0.00443000,0.00445000,0.00438000,0.00439000,8002729.70000000,1784386799999,35295.31102700,698
1784386800000,0.00439000,0.00442000,0.00436000,0.00440000,4523573.50000000,1784390399999,19848.76056900,456
1784390400000,0.00441000,0.00460000,0.00439000,0.00450000,37651814.90000000,1784393999999,169681.95446900,3042
1784394000000,0.00451000,0.00453000,0.00445000,0.00446000,11316010.70000000,1784397599999,50766.18464700,794
1784397600000,0.00445000,0.00446000,0.00443000,0.00445000,1499551.70000000,1784401199999,6668.62914700,254
1784401200000,0.00446000,0.00448000,0.00443000,0.00445000,4234082.50000000,1784404799999,18851.43336100,360
1784404800000,0.00446000,0.00446000,0.00441000,0.00442000,2971681.20000000,1784408399999,13152.22566800,225
1784408400000,0.00442000,0.00446000,0.00441000,0.00446000,6950948.80000000,1784411999999,30801.17206000,471
1784412000000,0.00446000,0.00446000,0.00441000,0.00441000,1993460.80000000,1784415599999,8820.31605000,156
1784415600000,0.00441000,0.00442000,0.00439000,0.00441000,3240773.60000000,1784419199999,14290.37079000,185
1784419200000,0.00442000,0.00442000,0.00439000,0.00441000,1995355.70000000,1784422799999,8809.43106900,237
1784422800000,0.00441000,0.00444000,0.00440000,0.00443000,1961037.90000000,1784426399999,8672.91352100,146
1784426400000,0.00443000,0.00444000,0.00442000,0.00444000,703178.80000000,1784429999999,3116.77932000,112
1784430000000,0.00444000,0.00444000,0.00441000,0.00442000,948113.30000000,1784433599999,4188.61470200,82
1784433600000,0.00441000,0.00445000,0.00441000,0.00443000,793549.60000000,1784437199999,3520.66801500,92
1784437200000,0.00443000,0.00445000,0.00441000,0.00441000,4185461.00000000,1784440799999,18489.14722600,206
1784440800000,0.00441000,0.00445000,0.00441000,0.00445000,912163.90000000,1784444399999,4035.24130800,157
1784444400000,0.00445000,0.00445000,0.00443000,0.00443000,3836406.70000000,1784447999999,17033.25728600,308
1784448000000,0.00443000,0.00445000,0.00441000,0.00444000,1557424.60000000,1784451599999,6893.01390400,261
1784451600000,0.00445000,0.00446000,0.00441000,0.00446000,1815709.20000000,1784455199999,8055.81512300,179
1784455200000,0.00445000,0.00445000,0.00439000,0.00440000,5964602.80000000,1784458799999,26336.26192600,447
1784458800000,0.00440000,0.00444000,0.00438000,0.00441000,6477337.00000000,1784462399999,28551.96879800,390
1784462400000,0.00442000,0.00452000,0.00440000,0.00450000,14405064.80000000,1784465999999,64596.48720300,843
1784466000000,0.00450000,0.00461000,0.00448000,0.00457000,19739028.80000000,1784469599999,89865.80262700,1415
1784469600000,0.00458000,0.00465000,0.00454000,0.00455000,9692853.70000000,1784473199999,44614.39305300,823
1784473200000,0.00455000,0.00461000,0.00452000,0.00461000,9093971.20000000,1784476799999,41552.24545200,770
1784476800000,0.00461000,0.00474000,0.00458000,0.00472000,22014527.70000000,1784480399999,102672.41377400,1909
1784480400000,0.00471000,0.00479000,0.00462000,0.00462000,40932374.90000000,1784483999999,193250.23719900,3111
1784484000000,0.00462000,0.00463000,0.00448000,0.00450000,16519191.50000000,1784487599999,74930.07116200,1261
1784487600000,0.00450000,0.00451000,0.00443000,0.00450000,10668081.20000000,1784491199999,47561.08642300,868
1784491200000,0.00450000,0.00451000,0.00447000,0.00448000,2161897.80000000,1784494799999,9704.96372400,334
1784494800000,0.00448000,0.00452000,0.00446000,0.00452000,3498242.90000000,1784498399999,15665.54606700,433
1784498400000,0.00452000,0.00455000,0.00448000,0.00450000,7284926.40000000,1784501999999,32820.09664200,645
1784502000000,0.00449000,0.00453000,0.00446000,0.00452000,4077652.70000000,1784505599999,18352.08119200,355
1784505600000,0.00452000,0.00453000,0.00449000,0.00451000,4358344.30000000,1784509199999,19674.03216300,336
1784509200000,0.00451000,0.00460000,0.00451000,0.00451000,17222859.30000000,1784512799999,78464.15257800,901
1784512800000,0.00452000,0.00454000,0.00450000,0.00451000,2429747.00000000,1784516399999,10996.01300100,333
1784516400000,0.00452000,0.00463000,0.00452000,0.00457000,11503090.20000000,1784519999999,52588.13144100,993
1784520000000,0.00458000,0.00458000,0.00449000,0.00451000,5156550.30000000,1784523599999,23336.87635300,354
1784523600000,0.00450000,0.00450000,0.00445000,0.00448000,4758946.30000000,1784527199999,21268.27949200,341
1784527200000,0.00448000,0.00457000,0.00448000,0.00450000,5506582.70000000,1784530799999,24842.58201800,525
1784530800000,0.00450000,0.00493000,0.00449000,0.00482000,79042933.80000000,1784534399999,377817.42641200,7017
1784534400000,0.00483000,0.00515000,0.00483000,0.00505000,122849280.10000000,1784537999999,612230.70980000,11658
1784538000000,0.00505000,0.00549000,0.00487000,0.00499000,214514359.10000000,1784541599999,1108897.75030200,17111
1784541600000,0.00499000,0.00523000,0.00497000,0.00504000,77897928.10000000,1784545199999,400075.47101100,6683
1784545200000,0.00504000,0.00532000,0.00500000,0.00508000,67293341.00000000,1784548799999,348215.49184400,4887
1784548800000,0.00508000,0.00526000,0.00508000,0.00522000,32555372.70000000,1784552399999,168923.07553500,3107
1784552400000,0.00523000,0.00563000,0.00519000,0.00530000,204397775.80000000,1784555999999,1108913.21822800,11389
1784556000000,0.00530000,0.00571000,0.00518000,0.00561000,106471900.90000000,1784559599999,580743.48953800,6646
1784559600000,0.00560000,0.00609000,0.00539000,0.00561000,235667353.90000000,1784563199999,1361956.55802900,14010
1784563200000,0.00562000,0.00637000,0.00562000,0.00630000,257341574.40000000,1784566799999,1563125.98348700,14505
1784566800000,0.00630000,0.00635000,0.00577000,0.00594000,110941367.60000000,1784570399999,665525.26770900,7782
1784570400000,0.00594000,0.00595000,0.00570000,0.00575000,56788148.60000000,1784573999999,330019.03646900,5637
1784574000000,0.00576000,0.00696000,0.00565000,0.00688000,232357485.70000000,1784577599999,1461871.41271700,22875
1784577600000,0.00688000,0.00794000,0.00685000,0.00778000,531422721.30000000,1784581199999,3914834.50115400,48629
1784581200000,0.00778000,0.00797000,0.00712000,0.00721000,281243387.40000000,1784584799999,2111155.84449700,27043
1784584800000,0.00721000,0.00724000,0.00669000,0.00686000,241685422.50000000,1784588399999,1673433.69669400,18334
1784588400000,0.00687000,0.00720000,0.00667000,0.00686000,126286083.00000000,1784591999999,879989.28262500,12910
1784592000000,0.00686000,0.00746000,0.00686000,0.00710000,187925935.60000000,1784595599999,1347886.49916800,17616
1784595600000,0.00709000,0.00709000,0.00631000,0.00643000,188128344.00000000,1784599199999,1232767.77792900,14812
1784599200000,0.00644000,0.00652000,0.00598000,0.00630000,122624029.50000000,1784602799999,762942.04852300,9483
1784602800000,0.00630000,0.00630000,0.00604000,0.00609000,88081342.20000000,1784606399999,540635.85733800,10390
1784606400000,0.00609000,0.00621000,0.00577000,0.00594000,104102078.40000000,1784609999999,619133.72894500,9456
1784610000000,0.00595000,0.00598000,0.00578000,0.00591000,72891779.30000000,1784613599999,427504.44651200,7711
1784613600000,0.00592000,0.00605000,0.00580000,0.00597000,78798395.00000000,1784617199999,469487.16768000,8192
1784617200000,0.00597000,0.00628000,0.00580000,0.00592000,180029252.00000000,1784620799999,1085340.52439100,13889
1784620800000,0.00591000,0.00592000,0.00519000,0.00528000,262791546.40000000,1784624399999,1421121.84704500,15939
1784624400000,0.00527000,0.00536000,0.00519000,0.00531000,77728211.00000000,1784627999999,409501.36400900,5306
1784628000000,0.00531000,0.00545000,0.00515000,0.00531000,89012218.70000000,1784631599999,473278.15707000,5834
1784631600000,0.00532000,0.00532000,0.00515000,0.00518000,41400868.90000000,1784635199999,216332.41736900,2677
1784635200000,0.00518000,0.00525000,0.00510000,0.00517000,38111953.60000000,1784638799999,197102.63546900,2612
1784638800000,0.00517000,0.00520000,0.00510000,0.00518000,37999731.60000000,1784642399999,195125.98339600,2892
1784642400000,0.00517000,0.00523000,0.00507000,0.00509000,34195819.30000000,1784645999999,175402.91509100,2397
1784646000000,0.00509000,0.00534000,0.00508000,0.00531000,35357954.60000000,1784649599999,185287.23915000,2110
1784649600000,0.00532000,0.00544000,0.00528000,0.00541000,40682229.30000000,1784653199999,218198.97222500,2142
1784653200000,0.00540000,0.00544000,0.00532000,0.00542000,25830354.50000000,1784656799999,138831.83964700,2030
1784656800000,0.00541000,0.00545000,0.00532000,0.00534000,12995707.40000000,1784660399999,69700.97029600,1215
1784660400000,0.00535000,0.00540000,0.00532000,0.00536000,15312189.50000000,1784663999999,82067.19533400,1716
1784664000000,0.00535000,0.00558000,0.00535000,0.00557000,46000688.30000000,1784667599999,253005.75043500,5162
1784667600000,0.00557000,0.00573000,0.00555000,0.00561000,47666514.90000000,1784671199999,268977.37481700,4793
1784671200000,0.00562000,0.00562000,0.00532000,0.00535000,31878416.20000000,1784674799999,173114.19508500,3153
1784674800000,0.00536000,0.00539000,0.00526000,0.00537000,12431026.60000000,1784678399999,66176.95210900,1276
1784678400000,0.00538000,0.00547000,0.00530000,0.00534000,28343383.90000000,1784681999999,152791.19768000,2474
1784682000000,0.00535000,0.00538000,0.00515000,0.00516000,21361625.60000000,1784685599999,111663.89787900,1818
1784685600000,0.00516000,0.00525000,0.00515000,0.00519000,10832826.80000000,1784689199999,56316.84118400,1375
1784689200000,0.00519000,0.00532000,0.00514000,0.00527000,10774900.00000000,1784692799999,56382.21228700,916
1784692800000,0.00527000,0.00528000,0.00519000,0.00521000,21055212.70000000,1784696399999,110129.61590200,1590
1784696400000,0.00520000,0.00520000,0.00506000,0.00509000,20960678.00000000,1784699999999,107483.42794500,1832
1784700000000,0.00508000,0.00542000,0.00507000,0.00513000,93345054.80000000,1784703599999,492047.85877300,7588
1784703600000,0.00514000,0.00515000,0.00494000,0.00503000,32312023.40000000,1784707199999,162736.86296000,2483
1784707200000,0.00503000,0.00526000,0.00502000,0.00513000,23091767.10000000,1784710799999,119376.94618200,2854
1784710800000,0.00513000,0.00520000,0.00511000,0.00517000,27049997.60000000,1784714399999,139472.40399400,2560
1784714400000,0.00517000,0.00520000,0.00513000,0.00520000,5224672.40000000,1784717999999,26995.62002400,826
1784718000000,0.00519000,0.00534000,0.00517000,0.00519000,28417963.20000000,1784721599999,149513.83797600,2151
1784721600000,0.00520000,0.00522000,0.00512000,0.00514000,11495542.10000000,1784725199999,59339.88576900,1403
1784725200000,0.00514000,0.00518000,0.00511000,0.00516000,11390642.40000000,1784728799999,58622.35556700,1124
1784728800000,0.00516000,0.00516000,0.00506000,0.00511000,18052104.90000000,1784732399999,91975.43684500,1492
1784732400000,0.00510000,0.00514000,0.00499000,0.00500000,30237593.80000000,1784735999999,153165.44178300,1817
1784736000000,0.00499000,0.00512000,0.00491000,0.00501000,49654127.70000000,1784739599999,247053.71518300,3550
1784739600000,0.00500000,0.00505000,0.00498000,0.00501000,16160347.40000000,1784743199999,81047.34403500,1056
1784743200000,0.00501000,0.00501000,0.00493000,0.00497000,11091835.40000000,1784746799999,55096.37534700,1177
1784746800000,0.00497000,0.00498000,0.00492000,0.00496000,10928233.00000000,1784750399999,54136.11413900,819
1784750400000,0.00495000,0.00505000,0.00495000,0.00503000,11697897.70000000,1784753999999,58727.85117500,999
1784754000000,0.00503000,0.00517000,0.00503000,0.00513000,15672653.60000000,1784757599999,80206.46647700,1429
1784757600000,0.00513000,0.00519000,0.00507000,0.00509000,8648306.80000000,1784761199999,44273.20482900,826
1784761200000,0.00509000,0.00509000,0.00504000,0.00506000,13269501.40000000,1784764799999,67180.96140800,815
1784764800000,0.00505000,0.00513000,0.00498000,0.00501000,12798961.50000000,1784768399999,64514.54621300,1401
1784768400000,0.00500000,0.00507000,0.00498000,0.00500000,12645970.70000000,1784771999999,63424.08421800,1034
1784772000000,0.00500000,0.00503000,0.00495000,0.00496000,5803051.20000000,1784775599999,28972.08037300,609
1784775600000,0.00495000,0.00496000,0.00490000,0.00496000,7158578.80000000,1784779199999,35292.68315900,706
1784779200000,0.00495000,0.00509000,0.00495000,0.00502000,9005173.40000000,1784782799999,45288.93787600,822
1784782800000,0.00502000,0.00502000,0.00497000,0.00500000,9551873.90000000,1784786399999,47774.37899200,843
1784786400000,0.00500000,0.00506000,0.00495000,0.00503000,13396000.00000000,1784789999999,67121.72206400,1227
1784790000000,0.00503000,0.00512000,0.00500000,0.00503000,18333639.70000000,1784793599999,92929.79463700,1829
1784793600000,0.00502000,0.00510000,0.00500000,0.00504000,12460113.80000000,1784797199999,62910.17118300,1097
1784797200000,0.00503000,0.00519000,0.00501000,0.00510000,16453691.40000000,1784800799999,83806.32643300,1659
1784800800000,0.00510000,0.00514000,0.00503000,0.00507000,11097379.80000000,1784804399999,56294.30092700,1212
1784804400000,0.00507000,0.00516000,0.00504000,0.00512000,6676883.50000000,1784807999999,34096.40605700,885
1784808000000,0.00512000,0.00524000,0.00509000,0.00521000,22472761.90000000,1784811599999,116012.55588900,2537
1784811600000,0.00522000,0.00543000,0.00516000,0.00522000,106868263.90000000,1784815199999,565982.07659100,11401
1784815200000,0.00523000,0.00535000,0.00520000,0.00526000,30696349.60000000,1784818799999,161781.35620600,3538
1784818800000,0.00526000,0.00529000,0.00497000,0.00502000,51082764.10000000,1784822399999,260375.84896200,3628
1784822400000,0.00502000,0.00506000,0.00493000,0.00494000,17143079.60000000,1784825999999,85484.43194500,1601
1784826000000,0.00494000,0.00495000,0.00472000,0.00474000,43954465.40000000,1784829599999,210943.33430300,3412
1784829600000,0.00474000,0.00481000,0.00473000,0.00479000,9101467.70000000,1784833199999,43403.41265700,1406
1784833200000,0.00478000,0.00480000,0.00472000,0.00479000,8898941.50000000,1784836799999,42459.17570900,1001
1784836800000,0.00479000,0.00491000,0.00478000,0.00487000,9834624.90000000,1784840399999,47726.58405800,940
1784840400000,0.00487000,0.00490000,0.00482000,0.00483000,5327297.40000000,1784843999999,25860.95303200,875
1784844000000,0.00483000,0.00486000,0.00479000,0.00485000,6413199.30000000,1784847599999,30959.33789400,841
1784847600000,0.00485000,0.00485000,0.00471000,0.00474000,17234606.10000000,1784851199999,82177.81397200,1143
1784851200000,0.00474000,0.00474000,0.00451000,0.00466000,64696828.70000000,1784854799999,298588.27697800,3920
1784854800000,0.00467000,0.00479000,0.00466000,0.00473000,10437909.70000000,1784858399999,49270.12254400,924
1784858400000,0.00474000,0.00484000,0.00469000,0.00476000,21952568.60000000,1784861999999,104569.69792700,1541
1784862000000,0.00476000,0.00483000,0.00475000,0.00475000,4947695.90000000,1784865599999,23716.24769700,525
1784865600000,0.00475000,0.00493000,0.00475000,0.00490000,29879139.80000000,1784869199999,145805.76691200,2950
1784869200000,0.00490000,0.00492000,0.00487000,0.00489000,10312563.90000000,1784872799999,50508.21072600,1064
1784872800000,0.00490000,0.00501000,0.00486000,0.00491000,20455720.10000000,1784876399999,100785.99291600,1705
1784876400000,0.00491000,0.00495000,0.00485000,0.00490000,11277613.10000000,1784879999999,55175.01607400,1218
1784880000000,0.00490000,0.00494000,0.00486000,0.00486000,9595106.20000000,1784883599999,47181.29677600,1018
1784883600000,0.00485000,0.00492000,0.00482000,0.00487000,21144017.50000000,1784887199999,102799.92333900,1688
1784887200000,0.00487000,0.00490000,0.00484000,0.00484000,9766992.20000000,1784890799999,47604.40905500,1036
1784890800000,0.00483000,0.00485000,0.00481000,0.00484000,6339346.40000000,1784894399999,30637.02271200,750
1784894400000,0.00484000,0.00486000,0.00479000,0.00481000,13359986.40000000,1784897999999,64348.89760000,1556
1784898000000,0.00482000,0.00491000,0.00481000,0.00487000,13938801.40000000,1784901599999,68041.11445200,1381
1784901600000,0.00487000,0.00496000,0.00485000,0.00492000,15612130.80000000,1784905199999,76546.69166700,1893
1784905200000,0.00493000,0.00501000,0.00486000,0.00491000,15560081.70000000,1784908799999,76600.61985600,1631
1784908800000,0.00491000,0.00514000,0.00490000,0.00510000,38526542.60000000,1784912399999,194081.60807100,3743
1784912400000,0.00510000,0.00530000,0.00509000,0.00522000,110223671.20000000,1784915999999,573418.85038900,8322
1784916000000,0.00521000,0.00554000,0.00520000,0.00549000,157166230.40000000,1784919599999,849321.27073300,19863
1784919600000,0.00549000,0.00554000,0.00531000,0.00532000,74414358.30000000,1784923199999,403079.60035300,5884
1784923200000,0.00533000,0.00535000,0.00514000,0.00515000,69131349.00000000,1784926799999,361198.29374700,5702
1784926800000,0.00516000,0.00519000,0.00508000,0.00511000,19690254.00000000,1784930399999,100998.11319500,2134
1784930400000,0.00511000,0.00526000,0.00510000,0.00518000,17320658.70000000,1784933999999,89985.44243800,1335
1784934000000,0.00517000,0.00525000,0.00514000,0.00519000,13210888.00000000,1784937599999,68578.83650400,1054
1784937600000,0.00520000,0.00544000,0.00517000,0.00543000,47154360.30000000,1784941199999,251577.67548400,4827
1784941200000,0.00543000,0.00544000,0.00527000,0.00529000,19071493.80000000,1784944799999,102016.02935300,2462
1784944800000,0.00528000,0.00529000,0.00518000,0.00520000,10723754.10000000,1784948399999,56106.33586900,858
1784948400000,0.00520000,0.00529000,0.00514000,0.00526000,14723044.40000000,1784951999999,76834.74014600,1506
1784952000000,0.00526000,0.00544000,0.00523000,0.00526000,36198475.50000000,1784955599999,193019.63802100,2489
1784955600000,0.00526000,0.00533000,0.00518000,0.00529000,14786272.30000000,1784959199999,77602.07809800,1260
1784959200000,0.00528000,0.00531000,0.00501000,0.00505000,28846443.20000000,1784962799999,147128.09010100,2213
1784962800000,0.00506000,0.00511000,0.00501000,0.00501000,21631097.40000000,1784966399999,109321.19841900,1826
1784966400000,0.00502000,0.00504000,0.00494000,0.00501000,29927740.40000000,1784969999999,149419.01993600,1883
1784970000000,0.00501000,0.00501000,0.00491000,0.00492000,20523759.60000000,1784973599999,101698.88035900,1500
1784973600000,0.00492000,0.00497000,0.00492000,0.00494000,9384356.40000000,1784977199999,46337.50917500,536
1784977200000,0.00494000,0.00498000,0.00486000,0.00492000,18072274.50000000,1784980799999,88668.13002400,1240
1784980800000,0.00492000,0.00496000,0.00491000,0.00493000,16073593.00000000,1784984399999,79314.80267400,978
1784984400000,0.00494000,0.00497000,0.00491000,0.00493000,10383770.70000000,1784987999999,51254.97883600,808
1784988000000,0.00492000,0.00497000,0.00491000,0.00492000,10437733.30000000,1784991599999,51561.02865700,801
1784991600000,0.00491000,0.00495000,0.00488000,0.00489000,13443097.20000000,1784995199999,66003.20903100,951
1784995200000,0.00489000,0.00497000,0.00487000,0.00497000,13754904.90000000,1784998799999,67629.43813100,1045
1784998800000,0.00496000,0.00501000,0.00495000,0.00497000,8309752.30000000,1785002399999,41410.72363700,896
1785002400000,0.00497000,0.00501000,0.00496000,0.00498000,5325535.10000000,1785005999999,26554.43853200,418
1785006000000,0.00498000,0.00503000,0.00497000,0.00502000,5179499.10000000,1785009599999,25885.03135100,608
1785009600000,0.00502000,0.00507000,0.00501000,0.00505000,10614821.70000000,1785013199999,53519.88588100,990
1785013200000,0.00505000,0.00511000,0.00499000,0.00511000,15915980.60000000,1785016799999,80330.11584200,1472
1785016800000,0.00511000,0.00512000,0.00505000,0.00506000,6397808.40000000,1785020399999,32546.42537000,620
1785020400000,0.00506000,0.00506000,0.00503000,0.00505000,6062389.80000000,1785023999999,30609.10988800,576
1785024000000,0.00505000,0.00517000,0.00501000,0.00514000,16415401.30000000,1785027599999,83555.88516500,1106
1785027600000,0.00514000,0.00516000,0.00503000,0.00504000,11915653.80000000,1785031199999,60354.83974600,811
1785031200000,0.00505000,0.00512000,0.00502000,0.00505000,7375220.10000000,1785034799999,37338.31252400,1102
1785034800000,0.00505000,0.00508000,0.00500000,0.00503000,7699958.40000000,1785038399999,38762.18081200,733
1785038400000,0.00503000,0.00503000,0.00499000,0.00500000,2061754.80000000,1785041999999,10321.74957500,321
1785042000000,0.00499000,0.00504000,0.00499000,0.00503000,1172855.50000000,1785045599999,5877.44166900,148
1785045600000,0.00503000,0.00503000,0.00490000,0.00492000,10999782.40000000,1785049199999,54260.02166400,849
1785049200000,0.00492000,0.00495000,0.00490000,0.00493000,10700258.80000000,1785052799999,52779.44473900,1055
1785052800000,0.00494000,0.00497000,0.00489000,0.00492000,8801894.90000000,1785056399999,43330.73870100,588
1785056400000,0.00493000,0.00494000,0.00490000,0.00492000,5879875.90000000,1785059999999,28912.04000900,476
1785060000000,0.00491000,0.00495000,0.00490000,0.00495000,3408321.80000000,1785063599999,16809.08417700,313
1785063600000,0.00494000,0.00500000,0.00493000,0.00499000,8858757.10000000,1785067199999,43941.08549800,653
1785067200000,0.00499000,0.00499000,0.00490000,0.00490000,8210578.20000000,1785070799999,40490.48042100,627
1785070800000,0.00491000,0.00499000,0.00489000,0.00496000,8219640.60000000,1785074399999,40793.04134700,829
1785074400000,0.00496000,0.00497000,0.00491000,0.00495000,10246032.10000000,1785077999999,50581.66317600,719
1785078000000,0.00495000,0.00497000,0.00492000,0.00494000,6424516.20000000,1785081599999,31741.99941000,581
1785081600000,0.00494000,0.00495000,0.00486000,0.00486000,11117366.60000000,1785085199999,54432.36720100,753
1785085200000,0.00486000,0.00488000,0.00482000,0.00487000,6252284.10000000,1785088799999,30301.13323600,536
1785088800000,0.00487000,0.00489000,0.00485000,0.00486000,1905572.30000000,1785092399999,9277.17329700,254
1785092400000,0.00486000,0.00488000,0.00486000,0.00487000,2919850.20000000,1785095999999,14218.14327800,251
1785096000000,0.00487000,0.00488000,0.00485000,0.00488000,5400360.50000000,1785099599999,26299.41876200,377
1785099600000,0.00488000,0.00490000,0.00486000,0.00488000,3782443.20000000,1785103199999,18453.79613500,346
1785103200000,0.00489000,0.00494000,0.00489000,0.00493000,4347083.90000000,1785106799999,21357.41419300,348
1785106800000,0.00493000,0.00495000,0.00491000,0.00493000,5884628.90000000,1785110399999,28966.95705000,296
1785110400000,0.00492000,0.00500000,0.00491000,0.00493000,7241696.50000000,1785113999999,35823.38012900,402
1785114000000,0.00493000,0.00498000,0.00491000,0.00498000,4235936.20000000,1785117599999,20931.84201300,578
1785117600000,0.00498000,0.00511000,0.00494000,0.00497000,20075359.40000000,1785121199999,100813.00717700,2413
1785121200000,0.00497000,0.00497000,0.00491000,0.00493000,3243638.90000000,1785124799999,16031.58538800,405
1785124800000,0.00492000,0.00495000,0.00484000,0.00485000,12637903.60000000,1785128399999,61689.73409800,852
1785128400000,0.00486000,0.00489000,0.00485000,0.00487000,2497814.00000000,1785131999999,12163.93456500,316
1785132000000,0.00487000,0.00489000,0.00470000,0.00477000,24603825.30000000,1785135599999,117939.63624500,2119
1785135600000,0.00477000,0.00480000,0.00473000,0.00474000,9166048.80000000,1785139199999,43633.08647900,655
1785139200000,0.00475000,0.00476000,0.00467000,0.00469000,12458767.10000000,1785142799999,58530.72220900,936
1785142800000,0.00469000,0.00472000,0.00463000,0.00470000,8944920.70000000,1785146399999,41814.07039300,666
1785146400000,0.00470000,0.00474000,0.00468000,0.00473000,9177601.10000000,1785149999999,43264.33891800,437
1785150000000,0.00473000,0.00476000,0.00470000,0.00474000,10479576.40000000,1785153599999,49478.35489500,457
1785153600000,0.00473000,0.00475000,0.00469000,0.00472000,5554028.10000000,1785157199999,26156.90228900,490
1785157200000,0.00472000,0.00479000,0.00471000,0.00473000,7919565.40000000,1785160799999,37614.46808700,589
1785160800000,0.00473000,0.00474000,0.00458000,0.00463000,18601205.00000000,1785164399999,86697.78465400,1100
1785164400000,0.00463000,0.00465000,0.00459000,0.00459000,6010585.20000000,1785167999999,27742.12656600,445
1785168000000,0.00460000,0.00473000,0.00460000,0.00473000,3450339.80000000,1785171599999,16082.69649000,318
1785171600000,0.00473000,0.00478000,0.00472000,0.00473000,8876561.50000000,1785175199999,42106.53189100,864
1785175200000,0.00474000,0.00475000,0.00470000,0.00473000,6147317.80000000,1785178799999,29008.31092500,513
1785178800000,0.00473000,0.00475000,0.00471000,0.00471000,2029532.50000000,1785182399999,9596.09831400,182
1785182400000,0.00472000,0.00476000,0.00470000,0.00476000,2100856.10000000,1785185999999,9935.08361700,383
1785186000000,0.00476000,0.00477000,0.00467000,0.00468000,7556032.60000000,1785189599999,35549.85795700,729
1785189600000,0.00468000,0.00468000,0.00452000,0.00454000,12229481.20000000,1785193199999,56236.42295300,1109
1785193200000,0.00453000,0.00458000,0.00448000,0.00456000,9760052.10000000,1785196799999,44059.97462300,778
1785196800000,0.00457000,0.00464000,0.00455000,0.00463000,3531914.30000000,1785200399999,16291.95743800,363
1785200400000,0.00463000,0.00465000,0.00458000,0.00461000,5416521.70000000,1785203999999,24976.50376400,528
1785204000000,0.00460000,0.00464000,0.00460000,0.00461000,5094378.80000000,1785207599999,23521.06585800,468
1785207600000,0.00462000,0.00462000,0.00455000,0.00458000,6510842.50000000,1785211199999,29809.84041400,587
1785211200000,0.00459000,0.00460000,0.00453000,0.00455000,4935589.30000000,1785214799999,22516.49084400,471
1785214800000,0.00455000,0.00456000,0.00453000,0.00453000,3706916.90000000,1785218399999,16852.38877900,381
1785218400000,0.00453000,0.00454000,0.00448000,0.00450000,6526274.00000000,1785221999999,29406.90386700,542
1785222000000,0.00451000,0.00452000,0.00446000,0.00451000,6493743.60000000,1785225599999,29160.43195200,387
1785225600000,0.00451000,0.00454000,0.00450000,0.00453000,5188311.60000000,1785229199999,23463.59699700,434
1785229200000,0.00453000,0.00457000,0.00452000,0.00453000,11863571.60000000,1785232799999,53930.43410300,418
1785232800000,0.00454000,0.00458000,0.00452000,0.00456000,4568970.20000000,1785236399999,20782.01833000,405
1785236400000,0.00456000,0.00458000,0.00454000,0.00457000,1602688.90000000,1785239999999,7295.58888100,218
1785240000000,0.00456000,0.00460000,0.00456000,0.00459000,4483863.40000000,1785243599999,20532.40211700,291
1785243600000,0.00459000,0.00467000,0.00454000,0.00467000,6007212.20000000,1785247199999,27721.22912400,617
1785247200000,0.00467000,0.00468000,0.00460000,0.00461000,4167813.80000000,1785250799999,19300.77440900,534
1785250800000,0.00460000,0.00468000,0.00460000,0.00466000,8520524.00000000,1785254399999,39651.23552400,527
1785254400000,0.00466000,0.00470000,0.00463000,0.00464000,4943033.00000000,1785257999999,23080.03677900,332
1785258000000,0.00463000,0.00467000,0.00461000,0.00463000,5695492.40000000,1785261599999,26376.41040700,487
1785261600000,0.00463000,0.00463000,0.00460000,0.00463000,3931313.30000000,1785265199999,18131.10077300,413
1785265200000,0.00463000,0.00464000,0.00461000,0.00462000,1579527.30000000,1785268799999,7304.64449900,215
1785268800000,0.00462000,0.00463000,0.00459000,0.00461000,1230412.70000000,1785272399999,5662.82681400,91
1785272400000,0.00461000,0.00462000,0.00460000,0.00462000,1808456.70000000,1785275999999,8333.25289600,125
1785276000000,0.00461000,0.00461000,0.00452000,0.00452000,4321039.80000000,1785279599999,19768.86082300,239
1785279600000,0.00452000,0.00457000,0.00451000,0.00454000,2754040.70000000,1785283199999,12538.35440000,211
1785283200000,0.00455000,0.00459000,0.00455000,0.00457000,5317688.90000000,1785286799999,24334.66672600,367
1785286800000,0.00457000,0.00458000,0.00452000,0.00455000,7598593.30000000,1785290399999,34490.78601800,454
1785290400000,0.00455000,0.00457000,0.00452000,0.00454000,8092843.40000000,1785293999999,36694.35971900,293
1785294000000,0.00454000,0.00459000,0.00447000,0.00449000,9596286.90000000,1785297599999,43336.85476000,423
1785297600000,0.00448000,0.00462000,0.00442000,0.00461000,7227910.60000000,1785301199999,32760.95525700,811
1785301200000,0.00461000,0.00464000,0.00458000,0.00460000,5207894.20000000,1785304799999,24011.32475800,463
1785304800000,0.00460000,0.00465000,0.00458000,0.00463000,3802018.90000000,1785308399999,17514.01152800,444
1785308400000,0.00463000,0.00472000,0.00456000,0.00457000,21884325.60000000,1785311999999,101871.19330900,1769
1785312000000,0.00457000,0.00458000,0.00449000,0.00451000,4630538.50000000,1785315599999,20948.10000700,471
1785315600000,0.00451000,0.00452000,0.00447000,0.00448000,2905398.20000000,1785319199999,13067.36062400,186
1785319200000,0.00447000,0.00447000,0.00439000,0.00442000,6692553.00000000,1785322799999,29614.00435900,442
1785322800000,0.00442000,0.00444000,0.00439000,0.00440000,4933399.50000000,1785326399999,21795.32258300,317
1785326400000,0.00439000,0.00441000,0.00434000,0.00436000,6513687.00000000,1785329999999,28468.99371200,430
1785330000000,0.00436000,0.00440000,0.00434000,0.00439000,3243770.30000000,1785333599999,14184.89772200,405
1785333600000,0.00439000,0.00439000,0.00434000,0.00436000,4345333.10000000,1785337199999,18973.80133300,421
1785337200000,0.00436000,0.00440000,0.00433000,0.00439000,5277371.20000000,1785340799999,23066.12327300,523
1785340800000,0.00438000,0.00446000,0.00432000,0.00434000,20880967.90000000,1785344399999,91408.83340200,1144
1785344400000,0.00435000,0.00439000,0.00435000,0.00439000,5576266.40000000,1785347999999,24362.04172500,475
1785348000000,0.00440000,0.00447000,0.00434000,0.00436000,46132195.10000000,1785351599999,203128.13790700,3416
1785351600000,0.00435000,0.00435000,0.00425000,0.00426000,11978859.60000000,1785355199999,51309.62213100,741
1785355200000,0.00425000,0.00428000,0.00421000,0.00426000,13025906.70000000,1785358799999,55224.22580100,753
1785358800000,0.00426000,0.00434000,0.00424000,0.00433000,7041589.70000000,1785362399999,30261.87024000,561
1785362400000,0.00434000,0.00439000,0.00434000,0.00434000,5083695.90000000,1785365999999,22177.63665800,307
1785366000000,0.00435000,0.00435000,0.00434000,0.00435000,962146.30000000,1785369599999,4179.95599000,77
1785369600000,0.00435000,0.00436000,0.00434000,0.00436000,3164583.80000000,1785373199999,13766.33875800,273
1785373200000,0.00437000,0.00440000,0.00437000,0.00440000,2442625.70000000,1785376799999,10725.58762200,203
1785376800000,0.00440000,0.00444000,0.00439000,0.00439000,4892943.50000000,1785380399999,21591.12675200,375
1785380400000,0.00439000,0.00439000,0.00435000,0.00437000,3926800.50000000,1785383999999,17134.20325300,299
1785384000000,0.00438000,0.00450000,0.00436000,0.00441000,14322700.70000000,1785387599999,63565.60789300,1414
1785387600000,0.00440000,0.00445000,0.00440000,0.00444000,4074938.20000000,1785391199999,18019.40374000,314
1785391200000,0.00444000,0.00448000,0.00444000,0.00445000,1448855.30000000,1785394799999,6461.49907800,159
1785394800000,0.00446000,0.00451000,0.00444000,0.00446000,5778817.30000000,1785398399999,25875.92239500,454
1785398400000,0.00447000,0.00456000,0.00444000,0.00451000,13747077.30000000,1785401999999,61936.23987500,1155
1785402000000,0.00451000,0.00455000,0.00444000,0.00445000,10274309.40000000,1785405599999,45985.25645400,960
1785405600000,0.00446000,0.00447000,0.00441000,0.00441000,8434685.70000000,1785409199999,37411.64908300,698
1785409200000,0.00442000,0.00446000,0.00441000,0.00445000,4875187.40000000,1785412799999,21620.70997900,491
1785412800000,0.00444000,0.00445000,0.00441000,0.00443000,2052317.10000000,1785416399999,9086.09414200,314
1785416400000,0.00444000,0.00445000,0.00441000,0.00443000,3559539.50000000,1785419999999,15764.21822100,324
1785420000000,0.00443000,0.00445000,0.00440000,0.00441000,4798098.50000000,1785423599999,21220.54014800,382
1785423600000,0.00441000,0.00461000,0.00441000,0.00450000,36688574.90000000,1785427199999,165450.18899300,5187
1785427200000,0.00451000,0.00459000,0.00443000,0.00444000,9853808.10000000,1785430799999,44475.28987600,1412
1785430800000,0.00443000,0.00446000,0.00442000,0.00445000,2491794.40000000,1785434399999,11058.65243300,328
1785434400000,0.00446000,0.00450000,0.00445000,0.00445000,3145841.00000000,1785437999999,14084.40282300,350
1785438000000,0.00446000,0.00448000,0.00443000,0.00443000,4387643.70000000,1785441599999,19513.08283800,300
1785441600000,0.00443000,0.00449000,0.00441000,0.00445000,5173104.50000000,1785445199999,23038.40920100,588
1785445200000,0.00444000,0.00445000,0.00442000,0.00442000,1564368.50000000,1785448799999,6936.41710500,151
1785448800000,0.00442000,0.00443000,0.00440000,0.00441000,2491174.30000000,1785452399999,11005.43737900,396
1785452400000,0.00441000,0.00444000,0.00438000,0.00439000,3740588.30000000,1785455999999,16470.36928000,424
1785456000000,0.00439000,0.00444000,0.00436000,0.00443000,5499850.70000000,1785459599999,24225.19208000,688
1785459600000,0.00443000,0.00446000,0.00441000,0.00441000,1895460.90000000,1785463199999,8410.17506400,198
1785463200000,0.00441000,0.00443000,0.00440000,0.00442000,2241067.60000000,1785466799999,9897.87984400,178
1785466800000,0.00443000,0.00450000,0.00442000,0.00449000,4871421.90000000,1785470399999,21758.29814100,612
1785470400000,0.00450000,0.00454000,0.00447000,0.00451000,10157999.50000000,1785473999999,45744.63991000,1089
1785474000000,0.00452000,0.00460000,0.00452000,0.00454000,2407621.80000000,1785477599999,10971.10803900,401
1785477600000,0.00454000,0.00466000,0.00453000,0.00459000,19690598.30000000,1785481199999,90477.50992300,2136
1785481200000,0.00458000,0.00472000,0.00455000,0.00462000,15106212.70000000,1785484799999,70075.63807500,1485
1785484800000,0.00462000,0.00463000,0.00456000,0.00461000,5112362.50000000,1785488399999,23477.33593600,312
1785488400000,0.00460000,0.00468000,0.00458000,0.00462000,20799623.30000000,1785491999999,95988.14632700,1484
1785492000000,0.00461000,0.00468000,0.00459000,0.00462000,9769340.20000000,1785495599999,45220.55632800,1022
1785495600000,0.00462000,0.00465000,0.00452000,0.00461000,12790953.90000000,1785499199999,58730.44816000,1083
1785499200000,0.00461000,0.00465000,0.00456000,0.00456000,7533131.30000000,1785502799999,34618.00856200,972
1785502800000,0.00456000,0.00469000,0.00456000,0.00459000,13445795.00000000,1785506399999,62100.42172100,1799
1785506400000,0.00459000,0.00470000,0.00455000,0.00469000,12211643.10000000,1785509999999,56517.83594700,1603
1785510000000,0.00469000,0.00471000,0.00460000,0.00463000,14715742.70000000,1785513599999,68301.52366300,1224
1785513600000,0.00464000,0.00476000,0.00464000,0.00473000,8795300.20000000,1785517199999,41389.40879500,806
1785517200000,0.00472000,0.00472000,0.00465000,0.00465000,5705970.60000000,1785520799999,26656.51212300,947
1785520800000,0.00465000,0.00469000,0.00464000,0.00469000,5716781.50000000,1785524399999,26623.52806500,787
1785524400000,0.00469000,0.00470000,0.00462000,0.00462000,7249977.00000000,1785527999999,33748.32121300,962
1785528000000,0.00462000,0.00467000,0.00460000,0.00466000,5019206.10000000,1785531599999,23258.26899800,676
1785531600000,0.00466000,0.00469000,0.00463000,0.00468000,6824397.50000000,1785535199999,31809.90004600,770
1785535200000,0.00468000,0.00472000,0.00467000,0.00468000,2992673.40000000,1785538799999,14040.29671600,295
1785538800000,0.00467000,0.00473000,0.00467000,0.00469000,3217715.90000000,1785542399999,15111.88273700,401
1785542400000,0.00470000,0.00475000,0.00469000,0.00469000,5795144.40000000,1785545999999,27377.53986700,918
1785546000000,0.00469000,0.00475000,0.00464000,0.00470000,22817059.90000000,1785549599999,106864.57396900,1699
1785549600000,0.00470000,0.00481000,0.00470000,0.00480000,9174572.80000000,1785553199999,43690.72809800,1134
1785553200000,0.00480000,0.00480000,0.00469000,0.00472000,4327995.70000000,1785556799999,20459.14393500,638
1785556800000,0.00471000,0.00480000,0.00471000,0.00478000,3620393.70000000,1785560399999,17250.23230800,451
1785560400000,0.00479000,0.00480000,0.00474000,0.00480000,5511444.40000000,1785563999999,26304.21101900,695
1785564000000,0.00479000,0.00479000,0.00473000,0.00474000,2665561.20000000,1785567599999,12673.60116000,594
1785567600000,0.00474000,0.00486000,0.00474000,0.00479000,11274000.30000000,1785571199999,54391.50012900,1260
1785571200000,0.00478000,0.00484000,0.00475000,0.00483000,3675476.10000000,1785574799999,17619.30859500,626
1785574800000,0.00483000,0.00485000,0.00478000,0.00478000,5392981.00000000,1785578399999,25968.33465500,1008
1785578400000,0.00478000,0.00479000,0.00473000,0.00477000,6063450.20000000,1785581999999,28772.73903900,852
1785582000000,0.00476000,0.00476000,0.00468000,0.00472000,3387362.90000000,1785585599999,15974.75721900,526
1785585600000,0.00471000,0.00474000,0.00468000,0.00470000,2546088.50000000,1785589199999,11992.12301400,490
1785589200000,0.00470000,0.00474000,0.00469000,0.00473000,5182421.60000000,1785592799999,24430.09588500,671
1785592800000,0.00473000,0.00475000,0.00462000,0.00463000,14375532.70000000,1785596399999,67109.12654600,1402
1785596400000,0.00463000,0.00474000,0.00463000,0.00467000,10612451.90000000,1785599999999,49504.06447600,1008
1785600000000,0.00467000,0.00472000,0.00465000,0.00467000,3568384.90000000,1785603599999,16699.11236200,371
1785603600000,0.00467000,0.00469000,0.00465000,0.00467000,4076740.30000000,1785607199999,19035.21586300,695
1785607200000,0.00467000,0.00468000,0.00460000,0.00465000,8830693.50000000,1785610799999,40917.39855400,1146
1785610800000,0.00465000,0.00469000,0.00465000,0.00467000,3055305.50000000,1785614399999,14267.59747700,431
1785614400000,0.00467000,0.00469000,0.00465000,0.00467000,1991574.10000000,1785617999999,9294.56360900,364
1785618000000,0.00467000,0.00470000,0.00465000,0.00470000,3007387.40000000,1785621599999,14036.91344200,299
1785621600000,0.00471000,0.00471000,0.00466000,0.00467000,1832437.00000000,1785625199999,8575.43793000,130
1785625200000,0.00467000,0.00468000,0.00464000,0.00465000,1052614.20000000,1785628799999,4890.98383100,275
1785628800000,0.00466000,0.00468000,0.00464000,0.00468000,1351828.30000000,1785632399999,6306.58297600,277
1785632400000,0.00468000,0.00478000,0.00468000,0.00471000,8264260.90000000,1785635999999,39075.04864600,1362
1785636000000,0.00471000,0.00474000,0.00469000,0.00470000,2429666.50000000,1785639599999,11442.98811400,347
1785639600000,0.00470000,0.00473000,0.00470000,0.00471000,1638151.90000000,1785643199999,7728.55555300,312
1785643200000,0.00470000,0.00472000,0.00468000,0.00471000,1642304.10000000,1785646799999,7716.38058300,302
1785646800000,0.00471000,0.00471000,0.00464000,0.00466000,1413153.10000000,1785650399999,6610.88132600,199
1785650400000,0.00466000,0.00469000,0.00465000,0.00468000,1763641.30000000,1785653999999,8230.88169600,347
1785654000000,0.00468000,0.00469000,0.00466000,0.00469000,1413011.90000000,1785657599999,6607.40411100,205
1785657600000,0.00470000,0.00472000,0.00467000,0.00472000,3476465.70000000,1785661199999,16301.75316800,462
1785661200000,0.00471000,0.00475000,0.00471000,0.00475000,839744.30000000,1785664799999,3970.07298500,101
1785664800000,0.00475000,0.00477000,0.00475000,0.00477000,2063908.10000000,1785668399999,9817.71546900,263
1785668400000,0.00477000,0.00481000,0.00472000,0.00476000,6766884.70000000,1785671999999,32199.16420400,727
1785672000000,0.00475000,0.00478000,0.00475000,0.00478000,791279.10000000,1785675599999,3769.23163300,124
1785675600000,0.00479000,0.00483000,0.00476000,0.00478000,6749172.50000000,1785679199999,32400.72771000,792
1785679200000,0.00479000,0.00480000,0.00476000,0.00476000,952744.10000000,1785682799999,4544.02896500,186
1785682800000,0.00476000,0.00493000,0.00476000,0.00479000,19320686.00000000,1785686399999,93997.85871000,2462
1785686400000,0.00479000,0.00482000,0.00473000,0.00474000,14936503.90000000,1785689999999,71372.70150500,1208
1785690000000,0.00475000,0.00477000,0.00471000,0.00474000,5428476.10000000,1785693599999,25725.09203800,599
1785693600000,0.00473000,0.00476000,0.00473000,0.00473000,1026274.70000000,1785697199999,4860.45589600,124
1785697200000,0.00473000,0.00473000,0.00469000,0.00470000,1864341.20000000,1785700799999,8778.71890700,285
1785700800000,0.00471000,0.00473000,0.00470000,0.00470000,1405865.30000000,1785704399999,6628.16811800,157
1785704400000,0.00470000,0.00470000,0.00467000,0.00469000,1021851.60000000,1785707999999,4784.76563700,203
1785708000000,0.00468000,0.00473000,0.00468000,0.00471000,5804126.40000000,1785711599999,27327.67289900,613
1785711600000,0.00471000,0.00471000,0.00467000,0.00470000,1353327.00000000,1785715199999,6352.65685500,257
1785715200000,0.00470000,0.00475000,0.00465000,0.00469000,5988099.50000000,1785718799999,28146.84967900,812
1785718800000,0.00470000,0.00470000,0.00466000,0.00467000,2847029.50000000,1785722399999,13290.64110600,273
1785722400000,0.00467000,0.00479000,0.00466000,0.00473000,10553751.40000000,1785725999999,50095.06306600,853
1785726000000,0.00473000,0.00473000,0.00439000,0.00447000,80511380.20000000,1785729599999,364932.03837000,6705
1785729600000,0.00448000,0.00451000,0.00446000,0.00448000,10727265.20000000,1785733199999,48019.03849800,752
1785733200000,0.00447000,0.00452000,0.00447000,0.00450000,1989389.30000000,1785736799999,8951.77467800,282
1785736800000,0.00450000,0.00456000,0.00447000,0.00447000,17174295.80000000,1785740399999,77488.75506900,901
1785740400000,0.00447000,0.00451000,0.00445000,0.00450000,4460599.90000000,1785743999999,20003.64801600,482
1785744000000,0.00450000,0.00451000,0.00447000,0.00450000,4208086.50000000,1785747599999,18913.92689700,271
1785747600000,0.00449000,0.00449000,0.00444000,0.00445000,3547799.20000000,1785751199999,15833.11771900,466
1785751200000,0.00445000,0.00445000,0.00442000,0.00444000,1477277.50000000,1785754799999,6559.48533900,236
1785754800000,0.00444000,0.00445000,0.00439000,0.00440000,5378572.20000000,1785758399999,23767.25451600,530
1785758400000,0.00439000,0.00456000,0.00437000,0.00455000,18305130.20000000,1785761999999,81980.45509600,1737
1785762000000,0.00455000,0.00459000,0.00454000,0.00458000,8707380.70000000,1785765599999,39779.18673200,1017
1785765600000,0.00458000,0.00463000,0.00455000,0.00457000,16604676.70000000,1785769199999,75978.41954200,1035
1785769200000,0.00457000,0.00458000,0.00453000,0.00455000,4809466.10000000,1785772799999,21880.82945400,816
1785772800000,0.00455000,0.00467000,0.00455000,0.00460000,5578894.00000000,1785776399999,25754.25598200,832
1785776400000,0.00460000,0.00465000,0.00460000,0.00464000,1877701.40000000,1785779999999,8687.29141700,275
1785780000000,0.00464000,0.00466000,0.00462000,0.00464000,4140389.90000000,1785783599999,19212.74010600,463
1785783600000,0.00464000,0.00465000,0.00462000,0.00462000,1161960.10000000,1785787199999,5385.63536800,197
1785787200000,0.00462000,0.00469000,0.00462000,0.00466000,3010178.50000000,1785790799999,14042.02059500,391
1785790800000,0.00467000,0.00468000,0.00465000,0.00466000,3165088.10000000,1785794399999,14786.13612200,384
1785794400000,0.00466000,0.00468000,0.00465000,0.00468000,1711838.20000000,1785797999999,7979.59106900,340
1785798000000,0.00467000,0.00469000,0.00466000,0.00466000,1563782.40000000,1785801599999,7303.89733200,224
1785801600000,0.00465000,0.00467000,0.00462000,0.00463000,3392339.40000000,1785805199999,15759.10852600,343
1785805200000,0.00463000,0.00467000,0.00463000,0.00465000,3761678.50000000,1785808799999,17499.00065400,406
1785808800000,0.00466000,0.00472000,0.00464000,0.00468000,3416843.10000000,1785812399999,16027.57610500,511
1785812400000,0.00468000,0.00468000,0.00465000,0.00466000,3030195.70000000,1785815999999,14128.02968100,339
1785816000000,0.00466000,0.00475000,0.00465000,0.00475000,6580319.40000000,1785819599999,31058.84079500,1006
1785819600000,0.00475000,0.00477000,0.00467000,0.00468000,5720815.40000000,1785823199999,27049.95168600,822
1785823200000,0.00468000,0.00468000,0.00459000,0.00460000,6574559.60000000,1785826799999,30428.43650600,763
1785826800000,0.00460000,0.00464000,0.00459000,0.00461000,2869696.20000000,1785830399999,13234.02880300,396
1785830400000,0.00461000,0.00463000,0.00459000,0.00463000,2329227.20000000,1785833999999,10737.69358700,282
1785834000000,0.00463000,0.00465000,0.00462000,0.00464000,3443307.40000000,1785837599999,15969.54445300,303
1785837600000,0.00465000,0.00469000,0.00464000,0.00468000,5227119.20000000,1785841199999,24386.69127600,446
1785841200000,0.00468000,0.00475000,0.00468000,0.00470000,6913236.30000000,1785844799999,32628.71623500,713
1785844800000,0.00470000,0.00478000,0.00469000,0.00476000,10603053.80000000,1785848399999,50258.19768600,1114
1785848400000,0.00476000,0.00478000,0.00468000,0.00469000,4617886.80000000,1785851999999,21839.29269000,541
1785852000000,0.00468000,0.00472000,0.00468000,0.00469000,3647378.70000000,1785855599999,17137.00793800,663
1785855600000,0.00469000,0.00470000,0.00462000,0.00464000,9343587.30000000,1785859199999,43563.37361600,864
1785859200000,0.00465000,0.00466000,0.00462000,0.00465000,3486142.00000000,1785862799999,16186.04567300,324
1785862800000,0.00464000,0.00467000,0.00461000,0.00462000,5581441.60000000,1785866399999,25846.88012100,577
1785866400000,0.00463000,0.00465000,0.00462000,0.00464000,3101882.80000000,1785869999999,14387.90361900,337
1785870000000,0.00465000,0.00470000,0.00465000,0.00467000,2113899.40000000,1785873599999,9879.18223500,294
1785873600000,0.00467000,0.00468000,0.00466000,0.00467000,942598.80000000,1785877199999,4402.72045800,127
1785877200000,0.00467000,0.00470000,0.00466000,0.00468000,1391715.20000000,1785880799999,6511.35875400,114
1785880800000,0.00467000,0.00469000,0.00466000,0.00467000,1724428.40000000,1785884399999,8074.96899100,297
1785884400000,0.00467000,0.00469000,0.00466000,0.00467000,1287239.80000000,1785887999999,6020.01796200,104
1785888000000,0.00468000,0.00471000,0.00467000,0.00468000,3586692.90000000,1785891599999,16809.02126300,389
1785891600000,0.00468000,0.00474000,0.00468000,0.00470000,4940932.20000000,1785895199999,23339.71207800,530
1785895200000,0.00470000,0.00473000,0.00467000,0.00467000,5692985.80000000,1785898799999,26672.77595400,707
1785898800000,0.00467000,0.00469000,0.00465000,0.00469000,2826854.90000000,1785902399999,13211.15676100,622
1785902400000,0.00469000,0.00479000,0.00469000,0.00478000,6879396.50000000,1785905999999,32673.91533300,752
1785906000000,0.00477000,0.00489000,0.00477000,0.00482000,25101502.90000000,1785909599999,121331.53740600,2366
1785909600000,0.00482000,0.00496000,0.00482000,0.00491000,35843468.90000000,1785913199999,175904.20742700,4288
1785913200000,0.00492000,0.00501000,0.00487000,0.00489000,27713749.90000000,1785916799999,136825.62611900,3841
1785916800000,0.00489000,0.00492000,0.00481000,0.00483000,17516331.00000000,1785920399999,85207.15016000,1709
1785920400000,0.00483000,0.00491000,0.00482000,0.00489000,4312438.00000000,1785923999999,20987.52448900,591
1785924000000,0.00489000,0.00491000,0.00485000,0.00487000,6680002.10000000,1785927599999,32609.35963100,721
1785927600000,0.00487000,0.00490000,0.00482000,0.00484000,10051433.20000000,1785931199999,48740.55919900,1275
1785931200000,0.00485000,0.00487000,0.00480000,0.00483000,13078135.90000000,1785934799999,63103.26041500,1035
1785934800000,0.00483000,0.00484000,0.00480000,0.00483000,3797291.90000000,1785938399999,18308.44671500,448
1785938400000,0.00482000,0.00486000,0.00480000,0.00486000,7537522.90000000,1785941999999,36443.16941100,627
1785942000000,0.00485000,0.00485000,0.00479000,0.00482000,9275981.20000000,1785945599999,44682.67845000,566
1785945600000,0.00482000,0.00483000,0.00478000,0.00482000,5203981.80000000,1785949199999,24976.28036200,507
1785949200000,0.00482000,0.00487000,0.00481000,0.00485000,4733640.00000000,1785952799999,22990.75500100,445
1785952800000,0.00485000,0.00491000,0.00483000,0.00489000,6635072.30000000,1785956399999,32346.86140000,913
1785956400000,0.00489000,0.00499000,0.00486000,0.00488000,33305707.70000000,1785959999999,164101.02118000,3801
1785960000000,0.00488000,0.00505000,0.00488000,0.00497000,44591176.50000000,1785963599999,222629.03529000,5373
1785963600000,0.00497000,0.00503000,0.00493000,0.00495000,16792230.20000000,1785967199999,83765.39642400,1847
1785967200000,0.00496000,0.00508000,0.00493000,0.00497000,27155115.70000000,1785970799999,135705.77446100,2148
1785970800000,0.00496000,0.00497000,0.00494000,0.00497000,3297095.20000000,1785974399999,16345.00736300,555
1785974400000,0.00496000,0.00503000,0.00495000,0.00498000,9467208.90000000,1785977999999,47223.57870800,902
1785978000000,0.00498000,0.00500000,0.00490000,0.00491000,10953343.60000000,1785981599999,54128.28926900,1020
1785981600000,0.00492000,0.00503000,0.00489000,0.00501000,11291747.60000000,1785985199999,55767.02214500,1329
1785985200000,0.00502000,0.00506000,0.00496000,0.00498000,11649653.10000000,1785988799999,58398.77425700,1179
1785988800000,0.00499000,0.00504000,0.00497000,0.00499000,15317128.50000000,1785992399999,76702.29622800,1503
1785992400000,0.00500000,0.00505000,0.00497000,0.00500000,7022347.80000000,1785995999999,35152.45736100,913
1785996000000,0.00500000,0.00508000,0.00498000,0.00501000,10781335.60000000,1785999599999,54189.12806900,1154
1785999600000,0.00501000,0.00515000,0.00500000,0.00508000,20003900.10000000,1786003199999,101714.70840400,1932
1786003200000,0.00509000,0.00515000,0.00504000,0.00514000,18078229.00000000,1786006799999,92070.50365700,1613
1786006800000,0.00513000,0.00520000,0.00511000,0.00511000,18198552.30000000,1786010399999,93696.33187900,2177
1786010400000,0.00510000,0.00515000,0.00508000,0.00508000,14632828.70000000,1786013999999,74755.46866400,1464
1786014000000,0.00508000,0.00509000,0.00504000,0.00506000,4691953.50000000,1786017599999,23779.66468800,600
1786017600000,0.00506000,0.00509000,0.00501000,0.00502000,8687055.30000000,1786021199999,43845.83949100,1057
1786021200000,0.00503000,0.00505000,0.00499000,0.00505000,13538434.40000000,1786024799999,67971.71248000,1104
1786024800000,0.00506000,0.00516000,0.00498000,0.00511000,22514696.30000000,1786028399999,114450.60866600,2255
1786028400000,0.00511000,0.00523000,0.00506000,0.00519000,36901654.40000000,1786031999999,190248.76140100,3676
1786032000000,0.00518000,0.00539000,0.00516000,0.00530000,55122450.50000000,1786035599999,292495.13689900,6599
1786035600000,0.00530000,0.00541000,0.00529000,0.00537000,27257286.60000000,1786039199999,146172.83460600,2978
1786039200000,0.00537000,0.00537000,0.00523000,0.00526000,22811779.40000000,1786042799999,120291.68105900,2480
1786042800000,0.00526000,0.00526000,0.00511000,0.00513000,17751200.90000000,1786046399999,91858.32034600,1701
1786046400000,0.00513000,0.00520000,0.00509000,0.00515000,6786258.00000000,1786049999999,34894.07548900,788
1786050000000,0.00515000,0.00517000,0.00509000,0.00510000,5950023.90000000,1786053599999,30515.41167400,646
1786053600000,0.00512000,0.00513000,0.00504000,0.00505000,5889279.60000000,1786057199999,29932.61257700,884
1786057200000,0.00505000,0.00510000,0.00505000,0.00507000,2718192.40000000,1786060799999,13783.73210200,398
1786060800000,0.00508000,0.00518000,0.00506000,0.00514000,6331109.60000000,1786064399999,32480.69972600,676
1786064400000,0.00515000,0.00522000,0.00509000,0.00515000,8711784.10000000,1786067999999,44938.34689600,966
1786068000000,0.00515000,0.00533000,0.00515000,0.00517000,36502516.00000000,1786071599999,191767.48309700,3540
1786071600000,0.00518000,0.00525000,0.00517000,0.00521000,7359245.90000000,1786075199999,38364.63640600,1133
1786075200000,0.00521000,0.00521000,0.00503000,0.00507000,17432290.80000000,1786078799999,88613.29900900,1917
1786078800000,0.00508000,0.00528000,0.00507000,0.00524000,15865230.50000000,1786082399999,82122.29845500,1632
1786082400000,0.00524000,0.00527000,0.00521000,0.00525000,5715804.40000000,1786085999999,29933.78827100,1042
1786086000000,0.00524000,0.00527000,0.00520000,0.00525000,7538048.70000000,1786089599999,39484.69596200,797
1786089600000,0.00526000,0.00532000,0.00518000,0.00529000,16236717.40000000,1786093199999,85147.41686800,2003
1786093200000,0.00528000,0.00542000,0.00526000,0.00536000,20840447.40000000,1786096799999,111508.64815800,2304
1786096800000,0.00537000,0.00546000,0.00536000,0.00541000,26528430.20000000,1786100399999,143643.71814400,2384
1786100400000,0.00541000,0.00569000,0.00536000,0.00554000,91522109.60000000,1786103999999,507912.74029400,10642
1786104000000,0.00554000,0.00560000,0.00539000,0.00541000,37977739.30000000,1786107599999,207833.07315900,4211
1786107600000,0.00542000,0.00542000,0.00521000,0.00521000,38535544.50000000,1786111199999,204102.59982100,4556
1786111200000,0.00522000,0.00525000,0.00518000,0.00524000,11358677.70000000,1786114799999,59229.45482600,1349
1786114800000,0.00525000,0.00528000,0.00521000,0.00522000,5031274.80000000,1786118399999,26435.53726500,943
1786118400000,0.00522000,0.00533000,0.00518000,0.00528000,8855260.70000000,1786121999999,46568.44661000,1137
1786122000000,0.00527000,0.00527000,0.00512000,0.00518000,31246335.50000000,1786125599999,162378.12870400,2988
1786125600000,0.00519000,0.00526000,0.00519000,0.00522000,4050812.50000000,1786129199999,21162.15310400,578
1786129200000,0.00522000,0.00527000,0.00520000,0.00524000,5969463.80000000,1786132799999,31199.80376300,764
1786132800000,0.00524000,0.00524000,0.00516000,0.00516000,5639427.80000000,1786136399999,29267.27937500,833
1786136400000,0.00517000,0.00518000,0.00509000,0.00512000,5647381.70000000,1786139999999,28993.70709300,858
1786140000000,0.00511000,0.00520000,0.00511000,0.00516000,5889826.40000000,1786143599999,30361.26147700,1145
1786143600000,0.00517000,0.00522000,0.00517000,0.00519000,2535807.40000000,1786147199999,13179.72719500,189
1786147200000,0.00520000,0.00528000,0.00518000,0.00528000,2635668.10000000,1786150799999,13794.53295700,350
1786150800000,0.00528000,0.00529000,0.00520000,0.00522000,7552042.20000000,1786154399999,39528.88779800,728
1786154400000,0.00523000,0.00528000,0.00521000,0.00521000,4690623.20000000,1786157999999,24643.20324200,568
1786158000000,0.00521000,0.00526000,0.00521000,0.00523000,3668054.20000000,1786161599999,19176.45528100,469
1786161600000,0.00524000,0.00531000,0.00524000,0.00528000,5018083.10000000,1786165199999,26461.56195300,640
1786165200000,0.00529000,0.00530000,0.00519000,0.00520000,2580374.90000000,1786168799999,13488.34508300,420
1786168800000,0.00520000,0.00531000,0.00515000,0.00527000,11633384.70000000,1786172399999,60531.22622400,1182
1786172400000,0.00527000,0.00536000,0.00522000,0.00524000,15248864.50000000,1786175999999,80661.44333600,2166
1786176000000,0.00524000,0.00526000,0.00522000,0.00522000,5800904.70000000,1786179599999,30385.59947400,665
1786179600000,0.00523000,0.00531000,0.00521000,0.00529000,7003573.80000000,1786183199999,36931.82671800,944
1786183200000,0.00529000,0.00533000,0.00527000,0.00531000,8781568.40000000,1786186799999,46572.91681400,1039
1786186800000,0.00532000,0.00540000,0.00530000,0.00536000,15782300.80000000,1786190399999,84321.30422600,1768
1786190400000,0.00537000,0.00541000,0.00536000,0.00537000,3679192.00000000,1786193999999,19829.60529600,738
1786194000000,0.00537000,0.00547000,0.00536000,0.00539000,24128091.50000000,1786197599999,130640.71384200,1689
1786197600000,0.00540000,0.00544000,0.00536000,0.00544000,5984522.30000000,1786201199999,32333.77542400,786
1786201200000,0.00543000,0.00543000,0.00531000,0.00538000,11776700.30000000,1786204799999,63189.92268300,1322
1786204800000,0.00538000,0.00552000,0.00537000,0.00544000,8004838.60000000,1786208399999,43742.33342400,1256
1786208400000,0.00544000,0.00554000,0.00543000,0.00549000,9322132.60000000,1786211999999,51197.44808400,930
1786212000000,0.00548000,0.00549000,0.00543000,0.00548000,4404671.10000000,1786215599999,24034.26186800,603
1786215600000,0.00548000,0.00550000,0.00546000,0.00548000,2077037.40000000,1786219199999,11387.39472900,437
1786219200000,0.00547000,0.00548000,0.00539000,0.00541000,5474400.80000000,1786222799999,29746.82904600,633
1786222800000,0.00541000,0.00545000,0.00538000,0.00545000,5785103.10000000,1786226399999,31343.65613600,654
1786226400000,0.00545000,0.00553000,0.00539000,0.00549000,21236422.00000000,1786229999999,116452.58409500,1919
1786230000000,0.00549000,0.00552000,0.00545000,0.00551000,8325086.20000000,1786233599999,45662.71961400,723
1786233600000,0.00550000,0.00553000,0.00542000,0.00542000,4384123.20000000,1786237199999,24078.21801900,540
1786237200000,0.00542000,0.00551000,0.00542000,0.00544000,13355911.90000000,1786240799999,73092.52145800,1302
1786240800000,0.00544000,0.00551000,0.00543000,0.00548000,5118994.20000000,1786244399999,28009.47638800,722
1786244400000,0.00548000,0.00549000,0.00539000,0.00541000,7610936.70000000,1786247999999,41384.34382600,982
1786248000000,0.00541000,0.00546000,0.00540000,0.00543000,5402529.50000000,1786251599999,29291.87721700,793
1786251600000,0.00544000,0.00549000,0.00537000,0.00542000,7502345.10000000,1786255199999,40631.46625700,853
1786255200000,0.00543000,0.00560000,0.00541000,0.00556000,13185302.40000000,1786258799999,72663.21395500,1530
1786258800000,0.00556000,0.00560000,0.00544000,0.00557000,21688882.10000000,1786262399999,119716.18814600,2932
1786262400000,0.00557000,0.00561000,0.00545000,0.00552000,14628307.80000000,1786265999999,80702.34083000,1475
1786266000000,0.00551000,0.00556000,0.00544000,0.00545000,11953102.80000000,1786269599999,65629.86933800,1610
1786269600000,0.00545000,0.00555000,0.00545000,0.00554000,8182722.20000000,1786273199999,45197.28213900,838
1786273200000,0.00554000,0.00555000,0.00547000,0.00553000,6931317.40000000,1786276799999,38177.67201900,1093
1786276800000,0.00553000,0.00555000,0.00550000,0.00555000,5396882.40000000,1786280399999,29801.91500400,752
1786280400000,0.00554000,0.00566000,0.00553000,0.00556000,20206445.60000000,1786283999999,112873.05681800,2104
1786284000000,0.00556000,0.00561000,0.00551000,0.00558000,6452026.60000000,1786287599999,35784.57544900,1096
1786287600000,0.00558000,0.00558000,0.00552000,0.00555000,7145883.30000000,1786291199999,39625.76454900,924
1786291200000,0.00556000,0.00559000,0.00554000,0.00554000,2425480.30000000,1786294799999,13492.60892900,503
1786294800000,0.00554000,0.00558000,0.00551000,0.00555000,5976402.40000000,1786298399999,33077.49456700,941
1786298400000,0.00555000,0.00563000,0.00555000,0.00558000,6609296.10000000,1786301999999,36945.65807200,753
1786302000000,0.00557000,0.00563000,0.00557000,0.00563000,6495744.40000000,1786305599999,36442.76496600,805
1786305600000,0.00563000,0.00564000,0.00559000,0.00562000,3324006.10000000,1786309199999,18672.63623200,481
1786309200000,0.00563000,0.00571000,0.00560000,0.00562000,17648853.50000000,1786312799999,99927.75517800,1716
1786312800000,0.00562000,0.00564000,0.00555000,0.00559000,6201170.00000000,1786316399999,34688.69642800,823
1786316400000,0.00559000,0.00560000,0.00551000,0.00556000,6985044.30000000,1786319999999,38819.94090300,795
1786320000000,0.00556000,0.00570000,0.00555000,0.00564000,8486059.50000000,1786323599999,48030.39231300,886
1786323600000,0.00564000,0.00573000,0.00563000,0.00573000,2654808.20000000,1786327199999,15058.51443100,499
1786327200000,0.00574000,0.00575000,0.00564000,0.00566000,8013945.10000000,1786330799999,45712.99568400,893
1786330800000,0.00566000,0.00569000,0.00556000,0.00558000,10897715.00000000,1786334399999,61351.97555300,1419
1786334400000,0.00558000,0.00572000,0.00558000,0.00566000,12122513.70000000,1786337999999,68882.01646800,852
1786338000000,0.00566000,0.00567000,0.00559000,0.00560000,4299707.50000000,1786341599999,24142.79061900,597
1786341600000,0.00559000,0.00559000,0.00546000,0.00551000,10605596.90000000,1786345199999,58500.18409200,1306
1786345200000,0.00550000,0.00552000,0.00543000,0.00549000,12182022.80000000,1786348799999,66689.84216700,1866
1786348800000,0.00549000,0.00549000,0.00538000,0.00540000,14181160.20000000,1786352399999,76884.55583900,1527
1786352400000,0.00541000,0.00544000,0.00523000,0.00525000,24467888.40000000,1786355999999,130253.37891000,2313
1786356000000,0.00525000,0.00535000,0.00525000,0.00534000,7015444.90000000,1786359599999,37266.26649100,673
1786359600000,0.00534000,0.00535000,0.00527000,0.00529000,9021451.70000000,1786363199999,47868.48330700,1367
1786363200000,0.00529000,0.00533000,0.00528000,0.00531000,5441445.40000000,1786366799999,28898.27593900,758
1786366800000,0.00531000,0.00531000,0.00526000,0.00530000,4880283.40000000,1786370399999,25800.83353800,906
1786370400000,0.00531000,0.00536000,0.00529000,0.00529000,8902848.20000000,1786373999999,47391.41604800,843
1786374000000,0.00529000,0.00532000,0.00524000,0.00526000,4703800.60000000,1786377599999,24816.87087700,612
1786377600000,0.00525000,0.00530000,0.00524000,0.00527000,6568998.10000000,1786381199999,34653.18415100,635
1786381200000,0.00527000,0.00530000,0.00522000,0.00527000,10867519.50000000,1786384799999,57151.53542500,1091
1786384800000,0.00527000,0.00531000,0.00527000,0.00530000,1046694.20000000,1786388399999,5531.65984500,247
1786388400000,0.00529000,0.00530000,0.00523000,0.00526000,4646881.40000000,1786391999999,24433.99699900,648
1786392000000,0.00527000,0.00532000,0.00525000,0.00530000,2072417.50000000,1786395599999,10972.30342400,283
1786395600000,0.00530000,0.00531000,0.00525000,0.00530000,4588950.70000000,1786399199999,24217.07786900,591
1786399200000,0.00529000,0.00531000,0.00526000,0.00529000,2229260.00000000,1786402799999,11783.79648800,394
1786402800000,0.00529000,0.00529000,0.00525000,0.00526000,2300099.60000000,1786406399999,12108.81548100,366
1786406400000,0.00526000,0.00535000,0.00526000,0.00533000,2973747.30000000,1786409999999,15793.40475300,624
1786410000000,0.00532000,0.00532000,0.00526000,0.00529000,2956185.10000000,1786413599999,15642.89184500,709
1786413600000,0.00530000,0.00535000,0.00529000,0.00531000,5179210.40000000,1786417199999,27566.29420500,765
1786417200000,0.00531000,0.00531000,0.00485000,0.00501000,133116801.20000000,1786420799999,668540.79134200,12330
1786420800000,0.00502000,0.00503000,0.00497000,0.00501000,5683983.60000000,1786424399999,28433.00143300,820
1786424400000,0.00501000,0.00506000,0.00500000,0.00506000,5919143.40000000,1786427999999,29753.23325000,910
1786428000000,0.00505000,0.00507000,0.00497000,0.00501000,7111702.40000000,1786431599999,35671.16562800,971
1786431600000,0.00501000,0.00503000,0.00493000,0.00495000,11797833.40000000,1786435199999,58816.51802600,1316
1786435200000,0.00495000,0.00501000,0.00493000,0.00501000,9079459.80000000,1786438799999,45022.39829300,1022
1786438800000,0.00501000,0.00501000,0.00497000,0.00501000,8773883.80000000,1786442399999,43755.50382100,1109
1786442400000,0.00502000,0.00502000,0.00494000,0.00499000,6818101.80000000,1786445999999,33893.04926800,571
1786446000000,0.00499000,0.00504000,0.00496000,0.00502000,11529294.40000000,1786449599999,57731.91432500,1518
1786449600000,0.00502000,0.00502000,0.00498000,0.00499000,5632571.90000000,1786453199999,28158.50048800,717
1786453200000,0.00499000,0.00500000,0.00497000,0.00498000,2472312.10000000,1786456799999,12315.94213400,368
1786456800000,0.00497000,0.00499000,0.00492000,0.00493000,9764243.50000000,1786460399999,48407.30987000,826
1786460400000,0.00493000,0.00495000,0.00484000,0.00490000,7612952.90000000,1786463999999,37290.63939500,965
1786464000000,0.00489000,0.00490000,0.00487000,0.00489000,3422574.10000000,1786467599999,16712.17359000,428
1786467600000,0.00489000,0.00491000,0.00485000,0.00490000,6910416.40000000,1786471199999,33726.40039700,858
1786471200000,0.00490000,0.00490000,0.00485000,0.00486000,2505925.60000000,1786474799999,12198.53426100,629
1786474800000,0.00486000,0.00489000,0.00485000,0.00489000,1657769.00000000,1786478399999,8075.10225400,196
1786478400000,0.00489000,0.00492000,0.00485000,0.00487000,6808594.40000000,1786481999999,33229.15151300,621
1786482000000,0.00487000,0.00487000,0.00484000,0.00485000,2673739.40000000,1786485599999,12977.28367500,268
1786485600000,0.00485000,0.00488000,0.00485000,0.00485000,1150282.00000000,1786489199999,5587.58994000,172
1786489200000,0.00485000,0.00486000,0.00481000,0.00482000,2973722.60000000,1786492799999,14372.02158500,388
1786492800000,0.00483000,0.00487000,0.00481000,0.00486000,2174572.70000000,1786496399999,10551.69906800,393
1786496400000,0.00486000,0.00488000,0.00483000,0.00485000,3044688.20000000,1786499999999,14792.65109800,503
1786500000000,0.00485000,0.00497000,0.00484000,0.00496000,7302022.60000000,1786503599999,35714.71311200,1006
1786503600000,0.00496000,0.00504000,0.00493000,0.00499000,17547882.30000000,1786507199999,87673.52121900,2214
1786507200000,0.00499000,0.00503000,0.00499000,0.00499000,8612478.10000000,1786510799999,43156.04808600,1384
1786510800000,0.00499000,0.00506000,0.00499000,0.00505000,4262846.60000000,1786514399999,21442.12334000,738
1786514400000,0.00505000,0.00509000,0.00501000,0.00509000,10648475.20000000,1786517999999,53816.08699800,1617
1786518000000,0.00509000,0.00511000,0.00502000,0.00505000,5997991.00000000,1786521599999,30367.10882900,1239
1786521600000,0.00505000,0.00507000,0.00502000,0.00503000,4625721.20000000,1786525199999,23346.10216700,902
1786525200000,0.00502000,0.00508000,0.00498000,0.00498000,9134013.50000000,1786528799999,45885.04069700,1357
1786528800000,0.00498000,0.00500000,0.00491000,0.00493000,15966684.60000000,1786532399999,79040.46381400,1535
1786532400000,0.00492000,0.00493000,0.00486000,0.00488000,7265328.50000000,1786535999999,35589.40885100,1224
1786536000000,0.00488000,0.00490000,0.00486000,0.00487000,7049009.60000000,1786539599999,34411.33625900,1132
1786539600000,0.00487000,0.00488000,0.00484000,0.00485000,5614125.60000000,1786543199999,27267.21679100,630
1786543200000,0.00486000,0.00489000,0.00484000,0.00485000,7962769.80000000,1786546799999,38714.30773700,1351
1786546800000,0.00485000,0.00488000,0.00483000,0.00483000,7087242.70000000,1786550399999,34413.80085000,1246
1786550400000,0.00484000,0.00485000,0.00479000,0.00481000,5264863.40000000,1786553999999,25383.44148000,616
1786554000000,0.00481000,0.00481000,0.00475000,0.00476000,4592449.80000000,1786557599999,21916.95770800,549
1786557600000,0.00476000,0.00477000,0.00475000,0.00476000,1786732.50000000,1786561199999,8502.28247500,182
1786561200000,0.00476000,0.00477000,0.00469000,0.00472000,7510588.00000000,1786564799999,35460.27606700,830
1786564800000,0.00472000,0.00476000,0.00469000,0.00471000,4690552.70000000,1786568399999,22160.62940000,381
1786568400000,0.00472000,0.00475000,0.00466000,0.00467000,6347384.60000000,1786571999999,29900.23691700,890
1786572000000,0.00467000,0.00472000,0.00466000,0.00471000,8178962.00000000,1786575599999,38432.14264800,595
1786575600000,0.00471000,0.00472000,0.00468000,0.00471000,4710287.20000000,1786579199999,22147.01435100,517
1786579200000,0.00471000,0.00478000,0.00471000,0.00476000,2994055.80000000,1786582799999,14257.61808200,533
1786582800000,0.00475000,0.00478000,0.00474000,0.00475000,1186697.00000000,1786586399999,5649.30701300,251
1786586400000,0.00475000,0.00480000,0.00474000,0.00479000,2234494.20000000,1786589999999,10657.17293900,283
1786590000000,0.00480000,0.00481000,0.00479000,0.00481000,2228407.10000000,1786593599999,10692.25102200,165
1786593600000,0.00480000,0.00483000,0.00478000,0.00482000,3508997.00000000,1786597199999,16833.89651500,390
1786597200000,0.00482000,0.00486000,0.00482000,0.00484000,5547933.00000000,1786600799999,26819.86293400,642
1786600800000,0.00484000,0.00488000,0.00482000,0.00485000,2508659.70000000,1786604399999,12199.53428100,304
1786604400000,0.00485000,0.00485000,0.00482000,0.00483000,1245184.60000000,1786607999999,6014.65893300,214
1786608000000,0.00483000,0.00484000,0.00479000,0.00483000,5973106.70000000,1786611599999,28719.62108700,653
1786611600000,0.00483000,0.00484000,0.00479000,0.00481000,3232190.10000000,1786615199999,15555.65006700,274
1786615200000,0.00481000,0.00482000,0.00478000,0.00482000,2798439.30000000,1786618799999,13423.37965300,231
1786618800000,0.00481000,0.00482000,0.00479000,0.00479000,1073116.10000000,1786622399999,5162.56135600,105
1786622400000,0.00479000,0.00480000,0.00477000,0.00479000,2599305.70000000,1786625999999,12431.98922500,285
1786626000000,0.00480000,0.00482000,0.00480000,0.00482000,420571.90000000,1786629599999,2023.01238300,91
1786629600000,0.00482000,0.00489000,0.00480000,0.00488000,8523697.50000000,1786633199999,41287.70074500,745
1786633200000,0.00488000,0.00488000,0.00481000,0.00481000,6660312.10000000,1786636799999,32248.67347100,522
1786636800000,0.00481000,0.00484000,0.00477000,0.00478000,8695111.40000000,1786640399999,41759.69710900,774
1786640400000,0.00478000,0.00483000,0.00478000,0.00480000,5959709.80000000,1786643999999,28676.41767800,751
1786644000000,0.00480000,0.00482000,0.00476000,0.00481000,6676903.50000000,1786647599999,32026.32302300,507
1786647600000,0.00481000,0.00493000,0.00458000,0.00470000,69253496.10000000,1786651199999,327516.33831400,4274
1786651200000,0.00470000,0.00474000,0.00470000,0.00473000,4683933.80000000,1786654799999,22121.16703700,309
1786654800000,0.00474000,0.00479000,0.00474000,0.00478000,4081556.70000000,1786658399999,19442.55148100,479
1786658400000,0.00478000,0.00479000,0.00476000,0.00476000,2617016.40000000,1786661999999,12484.74384100,292
1786662000000,0.00475000,0.00476000,0.00475000,0.00476000,458990.40000000,1786665599999,2184.58035500,50
1786665600000,0.00475000,0.00481000,0.00475000,0.00479000,3497435.60000000,1786669199999,16725.09964500,487
1786669200000,0.00478000,0.00479000,0.00474000,0.00476000,2011912.20000000,1786672799999,9577.35974200,289
1786672800000,0.00476000,0.00478000,0.00475000,0.00476000,1725947.20000000,1786676399999,8220.64355300,265
1786676400000,0.00476000,0.00478000,0.00476000,0.00477000,1492626.10000000,1786679999999,7116.82567900,236
1786680000000,0.00477000,0.00478000,0.00475000,0.00475000,2506711.10000000,1786683599999,11937.21646000,308
1786683600000,0.00475000,0.00476000,0.00470000,0.00473000,5266900.20000000,1786687199999,24875.51365900,510
1786687200000,0.00473000,0.00473000,0.00466000,0.00467000,12409168.50000000,1786690799999,58258.34184500,757
1786690800000,0.00467000,0.00469000,0.00462000,0.00463000,4400631.20000000,1786694399999,20500.87367500,533
1786694400000,0.00464000,0.00467000,0.00464000,0.00466000,5912835.80000000,1786697999999,27532.23670600,726
1786698000000,0.00465000,0.00465000,0.00457000,0.00458000,5089632.20000000,1786701599999,23425.65885200,681
1786701600000,0.00458000,0.00462000,0.00457000,0.00460000,3695437.80000000,1786705199999,16980.82114900,418
1786705200000,0.00460000,0.00463000,0.00459000,0.00462000,3671242.00000000,1786708799999,16905.43788200,394
1786708800000,0.00462000,0.00467000,0.00460000,0.00466000,3477842.40000000,1786712399999,16086.44608200,266
1786712400000,0.00467000,0.00468000,0.00463000,0.00467000,6051607.30000000,1786715999999,28130.90462300,746
1786716000000,0.00467000,0.00468000,0.00463000,0.00465000,4089847.00000000,1786719599999,19045.00028700,581
1786719600000,0.00464000,0.00476000,0.00462000,0.00471000,12872913.80000000,1786723199999,60468.99698700,1790
1786723200000,0.00471000,0.00475000,0.00469000,0.00473000,5655971.70000000,1786726799999,26744.93522900,645
1786726800000,0.00473000,0.00479000,0.00472000,0.00478000,8258582.00000000,1786730399999,39307.19870400,561
1786730400000,0.00478000,0.00482000,0.00477000,0.00479000,10923446.30000000,1786733999999,52387.22710300,1510
1786734000000,0.00479000,0.00479000,0.00476000,0.00477000,3380724.20000000,1786737599999,16128.40841700,464
1786737600000,0.00477000,0.00485000,0.00477000,0.00482000,5354973.10000000,1786741199999,25813.06923700,738
1786741200000,0.00482000,0.00489000,0.00482000,0.00489000,4863441.90000000,1786744799999,23608.75949900,557
1786744800000,0.00488000,0.00494000,0.00487000,0.00492000,11432591.50000000,1786748399999,56111.98190400,1258
1786748400000,0.00492000,0.00493000,0.00484000,0.00487000,4036852.60000000,1786751999999,19754.52542100,782
1786752000000,0.00487000,0.00487000,0.00483000,0.00484000,2713018.70000000,1786755599999,13176.33566200,377
1786755600000,0.00484000,0.00486000,0.00479000,0.00485000,4018330.90000000,1786759199999,19383.15926900,501
1786759200000,0.00485000,0.00493000,0.00485000,0.00493000,7131477.70000000,1786762799999,34910.60790600,1114
1786762800000,0.00493000,0.00494000,0.00485000,0.00488000,5292760.10000000,1786766399999,25842.67069900,465
1786766400000,0.00488000,0.00502000,0.00488000,0.00500000,6832297.00000000,1786769999999,33908.24711400,776
1786770000000,0.00501000,0.00525000,0.00500000,0.00520000,46901300.40000000,1786773599999,241905.34730800,6146
1786773600000,0.00521000,0.00554000,0.00520000,0.00552000,132666952.70000000,1786777199999,710858.93834200,20305
1786777200000,0.00552000,0.00559000,0.00529000,0.00553000,90478922.60000000,1786780799999,492932.73124700,13130
1786780800000,0.00554000,0.00638000,0.00553000,0.00624000,282965278.10000000,1786784399999,1694546.20708900,36775
1786784400000,0.00624000,0.00628000,0.00519000,0.00533000,300768433.50000000,1786787999999,1669756.94128800,35519
1786788000000,0.00533000,0.00536000,0.00515000,0.00526000,86295266.70000000,1786791599999,451988.83242800,10193
1786791600000,0.00526000,0.00556000,0.00515000,0.00551000,72044141.60000000,1786795199999,386910.70769200,9257
1786795200000,0.00551000,0.00568000,0.00532000,0.00568000,153612429.50000000,1786798799999,845621.73042900,21331
1786798800000,0.00567000,0.00570000,0.00541000,0.00564000,106714223.80000000,1786802399999,593721.38323800,16093
1786802400000,0.00565000,0.00680000,0.00558000,0.00661000,300458786.30000000,1786805999999,1864254.08202500,39988
1786806000000,0.00661000,0.00676000,0.00617000,0.00654000,220843568.90000000,1786809599999,1426681.47479500,34770
1786809600000,0.00655000,0.00661000,0.00596000,0.00642000,290664332.80000000,1786813199999,1810481.37676600,41903
1786813200000,0.00642000,0.00722000,0.00632000,0.00716000,267621395.40000000,1786816799999,1816618.22934900,24877
1786816800000,0.00718000,0.00749000,0.00692000,0.00723000,300366079.30000000,1786820399999,2168102.69196400,24477
1786820400000,0.00722000,0.00733000,0.00667000,0.00706000,199703225.90000000,1786823999999,1383712.94738700,26850
1786824000000,0.00706000,0.00725000,0.00655000,0.00688000,199191902.00000000,1786827599999,1369437.46753400,20926
1786827600000,0.00688000,0.00721000,0.00671000,0.00706000,117171101.60000000,1786831199999,820511.13508500,19433
1786831200000,0.00706000,0.00742000,0.00657000,0.00670000,174543882.40000000,1786834799999,1231017.77694200,29229
1786834800000,0.00671000,0.00715000,0.00665000,0.00701000,73353871.00000000,1786838399999,509312.59449200,13117
1786838400000,0.00701000,0.00727000,0.00659000,0.00700000,166251382.00000000,1786841999999,1146612.51518900,18766
1786842000000,0.00700000,0.00711000,0.00599000,0.00662000,359026794.80000000,1786845599999,2309298.37457500,35431
1786845600000,0.00662000,0.00745000,0.00656000,0.00742000,166314026.40000000,1786849199999,1174234.65635300,25902
1786849200000,0.00743000,0.00817000,0.00736000,0.00782000,352748988.50000000,1786852799999,2761395.67545800,62512
1786852800000,0.00782000,0.00843000,0.00767000,0.00823000,182959331.40000000,1786856399999,1480892.39997800,35359
1786856400000,0.00824000,0.00828000,0.00767000,0.00773000,244930986.50000000,1786859999999,1953466.56193000,45747
1786860000000,0.00774000,0.00867000,0.00756000,0.00857000,189646076.40000000,1786863599999,1567004.64807800,33019
1786863600000,0.00857000,0.00900000,0.00829000,0.00864000,253158290.90000000,1786867199999,2180128.61083200,38104
1786867200000,0.00865000,0.00874000,0.00806000,0.00819000,195513262.90000000,1786870799999,1643493.71813400,39144
1786870800000,0.00820000,0.00854000,0.00804000,0.00847000,161175820.20000000,1786874399999,1339281.21367000,45190
1786874400000,0.00847000,0.00872000,0.00810000,0.00820000,159858301.30000000,1786877999999,1347767.82171100,40401
1786878000000,0.00820000,0.00823000,0.00627000,0.00666000,684050582.70000000,1786881599999,4754467.69670300,85270
1786881600000,0.00666000,0.00685000,0.00643000,0.00662000,205194919.50000000,1786885199999,1355841.28803100,27965
1786885200000,0.00661000,0.00679000,0.00648000,0.00665000,128767113.00000000,1786888799999,855342.30632100,28040
1786888800000,0.00665000,0.00668000,0.00589000,0.00596000,245005301.30000000,1786892399999,1520520.48091500,32444
1786892400000,0.00597000,0.00619000,0.00585000,0.00601000,118038912.40000000,1786895999999,709173.63079000,16682
1786896000000,0.00600000,0.00608000,0.00555000,0.00583000,142399317.00000000,1786899599999,825931.24670100,11342
1786899600000,0.00584000,0.00587000,0.00572000,0.00575000,45800395.20000000,1786903199999,265050.24746100,4653
1786903200000,0.00575000,0.00597000,0.00573000,0.00590000,32011449.20000000,1786906799999,186727.79634100,4140
1786906800000,0.00591000,0.00633000,0.00591000,0.00628000,106867300.70000000,1786910399999,660199.46302200,11656
1786910400000,0.00628000,0.00650000,0.00617000,0.00644000,75087108.20000000,1786913999999,476809.97645500,9932
1786914000000,0.00645000,0.00645000,0.00630000,0.00633000,31392580.00000000,1786917599999,200285.73500400,5259
1786917600000,0.00633000,0.00642000,0.00624000,0.00626000,31465900.50000000,1786921199999,198662.31820700,5474
1786921200000,0.00627000,0.00633000,0.00614000,0.00626000,41208813.10000000,1786924799999,257271.07969900,4960
1786924800000,0.00627000,0.00646000,0.00597000,0.00616000,118402428.00000000,1786928399999,732284.76389400,12937
1786928400000,0.00617000,0.00640000,0.00604000,0.00633000,65405519.90000000,1786931999999,405704.06934800,8844
1786932000000,0.00633000,0.00658000,0.00632000,0.00647000,61397596.50000000,1786935599999,395783.02731200,10921
1786935600000,0.00647000,0.00675000,0.00638000,0.00646000,64857063.60000000,1786939199999,426211.51149600,10263
1786939200000,0.00646000,0.00665000,0.00637000,0.00646000,55114176.70000000,1786942799999,359773.42124600,9486
1786942800000,0.00646000,0.00650000,0.00627000,0.00636000,37253024.30000000,1786946399999,237682.16279700,6809
1786946400000,0.00637000,0.00641000,0.00608000,0.00620000,41112254.70000000,1786949999999,256880.60622500,6444
1786950000000,0.00619000,0.00624000,0.00609000,0.00620000,26344927.00000000,1786953599999,162729.40233300,4704
1786953600000,0.00619000,0.00629000,0.00595000,0.00629000,49985778.10000000,1786957199999,305424.24728300,5383
1786957200000,0.00630000,0.00639000,0.00610000,0.00612000,40736836.10000000,1786960799999,255403.86102600,6120
1786960800000,0.00612000,0.00634000,0.00612000,0.00630000,22534723.20000000,1786964399999,140752.25401500,3712
1786964400000,0.00631000,0.00638000,0.00621000,0.00634000,26360687.50000000,1786967999999,165862.82432400,3577
1786968000000,0.00634000,0.00657000,0.00627000,0.00651000,31354182.50000000,1786971599999,201027.37351600,4786
1786971600000,0.00652000,0.00657000,0.00641000,0.00652000,36789746.50000000,1786975199999,239127.73174800,6129
1786975200000,0.00652000,0.00720000,0.00646000,0.00692000,209445542.40000000,1786978799999,1440317.13980500,35015
1786978800000,0.00691000,0.00714000,0.00675000,0.00689000,106829507.00000000,1786982399999,739859.59484600,19070
1786982400000,0.00690000,0.00731000,0.00672000,0.00717000,114036239.00000000,1786985999999,807819.53221800,16516
1786986000000,0.00718000,0.00746000,0.00689000,0.00725000,145049001.00000000,1786989599999,1045919.12951800,19964
1786989600000,0.00726000,0.00754000,0.00716000,0.00725000,102114709.20000000,1786993199999,748687.13142000,16111
1786993200000,0.00726000,0.00736000,0.00705000,0.00713000,58052303.50000000,1786996799999,417561.66112900,8961
1786996800000,0.00713000,0.00713000,0.00681000,0.00696000,97216678.40000000,1787000399999,674305.84194400,12520
1787000400000,0.00696000,0.00710000,0.00684000,0.00704000,37312839.50000000,1787003999999,259699.75083800,7265
1787004000000,0.00704000,0.00704000,0.00677000,0.00695000,43909312.90000000,1787007599999,303601.65987000,8076
1787007600000,0.00695000,0.00699000,0.00689000,0.00698000,15654975.80000000,1787011199999,108609.34917700,3855
1787011200000,0.00698000,0.00705000,0.00680000,0.00693000,31634387.40000000,1787014799999,218330.25958900,6087
1787014800000,0.00693000,0.00701000,0.00663000,0.00690000,124819560.80000000,1787018399999,847623.27802600,12616
1787018400000,0.00690000,0.00706000,0.00686000,0.00688000,34475631.20000000,1787021999999,240213.90152300,7015
1787022000000,0.00689000,0.00692000,0.00669000,0.00669000,44487859.30000000,1787025599999,300613.00832700,5117
1787025600000,0.00669000,0.00681000,0.00667000,0.00667000,22041120.20000000,1787029199999,148103.48180300,4970
1787029200000,0.00668000,0.00673000,0.00665000,0.00666000,17480105.50000000,1787032799999,116845.40173000,3575
1787032800000,0.00667000,0.00682000,0.00656000,0.00680000,38364030.60000000,1787036399999,256480.67591000,8975
1787036400000,0.00681000,0.00686000,0.00662000,0.00679000,29400356.80000000,1787039999999,198412.29074900,6528
1787040000000,0.00678000,0.00743000,0.00670000,0.00701000,149892101.10000000,1787043599999,1070565.61199000,28065
1787043600000,0.00700000,0.00734000,0.00695000,0.00698000,88258921.10000000,1787047199999,632409.42729300,18496
1787047200000,0.00698000,0.00703000,0.00655000,0.00660000,69792524.40000000,1787050799999,466779.25597800,10775
1787050800000,0.00660000,0.00698000,0.00657000,0.00688000,65915926.90000000,1787054399999,450258.54318500,10249
1787054400000,0.00689000,0.00698000,0.00674000,0.00681000,40843561.40000000,1787057999999,281125.98976300,8739
1787058000000,0.00680000,0.00683000,0.00661000,0.00666000,27973507.50000000,1787061599999,187444.90227600,4552
1787061600000,0.00665000,0.00673000,0.00642000,0.00646000,44074965.90000000,1787065199999,290986.88585800,5019
1787065200000,0.00647000,0.00656000,0.00638000,0.00652000,21973228.10000000,1787068799999,142471.78744000,3021
1787068800000,0.00653000,0.00660000,0.00651000,0.00660000,16236582.20000000,1787072399999,106379.60607100,2387
1787072400000,0.00659000,0.00661000,0.00652000,0.00657000,15797600.80000000,1787075999999,103709.20623400,2519
1787076000000,0.00657000,0.00663000,0.00652000,0.00657000,14464106.00000000,1787079599999,95167.49286700,3084
1787079600000,0.00657000,0.00660000,0.00653000,0.00656000,10742473.50000000,1787083199999,70549.43070000,1706
1787083200000,0.00656000,0.00670000,0.00654000,0.00666000,8195160.20000000,1787086799999,54246.71937600,1501
1787086800000,0.00667000,0.00693000,0.00666000,0.00692000,31823875.40000000,1787090399999,216378.01313000,4689
1787090400000,0.00692000,0.00708000,0.00687000,0.00706000,22560230.70000000,1787093999999,157356.78994800,4494
1787094000000,0.00706000,0.00713000,0.00695000,0.00712000,23591782.60000000,1787097599999,165832.42503100,4724
1787097600000,0.00711000,0.00718000,0.00696000,0.00700000,24243622.40000000,1787101199999,171426.38332600,5070
1787101200000,0.00700000,0.00710000,0.00694000,0.00699000,19822364.80000000,1787104799999,139051.34122000,3924
1787104800000,0.00699000,0.00705000,0.00692000,0.00697000,14085304.00000000,1787108399999,98379.36125300,3016
1787108400000,0.00696000,0.00697000,0.00685000,0.00690000,17477759.70000000,1787111999999,120799.10829700,3445
1787112000000,0.00689000,0.00706000,0.00686000,0.00695000,17715760.70000000,1787115599999,123251.20908500,3493
1787115600000,0.00695000,0.00845000,0.00694000,0.00832000,315447226.20000000,1787119199999,2512863.65477800,56650
1787119200000,0.00833000,0.00895000,0.00814000,0.00894000,243005248.20000000,1787122799999,2062279.55088600,56269
1787122800000,0.00894000,0.00922000,0.00826000,0.00861000,239088885.50000000,1787126399999,2082732.28242000,58854
1787126400000,0.00861000,0.00888000,0.00812000,0.00848000,197841769.20000000,1787129999999,1681982.22909700,44862
1787130000000,0.00849000,0.00863000,0.00752000,0.00807000,246219843.50000000,1787133599999,1960205.63003100,50013
1787133600000,0.00807000,0.00886000,0.00796000,0.00883000,139515637.50000000,1787137199999,1188051.71813400,31092
1787137200000,0.00884000,0.00920000,0.00859000,0.00907000,216356471.90000000,1787140799999,1929611.42397600,50035
1787140800000,0.00907000,0.00974000,0.00889000,0.00957000,297399844.30000000,1787144399999,2805778.18186400,63496
1787144400000,0.00958000,0.00964000,0.00903000,0.00930000,172529961.20000000,1787147999999,1598316.66682100,37922
1787148000000,0.00931000,0.00966000,0.00871000,0.00919000,173517300.20000000,1787151599999,1579812.07639200,31891
1787151600000,0.00920000,0.00946000,0.00835000,0.00909000,270107949.40000000,1787155199999,2397758.91570500,45781
1787155200000,0.00908000,0.00920000,0.00845000,0.00848000,139099760.50000000,1787158799999,1224286.45418400,19644
1787158800000,0.00848000,0.00920000,0.00845000,0.00889000,109040403.10000000,1787162399999,963802.85899700,16275
1787162400000,0.00888000,0.00927000,0.00874000,0.00913000,68482665.80000000,1787165999999,618975.77498500,9311
1787166000000,0.00913000,0.00927000,0.00851000,0.00866000,50068604.40000000,1787169599999,445618.42474900,5999
1787169600000,0.00865000,0.00894000,0.00847000,0.00886000,54386507.30000000,1787173199999,473491.69113700,5919
1787173200000,0.00885000,0.00924000,0.00854000,0.00871000,111964773.00000000,1787176799999,988470.37208100,10230
1787176800000,0.00873000,0.00896000,0.00856000,0.00889000,47427162.00000000,1787180399999,417237.25857800,4115
1787180400000,0.00888000,0.00891000,0.00857000,0.00872000,36453336.60000000,1787183999999,319174.06619900,3748
1787184000000,0.00874000,0.00910000,0.00873000,0.00885000,55803301.60000000,1787187599999,497312.77447100,12332
1787187600000,0.00886000,0.00895000,0.00801000,0.00856000,134807421.50000000,1787191199999,1131953.41914000,21002
1787191200000,0.00856000,0.00887000,0.00828000,0.00876000,49926363.10000000,1787194799999,428728.64013100,11330
1787194800000,0.00876000,0.00891000,0.00870000,0.00883000,32053767.80000000,1787198399999,282581.51996100,7874
1787198400000,0.00884000,0.00917000,0.00882000,0.00913000,53829263.30000000,1787201999999,484422.71224500,12482
1787202000000,0.00913000,0.00947000,0.00902000,0.00911000,89198761.00000000,1787205599999,824700.79363500,14445
1787205600000,0.00911000,0.00919000,0.00865000,0.00877000,81679412.80000000,1787209199999,720982.32634100,17248
1787209200000,0.00877000,0.00934000,0.00857000,0.00896000,69310659.20000000,1787212799999,619232.94847200,16964
1787212800000,0.00895000,0.00911000,0.00879000,0.00887000,32825032.30000000,1787216399999,294942.37414400,8622
1787216400000,0.00887000,0.00961000,0.00870000,0.00938000,82201531.40000000,1787219999999,759044.02443200,17441
1787220000000,0.00940000,0.00940000,0.00898000,0.00906000,39994136.00000000,1787223599999,367185.86792400,10680
1787223600000,0.00907000,0.00920000,0.00887000,0.00902000,45385570.60000000,1787227199999,410571.29674800,8718
1787227200000,0.00902000,0.00940000,0.00902000,0.00928000,41182603.70000000,1787230799999,380620.51800300,7288
1787230800000,0.00929000,0.00941000,0.00913000,0.00918000,33256881.00000000,1787234399999,307827.13706600,6177
1787234400000,0.00920000,0.00921000,0.00877000,0.00886000,44710329.50000000,1787237999999,399028.36481400,11405
1787238000000,0.00885000,0.00943000,0.00881000,0.00935000,44405758.50000000,1787241599999,406066.49211900,9977
1787241600000,0.00936000,0.00945000,0.00880000,0.00912000,210085297.80000000,1787245199999,1915247.10394100,24526
1787245200000,0.00911000,0.00913000,0.00874000,0.00887000,33471851.20000000,1787248799999,297859.39563600,8243
1787248800000,0.00886000,0.00888000,0.00860000,0.00874000,33615716.70000000,1787252399999,294397.26043000,6993
1787252400000,0.00874000,0.00878000,0.00867000,0.00868000,10129041.70000000,1787255999999,88398.98506100,3443
1787256000000,0.00869000,0.00881000,0.00854000,0.00859000,19748632.10000000,1787259599999,171113.16605400,4539
1787259600000,0.00859000,0.00887000,0.00854000,0.00882000,15618827.10000000,1787263199999,135957.59503000,3825
1787263200000,0.00881000,0.00886000,0.00864000,0.00865000,13280102.30000000,1787266799999,115923.85827600,3347
1787266800000,0.00865000,0.00872000,0.00862000,0.00868000,8350821.90000000,1787270399999,72422.48462200,1787
1787270400000,0.00868000,0.00905000,0.00868000,0.00883000,30912290.00000000,1787273999999,276227.14156500,7815
1787274000000,0.00884000,0.00930000,0.00876000,0.00929000,48581205.60000000,1787277599999,443972.78462900,12521
1787277600000,0.00929000,0.00952000,0.00880000,0.00944000,104076208.00000000,1787281199999,954111.66130700,17595
1787281200000,0.00945000,0.01160000,0.00943000,0.01080000,286235030.20000000,1787284799999,3055954.04923400,43405
1787284800000,0.01081000,0.01132000,0.01048000,0.01132000,84064981.90000000,1787288399999,914192.97905000,17673
1787288400000,0.01132000,0.01138000,0.01051000,0.01106000,88322879.60000000,1787291999999,966738.64389500,18019
1787292000000,0.01107000,0.01130000,0.01081000,0.01101000,48625466.40000000,1787295599999,538387.03390300,8782
1787295600000,0.01101000,0.01157000,0.01072000,0.01096000,62554582.40000000,1787299199999,694307.53428400,11754
1787299200000,0.01097000,0.01133000,0.01091000,0.01110000,42810395.20000000,1787302799999,474205.36135500,9506
1787302800000,0.01109000,0.01141000,0.01015000,0.01130000,115313817.20000000,1787306399999,1258875.70144400,22843
1787306400000,0.01129000,0.01151000,0.01097000,0.01130000,64983847.60000000,1787309999999,729910.03593700,12961
1787310000000,0.01130000,0.01514000,0.01095000,0.01441000,295431501.40000000,1787313599999,3911481.44388800,63543
1787313600000,0.01442000,0.01598000,0.01225000,0.01292000,588894112.40000000,1787317199999,8477235.78077800,159192
1787317200000,0.01292000,0.01324000,0.01241000,0.01286000,133654709.30000000,1787320799999,1723152.08221500,29047
1787320800000,0.01287000,0.01293000,0.01170000,0.01194000,122958570.50000000,1787324399999,1498189.10617300,19379
1787324400000,0.01196000,0.01197000,0.01016000,0.01027000,245367498.80000000,1787327999999,2641579.49457400,45768
1787328000000,0.01027000,0.01096000,0.01027000,0.01078000,120673283.40000000,1787331599999,1280236.30543700,27747
1787331600000,0.01077000,0.01081000,0.01037000,0.01047000,56087130.00000000,1787335199999,593546.97089400,10605
1787335200000,0.01046000,0.01048000,0.01014000,0.01031000,41627155.80000000,1787338799999,431550.36277000,9170
1787338800000,0.01031000,0.01036000,0.00952000,0.00985000,106422728.10000000,1787342399999,1050003.53039100,17613
1787342400000,0.00985000,0.01021000,0.00982000,0.01012000,35795969.10000000,1787345999999,360607.77875400,5342
1787346000000,0.01012000,0.01046000,0.01006000,0.01024000,27418308.50000000,1787349599999,282104.83545900,5713
1787349600000,0.01023000,0.01052000,0.01017000,0.01031000,21208195.70000000,1787353199999,218645.17798800,3562
1787353200000,0.01031000,0.01038000,0.01012000,0.01016000,17422706.80000000,1787356799999,178593.21544100,2854
1787356800000,0.01016000,0.01068000,0.01015000,0.01062000,47934009.50000000,1787360399999,500183.95312400,6104
1787360400000,0.01061000,0.01078000,0.01037000,0.01051000,31611691.80000000,1787363999999,334811.93238100,5087
1787364000000,0.01051000,0.01056000,0.01029000,0.01055000,22530548.30000000,1787367599999,234998.11484600,5253
1787367600000,0.01056000,0.01137000,0.01051000,0.01117000,57964842.20000000,1787371199999,634632.29043700,6780
1787371200000,0.01118000,0.01151000,0.01109000,0.01137000,50575433.40000000,1787374799999,569324.31238200,7233
1787374800000,0.01138000,0.01142000,0.00860000,0.01011000,319326512.50000000,1787378399999,3263936.12593100,49909
1787378400000,0.01011000,0.01011000,0.00960000,0.00985000,52698243.30000000,1787381999999,515986.91686900,7423
1787382000000,0.00984000,0.00998000,0.00971000,0.00976000,19452395.00000000,1787385599999,191023.52394100,2492
1787385600000,0.00976000,0.00992000,0.00959000,0.00961000,37337407.10000000,1787389199999,364773.84838600,5271
1787389200000,0.00961000,0.00965000,0.00934000,0.00944000,26739965.20000000,1787392799999,253531.77226500,3274
1787392800000,0.00944000,0.00975000,0.00923000,0.00966000,43881863.70000000,1787396399999,414663.36275200,5612
1787396400000,0.00965000,0.01030000,0.00958000,0.01025000,67395461.20000000,1787399999999,671138.09265900,8626
1787400000000,0.01024000,0.01069000,0.01006000,0.01022000,99408195.40000000,1787403599999,1036108.53619400,17593
1787403600000,0.01023000,0.01025000,0.00975000,0.01005000,59233744.60000000,1787407199999,590014.86903900,8662
1787407200000,0.01005000,0.01021000,0.00986000,0.01007000,33756716.10000000,1787410799999,338925.12388000,4759
1787410800000,0.01007000,0.01009000,0.00965000,0.00981000,27949316.00000000,1787414399999,274905.87307300,4163
1787414400000,0.00980000,0.01006000,0.00980000,0.00991000,19782665.30000000,1787417999999,196716.03962800,2827
1787418000000,0.00990000,0.00993000,0.00978000,0.00983000,11867702.80000000,1787421599999,117042.87740900,1879
1787421600000,0.00982000,0.00984000,0.00967000,0.00974000,14459623.10000000,1787425199999,141016.57700800,2122
1787425200000,0.00974000,0.00978000,0.00942000,0.00974000,27503536.40000000,1787428799999,264076.10091300,3008
1787428800000,0.00974000,0.00981000,0.00958000,0.00965000,11719001.80000000,1787432399999,113759.66410600,1769
1787432400000,0.00966000,0.00966000,0.00948000,0.00955000,14191925.60000000,1787435999999,135673.03698400,2533
1787436000000,0.00955000,0.00993000,0.00955000,0.00992000,16278960.40000000,1787439599999,158949.06706700,2632
1787439600000,0.00993000,0.01011000,0.00988000,0.00999000,17424443.00000000,1787443199999,174221.07225000,3006
1787443200000,0.00998000,0.01013000,0.00984000,0.00989000,18522759.20000000,1787446799999,184811.66933600,2744
1787446800000,0.00989000,0.00993000,0.00981000,0.00985000,6961152.10000000,1787450399999,68816.34039700,1271
1787450400000,0.00985000,0.00992000,0.00969000,0.00985000,13018596.70000000,1787453999999,127739.03007800,2315
1787454000000,0.00985000,0.01049000,0.00985000,0.01022000,62074377.30000000,1787457599999,632716.22091400,9490
1787457600000,0.01020000,0.01021000,0.00970000,0.00977000,23731582.40000000,1787461199999,234059.20055100,3757
1787461200000,0.00977000,0.00981000,0.00951000,0.00964000,17157312.40000000,1787464799999,165258.13094700,2288
1787464800000,0.00965000,0.01036000,0.00957000,0.01000000,42607257.50000000,1787468399999,429826.84321700,5376
1787468400000,0.01000000,0.01017000,0.00985000,0.00988000,22631563.90000000,1787471999999,226883.27653900,2584
1787472000000,0.00988000,0.01002000,0.00974000,0.00976000,12543049.10000000,1787475599999,123933.38420800,2015
1787475600000,0.00977000,0.00983000,0.00958000,0.00980000,12834212.00000000,1787479199999,124926.18216000,1444
1787479200000,0.00980000,0.00993000,0.00974000,0.00985000,13246826.60000000,1787482799999,130519.18957600,1258
1787482800000,0.00985000,0.00993000,0.00967000,0.00971000,11640341.00000000,1787486399999,113503.62478400,1584
1787486400000,0.00972000,0.00979000,0.00961000,0.00963000,14295205.40000000,1787489999999,138434.18319400,2274
1787490000000,0.00963000,0.00978000,0.00962000,0.00976000,10937746.50000000,1787493599999,106040.98775300,1811
1787493600000,0.00976000,0.00980000,0.00956000,0.00974000,18909004.70000000,1787497199999,183216.74998200,2926
1787497200000,0.00974000,0.00978000,0.00964000,0.00967000,7091946.80000000,1787500799999,68890.23091400,1430
1787500800000,0.00966000,0.00970000,0.00953000,0.00968000,11786598.20000000,1787504399999,113229.85568900,1666
1787504400000,0.00968000,0.00968000,0.00944000,0.00950000,7775415.70000000,1787507999999,74257.15017000,1298
1787508000000,0.00950000,0.00955000,0.00932000,0.00942000,14748840.70000000,1787511599999,139070.80454200,2295
1787511600000,0.00943000,0.00943000,0.00908000,0.00915000,12446493.00000000,1787515199999,115061.30528100,2058
1787515200000,0.00916000,0.00927000,0.00915000,0.00923000,6805818.50000000,1787518799999,62702.54990300,1251
1787518800000,0.00922000,0.00932000,0.00911000,0.00914000,9458443.50000000,1787522399999,87005.70848600,1676
1787522400000,0.00915000,0.00916000,0.00892000,0.00897000,25463604.00000000,1787525999999,229249.27963400,4896
1787526000000,0.00896000,0.00902000,0.00882000,0.00888000,22790448.10000000,1787529599999,202978.54224000,3772
1787529600000,0.00887000,0.00907000,0.00875000,0.00899000,32166342.80000000,1787533199999,286087.16957600,3450
1787533200000,0.00899000,0.00912000,0.00889000,0.00901000,22137059.20000000,1787536799999,199462.38799400,3415
1787536800000,0.00901000,0.00930000,0.00898000,0.00923000,18309917.80000000,1787540399999,168035.61655800,3561
1787540400000,0.00923000,0.00924000,0.00884000,0.00894000,24744876.10000000,1787543999999,223073.79634000,3214
1787544000000,0.00895000,0.00910000,0.00888000,0.00899000,22996972.90000000,1787547599999,206763.07829900,3669
1787547600000,0.00899000,0.00899000,0.00875000,0.00882000,22369758.60000000,1787551199999,197810.25925900,2958
1787551200000,0.00882000,0.00896000,0.00877000,0.00894000,20612506.90000000,1787554799999,183056.28409200,3958
1787554800000,0.00895000,0.00913000,0.00886000,0.00910000,15410823.10000000,1787558399999,138213.23745200,2742
1787558400000,0.00911000,0.00917000,0.00897000,0.00904000,18716917.10000000,1787561999999,169422.73220500,3434
1787562000000,0.00904000,0.00922000,0.00900000,0.00912000,17368469.50000000,1787565599999,158202.69852900,3022
1787565600000,0.00912000,0.00914000,0.00889000,0.00890000,16922202.80000000,1787569199999,152924.25187100,2294
1787569200000,0.00891000,0.00904000,0.00882000,0.00889000,27575479.40000000,1787572799999,246214.95064000,3785
1787572800000,0.00888000,0.00910000,0.00885000,0.00908000,16739486.00000000,1787576399999,150031.06405800,3217
1787576400000,0.00908000,0.00936000,0.00902000,0.00925000,27759820.50000000,1787579999999,254976.60952000,6896
1787580000000,0.00925000,0.00950000,0.00922000,0.00927000,19798395.40000000,1787583599999,184932.55912400,5729
1787583600000,0.00927000,0.00929000,0.00903000,0.00905000,18337059.10000000,1787587199999,168277.01632800,3928
1787587200000,0.00906000,0.00909000,0.00886000,0.00891000,17226141.80000000,1787590799999,154287.72743400,3180
1787590800000,0.00892000,0.00893000,0.00783000,0.00815000,140737854.80000000,1787594399999,1162883.33364100,29917
1787594400000,0.00815000,0.00821000,0.00791000,0.00795000,52028900.80000000,1787597999999,418814.89509800,11474
1787598000000,0.00794000,0.00797000,0.00760000,0.00775000,61541741.70000000,1787601599999,481017.52397800,13575
1787601600000,0.00776000,0.00782000,0.00761000,0.00781000,27471013.20000000,1787605199999,211639.63685800,5292
1787605200000,0.00782000,0.00789000,0.00766000,0.00776000,29746366.00000000,1787608799999,231033.87707100,4550
1787608800000,0.00775000,0.00776000,0.00755000,0.00760000,34700635.00000000,1787612399999,265258.98844400,4702
1787612400000,0.00760000,0.00763000,0.00734000,0.00751000,54127615.80000000,1787615999999,405836.39011700,6223
1787616000000,0.00750000,0.00754000,0.00735000,0.00741000,23915661.20000000,1787619599999,178219.47054000,2829
