open_time,volume,taker_buy_base_volume
1743109200000,41883167.80000000,20659249.80000000
1743112800000,48550866.60000000,23232945.70000000
1743116400000,45114626.50000000,21569737.00000000
1743120000000,63364651.80000000,27870322.90000000
1743123600000,37682166.20000000,21034606.00000000
1743127200000,21011236.30000000,10633690.00000000
1743130800000,19420636.60000000,10417340.30000000
1743134400000,15586296.10000000,7744135.80000000
1743138000000,21601556.50000000,10357886.20000000
1743141600000,24555226.10000000,12405245.80000000
1743145200000,11061678.80000000,4965777.40000000
1743148800000,16748802.40000000,7424217.40000000
1743152400000,57541264.60000000,21402610.20000000
1743156000000,24106793.50000000,10186153.40000000
1743159600000,20735430.40000000,12324101.40000000
1743163200000,17873511.20000000,9303578.00000000
1743166800000,22406655.60000000,9888536.00000000
1743170400000,30779875.40000000,13762782.40000000
1743174000000,24242793.40000000,12325294.60000000
1743177600000,20555314.70000000,7403897.70000000
1743181200000,20314140.90000000,5983178.80000000
1743184800000,14261689.00000000,6855334.10000000
1743188400000,10044854.30000000,4896282.80000000
1743192000000,6502744.50000000,3239290.20000000
1743195600000,8935768.30000000,3515168.90000000
1743199200000,9234778.10000000,3786309.60000000
1743202800000,14364527.20000000,5997934.50000000
1743206400000,15123576.70000000,3157325.00000000
1743210000000,18762123.10000000,7308977.50000000
1743213600000,54231874.30000000,24271373.10000000
1743217200000,82221211.60000000,33805952.90000000
1743220800000,50573668.70000000,22752795.00000000
1743224400000,39718310.60000000,15129137.90000000
1743228000000,60386414.00000000,31143852.30000000
1743231600000,21133060.00000000,9175626.70000000
1743235200000,19261746.50000000,9271466.70000000
1743238800000,34302522.20000000,16270911.50000000
1743242400000,68627030.50000000,33915397.60000000
1743246000000,39535855.30000000,17600209.40000000
1743249600000,29562255.20000000,15331143.30000000
1743253200000,28822518.00000000,11398681.40000000
1743256800000,19253498.20000000,9262395.60000000
1743260400000,34349492.50000000,17961371.60000000
1743264000000,32285923.90000000,15169231.40000000
1743267600000,38620720.60000000,15176550.30000000
1743271200000,14182180.20000000,7405096.40000000
1743274800000,10658155.70000000,4350060.50000000
1743278400000,20962939.90000000,11479789.70000000
1743282000000,14732761.90000000,8426311.50000000
1743285600000,27959848.80000000,14080705.50000000
1743289200000,16311211.10000000,6519441.40000000
1743292800000,28054330.70000000,12459616.50000000
1743296400000,23642198.60000000,9189368.30000000
1743300000000,24247550.10000000,13853405.70000000
1743303600000,69847755.20000000,32460000.40000000
1743307200000,84727135.20000000,38869300.70000000
1743310800000,32827400.70000000,16302613.90000000
1743314400000,113065708.90000000,49935517.20000000
1743318000000,65423765.10000000,23939579.80000000
1743321600000,66913795.70000000,28652888.10000000
1743325200000,55808057.20000000,29309184.90000000
1743328800000,54244896.00000000,28775874.20000000
1743332400000,37730918.40000000,18654659.80000000
1743336000000,34853050.60000000,16553748.20000000
1743339600000,43450753.00000000,19873572.30000000
1743343200000,22569441.40000000,10071793.60000000
1743346800000,30166061.10000000,13344808.60000000
1743350400000,51659136.90000000,25680322.70000000
1743354000000,22011895.30000000,11502218.80000000
1743357600000,29175847.20000000,13651665.00000000
1743361200000,26995347.70000000,15720282.30000000
1743364800000,11557924.40000000,6163990.50000000
1743368400000,16317418.50000000,9081429.10000000
1743372000000,20747129.80000000,10201762.90000000
1743375600000,20552340.70000000,9118109.10000000
1743379200000,20295531.00000000,9927950.70000000
1743382800000,31476491.70000000,16635765.10000000
1743386400000,18992273.00000000,9031285.10000000
1743390000000,24748229.80000000,9761942.00000000
1743393600000,21637634.10000000,11888675.00000000
1743397200000,12291440.70000000,5933794.70000000
1743400800000,15256988.70000000,7346191.80000000
1743404400000,24242713.60000000,11589389.80000000
1743408000000,22423790.00000000,13340335.10000000
1743411600000,24704401.30000000,8940153.60000000
1743415200000,43189470.90000000,17449572.90000000
1743418800000,27335868.00000000,14447985.80000000
1743422400000,25438683.50000000,9566414.40000000
1743426000000,46391105.00000000,18821347.30000000
1743429600000,34541489.80000000,19896569.60000000
1743433200000,30976954.40000000,13910043.60000000
1743436800000,15058873.40000000,6711748.50000000
1743440400000,20209500.20000000,10452502.60000000
1743444000000,9231298.20000000,5016724.60000000
1743447600000,19883544.10000000,10129461.30000000
1743451200000,10014987.10000000,4064624.90000000
1743454800000,6293527.50000000,2472219.80000000
1743458400000,8229377.50000000,3938557.40000000
1743462000000,25304432.10000000,10890517.50000000
1743465600000,29826787.40000000,11906038.50000000
1743469200000,18293366.00000000,11530283.50000000
1743472800000,14005980.30000000,7212417.10000000
1743476400000,24473255.90000000,14057638.80000000
1743480000000,42292385.40000000,24171066.70000000
1743483600000,27314065.70000000,12786095.10000000
1743487200000,13964828.90000000,5976050.40000000
1743490800000,13292991.40000000,5654946.10000000
1743494400000,19548870.70000000,9165212.80000000
1743498000000,21895384.60000000,9257436.20000000
1743501600000,50795292.70000000,18002194.10000000
1743505200000,140303417.70000000,61646781.50000000
1743508800000,64932013.60000000,33370551.80000000
1743512400000,25601809.10000000,12675206.50000000
1743516000000,48958690.80000000,22250990.10000000
1743519600000,45283303.20000000,17006954.50000000
1743523200000,46331153.00000000,24105787.40000000
1743526800000,36931111.90000000,20281662.30000000
1743530400000,20886592.80000000,10715158.30000000
1743534000000,26113865.00000000,15052940.20000000
1743537600000,13514033.80000000,7871637.10000000
1743541200000,9002903.20000000,4646370.50000000
1743544800000,13230150.50000000,7146138.00000000
1743548400000,18710498.00000000,11867007.80000000
1743552000000,33191755.00000000,18359716.00000000
1743555600000,83269081.50000000,36405415.90000000
1743559200000,33944518.10000000,16338296.20000000
1743562800000,17195719.70000000,10486935.00000000
1743566400000,23418127.50000000,11560933.70000000
1743570000000,35718316.20000000,17699226.10000000
1743573600000,39115144.00000000,15193742.40000000
1743577200000,36517239.20000000,18974471.80000000
1743580800000,20614745.20000000,11591834.40000000
1743584400000,22798814.30000000,10108998.90000000
1743588000000,32365042.40000000,17005284.00000000
1743591600000,17288254.10000000,9134674.20000000
1743595200000,28597718.20000000,14563984.40000000
1743598800000,36334199.00000000,19413001.10000000
1743602400000,27240513.90000000,12314367.70000000
1743606000000,38527255.70000000,19700333.40000000
1743609600000,19682232.90000000,9981245.60000000
1743613200000,14277112.90000000,7210990.00000000
1743616800000,9360779.70000000,4721414.70000000
1743620400000,11337180.00000000,4250896.70000000
1743624000000,34408862.30000000,16782907.90000000
1743627600000,14654337.40000000,6149228.00000000
1743631200000,17790174.60000000,6558692.80000000
1743634800000,14564964.20000000,6726406.30000000
1743638400000,32522115.50000000,14590522.40000000
1743642000000,18714552.30000000,11557692.40000000
1743645600000,59352242.90000000,27878852.80000000
1743649200000,23831193.00000000,12894719.20000000
1743652800000,21286916.60000000,7124300.80000000
1743656400000,10909800.50000000,5324177.20000000
1743660000000,17115589.10000000,6377080.70000000
1743663600000,16096875.10000000,7636129.00000000
1743667200000,13769374.10000000,6534447.50000000
1743670800000,8091308.20000000,3345103.50000000
1743674400000,30495653.10000000,11035209.20000000
1743678000000,26693161.70000000,12849676.90000000
1743681600000,38542604.90000000,17946551.40000000
1743685200000,27765862.10000000,11869056.30000000
1743688800000,16068833.80000000,7305659.10000000
1743692400000,15288758.50000000,6316865.00000000
1743696000000,16931961.40000000,7878288.60000000
1743699600000,23710349.10000000,9556104.90000000
1743703200000,12550570.90000000,5956086.20000000
1743706800000,8336420.10000000,4382557.60000000
1743710400000,9851319.30000000,3461174.60000000
1743714000000,10162566.10000000,4685900.20000000
1743717600000,5021673.10000000,1878899.00000000
1743721200000,10634936.60000000,4619029.00000000
1743724800000,23954248.80000000,11132879.10000000
1743728400000,16854084.80000000,8862515.40000000
1743732000000,18606109.50000000,8279312.20000000
1743735600000,14321340.60000000,7752682.40000000
1743739200000,20785104.60000000,11700267.50000000
1743742800000,20143267.30000000,11876525.10000000
1743746400000,23188978.90000000,12682317.70000000
1743750000000,10865814.00000000,5679452.00000000
1743753600000,11995896.90000000,5067472.80000000
1743757200000,13285156.00000000,5956101.70000000
1743760800000,26292548.70000000,11554510.60000000
1743764400000,24345555.10000000,12374651.70000000
1743768000000,16246843.70000000,8892040.40000000
1743771600000,15693460.60000000,7062208.80000000
1743775200000,20531652.90000000,9323404.00000000
1743778800000,28406153.80000000,15568072.40000000
1743782400000,12286944.70000000,6391857.00000000
1743786000000,15364942.30000000,6432017.90000000
1743789600000,13776645.00000000,5101481.40000000
1743793200000,5976256.90000000,2787096.00000000
1743796800000,4477510.30000000,2367432.60000000
1743800400000,5420743.10000000,3229819.20000000
1743804000000,7714269.30000000,3645643.70000000
1743807600000,6126861.50000000,2082947.70000000
1743811200000,9187359.40000000,3744335.60000000
1743814800000,5169334.20000000,2686722.30000000
1743818400000,12219225.80000000,6981219.10000000
1743822000000,9189733.60000000,5097626.70000000
1743825600000,10664824.00000000,7106180.10000000
1743829200000,9530123.90000000,5205000.70000000
1743832800000,7739303.40000000,4067732.50000000
1743836400000,36216535.20000000,18739626.50000000
1743840000000,29337988.30000000,13465477.90000000
1743843600000,17882649.60000000,10047607.10000000
1743847200000,9703065.60000000,5631774.90000000
1743850800000,11921837.50000000,4959144.30000000
1743854400000,7931411.10000000,3653659.40000000
1743858000000,25723624.40000000,10195833.20000000
1743861600000,12060917.20000000,6522415.40000000
1743865200000,15563657.60000000,6382564.30000000
1743868800000,10306450.10000000,5108797.30000000
1743872400000,10874059.30000000,4198257.30000000
1743876000000,19618248.90000000,7282740.70000000
1743879600000,12624949.60000000,7042681.00000000
1743883200000,8954682.40000000,4086999.70000000
1743886800000,7789182.30000000,4045251.30000000
1743890400000,8834641.60000000,4231457.20000000
1743894000000,6602534.80000000,4008901.20000000
1743897600000,4987961.60000000,3187304.90000000
1743901200000,5520525.10000000,2733708.90000000
1743904800000,5426084.20000000,2812386.70000000
1743908400000,5007954.40000000,2285900.10000000
1743912000000,10406915.00000000,4335183.90000000
1743915600000,12651436.60000000,7267429.30000000
1743919200000,13205364.80000000,6997422.90000000
1743922800000,16658221.50000000,7664831.70000000
1743926400000,16317722.40000000,8476151.80000000
1743930000000,21258091.90000000,9800715.80000000
1743933600000,7934453.60000000,3918415.80000000
1743937200000,12148955.90000000,7218990.90000000
1743940800000,13090212.60000000,6904810.80000000
1743944400000,12658873.30000000,6865511.90000000
1743948000000,20316777.00000000,11937618.30000000
1743951600000,13265269.30000000,8476957.90000000
1743955200000,18421423.50000000,6944636.80000000
1743958800000,21847793.30000000,9182983.60000000
1743962400000,22752923.80000000,11271678.80000000
1743966000000,15415885.60000000,6533334.70000000
1743969600000,13642536.50000000,6191906.80000000
1743973200000,10207114.90000000,5070737.10000000
1743976800000,10596221.60000000,4724768.50000000
1743980400000,11025669.10000000,6206946.40000000
1743984000000,16326716.70000000,7468665.00000000
1743987600000,22165531.90000000,11676972.70000000
1743991200000,16117607.00000000,8054731.80000000
1743994800000,18879541.00000000,7427661.70000000
1743998400000,20908787.30000000,9947965.20000000
1744002000000,24329860.90000000,11628369.30000000
1744005600000,67200099.70000000,30794906.00000000
1744009200000,45427299.60000000,24273643.60000000
1744012800000,29893652.00000000,16431021.90000000
1744016400000,23974091.10000000,11386493.00000000
1744020000000,19060010.00000000,9990119.50000000
1744023600000,11309328.30000000,5570026.20000000
1744027200000,24925022.40000000,11835067.70000000
1744030800000,40439741.50000000,20726915.80000000
1744034400000,90912699.50000000,44538385.90000000
1744038000000,39679451.30000000,21222801.10000000
1744041600000,20377808.30000000,10657097.30000000
1744045200000,18522661.00000000,9644596.10000000
1744048800000,11089429.60000000,5516051.90000000
1744052400000,9534256.50000000,4853659.90000000
1744056000000,5673597.60000000,2488349.80000000
1744059600000,5139139.60000000,1836010.60000000
1744063200000,3908447.60000000,1996713.20000000
1744066800000,7721651.40000000,3949240.40000000
1744070400000,9584762.70000000,4001120.70000000
1744074000000,18140607.50000000,8106354.20000000
1744077600000,7695362.10000000,3422319.70000000
1744081200000,18018788.20000000,6521192.30000000
1744084800000,17742409.70000000,7803286.40000000
1744088400000,12860988.30000000,6398173.20000000
1744092000000,22118856.70000000,8466779.40000000
1744095600000,11122684.60000000,5147183.30000000
1744099200000,16018259.80000000,6701211.10000000
1744102800000,13982451.70000000,7026363.90000000
1744106400000,14532898.60000000,6892493.10000000
1744110000000,19586299.30000000,10556349.80000000
1744113600000,15166221.10000000,8062501.40000000
1744117200000,26188981.20000000,11060397.70000000
1744120800000,44598780.00000000,17814467.70000000
1744124400000,30284503.40000000,14252815.80000000
1744128000000,34405429.70000000,18469689.40000000
1744131600000,23275097.50000000,11132428.10000000
1744135200000,9815425.90000000,5670595.30000000
1744138800000,12546729.30000000,6055115.70000000
1744142400000,10596239.40000000,4801033.00000000
1744146000000,30666976.10000000,12710203.00000000
1744149600000,11533949.80000000,5939412.70000000
1744153200000,39178735.20000000,11880564.10000000
1744156800000,39545525.10000000,19478540.90000000
1744160400000,44396708.20000000,24768602.60000000
1744164000000,26914971.10000000,14683488.30000000
1744167600000,18291486.40000000,8449459.50000000
1744171200000,19435249.10000000,8412215.50000000
1744174800000,18413085.40000000,11122736.80000000
1744178400000,19497757.10000000,10027949.30000000
1744182000000,30322661.20000000,15301216.90000000
1744185600000,19855489.00000000,9584014.00000000
1744189200000,10473780.50000000,4554718.10000000
1744192800000,12187498.10000000,5132247.40000000
1744196400000,30497101.00000000,13379006.00000000
1744200000000,16698383.60000000,8563941.00000000
1744203600000,25268838.70000000,13903328.30000000
1744207200000,31796591.20000000,12932294.00000000
1744210800000,12665548.20000000,7670106.40000000
1744214400000,6834907.40000000,2696930.30000000
1744218000000,58415744.80000000,31140687.40000000
1744221600000,29276170.10000000,12972331.70000000
1744225200000,12711012.50000000,5371559.50000000
1744228800000,13501718.40000000,7521992.90000000
1744232400000,13115239.90000000,7468482.20000000
1744236000000,10404429.20000000,6193833.70000000
1744239600000,7320504.60000000,2426292.20000000
1744243200000,9559573.10000000,4557394.00000000
1744246800000,17128777.20000000,8490283.40000000
1744250400000,17505968.70000000,8640577.40000000
1744254000000,16349810.50000000,6234552.80000000
1744257600000,16019769.70000000,6949149.90000000
1744261200000,13705919.10000000,4084437.40000000
1744264800000,33712241.60000000,14635216.80000000
1744268400000,24161247.80000000,12644369.10000000
1744272000000,11428889.90000000,5946233.00000000
1744275600000,11103789.70000000,4483407.90000000
1744279200000,16863354.20000000,7055536.20000000
1744282800000,23907038.90000000,13005980.80000000
1744286400000,18607339.50000000,8697046.70000000
1744290000000,19350608.40000000,10161726.50000000
1744293600000,13884115.60000000,7182158.20000000
1744297200000,39058918.50000000,16528275.10000000
1744300800000,31974339.00000000,18746163.10000000
1744304400000,13595078.70000000,6076806.10000000
1744308000000,8700910.40000000,3945435.40000000
1744311600000,15547738.30000000,6112052.00000000
1744315200000,7870845.80000000,3374491.40000000
1744318800000,5805407.60000000,2519379.90000000
1744322400000,3562300.30000000,1213402.40000000
1744326000000,7229103.90000000,2287292.20000000
1744329600000,10207171.80000000,4732426.20000000
1744333200000,13695356.10000000,5247948.50000000
1744336800000,15710868.90000000,5878080.40000000
1744340400000,11670097.10000000,7551337.50000000
1744344000000,28553265.40000000,13288252.70000000
1744347600000,8090203.20000000,4128193.20000000
1744351200000,10565967.10000000,6160851.70000000
1744354800000,8168487.50000000,4209855.50000000
1744358400000,12442449.20000000,7164506.50000000
1744362000000,5046680.40000000,2595865.60000000
1744365600000,8928134.80000000,4108469.90000000
1744369200000,11571768.10000000,4930300.10000000
1744372800000,12503482.40000000,5270590.90000000
1744376400000,29564678.40000000,14276550.50000000
1744380000000,22371621.20000000,11175453.30000000
1744383600000,22133235.70000000,14874680.60000000
1744387200000,52129562.40000000,23024135.20000000
1744390800000,34297931.20000000,18170810.30000000
1744394400000,85263332.20000000,46073123.00000000
1744398000000,9097206.20000000,4675142.20000000
1744401600000,8355716.10000000,3976892.40000000
1744405200000,14289443.40000000,8138557.60000000
1744408800000,11478752.80000000,4769613.40000000
1744412400000,22086402.70000000,8700323.30000000
1744416000000,12795519.40000000,6453576.60000000
1744419600000,9238995.40000000,5261347.80000000
1744423200000,16924561.00000000,9666562.00000000
1744426800000,31898822.10000000,17260808.30000000
1744430400000,27493189.10000000,13311265.10000000
1744434000000,17260903.50000000,9361065.90000000
1744437600000,18038957.30000000,10031972.50000000
1744441200000,22675571.20000000,11927278.70000000
1744444800000,23965345.00000000,10115919.30000000
1744448400000,65732695.00000000,34900841.40000000
1744452000000,42147716.40000000,18228698.70000000
1744455600000,11687277.90000000,6680519.80000000
1744459200000,10255031.50000000,4325899.40000000
1744462800000,14877130.00000000,7769149.10000000
1744466400000,19108494.20000000,9816014.10000000
1744470000000,21618860.50000000,10721349.40000000
1744473600000,21936093.90000000,11805872.80000000
1744477200000,24432006.60000000,10963640.10000000
1744480800000,18386445.20000000,8328646.90000000
1744484400000,9541639.40000000,4426268.10000000
1744488000000,14821501.40000000,8271365.30000000
1744491600000,11308009.50000000,4168758.90000000
1744495200000,6263201.40000000,2451018.10000000
1744498800000,3592362.60000000,2131326.40000000
1744502400000,10626444.00000000,7865399.90000000
1744506000000,12047062.90000000,7119534.50000000
1744509600000,6396110.30000000,2649351.90000000
1744513200000,8281580.40000000,2968180.40000000
1744516800000,11459075.20000000,5194728.00000000
1744520400000,10638524.80000000,5105881.80000000
1744524000000,9355708.60000000,5421134.70000000
1744527600000,10159227.00000000,4460588.80000000
1744531200000,7482740.60000000,3407463.50000000
1744534800000,8936804.90000000,5158702.10000000
1744538400000,2958376.80000000,1462642.10000000
1744542000000,6091640.80000000,2044471.60000000
1744545600000,8399537.50000000,3542329.40000000
1744549200000,15607294.10000000,6412561.90000000
1744552800000,17168932.90000000,8019208.20000000
1744556400000,12627504.20000000,6753508.60000000
1744560000000,14572274.50000000,8514390.60000000
1744563600000,21746839.50000000,12341164.70000000
1744567200000,14665758.70000000,6061514.40000000
1744570800000,60305366.70000000,26629666.10000000
1744574400000,44043590.90000000,20147624.60000000
1744578000000,31729762.20000000,15979510.40000000
1744581600000,19088837.00000000,10742201.70000000
1744585200000,17013217.20000000,8632732.70000000
1744588800000,14579613.50000000,6223556.60000000
1744592400000,11857469.30000000,5902592.00000000
1744596000000,17785911.50000000,6964809.00000000
1744599600000,10234330.10000000,5538617.30000000
1744603200000,21061103.00000000,10467006.90000000
1744606800000,15820013.70000000,8199971.50000000
1744610400000,9620532.10000000,4252556.00000000
1744614000000,38462718.50000000,19243948.10000000
1744617600000,8340690.70000000,3154124.10000000
1744621200000,13059903.40000000,5851064.30000000
1744624800000,9178776.20000000,4972961.10000000
1744628400000,10607743.70000000,4543085.50000000
1744632000000,14485638.70000000,6792672.70000000
1744635600000,31463134.80000000,10661483.20000000
1744639200000,12855649.20000000,6109406.20000000
1744642800000,111365288.80000000,47009263.20000000
1744646400000,240072875.40000000,118711296.00000000
1744650000000,62355052.40000000,32967538.80000000
1744653600000,11762380.40000000,5471449.80000000
1744657200000,19670406.20000000,10515056.80000000
1744660800000,16052492.10000000,9514809.00000000
1744664400000,14010960.60000000,8694458.80000000
1744668000000,9176820.10000000,4531825.20000000
1744671600000,8719669.40000000,4503365.90000000
1744675200000,15822743.80000000,7775422.40000000
1744678800000,8512962.30000000,5219009.80000000
1744682400000,6493221.00000000,3095426.30000000
1744686000000,11146693.10000000,5328287.50000000
1744689600000,24995252.70000000,12333779.10000000
1744693200000,10491534.30000000,5161594.30000000
1744696800000,18707056.30000000,10663691.20000000
1744700400000,6059057.70000000,2393455.30000000
1744704000000,12502757.40000000,4767747.00000000
1744707600000,11809140.70000000,2795862.20000000
1744711200000,13395174.70000000,5445291.60000000
1744714800000,11720388.40000000,5403101.80000000
1744718400000,14267233.20000000,7472086.70000000
1744722000000,11852915.30000000,5994034.10000000
1744725600000,27807685.70000000,14685298.20000000
1744729200000,10769761.30000000,6276971.50000000
1744732800000,11134873.70000000,4868469.60000000
1744736400000,13771898.80000000,6630212.50000000
1744740000000,17373600.30000000,9245997.90000000
1744743600000,5035712.10000000,1922195.00000000
1744747200000,6426772.90000000,2448273.30000000
1744750800000,12164975.80000000,6448540.10000000
1744754400000,10872307.20000000,3275531.40000000
1744758000000,9263973.60000000,2800343.80000000
1744761600000,7619351.70000000,3277588.50000000
1744765200000,12533351.10000000,6768787.10000000
1744768800000,9373623.90000000,5966937.40000000
1744772400000,27932014.10000000,16460873.50000000
1744776000000,28549731.70000000,13178869.00000000
1744779600000,48099452.50000000,21404467.70000000
1744783200000,16569363.00000000,7038584.10000000
1744786800000,18267943.40000000,8749462.60000000
1744790400000,17790845.60000000,11667133.50000000
1744794000000,10618530.90000000,6155157.70000000
1744797600000,9170178.60000000,3566526.30000000
1744801200000,8968192.20000000,3669754.60000000
1744804800000,10413142.60000000,5299009.50000000
1744808400000,18217165.40000000,8134254.50000000
1744812000000,12508733.20000000,6331978.10000000
1744815600000,7163943.10000000,2649806.20000000
1744819200000,11601778.00000000,5589172.40000000
1744822800000,16257518.50000000,7588504.40000000
1744826400000,11146823.60000000,6256828.30000000
1744830000000,10786924.40000000,4704314.70000000
1744833600000,9520220.50000000,4722061.70000000
1744837200000,7477828.70000000,3510337.20000000
1744840800000,3997738.00000000,1632837.20000000
1744844400000,4053345.40000000,1836531.70000000
1744848000000,7143965.50000000,4416337.90000000
1744851600000,5100989.10000000,2274574.30000000
1744855200000,5357705.90000000,2635884.10000000
1744858800000,8167639.60000000,5141199.90000000
1744862400000,8464612.70000000,3446375.10000000
1744866000000,10157904.70000000,5823588.60000000
1744869600000,23238480.40000000,10259730.90000000
1744873200000,17599963.90000000,10095169.80000000
1744876800000,17704589.10000000,7997382.50000000
1744880400000,19326554.70000000,10001267.30000000
1744884000000,46583121.40000000,22922804.60000000
1744887600000,9173518.70000000,4239562.10000000
1744891200000,18587060.90000000,11128049.50000000
1744894800000,72414037.70000000,34949547.30000000
1744898400000,47109359.30000000,25231763.40000000
1744902000000,42692185.20000000,21166431.40000000
1744905600000,50854523.50000000,24786643.00000000
1744909200000,11350983.20000000,5347881.50000000
1744912800000,16766729.60000000,7272473.90000000
1744916400000,9786609.50000000,4933992.30000000
1744920000000,10453004.10000000,5785927.40000000
1744923600000,5373854.10000000,2997812.60000000
1744927200000,8137667.40000000,3619226.90000000
1744930800000,31551689.60000000,15999077.70000000
1744934400000,16555831.90000000,8471856.20000000
1744938000000,10772959.60000000,5726260.00000000
1744941600000,6139689.90000000,3401290.20000000
1744945200000,8220025.20000000,3084606.20000000
1744948800000,9878053.40000000,5210616.70000000
1744952400000,11199262.50000000,5078367.40000000
1744956000000,11032473.40000000,6675242.70000000
1744959600000,15490766.70000000,6889995.00000000
1744963200000,15649929.60000000,9178078.80000000
1744966800000,14040633.70000000,7651718.80000000
1744970400000,16605627.60000000,8501319.40000000
1744974000000,11144101.60000000,5025506.80000000
1744977600000,16098954.20000000,7506738.10000000
1744981200000,6650342.80000000,3317756.60000000
1744984800000,9056491.50000000,4510409.50000000
1744988400000,13611766.80000000,5565407.80000000
1744992000000,6079518.20000000,2872862.80000000
1744995600000,8126155.70000000,4629834.00000000
1744999200000,5862001.40000000,2668718.30000000
1745002800000,7618625.60000000,3921397.60000000
1745006400000,9600378.70000000,5168336.70000000
1745010000000,7498581.90000000,2149084.00000000
1745013600000,4428587.90000000,2373604.20000000
1745017200000,3486313.40000000,2135721.00000000
1745020800000,8850126.20000000,3758443.90000000
1745024400000,9374935.10000000,4355273.00000000
1745028000000,13422306.20000000,6312077.40000000
1745031600000,6404540.50000000,4325413.00000000
1745035200000,6637933.00000000,2442560.90000000
1745038800000,9089319.80000000,2910937.30000000
1745042400000,17911151.40000000,9117026.90000000
1745046000000,11036665.80000000,4835418.70000000
1745049600000,6221268.30000000,2274902.70000000
1745053200000,12751483.80000000,5615741.60000000
1745056800000,9354713.80000000,5229534.40000000
1745060400000,6126072.80000000,3131704.90000000
1745064000000,4491812.60000000,2031970.60000000
1745067600000,9151141.60000000,4169244.20000000
1745071200000,12926677.20000000,5591868.50000000
1745074800000,11243071.60000000,6628808.50000000
1745078400000,8847856.50000000,4609854.10000000
1745082000000,8117243.60000000,4714675.60000000
1745085600000,7811455.00000000,4842294.70000000
1745089200000,5819495.40000000,3749949.00000000
1745092800000,6653759.50000000,3329209.60000000
1745096400000,48638409.50000000,20401339.80000000
1745100000000,6456577.10000000,3131314.80000000
1745103600000,10838720.20000000,5077891.30000000
1745107200000,25591132.90000000,11755444.10000000
1745110800000,10410312.10000000,4728378.70000000
1745114400000,12528781.80000000,7673095.00000000
1745118000000,9403917.20000000,4219582.80000000
1745121600000,252407085.70000000,129398871.80000000
1745125200000,146349076.20000000,67413236.60000000
1745128800000,60812188.20000000,32021532.30000000
1745132400000,29421051.70000000,16486700.50000000
1745136000000,56154059.90000000,25568760.10000000
1745139600000,45633567.30000000,24520898.70000000
1745143200000,54866705.40000000,19065341.00000000
1745146800000,21988916.40000000,12997586.30000000
1745150400000,15304162.60000000,7478026.40000000
1745154000000,30833825.70000000,15192110.30000000
1745157600000,30251861.10000000,15699329.40000000
1745161200000,23167658.70000000,11627446.50000000
1745164800000,21658398.60000000,9275473.20000000
1745168400000,13171741.40000000,6590342.10000000
1745172000000,5308875.60000000,2984251.90000000
1745175600000,4534458.50000000,2305608.80000000
1745179200000,12261705.90000000,5541011.50000000
1745182800000,4575827.50000000,2601321.60000000
1745186400000,9370605.00000000,4149700.60000000
1745190000000,8173318.90000000,3399780.50000000
1745193600000,20354035.10000000,12102662.90000000
1745197200000,17638065.90000000,10172695.10000000
1745200800000,103598554.30000000,57962974.90000000
1745204400000,128453777.60000000,64094644.40000000
1745208000000,147998345.70000000,73069558.40000000
1745211600000,74353255.30000000,39109440.00000000
1745215200000,146774684.10000000,69087963.40000000
1745218800000,42210246.80000000,18018872.00000000
1745222400000,22368780.50000000,11007077.60000000
1745226000000,37297924.60000000,16479609.10000000
1745229600000,17530096.10000000,9159073.50000000
1745233200000,10549820.30000000,5230582.80000000
1745236800000,43850102.10000000,24226662.40000000
1745240400000,24349348.00000000,11611635.90000000
1745244000000,18077257.40000000,9470852.50000000
1745247600000,13456030.60000000,6491890.70000000
1745251200000,19696451.20000000,7253954.80000000
1745254800000,14004721.60000000,5934639.00000000
1745258400000,10355500.10000000,5362986.90000000
1745262000000,5823080.90000000,3644129.10000000
1745265600000,5725627.40000000,3293692.70000000
1745269200000,8858497.40000000,5146212.80000000
1745272800000,8617602.00000000,5707771.20000000
1745276400000,38984238.80000000,20040912.40000000
1745280000000,41126025.30000000,20192904.60000000
1745283600000,98135816.70000000,53634361.10000000
1745287200000,47293459.70000000,26919317.60000000
1745290800000,54685091.70000000,27531818.20000000
1745294400000,40800340.20000000,18601133.30000000
1745298000000,40903233.90000000,19837354.50000000
1745301600000,60974324.70000000,30444034.00000000
1745305200000,30955206.70000000,15436268.40000000
1745308800000,29905270.00000000,14081993.20000000
1745312400000,33206421.90000000,15138825.20000000
1745316000000,22230083.00000000,8791158.10000000
1745319600000,17661149.30000000,9526576.10000000
1745323200000,54504491.80000000,28612253.30000000
1745326800000,26299353.40000000,12360751.10000000
1745330400000,30403922.00000000,15787765.10000000
1745334000000,51982673.70000000,27644780.50000000
1745337600000,28063119.90000000,14215455.40000000
1745341200000,15894290.70000000,7434468.00000000
1745344800000,10077253.90000000,5031040.70000000
1745348400000,11257054.50000000,5266359.60000000
1745352000000,9761790.20000000,4722817.90000000
1745355600000,19292116.30000000,9515465.00000000
1745359200000,43964302.80000000,22422326.80000000
1745362800000,24080553.50000000,11696944.60000000
1745366400000,46145189.50000000,21658955.20000000
1745370000000,49959998.30000000,21769948.60000000
1745373600000,32825279.70000000,18345126.00000000
1745377200000,53369693.00000000,27844199.20000000
1745380800000,52069783.60000000,28255065.00000000
1745384400000,29740108.40000000,14061626.80000000
1745388000000,27248579.10000000,10204458.60000000
1745391600000,48431440.80000000,25646290.50000000
1745395200000,44421695.20000000,21400780.80000000
1745398800000,50818665.80000000,22460736.20000000
1745402400000,44337334.60000000,22914954.00000000
1745406000000,26426245.90000000,13077422.50000000
1745409600000,37839556.20000000,21287571.70000000
1745413200000,55724549.00000000,25950818.90000000
1745416800000,42872245.20000000,19403774.90000000
1745420400000,39909423.20000000,19516759.60000000
1745424000000,39011237.60000000,20531231.60000000
1745427600000,62176162.60000000,31255049.50000000
1745431200000,17544193.50000000,9489162.20000000
1745434800000,11650349.80000000,5759489.40000000
1745438400000,16446453.40000000,7023992.10000000
1745442000000,10806137.20000000,5470853.70000000
1745445600000,10330526.60000000,5149488.00000000
1745449200000,12703858.10000000,7180795.20000000
1745452800000,48988889.90000000,27119349.30000000
1745456400000,39500019.80000000,14469996.70000000
1745460000000,31893168.70000000,14295738.50000000
1745463600000,76362954.20000000,32394259.60000000
1745467200000,31123282.20000000,15968576.10000000
1745470800000,39830907.30000000,14236783.30000000
1745474400000,30668272.20000000,12749670.60000000
1745478000000,22114823.50000000,6521590.00000000
1745481600000,19428653.10000000,9059919.70000000
1745485200000,22831728.30000000,9067831.60000000
1745488800000,18969402.90000000,8168890.90000000
1745492400000,30903021.20000000,10885864.80000000
1745496000000,13518805.00000000,7367068.20000000
1745499600000,21555598.30000000,11036209.60000000
1745503200000,29092664.00000000,15068282.40000000
1745506800000,29428092.70000000,13471635.80000000
1745510400000,14624848.60000000,7772510.50000000
1745514000000,32014425.90000000,14323169.40000000
1745517600000,28032058.30000000,13532745.40000000
1745521200000,10001788.10000000,6024822.80000000
1745524800000,8291914.00000000,4086317.90000000
1745528400000,6071969.20000000,3050970.10000000
1745532000000,11947906.90000000,5604311.40000000
1745535600000,10342623.00000000,8158584.10000000
1745539200000,15736214.00000000,7692521.40000000
1745542800000,15391362.10000000,8017316.60000000
1745546400000,14661519.50000000,7247359.10000000
1745550000000,18065859.90000000,8110777.80000000
1745553600000,25824992.40000000,14863830.80000000
1745557200000,24565559.50000000,11275599.40000000
1745560800000,22993496.00000000,14322481.30000000
1745564400000,29252486.90000000,13337073.90000000
1745568000000,14626237.90000000,7587333.30000000
1745571600000,18583463.00000000,9679907.80000000
1745575200000,17822950.70000000,11003160.80000000
1745578800000,15296022.60000000,5501245.40000000
1745582400000,15416179.10000000,8288836.40000000
1745586000000,17760188.50000000,9124757.20000000
1745589600000,33370604.50000000,16361180.60000000
1745593200000,42860137.00000000,17856908.60000000
1745596800000,17286963.90000000,8847936.20000000
1745600400000,31498178.60000000,10825790.80000000
1745604000000,12378050.20000000,6358994.10000000
1745607600000,7448013.10000000,3635074.00000000
1745611200000,6123915.50000000,2847018.60000000
1745614800000,10673290.40000000,3522194.30000000
1745618400000,6061801.90000000,3508936.70000000
1745622000000,3654310.00000000,1928063.00000000
1745625600000,21782198.30000000,15838490.40000000
1745629200000,17979487.20000000,6342076.00000000
1745632800000,19199589.40000000,8931575.50000000
1745636400000,12534154.70000000,5503334.30000000
1745640000000,18377180.80000000,8149543.70000000
1745643600000,19590753.90000000,8629459.90000000
1745647200000,12833413.80000000,6880849.80000000
1745650800000,18401912.70000000,9843819.00000000
1745654400000,26448242.50000000,13713519.30000000
1745658000000,28410285.10000000,13931517.70000000
1745661600000,11908406.10000000,5364857.60000000
1745665200000,20126119.00000000,8170596.10000000
1745668800000,20506614.30000000,11953320.60000000
1745672400000,23912817.80000000,11782786.00000000
1745676000000,15089836.00000000,6052709.40000000
1745679600000,13121965.40000000,7126864.60000000
1745683200000,11903363.30000000,6538269.30000000
1745686800000,9927933.10000000,4534664.80000000
1745690400000,8723153.70000000,3551880.40000000
1745694000000,5564496.50000000,2796159.80000000
1745697600000,6273323.10000000,2464527.10000000
1745701200000,38093026.40000000,23710339.70000000
1745704800000,14244965.10000000,6850449.40000000
1745708400000,7934036.80000000,3771630.60000000
1745712000000,21197711.30000000,11110106.00000000
1745715600000,44561585.90000000,20275240.80000000
1745719200000,20830300.60000000,12783274.20000000
1745722800000,10313373.40000000,5344574.50000000
1745726400000,10345625.10000000,4544164.90000000
1745730000000,34887680.30000000,12782410.30000000
1745733600000,14797182.50000000,7075238.50000000
1745737200000,6105753.10000000,2385381.20000000
1745740800000,3123721.30000000,1441198.50000000
1745744400000,4958767.80000000,2709555.50000000
1745748000000,41996281.50000000,30204395.60000000
1745751600000,180396465.30000000,96927742.20000000
1745755200000,98151362.10000000,46643886.50000000
1745758800000,56670261.60000000,22805926.00000000
1745762400000,20850984.90000000,11629433.60000000
1745766000000,17447551.60000000,7748010.40000000
1745769600000,12395470.30000000,5652442.00000000
1745773200000,7939711.70000000,4223740.70000000
1745776800000,19029729.90000000,10564425.40000000
1745780400000,12373722.50000000,6441877.30000000
1745784000000,13158664.10000000,8672992.90000000
1745787600000,12996717.20000000,5155414.50000000
1745791200000,13319699.10000000,4311020.00000000
1745794800000,13137541.80000000,6637131.50000000
1745798400000,15846868.10000000,5742455.10000000
1745802000000,40738042.60000000,10670554.00000000
1745805600000,11836326.60000000,7240264.50000000
1745809200000,11843975.70000000,5327982.80000000
1745812800000,47103785.70000000,25034301.60000000
1745816400000,24882742.30000000,11059430.30000000
1745820000000,31188568.70000000,14408609.30000000
1745823600000,21733035.60000000,9672811.20000000
1745827200000,23623010.90000000,9465376.20000000
1745830800000,22158380.80000000,8763695.30000000
1745834400000,32177921.40000000,14436987.30000000
1745838000000,16209087.40000000,6868202.50000000
1745841600000,17024129.30000000,7729437.80000000
1745845200000,12232211.20000000,6167582.90000000
1745848800000,66283931.00000000,31800857.80000000
1745852400000,27947861.10000000,10907150.40000000
1745856000000,13693285.40000000,7865860.90000000
1745859600000,13414731.40000000,6951985.50000000
1745863200000,6387135.40000000,2465470.20000000
1745866800000,8608579.50000000,3877980.30000000
1745870400000,10316245.10000000,5614503.60000000
1745874000000,13566306.90000000,5311128.00000000
1745877600000,6469428.20000000,3068408.10000000
1745881200000,7626720.20000000,3432052.50000000
1745884800000,10243144.10000000,4891801.20000000
1745888400000,8627676.50000000,3210140.70000000
1745892000000,11922885.90000000,5673361.70000000
1745895600000,6675555.50000000,2533751.20000000
1745899200000,9160574.60000000,4534343.80000000
1745902800000,6564864.40000000,3335743.10000000
1745906400000,8181249.10000000,4682865.30000000
1745910000000,13483262.30000000,8538576.20000000
1745913600000,10672271.10000000,3901261.30000000
1745917200000,57244380.20000000,22835667.70000000
1745920800000,31999298.30000000,13564991.40000000
1745924400000,13958381.90000000,7556063.60000000
1745928000000,26707533.40000000,12474444.50000000
1745931600000,14943457.80000000,7195182.90000000
1745935200000,18472719.80000000,7372954.30000000
1745938800000,10360537.80000000,4209055.60000000
1745942400000,11683018.10000000,5152941.60000000
1745946000000,10313928.80000000,4711862.00000000
1745949600000,6374537.20000000,3899899.40000000
1745953200000,6756344.30000000,3933228.40000000
1745956800000,5542617.70000000,3355096.40000000
1745960400000,9199360.20000000,5268352.90000000
1745964000000,13805975.70000000,6260510.90000000
1745967600000,14112196.90000000,5295233.80000000
1745971200000,11313844.00000000,4364809.70000000
1745974800000,8753337.80000000,4904191.00000000
1745978400000,11301025.90000000,6220821.20000000
1745982000000,19003859.30000000,7164791.50000000
1745985600000,14249593.30000000,7051849.20000000
1745989200000,17383044.30000000,7183082.00000000
1745992800000,10504144.60000000,4101797.40000000
1745996400000,19228330.20000000,9833161.20000000
1746000000000,19604185.40000000,9079123.80000000
1746003600000,24465160.60000000,12251364.40000000
1746007200000,19086642.60000000,10120484.90000000
1746010800000,16899523.80000000,9575053.30000000
1746014400000,29625506.00000000,12548273.70000000
1746018000000,27838522.70000000,9517785.90000000
1746021600000,14855826.70000000,7173712.60000000
1746025200000,10322238.10000000,5362791.00000000
1746028800000,16988182.70000000,9623941.80000000
1746032400000,15917881.00000000,7090044.30000000
1746036000000,10401202.50000000,3398531.50000000
1746039600000,19135835.30000000,10822082.20000000
1746043200000,17997516.00000000,11303352.50000000
1746046800000,8519733.80000000,5475131.00000000
1746050400000,10635354.00000000,6335476.80000000
1746054000000,11989267.20000000,4535689.30000000
1746057600000,12658223.10000000,5445180.90000000
1746061200000,8365105.00000000,3730697.80000000
1746064800000,6859441.80000000,3502541.10000000
1746068400000,7918861.70000000,2384930.00000000
1746072000000,49692110.20000000,25962668.10000000
1746075600000,30736822.80000000,11156538.80000000
1746079200000,15254039.90000000,8214594.70000000
1746082800000,16396965.20000000,5804067.90000000
1746086400000,12508602.90000000,6570890.40000000
1746090000000,13724155.00000000,6988312.30000000
1746093600000,26973503.80000000,17278535.80000000
1746097200000,9821503.70000000,5222284.50000000
1746100800000,7945157.60000000,3278271.30000000
1746104400000,13449582.10000000,6040649.50000000
1746108000000,18038440.70000000,8353654.70000000
1746111600000,29673204.10000000,12508346.00000000
1746115200000,26237101.90000000,14184718.10000000
1746118800000,11256533.30000000,4151802.60000000
1746122400000,14215805.80000000,8292748.00000000
1746126000000,6332918.40000000,3054055.60000000
1746129600000,10064311.60000000,4135401.60000000
1746133200000,4658809.20000000,1861280.10000000
1746136800000,4288534.60000000,2100614.90000000
1746140400000,6012769.60000000,2216003.20000000
1746144000000,5491692.90000000,2477319.40000000
1746147600000,8238588.70000000,4824932.00000000
1746151200000,7995070.30000000,3702094.40000000
1746154800000,22323176.50000000,9349463.30000000
1746158400000,16658696.60000000,6231603.70000000
1746162000000,14210732.60000000,7154682.70000000
1746165600000,9400327.20000000,4879330.60000000
1746169200000,10917817.30000000,5085239.10000000
1746172800000,8542611.80000000,4820027.10000000
1746176400000,11443069.30000000,6915387.50000000
1746180000000,4609968.80000000,2460827.90000000
1746183600000,6744209.40000000,4100503.80000000
1746187200000,11569460.20000000,5934282.10000000
1746190800000,18609680.80000000,8509832.80000000
1746194400000,18432238.10000000,7893542.10000000
1746198000000,27076950.00000000,13657588.90000000
1746201600000,14306475.10000000,7753929.90000000
1746205200000,8887226.70000000,4176460.80000000
1746208800000,9151662.50000000,5151056.00000000
1746212400000,31665872.80000000,20338498.70000000
1746216000000,13940692.60000000,7892160.30000000
1746219600000,19791627.10000000,11003334.30000000
1746223200000,10507536.40000000,5338551.20000000
1746226800000,8630469.20000000,3734503.70000000
1746230400000,9861738.80000000,3213901.10000000
1746234000000,10200690.20000000,5144163.60000000
1746237600000,19127073.00000000,9694412.30000000
1746241200000,10181063.20000000,4827816.30000000
1746244800000,8930095.90000000,3910060.60000000
1746248400000,34238393.00000000,23590483.90000000
1746252000000,18608098.20000000,8587109.20000000
1746255600000,15891714.10000000,5441096.40000000
1746259200000,9332716.80000000,3123798.00000000
1746262800000,16926767.60000000,8300612.50000000
1746266400000,29522669.40000000,9271516.30000000
1746270000000,19380332.40000000,9400771.50000000
1746273600000,15300625.70000000,9270984.60000000
1746277200000,9547308.60000000,4469021.40000000
1746280800000,8303487.80000000,3562824.20000000
1746284400000,10075055.00000000,5361411.70000000
1746288000000,33277284.00000000,14164697.30000000
1746291600000,28265518.20000000,12415735.10000000
1746295200000,16727855.60000000,8854934.60000000
1746298800000,8865565.10000000,5143511.00000000
1746302400000,9211944.90000000,2726386.60000000
1746306000000,11021920.30000000,4543017.70000000
1746309600000,56816888.30000000,29269171.90000000
1746313200000,8715301.40000000,5040885.40000000
1746316800000,22011332.10000000,11019595.20000000
1746320400000,14477391.00000000,7724239.30000000
1746324000000,14794240.60000000,7944482.80000000
1746327600000,24008775.80000000,14153143.40000000
1746331200000,15124375.50000000,9169809.20000000
1746334800000,10867258.60000000,6131860.80000000
1746338400000,6693871.10000000,2828762.90000000
1746342000000,7722681.40000000,2622919.50000000
1746345600000,11673548.80000000,5238846.70000000
1746349200000,22930063.50000000,11430856.00000000
1746352800000,10889323.80000000,6220214.50000000
1746356400000,9030454.20000000,6192727.80000000
1746360000000,6907801.50000000,3084771.80000000
1746363600000,10907869.70000000,4249087.10000000
1746367200000,12548231.60000000,6364989.20000000
1746370800000,7544220.70000000,3439592.10000000
1746374400000,11900918.00000000,3708957.30000000
1746378000000,14676415.70000000,7888914.50000000
1746381600000,11871804.50000000,4713515.50000000
1746385200000,12515018.30000000,7470050.60000000
1746388800000,6700570.10000000,2407054.10000000
1746392400000,7102905.60000000,3298732.20000000
1746396000000,7901458.20000000,3915081.10000000
1746399600000,8133608.30000000,4631682.30000000
1746403200000,9802029.90000000,4906717.70000000
1746406800000,9723693.60000000,3740609.70000000
1746410400000,14007755.30000000,7792602.20000000
1746414000000,19364029.70000000,10136184.10000000
1746417600000,13144297.10000000,5641192.00000000
1746421200000,9644591.80000000,4734895.20000000
1746424800000,9738671.50000000,5317363.90000000
1746428400000,13075842.00000000,5083304.50000000
1746432000000,11275867.30000000,3235800.30000000
1746435600000,5030533.40000000,1762637.60000000
1746439200000,15912076.80000000,7175738.30000000
1746442800000,9775048.80000000,5529680.70000000
1746446400000,8102194.20000000,4382930.80000000
1746450000000,8605657.70000000,4627835.50000000
1746453600000,12651437.10000000,6584743.90000000
1746457200000,12721427.90000000,5295976.70000000
1746460800000,13164778.40000000,6367655.50000000
1746464400000,16980477.60000000,6777030.10000000
1746468000000,10848602.40000000,6990543.70000000
1746471600000,10638489.70000000,4706115.20000000
1746475200000,11646252.70000000,5806549.70000000
1746478800000,9178041.50000000,2880091.90000000
1746482400000,10171184.10000000,5628646.90000000
1746486000000,4130421.10000000,1628006.10000000
1746489600000,5426632.90000000,3271114.50000000
1746493200000,5609040.90000000,3066308.90000000
1746496800000,28395769.90000000,11245714.50000000
1746500400000,10355062.40000000,5988169.20000000
1746504000000,7616343.40000000,3710300.60000000
1746507600000,8239874.20000000,4907424.90000000
1746511200000,8720834.80000000,3924537.40000000
1746514800000,9907035.00000000,5884628.20000000
1746518400000,18859233.50000000,6310864.50000000
1746522000000,16009492.00000000,7879718.10000000
1746525600000,33920207.80000000,16264193.40000000
1746529200000,30315198.70000000,13179308.30000000
1746532800000,24993560.00000000,13399730.60000000
1746536400000,20296196.60000000,7569829.40000000
1746540000000,41848818.40000000,24587567.30000000
1746543600000,24951341.20000000,11218127.00000000
1746547200000,31981979.40000000,14806616.20000000
1746550800000,21330901.60000000,9617361.40000000
1746554400000,13217606.00000000,6663102.00000000
1746558000000,13513073.70000000,6134782.10000000
1746561600000,10764601.40000000,4081112.00000000
1746565200000,16223751.80000000,7845868.70000000
1746568800000,13430041.40000000,6708546.80000000
1746572400000,14832983.00000000,5842614.20000000
1746576000000,19094530.40000000,9675606.40000000
1746579600000,11987295.50000000,6591574.50000000
1746583200000,11410835.40000000,5004734.30000000
1746586800000,8274512.60000000,3939969.90000000
1746590400000,6794087.70000000,3912202.30000000
1746594000000,8216898.80000000,3499277.80000000
1746597600000,9145867.30000000,4346064.80000000
1746601200000,10669826.10000000,4843370.70000000
1746604800000,6717352.80000000,3212256.50000000
1746608400000,7919092.90000000,3814334.80000000
1746612000000,11290707.50000000,3523520.30000000
1746615600000,12683459.30000000,7480269.80000000
1746619200000,8672010.00000000,4573800.30000000
1746622800000,7282653.60000000,3081860.60000000
1746626400000,7541389.50000000,3542383.20000000
1746630000000,11663034.80000000,5401473.70000000
1746633600000,21149154.00000000,7901968.40000000
1746637200000,21256571.50000000,13284120.90000000
1746640800000,16694477.20000000,7591826.20000000
1746644400000,12882816.50000000,7270260.20000000
1746648000000,5367533.10000000,2795628.70000000
1746651600000,5696273.30000000,3540005.10000000
1746655200000,5298976.70000000,3024123.10000000
1746658800000,10274499.30000000,4655117.70000000
1746662400000,8397836.40000000,5184375.30000000
1746666000000,15733618.00000000,6459375.90000000
1746669600000,10239033.10000000,5332498.10000000
1746673200000,11693333.10000000,6228890.20000000
1746676800000,55886657.40000000,23210135.80000000
1746680400000,15948257.50000000,5431542.40000000
1746684000000,13712873.50000000,7520197.50000000
1746687600000,17938526.40000000,7028207.00000000
1746691200000,15257524.30000000,7694908.90000000
1746694800000,12997472.20000000,6630047.20000000
1746698400000,11158569.90000000,5824476.70000000
1746702000000,11242662.20000000,5358252.90000000
1746705600000,10353882.30000000,4810702.80000000
1746709200000,9432729.50000000,3324243.40000000
1746712800000,13787011.60000000,7339181.70000000
1746716400000,30223285.20000000,13328905.10000000
1746720000000,67676822.10000000,37501261.00000000
1746723600000,94243700.40000000,48980711.70000000
1746727200000,25915906.10000000,12545522.20000000
1746730800000,14255876.00000000,6605225.10000000
1746734400000,14324548.80000000,5512488.30000000
1746738000000,21598552.20000000,11862741.40000000
1746741600000,18122225.70000000,7935718.30000000
1746745200000,12442332.10000000,6233468.00000000
1746748800000,37223454.50000000,21438182.10000000
1746752400000,29578894.20000000,14335174.50000000
1746756000000,30456659.40000000,12857602.80000000
1746759600000,61747461.20000000,26094032.20000000
1746763200000,20700298.50000000,11921204.00000000
1746766800000,16882831.00000000,7778673.00000000
1746770400000,25451153.20000000,13860067.80000000
1746774000000,162200393.00000000,86526849.60000000
1746777600000,117926374.90000000,54498062.00000000
1746781200000,52005723.90000000,22128822.70000000
1746784800000,26098683.30000000,13705175.60000000
1746788400000,30176549.10000000,16217950.60000000
1746792000000,81296062.80000000,42967790.70000000
1746795600000,140481974.40000000,72603268.90000000
1746799200000,60831315.00000000,23908956.10000000
1746802800000,34845868.90000000,16597303.70000000
1746806400000,150328235.80000000,73264233.70000000
1746810000000,29040022.80000000,14618517.40000000
1746813600000,106859867.80000000,51989863.40000000
1746817200000,130897323.20000000,64070807.90000000
1746820800000,48185416.10000000,20635676.00000000
1746824400000,133384534.90000000,63650939.50000000
1746828000000,248103997.20000000,123232688.50000000
1746831600000,233171973.00000000,126949367.80000000
1746835200000,534593106.30000000,266935906.00000000
1746838800000,136982719.30000000,66297361.30000000
1746842400000,86863124.40000000,38546068.10000000
1746846000000,52119519.40000000,25844804.20000000
1746849600000,63695809.30000000,29621313.50000000
1746853200000,39490437.20000000,19949786.80000000
1746856800000,56045308.80000000,28431418.00000000
1746860400000,46520418.00000000,24495329.10000000
1746864000000,116432922.80000000,48497260.30000000
1746867600000,110273884.60000000,46808247.00000000
1746871200000,47834977.40000000,20634703.20000000
1746874800000,61226848.60000000,28656394.50000000
1746878400000,53695887.90000000,27376070.00000000
1746882000000,30707484.20000000,16502598.90000000
1746885600000,37897295.50000000,18670272.30000000
1746889200000,72150056.60000000,28966324.70000000
1746892800000,47041655.40000000,26850026.00000000
1746896400000,60695941.20000000,28278771.00000000
1746900000000,53578060.00000000,27495753.40000000
1746903600000,34336725.10000000,12684775.50000000
1746907200000,21828467.00000000,9429748.40000000
1746910800000,19897934.60000000,9208881.50000000
1746914400000,22279542.10000000,9657179.40000000
1746918000000,76419218.80000000,37012921.80000000
1746921600000,74893159.10000000,31069665.10000000
1746925200000,35678712.60000000,12388325.50000000
1746928800000,24410460.40000000,12457460.00000000
1746932400000,33267558.10000000,18744685.10000000
1746936000000,26875945.70000000,11455336.30000000
1746939600000,19676270.00000000,7904060.70000000
1746943200000,18042049.40000000,8744343.90000000
1746946800000,38695330.80000000,11785073.70000000
1746950400000,30061991.80000000,16214955.50000000
1746954000000,17803159.40000000,8226256.40000000
1746957600000,21757158.80000000,12932727.00000000
1746961200000,118739619.90000000,64513541.70000000
1746964800000,197569989.20000000,104771210.20000000
1746968400000,132551552.90000000,59286030.10000000
1746972000000,53098514.40000000,30454935.00000000
1746975600000,118383520.90000000,57414058.50000000
1746979200000,157045965.90000000,91554982.30000000
1746982800000,117760498.60000000,51146649.80000000
1746986400000,53276811.30000000,25183923.80000000
1746990000000,58150731.70000000,24542304.50000000
1746993600000,31437127.00000000,13977453.40000000
1746997200000,30318834.10000000,16202944.20000000
1747000800000,40950719.50000000,18641654.60000000
1747004400000,33457569.70000000,16151640.30000000
1747008000000,70862527.10000000,33522787.30000000
1747011600000,32056660.10000000,14861480.10000000
1747015200000,64742073.40000000,35316930.60000000
1747018800000,64880971.60000000,30950895.80000000
1747022400000,61973459.50000000,29724681.80000000
1747026000000,65489278.00000000,25687684.20000000
1747029600000,52901672.80000000,23852478.50000000
1747033200000,81516478.30000000,38589153.90000000
1747036800000,80035567.20000000,43651632.60000000
1747040400000,84869211.20000000,44447626.80000000
1747044000000,57950200.50000000,29743571.20000000
1747047600000,68123573.40000000,33148339.30000000
1747051200000,44933814.60000000,21573088.70000000
1747054800000,43645154.50000000,19674739.60000000
1747058400000,87294416.20000000,41782975.40000000
1747062000000,66666020.80000000,28750730.40000000
1747065600000,32691273.90000000,17555739.30000000
1747069200000,19501315.20000000,11056601.00000000
1747072800000,61970315.00000000,27500475.90000000
1747076400000,20890398.30000000,10513502.10000000
1747080000000,20101641.60000000,15078574.50000000
1747083600000,9009505.60000000,4906946.10000000
1747087200000,10372364.70000000,4471525.10000000
1747090800000,22556794.70000000,12828359.30000000
1747094400000,35242633.70000000,16308284.90000000
1747098000000,35785038.40000000,16143520.60000000
1747101600000,55993267.80000000,26737788.10000000
1747105200000,55495214.70000000,26497946.50000000
1747108800000,58818948.80000000,29532201.70000000
1747112400000,47062914.40000000,23689203.20000000
1747116000000,73003044.90000000,34008136.10000000
1747119600000,72200355.40000000,36560725.40000000
1747123200000,85026053.70000000,42996219.20000000
1747126800000,192649967.70000000,97525737.90000000
1747130400000,121037194.00000000,56377030.00000000
1747134000000,123163615.00000000,59678307.60000000
1747137600000,103276629.20000000,49690663.70000000
1747141200000,95875989.80000000,49047603.40000000
1747144800000,122408325.60000000,56035922.00000000
1747148400000,54861414.30000000,25609794.70000000
1747152000000,128280844.40000000,66098036.60000000
1747155600000,62326562.80000000,31218753.80000000
1747159200000,73521972.20000000,37634288.00000000
1747162800000,61436620.00000000,29569290.10000000
1747166400000,51653489.30000000,27657963.00000000
1747170000000,29701488.70000000,14117263.00000000
1747173600000,25372398.70000000,12314142.00000000
1747177200000,87785981.90000000,47986925.90000000
1747180800000,36911283.60000000,16915708.40000000
1747184400000,41817794.80000000,17778570.10000000
1747188000000,24248956.30000000,11535162.30000000
1747191600000,27013479.60000000,12304153.50000000
1747195200000,19117452.90000000,9176668.30000000
1747198800000,35500063.60000000,21612639.80000000
1747202400000,31114570.00000000,14492262.30000000
1747206000000,19871981.70000000,8962150.40000000
1747209600000,62172941.40000000,24906016.80000000
1747213200000,48778717.10000000,21498581.90000000
1747216800000,33912918.60000000,19886798.70000000
1747220400000,21991211.40000000,9762220.40000000
1747224000000,29967534.50000000,9982520.70000000
1747227600000,34900940.80000000,13478538.00000000
1747231200000,25128418.50000000,12361943.90000000
1747234800000,34811718.30000000,15253960.70000000
1747238400000,25445791.60000000,15926166.00000000
1747242000000,28113437.40000000,12597440.70000000
1747245600000,17415108.90000000,10076450.10000000
1747249200000,9446806.80000000,3766224.70000000
1747252800000,6119350.30000000,3163381.20000000
1747256400000,5871660.60000000,2543758.20000000
1747260000000,13418983.70000000,5483910.60000000
1747263600000,13515527.90000000,6909245.00000000
1747267200000,21000245.60000000,8838251.50000000
1747270800000,36035681.70000000,17859654.10000000
1747274400000,20908447.70000000,8261561.00000000
1747278000000,22094414.60000000,10785169.00000000
1747281600000,15591778.80000000,7906645.40000000
1747285200000,18625458.60000000,7930764.10000000
1747288800000,28710735.80000000,12952633.90000000
1747292400000,34040936.10000000,12309199.50000000
1747296000000,28943864.20000000,17181232.10000000
1747299600000,12991798.00000000,4714855.80000000
1747303200000,9654532.50000000,4263563.60000000
1747306800000,12329423.60000000,5515968.70000000
1747310400000,26877576.80000000,13068527.10000000
1747314000000,26993996.60000000,12077204.50000000
1747317600000,36083873.40000000,18016789.60000000
1747321200000,32105637.00000000,17745089.10000000
1747324800000,19991646.70000000,9360883.10000000
1747328400000,24084559.20000000,12216433.70000000
1747332000000,18301989.60000000,8704067.60000000
1747335600000,14148426.10000000,7440378.30000000
1747339200000,26751713.80000000,11686620.80000000
1747342800000,9722943.70000000,4415974.50000000
1747346400000,13674875.50000000,5666126.50000000
1747350000000,46655891.40000000,22300597.90000000
1747353600000,21392415.30000000,9336999.20000000
1747357200000,21054256.00000000,9812784.10000000
1747360800000,21388744.50000000,10696020.20000000
1747364400000,9430617.00000000,5289795.50000000
1747368000000,14789230.60000000,8132425.00000000
1747371600000,19295498.40000000,11695706.40000000
1747375200000,14189550.10000000,7388525.10000000
1747378800000,15013232.60000000,6948046.50000000
1747382400000,17499487.20000000,7860566.60000000
1747386000000,14826593.30000000,8112097.30000000
1747389600000,11781009.10000000,5971715.30000000
1747393200000,22885379.10000000,13809625.90000000
1747396800000,13020541.90000000,5793538.30000000
1747400400000,26363086.30000000,16108743.60000000
1747404000000,27276513.90000000,13975569.80000000
1747407600000,22630607.40000000,9731151.70000000
1747411200000,24595325.10000000,10459494.50000000
1747414800000,19426872.30000000,7646871.40000000
1747418400000,16162280.60000000,6675542.10000000
1747422000000,9234282.10000000,3700910.40000000
1747425600000,11081308.70000000,5527149.10000000
1747429200000,6000889.40000000,2037896.60000000
1747432800000,16469086.70000000,7471353.40000000
1747436400000,17501599.60000000,6666081.50000000
1747440000000,18358680.90000000,7814424.10000000
1747443600000,27960340.10000000,9854495.80000000
1747447200000,21157736.10000000,10107049.40000000
1747450800000,16395189.80000000,7763398.80000000
1747454400000,13979952.20000000,7247820.00000000
1747458000000,10055091.50000000,4245912.30000000
1747461600000,11893000.70000000,4729968.00000000
1747465200000,21625052.50000000,8905412.50000000
1747468800000,18405319.10000000,8496779.00000000
1747472400000,18861132.30000000,8042020.60000000
1747476000000,21026338.60000000,10873322.00000000
1747479600000,12653364.20000000,6961947.50000000
1747483200000,6659654.80000000,2648513.10000000
1747486800000,16684127.20000000,7392073.10000000
1747490400000,22298886.40000000,12842596.30000000
1747494000000,15721733.20000000,8081290.10000000
1747497600000,17400593.30000000,5332990.30000000
1747501200000,7622900.70000000,3657685.60000000
1747504800000,8156974.60000000,4298462.50000000
1747508400000,10948962.10000000,6912698.80000000
1747512000000,8688181.10000000,4215354.00000000
1747515600000,4837077.60000000,2542181.30000000
1747519200000,8175191.00000000,3210171.10000000
1747522800000,5626534.70000000,3026589.10000000
1747526400000,8656244.80000000,3721870.50000000
1747530000000,11571403.80000000,6283368.80000000
1747533600000,7022597.80000000,3122510.20000000
1747537200000,7433352.80000000,3639177.50000000
1747540800000,15076951.90000000,8648015.40000000
1747544400000,49654577.70000000,32189433.10000000
1747548000000,26741532.20000000,11462729.40000000
1747551600000,33027219.10000000,19562365.30000000
1747555200000,84881176.50000000,46333664.90000000
1747558800000,48540428.90000000,24848357.70000000
1747562400000,32860970.00000000,18619975.50000000
1747566000000,29823115.30000000,12922163.30000000
1747569600000,28092655.60000000,13770521.50000000
1747573200000,36305913.10000000,18822692.80000000
1747576800000,48378735.90000000,22876177.90000000
1747580400000,59478450.60000000,33676770.70000000
1747584000000,52403882.30000000,22777910.10000000
1747587600000,48818822.80000000,23234957.80000000
1747591200000,34135304.30000000,16333500.40000000
1747594800000,26418414.20000000,10473163.30000000
1747598400000,66210845.20000000,29617271.20000000
1747602000000,13995106.10000000,7945186.10000000
1747605600000,17087999.40000000,8613700.10000000
1747609200000,22922370.90000000,12161406.10000000
1747612800000,32676408.00000000,14943681.50000000
1747616400000,16097806.80000000,7113271.90000000
1747620000000,23039156.00000000,8094743.00000000
1747623600000,13768787.50000000,7072922.00000000
1747627200000,28033608.90000000,13024038.10000000
1747630800000,18675109.10000000,8972963.80000000
1747634400000,22482340.70000000,12213746.10000000
1747638000000,27193319.80000000,14556922.90000000
1747641600000,19106338.40000000,8558129.90000000
1747645200000,14037480.40000000,7420581.20000000
1747648800000,13371131.70000000,6242940.80000000
1747652400000,12071743.00000000,7361700.10000000
1747656000000,13661645.90000000,5855316.40000000
1747659600000,45229682.80000000,24348963.10000000
1747663200000,26323023.70000000,13625152.00000000
1747666800000,20253036.60000000,10496738.70000000
1747670400000,15823197.10000000,8465576.40000000
1747674000000,26204974.10000000,12349929.20000000
1747677600000,22819394.10000000,11295623.90000000
1747681200000,11363989.00000000,5710658.30000000
1747684800000,11758481.20000000,5477383.20000000
1747688400000,18873340.90000000,11822052.50000000
1747692000000,39222812.90000000,21163338.80000000
1747695600000,18425928.20000000,9613675.90000000
1747699200000,16706191.80000000,7538383.70000000
1747702800000,21596618.60000000,11747959.50000000
1747706400000,15837068.40000000,8412661.90000000
1747710000000,19604256.60000000,10724695.10000000
1747713600000,9859309.10000000,4261978.60000000
1747717200000,23692471.30000000,13788156.50000000
1747720800000,16514882.40000000,9015990.50000000
1747724400000,34668046.70000000,19883946.00000000
1747728000000,26660862.30000000,14130116.30000000
1747731600000,44115412.90000000,27137710.60000000
1747735200000,39090756.40000000,18505298.40000000
1747738800000,38489080.00000000,22671909.40000000
1747742400000,45527370.50000000,16892014.20000000
1747746000000,41494399.90000000,16571646.30000000
1747749600000,21530872.50000000,13927822.30000000
1747753200000,24201934.70000000,14026830.00000000
1747756800000,36045566.70000000,21226838.50000000
1747760400000,25695983.60000000,12761538.90000000
1747764000000,33410691.60000000,14703619.20000000
1747767600000,49260365.20000000,30532361.30000000
1747771200000,71112581.30000000,39949724.90000000
1747774800000,82115441.50000000,36270154.00000000
1747778400000,38126076.10000000,16393470.30000000
1747782000000,41664095.80000000,18359440.60000000
1747785600000,43725142.10000000,20816149.40000000
1747789200000,27126311.10000000,15254301.60000000
1747792800000,19779483.70000000,7766176.70000000
1747796400000,30743257.80000000,15091950.20000000
1747800000000,29594187.60000000,15007492.40000000
1747803600000,24351571.70000000,14121819.00000000
1747807200000,33620932.20000000,19501773.30000000
1747810800000,35685208.30000000,14585651.80000000
1747814400000,17162186.10000000,7065710.10000000
1747818000000,14435116.30000000,5894822.50000000
1747821600000,13949088.40000000,7548921.50000000
1747825200000,14603149.60000000,9102446.30000000
1747828800000,14354144.10000000,7266725.20000000
1747832400000,20211385.70000000,10842023.80000000
1747836000000,24222699.00000000,11709272.40000000
1747839600000,36092760.70000000,14065091.30000000
1747843200000,39612671.80000000,20707761.40000000
1747846800000,74488349.20000000,35193439.70000000
1747850400000,19371355.00000000,10774136.30000000
1747854000000,17908005.10000000,9767627.80000000
1747857600000,16652910.50000000,7151503.30000000
1747861200000,13279451.10000000,6477427.50000000
1747864800000,11297081.60000000,5066312.40000000
1747868400000,37870318.20000000,18494040.20000000
1747872000000,22413981.70000000,10510494.30000000
1747875600000,31033320.30000000,12568065.30000000
1747879200000,64098570.90000000,34944530.30000000
1747882800000,28045510.10000000,11691739.30000000
1747886400000,35618506.10000000,19301766.70000000
1747890000000,79191549.20000000,34482677.20000000
1747893600000,86444386.40000000,34123665.30000000
1747897200000,64280302.10000000,32423514.00000000
1747900800000,44058223.50000000,21802525.50000000
1747904400000,39606032.50000000,17316046.30000000
1747908000000,37660569.80000000,15889029.50000000
1747911600000,27547692.40000000,11824861.60000000
1747915200000,25698192.70000000,12704125.60000000
1747918800000,23328501.90000000,10164654.20000000
1747922400000,24500322.60000000,14919430.70000000
1747926000000,22763132.70000000,10843925.40000000
1747929600000,14445862.60000000,5813272.40000000
1747933200000,15056265.80000000,8686327.00000000
1747936800000,9017713.30000000,4235937.80000000
1747940400000,11572896.10000000,4060792.00000000
1747944000000,12010863.20000000,5694459.70000000
1747947600000,8535694.80000000,4434209.80000000
1747951200000,48661705.30000000,25570291.00000000
1747954800000,33456771.20000000,18801714.30000000
1747958400000,27106748.40000000,11795255.00000000
1747962000000,38605551.50000000,23883999.00000000
1747965600000,89992519.40000000,41040793.70000000
1747969200000,28522098.40000000,12626666.00000000
1747972800000,35463852.10000000,13300679.20000000
1747976400000,53599469.50000000,26603158.10000000
1747980000000,30377610.40000000,11761364.50000000
1747983600000,31528130.70000000,18522489.70000000
1747987200000,30820654.70000000,18769789.70000000
1747990800000,20611266.80000000,6965657.50000000
1747994400000,21124983.20000000,9742768.80000000
1747998000000,66891171.80000000,22457054.50000000
1748001600000,83651352.10000000,40125366.80000000
1748005200000,37595750.50000000,25377867.60000000
1748008800000,30370118.00000000,14680676.80000000
1748012400000,11988783.90000000,4598833.20000000
1748016000000,16413263.00000000,7610011.80000000
1748019600000,11623302.30000000,4526253.70000000
1748023200000,8114809.80000000,3949155.10000000
1748026800000,4823937.80000000,2498514.50000000
1748030400000,7936675.40000000,3271126.90000000
1748034000000,19040611.60000000,6102478.40000000
1748037600000,34539513.00000000,18612580.10000000
1748041200000,38267034.20000000,12417699.20000000
1748044800000,15758823.70000000,7270765.20000000
1748048400000,16538167.40000000,6198581.30000000
1748052000000,12523943.90000000,4001857.20000000
1748055600000,8853019.70000000,5449439.40000000
1748059200000,5589557.90000000,2559722.50000000
1748062800000,9629967.20000000,3985764.10000000
1748066400000,13142725.50000000,7082821.30000000
1748070000000,9393057.80000000,5227886.10000000
1748073600000,8493747.10000000,3845460.50000000
1748077200000,9154162.80000000,4075531.80000000
1748080800000,23395915.40000000,14780160.90000000
1748084400000,24706562.70000000,14746198.00000000
1748088000000,15616264.20000000,7427978.80000000
1748091600000,6472070.60000000,3374372.80000000
1748095200000,13376111.90000000,8718142.30000000
1748098800000,14506107.60000000,6227173.10000000
1748102400000,13735370.30000000,6527265.90000000
1748106000000,18392794.90000000,7716474.40000000
1748109600000,7398744.10000000,4172937.70000000
1748113200000,8100411.60000000,3515769.70000000
1748116800000,5127265.50000000,2339951.60000000
1748120400000,8841158.10000000,4006009.30000000
1748124000000,31823709.90000000,12412956.50000000
1748127600000,24956245.00000000,11663584.80000000
1748131200000,32585573.70000000,14912095.60000000
1748134800000,29834512.30000000,13756495.80000000
1748138400000,14482547.50000000,7119537.40000000
1748142000000,17196583.70000000,8061680.80000000
1748145600000,9975622.90000000,5542776.80000000
1748149200000,10542547.40000000,6716436.90000000
1748152800000,10042911.90000000,5424546.90000000
1748156400000,15438181.00000000,5196654.50000000
1748160000000,25553715.60000000,7392430.50000000
1748163600000,20108581.10000000,8535030.70000000
1748167200000,7787585.50000000,4001159.00000000
1748170800000,10416518.80000000,4807117.10000000
1748174400000,19518477.50000000,11776744.20000000
1748178000000,6760874.50000000,3443172.50000000
1748181600000,12525288.60000000,5815122.60000000
1748185200000,24857940.90000000,10917528.20000000
1748188800000,13607054.60000000,6474562.50000000
1748192400000,7378368.50000000,3775335.20000000
1748196000000,5471325.00000000,2579301.20000000
1748199600000,15114853.80000000,9201474.40000000
1748203200000,9363205.00000000,5626806.60000000
1748206800000,7031441.80000000,3028514.70000000
1748210400000,33320764.50000000,21020085.60000000
1748214000000,22728250.00000000,12488712.10000000
1748217600000,18255232.40000000,9978796.00000000
1748221200000,12459381.40000000,6091288.20000000
1748224800000,15151765.00000000,5524951.90000000
1748228400000,11869563.60000000,5855943.80000000
1748232000000,10769621.90000000,4392053.60000000
1748235600000,9640245.80000000,4067291.00000000
1748239200000,11096833.80000000,4772065.20000000
1748242800000,16964212.90000000,7046650.20000000
1748246400000,10637792.70000000,4386054.40000000
1748250000000,12294728.60000000,5282750.50000000
1748253600000,9412056.90000000,4068106.00000000
1748257200000,12869384.10000000,5637819.80000000
1748260800000,20038036.60000000,8209467.70000000
1748264400000,21483002.10000000,8184619.60000000
1748268000000,14306381.70000000,7449617.90000000
1748271600000,21139467.70000000,12616800.00000000
1748275200000,27540286.50000000,13006397.70000000
1748278800000,16557935.80000000,4248851.20000000
1748282400000,6791458.10000000,3424008.60000000
1748286000000,8371729.30000000,2982275.10000000
1748289600000,11120224.90000000,6074278.40000000
1748293200000,4924175.20000000,2632566.70000000
1748296800000,7885862.20000000,3919788.20000000
1748300400000,4984225.80000000,2195181.30000000
1748304000000,6598622.10000000,3121869.40000000
1748307600000,16707448.30000000,7086364.10000000
1748311200000,8768248.10000000,5121089.30000000
1748314800000,10225144.70000000,5681492.90000000
1748318400000,9727108.80000000,3781416.50000000
1748322000000,7738461.70000000,3271240.70000000
1748325600000,17763318.20000000,8642414.30000000
1748329200000,9992655.80000000,4682924.20000000
1748332800000,9604638.00000000,5958387.40000000
1748336400000,7913436.40000000,3542164.40000000
1748340000000,6030985.60000000,2225935.00000000
1748343600000,12094904.60000000,6533985.10000000
1748347200000,10095787.40000000,5882515.80000000
1748350800000,27027398.60000000,12274365.40000000
1748354400000,17341929.60000000,8524870.90000000
1748358000000,11501608.60000000,5067219.10000000
1748361600000,10770179.70000000,5300459.60000000
1748365200000,9935242.60000000,5328249.70000000
1748368800000,9350628.00000000,5358059.10000000
1748372400000,5405149.40000000,2681546.00000000
1748376000000,8935703.10000000,4557571.60000000
1748379600000,5727151.80000000,2578150.70000000
1748383200000,6584398.60000000,2947417.70000000
1748386800000,9701975.10000000,5880155.60000000
1748390400000,17890127.20000000,9471782.90000000
1748394000000,19879430.50000000,7420926.80000000
1748397600000,11964695.20000000,6556097.90000000
1748401200000,7924210.90000000,4066514.80000000
1748404800000,10398217.90000000,5503721.50000000
1748408400000,14235360.60000000,5504066.70000000
1748412000000,9965846.80000000,3258504.50000000
1748415600000,6329828.60000000,2805978.20000000
1748419200000,11970075.30000000,7280730.50000000
1748422800000,10992948.20000000,5332442.80000000
1748426400000,11410952.20000000,6273686.50000000
1748430000000,9819022.10000000,4785652.20000000
1748433600000,14265865.40000000,6656414.80000000
1748437200000,24211785.90000000,8607794.20000000
1748440800000,19733248.10000000,8329900.30000000
1748444400000,29848489.00000000,11281879.60000000
1748448000000,19504720.20000000,10531008.80000000
1748451600000,9538742.30000000,5059000.50000000
1748455200000,10647914.40000000,4985419.20000000
1748458800000,12514877.70000000,5811038.70000000
1748462400000,7941975.10000000,4246036.10000000
1748466000000,6823708.10000000,4054048.40000000
1748469600000,6010406.70000000,2529697.10000000
1748473200000,7830391.50000000,4451457.20000000
1748476800000,12140530.40000000,6712190.90000000
1748480400000,19821188.30000000,7252428.20000000
1748484000000,14768343.60000000,6952264.40000000
1748487600000,10093465.50000000,5156536.90000000
1748491200000,8851840.80000000,3330129.60000000
1748494800000,6295362.30000000,3556265.90000000
1748498400000,6357277.60000000,3485290.10000000
1748502000000,6674204.70000000,2461879.20000000
1748505600000,14382948.00000000,4458259.40000000
1748509200000,9081727.00000000,5667644.30000000
1748512800000,7318834.80000000,2658685.50000000
1748516400000,6068590.60000000,3210970.90000000
1748520000000,20086122.70000000,11177157.40000000
1748523600000,7243247.60000000,3676189.10000000
1748527200000,34393687.10000000,15850396.50000000
1748530800000,8761377.10000000,4275650.90000000
1748534400000,14560314.80000000,7916260.50000000
1748538000000,15321107.30000000,6199379.30000000
1748541600000,9539114.20000000,4369340.90000000
1748545200000,9585031.70000000,4517557.10000000
1748548800000,16939929.10000000,7032720.90000000
1748552400000,22596822.90000000,16907290.40000000
1748556000000,13288043.70000000,5729402.90000000
1748559600000,15946208.90000000,5278046.60000000
1748563200000,74288502.20000000,32172432.70000000
1748566800000,31824523.50000000,20464664.70000000
1748570400000,13065482.30000000,8008444.10000000
1748574000000,7007946.10000000,3401685.90000000
1748577600000,16293274.40000000,6571603.20000000
1748581200000,7397397.40000000,3286835.60000000
1748584800000,19165719.60000000,9668949.10000000
1748588400000,16310817.40000000,5915394.80000000
1748592000000,19427035.00000000,9027110.30000000
1748595600000,6996255.10000000,3494721.50000000
1748599200000,8120032.80000000,4402302.90000000
1748602800000,6861045.40000000,3327284.00000000
1748606400000,9368332.00000000,4852742.90000000
1748610000000,9867808.50000000,3682081.00000000
1748613600000,10239639.80000000,4717859.50000000
1748617200000,5682992.20000000,2486591.00000000
1748620800000,48236017.10000000,20821552.60000000
1748624400000,13170996.20000000,6613686.20000000
1748628000000,10450359.10000000,6233454.60000000
1748631600000,6959712.60000000,3926945.70000000
1748635200000,8525770.60000000,3737554.60000000
1748638800000,7211190.20000000,3203250.50000000
1748642400000,34985608.50000000,15188966.60000000
1748646000000,45285289.70000000,23453393.60000000
1748649600000,22681734.00000000,12105742.10000000
1748653200000,29067486.60000000,12509209.90000000
1748656800000,13002274.40000000,7833487.80000000
1748660400000,9725676.00000000,5113731.10000000
1748664000000,18872108.00000000,12017287.50000000
1748667600000,27929556.20000000,18720265.80000000
1748671200000,11550748.20000000,7525747.30000000
1748674800000,9538936.60000000,4288444.40000000
1748678400000,22355886.00000000,7272165.50000000
1748682000000,13838123.20000000,5656085.60000000
1748685600000,10886109.70000000,5064961.50000000
1748689200000,4494087.60000000,1952699.70000000
1748692800000,8619176.70000000,3686257.30000000
1748696400000,9942393.20000000,4839991.40000000
1748700000000,7431333.70000000,3638266.60000000
1748703600000,14085508.80000000,6621286.80000000
1748707200000,12682996.50000000,6552723.80000000
1748710800000,10535655.90000000,3905160.40000000
1748714400000,7317983.10000000,4202260.90000000
1748718000000,8121992.60000000,3995604.30000000
1748721600000,8152301.10000000,4322124.10000000
1748725200000,10237381.40000000,4259879.00000000
1748728800000,4957572.60000000,2614476.80000000
1748732400000,11816562.30000000,4665840.00000000
1748736000000,8926650.50000000,5304676.20000000
1748739600000,13254429.00000000,6330643.20000000
1748743200000,9593699.70000000,3742907.80000000
1748746800000,5782896.40000000,2595319.20000000
1748750400000,4442654.80000000,2169341.00000000
1748754000000,5355496.70000000,2900364.50000000
1748757600000,6432781.20000000,3110653.70000000
1748761200000,8959596.90000000,4289933.10000000
1748764800000,11559797.30000000,5496499.70000000
1748768400000,13490734.90000000,6187762.70000000
1748772000000,7303596.60000000,3445151.50000000
1748775600000,4366940.10000000,2308453.80000000
1748779200000,6921727.00000000,2829202.40000000
1748782800000,15042398.30000000,8326018.40000000
1748786400000,19111953.00000000,10954239.90000000
1748790000000,12819590.40000000,4223455.80000000
1748793600000,17667322.70000000,10244615.60000000
1748797200000,7955497.60000000,3507564.50000000
1748800800000,12302413.40000000,5572830.40000000
1748804400000,7886245.00000000,5090225.00000000
1748808000000,5596912.70000000,2832837.30000000
1748811600000,4944431.10000000,2477474.80000000
1748815200000,8185172.10000000,3857039.90000000
1748818800000,5213458.00000000,2445527.00000000
1748822400000,5932983.40000000,2835955.20000000
1748826000000,5933335.10000000,3134536.70000000
1748829600000,5152159.90000000,2365061.10000000
1748833200000,4811861.30000000,1975939.20000000
1748836800000,5180374.90000000,2631192.80000000
1748840400000,5441665.20000000,2906433.50000000
1748844000000,13939924.90000000,5358851.20000000
1748847600000,6936934.40000000,2647951.00000000
1748851200000,10974762.00000000,4938224.00000000
1748854800000,13583767.40000000,6729632.70000000
1748858400000,8548854.70000000,4402789.60000000
1748862000000,13285177.20000000,6799597.40000000
1748865600000,29578879.20000000,16866123.70000000
1748869200000,13193492.20000000,5779365.20000000
1748872800000,27189656.80000000,14286316.70000000
1748876400000,21105638.60000000,11285705.40000000
1748880000000,8740273.50000000,4019569.90000000
1748883600000,13823965.40000000,7200911.10000000
1748887200000,20252999.20000000,11092809.50000000
1748890800000,9041580.90000000,5150059.80000000
1748894400000,11218231.40000000,5598795.60000000
1748898000000,10876932.30000000,5773286.20000000
1748901600000,11032809.30000000,5532701.50000000
1748905200000,12257459.70000000,6595468.00000000
1748908800000,44857562.30000000,28730829.40000000
1748912400000,32323930.80000000,17415275.00000000
1748916000000,18508649.70000000,7512108.40000000
1748919600000,23274926.80000000,9016251.40000000
1748923200000,9592752.90000000,4423982.90000000
1748926800000,19068431.90000000,11613082.70000000
1748930400000,24049642.20000000,11868325.40000000
1748934000000,30586602.60000000,18325619.90000000
1748937600000,147029866.50000000,84226740.20000000
1748941200000,32953473.40000000,13295036.30000000
1748944800000,24726199.10000000,12640472.80000000
1748948400000,20491913.60000000,9726209.00000000
1748952000000,16604773.20000000,6230345.40000000
1748955600000,24310032.60000000,12124525.30000000
1748959200000,16345249.70000000,7595665.00000000
1748962800000,11703734.10000000,5368181.20000000
1748966400000,27737227.90000000,12162605.40000000
1748970000000,17233142.20000000,6446155.40000000
1748973600000,14180208.00000000,4955254.40000000
1748977200000,9879876.80000000,6057550.20000000
1748980800000,8948331.30000000,3577428.40000000
1748984400000,14500228.60000000,5028746.70000000
1748988000000,17379812.40000000,9537741.20000000
1748991600000,7603258.40000000,4085082.80000000
1748995200000,9804793.60000000,4358169.60000000
1748998800000,8762072.50000000,4176356.40000000
1749002400000,7734860.50000000,3407796.80000000
1749006000000,7616984.40000000,3809610.50000000
1749009600000,8977175.30000000,3120053.80000000
1749013200000,8250377.50000000,4273334.10000000
1749016800000,9223649.40000000,4343660.40000000
1749020400000,7716756.90000000,3245828.50000000
1749024000000,9429134.20000000,5116919.40000000
1749027600000,11005331.60000000,6429366.60000000
1749031200000,8726079.00000000,4593955.10000000
1749034800000,18737338.90000000,8366857.80000000
1749038400000,12232910.00000000,6084013.20000000
1749042000000,14289127.60000000,6522020.80000000
1749045600000,10011611.20000000,4746433.20000000
1749049200000,9728800.10000000,4747601.50000000
1749052800000,8550855.70000000,4135148.40000000
1749056400000,6973827.00000000,3246128.60000000
1749060000000,17877615.80000000,8981085.70000000
1749063600000,8897177.60000000,3850711.10000000
1749067200000,18689006.00000000,8848459.30000000
1749070800000,12348432.90000000,5911300.10000000
1749074400000,8306635.60000000,3485582.10000000
1749078000000,11534919.90000000,5026829.70000000
1749081600000,11203205.00000000,5708586.50000000
1749085200000,6815609.20000000,3458397.30000000
1749088800000,11695570.10000000,5816298.70000000
1749092400000,11576714.60000000,4721637.30000000
1749096000000,6317027.40000000,3389405.10000000
1749099600000,12069138.10000000,5428813.00000000
1749103200000,14175535.00000000,6595022.20000000
1749106800000,22064712.20000000,12189593.70000000
1749110400000,14440719.40000000,6581246.10000000
1749114000000,14672449.30000000,8490784.60000000
1749117600000,10926749.00000000,4584060.00000000
1749121200000,13879763.80000000,5134461.80000000
1749124800000,18768217.20000000,9149742.80000000
1749128400000,14388413.20000000,7364283.90000000
1749132000000,17018983.00000000,6615391.20000000
1749135600000,6125584.80000000,2787952.40000000
1749139200000,10903014.40000000,5301288.00000000
1749142800000,7853318.60000000,4366218.60000000
1749146400000,20408127.40000000,8330883.40000000
1749150000000,56452338.60000000,26128631.60000000
1749153600000,51335490.10000000,23952225.30000000
1749157200000,31196011.50000000,18108978.80000000
1749160800000,14354791.60000000,7692595.50000000
1749164400000,9451715.80000000,4694100.90000000
1749168000000,13974644.50000000,6929192.20000000
1749171600000,6899471.20000000,3070009.60000000
1749175200000,8650998.70000000,5307453.50000000
1749178800000,6231660.60000000,2510447.20000000
1749182400000,4651870.80000000,1824632.60000000
1749186000000,4465285.00000000,2153100.90000000
1749189600000,15110799.20000000,9435685.90000000
1749193200000,11102211.60000000,5593147.00000000
1749196800000,11121490.10000000,4530417.00000000
1749200400000,5409964.70000000,2923948.50000000
1749204000000,7348953.20000000,3615962.30000000
1749207600000,4944092.20000000,1836203.40000000
1749211200000,16285284.10000000,7670216.10000000
1749214800000,133448240.60000000,70329975.60000000
1749218400000,107510296.40000000,50735823.00000000
1749222000000,18673652.20000000,10347109.30000000
1749225600000,21958215.80000000,8750534.40000000
1749229200000,30779821.60000000,14831978.30000000
1749232800000,24303776.90000000,12890094.20000000
1749236400000,15680214.40000000,8678557.10000000
1749240000000,13628158.20000000,7164932.30000000
1749243600000,7394272.10000000,3990741.10000000
1749247200000,6978175.70000000,3719284.10000000
1749250800000,13436619.50000000,6210643.30000000
1749254400000,17203837.60000000,10214711.50000000
1749258000000,17807661.30000000,8345480.90000000
1749261600000,12369341.60000000,5768256.30000000
1749265200000,12878665.20000000,6949230.30000000
1749268800000,8836475.10000000,3848391.70000000
1749272400000,7492082.10000000,4437817.20000000
1749276000000,6656091.00000000,3787891.00000000
1749279600000,6562481.20000000,2832872.40000000
1749283200000,9880159.50000000,4390645.40000000
1749286800000,8215850.80000000,3119782.30000000
1749290400000,7768607.60000000,4024474.00000000
1749294000000,4905510.30000000,2338429.10000000
1749297600000,8398269.70000000,4403558.80000000
1749301200000,5788991.00000000,2949397.50000000
1749304800000,10077618.60000000,4907513.40000000
1749308400000,9354486.80000000,3559126.10000000
1749312000000,10886493.20000000,5453881.80000000
1749315600000,4474571.40000000,2676816.10000000
1749319200000,46514774.00000000,27427361.90000000
1749322800000,15841184.20000000,6671675.30000000
1749326400000,6078233.70000000,2757068.40000000
1749330000000,4685657.00000000,2144655.40000000
1749333600000,6782417.40000000,3248847.30000000
1749337200000,7075595.70000000,3145462.90000000
1749340800000,12948316.30000000,6407059.70000000
1749344400000,5960196.10000000,2915902.10000000
1749348000000,6993549.30000000,3014330.50000000
1749351600000,7717841.90000000,3375102.70000000
1749355200000,5102356.70000000,3084142.90000000
1749358800000,4859002.50000000,1765354.80000000
1749362400000,7309794.80000000,3142152.70000000
1749366000000,4956635.80000000,2879797.50000000
1749369600000,4465404.90000000,2302530.80000000
1749373200000,7294740.70000000,2754814.30000000
1749376800000,8464093.20000000,3498710.20000000
1749380400000,9368216.20000000,4883358.20000000
1749384000000,3781744.00000000,2121142.10000000
1749387600000,9372821.40000000,4462894.60000000
1749391200000,5918200.40000000,2946794.40000000
1749394800000,5758587.80000000,3165908.70000000
1749398400000,12010489.30000000,5849490.60000000
1749402000000,12597691.00000000,7159231.40000000
1749405600000,4232878.70000000,2350742.40000000
1749409200000,6509659.70000000,2479735.20000000
1749412800000,4299845.50000000,2475494.00000000
1749416400000,4215237.20000000,1760833.80000000
1749420000000,8844711.40000000,3283019.70000000
1749423600000,7552298.40000000,3029816.30000000
1749427200000,9218621.30000000,4277476.60000000
1749430800000,6303630.40000000,2700930.40000000
1749434400000,7539135.90000000,3306020.90000000
1749438000000,7688111.10000000,3555435.90000000
1749441600000,7226185.20000000,3663063.40000000
1749445200000,9833530.10000000,4839654.80000000
1749448800000,14006402.10000000,8069189.90000000
1749452400000,11434005.50000000,5683424.80000000
1749456000000,10168081.80000000,5031814.70000000
1749459600000,19626319.00000000,11065790.20000000
1749463200000,12600368.60000000,6006377.30000000
1749466800000,15406215.60000000,7657542.00000000
1749470400000,9117686.50000000,3462735.70000000
1749474000000,14922484.90000000,7648937.60000000
1749477600000,10086082.90000000,5036892.80000000
1749481200000,6844072.30000000,3286047.40000000
1749484800000,25513928.50000000,15388735.20000000
1749488400000,19930110.40000000,9341779.50000000
1749492000000,8624631.40000000,3968231.30000000
1749495600000,11027227.10000000,5178655.30000000
1749499200000,10384955.00000000,5280237.50000000
1749502800000,24172842.00000000,12232642.20000000
1749506400000,10338415.40000000,5706689.60000000
1749510000000,13549621.30000000,5736417.00000000
1749513600000,22299401.00000000,12427383.70000000
1749517200000,19476786.30000000,9050967.90000000
1749520800000,13033228.40000000,5138352.90000000
1749524400000,14610286.20000000,7121628.20000000
1749528000000,7490970.70000000,3314717.50000000
1749531600000,18349114.00000000,6487220.30000000
1749535200000,9569903.20000000,4368131.00000000
1749538800000,12140156.20000000,6493750.70000000
1749542400000,7583218.80000000,3801092.40000000
1749546000000,14493217.30000000,5720329.30000000
1749549600000,8278288.10000000,4302243.50000000
1749553200000,30678371.20000000,14780003.50000000
1749556800000,22654548.10000000,12131271.80000000
1749560400000,24046743.80000000,9971243.80000000
1749564000000,13874298.10000000,6564160.90000000
1749567600000,17738038.90000000,9955013.80000000
1749571200000,15121873.20000000,7801097.10000000
1749574800000,10881111.50000000,4822008.30000000
1749578400000,11048932.90000000,6107675.10000000
1749582000000,15475073.50000000,7853749.80000000
1749585600000,8190501.10000000,3765105.30000000
1749589200000,11494361.80000000,4956237.50000000
1749592800000,11812713.90000000,6247864.20000000
1749596400000,9740775.40000000,4146914.50000000
1749600000000,17633463.80000000,8432038.40000000
1749603600000,9584833.60000000,5243028.60000000
1749607200000,8499424.40000000,4103708.20000000
1749610800000,6562194.60000000,3240418.40000000
1749614400000,7761929.50000000,3564407.60000000
1749618000000,4391910.00000000,2126710.20000000
1749621600000,7137239.50000000,3015042.80000000
1749625200000,8597771.80000000,3625833.80000000
1749628800000,12438407.70000000,4825308.50000000
1749632400000,13043231.60000000,6680383.00000000
1749636000000,21391166.80000000,8072222.80000000
1749639600000,13220816.80000000,5175982.40000000
1749643200000,28698786.90000000,14852182.50000000
1749646800000,20684044.80000000,9952656.90000000
1749650400000,17151580.30000000,8881073.20000000
1749654000000,19934655.90000000,10429305.10000000
1749657600000,13808153.60000000,7690303.20000000
1749661200000,15894070.50000000,8234386.90000000
1749664800000,13447846.80000000,5247198.80000000
1749668400000,9479076.40000000,4225669.00000000
1749672000000,7815751.10000000,3817648.60000000
1749675600000,20613506.50000000,6900472.40000000
1749679200000,22865398.70000000,10851049.30000000
1749682800000,10181870.90000000,5941103.20000000
1749686400000,15097224.20000000,5657165.10000000
1749690000000,15277013.60000000,7604827.60000000
1749693600000,10539069.40000000,4839369.30000000
1749697200000,13168274.50000000,5532201.70000000
1749700800000,8715472.20000000,4082910.30000000
1749704400000,7557888.20000000,3556395.60000000
1749708000000,9421518.20000000,4059867.60000000
1749711600000,11036814.70000000,5054074.90000000
1749715200000,9421392.10000000,4664518.10000000
1749718800000,5769805.80000000,2562738.00000000
1749722400000,13083213.50000000,7007521.20000000
1749726000000,13019794.10000000,5993259.10000000
1749729600000,10113943.80000000,5245098.60000000
1749733200000,9064447.20000000,4393756.40000000
1749736800000,6247806.40000000,3246269.60000000
1749740400000,15496203.60000000,7714279.90000000
1749744000000,16872007.00000000,8907901.10000000
1749747600000,11370192.90000000,7330344.10000000
1749751200000,8736529.20000000,4168651.90000000
1749754800000,9689433.40000000,5151113.80000000
1749758400000,28415195.60000000,12056834.60000000
1749762000000,15076627.50000000,7227353.70000000
1749765600000,12487084.60000000,5843785.30000000
1749769200000,13235918.20000000,5934476.10000000
1749772800000,128955753.30000000,61541285.80000000
1749776400000,72059377.40000000,37596180.60000000
1749780000000,29817431.40000000,16221766.00000000
1749783600000,24811250.40000000,12485669.20000000
1749787200000,20464084.80000000,9778396.90000000
1749790800000,15126440.40000000,6893970.40000000
1749794400000,21122023.20000000,11700059.10000000
1749798000000,18618474.60000000,9570044.40000000
1749801600000,21197264.10000000,10184804.70000000
1749805200000,11735947.30000000,5693435.20000000
1749808800000,16340166.20000000,8709506.50000000
1749812400000,11978030.20000000,6604013.00000000
1749816000000,14717254.80000000,7118701.90000000
1749819600000,20197313.50000000,9531397.60000000
1749823200000,17906648.00000000,8217259.00000000
1749826800000,15635231.90000000,8458261.20000000
1749830400000,15103351.10000000,7692035.60000000
1749834000000,12196558.60000000,5873852.30000000
1749837600000,13843433.60000000,5599675.00000000
1749841200000,5590304.60000000,3154928.00000000
1749844800000,7056685.90000000,3123083.50000000
1749848400000,4516174.20000000,2472570.40000000
1749852000000,5248079.60000000,2471080.50000000
1749855600000,7623865.50000000,4668790.50000000
1749859200000,16351895.80000000,8052717.00000000
1749862800000,11543988.10000000,6255545.00000000
1749866400000,12072582.00000000,7248449.90000000
1749870000000,15923000.30000000,8098391.10000000
1749873600000,8580492.70000000,4980761.10000000
1749877200000,13738603.20000000,6984444.70000000
1749880800000,18933022.20000000,10764501.50000000
1749884400000,9649646.40000000,3916414.20000000
1749888000000,9221027.00000000,3448432.30000000
1749891600000,5707522.30000000,2302998.20000000
1749895200000,5994621.10000000,2772273.00000000
1749898800000,4601162.00000000,2153284.30000000
1749902400000,4246859.20000000,1977707.40000000
1749906000000,8152278.90000000,3861021.50000000
1749909600000,5205868.60000000,2633743.20000000
1749913200000,15040707.30000000,6373889.10000000
1749916800000,19363086.10000000,8114024.60000000
1749920400000,5807026.20000000,2483536.40000000
1749924000000,10430734.50000000,4819758.70000000
1749927600000,6282024.60000000,3389716.30000000
1749931200000,8883872.70000000,4591218.00000000
1749934800000,7238159.90000000,3294257.90000000
1749938400000,4688358.60000000,2510919.90000000
1749942000000,4098062.80000000,1811225.10000000
1749945600000,6152633.80000000,3914591.10000000
1749949200000,2193599.20000000,969261.10000000
1749952800000,8896795.40000000,4741972.60000000
1749956400000,3577608.60000000,1839144.30000000
1749960000000,15484548.00000000,10636539.10000000
1749963600000,18977307.60000000,6742103.20000000
1749967200000,7128356.90000000,2264596.70000000
1749970800000,3776615.10000000,1789655.20000000
1749974400000,4281109.20000000,1828157.80000000
1749978000000,5368554.70000000,2066502.00000000
1749981600000,3133415.90000000,2081311.30000000
1749985200000,4064835.00000000,1795591.40000000
1749988800000,5459833.30000000,3403163.10000000
1749992400000,19757540.30000000,14129991.20000000
1749996000000,12163718.80000000,6455961.60000000
1749999600000,8246616.10000000,3236153.40000000
1750003200000,9625411.20000000,4649267.80000000
1750006800000,5017084.60000000,3049257.60000000
1750010400000,3138211.00000000,1744664.60000000
1750014000000,5241314.20000000,3008717.40000000
1750017600000,9085497.10000000,4278151.70000000
1750021200000,5896893.10000000,2472379.80000000
1750024800000,6598203.30000000,2955134.90000000
1750028400000,3016776.80000000,1806779.30000000
1750032000000,3970432.60000000,1988125.80000000
1750035600000,9282149.70000000,5015991.50000000
1750039200000,10540990.60000000,5455267.20000000
1750042800000,3976633.50000000,1771379.30000000
1750046400000,12058197.10000000,6692017.00000000
1750050000000,12137392.20000000,6052802.10000000
1750053600000,11170919.30000000,7006870.30000000
1750057200000,9000368.20000000,4824823.80000000
1750060800000,18742776.70000000,9390034.30000000
1750064400000,12256493.00000000,6412252.70000000
1750068000000,8762954.00000000,3578300.90000000
1750071600000,10458889.60000000,5152167.10000000
1750075200000,11552982.60000000,4196166.50000000
1750078800000,11374673.60000000,7174957.50000000
1750082400000,9844038.70000000,4406900.70000000
1750086000000,3688671.70000000,1539203.60000000
1750089600000,5282652.00000000,2860868.10000000
1750093200000,5760313.00000000,2566134.00000000
1750096800000,3499377.20000000,1707933.10000000
1750100400000,4263925.70000000,2179289.00000000
1750104000000,8410927.70000000,4273951.50000000
1750107600000,3938212.40000000,2396967.20000000
1750111200000,18023570.50000000,8286454.00000000
1750114800000,39558877.90000000,14834896.50000000
1750118400000,34173259.30000000,16370059.50000000
1750122000000,10539815.50000000,5024346.50000000
1750125600000,10370394.10000000,6464272.50000000
1750129200000,9462680.40000000,5012709.40000000
1750132800000,18031198.50000000,10638321.70000000
1750136400000,10469822.50000000,5313797.60000000
1750140000000,9095467.80000000,4750440.90000000
1750143600000,3579147.70000000,1661849.50000000
1750147200000,6378181.20000000,2930958.50000000
1750150800000,8012683.50000000,3448843.10000000
1750154400000,8451589.00000000,4436443.60000000
1750158000000,5911648.80000000,2622337.30000000
1750161600000,6089998.10000000,2911221.20000000
1750165200000,8499795.70000000,4905769.50000000
1750168800000,7667610.80000000,4065425.30000000
1750172400000,24684982.00000000,10510379.00000000
1750176000000,25830253.60000000,11946041.50000000
1750179600000,12991721.90000000,7037574.30000000
1750183200000,7564211.90000000,4038474.70000000
1750186800000,8513720.70000000,4601687.30000000
1750190400000,8781839.30000000,3901059.90000000
1750194000000,7114762.50000000,3382618.20000000
1750197600000,6864527.40000000,3395356.80000000
1750201200000,5175957.10000000,2427019.70000000
1750204800000,7736161.40000000,4755154.00000000
1750208400000,4842627.30000000,2347614.70000000
1750212000000,4161075.40000000,2110024.30000000
1750215600000,3865140.10000000,1896198.70000000
1750219200000,3985549.60000000,2245127.20000000
1750222800000,4287421.50000000,2074355.80000000
1750226400000,6750726.90000000,3394332.10000000
1750230000000,5487504.50000000,2439905.20000000
1750233600000,11155242.10000000,5110553.10000000
1750237200000,5008501.10000000,2638483.60000000
1750240800000,12418654.40000000,4928289.10000000
1750244400000,9645801.90000000,5145958.20000000
1750248000000,8359779.70000000,3593980.40000000
1750251600000,28211730.90000000,13647362.70000000
1750255200000,17870366.90000000,10015924.40000000
1750258800000,7415288.80000000,3571681.90000000
1750262400000,6168103.20000000,2461184.30000000
1750266000000,11087677.30000000,5164898.00000000
1750269600000,12436193.10000000,5673960.50000000
1750273200000,12585349.10000000,6062802.20000000
1750276800000,7715321.80000000,3704817.80000000
1750280400000,8317089.30000000,4126280.70000000
1750284000000,4179040.40000000,1962777.00000000
1750287600000,7399430.60000000,3951685.40000000
1750291200000,41994956.90000000,28749409.10000000
1750294800000,9076490.40000000,3835379.30000000
1750298400000,9123784.10000000,4200348.80000000
1750302000000,12405070.50000000,5395276.10000000
1750305600000,7578056.60000000,3911704.10000000
1750309200000,8721963.10000000,3759395.00000000
1750312800000,13525008.60000000,4759025.70000000
1750316400000,10294471.80000000,5821313.50000000
1750320000000,5965659.00000000,2380089.90000000
1750323600000,6729399.50000000,3320296.50000000
1750327200000,5084675.30000000,2857917.60000000
1750330800000,9040549.30000000,3234229.70000000
1750334400000,38976794.20000000,12211958.20000000
1750338000000,16511492.40000000,8020470.10000000
1750341600000,13579681.60000000,6995182.00000000
1750345200000,6408543.10000000,3213931.70000000
1750348800000,10664145.40000000,5950694.90000000
1750352400000,15703805.70000000,6557258.40000000
1750356000000,10429374.90000000,6624350.20000000
1750359600000,3553592.30000000,1951813.20000000
1750363200000,5962641.50000000,2413186.10000000
1750366800000,7675979.80000000,3399592.20000000
1750370400000,6406356.10000000,3192711.70000000
1750374000000,3587602.90000000,1620383.90000000
1750377600000,4865632.00000000,2384326.90000000
1750381200000,5191003.10000000,2452574.70000000
1750384800000,3884221.60000000,2080642.00000000
1750388400000,4533704.90000000,2046810.70000000
1750392000000,4701395.40000000,2027878.20000000
1750395600000,13840942.30000000,8451017.30000000
1750399200000,8891305.90000000,4760743.30000000
1750402800000,33631869.10000000,20796941.20000000
1750406400000,49677257.70000000,25069037.10000000
1750410000000,23399341.80000000,9897865.40000000
1750413600000,17581482.60000000,9259945.10000000
1750417200000,9712356.30000000,4403237.00000000
1750420800000,12386537.00000000,6717094.80000000
1750424400000,23711994.00000000,10680260.00000000
1750428000000,26117218.90000000,9678752.50000000
1750431600000,20001898.90000000,10633638.50000000
1750435200000,21494586.50000000,8885720.20000000
1750438800000,37691380.00000000,19585768.20000000
1750442400000,15904931.50000000,8183759.50000000
1750446000000,6306293.30000000,3329337.50000000
1750449600000,9596466.60000000,4944040.80000000
1750453200000,5721388.10000000,2548261.80000000
1750456800000,8520000.50000000,4625783.70000000
1750460400000,5805307.20000000,2871948.70000000
1750464000000,10161726.70000000,5157968.10000000
1750467600000,47412539.80000000,30838331.30000000
1750471200000,15576268.80000000,8118512.40000000
1750474800000,9353797.10000000,5226169.00000000
1750478400000,17637385.90000000,10880832.80000000
1750482000000,8420418.90000000,4867940.00000000
1750485600000,9223347.20000000,5209219.60000000
1750489200000,10709302.20000000,6039527.80000000
1750492800000,5274733.30000000,2535247.60000000
1750496400000,5269072.30000000,2749665.60000000
1750500000000,6582487.30000000,3510505.70000000
1750503600000,3168758.20000000,1198918.00000000
1750507200000,12685317.50000000,6814900.20000000
1750510800000,15616293.60000000,5312532.50000000
1750514400000,11698177.00000000,5251930.80000000
1750518000000,11026202.90000000,6099555.80000000
1750521600000,10020909.20000000,4954578.50000000
1750525200000,19223997.90000000,6774256.80000000
1750528800000,12565501.60000000,5696834.90000000
1750532400000,6875748.10000000,3706146.40000000
1750536000000,13768054.80000000,5855285.50000000
1750539600000,38371937.10000000,15764256.50000000
1750543200000,19174012.70000000,11242720.70000000
1750546800000,26327933.20000000,12852890.80000000
1750550400000,24424196.30000000,12583575.60000000
1750554000000,49924710.40000000,17785278.10000000
1750557600000,33305618.10000000,17502313.10000000
1750561200000,21409275.90000000,10818651.50000000
1750564800000,22014362.80000000,12923857.50000000
1750568400000,14165877.90000000,7780122.40000000
1750572000000,12326210.40000000,6718878.50000000
1750575600000,12872628.80000000,5972648.70000000
1750579200000,14910414.70000000,7018579.20000000
1750582800000,12881400.00000000,6076338.60000000
1750586400000,11218007.30000000,4417589.60000000
1750590000000,13784696.60000000,8371272.70000000
1750593600000,10347299.90000000,4906836.60000000
1750597200000,38124488.20000000,18321168.60000000
1750600800000,32592583.00000000,18277777.50000000
1750604400000,18840042.70000000,8879926.50000000
1750608000000,24520892.20000000,15223381.70000000
1750611600000,13320692.50000000,6950002.10000000
1750615200000,9297056.50000000,4785282.70000000
1750618800000,7718410.30000000,3655161.20000000
1750622400000,23592421.50000000,11594663.90000000
1750626000000,10458363.50000000,4980064.50000000
1750629600000,16578414.40000000,9686361.80000000
1750633200000,8735547.00000000,4821083.60000000
1750636800000,11125362.70000000,6498877.30000000
1750640400000,27725706.80000000,15525239.90000000
1750644000000,16909662.20000000,7620991.10000000
1750647600000,11260910.10000000,5089669.10000000
1750651200000,19855560.80000000,10762295.70000000
1750654800000,16009104.80000000,8422183.50000000
1750658400000,9694146.10000000,4408806.00000000
1750662000000,12935390.50000000,6747395.50000000
1750665600000,7528823.40000000,2793799.30000000
1750669200000,12883669.70000000,4922348.30000000
1750672800000,7630829.50000000,3082623.90000000
1750676400000,9497284.40000000,4840396.20000000
1750680000000,12778344.20000000,6154707.80000000
1750683600000,20246073.30000000,10034465.00000000
1750687200000,12909069.80000000,6585151.00000000
1750690800000,10495902.20000000,5199933.00000000
1750694400000,15228709.00000000,6566840.40000000
1750698000000,24638148.90000000,13129881.50000000
1750701600000,26400865.50000000,15018714.50000000
1750705200000,12450391.00000000,6544008.40000000
1750708800000,16390763.30000000,8408957.30000000
1750712400000,10168384.60000000,5427490.20000000
1750716000000,33983676.60000000,17279294.20000000
1750719600000,19506562.00000000,10960117.30000000
1750723200000,25351721.80000000,14133151.10000000
1750726800000,18816259.70000000,11074203.70000000
1750730400000,15612348.00000000,7836495.90000000
1750734000000,9542717.40000000,4809216.20000000
1750737600000,8024317.90000000,3063762.80000000
1750741200000,25081208.40000000,8886627.70000000
1750744800000,15669023.20000000,6857228.10000000
1750748400000,18574743.00000000,10643824.60000000
1750752000000,17218288.10000000,7959428.30000000
1750755600000,14618964.90000000,7572240.60000000
1750759200000,8940746.30000000,4715971.20000000
1750762800000,14907326.50000000,9141538.10000000
1750766400000,13907182.20000000,7554282.80000000
1750770000000,46203677.70000000,27166484.50000000
1750773600000,33791226.40000000,14031705.70000000
1750777200000,13102559.20000000,6434854.40000000
1750780800000,29001061.80000000,14293531.80000000
1750784400000,25635286.30000000,10304343.50000000
1750788000000,8770914.80000000,3656097.10000000
1750791600000,10937007.00000000,5783499.80000000
1750795200000,5089886.40000000,2615625.50000000
1750798800000,7915330.40000000,4070916.40000000
1750802400000,13307465.10000000,6993377.70000000
1750806000000,9364346.50000000,6200871.40000000
1750809600000,16233474.00000000,6638656.70000000
1750813200000,12907188.80000000,6089434.50000000
1750816800000,28569769.50000000,16027233.80000000
1750820400000,29284133.40000000,15715345.10000000
1750824000000,48926393.30000000,25667999.70000000
1750827600000,23199069.80000000,12696279.10000000
1750831200000,17456048.30000000,6589659.30000000
1750834800000,23286585.00000000,11039494.10000000
1750838400000,20690446.60000000,8637343.70000000
1750842000000,15363162.50000000,7387373.10000000
1750845600000,12721233.40000000,6861824.20000000
1750849200000,13198418.40000000,6867898.80000000
1750852800000,11154616.50000000,5448419.30000000
1750856400000,21178955.00000000,11756618.00000000
1750860000000,35595393.90000000,14835101.70000000
1750863600000,20866695.30000000,8754660.00000000
1750867200000,20407016.70000000,11438190.50000000
1750870800000,14696976.10000000,8189367.30000000
1750874400000,6065772.10000000,3620301.80000000
1750878000000,10531651.80000000,4952596.60000000
1750881600000,6349296.60000000,3614913.30000000
1750885200000,6489288.40000000,2297245.90000000
1750888800000,7472159.90000000,3672756.40000000
1750892400000,9667097.60000000,4732931.10000000
1750896000000,17872481.50000000,9935758.20000000
1750899600000,19663658.20000000,9415274.90000000
1750903200000,14126184.90000000,7013447.00000000
1750906800000,15667675.30000000,8474741.30000000
1750910400000,12816903.90000000,5448322.50000000
1750914000000,14758038.30000000,6815056.40000000
1750917600000,6183769.80000000,3398959.30000000
1750921200000,13739782.00000000,6934615.20000000
1750924800000,7815932.00000000,3620803.90000000
1750928400000,11745306.80000000,5609158.90000000
1750932000000,9033196.00000000,5592552.70000000
1750935600000,6977084.30000000,3165018.60000000
1750939200000,13255045.50000000,4747749.10000000
1750942800000,12447311.50000000,5876298.30000000
1750946400000,12630248.00000000,6951420.90000000
1750950000000,12533795.40000000,6519141.50000000
1750953600000,5344522.50000000,3126609.20000000
1750957200000,4659413.10000000,2356870.50000000
1750960800000,5597290.60000000,2283211.90000000
1750964400000,6280343.30000000,3605707.60000000
1750968000000,6590299.80000000,2842566.20000000
1750971600000,7096555.00000000,3114524.30000000
1750975200000,7305582.90000000,3902545.10000000
1750978800000,2683451.90000000,1105792.70000000
1750982400000,4214588.20000000,1686570.80000000
1750986000000,10989762.70000000,5408837.70000000
1750989600000,7400440.10000000,4320148.90000000
1750993200000,7741980.50000000,2961818.60000000
1750996800000,4959133.50000000,2189442.90000000
1751000400000,14834649.40000000,7705094.20000000
1751004000000,11089715.30000000,4405181.40000000
1751007600000,8396901.20000000,3360632.30000000
1751011200000,10842875.30000000,4697089.50000000
1751014800000,3877940.90000000,1868176.10000000
1751018400000,9874894.30000000,2871566.20000000
1751022000000,4911070.90000000,2734101.60000000
1751025600000,17246735.70000000,8111343.70000000
1751029200000,21627577.70000000,12903900.20000000
1751032800000,22638332.20000000,12296654.70000000
1751036400000,16147975.50000000,7184982.10000000
1751040000000,11412533.80000000,7027951.70000000
1751043600000,11749925.10000000,6318626.80000000
1751047200000,9576638.20000000,5050669.60000000
1751050800000,8935695.10000000,4691373.50000000
1751054400000,20094887.90000000,11430747.10000000
1751058000000,7772481.00000000,3831173.80000000
1751061600000,11135291.40000000,5579259.60000000
1751065200000,4742197.10000000,2869841.90000000
1751068800000,11352492.80000000,3735603.40000000
1751072400000,3010766.50000000,1948251.20000000
1751076000000,1327153.60000000,502821.40000000
1751079600000,2721178.20000000,1027058.70000000
1751083200000,4341944.70000000,1820815.50000000
1751086800000,11357679.30000000,7647426.90000000
1751090400000,9660310.80000000,4853815.70000000
1751094000000,5498296.20000000,3829047.80000000
1751097600000,7963173.70000000,1874522.90000000
1751101200000,6531133.20000000,3610760.80000000
1751104800000,7052130.30000000,4235547.70000000
1751108400000,42463601.90000000,25289743.00000000
1751112000000,9577704.20000000,4457331.50000000
1751115600000,7297851.40000000,3684145.80000000
1751119200000,4507882.30000000,1631592.00000000
1751122800000,7185633.50000000,4187328.00000000
1751126400000,14930296.20000000,5330392.50000000
1751130000000,8653998.40000000,4568583.90000000
1751133600000,31713713.20000000,17561712.60000000
1751137200000,11026580.30000000,5795344.20000000
1751140800000,11613859.50000000,6245628.70000000
1751144400000,10951403.10000000,6088445.40000000
1751148000000,18633960.10000000,8664845.50000000
1751151600000,7806934.50000000,4684926.00000000
1751155200000,10477355.50000000,4957500.40000000
1751158800000,4441969.70000000,1934639.60000000
1751162400000,6334102.90000000,3331083.50000000
1751166000000,7846098.40000000,4282900.50000000
1751169600000,6697243.80000000,3997268.50000000
1751173200000,11068910.90000000,5428188.00000000
1751176800000,17549879.60000000,10079693.40000000
1751180400000,26962736.80000000,12006785.70000000
1751184000000,14536234.40000000,7806547.70000000
1751187600000,12240340.30000000,5994628.80000000
1751191200000,12708678.20000000,5280713.20000000
1751194800000,5359263.30000000,2817520.90000000
1751198400000,10824996.70000000,6227434.20000000
1751202000000,7761558.00000000,3955137.40000000
1751205600000,15030946.50000000,6536360.20000000
1751209200000,17632316.30000000,8438883.10000000
1751212800000,16776063.30000000,6170450.20000000
1751216400000,5812807.50000000,2000485.70000000
1751220000000,5102458.50000000,2786878.70000000
1751223600000,6701840.50000000,3374774.00000000
1751227200000,5537145.00000000,2170683.50000000
1751230800000,3837572.80000000,1354954.50000000
1751234400000,22159257.60000000,12062773.90000000
1751238000000,9698093.20000000,3355210.20000000
1751241600000,8043404.90000000,2868206.90000000
1751245200000,6488350.80000000,3412810.80000000
1751248800000,7257950.00000000,3855602.80000000
1751252400000,6127648.60000000,4213670.30000000
1751256000000,13576807.80000000,5472671.10000000
1751259600000,7423729.90000000,2962453.40000000
1751263200000,16434761.80000000,8171131.40000000
1751266800000,5117938.70000000,1525913.50000000
1751270400000,4249863.50000000,1769183.00000000
1751274000000,6883924.00000000,3454348.70000000
1751277600000,6875048.40000000,4880580.40000000
1751281200000,5867208.60000000,4345372.70000000
1751284800000,10232881.70000000,3594659.40000000
1751288400000,11069954.80000000,4969971.40000000
1751292000000,9876615.50000000,5052873.00000000
1751295600000,11118044.60000000,5356283.60000000
1751299200000,4836677.80000000,2210327.20000000
1751302800000,5825059.70000000,2708171.80000000
1751306400000,8087023.40000000,4866736.80000000
1751310000000,4448535.20000000,2156152.60000000
1751313600000,5161543.10000000,1762647.00000000
1751317200000,5294712.40000000,3192536.80000000
1751320800000,14072150.10000000,8148608.70000000
1751324400000,4244582.50000000,2514268.80000000
1751328000000,3800942.90000000,2010964.70000000
1751331600000,4902586.80000000,2633617.10000000
1751335200000,5152668.10000000,2267523.80000000
1751338800000,4443888.50000000,1558927.20000000
1751342400000,7232822.90000000,2913396.30000000
1751346000000,13230947.50000000,6251139.80000000
1751349600000,11528131.30000000,8192652.10000000
1751353200000,10914474.80000000,6719215.80000000
1751356800000,8292193.20000000,4122356.00000000
1751360400000,10240166.80000000,3995164.70000000
1751364000000,6163776.00000000,2815221.50000000
1751367600000,3338171.70000000,1545998.30000000
1751371200000,4834259.60000000,2324550.60000000
1751374800000,9471441.40000000,5356205.80000000
1751378400000,14458803.40000000,7646669.10000000
1751382000000,5729184.40000000,2575927.90000000
1751385600000,3612202.10000000,2168200.10000000
1751389200000,3285875.40000000,1955947.80000000
1751392800000,8427409.80000000,3745262.10000000
1751396400000,5538407.60000000,2198716.60000000
1751400000000,5418929.30000000,3309911.80000000
1751403600000,3670112.80000000,2520937.60000000
1751407200000,6023686.60000000,2068920.70000000
1751410800000,6326739.60000000,3089944.00000000
1751414400000,7803856.20000000,2843852.90000000
1751418000000,8152782.50000000,3660599.00000000
1751421600000,3294087.10000000,1920280.90000000
1751425200000,10167033.20000000,6972769.90000000
1751428800000,8335980.40000000,4322479.10000000
1751432400000,11105963.50000000,7280737.80000000
1751436000000,12518216.00000000,7287394.00000000
1751439600000,14409170.40000000,7310480.00000000
1751443200000,22239841.10000000,11970403.20000000
1751446800000,18418372.60000000,9268492.10000000
1751450400000,16884519.00000000,7489698.60000000
1751454000000,8816164.10000000,4551031.70000000
1751457600000,13406522.60000000,7554924.80000000
1751461200000,11059844.70000000,4582574.80000000
1751464800000,15511083.40000000,9839074.20000000
1751468400000,14242451.20000000,6756960.10000000
1751472000000,27825233.90000000,13971699.50000000
1751475600000,29267048.80000000,13539619.60000000
1751479200000,12623926.80000000,6317544.70000000
1751482800000,6830675.90000000,2937047.20000000
1751486400000,16179780.00000000,6316758.30000000
1751490000000,7886347.80000000,3576307.80000000
1751493600000,11452655.70000000,7184968.50000000
1751497200000,15001369.10000000,5590871.60000000
1751500800000,13697040.60000000,5207226.70000000
1751504400000,4558797.30000000,2563733.10000000
1751508000000,7209411.40000000,2724247.60000000
1751511600000,4920920.40000000,2321944.90000000
1751515200000,13127853.60000000,6340549.70000000
1751518800000,10830203.00000000,5687950.70000000
1751522400000,12008259.10000000,6256867.30000000
1751526000000,11292307.10000000,4801008.30000000
1751529600000,4916099.30000000,2383780.30000000
1751533200000,9378455.20000000,2949189.70000000
1751536800000,15872895.00000000,8863714.80000000
1751540400000,7270897.60000000,4288297.20000000
1751544000000,14595826.90000000,7316003.50000000
1751547600000,9632348.10000000,4698245.90000000
1751551200000,6205190.90000000,2501938.50000000
1751554800000,10281868.90000000,3189065.40000000
1751558400000,6610958.60000000,3920538.60000000
1751562000000,5397257.40000000,3460832.70000000
1751565600000,15841254.60000000,7558052.50000000
1751569200000,5700414.30000000,2694643.10000000
1751572800000,5242036.60000000,3824339.70000000
1751576400000,3918729.50000000,2019120.20000000
1751580000000,4616893.00000000,3020359.80000000
1751583600000,2664488.50000000,1365774.50000000
1751587200000,7678253.20000000,4759680.90000000
1751590800000,1905995.60000000,943082.30000000
1751594400000,4576262.10000000,1862874.20000000
1751598000000,3747912.00000000,2391492.30000000
1751601600000,4360563.80000000,2510045.50000000
1751605200000,2529781.10000000,1420059.30000000
1751608800000,7079431.50000000,3492183.70000000
1751612400000,6006547.50000000,2769747.10000000
1751616000000,9280941.60000000,5276061.80000000
1751619600000,8859246.70000000,5477501.60000000
1751623200000,8072746.80000000,4749103.40000000
1751626800000,4090929.80000000,2208094.30000000
1751630400000,4030957.30000000,1333974.50000000
1751634000000,8048226.40000000,4217382.00000000
1751637600000,12875021.30000000,5661228.90000000
1751641200000,10661287.10000000,5271204.60000000
1751644800000,18506122.10000000,9363808.60000000
1751648400000,10703258.90000000,5570677.80000000
1751652000000,5800723.10000000,2787305.50000000
1751655600000,5178411.70000000,2690198.90000000
1751659200000,13620219.60000000,8136717.90000000
1751662800000,15141112.50000000,9446130.70000000
1751666400000,4539242.30000000,2291862.50000000
1751670000000,2163551.80000000,1252766.70000000
1751673600000,3686903.50000000,2046420.00000000
1751677200000,10854493.20000000,5785794.10000000
1751680800000,5642270.40000000,1814302.60000000
1751684400000,4851470.50000000,2245685.70000000
1751688000000,3864000.40000000,1976922.90000000
1751691600000,3353297.00000000,2053024.50000000
1751695200000,5754936.50000000,1450385.90000000
1751698800000,4765218.90000000,2634868.70000000
1751702400000,8880711.80000000,5648193.90000000
1751706000000,12323924.70000000,7514731.60000000
1751709600000,15865248.00000000,8041419.00000000
1751713200000,14635943.00000000,6941426.90000000
1751716800000,10713690.00000000,4583054.50000000
1751720400000,9737390.60000000,3261219.60000000
1751724000000,7368324.30000000,5281921.20000000
1751727600000,5365028.60000000,2859087.00000000
1751731200000,5824204.80000000,2494714.60000000
1751734800000,12159150.80000000,6146521.70000000
1751738400000,4616340.60000000,1867399.80000000
1751742000000,6160853.40000000,2474931.10000000
1751745600000,2038950.90000000,1165120.30000000
1751749200000,4917753.30000000,1655755.20000000
1751752800000,1151388.40000000,317552.00000000
1751756400000,1399866.20000000,696583.80000000
1751760000000,4142207.50000000,3037774.40000000
1751763600000,1328924.50000000,351022.70000000
1751767200000,1785696.00000000,528587.40000000
1751770800000,3301478.60000000,871781.80000000
1751774400000,1805102.20000000,504777.10000000
1751778000000,10518188.30000000,2653661.10000000
1751781600000,6066780.80000000,1738310.90000000
1751785200000,3449257.50000000,1346831.10000000
1751788800000,4289868.10000000,1758268.70000000
1751792400000,6351674.70000000,4197723.60000000
1751796000000,4283577.60000000,1994880.70000000
1751799600000,4936011.30000000,2914122.00000000
1751803200000,4962586.80000000,2583543.80000000
1751806800000,31475475.30000000,17269455.00000000
1751810400000,13560716.80000000,6881101.30000000
1751814000000,5531226.30000000,2025644.30000000
1751817600000,5341421.20000000,2144378.60000000
1751821200000,3923012.80000000,2222968.40000000
1751824800000,6053899.30000000,3215647.20000000
1751828400000,5857183.60000000,3089679.10000000
1751832000000,6197868.50000000,3670879.30000000
1751835600000,7638454.40000000,3874013.70000000
1751839200000,5985286.60000000,4134939.20000000
1751842800000,4187085.80000000,1896903.10000000
1751846400000,3940695.00000000,2129245.00000000
1751850000000,3920561.70000000,853176.40000000
1751853600000,7065668.60000000,3867960.00000000
1751857200000,2262143.20000000,1229224.60000000
1751860800000,1996559.90000000,1235560.00000000
1751864400000,5836165.30000000,3140109.40000000
1751868000000,7760036.70000000,2680619.60000000
1751871600000,4464595.00000000,1989107.00000000
1751875200000,9333606.30000000,4058727.20000000
1751878800000,8070301.40000000,3958892.10000000
1751882400000,9237091.70000000,5073599.80000000
1751886000000,2970737.40000000,1076240.10000000
1751889600000,6080311.00000000,3630508.30000000
1751893200000,5844730.60000000,2892247.40000000
1751896800000,7953935.70000000,3597668.10000000
1751900400000,4706367.40000000,2727584.80000000
1751904000000,5112992.80000000,2177526.40000000
1751907600000,4116068.70000000,1813145.70000000
1751911200000,2539493.70000000,1241303.30000000
1751914800000,3667532.60000000,1623933.40000000
1751918400000,6546561.00000000,3170692.00000000
1751922000000,3672416.60000000,1785086.20000000
1751925600000,4149849.80000000,1439984.20000000
1751929200000,1733432.20000000,941674.90000000
1751932800000,4980480.20000000,2476965.10000000
1751936400000,5750504.80000000,2053685.40000000
1751940000000,3018110.90000000,1455225.80000000
1751943600000,1671833.90000000,694194.10000000
1751947200000,2322929.60000000,1221915.80000000
1751950800000,3804058.30000000,1776204.80000000
1751954400000,4964124.00000000,2216678.70000000
1751958000000,1758887.50000000,922182.10000000
1751961600000,4810979.10000000,2335450.10000000
1751965200000,1779798.30000000,874203.30000000
1751968800000,3053834.60000000,1620884.40000000
1751972400000,3778927.10000000,1485709.10000000
1751976000000,5976049.90000000,3097122.90000000
1751979600000,7209146.80000000,4328294.00000000
1751983200000,7700177.50000000,3139310.80000000
1751986800000,9883506.50000000,3533512.20000000
1751990400000,3077013.70000000,1594048.30000000
1751994000000,20996275.20000000,12101838.70000000
1751997600000,8706166.20000000,3543417.20000000
1752001200000,9352380.90000000,4748220.90000000
1752004800000,2960970.10000000,1238885.70000000
1752008400000,4886771.10000000,2219855.90000000
1752012000000,3364190.50000000,2083110.80000000
1752015600000,2747765.10000000,885584.00000000
1752019200000,5363409.20000000,2261434.70000000
1752022800000,4127125.70000000,1918951.20000000
1752026400000,3829673.10000000,1199506.60000000
1752030000000,3688909.20000000,2426533.80000000
1752033600000,2611111.50000000,1347362.20000000
1752037200000,7203476.00000000,4221535.40000000
1752040800000,3024195.40000000,1680029.00000000
1752044400000,6209276.40000000,2109306.20000000
1752048000000,13792463.70000000,8254703.00000000
1752051600000,10878918.80000000,6066206.00000000
1752055200000,8420501.90000000,5250890.20000000
1752058800000,8077812.60000000,3875997.80000000
1752062400000,15513722.30000000,8271996.80000000
1752066000000,7392284.80000000,2499232.00000000
1752069600000,17705503.30000000,9517288.40000000
1752073200000,4323931.20000000,1642580.40000000
1752076800000,5395184.80000000,2231867.30000000
1752080400000,6286503.00000000,3333173.60000000
1752084000000,9770638.90000000,4755503.70000000
1752087600000,29322624.70000000,18542127.60000000
1752091200000,13969562.10000000,5861169.40000000
1752094800000,13398082.90000000,5714064.70000000
1752098400000,9698280.90000000,5586183.10000000
1752102000000,11836964.60000000,6905865.00000000
1752105600000,7836392.20000000,3146202.20000000
1752109200000,5547092.10000000,3168226.60000000
1752112800000,44321503.30000000,23858239.70000000
1752116400000,29097560.90000000,14297866.00000000
1752120000000,21017992.50000000,8674933.10000000
1752123600000,16659834.60000000,8245842.00000000
1752127200000,7230088.40000000,3311754.30000000
1752130800000,20840925.10000000,13279047.00000000
1752134400000,17519891.00000000,8421527.90000000
1752138000000,15141117.50000000,6378854.50000000
1752141600000,11246710.70000000,6010723.90000000
1752145200000,10284757.60000000,5080993.80000000
1752148800000,13429932.00000000,6997977.60000000
1752152400000,29353120.80000000,15959538.70000000
1752156000000,70223318.40000000,34623984.80000000
1752159600000,50255136.10000000,24063884.30000000
1752163200000,36546534.20000000,19691319.30000000
1752166800000,17491890.70000000,7695384.50000000
1752170400000,16400394.00000000,7200404.90000000
1752174000000,8585841.30000000,4016547.30000000
1752177600000,8193267.90000000,3918149.60000000
1752181200000,29628599.00000000,14610241.90000000
1752184800000,25289702.40000000,12982696.90000000
1752188400000,20761213.80000000,9600314.00000000
1752192000000,24090552.10000000,9510144.50000000
1752195600000,52842346.50000000,30247729.20000000
1752199200000,18889117.10000000,7446671.30000000
1752202800000,20748588.80000000,12676902.80000000
1752206400000,32035760.10000000,14658769.50000000
1752210000000,23231296.90000000,11235429.40000000
1752213600000,20294318.00000000,8787613.20000000
1752217200000,27082299.40000000,11913253.30000000
1752220800000,11253618.10000000,6185380.40000000
1752224400000,12622856.40000000,6156078.40000000
1752228000000,21064292.20000000,12974172.40000000
1752231600000,12407167.60000000,5279928.30000000
1752235200000,9974967.40000000,3276491.00000000
1752238800000,14612332.60000000,8476628.10000000
1752242400000,9420493.00000000,4867964.40000000
1752246000000,24163782.90000000,10850194.20000000
1752249600000,14280763.40000000,6891278.80000000
1752253200000,12051170.60000000,4222293.80000000
1752256800000,10161746.50000000,6380871.20000000
1752260400000,9649407.60000000,6020768.10000000
1752264000000,14453551.30000000,7968892.10000000
1752267600000,23233688.20000000,12933465.50000000
1752271200000,16669195.90000000,7109630.60000000
1752274800000,6824445.90000000,3514932.10000000
1752278400000,12038303.00000000,3701817.70000000
1752282000000,5258196.80000000,2283292.80000000
1752285600000,3828676.70000000,1811821.20000000
1752289200000,4126434.10000000,2359425.50000000
1752292800000,13350123.90000000,6165486.10000000
1752296400000,7591126.50000000,2996679.10000000
1752300000000,7237176.40000000,3595337.80000000
1752303600000,4650562.00000000,2288735.20000000
1752307200000,5199727.10000000,1774678.20000000
1752310800000,7351341.00000000,4039899.80000000
1752314400000,8733199.70000000,2431939.70000000
1752318000000,15451683.90000000,7792312.40000000
1752321600000,19968389.90000000,11015956.90000000
1752325200000,21370352.60000000,10350198.40000000
1752328800000,12555386.30000000,6050466.30000000
1752332400000,17649160.20000000,9661787.60000000
1752336000000,7133573.80000000,4454024.90000000
1752339600000,10260786.00000000,6232580.90000000
1752343200000,4457916.80000000,2498607.50000000
1752346800000,3937972.90000000,2191595.80000000
1752350400000,4484530.70000000,2248713.40000000
1752354000000,7701720.10000000,4475782.70000000
1752357600000,6717686.30000000,3587651.00000000
1752361200000,5879869.90000000,3085396.70000000
1752364800000,9886975.30000000,5218588.70000000
1752368400000,6396038.10000000,2938233.50000000
1752372000000,3440659.30000000,1472775.10000000
1752375600000,2306039.20000000,1180359.50000000
1752379200000,3254370.60000000,1864200.80000000
1752382800000,3581603.90000000,1895918.00000000
1752386400000,27900509.50000000,17498100.60000000
1752390000000,19169342.40000000,9721858.10000000
1752393600000,12176443.00000000,6327660.50000000
1752397200000,7146617.10000000,3026667.10000000
1752400800000,2394114.90000000,1439976.60000000
1752404400000,11297673.80000000,5967160.20000000
1752408000000,60704417.60000000,35240461.10000000
1752411600000,37859673.50000000,16507382.40000000
1752415200000,21821178.70000000,10186906.50000000
1752418800000,14659137.30000000,5466944.30000000
1752422400000,10896885.80000000,5737331.50000000
1752426000000,7284445.50000000,2900383.50000000
1752429600000,6213068.80000000,2754223.90000000
1752433200000,7271793.60000000,3318034.20000000
1752436800000,4522122.50000000,2161403.70000000
1752440400000,13806723.10000000,5399573.20000000
1752444000000,10023769.00000000,4479606.20000000
1752447600000,9057050.40000000,5078043.10000000
1752451200000,7345341.50000000,3122041.70000000
1752454800000,13852306.60000000,7695868.60000000
1752458400000,11994765.20000000,5629117.50000000
1752462000000,15834421.90000000,7150646.30000000
1752465600000,14460691.40000000,8540983.70000000
1752469200000,21916799.80000000,9476127.40000000
1752472800000,14854330.30000000,5654943.70000000
1752476400000,8672377.20000000,4736757.50000000
1752480000000,12048129.50000000,4400039.70000000
1752483600000,11142101.90000000,6396886.30000000
1752487200000,9334401.20000000,6239911.90000000
1752490800000,7659912.80000000,3818893.00000000
1752494400000,12006538.70000000,4665894.40000000
1752498000000,7740086.20000000,4163790.50000000
1752501600000,10804028.50000000,4431121.80000000
1752505200000,14583214.20000000,5893683.90000000
1752508800000,8078424.10000000,4374210.10000000
1752512400000,4401914.80000000,2613932.50000000
1752516000000,3984319.60000000,1913295.60000000
1752519600000,4736754.20000000,1707631.90000000
1752523200000,6166194.60000000,2862381.00000000
1752526800000,4266484.60000000,3159026.50000000
1752530400000,5143794.20000000,2551544.70000000
1752534000000,3722039.70000000,1538279.40000000
1752537600000,3809883.70000000,2108636.50000000
1752541200000,4982354.60000000,2003400.80000000
1752544800000,9830422.30000000,4656067.50000000
1752548400000,13038680.90000000,6371189.20000000
1752552000000,11020361.00000000,6096769.80000000
1752555600000,6186240.70000000,2848568.80000000
1752559200000,11314312.10000000,5740164.60000000
1752562800000,12242078.60000000,7416803.80000000
1752566400000,8762694.40000000,4425782.10000000
1752570000000,6285341.30000000,3054275.20000000
1752573600000,2965439.20000000,1808937.10000000
1752577200000,7536208.90000000,4731858.30000000
1752580800000,11802700.40000000,5904956.70000000
1752584400000,19003637.80000000,7989793.00000000
1752588000000,17711852.70000000,8388481.10000000
1752591600000,11264228.60000000,5287923.90000000
1752595200000,17383301.60000000,8744803.10000000
1752598800000,16669710.10000000,9075681.00000000
1752602400000,22350773.10000000,11817638.80000000
1752606000000,9351780.50000000,4435516.20000000
1752609600000,8237219.70000000,3128029.10000000
1752613200000,4079983.20000000,2358280.20000000
1752616800000,6555193.00000000,3076537.00000000
1752620400000,5849392.80000000,2405900.60000000
1752624000000,5324323.70000000,2417478.00000000
1752627600000,5199702.20000000,2791371.50000000
1752631200000,4526425.40000000,1979721.80000000
1752634800000,2738217.90000000,1197944.30000000
1752638400000,3749656.70000000,1347593.90000000
1752642000000,21150462.70000000,10054741.90000000
1752645600000,5822097.90000000,3528443.40000000
1752649200000,6250225.80000000,3179002.50000000
1752652800000,7637018.20000000,3883218.90000000
1752656400000,6941506.80000000,2610536.20000000
1752660000000,3829951.80000000,1675822.10000000
1752663600000,9070760.90000000,4612144.20000000
1752667200000,7884552.50000000,4311769.40000000
1752670800000,11711538.80000000,4924497.50000000
1752674400000,8814880.80000000,4285157.60000000
1752678000000,9491849.60000000,4534506.20000000
1752681600000,11934557.40000000,6003107.50000000
1752685200000,15571154.60000000,8005302.10000000
1752688800000,13239674.90000000,6259721.00000000
1752692400000,9881866.90000000,4781301.90000000
1752696000000,10733414.00000000,4911858.40000000
1752699600000,9565180.00000000,5132177.00000000
1752703200000,5260019.10000000,2580181.60000000
1752706800000,8007770.00000000,4218717.30000000
1752710400000,10586638.20000000,5137122.40000000
1752714000000,15406955.40000000,7013341.50000000
1752717600000,7489845.90000000,3613872.60000000
1752721200000,16580339.10000000,8983464.20000000
1752724800000,6109774.00000000,3995480.30000000
1752728400000,4337830.60000000,2184350.90000000
1752732000000,9606324.40000000,4333924.20000000
1752735600000,9483388.80000000,4412691.50000000
1752739200000,9506058.10000000,4711982.90000000
1752742800000,7858134.60000000,3789823.60000000
1752746400000,6180644.90000000,3160413.00000000
1752750000000,5024434.60000000,1904633.10000000
1752753600000,12500107.60000000,5678481.80000000
1752757200000,12057099.70000000,5140997.70000000
1752760800000,10222902.60000000,5423106.00000000
1752764400000,7805770.40000000,3282961.30000000
1752768000000,27069773.00000000,9574476.10000000
1752771600000,7687330.50000000,4149402.90000000
1752775200000,5960643.40000000,3141827.60000000
1752778800000,4743785.90000000,2128323.10000000
1752782400000,10516114.30000000,6988260.60000000
1752786000000,12386206.50000000,6252888.60000000
1752789600000,3614406.40000000,1910492.20000000
1752793200000,5464526.70000000,2482659.70000000
1752796800000,4467917.70000000,2595717.70000000
1752800400000,10608529.80000000,5307315.30000000
1752804000000,6114949.30000000,4077805.60000000
1752807600000,4792097.30000000,1700053.70000000
1752811200000,4098690.10000000,2166598.10000000
1752814800000,24639009.90000000,12417573.50000000
1752818400000,11188801.90000000,5003444.30000000
1752822000000,11873384.50000000,4631912.20000000
1752825600000,11118322.50000000,4998525.40000000
1752829200000,7492663.40000000,3784882.50000000
1752832800000,6145743.10000000,3423643.50000000
1752836400000,5968517.10000000,2685369.70000000
1752840000000,8586673.60000000,5080471.80000000
1752843600000,14321020.50000000,7994289.70000000
1752847200000,12509488.70000000,5792826.40000000
1752850800000,11533379.20000000,5423871.30000000
1752854400000,5671526.90000000,2540858.90000000
1752858000000,4137391.00000000,1988053.90000000
1752861600000,3599325.70000000,1890092.80000000
1752865200000,12360600.00000000,3954834.80000000
1752868800000,23582596.00000000,10530333.10000000
1752872400000,6422120.50000000,3701840.50000000
1752876000000,4259428.60000000,2187869.90000000
1752879600000,3420509.70000000,1624106.80000000
1752883200000,2847944.80000000,1348213.00000000
1752886800000,3891857.50000000,1955778.80000000
1752890400000,2930883.10000000,1182621.20000000
1752894000000,3206468.10000000,1365940.90000000
1752897600000,3755140.10000000,1522135.80000000
1752901200000,1885327.40000000,610377.70000000
1752904800000,4585217.30000000,1457564.50000000
1752908400000,2159213.30000000,1220907.80000000
1752912000000,2405476.70000000,933794.00000000
1752915600000,1616514.10000000,841942.80000000
1752919200000,3404624.10000000,1575158.20000000
1752922800000,3648468.20000000,1704236.70000000
1752926400000,2782854.20000000,1616982.60000000
1752930000000,2934174.10000000,1027371.70000000
1752933600000,4673595.60000000,2677908.50000000
1752937200000,4452029.50000000,1650710.10000000
1752940800000,3716522.30000000,1960062.90000000
1752944400000,2640929.90000000,1427974.30000000
1752948000000,2380911.00000000,994023.00000000
1752951600000,6076336.70000000,3214561.60000000
1752955200000,2997931.90000000,1522147.20000000
1752958800000,2518036.20000000,962683.30000000
1752962400000,2559998.90000000,1623809.70000000
1752966000000,2763982.20000000,1493149.50000000
1752969600000,2683097.90000000,1448511.40000000
1752973200000,7359308.60000000,4233735.70000000
1752976800000,2546984.70000000,965256.00000000
1752980400000,6752917.80000000,4165526.50000000
1752984000000,1939466.50000000,1011438.90000000
1752987600000,1953932.40000000,474620.80000000
1752991200000,2817139.70000000,1565906.50000000
1752994800000,11945821.50000000,5471727.90000000
1752998400000,6873731.30000000,4054008.30000000
1753002000000,30331136.30000000,17200461.20000000
1753005600000,6836621.90000000,2881232.20000000
1753009200000,4286198.00000000,2232808.20000000
1753012800000,5729676.60000000,2270597.80000000
1753016400000,5761167.40000000,2722303.20000000
1753020000000,6426620.10000000,3085872.10000000
1753023600000,6451319.50000000,4178038.40000000
1753027200000,23053786.90000000,12923644.40000000
1753030800000,13371739.90000000,6005304.00000000
1753034400000,5052226.70000000,2572555.20000000
1753038000000,4269895.50000000,2495333.90000000
1753041600000,4628423.60000000,2351031.60000000
1753045200000,5133674.40000000,2909735.00000000
1753048800000,9357001.50000000,4141805.80000000
1753052400000,4591166.80000000,2306602.40000000
1753056000000,7628091.60000000,2927610.30000000
1753059600000,5279841.30000000,2097066.10000000
1753063200000,6233178.30000000,3515759.80000000
1753066800000,13457824.90000000,4989437.00000000
1753070400000,2962782.00000000,1563012.00000000
1753074000000,2620875.80000000,988516.70000000
1753077600000,13387118.50000000,6900635.30000000
1753081200000,10771694.80000000,3918291.00000000
1753084800000,5876700.40000000,2664124.60000000
1753088400000,4915222.80000000,2939218.40000000
1753092000000,4160546.40000000,1603263.60000000
1753095600000,14544732.00000000,6606894.50000000
1753099200000,5578268.70000000,2683975.10000000
1753102800000,7236486.00000000,4094026.50000000
1753106400000,11569042.80000000,7141198.70000000
1753110000000,15960840.10000000,7089951.70000000
1753113600000,14504317.00000000,6385569.90000000
1753117200000,7242432.50000000,3829930.10000000
1753120800000,5361758.80000000,2381069.90000000
1753124400000,5334320.40000000,2113278.10000000
1753128000000,4276078.50000000,2298271.30000000
1753131600000,3684100.50000000,1261400.60000000
1753135200000,8287717.10000000,4877871.80000000
1753138800000,35129836.70000000,18022281.50000000
1753142400000,22951327.80000000,12183843.00000000
1753146000000,18356770.40000000,8289017.80000000
1753149600000,12936788.70000000,5854322.40000000
1753153200000,8946745.10000000,4015904.70000000
1753156800000,15625743.60000000,6994005.00000000
1753160400000,11656233.80000000,5982141.50000000
1753164000000,9256569.50000000,5816519.30000000
1753167600000,7816013.20000000,4054899.60000000
1753171200000,18653548.40000000,9613529.70000000
1753174800000,19174039.60000000,11065187.10000000
1753178400000,6896910.50000000,3754347.10000000
1753182000000,7774677.40000000,3184881.40000000
1753185600000,6864197.40000000,3670593.30000000
1753189200000,10584685.10000000,4488285.70000000
1753192800000,9292422.40000000,4031103.40000000
1753196400000,8040859.10000000,3467829.10000000
1753200000000,7271402.40000000,3957711.10000000
1753203600000,7312390.30000000,3479600.80000000
1753207200000,7069030.30000000,3488263.80000000
1753210800000,5960894.80000000,3148564.30000000
1753214400000,5209490.60000000,3306501.10000000
1753218000000,4432976.30000000,2353132.60000000
1753221600000,5676813.70000000,2732112.00000000
1753225200000,4343388.00000000,2377676.50000000
1753228800000,10410931.20000000,3759944.00000000
1753232400000,8424160.50000000,3784128.70000000
1753236000000,5135571.90000000,2562719.80000000
1753239600000,3430028.10000000,1562518.60000000
1753243200000,8879939.40000000,4027195.40000000
1753246800000,4783586.30000000,1872970.00000000
1753250400000,9274195.60000000,3646911.70000000
1753254000000,4231604.30000000,1801031.30000000
1753257600000,4154297.40000000,1820931.10000000
1753261200000,5838044.30000000,2294219.90000000
1753264800000,7916549.40000000,2951970.90000000
1753268400000,5225085.50000000,2535929.20000000
1753272000000,10573128.40000000,4802487.50000000
1753275600000,36278478.60000000,17131048.60000000
1753279200000,16704794.70000000,8368871.20000000
1753282800000,9638823.60000000,4466172.90000000
1753286400000,19880581.70000000,8609189.60000000
1753290000000,15831369.90000000,7082894.80000000
1753293600000,10690857.00000000,4680741.00000000
1753297200000,4272793.40000000,1829705.40000000
1753300800000,22537191.00000000,9087305.70000000
1753304400000,16102251.00000000,7024392.70000000
1753308000000,4447551.80000000,2497686.90000000
1753311600000,4833083.20000000,2201230.10000000
1753315200000,10387878.00000000,4467975.30000000
1753318800000,3899293.30000000,1538750.60000000
1753322400000,9660215.90000000,4511672.60000000
1753326000000,5250563.00000000,1699660.40000000
1753329600000,7031635.80000000,2892354.50000000
1753333200000,14752651.50000000,6443138.30000000
1753336800000,19105306.20000000,8798185.50000000
1753340400000,18383699.60000000,10630187.30000000
1753344000000,15691666.90000000,7232146.10000000
1753347600000,4066688.30000000,1721671.00000000
1753351200000,4205861.00000000,1994620.90000000
1753354800000,7518270.40000000,3255895.50000000
1753358400000,7748264.90000000,3026555.40000000
1753362000000,3604630.40000000,2001666.30000000
1753365600000,8967533.10000000,4658365.50000000
1753369200000,10250102.00000000,4292178.50000000
1753372800000,7692125.50000000,3519655.90000000
1753376400000,5641765.80000000,2477167.00000000
1753380000000,7908563.40000000,4253793.60000000
1753383600000,6558274.90000000,3827128.30000000
1753387200000,6957076.10000000,3274873.90000000
1753390800000,3290535.80000000,1222325.00000000
1753394400000,3175530.40000000,1580567.70000000
1753398000000,3458429.10000000,1853681.20000000
1753401600000,7554110.30000000,3104618.90000000
1753405200000,2658318.60000000,1417891.60000000
1753408800000,3980431.10000000,1387102.50000000
1753412400000,7056863.20000000,3148337.10000000
1753416000000,4160014.40000000,2086928.10000000
1753419600000,3851498.30000000,1957891.20000000
1753423200000,8341985.80000000,4818047.30000000
1753426800000,11012694.50000000,6253893.30000000
1753430400000,10475657.20000000,4826035.60000000
1753434000000,17488460.50000000,6753785.60000000
1753437600000,6122447.10000000,2786811.50000000
1753441200000,3997301.00000000,2212730.40000000
1753444800000,6416754.20000000,3515220.60000000
1753448400000,5251761.30000000,2596780.60000000
1753452000000,6762780.10000000,2807156.20000000
1753455600000,6456275.60000000,3101119.50000000
1753459200000,4015412.90000000,1574029.90000000
1753462800000,9294552.00000000,2781472.00000000
1753466400000,5179330.30000000,1857273.90000000
1753470000000,4534391.20000000,1369577.20000000
1753473600000,3312528.10000000,1969874.30000000
1753477200000,3569611.40000000,1688615.20000000
1753480800000,798681.50000000,372721.70000000
1753484400000,1161697.10000000,493836.10000000
1753488000000,1694430.50000000,610798.30000000
1753491600000,6276107.20000000,1327123.50000000
1753495200000,3449155.20000000,1903886.30000000
1753498800000,2668301.80000000,1615789.80000000
1753502400000,4066080.30000000,1761649.10000000
1753506000000,3685545.70000000,2227998.90000000
1753509600000,1733470.30000000,938228.70000000
1753513200000,3282385.70000000,1905614.20000000
1753516800000,2695453.10000000,1149426.60000000
1753520400000,2016849.30000000,1237911.60000000
1753524000000,3227032.20000000,1052881.50000000
1753527600000,5008691.80000000,2062808.30000000
1753531200000,4431330.30000000,2342945.10000000
1753534800000,2507781.70000000,1100470.30000000
1753538400000,6462193.50000000,3724838.70000000
1753542000000,3705272.20000000,1506329.90000000
1753545600000,1931546.90000000,654738.60000000
1753549200000,4094948.30000000,2352505.80000000
1753552800000,11987326.70000000,4334852.80000000
1753556400000,3100848.60000000,1765381.50000000
1753560000000,8031818.20000000,3989884.90000000
1753563600000,3011530.00000000,1756355.20000000
1753567200000,15189205.80000000,4634567.80000000
1753570800000,7048257.50000000,3607924.40000000
1753574400000,6803156.00000000,2975420.40000000
1753578000000,3388409.60000000,1521279.50000000
1753581600000,3494701.00000000,1866584.70000000
1753585200000,1579232.90000000,657056.40000000
1753588800000,6891530.80000000,2631315.60000000
1753592400000,6209843.80000000,2616619.20000000
1753596000000,2847221.60000000,1003869.80000000
1753599600000,11344323.90000000,3979322.90000000
1753603200000,10228832.10000000,5581626.90000000
1753606800000,3392327.30000000,1525910.00000000
1753610400000,8069761.50000000,5385637.20000000
1753614000000,4763992.70000000,2300361.80000000
1753617600000,5600085.00000000,2782587.60000000
1753621200000,4027643.30000000,2068049.80000000
1753624800000,4360595.40000000,1932445.90000000
1753628400000,6969434.00000000,3788338.90000000
1753632000000,17184639.70000000,9536269.70000000
1753635600000,21799062.60000000,13048260.80000000
1753639200000,10807076.20000000,5264562.80000000
1753642800000,4386469.20000000,2448889.80000000
1753646400000,4259005.70000000,2312370.00000000
1753650000000,4314422.90000000,2088399.70000000
1753653600000,10083483.80000000,5685146.80000000
1753657200000,5647040.20000000,2620639.10000000
1753660800000,8380313.10000000,3035853.70000000
1753664400000,4165694.40000000,1790506.30000000
1753668000000,6215722.40000000,3368223.10000000
1753671600000,9609942.80000000,4517661.10000000
1753675200000,7867015.40000000,4737822.40000000
1753678800000,7342695.40000000,3803272.40000000
1753682400000,5553470.30000000,3165779.10000000
1753686000000,18113278.40000000,9211702.00000000
1753689600000,20187004.40000000,10234356.50000000
1753693200000,9141414.00000000,4781054.80000000
1753696800000,24952963.00000000,12833836.50000000
1753700400000,8074042.00000000,4145001.60000000
1753704000000,124110258.70000000,65368350.40000000
1753707600000,78980292.60000000,35467121.60000000
1753711200000,40387794.20000000,15658332.10000000
1753714800000,22574662.60000000,12888432.40000000
1753718400000,41211801.60000000,20263616.10000000
1753722000000,45004635.70000000,21640787.00000000
1753725600000,38296947.90000000,17992695.80000000
1753729200000,35855661.30000000,18725504.00000000
1753732800000,35793976.30000000,18514970.50000000
1753736400000,40668171.40000000,18467424.00000000
1753740000000,23032299.00000000,10413018.80000000
1753743600000,12638462.90000000,6746041.60000000
1753747200000,20424753.90000000,9690496.50000000
1753750800000,14079931.00000000,5490831.70000000
1753754400000,27049408.80000000,11873262.50000000
1753758000000,11903884.40000000,6741334.40000000
1753761600000,12200432.10000000,5653562.80000000
1753765200000,16534816.30000000,6371099.00000000
1753768800000,11039787.00000000,5176460.20000000
1753772400000,16112793.20000000,5952296.00000000
1753776000000,10213872.40000000,5072951.40000000
1753779600000,14078702.70000000,6051778.10000000
1753783200000,20781110.50000000,10738271.30000000
1753786800000,7123301.50000000,2505499.20000000
1753790400000,7230359.70000000,2863709.80000000
1753794000000,9433500.70000000,4780027.50000000
1753797600000,25125125.50000000,11346480.30000000
1753801200000,15845943.50000000,8082572.00000000
1753804800000,8526307.80000000,3747970.00000000
1753808400000,12307187.90000000,6688946.60000000
1753812000000,6545500.10000000,2912357.90000000
1753815600000,5430346.00000000,1898562.00000000
1753819200000,12613431.70000000,6400882.90000000
1753822800000,8462848.70000000,4347846.80000000
1753826400000,8307725.60000000,4478542.00000000
1753830000000,6185032.30000000,2447932.10000000
1753833600000,4849671.50000000,2479906.00000000
1753837200000,3962640.30000000,2249925.70000000
1753840800000,8074972.80000000,2568103.90000000
1753844400000,4688199.20000000,1968314.70000000
1753848000000,3896790.80000000,1582188.80000000
1753851600000,3584981.70000000,1745710.30000000
1753855200000,11546522.60000000,6448605.50000000
1753858800000,21711423.10000000,11245257.50000000
1753862400000,9732683.00000000,4131733.40000000
1753866000000,9943708.80000000,3169697.10000000
1753869600000,7532767.70000000,2980456.80000000
1753873200000,25682506.50000000,11924418.80000000
1753876800000,20430822.00000000,10391999.40000000
1753880400000,13107461.20000000,6940594.40000000
1753884000000,7943178.60000000,4509924.30000000
1753887600000,6462194.70000000,2189071.30000000
1753891200000,6443904.60000000,3586671.40000000
1753894800000,10056963.70000000,3819253.50000000
1753898400000,10714667.90000000,4111913.20000000
1753902000000,20170887.80000000,9319842.30000000
1753905600000,11504928.50000000,3916125.90000000
1753909200000,4239406.40000000,2000535.10000000
1753912800000,3323738.20000000,1668690.10000000
1753916400000,2986476.10000000,1970720.00000000
1753920000000,2483407.20000000,1162857.00000000
1753923600000,4012682.20000000,1408764.60000000
1753927200000,1747742.90000000,802881.00000000
1753930800000,4574749.40000000,2671074.40000000
1753934400000,5871537.00000000,2675860.00000000
1753938000000,5043440.60000000,1986076.30000000
1753941600000,8115141.90000000,3346689.80000000
1753945200000,7813941.20000000,2549220.70000000
1753948800000,5115858.60000000,2279724.40000000
1753952400000,3580423.90000000,1376729.20000000
1753956000000,3060507.30000000,1491536.40000000
1753959600000,5334786.40000000,2107502.80000000
1753963200000,7912216.20000000,3947977.60000000
1753966800000,10717653.70000000,5973075.10000000
1753970400000,14558501.00000000,7149644.50000000
1753974000000,7569217.60000000,4499805.10000000
1753977600000,7607443.60000000,3809592.90000000
1753981200000,4340828.00000000,1629572.00000000
1753984800000,5445412.40000000,2717111.50000000
1753988400000,5076841.00000000,2563180.00000000
1753992000000,5879928.30000000,2963998.50000000
1753995600000,9043083.30000000,4050906.80000000
1753999200000,6107562.60000000,2742038.50000000
1754002800000,12948933.30000000,4116143.50000000
1754006400000,11494481.40000000,5292893.40000000
1754010000000,7126263.20000000,3486583.80000000
1754013600000,5320801.60000000,2875129.60000000
1754017200000,5764833.00000000,2991733.70000000
1754020800000,4064607.20000000,1132266.40000000
1754024400000,5152309.70000000,2717471.50000000
1754028000000,5572489.30000000,3698251.00000000
1754031600000,6434918.90000000,3263447.50000000
1754035200000,10267638.00000000,5800654.40000000
1754038800000,6189074.80000000,2917183.40000000
1754042400000,3062638.00000000,2007273.00000000
1754046000000,4632779.10000000,2751882.30000000
1754049600000,8141201.90000000,3192648.20000000
1754053200000,7717005.40000000,3471380.50000000
1754056800000,5600323.80000000,2970021.80000000
1754060400000,7066757.30000000,3347696.40000000
1754064000000,7693011.90000000,3443323.40000000
1754067600000,4924193.90000000,2509091.50000000
1754071200000,5099260.40000000,2237074.70000000
1754074800000,3156041.70000000,1447265.40000000
1754078400000,10392468.20000000,4175438.50000000
1754082000000,3521344.60000000,1974681.30000000
1754085600000,12340842.10000000,5741464.20000000
1754089200000,3678520.20000000,1578893.10000000
1754092800000,3754351.60000000,2068952.10000000
1754096400000,2138180.60000000,956398.00000000
1754100000000,852573.30000000,361323.70000000
1754103600000,1282081.90000000,726350.40000000
1754107200000,1020002.40000000,453904.50000000
1754110800000,1373739.30000000,550944.50000000
1754114400000,5101000.50000000,2325955.10000000
1754118000000,1719968.70000000,524180.60000000
1754121600000,3693444.20000000,1605393.70000000
1754125200000,3540684.50000000,2013116.80000000
1754128800000,3357468.90000000,2354772.40000000
1754132400000,3961857.60000000,1801778.80000000
1754136000000,3977487.90000000,1010838.30000000
1754139600000,1647759.90000000,546304.20000000
1754143200000,3863669.60000000,1346330.80000000
1754146800000,7103990.70000000,3506727.50000000
1754150400000,5373931.50000000,2368765.10000000
1754154000000,4280136.20000000,1978737.60000000
1754157600000,13470931.90000000,6213547.40000000
1754161200000,6619705.60000000,4050832.70000000
1754164800000,2742040.20000000,1104828.20000000
1754168400000,4551285.80000000,1856603.90000000
1754172000000,1577861.00000000,674399.00000000
1754175600000,1606447.70000000,502714.20000000
1754179200000,5925329.30000000,2796058.40000000
1754182800000,4029546.60000000,1820115.80000000
1754186400000,2092614.50000000,1277410.90000000
1754190000000,2256480.80000000,1026673.60000000
1754193600000,1535071.50000000,966951.10000000
1754197200000,1495296.20000000,796679.20000000
1754200800000,1705397.50000000,546051.50000000
1754204400000,1645169.70000000,895512.10000000
1754208000000,2205579.10000000,1209479.80000000
1754211600000,7252314.80000000,3412925.40000000
1754215200000,2454120.20000000,1268841.10000000
1754218800000,5485650.10000000,2518683.10000000
1754222400000,8627651.40000000,3835659.70000000
1754226000000,3701510.70000000,1719000.00000000
1754229600000,4978108.70000000,2882525.00000000
1754233200000,2331466.90000000,837553.20000000
1754236800000,1858237.40000000,702608.80000000
1754240400000,2068566.60000000,727965.10000000
1754244000000,2107585.00000000,1065900.60000000
1754247600000,6627968.70000000,4531347.60000000
1754251200000,2629285.40000000,1279001.40000000
1754254800000,1258748.30000000,538451.90000000
1754258400000,1910392.80000000,848110.30000000
1754262000000,1837579.60000000,1274583.20000000
1754265600000,4031062.10000000,2517924.70000000
1754269200000,2894737.20000000,1313969.60000000
1754272800000,4684984.70000000,1932259.80000000
1754276400000,1954773.70000000,542589.30000000
1754280000000,1441207.80000000,651740.20000000
1754283600000,2136421.90000000,1412079.90000000
1754287200000,824514.10000000,552409.50000000
1754290800000,1651749.80000000,1005049.00000000
1754294400000,2429155.30000000,1399746.60000000
1754298000000,2907097.80000000,1062751.50000000
1754301600000,598409.20000000,317392.40000000
1754305200000,1637178.30000000,543207.50000000
1754308800000,2189237.00000000,1008998.20000000
1754312400000,4008471.20000000,2218184.90000000
1754316000000,7254315.10000000,2907949.40000000
1754319600000,2939251.60000000,1717707.90000000
1754323200000,6523000.30000000,3461996.00000000
1754326800000,7718059.00000000,5122735.30000000
1754330400000,2815242.50000000,949733.80000000
1754334000000,3002054.10000000,1455255.70000000
1754337600000,2698179.50000000,1068721.80000000
1754341200000,5408923.20000000,3458104.90000000
1754344800000,2787401.40000000,1634843.20000000
1754348400000,1793724.40000000,631124.90000000
1754352000000,2174162.00000000,1333846.50000000
1754355600000,1939291.30000000,554794.90000000
1754359200000,1574714.90000000,958322.90000000
1754362800000,21658866.50000000,5909420.50000000
1754366400000,10553737.80000000,5842911.20000000
1754370000000,9251243.80000000,4685082.00000000
1754373600000,3328918.80000000,1608693.10000000
1754377200000,13347219.60000000,6302491.10000000
1754380800000,3556719.90000000,1741016.00000000
1754384400000,4891138.60000000,2684309.50000000
1754388000000,5969159.50000000,2271840.30000000
1754391600000,7249427.20000000,3334471.70000000
1754395200000,8203730.10000000,4560778.60000000
1754398800000,4839130.00000000,2395454.70000000
1754402400000,15575934.70000000,7861821.90000000
1754406000000,6080070.80000000,2792622.30000000
1754409600000,2992729.20000000,1305160.20000000
1754413200000,4020647.90000000,1166185.80000000
1754416800000,5171610.20000000,2245317.40000000
1754420400000,5670435.10000000,2261739.60000000
1754424000000,5432153.50000000,2995632.20000000
1754427600000,5806127.60000000,2857062.00000000
1754431200000,5631527.10000000,2878641.00000000
1754434800000,3785021.60000000,1934156.20000000
1754438400000,1308065.50000000,748486.20000000
1754442000000,3438146.40000000,1666925.50000000
1754445600000,1979071.70000000,1305062.20000000
1754449200000,2028181.70000000,1181235.40000000
1754452800000,5894441.70000000,3498154.30000000
1754456400000,7395756.10000000,3908435.80000000
1754460000000,7066717.10000000,3351650.90000000
1754463600000,7045829.10000000,3435082.00000000
1754467200000,2847530.80000000,1130162.40000000
1754470800000,7875419.90000000,2989191.90000000
1754474400000,3647738.00000000,1537169.90000000
1754478000000,3372856.40000000,1614835.70000000
1754481600000,3184535.50000000,1728256.10000000
1754485200000,7876961.00000000,3046592.50000000
1754488800000,6617172.10000000,3221710.80000000
1754492400000,5516198.10000000,2232695.80000000
1754496000000,3123168.00000000,1357523.60000000
1754499600000,3077068.10000000,1510724.50000000
1754503200000,4238509.00000000,1814316.30000000
1754506800000,2157312.00000000,1060841.40000000
1754510400000,1184832.10000000,530039.90000000
1754514000000,1698028.20000000,810067.10000000
1754517600000,766754.40000000,346444.80000000
1754521200000,1053107.40000000,636750.60000000
1754524800000,1423701.60000000,681148.90000000
1754528400000,16349051.90000000,6594554.50000000
1754532000000,9086312.00000000,4122634.40000000
1754535600000,7060079.60000000,2477619.40000000
1754539200000,2712869.40000000,1363383.10000000
1754542800000,11361279.30000000,5614069.10000000
1754546400000,11770218.80000000,5278270.50000000
1754550000000,9684730.10000000,4652025.20000000
1754553600000,6552286.80000000,3849078.80000000
1754557200000,3551725.10000000,2006054.80000000
1754560800000,16860911.40000000,9368474.70000000
1754564400000,13505356.00000000,5154316.40000000
1754568000000,11009349.70000000,4557881.70000000
1754571600000,4269335.50000000,2279772.60000000
1754575200000,5737321.80000000,1878622.80000000
1754578800000,4880091.40000000,2471045.90000000
1754582400000,8749840.60000000,4349450.20000000
1754586000000,8095066.60000000,2972401.10000000
1754589600000,3130869.30000000,1729813.70000000
1754593200000,6820247.90000000,3423003.10000000
1754596800000,6624886.10000000,3772731.00000000
1754600400000,6900953.30000000,3163124.70000000
1754604000000,3267448.80000000,1768573.90000000
1754607600000,3522070.20000000,1738055.70000000
1754611200000,6597266.00000000,3263574.60000000
1754614800000,8401281.30000000,5326952.40000000
1754618400000,1235217.80000000,592484.30000000
1754622000000,4443769.90000000,2865119.30000000
1754625600000,4249884.70000000,2797311.90000000
1754629200000,3674312.20000000,1651047.70000000
1754632800000,5157370.00000000,1995155.00000000
1754636400000,3801631.90000000,1905127.10000000
1754640000000,10186766.00000000,4390692.00000000
1754643600000,12809454.30000000,4129116.30000000
1754647200000,2901696.50000000,1556248.60000000
1754650800000,3115025.70000000,2085427.60000000
1754654400000,3313213.70000000,1847391.70000000
1754658000000,9189935.10000000,3943405.00000000
1754661600000,12191019.90000000,4756652.50000000
1754665200000,3065544.60000000,1668776.50000000
1754668800000,3140445.60000000,1826472.30000000
1754672400000,8298820.00000000,5131951.40000000
1754676000000,6857739.40000000,3033150.10000000
1754679600000,2877652.00000000,1682063.40000000
1754683200000,2966673.70000000,1351264.50000000
1754686800000,3694858.70000000,1543848.40000000
1754690400000,3404893.70000000,1386102.20000000
1754694000000,2668716.50000000,1084233.90000000
1754697600000,1694939.60000000,801339.70000000
1754701200000,2483261.90000000,1284760.20000000
1754704800000,1324831.60000000,672678.50000000
1754708400000,1238147.00000000,636211.10000000
1754712000000,7441496.60000000,4547106.70000000
1754715600000,10429553.30000000,5949388.30000000
1754719200000,5334271.90000000,2475120.30000000
1754722800000,5199026.30000000,1927824.00000000
1754726400000,4005522.00000000,2106010.30000000
1754730000000,7397039.80000000,4287194.20000000
1754733600000,6426455.90000000,3411407.40000000
1754737200000,4957069.00000000,2481943.60000000
1754740800000,5629609.20000000,3598146.50000000
1754744400000,7095315.30000000,3757303.60000000
1754748000000,12785853.70000000,8149479.70000000
1754751600000,9253119.10000000,4366047.90000000
1754755200000,5943115.00000000,3644388.10000000
1754758800000,5253646.70000000,2844089.70000000
1754762400000,4184397.20000000,2288498.40000000
1754766000000,3822629.80000000,2274480.20000000
1754769600000,4467493.60000000,2247435.80000000
1754773200000,4970686.10000000,2329300.40000000
1754776800000,6899074.40000000,2291258.10000000
1754780400000,5287289.10000000,2678277.90000000
1754784000000,4589795.00000000,2523887.60000000
1754787600000,2977254.50000000,1306497.50000000
1754791200000,3705721.70000000,1893343.80000000
1754794800000,6901441.90000000,3794324.40000000
1754798400000,8536718.50000000,4171345.20000000
1754802000000,5509970.40000000,2072161.20000000
1754805600000,5564842.90000000,2640271.90000000
1754809200000,8119332.50000000,3595527.10000000
1754812800000,7157760.20000000,2673569.50000000
1754816400000,5026544.00000000,3369440.80000000
1754820000000,8208878.10000000,4544428.50000000
1754823600000,6150897.40000000,3288830.00000000
1754827200000,5848978.70000000,3644256.10000000
1754830800000,3521920.60000000,2278222.40000000
1754834400000,3412578.80000000,1715057.50000000
1754838000000,3886217.70000000,1736189.10000000
1754841600000,4241934.30000000,1923418.50000000
1754845200000,5318885.20000000,1844634.70000000
1754848800000,4423966.90000000,2159427.20000000
1754852400000,6414399.50000000,3682457.10000000
1754856000000,5378969.80000000,2628252.90000000
1754859600000,4558445.80000000,1858542.90000000
1754863200000,2777153.00000000,1697953.00000000
1754866800000,3157276.90000000,1693758.60000000
1754870400000,2750664.50000000,1359199.70000000
1754874000000,1967994.70000000,950392.60000000
1754877600000,6319291.50000000,2691814.60000000
1754881200000,7394205.80000000,2279689.50000000
1754884800000,3869059.80000000,1692037.60000000
1754888400000,4060902.30000000,1769294.50000000
1754892000000,14748859.30000000,8316269.10000000
1754895600000,17162144.50000000,7192308.10000000
1754899200000,7503903.70000000,3781243.80000000
1754902800000,6963232.20000000,3357871.50000000
1754906400000,19890596.00000000,10605725.00000000
1754910000000,16124376.80000000,4993904.80000000
1754913600000,8876911.90000000,4546212.70000000
1754917200000,10861336.00000000,5769355.40000000
1754920800000,6147277.60000000,3241024.40000000
1754924400000,3712196.50000000,1595063.40000000
1754928000000,5546314.10000000,2658578.20000000
1754931600000,2721203.10000000,1507832.90000000
1754935200000,3862755.80000000,1800163.80000000
1754938800000,4694978.10000000,2496434.10000000
1754942400000,3407270.40000000,2198343.30000000
1754946000000,14069417.70000000,7001013.40000000
1754949600000,7073891.50000000,4043314.80000000
1754953200000,2562009.20000000,1620243.50000000
1754956800000,4255947.90000000,2251524.00000000
1754960400000,2662148.00000000,1272161.00000000
1754964000000,1872730.00000000,922575.00000000
1754967600000,1821047.10000000,816565.30000000
1754971200000,3311322.70000000,1719893.30000000
1754974800000,2989177.00000000,1259162.20000000
1754978400000,5019164.40000000,2487150.10000000
1754982000000,6177954.80000000,4734488.40000000
1754985600000,8506144.70000000,6442809.80000000
1754989200000,2877159.30000000,1782213.70000000
1754992800000,4603965.00000000,2324452.80000000
1754996400000,2662567.50000000,1128499.20000000
1755000000000,12404090.80000000,6195297.30000000
1755003600000,14560734.60000000,7773033.00000000
1755007200000,14126520.10000000,7126576.10000000
1755010800000,8021585.90000000,4122341.80000000
1755014400000,5511947.20000000,2202545.30000000
1755018000000,7799062.90000000,3095309.30000000
1755021600000,42167649.50000000,13587399.80000000
1755025200000,20390565.30000000,7455415.90000000
1755028800000,14448050.00000000,5900717.10000000
1755032400000,7989035.00000000,3539300.60000000
1755036000000,5137896.90000000,2220503.20000000
1755039600000,4990382.50000000,2567924.60000000
1755043200000,6886463.00000000,4577400.60000000
1755046800000,5064070.80000000,2715717.30000000
1755050400000,6081685.90000000,3662720.00000000
1755054000000,6438637.90000000,2916312.90000000
1755057600000,4275837.50000000,2431861.70000000
1755061200000,4954058.00000000,2601809.80000000
1755064800000,3888507.10000000,1995057.70000000
1755068400000,7307277.60000000,4115464.50000000
1755072000000,4852669.30000000,2723779.80000000
1755075600000,6647148.20000000,4158553.10000000
1755079200000,5152454.10000000,3258599.80000000
1755082800000,5896511.60000000,2944649.20000000
1755086400000,22861215.20000000,9625797.00000000
1755090000000,9966129.20000000,4085485.00000000
1755093600000,11379531.60000000,6058690.80000000
1755097200000,15397728.20000000,8095970.70000000
1755100800000,12014397.20000000,5759934.00000000
1755104400000,4946121.20000000,2924647.40000000
1755108000000,4172175.40000000,2038330.80000000
1755111600000,4171948.10000000,2576540.20000000
1755115200000,2769229.90000000,1406469.90000000
1755118800000,2388620.90000000,1357519.30000000
1755122400000,5507508.50000000,3229051.10000000
1755126000000,4038494.10000000,2476485.00000000
1755129600000,3665699.60000000,1406958.70000000
1755133200000,4175962.80000000,1872591.80000000
1755136800000,4185091.60000000,1552415.50000000
1755140400000,6836972.60000000,3772207.60000000
1755144000000,4401421.80000000,1746666.50000000
1755147600000,5746431.40000000,2314281.00000000
1755151200000,10403798.60000000,3724436.30000000
1755154800000,8006744.30000000,4023732.40000000
1755158400000,12607993.10000000,5137297.30000000
1755162000000,5880608.50000000,3585152.20000000
1755165600000,16577800.40000000,5799567.30000000
1755169200000,10064130.80000000,3959260.70000000
1755172800000,45043021.10000000,22600976.50000000
1755176400000,29561017.60000000,14795536.50000000
1755180000000,11818386.30000000,7491297.20000000
1755183600000,6519491.50000000,3759974.60000000
1755187200000,11101741.20000000,5493066.30000000
1755190800000,12008106.10000000,4436980.70000000
1755194400000,13311431.70000000,8815351.10000000
1755198000000,8095226.50000000,5049383.60000000
1755201600000,5361324.50000000,2414998.00000000
1755205200000,11493105.80000000,5322932.10000000
1755208800000,5741942.00000000,2900196.10000000
1755212400000,6647619.80000000,3538345.00000000
1755216000000,4059384.60000000,1621398.10000000
1755219600000,3868922.60000000,2078794.20000000
1755223200000,5812353.40000000,3346690.80000000
1755226800000,2664335.20000000,1212265.40000000
1755230400000,5744225.10000000,3524989.90000000
1755234000000,4277801.80000000,2661625.20000000
1755237600000,5185700.60000000,2151295.00000000
1755241200000,3279586.60000000,1638815.70000000
1755244800000,3191316.50000000,2174809.00000000
1755248400000,3890482.60000000,1245075.90000000
1755252000000,3692280.50000000,1532352.40000000
1755255600000,5174881.40000000,3218371.30000000
1755259200000,9295698.90000000,4454967.80000000
1755262800000,4874319.20000000,2492007.00000000
1755266400000,6242775.80000000,3170844.30000000
1755270000000,15817916.00000000,7507896.80000000
1755273600000,7747583.20000000,3728345.90000000
1755277200000,8020606.10000000,3793112.00000000
1755280800000,3060626.20000000,1238020.70000000
1755284400000,2463804.80000000,1287375.20000000
1755288000000,7938942.70000000,3457882.30000000
1755291600000,3741520.30000000,1549276.00000000
1755295200000,1715829.20000000,824681.10000000
1755298800000,5855139.00000000,4069950.10000000
1755302400000,2720170.00000000,891326.70000000
1755306000000,1926929.60000000,948374.30000000
1755309600000,1523277.70000000,664325.70000000
1755313200000,1649941.60000000,992327.40000000
1755316800000,1933788.80000000,1280967.20000000
1755320400000,1134202.60000000,585107.10000000
1755324000000,3388887.00000000,2161709.80000000
1755327600000,2161141.60000000,837418.30000000
1755331200000,2309426.90000000,644375.80000000
1755334800000,5113161.20000000,3156238.60000000
1755338400000,2856114.60000000,1147462.50000000
1755342000000,2534177.80000000,746073.50000000
1755345600000,8923509.60000000,6467212.90000000
1755349200000,2869346.30000000,1750772.50000000
1755352800000,3654755.90000000,2036460.40000000
1755356400000,7821254.30000000,2850054.50000000
1755360000000,3341535.90000000,2172312.70000000
1755363600000,3837338.90000000,2077862.30000000
1755367200000,2715350.40000000,1836624.20000000
1755370800000,2180515.80000000,1049618.50000000
1755374400000,2610257.70000000,1182440.60000000
1755378000000,2056429.50000000,1309421.50000000
1755381600000,1923388.90000000,1007232.60000000
1755385200000,1268944.70000000,571348.40000000
1755388800000,4205095.70000000,2607182.10000000
1755392400000,9431429.70000000,4529476.70000000
1755396000000,3597998.70000000,1508350.00000000
1755399600000,1098287.70000000,468421.80000000
1755403200000,11553758.20000000,6840127.00000000
1755406800000,9573003.20000000,5369431.80000000
1755410400000,8227690.20000000,3634507.60000000
1755414000000,12122927.10000000,5738992.70000000
1755417600000,8024077.50000000,3393421.60000000
1755421200000,5845919.50000000,2367354.80000000
1755424800000,3737626.80000000,1287182.20000000
1755428400000,5235495.80000000,1702162.20000000
1755432000000,2673872.50000000,1152926.40000000
1755435600000,2609556.40000000,735076.20000000
1755439200000,2649639.80000000,822586.10000000
1755442800000,2767284.70000000,1302049.80000000
1755446400000,6591266.50000000,2626083.60000000
1755450000000,3451006.50000000,1644053.50000000
1755453600000,6520962.70000000,2848749.80000000
1755457200000,2386423.80000000,1152354.80000000
1755460800000,3593708.90000000,1469771.20000000
1755464400000,728113.50000000,299565.00000000
1755468000000,1950172.10000000,1033751.70000000
1755471600000,1898790.60000000,1026623.60000000
1755475200000,1413707.80000000,795310.40000000
1755478800000,3971304.70000000,1971102.50000000
1755482400000,8222885.50000000,3636388.90000000
1755486000000,6770148.80000000,3227555.20000000
1755489600000,22598235.00000000,9581499.60000000
1755493200000,12472474.30000000,4506592.40000000
1755496800000,20022229.40000000,11471445.90000000
1755500400000,5658380.80000000,1902680.30000000
1755504000000,2507755.00000000,1065829.50000000
1755507600000,6295400.40000000,3215268.20000000
1755511200000,3957807.30000000,1368610.00000000
1755514800000,5814153.60000000,2105988.30000000
1755518400000,8576640.10000000,4785230.50000000
1755522000000,6173623.80000000,2290941.50000000
1755525600000,7923545.30000000,4921577.30000000
1755529200000,2868504.90000000,1502244.80000000
1755532800000,4704500.10000000,3354811.30000000
1755536400000,3417139.20000000,1874735.60000000
1755540000000,1596360.30000000,863343.30000000
1755543600000,1963906.60000000,969588.80000000
1755547200000,2879335.60000000,1323818.00000000
1755550800000,1739866.70000000,773018.90000000
1755554400000,2229901.50000000,1248741.60000000
1755558000000,1944326.10000000,1248808.30000000
1755561600000,6077973.30000000,3593201.30000000
1755565200000,3363787.90000000,1397354.60000000
1755568800000,5012482.00000000,3594988.30000000
1755572400000,6179279.70000000,3139598.60000000
1755576000000,11020034.60000000,6262917.80000000
1755579600000,1842543.40000000,787821.30000000
1755583200000,1613127.70000000,878670.90000000
1755586800000,3045537.90000000,1457204.40000000
1755590400000,4572897.70000000,2401421.40000000
1755594000000,2314637.00000000,1315248.30000000
1755597600000,2138944.50000000,753893.70000000
1755601200000,938512.20000000,389073.70000000
1755604800000,5447561.10000000,3955002.20000000
1755608400000,14254207.20000000,5533521.90000000
1755612000000,7779752.20000000,3298453.50000000
1755615600000,4251161.00000000,2125686.60000000
1755619200000,21915949.00000000,12383069.10000000
1755622800000,5125827.40000000,2796012.70000000
1755626400000,7457709.00000000,3351845.10000000
1755630000000,15407275.40000000,7353550.00000000
1755633600000,2007323.40000000,1005924.60000000
1755637200000,1442610.90000000,874249.70000000
1755640800000,1690665.40000000,430170.90000000
1755644400000,4219737.80000000,1938651.90000000
1755648000000,2116179.50000000,775640.60000000
1755651600000,3053177.70000000,1610291.60000000
1755655200000,2047265.10000000,1107123.80000000
1755658800000,2906842.30000000,1182033.10000000
1755662400000,2192291.60000000,1072007.70000000
1755666000000,2134072.40000000,705576.60000000
1755669600000,3034026.80000000,1536043.30000000
1755673200000,775439.70000000,321327.10000000
1755676800000,2087346.30000000,775862.90000000
1755680400000,2827840.70000000,1196771.10000000
1755684000000,1915383.90000000,623010.50000000
1755687600000,2974812.20000000,1288935.00000000
1755691200000,3275367.50000000,1305478.40000000
1755694800000,5708945.40000000,3201731.30000000
1755698400000,5633740.90000000,2592664.30000000
1755702000000,4781894.40000000,2784804.10000000
1755705600000,3172405.50000000,1540892.60000000
1755709200000,2388551.30000000,1356753.30000000
1755712800000,3394414.20000000,2049659.60000000
1755716400000,10431291.80000000,6209810.40000000
1755720000000,3994246.60000000,1758760.00000000
1755723600000,2760997.80000000,1220573.40000000
1755727200000,2265607.00000000,1114260.50000000
1755730800000,1375123.50000000,588529.80000000
1755734400000,5279368.50000000,3909960.90000000
1755738000000,2234549.30000000,1115857.20000000
1755741600000,2570005.40000000,1384145.10000000
1755745200000,3875666.30000000,1826208.50000000
1755748800000,3601261.60000000,1125349.70000000
1755752400000,2910001.70000000,680503.00000000
1755756000000,2489378.00000000,1170153.20000000
1755759600000,3090637.60000000,1265466.60000000
1755763200000,2039070.70000000,897419.80000000
1755766800000,2758925.90000000,1125800.90000000
1755770400000,1772907.60000000,838796.80000000
1755774000000,1866984.10000000,895437.30000000
1755777600000,5361663.90000000,2520324.60000000
1755781200000,5127347.50000000,2575035.50000000
1755784800000,5125193.20000000,2723597.20000000
1755788400000,2488024.90000000,866881.40000000
1755792000000,2302949.80000000,1154177.30000000
1755795600000,4204342.90000000,2318172.00000000
1755799200000,2716393.60000000,1384489.00000000
1755802800000,2945279.30000000,1655175.80000000
1755806400000,1724066.70000000,937383.70000000
1755810000000,2001195.40000000,1019973.80000000
1755813600000,1672465.20000000,910901.70000000
1755817200000,858015.70000000,422201.60000000
1755820800000,743902.40000000,463164.70000000
1755824400000,924865.00000000,401038.10000000
1755828000000,1928429.70000000,1000008.30000000
1755831600000,1820370.40000000,982487.40000000
1755835200000,1377795.10000000,708127.20000000
1755838800000,678650.30000000,265011.80000000
1755842400000,2024364.30000000,951497.10000000
1755846000000,2580911.30000000,1354117.10000000
1755849600000,2202519.50000000,861809.20000000
1755853200000,4165905.30000000,2635447.80000000
1755856800000,2268598.20000000,635575.90000000
1755860400000,1859497.80000000,1141817.90000000
1755864000000,11720366.90000000,5955552.00000000
1755867600000,5110578.00000000,2889678.10000000
1755871200000,50448919.30000000,22857739.50000000
1755874800000,13197159.30000000,6926994.50000000
1755878400000,9604127.90000000,4758966.90000000
1755882000000,14548492.30000000,4111928.30000000
1755885600000,10511221.80000000,3052260.80000000
1755889200000,5082682.30000000,1977378.60000000
1755892800000,5629117.20000000,3638240.50000000
1755896400000,5526957.90000000,2982313.60000000
1755900000000,3006193.00000000,845092.30000000
1755903600000,4322115.70000000,1695498.80000000
1755907200000,7463207.20000000,2763700.10000000
1755910800000,9145294.30000000,4553921.60000000
1755914400000,5965395.00000000,2653575.40000000
1755918000000,2758390.70000000,1149119.90000000
1755921600000,3333718.00000000,1554862.10000000
1755925200000,8730515.40000000,5709726.20000000
1755928800000,19175171.70000000,11143846.20000000
1755932400000,30209654.50000000,17645327.90000000
1755936000000,26250846.70000000,16008345.10000000
1755939600000,17722995.30000000,7234979.70000000
1755943200000,19363211.10000000,11544710.00000000
1755946800000,7452410.90000000,3455304.90000000
1755950400000,13558255.90000000,8246608.60000000
1755954000000,9465931.10000000,5200872.60000000
1755957600000,5428662.90000000,2958983.00000000
1755961200000,11253281.80000000,6901117.00000000
1755964800000,9675883.90000000,4886760.30000000
1755968400000,7750594.00000000,3929600.90000000
1755972000000,6511521.80000000,3974520.50000000
1755975600000,16061877.70000000,4975768.90000000
1755979200000,5819760.60000000,2638785.60000000
1755982800000,7935771.60000000,5046112.10000000
1755986400000,1543521.30000000,692734.30000000
1755990000000,1868351.60000000,1076401.20000000
1755993600000,2204667.40000000,1394242.90000000
1755997200000,2785546.80000000,1396515.10000000
1756000800000,1818966.10000000,921754.30000000
1756004400000,2694342.40000000,906371.90000000
1756008000000,2983140.50000000,1392957.20000000
1756011600000,4406979.80000000,1363355.80000000
1756015200000,9914144.40000000,4197530.60000000
1756018800000,2768867.40000000,1343513.90000000
1756022400000,9828269.60000000,3117935.40000000
1756026000000,2767969.30000000,1409552.50000000
1756029600000,4298338.40000000,2149731.10000000
1756033200000,4060202.10000000,2242258.90000000
1756036800000,5000246.60000000,3007314.00000000
1756040400000,9438388.90000000,5452838.50000000
1756044000000,2927020.10000000,1710571.70000000
1756047600000,4674868.30000000,2405250.80000000
1756051200000,2104487.60000000,971996.80000000
1756054800000,3228015.00000000,1522079.40000000
1756058400000,3833068.60000000,1707946.80000000
1756062000000,24589012.70000000,11369124.50000000
1756065600000,11314705.70000000,6226074.10000000
1756069200000,5228159.20000000,2871402.30000000
1756072800000,2015911.10000000,1205661.30000000
1756076400000,885296.50000000,286384.50000000
1756080000000,4962696.60000000,2323243.20000000
1756083600000,1698946.20000000,793765.30000000
1756087200000,1992359.80000000,1023710.80000000
1756090800000,2994329.00000000,1481961.10000000
1756094400000,2359533.60000000,1483710.50000000
1756098000000,4964444.20000000,2575590.00000000
1756101600000,4853941.60000000,1935329.40000000
1756105200000,6238870.60000000,2823744.70000000
1756108800000,6145342.70000000,2811659.40000000
1756112400000,3626029.50000000,1899115.90000000
1756116000000,11080047.70000000,5104285.40000000
1756119600000,3165467.00000000,1702072.20000000
1756123200000,5094300.30000000,2687984.60000000
1756126800000,7169418.90000000,3915328.30000000
1756130400000,4171675.90000000,1995919.80000000
1756134000000,2998929.10000000,1662043.60000000
1756137600000,3399419.50000000,1757830.40000000
1756141200000,3979642.40000000,2405542.40000000
1756144800000,2549888.20000000,1106772.30000000
1756148400000,9864385.30000000,5570656.90000000
1756152000000,33341150.30000000,16516048.80000000
1756155600000,13782966.30000000,6451155.10000000
1756159200000,16642867.10000000,11301154.00000000
1756162800000,6415027.70000000,3460639.90000000
1756166400000,7195248.80000000,3362088.70000000
1756170000000,2894611.30000000,1540913.90000000
1756173600000,5150675.20000000,3543859.20000000
1756177200000,2601854.00000000,1454996.90000000
1756180800000,1839378.80000000,1269186.10000000
1756184400000,2793985.40000000,1012934.80000000
1756188000000,2189637.70000000,1208697.50000000
1756191600000,2022002.70000000,1039321.60000000
1756195200000,1175133.40000000,744464.00000000
1756198800000,2583179.60000000,1167875.30000000
1756202400000,2228137.90000000,1086724.30000000
1756206000000,1656255.00000000,782961.60000000
1756209600000,6310961.70000000,2867835.30000000
1756213200000,8108922.30000000,5312214.80000000
1756216800000,7538181.00000000,3089646.70000000
1756220400000,4903390.80000000,2103308.70000000
1756224000000,3694947.20000000,1528627.70000000
1756227600000,3432014.10000000,1259364.60000000
1756231200000,2013050.00000000,820352.80000000
1756234800000,3243683.60000000,1570013.10000000
1756238400000,8380754.10000000,5340361.20000000
1756242000000,2202596.50000000,898481.30000000
1756245600000,2724347.70000000,1381654.80000000
1756249200000,1488572.60000000,807392.00000000
1756252800000,2789615.30000000,875799.50000000
1756256400000,2428751.50000000,1123091.10000000
1756260000000,1144355.60000000,542029.70000000
1756263600000,6125293.20000000,2640946.70000000
1756267200000,3471114.50000000,1601826.80000000
1756270800000,3254875.50000000,1851403.40000000
1756274400000,2284800.10000000,1389791.10000000
1756278000000,2214647.40000000,1021332.20000000
1756281600000,4529214.80000000,1891093.30000000
1756285200000,4087806.70000000,1787836.90000000
1756288800000,1313620.30000000,561228.90000000
1756292400000,1432210.90000000,735824.70000000
1756296000000,8398454.60000000,2371389.70000000
1756299600000,3587003.70000000,1850683.70000000
1756303200000,2418116.80000000,1095711.40000000
1756306800000,1707950.80000000,867938.40000000
1756310400000,1491471.20000000,714688.30000000
1756314000000,1203228.60000000,561986.80000000
1756317600000,1279488.40000000,491118.20000000
1756321200000,4600272.70000000,2658194.30000000
1756324800000,9847551.10000000,4452325.50000000
1756328400000,2855321.10000000,1290356.50000000
1756332000000,1668203.10000000,754513.90000000
1756335600000,1289921.10000000,554731.20000000
1756339200000,1963307.40000000,892060.60000000
1756342800000,793963.20000000,356598.20000000
1756346400000,1649336.70000000,761109.20000000
1756350000000,3018403.30000000,1211100.00000000
1756353600000,1745234.10000000,930586.10000000
1756357200000,2038638.80000000,984679.30000000
1756360800000,1533233.80000000,804003.00000000
1756364400000,1187763.10000000,671716.70000000
1756368000000,4101402.40000000,2752293.90000000
1756371600000,1186676.90000000,163337.30000000
1756375200000,1502825.00000000,509635.60000000
1756378800000,2230956.70000000,1287776.20000000
1756382400000,2917501.20000000,1845182.40000000
1756386000000,2688638.10000000,1599318.80000000
1756389600000,5943577.60000000,3018121.30000000
1756393200000,5079396.60000000,1570512.80000000
1756396800000,4057401.80000000,2126960.10000000
1756400400000,2344437.70000000,1193143.00000000
1756404000000,2011650.10000000,1278494.10000000
1756407600000,2261863.90000000,959540.00000000
1756411200000,2496059.20000000,1388444.10000000
1756414800000,1141996.40000000,451763.40000000
1756418400000,3583325.50000000,2012261.30000000
1756422000000,3497194.20000000,1020465.60000000
1756425600000,2577589.40000000,1211186.60000000
1756429200000,2100085.90000000,1362256.30000000
1756432800000,2464172.70000000,1125009.10000000
1756436400000,3844304.10000000,2549621.50000000
1756440000000,3783448.30000000,2246967.40000000
1756443600000,1722852.80000000,841148.90000000
1756447200000,1819759.90000000,931248.00000000
1756450800000,4906973.20000000,2757173.00000000
1756454400000,3973094.00000000,2183155.00000000
1756458000000,5016923.60000000,1435615.90000000
1756461600000,2038130.00000000,649639.30000000
1756465200000,1377151.90000000,390616.90000000
1756468800000,7668871.70000000,4007164.90000000
1756472400000,4030940.60000000,1851076.60000000
1756476000000,5878586.00000000,3025101.10000000
1756479600000,3837924.40000000,2267678.20000000
1756483200000,4810764.00000000,3310688.20000000
1756486800000,64907753.50000000,20644192.30000000
1756490400000,5285747.00000000,3114879.00000000
1756494000000,6255303.20000000,2554369.50000000
1756497600000,2402806.10000000,1230188.50000000
1756501200000,3483724.10000000,1564855.70000000
1756504800000,1119880.30000000,598935.00000000
1756508400000,1293584.90000000,736351.80000000
1756512000000,1460920.60000000,403848.10000000
1756515600000,2488315.70000000,1264623.30000000
1756519200000,1899367.60000000,800970.00000000
1756522800000,4711389.40000000,2793979.60000000
1756526400000,1710396.20000000,1046231.90000000
1756530000000,3837800.70000000,686167.40000000
1756533600000,1903012.90000000,719611.20000000
1756537200000,2324471.30000000,1404271.70000000
1756540800000,1164082.70000000,518847.90000000
1756544400000,1295452.30000000,478515.60000000
1756548000000,1776075.70000000,438553.60000000
1756551600000,5873393.70000000,2403988.90000000
1756555200000,2646166.10000000,738527.80000000
1756558800000,4065795.00000000,2185163.40000000
1756562400000,1586059.80000000,614660.20000000
1756566000000,2671019.70000000,1751157.20000000
1756569600000,1672440.20000000,569549.30000000
1756573200000,4860186.30000000,3363656.50000000
1756576800000,2003195.70000000,549581.00000000
1756580400000,1534822.20000000,580218.90000000
1756584000000,3284132.80000000,1779578.80000000
1756587600000,567048.60000000,248429.50000000
1756591200000,971533.80000000,437539.40000000
1756594800000,1220583.00000000,564233.60000000
1756598400000,1552186.00000000,863154.10000000
1756602000000,1071009.60000000,627946.30000000
1756605600000,1352024.60000000,297565.50000000
1756609200000,1200354.20000000,598984.40000000
1756612800000,990501.70000000,398000.30000000
1756616400000,687668.60000000,389997.60000000
1756620000000,795501.60000000,475768.60000000
1756623600000,656224.00000000,344268.20000000
1756627200000,5740037.60000000,2348854.20000000
1756630800000,1843532.20000000,996685.40000000
1756634400000,3727648.90000000,1242449.10000000
1756638000000,1487415.90000000,792480.70000000
1756641600000,2626407.00000000,823387.40000000
1756645200000,1098685.30000000,837446.00000000
1756648800000,4945616.90000000,2548486.80000000
1756652400000,1614832.70000000,742691.00000000
1756656000000,1048609.50000000,352045.50000000
1756659600000,1417575.00000000,719024.90000000
1756663200000,4534418.50000000,2370650.00000000
1756666800000,1946052.50000000,954879.30000000
1756670400000,558683.00000000,268473.00000000
1756674000000,1216484.90000000,748818.90000000
1756677600000,2418930.50000000,1790897.50000000
1756681200000,3919562.20000000,1767703.90000000
1756684800000,4120650.70000000,1953478.80000000
1756688400000,2731816.50000000,1612125.00000000
1756692000000,6669236.50000000,3058344.70000000
1756695600000,1497140.00000000,605202.70000000
1756699200000,6372917.00000000,3142535.00000000
1756702800000,16971610.50000000,6729812.80000000
1756706400000,3995404.60000000,2173789.40000000
1756710000000,5776958.30000000,2730543.40000000
1756713600000,3685888.40000000,1492966.50000000
1756717200000,1748871.70000000,626986.70000000
1756720800000,3524905.60000000,1717395.70000000
1756724400000,3925650.10000000,1557574.20000000
1756728000000,2781500.60000000,1411386.70000000
1756731600000,4955666.40000000,2861941.50000000
1756735200000,3747647.80000000,1512700.40000000
1756738800000,6327063.40000000,2585089.70000000
1756742400000,5969418.20000000,2614589.40000000
1756746000000,6695631.20000000,3540075.80000000
1756749600000,5168506.80000000,2438905.10000000
1756753200000,4767963.60000000,1905476.00000000
1756756800000,12724184.70000000,5425661.40000000
1756760400000,8621398.60000000,4411051.50000000
1756764000000,7717721.70000000,3247013.40000000
1756767600000,2652028.10000000,1333998.70000000
1756771200000,14780656.80000000,12336629.00000000
1756774800000,2383807.60000000,1200753.40000000
1756778400000,2395408.70000000,921985.00000000
1756782000000,1300677.10000000,513396.00000000
1756785600000,3478213.60000000,1858807.10000000
1756789200000,1205838.70000000,608349.80000000
1756792800000,2181516.20000000,1175646.90000000
1756796400000,5182606.50000000,2172293.20000000
1756800000000,1352558.20000000,739439.10000000
1756803600000,2132887.50000000,645549.10000000
1756807200000,1220366.20000000,436957.50000000
1756810800000,1618088.80000000,412903.80000000
1756814400000,4723071.60000000,2207415.10000000
1756818000000,10442411.00000000,4019663.20000000
1756821600000,5609616.40000000,1858809.50000000
1756825200000,4654973.50000000,2516035.90000000
1756828800000,4536167.60000000,2176395.90000000
1756832400000,2417914.00000000,1097550.20000000
1756836000000,4000243.50000000,2021561.00000000
1756839600000,1794110.50000000,633109.00000000
1756843200000,2371251.20000000,1003630.90000000
1756846800000,4458629.70000000,2460704.40000000
1756850400000,1873357.10000000,673805.70000000
1756854000000,1657542.30000000,883769.20000000
1756857600000,1512274.10000000,745139.60000000
1756861200000,1870975.10000000,879981.60000000
1756864800000,5073685.10000000,2806784.90000000
1756868400000,2921950.00000000,1825924.30000000
1756872000000,1664110.10000000,669506.70000000
1756875600000,962557.80000000,449044.70000000
1756879200000,1146795.60000000,494146.80000000
1756882800000,1068198.60000000,615817.20000000
1756886400000,1984316.10000000,1071694.40000000
1756890000000,3199957.50000000,1774837.20000000
1756893600000,2980763.00000000,1622689.50000000
1756897200000,4924091.70000000,2841086.10000000
1756900800000,4779726.60000000,2319838.20000000
1756904400000,2123876.60000000,765803.40000000
1756908000000,4806903.00000000,2743607.70000000
1756911600000,5205920.90000000,3229096.10000000
1756915200000,3754295.30000000,999161.00000000
1756918800000,1210435.30000000,479311.50000000
1756922400000,1050270.60000000,382040.40000000
1756926000000,4941980.00000000,3904929.70000000
1756929600000,2758149.60000000,864154.90000000
1756933200000,1267504.90000000,711355.40000000
1756936800000,513844.90000000,237728.40000000
1756940400000,1074462.20000000,640434.30000000
1756944000000,993226.20000000,522399.10000000
1756947600000,618586.10000000,316947.00000000
1756951200000,2598808.40000000,744289.10000000
1756954800000,5300631.00000000,1739230.20000000
1756958400000,4467386.20000000,1716923.30000000
1756962000000,4592865.90000000,2168823.90000000
1756965600000,1514864.30000000,863380.00000000
1756969200000,1579063.40000000,605970.30000000
1756972800000,1770463.70000000,1019666.00000000
1756976400000,1123099.30000000,618349.80000000
1756980000000,3879814.60000000,2356565.00000000
1756983600000,1745463.20000000,879643.00000000
1756987200000,1711578.90000000,1047069.00000000
1756990800000,4022091.10000000,2326614.80000000
1756994400000,4977523.10000000,2572889.60000000
1756998000000,6193201.40000000,3554294.10000000
1757001600000,3269500.20000000,2261799.60000000
1757005200000,20542082.30000000,7462247.70000000
1757008800000,5453231.10000000,1932403.60000000
1757012400000,3706035.50000000,1612969.30000000
1757016000000,2466016.30000000,1310743.80000000
1757019600000,2265809.80000000,1512454.00000000
1757023200000,3532546.10000000,1752988.20000000
1757026800000,1936840.50000000,607965.00000000
1757030400000,2841319.20000000,1031999.50000000
1757034000000,1519665.40000000,703373.10000000
1757037600000,2358409.80000000,885842.60000000
1757041200000,2528724.80000000,1168049.20000000
1757044800000,1479240.80000000,899264.60000000
1757048400000,1221719.10000000,769251.60000000
1757052000000,2080079.40000000,834224.00000000
1757055600000,4718690.80000000,2580278.50000000
1757059200000,2088645.10000000,895375.10000000
1757062800000,1331559.70000000,680579.00000000
1757066400000,1553871.70000000,561584.80000000
1757070000000,1152179.10000000,729331.20000000
1757073600000,8745782.60000000,4843866.40000000
1757077200000,8458393.40000000,4198607.60000000
1757080800000,11455219.40000000,5547058.30000000
1757084400000,3174731.50000000,1368735.70000000
1757088000000,1814520.10000000,812067.80000000
1757091600000,1586981.20000000,945141.70000000
1757095200000,2527652.60000000,1443088.90000000
1757098800000,23026990.50000000,10504740.50000000
1757102400000,2287872.80000000,980803.00000000
1757106000000,2478696.80000000,1341297.80000000
1757109600000,1523186.30000000,867072.20000000
1757113200000,982980.40000000,534284.50000000
1757116800000,1264176.70000000,207325.70000000
1757120400000,1366760.90000000,763968.80000000
1757124000000,611765.00000000,390321.30000000
1757127600000,452610.00000000,191637.70000000
1757131200000,2416025.00000000,872343.70000000
1757134800000,1447517.90000000,642440.70000000
1757138400000,783852.50000000,335008.90000000
1757142000000,859935.40000000,284778.20000000
1757145600000,2570038.10000000,1584801.50000000
1757149200000,1491412.30000000,549088.60000000
1757152800000,2464225.40000000,1269223.80000000
1757156400000,1113415.90000000,651159.40000000
1757160000000,2508114.60000000,796104.10000000
1757163600000,1019795.60000000,488541.20000000
1757167200000,3502856.90000000,1620549.10000000
1757170800000,2856973.50000000,1285010.00000000
1757174400000,4011701.80000000,1793476.50000000
1757178000000,1657362.70000000,1062191.30000000
1757181600000,2200182.20000000,1066282.70000000
1757185200000,5219636.80000000,2520863.90000000
1757188800000,2699515.90000000,1159289.60000000
1757192400000,2354577.00000000,1128650.60000000
1757196000000,4081745.80000000,1776726.50000000
1757199600000,3110397.70000000,1705831.00000000
1757203200000,2213528.80000000,1039471.30000000
1757206800000,3207134.60000000,1019122.20000000
1757210400000,3065430.20000000,1702932.10000000
1757214000000,4861909.70000000,2005103.80000000
1757217600000,5980327.30000000,2827370.50000000
1757221200000,3412557.20000000,1377216.80000000
1757224800000,2460531.50000000,1084204.50000000
1757228400000,2555440.30000000,920890.80000000
1757232000000,1950462.80000000,672857.00000000
1757235600000,1942586.60000000,872881.70000000
1757239200000,1239374.20000000,690882.90000000
1757242800000,6671968.00000000,4546298.40000000
1757246400000,8082649.30000000,1920495.30000000
1757250000000,1302985.10000000,679629.60000000
1757253600000,4215202.00000000,2389134.90000000
1757257200000,2492218.70000000,1032769.40000000
1757260800000,1433167.00000000,634529.90000000
1757264400000,5005903.50000000,1888407.70000000
1757268000000,3151038.90000000,1345805.00000000
1757271600000,2508733.10000000,987178.40000000
1757275200000,3357139.30000000,2138704.60000000
1757278800000,7777991.00000000,5726380.10000000
1757282400000,2905183.60000000,1580577.10000000
1757286000000,2446508.10000000,1377033.10000000
1757289600000,3458566.40000000,2413314.30000000
1757293200000,1144741.40000000,403584.40000000
1757296800000,1501576.50000000,693571.90000000
1757300400000,2554372.80000000,1061365.20000000
1757304000000,2181363.60000000,1109340.10000000
1757307600000,2509456.10000000,1414592.30000000
1757311200000,3212028.70000000,1739130.20000000
1757314800000,3480999.40000000,1946759.10000000
1757318400000,4484794.30000000,2449024.10000000
1757322000000,4060767.20000000,2284810.60000000
1757325600000,10228683.70000000,7472256.60000000
1757329200000,11071600.30000000,3644425.80000000
1757332800000,2249969.00000000,654342.70000000
1757336400000,3622369.70000000,1946824.50000000
1757340000000,5785438.20000000,2650373.30000000
1757343600000,9826945.60000000,6237114.30000000
1757347200000,9227816.60000000,4076723.80000000
1757350800000,7697871.40000000,3415252.40000000
1757354400000,4730310.80000000,2198372.90000000
1757358000000,3912978.50000000,1901771.30000000
1757361600000,3711470.40000000,2022475.20000000
1757365200000,4464241.70000000,2521259.70000000
1757368800000,4072516.30000000,1767689.30000000
1757372400000,1597991.00000000,850302.10000000
1757376000000,5665182.90000000,2358278.70000000
1757379600000,3874484.00000000,1706058.30000000
1757383200000,5066379.80000000,2259729.10000000
1757386800000,2230374.40000000,811669.70000000
1757390400000,2629945.40000000,1333116.80000000
1757394000000,3125213.90000000,1731448.20000000
1757397600000,7450431.80000000,4231973.10000000
1757401200000,6572160.90000000,2379699.20000000
1757404800000,3116805.00000000,1204140.20000000
1757408400000,2585436.50000000,972668.90000000
1757412000000,5892314.80000000,2693617.00000000
1757415600000,3992036.00000000,1508984.70000000
1757419200000,8468050.60000000,4451284.50000000
1757422800000,2816007.50000000,1352013.20000000
1757426400000,12381771.50000000,5029893.60000000
1757430000000,5950207.30000000,3049065.50000000
1757433600000,3221595.20000000,1170180.90000000
1757437200000,1497396.00000000,792468.80000000
1757440800000,1654491.70000000,897218.10000000
1757444400000,2318304.30000000,1078641.50000000
1757448000000,2287992.00000000,1098623.00000000
1757451600000,1870316.10000000,858536.60000000
1757455200000,1292918.30000000,702239.10000000
1757458800000,2517018.20000000,1488468.60000000
1757462400000,1666249.00000000,885547.50000000
1757466000000,1161936.10000000,562006.80000000
1757469600000,4216563.30000000,1914770.30000000
1757473200000,3066007.80000000,1527678.40000000
1757476800000,4320260.60000000,2229730.20000000
1757480400000,3885709.10000000,1859817.50000000
1757484000000,5814634.50000000,2646126.90000000
1757487600000,4313283.80000000,2069240.20000000
1757491200000,1110146.30000000,464078.70000000
1757494800000,2906508.10000000,1023774.90000000
1757498400000,77471944.10000000,44257632.40000000
1757502000000,63763127.30000000,31991509.30000000
1757505600000,28833054.30000000,13117787.10000000
1757509200000,33119661.20000000,17809088.50000000
1757512800000,24979794.60000000,13157625.30000000
1757516400000,19366402.40000000,9958916.10000000
1757520000000,13582799.70000000,6217294.80000000
1757523600000,5966067.00000000,2873056.30000000
1757527200000,7911400.30000000,5133986.50000000
1757530800000,9187732.20000000,4696118.70000000
1757534400000,6300300.20000000,2382423.00000000
1757538000000,2875828.60000000,1324244.70000000
1757541600000,2587915.90000000,1014809.50000000
1757545200000,2928972.90000000,983794.30000000
1757548800000,2252595.40000000,1336174.50000000
1757552400000,3085055.00000000,1757492.40000000
1757556000000,4017256.30000000,1655950.20000000
1757559600000,6780881.80000000,4403728.90000000
1757563200000,3911311.60000000,2276801.20000000
1757566800000,5826257.20000000,3032736.40000000
1757570400000,2169995.30000000,1138884.60000000
1757574000000,7569456.00000000,2914672.30000000
1757577600000,3765240.00000000,1228653.40000000
1757581200000,2679271.60000000,1426658.50000000
1757584800000,2156481.60000000,629075.50000000
1757588400000,11161201.60000000,2944957.10000000
1757592000000,12121536.40000000,5276209.20000000
1757595600000,7122428.30000000,4086913.80000000
1757599200000,2196768.00000000,1169353.50000000
1757602800000,4674044.90000000,2055980.80000000
1757606400000,2178804.10000000,822933.50000000
1757610000000,1920806.50000000,1115236.20000000
1757613600000,1007190.90000000,429000.60000000
1757617200000,1889742.30000000,580634.70000000
1757620800000,838144.90000000,469754.00000000
1757624400000,951596.10000000,529066.30000000
1757628000000,2173802.20000000,779383.90000000
1757631600000,2572787.20000000,1081529.80000000
1757635200000,4081373.20000000,2147266.60000000
1757638800000,3163312.50000000,1577381.30000000
1757642400000,1482550.60000000,831273.10000000
1757646000000,1613945.40000000,982030.50000000
1757649600000,1896660.00000000,889444.90000000
1757653200000,4048092.70000000,2282519.60000000
1757656800000,7473387.30000000,3924087.30000000
1757660400000,5237143.80000000,3089687.00000000
1757664000000,3691624.60000000,1554913.70000000
1757667600000,2312462.10000000,1327730.00000000
1757671200000,2341569.60000000,1096567.20000000
1757674800000,2029684.70000000,897703.20000000
1757678400000,7244558.40000000,3279924.70000000
1757682000000,1942691.10000000,854189.50000000
1757685600000,2890197.40000000,1445354.80000000
1757689200000,3355365.10000000,1814338.00000000
1757692800000,7400588.30000000,3789114.20000000
1757696400000,13905139.20000000,7163315.70000000
1757700000000,7664420.30000000,4463953.40000000
1757703600000,7079441.90000000,2982800.40000000
1757707200000,6065678.80000000,3368410.60000000
1757710800000,5707059.30000000,2839997.20000000
1757714400000,2315398.30000000,1090917.00000000
1757718000000,2953767.50000000,1237878.80000000
1757721600000,3373872.50000000,1446656.20000000
1757725200000,13211780.70000000,6419544.90000000
1757728800000,15233284.10000000,7967151.60000000
1757732400000,6167696.50000000,3427341.90000000
1757736000000,7100573.50000000,3131482.60000000
1757739600000,2870049.80000000,1522665.00000000
1757743200000,6263090.00000000,2805343.60000000
1757746800000,3192772.70000000,1365283.40000000
1757750400000,2814898.50000000,1391645.80000000
1757754000000,5851917.90000000,3112388.50000000
1757757600000,9319349.30000000,5111482.00000000
1757761200000,6086188.70000000,2976937.40000000
1757764800000,6836350.60000000,2757522.30000000
1757768400000,19588355.30000000,9174602.10000000
1757772000000,4858178.20000000,1812225.00000000
1757775600000,6480647.60000000,3295091.90000000
1757779200000,7772816.20000000,3601821.40000000
1757782800000,4445321.20000000,1934879.80000000
1757786400000,1676402.50000000,896730.40000000
1757790000000,2295738.70000000,1107244.40000000
1757793600000,2369026.30000000,1224273.10000000
1757797200000,1594082.40000000,770253.60000000
1757800800000,1067790.50000000,344156.10000000
1757804400000,1280515.90000000,1063389.60000000
1757808000000,1801548.40000000,862777.90000000
1757811600000,4583145.30000000,2297797.20000000
1757815200000,4858881.00000000,1832672.20000000
1757818800000,4081708.40000000,1909262.70000000
1757822400000,5108195.60000000,2187996.80000000
1757826000000,1300649.60000000,586002.30000000
1757829600000,3528423.00000000,2115757.40000000
1757833200000,1671971.00000000,499455.10000000
1757836800000,2120396.30000000,845316.60000000
1757840400000,4636319.70000000,2597696.20000000
1757844000000,2953588.60000000,984961.90000000
1757847600000,7606198.70000000,3823092.30000000
1757851200000,3954887.00000000,2137695.50000000
1757854800000,5879374.60000000,2454914.50000000
1757858400000,5795189.50000000,2275341.70000000
1757862000000,2791046.70000000,1540222.30000000
1757865600000,2360526.00000000,840083.00000000
1757869200000,2272086.80000000,1027988.00000000
1757872800000,1812147.20000000,701093.10000000
1757876400000,2781651.40000000,1917722.90000000
1757880000000,1698268.80000000,621237.50000000
1757883600000,3765215.00000000,1743553.60000000
1757887200000,1185359.00000000,547288.70000000
1757890800000,2936114.90000000,2129727.40000000
1757894400000,1455413.80000000,677402.30000000
1757898000000,5972448.90000000,3426841.50000000
1757901600000,2825878.40000000,1477153.10000000
1757905200000,4313782.90000000,2577812.20000000
1757908800000,1096183.70000000,475746.20000000
1757912400000,1804347.60000000,885783.80000000
1757916000000,7131217.30000000,4439531.30000000
1757919600000,7114038.10000000,2943533.90000000
1757923200000,17043081.30000000,10037727.30000000
1757926800000,3643098.60000000,1786002.10000000
1757930400000,1727436.60000000,1004843.30000000
1757934000000,1467747.70000000,787539.50000000
1757937600000,1660389.20000000,720197.80000000
1757941200000,2985891.40000000,1092588.10000000
1757944800000,4979629.50000000,1975840.90000000
1757948400000,5280132.50000000,2413030.80000000
1757952000000,2488609.40000000,1181831.70000000
1757955600000,1443611.60000000,485673.30000000
1757959200000,940434.00000000,440222.50000000
1757962800000,2557744.30000000,1303541.50000000
1757966400000,645009.60000000,234267.10000000
1757970000000,907094.00000000,600300.30000000
1757973600000,632453.90000000,346163.70000000
1757977200000,717757.60000000,336906.10000000
1757980800000,1744164.50000000,879622.70000000
1757984400000,1170219.30000000,562899.30000000
1757988000000,2084795.90000000,1779454.60000000
1757991600000,608631.10000000,201870.20000000
1757995200000,1576872.10000000,780295.00000000
1757998800000,3975701.10000000,2561045.20000000
1758002400000,2730476.10000000,2159169.60000000
1758006000000,1174289.90000000,253666.60000000
1758009600000,2368266.30000000,909366.20000000
1758013200000,1654083.90000000,738603.40000000
1758016800000,2036560.90000000,602740.00000000
1758020400000,1585309.70000000,814771.30000000
1758024000000,880512.70000000,192422.80000000
1758027600000,5944710.20000000,2728540.80000000
1758031200000,2585916.10000000,854084.60000000
1758034800000,4954460.70000000,2950369.70000000
1758038400000,2699133.90000000,1283852.90000000
1758042000000,82869206.10000000,47875420.40000000
1758045600000,183056062.00000000,93064577.60000000
1758049200000,92731321.90000000,47758377.30000000
1758052800000,39840308.10000000,18473275.60000000
1758056400000,15720293.50000000,6475547.40000000
1758060000000,19613872.60000000,10335039.00000000
1758063600000,37829559.30000000,18071148.80000000
1758067200000,68427491.70000000,34181928.50000000
1758070800000,60100935.40000000,31616488.90000000
1758074400000,184326010.30000000,95129816.30000000
1758078000000,149655530.00000000,63234321.90000000
1758081600000,68791077.50000000,36198928.40000000
1758085200000,59318165.30000000,28553814.90000000
1758088800000,66209507.40000000,33019368.10000000
1758092400000,30361964.70000000,13913821.30000000
1758096000000,31372304.90000000,15038986.80000000
1758099600000,24280611.20000000,13671542.10000000
1758103200000,51275145.50000000,23272441.30000000
1758106800000,19925863.00000000,10490695.70000000
1758110400000,16798734.90000000,7183372.70000000
1758114000000,13061518.80000000,6381460.60000000
1758117600000,15515044.40000000,7428579.90000000
1758121200000,9401873.60000000,5130970.30000000
1758124800000,19999483.00000000,7929340.10000000
1758128400000,10958588.20000000,5466185.20000000
1758132000000,48480599.20000000,24492233.20000000
1758135600000,14513118.30000000,7072653.10000000
1758139200000,9107997.50000000,4092713.80000000
1758142800000,6202445.50000000,3169337.00000000
1758146400000,10398176.60000000,5681518.40000000
1758150000000,9364767.60000000,4743227.30000000
1758153600000,7096777.80000000,2510798.10000000
1758157200000,4962722.70000000,2629489.20000000
1758160800000,8352811.50000000,4019110.80000000
1758164400000,8356863.70000000,4113090.00000000
1758168000000,10820610.70000000,6019258.30000000
1758171600000,11529154.60000000,5850658.20000000
1758175200000,15148129.60000000,7752626.30000000
1758178800000,28784262.50000000,14935804.00000000
1758182400000,82934868.20000000,42466131.70000000
1758186000000,109806535.20000000,55853102.20000000
1758189600000,53351259.60000000,24567802.80000000
1758193200000,19779971.30000000,8764897.00000000
1758196800000,22172423.10000000,8376538.50000000
1758200400000,13076578.10000000,5182571.80000000
1758204000000,13732556.80000000,7367354.30000000
1758207600000,11335919.60000000,6141216.90000000
1758211200000,12986616.60000000,5987074.00000000
1758214800000,8300180.00000000,3999323.30000000
1758218400000,6440014.80000000,2889511.20000000
1758222000000,7706985.20000000,3320584.60000000
1758225600000,2540524.30000000,1414142.90000000
1758229200000,2150739.90000000,666365.60000000
1758232800000,5129914.30000000,2170994.30000000
1758236400000,27911497.40000000,14119210.00000000
1758240000000,34239516.30000000,15835123.90000000
1758243600000,10172108.80000000,5463445.10000000
1758247200000,8390847.10000000,4587731.70000000
1758250800000,23440970.30000000,10547667.00000000
1758254400000,24267392.90000000,9680422.30000000
1758258000000,4920581.70000000,2382332.00000000
1758261600000,7171390.80000000,3879498.00000000
1758265200000,8279464.60000000,3789093.20000000
1758268800000,10773689.40000000,6672608.30000000
1758272400000,5336478.50000000,2916077.70000000
1758276000000,5223064.20000000,2122248.20000000
1758279600000,11986877.20000000,5329797.40000000
1758283200000,5212194.90000000,2043755.70000000
1758286800000,6427316.00000000,3426338.00000000
1758290400000,8489135.50000000,4516478.70000000
1758294000000,12382198.40000000,5628866.50000000
1758297600000,3148534.10000000,1751609.60000000
1758301200000,4761117.10000000,2100583.60000000
1758304800000,5046147.20000000,1561184.60000000
1758308400000,1279137.50000000,596189.70000000
1758312000000,5383872.10000000,2439668.10000000
1758315600000,6982432.80000000,4039803.90000000
1758319200000,4034434.00000000,2180210.60000000
1758322800000,13048048.10000000,6849690.40000000
1758326400000,9714544.90000000,5427085.10000000
1758330000000,5032836.70000000,2258033.00000000
1758333600000,6885062.70000000,3633805.80000000
1758337200000,3716773.30000000,1721920.10000000
1758340800000,37978802.90000000,20289228.30000000
1758344400000,61075664.50000000,29573053.10000000
1758348000000,21311138.50000000,9098597.70000000
1758351600000,36690674.90000000,20315824.20000000
1758355200000,58204766.10000000,32324710.60000000
1758358800000,42040641.90000000,20283748.80000000
1758362400000,23669903.20000000,12001248.70000000
1758366000000,21272756.50000000,10384674.40000000
1758369600000,15561545.50000000,7237973.30000000
1758373200000,16120789.90000000,7213561.60000000
1758376800000,38588609.00000000,23650410.40000000
1758380400000,57349444.70000000,27079859.30000000
1758384000000,56173967.30000000,28692283.30000000
1758387600000,57189226.00000000,30185850.60000000
1758391200000,70663071.90000000,35331111.80000000
1758394800000,35552895.10000000,13729852.50000000
1758398400000,20167528.10000000,10611262.20000000
1758402000000,21337378.90000000,11804369.80000000
1758405600000,18611068.10000000,7535477.00000000
1758409200000,11806420.80000000,5421069.70000000
1758412800000,32534004.20000000,15268830.80000000
1758416400000,18148530.60000000,8935329.80000000
1758420000000,11605313.30000000,6736212.00000000
1758423600000,10331623.80000000,4643430.50000000
1758427200000,10915282.20000000,5293708.20000000
1758430800000,11355977.60000000,4022627.90000000
1758434400000,18160317.40000000,8228542.50000000
1758438000000,39862359.40000000,20969978.50000000
1758441600000,8550915.20000000,4209296.20000000
1758445200000,19906299.50000000,10646895.20000000
1758448800000,5251610.40000000,2526899.70000000
1758452400000,15251189.70000000,7399540.00000000
1758456000000,13924954.10000000,7200118.10000000
1758459600000,6172492.90000000,2973326.10000000
1758463200000,7192612.00000000,3237002.70000000
1758466800000,10653712.80000000,5896527.70000000
1758470400000,13713923.90000000,4914671.10000000
1758474000000,12034113.40000000,6028160.40000000
1758477600000,5952543.20000000,2608248.70000000
1758481200000,4138597.00000000,1683798.60000000
1758484800000,2329972.70000000,1047873.70000000
1758488400000,3389318.90000000,1337286.10000000
1758492000000,4470265.20000000,2072762.60000000
1758495600000,4143546.10000000,2339450.40000000
1758499200000,23186504.90000000,10489717.60000000
1758502800000,10517666.40000000,5017890.50000000
1758506400000,11544312.30000000,5122599.50000000
1758510000000,5067197.60000000,1997795.90000000
1758513600000,6327081.40000000,2743933.50000000
1758517200000,11820810.20000000,6008490.00000000
1758520800000,74567568.70000000,35365217.00000000
1758524400000,15273043.00000000,5838079.10000000
1758528000000,9755574.80000000,4667598.80000000
1758531600000,11223086.60000000,4761411.10000000
1758535200000,9182398.40000000,4826847.60000000
1758538800000,6935090.70000000,3361445.00000000
1758542400000,14219322.20000000,5493247.50000000
1758546000000,9687218.90000000,4732436.60000000
1758549600000,15793758.80000000,7854683.80000000
1758553200000,12867441.10000000,6391643.20000000
1758556800000,12573564.10000000,5658135.80000000
1758560400000,9234010.20000000,4156861.20000000
1758564000000,6160631.20000000,3110187.90000000
1758567600000,11946570.50000000,6528958.20000000
1758571200000,6723457.30000000,3139200.70000000
1758574800000,6971155.00000000,3847659.90000000
1758578400000,2198684.60000000,1008406.00000000
1758582000000,6568023.80000000,3567787.10000000
1758585600000,3799115.20000000,1991056.30000000
1758589200000,5001605.90000000,2031049.30000000
1758592800000,5913561.40000000,2854062.00000000
1758596400000,12148688.00000000,5070754.10000000
1758600000000,3768876.30000000,1724840.20000000
1758603600000,4797757.10000000,1795787.00000000
1758607200000,8091506.00000000,4309137.20000000
1758610800000,11335095.60000000,6031200.20000000
1758614400000,9615396.50000000,5076838.00000000
1758618000000,4895791.70000000,2334094.80000000
1758621600000,10817472.70000000,6251206.30000000
1758625200000,3550875.00000000,1707275.00000000
1758628800000,6570574.90000000,2562127.80000000
1758632400000,4223683.90000000,2093994.50000000
1758636000000,6546040.70000000,3157663.20000000
1758639600000,5230017.90000000,2146541.30000000
1758643200000,7617739.40000000,3664032.70000000
1758646800000,8336079.30000000,2622152.70000000
1758650400000,8801801.60000000,3262921.40000000
1758654000000,5592224.70000000,2136990.60000000
1758657600000,4473576.40000000,2451181.30000000
1758661200000,4664248.20000000,2935402.70000000
1758664800000,3673404.50000000,1527135.60000000
1758668400000,13204419.10000000,5758584.50000000
1758672000000,7478878.80000000,2840626.40000000
1758675600000,5445540.90000000,2807906.20000000
1758679200000,3776542.20000000,2235285.20000000
1758682800000,6772164.10000000,3388893.10000000
1758686400000,16240736.60000000,7854501.50000000
1758690000000,8237675.80000000,4661990.30000000
1758693600000,5858946.20000000,1283497.50000000
1758697200000,5335149.60000000,2613665.40000000
1758700800000,5165511.80000000,1622208.20000000
1758704400000,5283611.00000000,3138747.40000000
1758708000000,9223171.90000000,5293843.10000000
1758711600000,8786799.20000000,2836628.10000000
1758715200000,8126347.90000000,4398530.50000000
1758718800000,4616962.40000000,2553473.90000000
1758722400000,9323786.30000000,4939659.90000000
1758726000000,6153782.50000000,2923839.60000000
1758729600000,4861047.70000000,2530888.00000000
1758733200000,3271528.90000000,2130002.80000000
1758736800000,4653047.90000000,2209639.50000000
1758740400000,3016294.50000000,1804356.90000000
1758744000000,3894943.80000000,2581258.50000000
1758747600000,3701138.70000000,1703230.90000000
1758751200000,2430085.00000000,983855.20000000
1758754800000,1510429.00000000,772161.70000000
1758758400000,3009409.70000000,1751730.40000000
1758762000000,3682679.90000000,1630843.40000000
1758765600000,7320887.50000000,2200153.90000000
1758769200000,9813091.10000000,3984827.30000000
1758772800000,8661540.70000000,3056216.30000000
1758776400000,4466392.20000000,2181654.20000000
1758780000000,8722506.40000000,3951398.20000000
1758783600000,11419490.50000000,6052328.20000000
1758787200000,24542630.90000000,12462383.70000000
1758790800000,12610031.80000000,4706178.20000000
1758794400000,5625852.90000000,3191341.50000000
1758798000000,7046932.00000000,2509849.30000000
1758801600000,15548958.50000000,6086240.70000000
1758805200000,18917562.20000000,9962654.50000000
1758808800000,6591137.70000000,3568877.70000000
1758812400000,7942888.90000000,3307424.60000000
1758816000000,7212397.90000000,2772261.00000000
1758819600000,21572208.70000000,9169420.30000000
1758823200000,8353411.50000000,4452025.10000000
1758826800000,2952419.10000000,1407642.60000000
1758830400000,4068625.70000000,2427254.60000000
1758834000000,3783750.60000000,1740786.10000000
1758837600000,2262555.10000000,951186.50000000
1758841200000,8808632.50000000,3066334.60000000
1758844800000,4767722.10000000,2082961.90000000
1758848400000,5415816.40000000,2120965.30000000
1758852000000,1675786.20000000,869112.80000000
1758855600000,2646172.40000000,1364270.80000000
1758859200000,2112435.80000000,982601.40000000
1758862800000,2486231.30000000,1045411.70000000
1758866400000,6356432.70000000,3003401.50000000
1758870000000,3577800.90000000,1680105.60000000
1758873600000,2498496.70000000,1155210.40000000
1758877200000,8710451.00000000,3979871.00000000
1758880800000,5139763.80000000,2480175.10000000
1758884400000,3575985.90000000,1810434.20000000
1758888000000,11246171.60000000,4826173.30000000
1758891600000,7567873.30000000,4339698.40000000
1758895200000,3876258.50000000,1572527.70000000
1758898800000,3666185.80000000,2139092.40000000
1758902400000,2999155.00000000,1832686.10000000
1758906000000,5176550.00000000,2487562.70000000
1758909600000,4167368.90000000,2288337.30000000
1758913200000,4158754.10000000,2248017.00000000
1758916800000,1695467.20000000,740313.80000000
1758920400000,1916318.20000000,877828.50000000
1758924000000,2441850.90000000,1320995.00000000
1758927600000,2148103.50000000,1448679.80000000
1758931200000,1370749.00000000,568835.30000000
1758934800000,3383724.30000000,1188602.10000000
1758938400000,1092285.70000000,788597.70000000
1758942000000,2246115.80000000,991039.50000000
1758945600000,2500740.90000000,1879634.10000000
1758949200000,3010241.30000000,1454663.20000000
1758952800000,1584295.90000000,747867.50000000
1758956400000,4266279.40000000,2355220.20000000
1758960000000,5912013.70000000,3285396.10000000
1758963600000,4508508.70000000,2513101.20000000
1758967200000,4886619.90000000,2929095.90000000
1758970800000,2565181.40000000,1240948.10000000
1758974400000,7200720.80000000,3206011.50000000
1758978000000,2969389.30000000,1733400.30000000
1758981600000,8704274.00000000,4919106.70000000
1758985200000,11062795.90000000,5925389.80000000
1758988800000,10009941.70000000,5836024.90000000
1758992400000,5122895.90000000,2209688.50000000
1758996000000,2753851.50000000,1334047.40000000
1758999600000,3161437.80000000,1226147.50000000
1759003200000,2145090.90000000,899310.70000000
1759006800000,2241478.70000000,1082953.40000000
1759010400000,1111381.80000000,382279.40000000
1759014000000,2423464.90000000,979016.60000000
1759017600000,3808181.20000000,1633983.20000000
1759021200000,1927436.80000000,979727.30000000
1759024800000,1508828.90000000,656479.10000000
1759028400000,7714997.70000000,4984010.00000000
1759032000000,2163698.50000000,896681.80000000
1759035600000,1097910.50000000,326433.40000000
1759039200000,3405108.20000000,1174926.50000000
1759042800000,4344763.70000000,1847630.00000000
1759046400000,11825376.00000000,5981295.90000000
1759050000000,6270359.30000000,2692913.00000000
1759053600000,4194447.60000000,1671125.40000000
1759057200000,2137097.30000000,1381397.50000000
1759060800000,5213787.70000000,1585471.70000000
1759064400000,4961317.80000000,2718472.30000000
1759068000000,1195644.80000000,523755.60000000
1759071600000,2779372.60000000,817345.30000000
1759075200000,2770876.70000000,1668003.50000000
1759078800000,6160579.10000000,3621334.90000000
1759082400000,1131036.40000000,508406.60000000
1759086000000,1430350.10000000,430595.50000000
1759089600000,3134097.90000000,1413823.70000000
1759093200000,1561760.20000000,800556.90000000
1759096800000,3712580.60000000,2044080.80000000
1759100400000,1161878.00000000,464798.00000000
1759104000000,1216055.90000000,653028.50000000
1759107600000,1266670.10000000,596812.80000000
1759111200000,1003400.30000000,412848.70000000
1759114800000,1496094.90000000,896319.30000000
1759118400000,1361729.00000000,816040.50000000
1759122000000,3252714.20000000,1906612.80000000
1759125600000,1898630.30000000,757720.20000000
1759129200000,3664413.30000000,1399208.70000000
1759132800000,4671252.40000000,1830561.30000000
1759136400000,1930714.00000000,766028.20000000
1759140000000,1857929.00000000,1125246.20000000
1759143600000,7879276.80000000,2237706.50000000
1759147200000,4691836.00000000,2044357.60000000
1759150800000,4626840.80000000,2506453.80000000
1759154400000,7778292.80000000,3983046.70000000
1759158000000,3089295.10000000,1554954.10000000
1759161600000,4028480.10000000,1749952.90000000
1759165200000,3867313.30000000,1597934.30000000
1759168800000,7471263.00000000,5066571.70000000
1759172400000,4466058.90000000,1526231.60000000
1759176000000,2577678.70000000,1401679.40000000
1759179600000,1522289.90000000,1033613.00000000
1759183200000,2012682.40000000,884783.10000000
1759186800000,1777353.20000000,923040.20000000
1759190400000,3252505.70000000,1314999.90000000
1759194000000,2575127.50000000,1133229.50000000
1759197600000,1252365.50000000,490801.70000000
1759201200000,816707.20000000,441918.20000000
1759204800000,1034253.40000000,609206.10000000
1759208400000,2410453.10000000,1237475.80000000
1759212000000,1597826.00000000,726857.10000000
1759215600000,1794405.60000000,843135.00000000
1759219200000,3442460.80000000,1511524.10000000
1759222800000,3527740.90000000,1683601.50000000
1759226400000,2119771.30000000,1291337.00000000
1759230000000,10984118.60000000,5917968.90000000
1759233600000,5131988.30000000,2771689.70000000
1759237200000,5289415.20000000,2927040.50000000
1759240800000,4974605.50000000,2763102.30000000
1759244400000,6333786.80000000,2538182.90000000
1759248000000,4392659.70000000,1347991.70000000
1759251600000,3721717.20000000,1724358.90000000
1759255200000,3331957.90000000,1120369.40000000
1759258800000,4276448.10000000,1912156.30000000
1759262400000,3725014.00000000,1875365.10000000
1759266000000,2011448.20000000,900484.20000000
1759269600000,3177697.30000000,1189382.30000000
1759273200000,2125311.10000000,1168329.30000000
1759276800000,1664051.00000000,567882.10000000
1759280400000,1392509.20000000,749667.60000000
1759284000000,1745689.30000000,809330.60000000
1759287600000,1616390.50000000,634213.50000000
1759291200000,4147749.30000000,1527127.60000000
1759294800000,2483423.10000000,1299461.10000000
1759298400000,2877171.60000000,976687.30000000
1759302000000,1778579.70000000,900382.40000000
1759305600000,12336732.10000000,6251792.30000000
1759309200000,7433685.80000000,4114272.60000000
1759312800000,7014194.60000000,3328846.80000000
1759316400000,1652791.00000000,743372.70000000
1759320000000,6569455.70000000,2861197.70000000
1759323600000,3943783.00000000,1638572.40000000
1759327200000,3411256.10000000,1302343.30000000
1759330800000,3851110.70000000,1991877.80000000
1759334400000,2917921.00000000,1784303.60000000
1759338000000,2785521.70000000,964469.70000000
1759341600000,6072402.70000000,3933513.50000000
1759345200000,2747238.50000000,1314685.10000000
1759348800000,3238805.00000000,1281160.30000000
1759352400000,1572490.60000000,450620.70000000
1759356000000,1441505.20000000,625869.20000000
1759359600000,1612448.50000000,777228.40000000
1759363200000,2336003.10000000,1256955.50000000
1759366800000,3107906.30000000,1723404.30000000
1759370400000,1272817.90000000,656475.30000000
1759374000000,1866450.20000000,1049392.80000000
1759377600000,1273837.70000000,621601.30000000
1759381200000,1896325.10000000,945647.00000000
1759384800000,4515634.50000000,2607085.20000000
1759388400000,4681895.20000000,2328237.50000000
1759392000000,2716462.40000000,1821379.00000000
1759395600000,8362198.30000000,4732234.90000000
1759399200000,13317123.60000000,7318545.60000000
1759402800000,4383602.40000000,2469131.80000000
1759406400000,5554110.10000000,2631478.40000000
1759410000000,7026514.40000000,3270411.40000000
1759413600000,7100012.40000000,3334380.60000000
1759417200000,4532398.50000000,2253681.80000000
1759420800000,10426342.40000000,5639351.10000000
1759424400000,5082247.10000000,1846108.50000000
1759428000000,9743191.30000000,4628261.00000000
1759431600000,7091513.30000000,3684936.30000000
1759435200000,8254938.90000000,3865761.50000000
1759438800000,7828231.40000000,4476359.70000000
1759442400000,15612866.30000000,9356079.70000000
1759446000000,11256704.90000000,5165161.00000000
1759449600000,24476546.30000000,10540744.00000000
1759453200000,8240855.50000000,3798412.00000000
1759456800000,4372605.30000000,2543377.40000000
1759460400000,39651956.50000000,19814938.50000000
1759464000000,19336318.10000000,7717899.70000000
1759467600000,13254187.20000000,5746692.70000000
1759471200000,17024689.30000000,7492338.20000000
1759474800000,9662523.80000000,5157946.50000000
1759478400000,7284882.80000000,4899106.20000000
1759482000000,12374967.30000000,6154913.80000000
1759485600000,5735121.40000000,2995903.50000000
1759489200000,6223296.80000000,2534301.70000000
1759492800000,7123247.00000000,2848133.20000000
1759496400000,14328284.50000000,7580514.10000000
1759500000000,5604613.70000000,2504664.20000000
1759503600000,16309559.90000000,7382295.50000000
1759507200000,15193020.70000000,5705447.30000000
1759510800000,18520675.40000000,9402571.00000000
1759514400000,5365428.00000000,2781457.70000000
1759518000000,3473726.50000000,1559151.40000000
1759521600000,3094652.10000000,1443191.30000000
1759525200000,3457677.10000000,1243928.50000000
1759528800000,6589504.60000000,4151113.20000000
1759532400000,3220070.90000000,1308217.50000000
1759536000000,2809934.30000000,1030074.10000000
1759539600000,3847626.80000000,1226270.10000000
1759543200000,3678554.50000000,1711460.80000000
1759546800000,3449864.50000000,1678459.00000000
1759550400000,8960706.00000000,5119814.40000000
1759554000000,8077320.90000000,4049556.70000000
1759557600000,11087379.50000000,5621453.70000000
1759561200000,8211841.20000000,3622692.40000000
1759564800000,8221481.70000000,3863279.90000000
1759568400000,7432268.80000000,3629820.10000000
1759572000000,6129616.40000000,2568723.00000000
1759575600000,9790943.30000000,4843767.20000000
1759579200000,3543615.00000000,1455001.40000000
1759582800000,5024946.50000000,2169131.40000000
1759586400000,4897731.80000000,2543051.30000000
1759590000000,11205769.80000000,4617215.00000000
1759593600000,7996016.00000000,2845312.60000000
1759597200000,3298541.90000000,1445416.00000000
1759600800000,3138759.20000000,1138883.70000000
1759604400000,2017555.60000000,770917.00000000
1759608000000,5833267.50000000,2753227.60000000
1759611600000,3349439.90000000,1878084.80000000
1759615200000,5131664.50000000,2485342.80000000
1759618800000,1665594.40000000,886978.30000000
1759622400000,2450297.80000000,1007192.80000000
1759626000000,996178.70000000,447671.00000000
1759629600000,7450155.70000000,4297936.80000000
1759633200000,4193001.60000000,1821809.20000000
1759636800000,6720401.40000000,4094126.30000000
1759640400000,12944389.60000000,5880939.60000000
1759644000000,7717876.10000000,3773988.20000000
1759647600000,14436623.70000000,5935379.20000000
1759651200000,4959548.20000000,2285567.90000000
1759654800000,11185606.50000000,3747510.70000000
1759658400000,3709538.20000000,1714007.60000000
1759662000000,3355696.50000000,1624687.30000000
1759665600000,2864679.80000000,1347584.50000000
1759669200000,2367929.60000000,1220203.70000000
1759672800000,5326937.00000000,2498299.70000000
1759676400000,5454254.00000000,2614851.00000000
1759680000000,3529745.90000000,1945404.30000000
1759683600000,3545524.90000000,2164690.80000000
1759687200000,3293331.80000000,1547953.20000000
1759690800000,4565038.30000000,1794332.10000000
1759694400000,5194810.00000000,1991321.50000000
1759698000000,709939.40000000,415527.30000000
1759701600000,1394065.70000000,583301.20000000
1759705200000,2294158.60000000,606068.10000000
1759708800000,3355978.10000000,1510565.60000000
1759712400000,3963618.70000000,1752917.70000000
1759716000000,2370717.20000000,1432955.20000000
1759719600000,2662384.80000000,1444807.20000000
1759723200000,5459484.40000000,2523572.30000000
1759726800000,6581922.80000000,3956883.30000000
1759730400000,15357694.20000000,8252608.70000000
1759734000000,19668722.70000000,8500637.50000000
1759737600000,5868496.60000000,2825509.00000000
1759741200000,4934687.30000000,2760483.10000000
1759744800000,7646652.00000000,3703580.30000000
1759748400000,5977279.90000000,2549419.50000000
1759752000000,6032258.80000000,3005705.90000000
1759755600000,6004900.80000000,3164126.70000000
1759759200000,9380812.50000000,4288986.80000000
1759762800000,9843601.50000000,6674441.30000000
1759766400000,5427448.40000000,2285875.00000000
1759770000000,5499589.30000000,1791903.70000000
1759773600000,4538504.80000000,2473115.60000000
1759777200000,2697588.00000000,1070157.80000000
1759780800000,4288671.50000000,2110883.30000000
1759784400000,4200871.00000000,1721349.80000000
1759788000000,2421625.90000000,1116566.60000000
1759791600000,1040192.80000000,462983.60000000
1759795200000,1008763.10000000,710089.70000000
1759798800000,1433247.40000000,288246.70000000
1759802400000,2641091.40000000,1405585.10000000
1759806000000,2716463.20000000,1099403.30000000
1759809600000,6481715.20000000,3487759.50000000
1759813200000,28266364.30000000,13427053.10000000
1759816800000,22297671.40000000,9999989.00000000
1759820400000,20570239.30000000,9650387.90000000
1759824000000,25915307.00000000,12862181.60000000
1759827600000,244228701.20000000,115768982.60000000
1759831200000,82631743.50000000,44675669.20000000
1759834800000,80740209.70000000,42704896.90000000
1759838400000,65970332.60000000,31456934.30000000
1759842000000,48782794.40000000,21180895.30000000
1759845600000,63856982.00000000,26921695.70000000
1759849200000,44038812.00000000,20110663.30000000
1759852800000,27029813.20000000,12564500.90000000
1759856400000,16968493.10000000,9084553.20000000
1759860000000,13101293.90000000,6481563.10000000
1759863600000,24555041.70000000,13993436.20000000
1759867200000,26078024.60000000,10884018.60000000
1759870800000,9104848.20000000,5072279.80000000
1759874400000,7468439.10000000,4260991.60000000
1759878000000,7295338.00000000,3305924.70000000
1759881600000,14340772.30000000,7460767.40000000
1759885200000,12647355.20000000,6753948.50000000
1759888800000,63820284.30000000,32890338.30000000
1759892400000,48433786.70000000,25204418.50000000
1759896000000,42360168.80000000,20579101.10000000
1759899600000,76401181.00000000,39818072.10000000
1759903200000,71170501.30000000,37280197.20000000
1759906800000,75408194.10000000,40271383.90000000
1759910400000,56205153.40000000,28280653.40000000
1759914000000,40176706.00000000,18557520.90000000
1759917600000,28693610.40000000,10798351.20000000
1759921200000,27668690.60000000,12405512.60000000
1759924800000,20532292.90000000,11545361.10000000
1759928400000,17148697.10000000,9203122.50000000
1759932000000,29212932.10000000,13438264.80000000
1759935600000,10698655.00000000,5189801.10000000
1759939200000,15537782.70000000,6233709.20000000
1759942800000,21460432.50000000,11840627.10000000
1759946400000,18765734.10000000,10369383.00000000
1759950000000,8138327.30000000,4226893.70000000
1759953600000,7082578.70000000,3843860.30000000
1759957200000,4746846.00000000,2057678.80000000
1759960800000,4102911.90000000,1930625.50000000
1759964400000,3007159.50000000,1337079.10000000
1759968000000,11000693.60000000,6054428.80000000
1759971600000,13750594.70000000,4704588.70000000
1759975200000,30381416.20000000,9935842.90000000
1759978800000,10975977.50000000,5606025.40000000
1759982400000,14447225.70000000,5058281.80000000
1759986000000,11525316.70000000,5828451.60000000
1759989600000,8095908.40000000,3477466.90000000
1759993200000,19634737.80000000,9391269.50000000
1759996800000,26161109.80000000,10024881.60000000
1760000400000,29189865.80000000,18597685.70000000
1760004000000,10832345.10000000,5351172.00000000
1760007600000,15522792.20000000,5918599.40000000
1760011200000,20199336.80000000,11503687.40000000
1760014800000,23436333.50000000,10118267.10000000
1760018400000,33256747.80000000,17516036.40000000
1760022000000,6863215.70000000,3523542.70000000
1760025600000,9841069.30000000,4694262.90000000
1760029200000,17479032.40000000,5929063.00000000
1760032800000,9197262.00000000,3967984.20000000
1760036400000,4067561.20000000,2054347.10000000
1760040000000,5243745.00000000,2644549.40000000
1760043600000,4756586.50000000,2535567.50000000
1760047200000,3038948.80000000,1635570.80000000
1760050800000,1911333.90000000,673455.10000000
1760054400000,6023643.10000000,3234007.40000000
1760058000000,5877779.10000000,3061124.30000000
1760061600000,3555226.00000000,1648780.80000000
1760065200000,6884856.90000000,3558276.30000000
1760068800000,9569585.40000000,5449520.90000000
1760072400000,2784946.30000000,1133774.30000000
1760076000000,7053519.90000000,3553334.40000000
1760079600000,11010520.90000000,4328727.80000000
1760083200000,5811642.40000000,2883451.80000000
1760086800000,11593304.90000000,4339679.20000000
1760090400000,5459184.30000000,3195053.10000000
1760094000000,25133934.80000000,16252493.30000000
1760097600000,11454318.20000000,6008939.80000000
1760101200000,8883594.40000000,2743412.60000000
1760104800000,16284120.20000000,8275573.10000000
1760108400000,38390724.00000000,16385629.50000000
1760112000000,16292028.00000000,8118258.40000000
1760115600000,10449466.60000000,4435806.70000000
1760119200000,4854817.20000000,2623670.10000000
1760122800000,21135073.60000000,11131137.20000000
1760126400000,32470254.40000000,14220717.80000000
1760130000000,151261376.30000000,75619980.10000000
1760133600000,101938386.50000000,49301785.60000000
1760137200000,70608272.80000000,34463333.40000000
1760140800000,28045547.70000000,12153280.30000000
1760144400000,21110528.60000000,11096024.80000000
1760148000000,11131544.80000000,6448531.30000000
1760151600000,17038783.40000000,7381207.10000000
1760155200000,7573864.00000000,3297860.20000000
1760158800000,11418488.50000000,5914383.80000000
1760162400000,18638623.50000000,10937722.80000000
1760166000000,13304666.30000000,6075869.30000000
1760169600000,12542724.80000000,6209358.10000000
1760173200000,11200411.30000000,5392298.40000000
1760176800000,24083377.80000000,10565100.50000000
1760180400000,6964767.30000000,3753713.50000000
1760184000000,8778382.10000000,4721163.90000000
1760187600000,12444763.40000000,7268096.90000000
1760191200000,7499019.20000000,4040751.50000000
1760194800000,9597925.30000000,4804601.00000000
1760198400000,11368807.60000000,5841587.90000000
1760202000000,8645039.60000000,4239485.70000000
1760205600000,8341757.00000000,3666712.40000000
1760209200000,14964295.90000000,7139128.90000000
1760212800000,11035677.80000000,5608115.40000000
1760216400000,12035605.40000000,5547863.70000000
1760220000000,18552284.60000000,7052016.40000000
1760223600000,5394672.70000000,1858814.90000000
1760227200000,3220234.50000000,1847111.60000000
1760230800000,8814738.80000000,5107197.60000000
1760234400000,9318622.20000000,4214715.40000000
1760238000000,9573025.80000000,4906375.60000000
1760241600000,5196976.70000000,1949993.30000000
1760245200000,8069542.40000000,4366782.70000000
1760248800000,15397217.80000000,7639649.90000000
1760252400000,16031027.30000000,7616091.70000000
1760256000000,7062180.00000000,3477769.00000000
1760259600000,15621374.40000000,9263738.10000000
1760263200000,17191580.90000000,8164387.10000000
1760266800000,28441486.00000000,17712331.00000000
1760270400000,125715275.40000000,62480018.40000000
1760274000000,35923085.90000000,17451457.80000000
1760277600000,47819987.90000000,24720103.20000000
1760281200000,35143903.70000000,16320807.20000000
1760284800000,26351905.80000000,10069086.10000000
1760288400000,16941097.00000000,9088846.00000000
1760292000000,12049186.50000000,6077472.90000000
1760295600000,9947169.20000000,4633507.20000000
1760299200000,18748222.80000000,9578360.60000000
1760302800000,12471155.40000000,6227437.30000000
1760306400000,7607302.80000000,3929678.40000000
1760310000000,4577401.60000000,2383943.20000000
1760313600000,7788803.20000000,3450852.40000000
1760317200000,2908788.10000000,1490360.70000000
1760320800000,4145448.30000000,1748210.70000000
1760324400000,27096566.60000000,13427387.70000000
1760328000000,10795572.50000000,4679129.70000000
1760331600000,7028565.60000000,3286336.80000000
1760335200000,16293061.60000000,8425505.20000000
1760338800000,17960916.60000000,9861202.30000000
1760342400000,18076977.20000000,9381964.00000000
1760346000000,16218349.20000000,8593964.60000000
1760349600000,9241374.30000000,4051528.70000000
1760353200000,27920387.60000000,11849797.30000000
1760356800000,11111086.00000000,5340624.40000000
1760360400000,18257548.40000000,10371726.70000000
1760364000000,10951773.70000000,4357283.90000000
1760367600000,6798593.80000000,3264064.20000000
1760371200000,6853277.20000000,3068908.00000000
1760374800000,7525832.40000000,4106236.00000000
1760378400000,5319681.00000000,3225313.50000000
1760382000000,4781183.20000000,2462845.40000000
1760385600000,5204393.50000000,2032905.10000000
1760389200000,5185543.80000000,2009621.70000000
1760392800000,2803453.20000000,1192274.80000000
1760396400000,3992503.30000000,1875458.80000000
1760400000000,5352499.00000000,2495440.80000000
1760403600000,3856444.70000000,1802450.40000000
1760407200000,17214229.70000000,6146056.10000000
1760410800000,12808860.60000000,8999704.40000000
1760414400000,7861806.90000000,3681277.90000000
1760418000000,10739284.50000000,4296675.50000000
1760421600000,21356551.40000000,9282348.90000000
1760425200000,21107759.70000000,11898842.40000000
1760428800000,15872880.80000000,8108413.20000000
1760432400000,5422112.80000000,3052862.70000000
1760436000000,9946250.30000000,5006697.10000000
1760439600000,7391637.40000000,3694266.60000000
1760443200000,6150071.50000000,3658701.00000000
1760446800000,7763431.40000000,4783571.80000000
1760450400000,11768967.20000000,7280253.80000000
1760454000000,7675604.50000000,3750529.70000000
1760457600000,10608145.50000000,5612386.90000000
1760461200000,6604010.70000000,2834328.80000000
1760464800000,4211003.30000000,2274461.60000000
1760468400000,5389748.60000000,2819095.40000000
1760472000000,1232249.60000000,608779.50000000
1760475600000,3007986.70000000,948824.20000000
1760479200000,2668466.70000000,1286252.20000000
1760482800000,1869357.20000000,755199.70000000
1760486400000,1570963.30000000,444819.20000000
1760490000000,1310164.80000000,518601.80000000
1760493600000,14849547.20000000,9465292.20000000
1760497200000,4002911.30000000,1738096.60000000
1760500800000,2392977.00000000,1076527.30000000
1760504400000,3631137.20000000,1888260.80000000
1760508000000,12985603.00000000,4047724.40000000
1760511600000,3372340.20000000,1477164.10000000
1760515200000,6006894.40000000,3298299.80000000
1760518800000,3326751.30000000,1551164.30000000
1760522400000,2117827.30000000,912708.70000000
1760526000000,4552886.70000000,1548352.80000000
1760529600000,6243074.70000000,2245130.80000000
1760533200000,12929949.30000000,5212643.20000000
1760536800000,12760189.70000000,6411486.90000000
1760540400000,7487401.10000000,2840853.00000000
1760544000000,7502370.20000000,3780217.90000000
1760547600000,8069133.90000000,3685090.90000000
1760551200000,4730719.40000000,1788840.20000000
1760554800000,2616739.90000000,1370082.60000000
1760558400000,8134073.60000000,3716214.40000000
1760562000000,5635438.80000000,2672448.00000000
1760565600000,2686372.80000000,1396100.20000000
1760569200000,3065400.30000000,1335923.30000000
1760572800000,3319209.40000000,1440243.80000000
1760576400000,1077991.00000000,640069.40000000
1760580000000,1506217.40000000,673638.90000000
1760583600000,3459452.40000000,1205435.20000000
1760587200000,17105795.70000000,7691895.30000000
1760590800000,2931753.10000000,1148109.30000000
1760594400000,9555743.40000000,7080630.30000000
1760598000000,4541833.30000000,2177207.10000000
1760601600000,9718304.90000000,2420652.40000000
1760605200000,12259679.60000000,5956865.30000000
1760608800000,4093961.00000000,1950627.20000000
1760612400000,3766250.40000000,2090912.80000000
1760616000000,4880306.50000000,2122689.10000000
1760619600000,5170500.00000000,2398339.30000000
1760623200000,10040203.40000000,5446949.30000000
1760626800000,10083679.90000000,3894539.50000000
1760630400000,14352447.30000000,7048527.60000000
1760634000000,4377080.80000000,2240390.10000000
1760637600000,7512965.10000000,3864522.20000000
1760641200000,5504253.10000000,2668467.80000000
1760644800000,5638738.60000000,3019239.90000000
1760648400000,3114149.10000000,1971547.90000000
1760652000000,3230449.20000000,1518197.00000000
1760655600000,2532056.50000000,1633168.70000000
1760659200000,4079778.40000000,2128617.10000000
1760662800000,3494338.30000000,1241761.00000000
1760666400000,1890561.00000000,707868.70000000
1760670000000,3658273.70000000,1234330.30000000
1760673600000,1600649.30000000,491124.10000000
1760677200000,6041487.20000000,4372176.90000000
1760680800000,13091469.80000000,6078416.30000000
1760684400000,19435822.50000000,8178327.10000000
1760688000000,16435835.20000000,8290719.00000000
1760691600000,10169066.90000000,5959819.50000000
1760695200000,8961610.90000000,4251550.70000000
1760698800000,11451690.20000000,6332459.40000000
1760702400000,9477191.80000000,2967749.30000000
1760706000000,7053003.80000000,4030593.40000000
1760709600000,6242313.60000000,3439806.20000000
1760713200000,3757375.90000000,1802022.20000000
1760716800000,8697451.20000000,4410479.30000000
1760720400000,2240981.80000000,1263201.90000000
1760724000000,2937195.90000000,1919013.10000000
1760727600000,2790675.30000000,1270333.20000000
1760731200000,1265884.80000000,715949.20000000
1760734800000,1131222.90000000,616209.70000000
1760738400000,2819239.20000000,1506376.50000000
1760742000000,3064799.00000000,1188013.70000000
1760745600000,898975.30000000,309254.30000000
1760749200000,3408049.50000000,1873482.10000000
1760752800000,2394828.90000000,1320672.30000000
1760756400000,1092303.70000000,561357.00000000
1760760000000,1931311.30000000,486478.30000000
1760763600000,25413144.10000000,12361085.50000000
1760767200000,5368450.20000000,2569961.30000000
1760770800000,12916244.40000000,6211352.10000000
1760774400000,26316378.90000000,13436947.50000000
1760778000000,5462902.30000000,2842354.70000000
1760781600000,3027622.40000000,2156180.30000000
1760785200000,3943466.70000000,1940889.20000000
1760788800000,4570811.50000000,1613406.70000000
1760792400000,6648764.40000000,3518521.10000000
1760796000000,3818455.70000000,1585037.70000000
1760799600000,2815798.30000000,1489794.00000000
1760803200000,4402414.30000000,1983362.70000000
1760806800000,3590506.40000000,2416832.80000000
1760810400000,2373896.50000000,1021786.00000000
1760814000000,2486050.10000000,829584.50000000
1760817600000,2565277.40000000,1316609.80000000
1760821200000,1084801.80000000,401991.10000000
1760824800000,818364.20000000,401582.40000000
1760828400000,501756.30000000,306259.70000000
1760832000000,1901270.90000000,797641.70000000
1760835600000,1277094.20000000,883620.60000000
1760839200000,631041.30000000,156640.90000000
1760842800000,769099.70000000,493189.00000000
1760846400000,957797.90000000,530947.80000000
1760850000000,3908333.60000000,2152302.00000000
1760853600000,2705599.40000000,1331643.90000000
1760857200000,1816630.90000000,767490.50000000
1760860800000,4656576.30000000,2415022.60000000
1760864400000,7093341.10000000,4158638.40000000
1760868000000,6670527.10000000,2978568.30000000
1760871600000,7085977.40000000,2816183.50000000
1760875200000,2727852.60000000,1283644.50000000
1760878800000,3939151.60000000,2132618.90000000
1760882400000,6730859.60000000,2757679.00000000
1760886000000,2203618.30000000,1070510.60000000
1760889600000,4011415.10000000,1672680.90000000
1760893200000,2929849.50000000,1473944.40000000
1760896800000,1373197.50000000,717427.30000000
1760900400000,2421242.80000000,826223.40000000
1760904000000,8169027.20000000,2891049.40000000
1760907600000,2302438.60000000,697332.80000000
1760911200000,2663293.30000000,875635.70000000
1760914800000,4812246.90000000,2463019.20000000
1760918400000,2022502.00000000,822413.40000000
1760922000000,1717702.40000000,658756.00000000
1760925600000,3530596.60000000,2409086.50000000
1760929200000,4874482.30000000,3015182.30000000
1760932800000,3827149.90000000,1749490.90000000
1760936400000,3886573.10000000,1772299.20000000
1760940000000,7227721.10000000,3426611.00000000
1760943600000,4690280.00000000,1897978.40000000
1760947200000,5557371.80000000,2297776.60000000
1760950800000,4110829.30000000,2580826.70000000
1760954400000,6516331.80000000,3238331.40000000
1760958000000,2875705.10000000,1120744.80000000
1760961600000,6562865.80000000,2702329.60000000
1760965200000,2665597.60000000,1508823.70000000
1760968800000,3112881.90000000,1364957.30000000
1760972400000,4821386.50000000,1636565.70000000
1760976000000,11393946.10000000,5361985.50000000
1760979600000,5794656.00000000,1776965.00000000
1760983200000,2980952.00000000,2003532.10000000
1760986800000,3023428.10000000,1719409.40000000
1760990400000,9398288.30000000,4015345.00000000
1760994000000,2881115.90000000,1042644.00000000
1760997600000,772105.10000000,280286.80000000
1761001200000,1626904.50000000,956354.90000000
1761004800000,1416572.00000000,932398.90000000
1761008400000,3025496.90000000,1437212.40000000
1761012000000,1505448.90000000,575190.50000000
1761015600000,2669768.40000000,1841569.10000000
1761019200000,8093757.10000000,3253181.50000000
1761022800000,2459700.40000000,1223897.20000000
1761026400000,2879886.90000000,1186621.30000000
1761030000000,2251574.80000000,621698.00000000
1761033600000,2924664.60000000,1454299.60000000
1761037200000,1081182.80000000,520967.20000000
1761040800000,1862954.10000000,1127822.30000000
1761044400000,1934754.60000000,1084907.70000000
1761048000000,2128139.20000000,1065157.20000000
1761051600000,5592265.30000000,3032023.70000000
1761055200000,11500158.70000000,6572715.30000000
1761058800000,8348575.80000000,3955049.40000000
1761062400000,7053889.30000000,3246375.60000000
1761066000000,4885968.20000000,2079071.20000000
1761069600000,4839591.80000000,1959327.40000000
1761073200000,2297720.10000000,980621.30000000
1761076800000,5333171.90000000,2587052.40000000
1761080400000,3900574.70000000,1674323.60000000
1761084000000,7803697.00000000,2389946.60000000
1761087600000,5161753.20000000,2924834.40000000
1761091200000,3731439.50000000,2215453.30000000
1761094800000,4580471.90000000,2053492.80000000
1761098400000,2269931.50000000,647601.50000000
1761102000000,1621848.00000000,591265.10000000
1761105600000,4034771.50000000,2376109.10000000
1761109200000,8909631.50000000,5321097.40000000
1761112800000,5318124.10000000,3921998.30000000
1761116400000,3551087.50000000,1914322.00000000
1761120000000,2098318.70000000,1025389.30000000
1761123600000,2946315.60000000,1447529.70000000
1761127200000,8050599.10000000,3968910.00000000
1761130800000,8269655.60000000,3718506.70000000
1761134400000,3271169.90000000,1485013.80000000
1761138000000,6887946.80000000,2996148.10000000
1761141600000,6040227.70000000,2592581.50000000
1761145200000,6238038.30000000,3437767.30000000
1761148800000,4229904.90000000,2334638.40000000
1761152400000,6088924.50000000,2451039.10000000
1761156000000,1989025.60000000,830455.60000000
1761159600000,3598781.30000000,2153941.70000000
1761163200000,2727214.00000000,944587.60000000
1761166800000,9890890.10000000,4613724.90000000
1761170400000,4255451.80000000,1667863.10000000
1761174000000,3373339.40000000,1977099.30000000
1761177600000,870256.40000000,418758.70000000
1761181200000,2161124.50000000,1506722.00000000
1761184800000,1495304.40000000,498112.70000000
1761188400000,1420469.10000000,720899.70000000
1761192000000,3139301.40000000,974352.90000000
1761195600000,2016873.90000000,1222352.90000000
1761199200000,5332781.80000000,2603952.00000000
1761202800000,5956738.20000000,3026146.40000000
1761206400000,5602610.00000000,2447914.40000000
1761210000000,2906369.80000000,1812564.60000000
1761213600000,4263478.10000000,1335432.50000000
1761217200000,2449711.90000000,983690.50000000
1761220800000,1707112.50000000,777057.50000000
1761224400000,5201341.00000000,3487079.30000000
1761228000000,3857299.90000000,1461945.10000000
1761231600000,28257264.20000000,15280519.00000000
1761235200000,8414168.00000000,3610192.10000000
1761238800000,13625516.30000000,7088627.50000000
1761242400000,4330369.70000000,1540802.20000000
1761246000000,4714264.00000000,1971757.10000000
1761249600000,8590996.00000000,4000778.20000000
1761253200000,2436858.70000000,1407452.60000000
1761256800000,2671233.60000000,1951170.30000000
1761260400000,815267.50000000,393990.80000000
1761264000000,1065719.20000000,460261.80000000
1761267600000,1274618.40000000,723145.10000000
1761271200000,3849258.80000000,1845230.30000000
1761274800000,3186680.30000000,1337327.80000000
1761278400000,4615965.60000000,1974590.90000000
1761282000000,2093031.10000000,954173.00000000
1761285600000,2389638.30000000,1594446.50000000
1761289200000,3176330.00000000,1901898.00000000
1761292800000,3168143.40000000,1731649.90000000
1761296400000,2147318.40000000,878310.60000000
1761300000000,1160381.50000000,614820.20000000
1761303600000,4870952.60000000,1551928.30000000
1761307200000,9322733.20000000,4522428.10000000
1761310800000,4957620.20000000,1869233.60000000
1761314400000,5612890.60000000,3090592.60000000
1761318000000,2221600.10000000,1034939.20000000
1761321600000,3149674.60000000,1325281.90000000
1761325200000,1632104.70000000,689256.50000000
1761328800000,2583342.80000000,1204891.40000000
1761332400000,1854241.60000000,981087.30000000
1761336000000,2111154.00000000,943597.60000000
1761339600000,2075162.00000000,836443.40000000
1761343200000,1806316.70000000,332944.70000000
1761346800000,676296.80000000,258478.10000000
1761350400000,1781644.20000000,1032718.50000000
1761354000000,2510106.20000000,1830344.30000000
1761357600000,3518282.90000000,2096028.00000000
1761361200000,1518667.10000000,589022.90000000
1761364800000,1826171.80000000,986631.90000000
1761368400000,2425005.80000000,867461.50000000
1761372000000,1034296.80000000,384746.30000000
1761375600000,1992326.10000000,1218013.50000000
1761379200000,2178123.50000000,1067951.00000000
1761382800000,2586558.10000000,1629774.50000000
1761386400000,2003484.40000000,798543.00000000
1761390000000,1471185.00000000,913245.30000000
1761393600000,1209223.40000000,385702.00000000
1761397200000,1736642.40000000,930953.50000000
1761400800000,1833383.00000000,720000.60000000
1761404400000,3799053.10000000,2054455.80000000
1761408000000,2301067.60000000,1057040.00000000
1761411600000,2338712.10000000,1646317.60000000
1761415200000,2611134.20000000,1026761.30000000
1761418800000,3715133.90000000,1613237.40000000
1761422400000,4042780.60000000,1309769.10000000
1761426000000,2073583.20000000,1079869.00000000
1761429600000,7936301.20000000,2684127.10000000
1761433200000,2095819.90000000,1011102.80000000
1761436800000,2727267.10000000,1706659.30000000
1761440400000,2761403.30000000,1165565.50000000
1761444000000,3334994.00000000,1509682.30000000
1761447600000,4596974.00000000,2119955.30000000
1761451200000,3984988.50000000,2394571.40000000
1761454800000,2406915.70000000,1563507.60000000
1761458400000,3203403.80000000,1567737.10000000
1761462000000,2595060.00000000,1006318.20000000
1761465600000,3109916.50000000,1435998.30000000
1761469200000,2202949.60000000,825042.30000000
1761472800000,1340813.30000000,841103.30000000
1761476400000,7115776.90000000,3668855.80000000
1761480000000,5765700.90000000,2962225.00000000
1761483600000,3425869.20000000,2195761.60000000
1761487200000,5146559.30000000,2144743.90000000
1761490800000,5578474.10000000,2268941.70000000
1761494400000,13519857.40000000,5228354.30000000
1761498000000,3017991.30000000,1241183.90000000
1761501600000,1968680.50000000,981377.10000000
1761505200000,899414.40000000,552008.90000000
1761508800000,1472183.30000000,452042.70000000
1761512400000,1393632.90000000,1079433.50000000
1761516000000,4223119.40000000,2568957.40000000
1761519600000,2221930.40000000,1455232.60000000
1761523200000,2370879.50000000,1459986.40000000
1761526800000,2756631.50000000,1581257.90000000
1761530400000,4086272.20000000,2268277.30000000
1761534000000,1688231.50000000,996791.00000000
1761537600000,2117476.50000000,747754.60000000
1761541200000,8434982.30000000,4751128.00000000
1761544800000,6688431.20000000,2857549.50000000
1761548400000,4740057.10000000,1700118.20000000
1761552000000,4523659.00000000,1987441.40000000
1761555600000,3681692.00000000,1634227.20000000
1761559200000,1958551.20000000,1105464.30000000
1761562800000,5091014.50000000,2800945.70000000
1761566400000,2251528.70000000,1031858.60000000
1761570000000,6359508.80000000,2585734.80000000
1761573600000,5578409.10000000,2878331.40000000
1761577200000,2436414.10000000,1159859.10000000
1761580800000,4564856.10000000,2880172.20000000
1761584400000,3088657.20000000,1170319.60000000
1761588000000,2372749.90000000,1451450.10000000
1761591600000,2483059.30000000,1283935.60000000
1761595200000,2539984.60000000,1083314.30000000
1761598800000,872807.50000000,237973.90000000
1761602400000,2455345.40000000,713498.80000000
1761606000000,2034034.50000000,862977.10000000
1761609600000,2355068.70000000,631881.40000000
1761613200000,546987.30000000,312714.40000000
1761616800000,3010897.40000000,1034411.50000000
1761620400000,2978438.30000000,1355322.10000000
1761624000000,2095765.60000000,988870.90000000
1761627600000,1592079.40000000,728771.70000000
1761631200000,2836794.50000000,1135463.40000000
1761634800000,2179517.60000000,688038.40000000
1761638400000,3171631.70000000,2045451.70000000
1761642000000,608573.50000000,214371.60000000
1761645600000,1760311.30000000,607041.70000000
1761649200000,2008271.50000000,569259.20000000
1761652800000,2184363.10000000,1103355.40000000
1761656400000,4111278.90000000,2465497.60000000
1761660000000,4079293.30000000,1985885.00000000
1761663600000,5126314.60000000,2638537.10000000
1761667200000,4482738.40000000,2119535.60000000
1761670800000,2181292.60000000,1008249.30000000
1761674400000,2139683.80000000,628189.40000000
1761678000000,4090279.60000000,1192774.30000000
1761681600000,11605577.50000000,5438056.80000000
1761685200000,4500893.30000000,1890223.70000000
1761688800000,1997196.90000000,869903.10000000
1761692400000,1731399.00000000,605276.80000000
1761696000000,2935918.90000000,1739487.60000000
1761699600000,1181118.80000000,533825.80000000
1761703200000,1021289.40000000,390876.20000000
1761706800000,1019204.50000000,348133.10000000
1761710400000,628343.80000000,270271.80000000
1761714000000,4519247.50000000,3221082.40000000
1761717600000,2032864.50000000,818928.70000000
1761721200000,1686608.70000000,694233.00000000
1761724800000,3719365.80000000,1493879.30000000
1761728400000,1358555.60000000,716243.90000000
1761732000000,1810256.60000000,786513.40000000
1761735600000,1515699.40000000,687473.50000000
1761739200000,988713.10000000,381556.00000000
1761742800000,3386605.10000000,1661871.30000000
1761746400000,3672475.50000000,1310599.50000000
1761750000000,6021336.30000000,2494145.30000000
1761753600000,5787772.00000000,3047457.10000000
1761757200000,4054120.00000000,1666528.40000000
1761760800000,24477327.50000000,13682359.20000000
1761764400000,6439845.00000000,2561922.90000000
1761768000000,5445150.60000000,2412703.90000000
1761771600000,1863254.50000000,660697.80000000
1761775200000,2542350.90000000,1352814.50000000
1761778800000,3852561.00000000,2065451.30000000
1761782400000,2276101.80000000,1111064.80000000
1761786000000,1317157.50000000,472504.50000000
1761789600000,1225873.70000000,655710.70000000
1761793200000,3538489.50000000,1499003.40000000
1761796800000,15164853.10000000,6205004.90000000
1761800400000,6968108.40000000,3432942.80000000
1761804000000,3062984.80000000,1343250.50000000
1761807600000,2909806.10000000,2051263.10000000
1761811200000,2534428.10000000,1598228.40000000
1761814800000,1597398.80000000,927352.40000000
1761818400000,3227640.30000000,1740009.80000000
1761822000000,5275351.80000000,2868453.50000000
1761825600000,17423250.70000000,10439163.40000000
1761829200000,10868091.30000000,3961214.50000000
1761832800000,8292239.10000000,3450016.90000000
1761836400000,7406075.50000000,4145438.80000000
1761840000000,15905798.30000000,3237547.00000000
1761843600000,13791769.70000000,7103205.80000000
1761847200000,3648927.40000000,2001160.30000000
1761850800000,5123475.80000000,3198224.60000000
1761854400000,6203131.20000000,2831954.60000000
1761858000000,4390101.90000000,1702498.70000000
1761861600000,3407228.90000000,1391469.30000000
1761865200000,3952233.60000000,1992173.00000000
1761868800000,1692183.50000000,896579.40000000
1761872400000,4350254.90000000,3251557.70000000
1761876000000,1139664.20000000,403723.60000000
1761879600000,1896242.50000000,664755.90000000
1761883200000,4350724.80000000,2627726.50000000
1761886800000,2078630.80000000,746533.80000000
1761890400000,2671160.20000000,1089943.20000000
1761894000000,2897476.60000000,1323685.80000000
1761897600000,6815147.00000000,4703725.20000000
1761901200000,8170056.70000000,4399588.30000000
1761904800000,1666974.50000000,558730.40000000
1761908400000,4866120.40000000,2880499.30000000
1761912000000,3502383.10000000,1427286.80000000
1761915600000,3999144.90000000,2094054.90000000
1761919200000,3325116.20000000,1613441.80000000
1761922800000,2180977.90000000,914821.70000000
1761926400000,4594486.60000000,1724881.60000000
1761930000000,5861647.50000000,2608927.80000000
1761933600000,5309191.50000000,2756296.70000000
1761937200000,4315549.50000000,2006120.00000000
1761940800000,3195481.90000000,1432248.10000000
1761944400000,2288199.90000000,1212098.90000000
1761948000000,689003.60000000,262550.30000000
1761951600000,947699.60000000,596805.80000000
1761955200000,1325012.60000000,568295.20000000
1761958800000,1670424.00000000,736409.30000000
1761962400000,1027326.60000000,295855.20000000
1761966000000,1691791.70000000,1109899.40000000
1761969600000,682127.00000000,335055.50000000
1761973200000,1031752.40000000,695638.20000000
1761976800000,1579568.60000000,850832.20000000
1761980400000,2976762.30000000,1492410.90000000
1761984000000,2009586.60000000,1231765.20000000
1761987600000,3260129.10000000,1121293.70000000
1761991200000,1790724.00000000,1103711.80000000
1761994800000,1147026.90000000,725641.20000000
1761998400000,599590.60000000,405349.70000000
1762002000000,14152639.70000000,6368778.80000000
1762005600000,4069731.00000000,1516170.40000000
1762009200000,3721166.20000000,1151645.40000000
1762012800000,4730489.10000000,2856606.30000000
1762016400000,2136588.80000000,673629.20000000
1762020000000,1571654.20000000,646837.90000000
1762023600000,1237283.90000000,336629.90000000
1762027200000,1876306.80000000,813986.00000000
1762030800000,1105637.20000000,522285.00000000
1762034400000,545647.10000000,253758.70000000
1762038000000,546794.40000000,278089.70000000
1762041600000,663739.30000000,329092.00000000
1762045200000,497612.80000000,268379.90000000
1762048800000,866673.60000000,389591.70000000
1762052400000,2856667.50000000,1215997.70000000
1762056000000,1840278.50000000,819839.20000000
1762059600000,1487657.50000000,769996.50000000
1762063200000,911067.60000000,374546.80000000
1762066800000,1715035.70000000,596504.00000000
1762070400000,1615148.30000000,549632.50000000
1762074000000,2401639.30000000,1137262.70000000
1762077600000,3721336.20000000,1341120.00000000
1762081200000,3415058.50000000,1574399.30000000
1762084800000,2945492.10000000,1192626.20000000
1762088400000,1680153.00000000,654438.40000000
1762092000000,8658408.90000000,3841037.10000000
1762095600000,9685051.90000000,4497014.80000000
1762099200000,4515066.20000000,3075646.90000000
1762102800000,1907684.80000000,1355944.70000000
1762106400000,2813774.20000000,819635.00000000
1762110000000,1454156.90000000,519626.20000000
1762113600000,1676689.30000000,1052880.40000000
1762117200000,2083402.70000000,930666.70000000
1762120800000,661519.40000000,279093.00000000
1762124400000,2664540.80000000,1588577.50000000
1762128000000,1703222.40000000,831577.70000000
1762131600000,1689279.40000000,756871.70000000
1762135200000,3863677.30000000,1734209.00000000
1762138800000,11068276.40000000,4790294.40000000
1762142400000,7722014.40000000,3900502.80000000
1762146000000,3017772.60000000,1855224.40000000
1762149600000,4036748.90000000,1507333.70000000
1762153200000,2269481.80000000,1051656.90000000
1762156800000,3428879.10000000,2413389.90000000
1762160400000,4351346.00000000,2664693.40000000
1762164000000,26309659.20000000,5986496.10000000
1762167600000,16344676.30000000,6422755.70000000
1762171200000,14291802.90000000,5366582.70000000
1762174800000,14746966.30000000,5045102.30000000
1762178400000,6918863.30000000,4016274.80000000
1762182000000,110927828.70000000,54959593.60000000
1762185600000,9203452.70000000,4271137.20000000
1762189200000,6603749.50000000,3498758.10000000
1762192800000,7768151.00000000,3489165.00000000
1762196400000,5435137.50000000,2107037.40000000
1762200000000,8586847.50000000,4374487.40000000
1762203600000,4535014.60000000,2870444.40000000
1762207200000,3323294.40000000,1973176.20000000
1762210800000,3715764.40000000,1595020.40000000
1762214400000,5411541.00000000,2606751.40000000
1762218000000,3395623.40000000,2175325.40000000
1762221600000,1282982.50000000,623583.70000000
1762225200000,3067680.00000000,1170454.30000000
1762228800000,11950682.60000000,4454218.90000000
1762232400000,23532712.50000000,7171248.30000000
1762236000000,13576970.40000000,8806883.00000000
1762239600000,9090102.00000000,5379305.00000000
1762243200000,4930193.20000000,2739436.40000000
1762246800000,24557716.50000000,13927013.80000000
1762250400000,10509914.60000000,5273711.00000000
1762254000000,8524169.60000000,5350075.30000000
1762257600000,3872273.10000000,1988032.40000000
1762261200000,6491708.20000000,2756043.80000000
1762264800000,9457579.00000000,5210870.30000000
1762268400000,4078974.50000000,2016663.00000000
1762272000000,4090266.10000000,1875976.70000000
1762275600000,8328319.80000000,3733406.30000000
1762279200000,21655222.70000000,8107986.30000000
1762282800000,12793768.40000000,6176434.90000000
1762286400000,22890757.80000000,10468462.70000000
1762290000000,16207426.70000000,8518161.10000000
1762293600000,4900940.00000000,2564301.60000000
1762297200000,12120209.30000000,7136533.00000000
1762300800000,3508784.00000000,1500378.90000000
1762304400000,6458835.40000000,3528510.30000000
1762308000000,3940819.70000000,2240264.60000000
1762311600000,2875052.90000000,1248807.90000000
1762315200000,3980175.00000000,1832490.70000000
1762318800000,2775923.20000000,1446640.00000000
1762322400000,3408087.80000000,2166643.00000000
1762326000000,9454046.50000000,5165195.70000000
1762329600000,30067715.40000000,14214394.20000000
1762333200000,3801078.40000000,2075869.40000000
1762336800000,3903549.90000000,2065874.30000000
1762340400000,5250348.10000000,3435424.30000000
1762344000000,4483421.50000000,1680738.20000000
1762347600000,5303774.20000000,2851869.40000000
1762351200000,4260191.90000000,1841641.50000000
1762354800000,18413500.20000000,8683494.10000000
1762358400000,25237919.40000000,11873479.40000000
1762362000000,6998978.40000000,2940437.50000000
1762365600000,4814728.50000000,2271574.40000000
1762369200000,4388827.80000000,1939209.10000000
1762372800000,5504074.80000000,2255147.30000000
1762376400000,4358509.80000000,1620811.00000000
1762380000000,2224031.20000000,884098.70000000
1762383600000,4464514.80000000,1058209.00000000
1762387200000,6315672.20000000,2814340.40000000
1762390800000,5012467.40000000,2196631.80000000
1762394400000,8852000.50000000,4690426.00000000
1762398000000,3765893.60000000,1751716.80000000
1762401600000,5504149.90000000,2221851.40000000
1762405200000,7668970.40000000,3554009.00000000
1762408800000,7006979.70000000,4164365.50000000
1762412400000,4718911.50000000,2067024.00000000
1762416000000,3832585.90000000,1991238.90000000
1762419600000,2767861.40000000,2029712.90000000
1762423200000,2642606.70000000,1160371.30000000
1762426800000,3206952.70000000,1177834.60000000
1762430400000,3619216.60000000,2659115.00000000
1762434000000,2974316.20000000,1505223.20000000
1762437600000,6348280.60000000,2459453.30000000
1762441200000,8147035.20000000,4061224.90000000
1762444800000,5536058.10000000,2193835.10000000
1762448400000,4437156.50000000,3050276.00000000
1762452000000,5597854.10000000,2131652.10000000
1762455600000,3470675.20000000,2066485.00000000
1762459200000,2769849.10000000,928651.60000000
1762462800000,2497283.30000000,1507207.80000000
1762466400000,3176317.20000000,2009408.30000000
1762470000000,2971495.30000000,1867144.90000000
1762473600000,4262124.90000000,2535195.80000000
1762477200000,2924274.90000000,1592507.90000000
1762480800000,2421228.00000000,1453090.30000000
1762484400000,6412805.00000000,3557235.20000000
1762488000000,3431500.30000000,1658550.50000000
1762491600000,5901984.60000000,2671391.90000000
1762495200000,1472818.30000000,725299.10000000
1762498800000,3796465.40000000,1841260.00000000
1762502400000,4198365.50000000,1816047.30000000
1762506000000,6775343.90000000,2697449.40000000
1762509600000,13054519.30000000,5003328.70000000
1762513200000,12318735.50000000,5354604.70000000
1762516800000,10177343.00000000,5400872.80000000
1762520400000,7273396.30000000,4379372.20000000
1762524000000,6024460.20000000,3401972.80000000
1762527600000,8393151.10000000,5086900.20000000
1762531200000,8129551.20000000,4583322.90000000
1762534800000,46337601.60000000,23510080.10000000
1762538400000,14537953.60000000,5275413.30000000
1762542000000,9600896.20000000,3370776.90000000
1762545600000,5124184.40000000,2919297.20000000
1762549200000,2242483.20000000,1408754.20000000
1762552800000,2629358.60000000,1317725.10000000
1762556400000,3213913.00000000,1374035.10000000
1762560000000,6311894.40000000,2892111.80000000
1762563600000,5577206.80000000,1979690.90000000
1762567200000,8620102.80000000,3261759.20000000
1762570800000,7113369.20000000,3443788.20000000
1762574400000,6298148.10000000,2947728.20000000
1762578000000,3729952.50000000,1389067.40000000
1762581600000,3003827.10000000,1253271.60000000
1762585200000,11468026.60000000,4827973.30000000
1762588800000,13156170.40000000,8709378.50000000
1762592400000,4847522.60000000,2101146.20000000
1762596000000,3902805.30000000,1844386.30000000
1762599600000,2209410.80000000,1173702.30000000
1762603200000,2708450.90000000,1225876.80000000
1762606800000,2953024.60000000,1246433.00000000
1762610400000,10948117.90000000,4538059.30000000
1762614000000,4085450.10000000,1929300.30000000
1762617600000,3031680.10000000,1373064.70000000
1762621200000,2223053.00000000,1041615.00000000
1762624800000,1275988.00000000,470828.30000000
1762628400000,10650897.90000000,7254334.60000000
1762632000000,3016816.00000000,1397679.70000000
1762635600000,2448752.20000000,1432132.40000000
1762639200000,1842504.40000000,716235.20000000
1762642800000,556439.60000000,100503.50000000
1762646400000,3391144.90000000,1248408.10000000
1762650000000,821036.80000000,413968.80000000
1762653600000,2798757.70000000,908408.70000000
1762657200000,3329357.10000000,1818608.50000000
1762660800000,1284537.40000000,581986.60000000
1762664400000,933992.80000000,407379.90000000
1762668000000,2085256.00000000,1341824.60000000
1762671600000,37800234.20000000,20153105.70000000
1762675200000,59067123.00000000,29589476.70000000
1762678800000,9138485.40000000,4032925.40000000
1762682400000,15703375.10000000,6245092.20000000
1762686000000,4642751.20000000,2350279.10000000
1762689600000,6093727.50000000,3518541.30000000
1762693200000,16883705.30000000,8929075.90000000
1762696800000,9505089.60000000,4082068.00000000
1762700400000,3241452.80000000,1610565.70000000
1762704000000,19453876.20000000,9589035.90000000
1762707600000,8816190.80000000,4043225.30000000
1762711200000,3846969.70000000,1946078.40000000
1762714800000,3204888.00000000,1937761.40000000
1762718400000,2575463.80000000,952553.20000000
1762722000000,775689.00000000,400272.10000000
1762725600000,4574574.00000000,1995416.10000000
1762729200000,7235953.40000000,4154000.10000000
1762732800000,4429769.60000000,2909935.50000000
1762736400000,3325517.00000000,1500299.90000000
1762740000000,2525333.00000000,816382.50000000
1762743600000,2352066.50000000,1312333.60000000
1762747200000,839396.60000000,388436.90000000
1762750800000,2394906.00000000,1614380.00000000
1762754400000,5905154.10000000,3316579.00000000
1762758000000,3153150.80000000,1230279.00000000
1762761600000,10364130.30000000,5186742.20000000
1762765200000,2810493.10000000,1654674.30000000
1762768800000,5291926.20000000,2988577.00000000
1762772400000,29969842.30000000,16041108.50000000
1762776000000,11315016.60000000,4430547.70000000
1762779600000,5012977.90000000,1649700.00000000
1762783200000,12446352.30000000,5739029.10000000
1762786800000,5419626.40000000,2493858.70000000
1762790400000,6166561.50000000,2563933.30000000
1762794000000,2098964.60000000,1156923.30000000
1762797600000,1413307.00000000,736301.30000000
1762801200000,7615316.10000000,4481963.40000000
1762804800000,8754551.90000000,4400805.70000000
1762808400000,2323647.50000000,548093.60000000
1762812000000,3250590.60000000,1282421.20000000
1762815600000,2234978.40000000,811034.80000000
1762819200000,2093027.80000000,847120.10000000
1762822800000,2430315.40000000,1178020.10000000
1762826400000,1225633.10000000,596590.30000000
1762830000000,2575261.80000000,1272464.50000000
1762833600000,1844389.50000000,969083.00000000
1762837200000,2598962.70000000,996780.30000000
1762840800000,7333112.50000000,3723617.40000000
1762844400000,5260861.90000000,2203875.20000000
1762848000000,2826461.60000000,1274209.40000000
1762851600000,2840566.00000000,1686824.30000000
1762855200000,2046298.00000000,923278.60000000
1762858800000,3105839.70000000,1873406.10000000
1762862400000,2498293.80000000,1159100.80000000
1762866000000,3648448.50000000,1793081.30000000
1762869600000,3815991.60000000,1753819.70000000
1762873200000,4852751.40000000,1843948.50000000
1762876800000,7318941.40000000,3778980.80000000
1762880400000,2144808.20000000,1173045.00000000
1762884000000,2954966.50000000,1504229.60000000
1762887600000,2105471.00000000,1026987.10000000
1762891200000,3777291.40000000,1884417.90000000
1762894800000,5917549.60000000,1623404.90000000
1762898400000,3048194.60000000,1510272.80000000
1762902000000,2044074.30000000,1138837.40000000
1762905600000,2296986.20000000,822460.20000000
1762909200000,2527713.90000000,1572461.10000000
1762912800000,2052309.90000000,950616.40000000
1762916400000,1255216.40000000,705874.10000000
1762920000000,2806796.40000000,586056.60000000
1762923600000,1452737.30000000,705960.90000000
1762927200000,1734730.90000000,1072226.40000000
1762930800000,4200353.90000000,1001545.30000000
1762934400000,1225801.90000000,563816.40000000
1762938000000,1034056.20000000,549114.00000000
1762941600000,1792484.20000000,828096.60000000
1762945200000,2730595.20000000,1535542.60000000
1762948800000,2972876.30000000,1371802.50000000
1762952400000,2884178.20000000,1769157.80000000
1762956000000,3902548.10000000,1893166.20000000
1762959600000,5869481.40000000,2261797.80000000
1762963200000,11109485.70000000,5959776.20000000
1762966800000,4419173.30000000,2352550.60000000
1762970400000,1574066.40000000,781522.60000000
1762974000000,7454091.90000000,3570773.60000000
1762977600000,4450993.90000000,3299793.20000000
1762981200000,4147889.10000000,2693318.30000000
1762984800000,3914025.70000000,1194882.80000000
1762988400000,293878.90000000,129087.00000000
1762992000000,1334429.70000000,317171.60000000
1762995600000,3164930.30000000,1759538.20000000
1762999200000,1328120.40000000,804775.60000000
1763002800000,2163797.70000000,864472.80000000
1763006400000,2595095.00000000,1394611.10000000
1763010000000,2250764.00000000,1295323.70000000
1763013600000,2001852.20000000,852604.10000000
1763017200000,3893466.60000000,746241.90000000
1763020800000,856081.10000000,522914.10000000
1763024400000,1892954.80000000,752997.20000000
1763028000000,1344321.40000000,538993.70000000
1763031600000,1557198.80000000,829014.90000000
1763035200000,5553467.30000000,3410693.50000000
1763038800000,3350569.30000000,1948306.40000000
1763042400000,7396802.30000000,3838630.70000000
1763046000000,4958496.20000000,2526228.20000000
1763049600000,5744309.80000000,2573714.10000000
1763053200000,5842184.10000000,2686783.00000000
1763056800000,6872794.40000000,4094111.40000000
1763060400000,11222931.10000000,4274787.70000000
1763064000000,5821104.10000000,2987780.80000000
1763067600000,3967580.60000000,1979281.10000000
1763071200000,2712493.90000000,1509256.10000000
1763074800000,8181742.30000000,5200906.40000000
1763078400000,3365710.90000000,1351566.30000000
1763082000000,2122274.30000000,1003685.10000000
1763085600000,2601749.40000000,1263764.30000000
1763089200000,2333260.40000000,1060077.10000000
1763092800000,16127141.50000000,7996986.10000000
1763096400000,24961067.00000000,11511498.60000000
1763100000000,5843209.60000000,3344813.90000000
1763103600000,7620233.20000000,3915578.00000000
1763107200000,5690536.80000000,3253984.60000000
1763110800000,5561532.80000000,2770764.40000000
1763114400000,2460328.80000000,1029747.70000000
1763118000000,3390022.60000000,1929345.20000000
1763121600000,4740704.30000000,2272463.20000000
1763125200000,3194699.50000000,1398324.00000000
1763128800000,5905010.40000000,3093935.50000000
1763132400000,6530980.80000000,3442720.20000000
1763136000000,2496813.80000000,1349981.40000000
1763139600000,1843749.80000000,873376.10000000
1763143200000,8339310.40000000,4302892.60000000
1763146800000,1422796.10000000,728447.70000000
1763150400000,3314979.10000000,1777944.40000000
1763154000000,1871677.70000000,776896.90000000
1763157600000,4253037.00000000,2099252.10000000
1763161200000,13775792.90000000,7424425.80000000
1763164800000,3158008.50000000,1470133.10000000
1763168400000,1895606.20000000,999914.90000000
1763172000000,1283049.50000000,886225.90000000
1763175600000,2469208.30000000,1303264.60000000
1763179200000,1655509.50000000,1131561.00000000
1763182800000,919721.30000000,446538.90000000
1763186400000,1191164.60000000,574400.90000000
1763190000000,1074757.20000000,486897.80000000
1763193600000,1747294.30000000,970521.60000000
1763197200000,1765297.80000000,1005864.30000000
1763200800000,1531102.00000000,1005993.60000000
1763204400000,827586.20000000,462611.30000000
1763208000000,1699168.30000000,362654.60000000
1763211600000,4409352.10000000,2115883.40000000
1763215200000,20651344.80000000,12164547.50000000
1763218800000,19742271.70000000,10823128.70000000
1763222400000,15953106.80000000,7851504.30000000
1763226000000,16861542.50000000,9825560.10000000
1763229600000,61902507.90000000,31952209.30000000
1763233200000,141374797.70000000,74782297.80000000
1763236800000,39374591.80000000,18808263.60000000
1763240400000,24103940.50000000,11682797.10000000
1763244000000,11669364.50000000,4987576.70000000
1763247600000,16989244.60000000,7010702.00000000
1763251200000,13455124.00000000,5801263.70000000
1763254800000,11573976.50000000,3752855.40000000
1763258400000,5829304.00000000,3026425.00000000
1763262000000,5918207.40000000,2759874.50000000
1763265600000,22262673.40000000,12421681.90000000
1763269200000,49812733.60000000,24926687.90000000
1763272800000,22731794.90000000,9299253.70000000
1763276400000,21565396.10000000,10666854.30000000
1763280000000,15852625.40000000,6332214.20000000
1763283600000,8424783.40000000,3360142.30000000
1763287200000,4808490.00000000,2117747.30000000
1763290800000,19756237.30000000,8137709.00000000
1763294400000,16690985.50000000,8602947.60000000
1763298000000,6428262.20000000,3147925.10000000
1763301600000,7128810.30000000,3125998.50000000
1763305200000,18422552.90000000,7850072.90000000
1763308800000,10418063.50000000,3989501.20000000
1763312400000,11422147.00000000,5619982.00000000
1763316000000,13910646.90000000,6002119.70000000
1763319600000,3885879.10000000,2117063.20000000
1763323200000,2850265.00000000,1688019.40000000
1763326800000,3627317.70000000,2700499.70000000
1763330400000,2624716.00000000,1689298.60000000
1763334000000,6533871.80000000,2672966.00000000
1763337600000,5398812.10000000,2682273.90000000
1763341200000,4310175.50000000,2076897.50000000
1763344800000,2651732.60000000,1336545.00000000
1763348400000,41779889.00000000,23874191.80000000
1763352000000,22340946.90000000,10721257.90000000
1763355600000,27645058.60000000,11019884.70000000
1763359200000,15563732.00000000,5855063.80000000
1763362800000,9208332.80000000,4174873.40000000
1763366400000,3928913.40000000,1999921.90000000
1763370000000,59266686.00000000,33651672.60000000
1763373600000,33333439.50000000,16596056.50000000
1763377200000,29955221.20000000,12380293.50000000
1763380800000,18154799.50000000,8137668.70000000
1763384400000,26896851.90000000,9564131.40000000
1763388000000,41053620.90000000,18685640.50000000
1763391600000,18060434.60000000,7493453.00000000
1763395200000,10904368.40000000,4179992.10000000
1763398800000,9163252.30000000,3728108.00000000
1763402400000,17539979.90000000,10051757.80000000
1763406000000,6546769.90000000,3592495.50000000
1763409600000,6774290.40000000,2975820.80000000
1763413200000,5735879.80000000,2152158.70000000
1763416800000,1895680.20000000,971244.50000000
1763420400000,2860124.70000000,1720161.30000000
1763424000000,6086987.10000000,2789859.60000000
1763427600000,5754997.40000000,3519508.30000000
1763431200000,12734996.00000000,7073759.10000000
1763434800000,7610105.70000000,3826444.40000000
1763438400000,7884583.00000000,5098786.10000000
1763442000000,3521699.40000000,1988849.50000000
1763445600000,21842941.90000000,10091948.60000000
1763449200000,11535121.40000000,7443147.90000000
1763452800000,7180257.00000000,3382127.00000000
1763456400000,4611800.90000000,1906224.50000000
1763460000000,3971257.10000000,1851651.70000000
1763463600000,5603636.50000000,2382850.20000000
1763467200000,3055161.00000000,1384717.00000000
1763470800000,13811570.50000000,6986965.30000000
1763474400000,9373736.10000000,4471642.10000000
1763478000000,11185282.10000000,6015421.10000000
1763481600000,8460713.20000000,5208467.10000000
1763485200000,4064328.40000000,1677272.60000000
1763488800000,4138277.60000000,2501297.00000000
1763492400000,4130983.10000000,1642926.80000000
1763496000000,1430469.00000000,494610.70000000
1763499600000,2724969.10000000,959098.60000000
1763503200000,3728363.80000000,2547887.30000000
1763506800000,937416.40000000,756017.40000000
1763510400000,2808110.40000000,1261853.80000000
1763514000000,4166227.30000000,2173485.10000000
1763517600000,2827272.70000000,1757617.30000000
1763521200000,6354596.00000000,2974708.70000000
1763524800000,6328274.20000000,4098272.40000000
1763528400000,6400810.90000000,2840298.60000000
1763532000000,5432867.20000000,2809114.60000000
1763535600000,2103342.50000000,1197420.50000000
1763539200000,1834748.10000000,951324.40000000
1763542800000,2166118.30000000,1112984.60000000
1763546400000,2683650.20000000,1952124.50000000
1763550000000,1413321.20000000,609760.50000000
1763553600000,4147150.10000000,2312438.70000000
1763557200000,2526267.90000000,910382.10000000
1763560800000,5563576.00000000,2428626.30000000
1763564400000,8586873.10000000,3802148.60000000
1763568000000,8330832.20000000,3431135.30000000
1763571600000,10019360.50000000,5274147.20000000
1763575200000,6583063.50000000,3190413.90000000
1763578800000,5147687.10000000,2564898.90000000
1763582400000,6544810.00000000,3806447.80000000
1763586000000,6972317.80000000,3565216.70000000
1763589600000,2141429.40000000,845466.70000000
1763593200000,2506718.90000000,1417643.90000000
1763596800000,974188.10000000,365439.50000000
1763600400000,1266048.10000000,404015.40000000
1763604000000,3857535.90000000,2481233.50000000
1763607600000,1855004.30000000,528503.50000000
1763611200000,1652493.30000000,717329.80000000
1763614800000,2307949.00000000,1231015.20000000
1763618400000,5540186.30000000,1707408.00000000
1763622000000,1659037.80000000,737375.50000000
1763625600000,1978429.90000000,1261199.00000000
1763629200000,2829383.50000000,1239976.50000000
1763632800000,1062730.70000000,639905.10000000
1763636400000,2011052.00000000,978741.40000000
1763640000000,4197024.10000000,2022325.40000000
1763643600000,8396911.40000000,3566455.70000000
1763647200000,10782292.60000000,4292514.40000000
1763650800000,7913293.50000000,4039227.30000000
1763654400000,17297419.00000000,8145804.10000000
1763658000000,19086679.40000000,9153387.70000000
1763661600000,4509169.30000000,2015512.60000000
1763665200000,5860809.00000000,2968369.00000000
1763668800000,4355435.20000000,2615695.50000000
1763672400000,6140957.20000000,2709557.90000000
1763676000000,2703269.60000000,1818266.20000000
1763679600000,3030512.10000000,1151773.90000000
1763683200000,2044983.80000000,1068890.50000000
1763686800000,1787294.50000000,763487.80000000
1763690400000,7040552.10000000,3911022.10000000
1763694000000,4370342.70000000,2230509.90000000
1763697600000,5851969.50000000,3791545.50000000
1763701200000,4007995.90000000,2371027.70000000
1763704800000,3144716.90000000,1123906.20000000
1763708400000,42206416.50000000,19268678.70000000
1763712000000,15060628.50000000,9312455.60000000
1763715600000,8653035.60000000,4206648.10000000
1763719200000,13464735.80000000,7352415.80000000
1763722800000,5696334.80000000,3008290.50000000
1763726400000,10183678.20000000,4981206.10000000
1763730000000,6298110.90000000,3819941.50000000
1763733600000,11938340.70000000,5895511.90000000
1763737200000,6177478.70000000,2616130.30000000
1763740800000,10223608.00000000,4588791.60000000
1763744400000,7072756.50000000,3061299.40000000
1763748000000,7876306.70000000,3763854.10000000
1763751600000,7655175.90000000,4981741.30000000
1763755200000,23239071.90000000,11648340.30000000
1763758800000,3573689.10000000,1811446.70000000
1763762400000,4885868.70000000,2654759.90000000
1763766000000,4931237.60000000,2261270.20000000
1763769600000,2888140.80000000,1435563.70000000
1763773200000,2245436.30000000,1147567.50000000
1763776800000,1478442.80000000,511827.30000000
1763780400000,701534.20000000,389368.80000000
1763784000000,4799198.40000000,1976234.00000000
1763787600000,1702552.70000000,844548.90000000
1763791200000,1731164.00000000,778461.70000000
1763794800000,1702591.20000000,1342918.00000000
1763798400000,3603486.40000000,1607440.10000000
1763802000000,2548984.80000000,1288940.60000000
1763805600000,1384026.90000000,825662.40000000
1763809200000,3204346.30000000,1338122.90000000
1763812800000,1704683.10000000,986162.30000000
1763816400000,4032346.30000000,1265164.70000000
1763820000000,3670495.20000000,1904644.70000000
1763823600000,1531820.80000000,606416.00000000
1763827200000,2196267.40000000,897896.90000000
1763830800000,2010852.10000000,932422.30000000
1763834400000,2601856.80000000,1018983.80000000
1763838000000,3906096.30000000,2487571.30000000
1763841600000,2069796.50000000,920297.60000000
1763845200000,1282340.00000000,780110.40000000
1763848800000,3569672.20000000,1882645.00000000
1763852400000,1696588.60000000,597173.90000000
1763856000000,1300431.00000000,682786.50000000
1763859600000,2605660.50000000,1235250.00000000
1763863200000,3341277.60000000,1904960.80000000
1763866800000,4458415.60000000,3218317.70000000
1763870400000,3455082.70000000,1578063.50000000
1763874000000,2779601.40000000,1422325.00000000
1763877600000,2378410.10000000,1288443.70000000
1763881200000,40443660.80000000,21908072.40000000
1763884800000,8672058.90000000,4244641.60000000
1763888400000,5504323.70000000,2536423.50000000
1763892000000,4398174.40000000,2075678.50000000
1763895600000,2556470.60000000,1102163.80000000
1763899200000,3539973.00000000,1634461.20000000
1763902800000,9587517.50000000,4329281.30000000
1763906400000,5530168.20000000,2755088.60000000
1763910000000,2829561.10000000,1503821.10000000
1763913600000,34653717.00000000,18402535.50000000
1763917200000,5755016.00000000,2579815.70000000
1763920800000,3934609.30000000,2030002.30000000
1763924400000,16489110.30000000,8377018.60000000
1763928000000,5054731.50000000,2617716.30000000
1763931600000,2576830.70000000,1205168.70000000
1763935200000,1978100.20000000,910458.40000000
1763938800000,5416992.70000000,3356362.40000000
1763942400000,3808586.70000000,1641981.70000000
1763946000000,4814149.50000000,2514110.70000000
1763949600000,3063586.30000000,1446380.50000000
1763953200000,1913846.50000000,1102982.30000000
1763956800000,2328893.00000000,1224657.50000000
1763960400000,2032081.00000000,1175060.30000000
1763964000000,10158769.40000000,4800050.20000000
1763967600000,3493895.80000000,1911378.00000000
1763971200000,1787420.10000000,811311.40000000
1763974800000,13108041.80000000,5361035.20000000
1763978400000,3215368.70000000,1332424.70000000
1763982000000,2783309.30000000,1558841.60000000
1763985600000,2366642.70000000,940574.50000000
1763989200000,8095917.00000000,4712554.50000000
1763992800000,5971522.70000000,2883447.30000000
1763996400000,4393399.20000000,2510796.70000000
1764000000000,2596554.20000000,1466638.60000000
1764003600000,5139439.60000000,2682248.30000000
1764007200000,5097842.40000000,2732425.80000000
1764010800000,4279782.80000000,2222741.60000000
1764014400000,3281341.10000000,1877982.80000000
1764018000000,5182076.40000000,2585184.40000000
1764021600000,1335526.90000000,903287.70000000
1764025200000,4611414.50000000,2355487.00000000
1764028800000,2594141.80000000,1577567.70000000
1764032400000,3565034.60000000,1989933.30000000
1764036000000,2546273.20000000,1301179.70000000
1764039600000,2816266.20000000,1552855.50000000
1764043200000,3376840.40000000,1478312.60000000
1764046800000,3945807.80000000,2685477.30000000
1764050400000,2424613.50000000,1065844.70000000
1764054000000,2532092.60000000,637053.90000000
1764057600000,3854760.50000000,1572835.00000000
1764061200000,5381103.90000000,3197130.50000000
1764064800000,4777312.10000000,3354695.40000000
1764068400000,11064615.20000000,5147484.00000000
1764072000000,3031919.10000000,1425954.10000000
1764075600000,9583566.40000000,3257988.10000000
1764079200000,3896194.00000000,1924499.50000000
1764082800000,2241835.80000000,996301.70000000
1764086400000,2545461.50000000,1218910.70000000
1764090000000,4416157.80000000,2329355.80000000
1764093600000,3939072.60000000,2108729.20000000
1764097200000,3507894.70000000,1502033.40000000
1764100800000,2365952.70000000,1209588.00000000
1764104400000,1122151.10000000,328288.30000000
1764108000000,1408639.70000000,621055.60000000
1764111600000,2144775.30000000,1082980.20000000
1764115200000,1341598.80000000,607888.50000000
1764118800000,1160396.00000000,869696.70000000
1764122400000,997060.20000000,335971.80000000
1764126000000,1088317.20000000,302983.30000000
1764129600000,1141424.60000000,257426.30000000
1764133200000,941016.90000000,667871.50000000
1764136800000,1234468.20000000,560826.30000000
1764140400000,622799.90000000,236263.30000000
1764144000000,2470080.70000000,838058.10000000
1764147600000,3641928.90000000,1424498.00000000
1764151200000,1754137.30000000,1327386.60000000
1764154800000,3030240.50000000,1713324.90000000
1764158400000,3910743.30000000,1380881.80000000
1764162000000,5025049.60000000,2417474.00000000
1764165600000,8103879.60000000,2803795.60000000
1764169200000,2699487.60000000,1237922.40000000
1764172800000,13852222.60000000,7321084.70000000
1764176400000,7477898.90000000,4156165.30000000
1764180000000,7642449.20000000,3559989.40000000
1764183600000,3420323.00000000,1755969.40000000
1764187200000,3690057.00000000,1252683.40000000
1764190800000,2068424.70000000,871713.20000000
1764194400000,1545303.20000000,931974.10000000
1764198000000,1157834.10000000,606796.60000000
1764201600000,3321329.50000000,1120165.30000000
1764205200000,1781202.70000000,1054748.50000000
1764208800000,1341114.80000000,526514.20000000
1764212400000,1865491.10000000,852267.70000000
1764216000000,523930.60000000,303182.80000000
1764219600000,1445599.40000000,547080.00000000
1764223200000,1308303.30000000,591527.80000000
1764226800000,19723234.60000000,10923988.80000000
1764230400000,39306806.40000000,19993098.70000000
1764234000000,7858062.40000000,4692528.30000000
1764237600000,5252786.10000000,2344538.00000000
1764241200000,11629289.50000000,5065514.30000000
1764244800000,8246750.40000000,2818203.00000000
1764248400000,3742516.70000000,2021516.70000000
1764252000000,3102895.00000000,1409734.90000000
1764255600000,1522858.80000000,701728.50000000
1764259200000,5965241.00000000,2613675.00000000
1764262800000,4592916.60000000,2202854.70000000
1764266400000,1145204.10000000,502131.90000000
1764270000000,9650553.50000000,4877466.80000000
1764273600000,1909516.50000000,850282.10000000
1764277200000,1526263.50000000,805857.20000000
1764280800000,2003044.00000000,1046069.80000000
1764284400000,1783566.50000000,1239857.50000000
1764288000000,1071594.60000000,426932.40000000
1764291600000,2266763.70000000,988315.40000000
1764295200000,4509002.60000000,2162972.60000000
1764298800000,755614.70000000,298831.80000000
1764302400000,1526756.30000000,567366.70000000
1764306000000,1433386.00000000,693772.40000000
1764309600000,3814936.70000000,1495414.30000000
1764313200000,929063.40000000,494800.30000000
1764316800000,2743996.20000000,1721030.20000000
1764320400000,1779077.10000000,764404.10000000
1764324000000,3220790.40000000,2448995.50000000
1764327600000,5087349.20000000,3081775.10000000
1764331200000,4976082.70000000,2108401.40000000
1764334800000,2640734.40000000,1084248.50000000
1764338400000,8303048.90000000,4046969.80000000
1764342000000,5943933.30000000,2977247.90000000
1764345600000,8386298.40000000,3334525.90000000
1764349200000,4762497.10000000,2476371.60000000
1764352800000,3257341.40000000,2113141.90000000
1764356400000,3670622.90000000,2067435.50000000
1764360000000,4645693.30000000,2654862.90000000
1764363600000,11374141.30000000,5004173.10000000
1764367200000,5989909.30000000,2533910.60000000
1764370800000,769333.30000000,195560.80000000
1764374400000,850168.20000000,353735.20000000
1764378000000,476577.40000000,224442.40000000
1764381600000,2045520.40000000,1157966.10000000
1764385200000,1449577.90000000,505739.90000000
1764388800000,1188503.70000000,947125.80000000
1764392400000,974332.50000000,478501.80000000
1764396000000,4536968.60000000,1853478.20000000
1764399600000,2206786.50000000,1102334.20000000
1764403200000,3194717.50000000,1862998.30000000
1764406800000,665729.00000000,203451.30000000
1764410400000,1534247.60000000,440275.80000000
1764414000000,1903168.60000000,687069.20000000
1764417600000,2082548.30000000,1082243.90000000
1764421200000,2869312.30000000,1850790.90000000
1764424800000,2345615.90000000,1108406.90000000
1764428400000,1413324.40000000,635862.00000000
1764432000000,563555.00000000,134363.20000000
1764435600000,2833043.40000000,1333072.00000000
1764439200000,3833401.70000000,1671395.80000000
1764442800000,581950.20000000,216780.00000000
1764446400000,4986698.20000000,2671627.60000000
1764450000000,3145304.20000000,1528154.30000000
1764453600000,670720.60000000,465498.60000000
1764457200000,327096.30000000,198487.70000000
1764460800000,469337.40000000,226086.10000000
1764464400000,693657.70000000,234343.40000000
1764468000000,732020.30000000,534004.90000000
1764471600000,3544195.90000000,1722292.50000000
1764475200000,786600.50000000,294554.50000000
1764478800000,1171210.40000000,770135.90000000
1764482400000,1805308.90000000,1190802.50000000
1764486000000,624658.00000000,287701.90000000
1764489600000,1607534.30000000,691239.70000000
1764493200000,967907.20000000,503018.10000000
1764496800000,824335.50000000,342601.50000000
1764500400000,1082899.20000000,354563.80000000
1764504000000,3054884.40000000,943988.60000000
1764507600000,8518734.20000000,4506019.90000000
1764511200000,2416961.70000000,1216227.20000000
1764514800000,5138753.50000000,2101067.50000000
1764518400000,2767093.10000000,1585248.10000000
1764522000000,5227798.40000000,2115295.90000000
1764525600000,2069555.90000000,1002353.50000000
1764529200000,940763.30000000,446890.20000000
1764532800000,3335560.90000000,1711753.90000000
1764536400000,1195153.90000000,560742.80000000
1764540000000,1307174.20000000,695492.10000000
1764543600000,1512871.50000000,696219.90000000
1764547200000,24684224.30000000,10198403.50000000
1764550800000,7055368.90000000,3415058.20000000
1764554400000,6705401.70000000,3974997.50000000
1764558000000,3662491.10000000,1988285.70000000
1764561600000,5370280.40000000,2958468.60000000
1764565200000,3324293.40000000,1692416.70000000
1764568800000,4060801.60000000,1771906.80000000
1764572400000,2969305.50000000,1556935.70000000
1764576000000,2890783.60000000,1694118.90000000
1764579600000,3224072.50000000,1875498.30000000
1764583200000,2386937.10000000,786741.90000000
1764586800000,2025221.50000000,936862.10000000
1764590400000,4791542.20000000,2314568.30000000
1764594000000,3848516.00000000,2619445.70000000
1764597600000,3963124.20000000,2264777.00000000
1764601200000,9278034.60000000,4446340.80000000
1764604800000,2880472.10000000,1185683.30000000
1764608400000,2395190.90000000,1084678.70000000
1764612000000,4353419.00000000,3086209.10000000
1764615600000,806878.40000000,412858.40000000
1764619200000,1497667.20000000,749258.80000000
1764622800000,3381750.00000000,1372598.00000000
1764626400000,1953128.90000000,786334.70000000
1764630000000,1651394.90000000,477820.70000000
1764633600000,1239178.80000000,657889.00000000
1764637200000,1140453.30000000,655085.70000000
1764640800000,298514.00000000,181479.40000000
1764644400000,976185.90000000,622402.20000000
1764648000000,1521455.20000000,782999.60000000
1764651600000,2115769.80000000,793642.30000000
1764655200000,964057.70000000,497456.50000000
1764658800000,4560689.50000000,2107465.20000000
1764662400000,1904051.40000000,1003843.50000000
1764666000000,1176642.60000000,965603.40000000
1764669600000,1503352.60000000,791853.20000000
1764673200000,3003529.40000000,1208654.10000000
1764676800000,2340736.90000000,1745449.90000000
1764680400000,3234184.90000000,1706447.10000000
1764684000000,10273430.00000000,5004744.70000000
1764687600000,9858230.70000000,4940160.50000000
1764691200000,4354714.70000000,2098809.40000000
1764694800000,16492151.70000000,9084222.00000000
1764698400000,4481715.20000000,2821838.80000000
1764702000000,1560338.40000000,798705.00000000
1764705600000,4050640.70000000,2010223.10000000
1764709200000,1330323.00000000,680621.50000000
1764712800000,1570474.80000000,439546.00000000
1764716400000,934345.30000000,428646.80000000
1764720000000,2641354.20000000,959960.10000000
1764723600000,996856.20000000,533044.50000000
1764727200000,2287228.80000000,867549.10000000
1764730800000,1160710.80000000,787985.50000000
1764734400000,4682720.70000000,2671159.60000000
1764738000000,5896225.60000000,3655949.70000000
1764741600000,7444228.50000000,2491186.60000000
1764745200000,4793044.40000000,1281198.10000000
1764748800000,3436427.30000000,1984196.50000000
1764752400000,4157828.60000000,2350476.80000000
1764756000000,3392170.80000000,1167063.70000000
1764759600000,3972426.90000000,1943088.50000000
1764763200000,2054531.50000000,930098.00000000
1764766800000,1758805.00000000,791188.90000000
1764770400000,13634852.50000000,6767179.20000000
1764774000000,6007828.80000000,3072961.90000000
1764777600000,2713871.40000000,2032232.10000000
1764781200000,2755854.80000000,1408912.00000000
1764784800000,2316302.30000000,1049756.00000000
1764788400000,1059585.90000000,539244.00000000
1764792000000,1936758.90000000,1067666.50000000
1764795600000,6820144.80000000,4189461.60000000
1764799200000,2330027.90000000,1256562.40000000
1764802800000,2040359.10000000,1212245.00000000
1764806400000,2061765.60000000,982689.10000000
1764810000000,3149832.00000000,1728705.20000000
1764813600000,1275802.60000000,733108.50000000
1764817200000,893240.80000000,278282.40000000
1764820800000,1528207.10000000,535985.20000000
1764824400000,3848711.70000000,1843625.40000000
1764828000000,621386.20000000,321666.50000000
1764831600000,1612212.40000000,718459.80000000
1764835200000,1774109.50000000,621046.90000000
1764838800000,3198134.60000000,1359961.00000000
1764842400000,1165988.70000000,353561.10000000
1764846000000,1336115.20000000,507736.60000000
1764849600000,1582975.60000000,977242.00000000
1764853200000,4227715.90000000,1683249.00000000
1764856800000,3503979.60000000,1792388.70000000
1764860400000,4090146.30000000,2419407.60000000
1764864000000,2954966.80000000,1290629.50000000
1764867600000,1212386.30000000,789752.70000000
1764871200000,1216429.20000000,423104.20000000
1764874800000,4857681.10000000,2229163.80000000
1764878400000,1662666.20000000,616530.80000000
1764882000000,1124511.90000000,463249.60000000
1764885600000,377710.10000000,291931.80000000
1764889200000,1027984.20000000,403749.80000000
1764892800000,797221.40000000,400803.60000000
1764896400000,2208976.20000000,581291.10000000
1764900000000,2552773.00000000,1553716.40000000
1764903600000,1216743.30000000,570243.20000000
1764907200000,1581088.70000000,853426.70000000
1764910800000,492904.80000000,221506.00000000
1764914400000,822040.30000000,433088.60000000
1764918000000,1337565.40000000,651691.70000000
1764921600000,2660688.70000000,553975.10000000
1764925200000,4352814.90000000,2120963.00000000
1764928800000,4278327.20000000,2473516.80000000
1764932400000,2953841.40000000,1937800.60000000
1764936000000,2293078.80000000,1131362.60000000
1764939600000,2602120.90000000,1525498.60000000
1764943200000,1850544.10000000,951198.60000000
1764946800000,4118884.70000000,1902165.30000000
1764950400000,7664735.50000000,3557580.40000000
1764954000000,1464444.50000000,542400.60000000
1764957600000,2596670.00000000,1202135.20000000
1764961200000,3081377.60000000,1719877.10000000
1764964800000,3728392.50000000,1944796.20000000
1764968400000,1819066.80000000,860851.60000000
1764972000000,1795482.40000000,641321.50000000
1764975600000,539247.80000000,248185.50000000
1764979200000,776167.10000000,376762.90000000
1764982800000,2971865.90000000,1705119.00000000
1764986400000,2041606.30000000,1250532.30000000
1764990000000,1833801.90000000,1165352.30000000
1764993600000,227035.90000000,78200.50000000
1764997200000,446687.50000000,186027.00000000
1765000800000,1970516.80000000,926519.90000000
1765004400000,2851801.40000000,1434048.50000000
1765008000000,1278151.80000000,463130.20000000
1765011600000,1446746.30000000,892670.00000000
1765015200000,1489765.90000000,524166.10000000
1765018800000,1217922.90000000,890595.20000000
1765022400000,1607508.90000000,469964.90000000
1765026000000,870664.80000000,418977.20000000
1765029600000,5134567.40000000,2945901.20000000
1765033200000,3443381.70000000,1741525.00000000
1765036800000,16253734.20000000,6735428.70000000
1765040400000,6505731.60000000,3408506.40000000
1765044000000,3880635.40000000,1823666.30000000
1765047600000,3066897.00000000,1413203.70000000
1765051200000,2298993.80000000,1266968.60000000
1765054800000,60675509.50000000,33921589.10000000
1765058400000,59445894.30000000,32354686.00000000
1765062000000,32865075.40000000,14636848.80000000
1765065600000,23647967.70000000,11616967.90000000
1765069200000,14096598.50000000,6858373.80000000
1765072800000,10811702.60000000,4832729.40000000
1765076400000,17993240.90000000,9228552.90000000
1765080000000,12094134.00000000,6070303.40000000
1765083600000,9808518.80000000,4651734.00000000
1765087200000,8797246.20000000,3580740.60000000
1765090800000,15128716.70000000,6598928.90000000
1765094400000,8623089.10000000,3508417.00000000
1765098000000,4591323.20000000,2132080.30000000
1765101600000,5707269.60000000,2453659.80000000
1765105200000,7773573.00000000,4968937.90000000
1765108800000,10093192.30000000,4345656.10000000
1765112400000,38534354.10000000,19725512.00000000
1765116000000,36540713.70000000,17543036.20000000
1765119600000,55220051.40000000,27233552.50000000
1765123200000,19436906.30000000,9078562.20000000
1765126800000,53703008.10000000,28589082.00000000
1765130400000,17933749.30000000,7746573.70000000
1765134000000,15111515.40000000,6312906.20000000
1765137600000,10559196.40000000,5150226.00000000
1765141200000,21579378.30000000,9971149.90000000
1765144800000,14328194.10000000,7007349.10000000
1765148400000,3680643.20000000,1093823.50000000
1765152000000,4523144.50000000,2152808.80000000
1765155600000,5904521.70000000,3785475.60000000
1765159200000,2416995.50000000,1133844.50000000
1765162800000,2671305.50000000,1473340.10000000
1765166400000,63406545.30000000,36279433.10000000
1765170000000,34190760.30000000,15358918.10000000
1765173600000,18659206.30000000,10480784.60000000
1765177200000,7795005.60000000,3753942.30000000
1765180800000,16432564.90000000,9195458.40000000
1765184400000,6576088.90000000,3826989.40000000
1765188000000,21058446.80000000,11832195.40000000
1765191600000,10698202.60000000,4933285.30000000
1765195200000,11504151.80000000,7160239.20000000
1765198800000,20133876.20000000,11202381.20000000
1765202400000,18103928.80000000,9165172.50000000
1765206000000,10542506.70000000,5193801.20000000
1765209600000,9002770.00000000,3016624.80000000
1765213200000,7121610.00000000,2365124.40000000
1765216800000,9207911.40000000,1860729.40000000
1765220400000,6443405.70000000,3476528.70000000
1765224000000,20174709.30000000,10535828.00000000
1765227600000,14426269.90000000,8484526.20000000
1765231200000,4678238.60000000,2379700.20000000
1765234800000,2296860.50000000,864898.50000000
1765238400000,4310009.20000000,1799134.70000000
1765242000000,4117343.10000000,1636607.20000000
1765245600000,2921148.00000000,1524954.50000000
1765249200000,4307912.80000000,1712931.50000000
1765252800000,5044714.70000000,1826485.50000000
1765256400000,8967533.80000000,4385727.70000000
1765260000000,1832748.20000000,920797.30000000
1765263600000,5424854.50000000,2905050.70000000
1765267200000,9113268.00000000,4451133.50000000
1765270800000,6688524.80000000,2381034.80000000
1765274400000,4462755.10000000,2259911.00000000
1765278000000,2150106.20000000,1290944.30000000
1765281600000,1770850.00000000,817834.00000000
1765285200000,3013196.50000000,1058988.30000000
1765288800000,12496640.70000000,7077901.00000000
1765292400000,8605248.40000000,3394961.40000000
1765296000000,11215958.50000000,6127793.50000000
1765299600000,7617768.70000000,4037099.10000000
1765303200000,12801790.80000000,6646894.30000000
1765306800000,7679370.80000000,3847696.90000000
1765310400000,4003246.70000000,1980695.00000000
1765314000000,2230302.60000000,938789.10000000
1765317600000,1807038.30000000,1111606.40000000
1765321200000,2417286.30000000,1835600.30000000
1765324800000,2600718.40000000,1143961.70000000
1765328400000,72208769.20000000,36076528.90000000
1765332000000,11836385.70000000,5784831.10000000
1765335600000,2572594.60000000,1009818.20000000
1765339200000,2380953.20000000,1356430.40000000
1765342800000,2017322.60000000,824396.80000000
1765346400000,6447033.00000000,2432540.10000000
1765350000000,6638320.00000000,2201458.30000000
1765353600000,3810071.70000000,1812551.00000000
1765357200000,6450091.20000000,3307189.80000000
1765360800000,6661440.90000000,2809526.30000000
1765364400000,4571570.40000000,1327786.10000000
1765368000000,2596176.90000000,1318034.20000000
1765371600000,12674746.50000000,8393103.60000000
1765375200000,9784396.10000000,3422671.70000000
1765378800000,4502597.10000000,1564066.30000000
1765382400000,4683518.90000000,2815955.60000000
1765386000000,3934915.20000000,2355675.90000000
1765389600000,6518307.60000000,2868952.30000000
1765393200000,6773374.30000000,3199557.10000000
1765396800000,9247794.60000000,4535652.20000000
1765400400000,2666226.30000000,1114448.60000000
1765404000000,3035271.60000000,1443578.00000000
1765407600000,1835383.20000000,1060369.60000000
1765411200000,3454585.20000000,1895320.90000000
1765414800000,4979553.60000000,2294859.90000000
1765418400000,1854957.20000000,870402.40000000
1765422000000,2693603.50000000,1392467.40000000
1765425600000,2957047.20000000,1642599.80000000
1765429200000,3993638.40000000,1660811.70000000
1765432800000,1107571.70000000,669682.50000000
1765436400000,2580535.60000000,1402230.80000000
1765440000000,1432779.30000000,696050.40000000
1765443600000,2636113.40000000,1650151.90000000
1765447200000,2080081.20000000,1091314.90000000
1765450800000,2322347.40000000,691223.40000000
1765454400000,2130473.10000000,575300.20000000
1765458000000,4764309.90000000,1705747.30000000
1765461600000,2410473.50000000,1057272.60000000
1765465200000,2757111.40000000,1854390.20000000
1765468800000,1379865.70000000,829771.60000000
1765472400000,1219391.30000000,602161.30000000
1765476000000,6737656.90000000,2570345.10000000
1765479600000,2632912.80000000,1270973.20000000
1765483200000,4608192.20000000,2007082.50000000
1765486800000,3801918.80000000,1736348.20000000
1765490400000,3559497.50000000,1854852.40000000
1765494000000,784704.30000000,300024.30000000
1765497600000,2217893.70000000,771597.60000000
1765501200000,930534.60000000,424536.70000000
1765504800000,1548713.20000000,1035438.90000000
1765508400000,1955453.60000000,803971.10000000
1765512000000,991481.80000000,363928.00000000
1765515600000,5837477.40000000,2576341.60000000
1765519200000,5896979.40000000,3375793.50000000
1765522800000,903795.90000000,466678.10000000
1765526400000,1144051.30000000,205528.70000000
1765530000000,569303.90000000,151118.40000000
1765533600000,1925396.50000000,611660.60000000
1765537200000,2519117.60000000,906732.20000000
1765540800000,827854.50000000,490896.30000000
1765544400000,1093357.70000000,745197.50000000
1765548000000,1395793.10000000,544530.70000000
1765551600000,6895124.50000000,3496903.40000000
1765555200000,6002134.60000000,3433019.50000000
1765558800000,3243180.50000000,1434980.90000000
1765562400000,2432753.10000000,1281022.10000000
1765566000000,614489.70000000,304638.00000000
1765569600000,936477.00000000,322425.90000000
1765573200000,1365312.30000000,712235.40000000
1765576800000,1209472.10000000,734022.20000000
1765580400000,937552.80000000,584896.80000000
1765584000000,6815121.90000000,4651009.90000000
1765587600000,1033105.10000000,338585.30000000
1765591200000,749493.90000000,317954.90000000
1765594800000,1331175.10000000,378776.70000000
1765598400000,128479.00000000,59401.50000000
1765602000000,270804.00000000,146893.10000000
1765605600000,577177.20000000,349244.90000000
1765609200000,1572162.60000000,999965.50000000
1765612800000,480610.40000000,159198.50000000
1765616400000,2801349.80000000,894159.40000000
1765620000000,6660675.50000000,2093205.00000000
1765623600000,3225225.30000000,2633003.60000000
1765627200000,2693222.80000000,1545121.30000000
1765630800000,826389.20000000,545735.10000000
1765634400000,3061473.80000000,1422800.90000000
1765638000000,1526401.60000000,724464.00000000
1765641600000,467108.70000000,328411.70000000
1765645200000,763590.50000000,158198.20000000
1765648800000,807214.70000000,519073.40000000
1765652400000,1107907.60000000,354848.60000000
1765656000000,1061000.40000000,394798.70000000
1765659600000,730992.70000000,239515.80000000
1765663200000,806719.40000000,303545.60000000
1765666800000,1013476.50000000,839102.20000000
1765670400000,717835.20000000,620417.00000000
1765674000000,925726.60000000,788941.20000000
1765677600000,979155.00000000,478577.50000000
1765681200000,322539.20000000,89186.60000000
1765684800000,539267.50000000,380512.50000000
1765688400000,1046906.00000000,364142.90000000
1765692000000,1063369.00000000,428753.70000000
1765695600000,757626.60000000,328307.60000000
1765699200000,1310768.00000000,601941.20000000
1765702800000,7687185.20000000,1628389.50000000
1765706400000,2990460.10000000,1464988.10000000
1765710000000,3225618.30000000,1793305.90000000
1765713600000,3893570.80000000,1767979.20000000
1765717200000,550321.80000000,280992.70000000
1765720800000,978584.30000000,526882.00000000
1765724400000,1742904.90000000,495151.70000000
1765728000000,1493801.50000000,835707.00000000
1765731600000,1686526.40000000,984997.60000000
1765735200000,814345.50000000,541442.50000000
1765738800000,581298.80000000,308135.30000000
1765742400000,4151881.10000000,2265090.60000000
1765746000000,2757513.80000000,1276824.00000000
1765749600000,2229982.10000000,1143215.70000000
1765753200000,3568588.60000000,1319892.00000000
1765756800000,2204751.20000000,1096170.20000000
1765760400000,3627213.40000000,1881616.10000000
1765764000000,1548367.80000000,1030298.70000000
1765767600000,1261928.30000000,967905.20000000
1765771200000,431875.20000000,44788.40000000
1765774800000,1053648.90000000,556706.60000000
1765778400000,562754.40000000,440206.30000000
1765782000000,762708.30000000,337250.60000000
1765785600000,633136.00000000,208116.10000000
1765789200000,1373526.10000000,494206.00000000
1765792800000,8576510.70000000,5635540.80000000
1765796400000,11240481.00000000,5916830.70000000
1765800000000,13569006.30000000,7309247.60000000
1765803600000,4756964.20000000,2126845.20000000
1765807200000,9734884.40000000,5154538.00000000
1765810800000,8524100.40000000,4531283.10000000
1765814400000,3770664.70000000,2152321.30000000
1765818000000,9899079.40000000,3717220.50000000
1765821600000,2671714.20000000,1274843.00000000
1765825200000,1492367.70000000,850399.00000000
1765828800000,2150789.50000000,624556.20000000
1765832400000,1349885.70000000,515044.70000000
1765836000000,2685535.60000000,1010601.40000000
1765839600000,1304306.60000000,757982.30000000
1765843200000,2338353.50000000,671567.80000000
1765846800000,3351338.50000000,1939798.20000000
1765850400000,1061537.30000000,632508.00000000
1765854000000,1365734.00000000,464305.80000000
1765857600000,3635810.00000000,1348128.20000000
1765861200000,1647481.30000000,892342.50000000
1765864800000,1579419.40000000,489933.20000000
1765868400000,3754247.50000000,1541534.60000000
1765872000000,992231.50000000,579641.00000000
1765875600000,775523.00000000,275895.30000000
1765879200000,3639265.90000000,2256865.30000000
1765882800000,1025445.80000000,539038.50000000
1765886400000,1087149.30000000,598836.80000000
1765890000000,3297346.80000000,1575722.50000000
1765893600000,2937642.20000000,1713988.50000000
1765897200000,2820090.80000000,1211789.50000000
1765900800000,1032618.70000000,505704.00000000
1765904400000,1120655.60000000,802653.70000000
1765908000000,1673323.50000000,868249.80000000
1765911600000,1124642.10000000,621818.90000000
1765915200000,365714.80000000,273766.90000000
1765918800000,906417.40000000,465800.10000000
1765922400000,407932.00000000,123352.30000000
1765926000000,385597.40000000,101209.40000000
1765929600000,762325.50000000,221825.90000000
1765933200000,1431876.30000000,805570.20000000
1765936800000,447135.90000000,173653.30000000
1765940400000,794403.50000000,348902.50000000
1765944000000,2327359.90000000,587228.00000000
1765947600000,1367811.80000000,802768.90000000
1765951200000,712139.60000000,596248.30000000
1765954800000,773040.10000000,218308.40000000
1765958400000,343353.40000000,104427.00000000
1765962000000,520903.60000000,311391.90000000
1765965600000,727504.20000000,149569.00000000
1765969200000,403464.10000000,247504.90000000
1765972800000,587714.70000000,263288.60000000
1765976400000,732675.80000000,449514.20000000
1765980000000,3905024.60000000,1454039.80000000
1765983600000,7542198.70000000,3376600.30000000
1765987200000,9221867.60000000,4267915.80000000
1765990800000,3434799.50000000,2054089.00000000
1765994400000,4362266.50000000,1960035.70000000
1765998000000,4550014.70000000,2711861.70000000
1766001600000,2220119.70000000,1042505.50000000
1766005200000,1398753.40000000,818087.00000000
1766008800000,1535903.60000000,409451.60000000
1766012400000,1200019.30000000,547454.80000000
1766016000000,2194944.10000000,762428.80000000
1766019600000,2223293.80000000,640745.50000000
1766023200000,2253435.60000000,1335092.50000000
1766026800000,351278.40000000,170604.60000000
1766030400000,663304.00000000,373205.80000000
1766034000000,2936385.10000000,1052338.30000000
1766037600000,2927958.60000000,1536403.00000000
1766041200000,1704093.10000000,808007.00000000
1766044800000,2083403.00000000,1362420.70000000
1766048400000,15499389.40000000,6802054.00000000
1766052000000,3767619.50000000,1589000.90000000
1766055600000,1876610.20000000,1123017.50000000
1766059200000,3370834.60000000,1690149.00000000
1766062800000,5365535.60000000,2563288.60000000
1766066400000,2724777.10000000,1109681.00000000
1766070000000,4281891.40000000,2317718.70000000
1766073600000,958454.30000000,468571.70000000
1766077200000,8207902.30000000,3545478.70000000
1766080800000,2347999.20000000,1107987.70000000
1766084400000,3695939.50000000,1748814.70000000
1766088000000,824369.20000000,377027.50000000
1766091600000,2199192.80000000,1264070.60000000
1766095200000,5013191.80000000,1435959.80000000
1766098800000,508558.80000000,297942.00000000
1766102400000,2819622.60000000,1591922.10000000
1766106000000,2356934.10000000,732242.90000000
1766109600000,1668561.70000000,986304.90000000
1766113200000,5746431.30000000,3423395.10000000
1766116800000,1456331.20000000,782110.50000000
1766120400000,846877.20000000,559882.70000000
1766124000000,1021199.40000000,575553.80000000
1766127600000,2315431.00000000,1014886.60000000
1766131200000,2852512.80000000,1849383.00000000
1766134800000,648061.20000000,195804.70000000
1766138400000,3942546.00000000,2495627.80000000
1766142000000,3899353.50000000,3190399.90000000
1766145600000,1371759.60000000,717206.70000000
1766149200000,1404087.90000000,618673.00000000
1766152800000,6767061.60000000,3659970.20000000
1766156400000,6883766.60000000,3591011.80000000
1766160000000,5381183.50000000,3021078.50000000
1766163600000,7337474.60000000,2929690.20000000
1766167200000,7130757.10000000,2707500.10000000
1766170800000,2697700.20000000,1014204.30000000
1766174400000,2419948.60000000,1189776.50000000
1766178000000,1033195.50000000,203247.50000000
1766181600000,1636830.90000000,876895.50000000
1766185200000,1925528.60000000,875606.30000000
1766188800000,584255.60000000,352313.60000000
1766192400000,782318.70000000,492591.90000000
1766196000000,1450940.30000000,512670.40000000
1766199600000,795412.60000000,475307.40000000
1766203200000,1111327.40000000,287184.10000000
1766206800000,384713.40000000,240168.50000000
1766210400000,228335.90000000,109169.30000000
1766214000000,939159.60000000,234216.20000000
1766217600000,1443190.10000000,228055.90000000
1766221200000,859432.00000000,342607.80000000
1766224800000,782736.40000000,499825.10000000
1766228400000,830307.80000000,476393.80000000
1766232000000,568713.40000000,251791.80000000
1766235600000,1227676.20000000,627731.90000000
1766239200000,971537.20000000,762600.60000000
1766242800000,2045613.90000000,1377604.20000000
1766246400000,1606889.00000000,836073.00000000
1766250000000,2189098.70000000,1335003.30000000
1766253600000,2491194.60000000,1472910.30000000
1766257200000,2021774.00000000,1380525.70000000
1766260800000,4532379.20000000,2935469.70000000
1766264400000,2455953.50000000,1114215.50000000
1766268000000,1835203.80000000,808311.20000000
1766271600000,603093.70000000,244511.30000000
1766275200000,1244136.80000000,233063.40000000
1766278800000,1114109.90000000,550270.20000000
1766282400000,1819601.50000000,1180579.80000000
1766286000000,548885.10000000,197360.70000000
1766289600000,516191.50000000,131795.00000000
1766293200000,874363.90000000,527933.30000000
1766296800000,891728.80000000,610534.00000000
1766300400000,862317.70000000,569647.90000000
1766304000000,2202914.50000000,801933.80000000
1766307600000,1810790.80000000,885685.90000000
1766311200000,916838.10000000,144290.70000000
1766314800000,1820516.70000000,638864.90000000
1766318400000,1199940.20000000,639255.90000000
1766322000000,5199793.80000000,2254097.10000000
1766325600000,4971781.30000000,2654804.30000000
1766329200000,3531063.10000000,2145520.40000000
1766332800000,1893597.50000000,1241389.00000000
1766336400000,2292945.30000000,1579500.70000000
1766340000000,2701627.40000000,1092349.40000000
1766343600000,1440358.80000000,447940.40000000
1766347200000,5738971.10000000,2896589.00000000
1766350800000,964367.00000000,293169.30000000
1766354400000,1272993.20000000,586029.70000000
1766358000000,1512172.70000000,1321295.10000000
1766361600000,2030871.80000000,1207697.00000000
1766365200000,731111.10000000,431517.20000000
1766368800000,1793843.30000000,688756.00000000
1766372400000,1599526.00000000,142881.70000000
1766376000000,1668938.40000000,1236196.20000000
1766379600000,259555.30000000,155544.20000000
1766383200000,435111.70000000,206708.70000000
1766386800000,605802.60000000,474564.90000000
1766390400000,2673830.70000000,1145944.60000000
1766394000000,7947461.40000000,4345386.90000000
1766397600000,1916969.20000000,1021296.00000000
1766401200000,1476257.90000000,967660.20000000
1766404800000,1420577.10000000,954253.80000000
1766408400000,1438804.50000000,635596.90000000
1766412000000,27010079.40000000,15123723.70000000
1766415600000,7064703.20000000,3356306.70000000
1766419200000,28844922.00000000,15695497.50000000
1766422800000,9743866.30000000,4358659.80000000
1766426400000,34849885.00000000,19129463.10000000
1766430000000,24091626.90000000,11110987.20000000
1766433600000,14568706.80000000,6642116.60000000
1766437200000,3735408.60000000,1964684.20000000
1766440800000,4600043.20000000,2233881.50000000
1766444400000,4312626.50000000,1703517.10000000
1766448000000,4462265.70000000,2202754.90000000
1766451600000,2317084.50000000,1061494.50000000
1766455200000,4663604.20000000,2298723.80000000
1766458800000,3897760.50000000,1870740.80000000
1766462400000,2603310.00000000,1390605.90000000
1766466000000,4365852.40000000,1832196.20000000
1766469600000,8541022.80000000,2112595.90000000
1766473200000,6328486.90000000,3587205.20000000
1766476800000,7659148.20000000,4054542.80000000
1766480400000,4126904.90000000,1634742.80000000
1766484000000,2248131.20000000,879538.50000000
1766487600000,2065819.00000000,1116499.40000000
1766491200000,3090476.10000000,1569273.10000000
1766494800000,3919624.80000000,1792850.00000000
1766498400000,11976710.60000000,7002140.70000000
1766502000000,8973252.70000000,4375359.10000000
1766505600000,4235590.60000000,2354455.70000000
1766509200000,3361432.00000000,2010134.60000000
1766512800000,14967786.80000000,8226845.60000000
1766516400000,4646112.70000000,2293404.80000000
1766520000000,4780831.00000000,2753794.00000000
1766523600000,794659.30000000,359459.60000000
1766527200000,1523284.10000000,600372.70000000
1766530800000,375731.80000000,190728.60000000
1766534400000,6411513.40000000,2312242.40000000
1766538000000,1784091.30000000,706489.30000000
1766541600000,8009970.80000000,1439975.30000000
1766545200000,16964788.00000000,10607292.90000000
1766548800000,6446017.10000000,2205004.10000000
1766552400000,2362167.40000000,1188221.40000000
1766556000000,2260412.60000000,1421199.60000000
1766559600000,977046.60000000,321152.50000000
1766563200000,7693396.90000000,4483353.50000000
1766566800000,3823125.50000000,1986359.20000000
1766570400000,5125904.50000000,2841446.00000000
1766574000000,964589.70000000,614252.40000000
1766577600000,1355395.70000000,460309.20000000
1766581200000,1448663.80000000,347089.00000000
1766584800000,2932295.00000000,1420700.30000000
1766588400000,2920486.50000000,1020744.80000000
1766592000000,5031795.20000000,2804767.80000000
1766595600000,1312238.70000000,573825.80000000
1766599200000,803968.50000000,351337.50000000
1766602800000,1203326.70000000,537569.50000000
1766606400000,1695984.00000000,1027794.20000000
1766610000000,1091136.30000000,802966.10000000
1766613600000,1067462.80000000,457750.60000000
1766617200000,1114907.20000000,410188.30000000
1766620800000,597882.00000000,406555.30000000
1766624400000,538193.80000000,436404.00000000
1766628000000,510984.20000000,207095.80000000
1766631600000,375720.10000000,189195.80000000
1766635200000,1971611.90000000,1444657.80000000
1766638800000,1228456.00000000,240597.70000000
1766642400000,1074669.60000000,659487.20000000
1766646000000,2374512.60000000,1210527.30000000
1766649600000,1578603.20000000,920443.00000000
1766653200000,3491674.20000000,1768502.90000000
1766656800000,2557238.20000000,708772.30000000
1766660400000,1930950.70000000,617069.00000000
1766664000000,1695949.30000000,775450.30000000
1766667600000,1668798.10000000,280922.70000000
1766671200000,1833512.90000000,881769.70000000
1766674800000,2676419.10000000,1368846.30000000
1766678400000,1158556.60000000,651172.50000000
1766682000000,1349051.60000000,792166.10000000
1766685600000,936174.70000000,673351.20000000
1766689200000,2205831.40000000,714176.30000000
1766692800000,448853.20000000,137787.50000000
1766696400000,1792030.60000000,1441820.30000000
1766700000000,3720070.60000000,900103.70000000
1766703600000,7512655.40000000,2195554.20000000
1766707200000,4296679.70000000,1721891.20000000
1766710800000,1165266.80000000,783877.50000000
1766714400000,3117400.20000000,1547812.30000000
1766718000000,1722110.60000000,760780.00000000
1766721600000,423546.20000000,214927.20000000
1766725200000,354339.50000000,162164.60000000
1766728800000,395832.10000000,265015.80000000
1766732400000,1427824.40000000,638872.40000000
1766736000000,398457.10000000,228036.70000000
1766739600000,8718701.30000000,2624290.30000000
1766743200000,853268.20000000,431724.70000000
1766746800000,981392.10000000,557435.10000000
1766750400000,1191382.90000000,743480.30000000
1766754000000,2617481.40000000,1038813.50000000
1766757600000,2638440.60000000,1644414.10000000
1766761200000,6174182.40000000,2701003.80000000
1766764800000,1125702.50000000,427406.60000000
1766768400000,1563593.40000000,757875.20000000
1766772000000,326639.00000000,204004.70000000
1766775600000,2375940.40000000,1300458.80000000
1766779200000,748362.30000000,441660.80000000
1766782800000,2105612.20000000,999443.20000000
1766786400000,808699.30000000,410327.80000000
1766790000000,268523.20000000,172986.50000000
1766793600000,875425.00000000,331921.20000000
1766797200000,619049.50000000,321386.20000000
1766800800000,349131.10000000,152352.90000000
1766804400000,664321.30000000,310917.50000000
1766808000000,1423871.70000000,1082744.70000000
1766811600000,478135.60000000,267525.60000000
1766815200000,1409717.60000000,463885.00000000
1766818800000,152519.90000000,79354.50000000
1766822400000,310463.90000000,92648.30000000
1766826000000,656108.40000000,474991.70000000
1766829600000,1244698.50000000,444436.10000000
1766833200000,1415797.60000000,689565.10000000
1766836800000,442680.90000000,167264.30000000
1766840400000,759432.00000000,198557.70000000
1766844000000,3859120.80000000,1866011.80000000
1766847600000,925597.80000000,745114.20000000
1766851200000,3229734.00000000,2208260.20000000
1766854800000,3040249.20000000,839641.00000000
1766858400000,770263.60000000,271402.50000000
1766862000000,280484.70000000,89420.80000000
1766865600000,722965.00000000,427714.40000000
1766869200000,726678.40000000,519741.90000000
1766872800000,1547461.20000000,950977.20000000
1766876400000,1817073.20000000,1139180.20000000
1766880000000,1933653.70000000,563813.60000000
1766883600000,2731642.80000000,1637504.60000000
1766887200000,774535.00000000,500168.10000000
1766890800000,287998.10000000,85714.60000000
1766894400000,240108.40000000,32537.40000000
1766898000000,1463499.70000000,845464.80000000
1766901600000,581571.50000000,181667.20000000
1766905200000,287711.70000000,130498.20000000
1766908800000,1030595.80000000,388125.50000000
1766912400000,540487.80000000,300617.80000000
1766916000000,774489.40000000,296444.50000000
1766919600000,2390861.30000000,691433.10000000
1766923200000,1498775.40000000,293950.80000000
1766926800000,1591479.60000000,333443.00000000
1766930400000,3496032.70000000,2794363.50000000
1766934000000,748628.90000000,311298.70000000
1766937600000,515501.40000000,317282.00000000
1766941200000,713580.60000000,513044.60000000
1766944800000,2966711.20000000,1212547.60000000
1766948400000,2629384.00000000,1120359.20000000
1766952000000,1178002.20000000,437472.10000000
1766955600000,704529.20000000,332162.40000000
1766959200000,1160760.40000000,887173.60000000
1766962800000,1021258.60000000,401279.80000000
1766966400000,786517.60000000,371043.30000000
1766970000000,4928382.90000000,2570354.30000000
1766973600000,1775276.30000000,1348937.90000000
1766977200000,1016248.90000000,538797.70000000
1766980800000,910984.60000000,310229.90000000
1766984400000,1962744.30000000,1359988.60000000
1766988000000,2233930.70000000,271607.10000000
1766991600000,797310.20000000,357992.20000000
1766995200000,2526844.90000000,1312471.10000000
1766998800000,5263242.80000000,1323810.00000000
1767002400000,2076340.90000000,706375.10000000
1767006000000,945957.10000000,653124.60000000
1767009600000,2673315.10000000,1595408.50000000
1767013200000,1677613.60000000,971096.60000000
1767016800000,3904564.90000000,2195118.90000000
1767020400000,7138265.40000000,3451144.50000000
1767024000000,1492758.20000000,956751.60000000
1767027600000,839848.50000000,174530.80000000
1767031200000,866728.60000000,294981.10000000
1767034800000,1121157.90000000,889008.50000000
1767038400000,3084333.40000000,1093662.60000000
1767042000000,6839714.50000000,3493482.10000000
1767045600000,5509745.30000000,2533988.70000000
1767049200000,2443401.80000000,930814.30000000
1767052800000,2190366.30000000,1217448.90000000
1767056400000,3962112.90000000,1533609.60000000
1767060000000,1227403.20000000,699042.50000000
1767063600000,2760591.50000000,805285.40000000
1767067200000,873819.00000000,548664.10000000
1767070800000,1257337.30000000,662633.90000000
1767074400000,2449751.20000000,914104.70000000
1767078000000,4303742.60000000,1928890.20000000
1767081600000,4145204.10000000,1973140.30000000
1767085200000,886877.50000000,612149.40000000
1767088800000,1126521.60000000,344477.00000000
1767092400000,548380.60000000,118237.40000000
1767096000000,2271909.80000000,1479810.20000000
1767099600000,1575534.10000000,788977.80000000
1767103200000,4683626.10000000,2245276.80000000
1767106800000,1028432.10000000,537701.20000000
1767110400000,3710055.50000000,1253704.90000000
1767114000000,2932037.50000000,1501924.80000000
1767117600000,2891496.40000000,2053219.50000000
1767121200000,3740575.10000000,2046695.60000000
1767124800000,6464512.00000000,4666379.20000000
1767128400000,650814.80000000,427363.00000000
1767132000000,1159962.80000000,886156.40000000
1767135600000,1134275.80000000,410346.70000000
1767139200000,544235.70000000,332963.80000000
1767142800000,2777906.10000000,1355999.20000000
1767146400000,2547580.30000000,1159637.30000000
1767150000000,456035.50000000,273327.20000000
1767153600000,1316584.70000000,759301.00000000
1767157200000,1122929.60000000,820600.10000000
1767160800000,1714686.80000000,486909.80000000
1767164400000,1338320.30000000,444017.60000000
1767168000000,4140643.40000000,1635113.80000000
1767171600000,2483554.40000000,1828188.00000000
1767175200000,382785.50000000,195076.20000000
1767178800000,2993809.80000000,919849.10000000
1767182400000,670700.60000000,408984.40000000
1767186000000,700974.70000000,299455.80000000
1767189600000,2287166.20000000,915382.60000000
1767193200000,2605865.20000000,1309781.70000000
1767196800000,6244541.40000000,3141174.90000000
1767200400000,3312143.80000000,1939284.00000000
1767204000000,10392406.00000000,5721270.40000000
1767207600000,312749651.70000000,162189995.20000000
1767211200000,420897280.40000000,216655395.30000000
1767214800000,54374875.40000000,25074706.20000000
1767218400000,50695229.50000000,25821455.30000000
1767222000000,27203917.00000000,12849269.20000000
1767225600000,19960556.70000000,10523729.30000000
1767229200000,13868406.80000000,7565413.20000000
1767232800000,17009216.10000000,8994062.50000000
1767236400000,15074086.00000000,8261132.90000000
1767240000000,11865325.90000000,6510785.20000000
1767243600000,22351436.90000000,10795672.90000000
1767247200000,12459486.90000000,6720704.00000000
1767250800000,18503233.30000000,8291920.40000000
1767254400000,13423758.50000000,6660255.10000000
1767258000000,61394559.40000000,31118150.50000000
1767261600000,91016972.90000000,41907157.00000000
1767265200000,28744951.90000000,13715464.50000000
1767268800000,34448471.70000000,18416020.00000000
1767272400000,23012596.70000000,10897260.40000000
1767276000000,20811066.10000000,12549135.20000000
1767279600000,20102954.30000000,9463806.00000000
1767283200000,26928749.40000000,14591703.70000000
1767286800000,31148287.00000000,13043376.00000000
1767290400000,16176675.20000000,8699255.30000000
1767294000000,13965619.20000000,6581536.40000000
1767297600000,15586526.40000000,6792269.50000000
1767301200000,6650267.80000000,3197009.20000000
1767304800000,11081308.80000000,4501047.00000000
1767308400000,5680505.80000000,2872632.80000000
1767312000000,3973929.30000000,1617800.90000000
1767315600000,2680579.60000000,1443627.90000000
1767319200000,7741247.30000000,3296433.10000000
1767322800000,8674019.30000000,3861254.10000000
1767326400000,3651996.80000000,1665566.80000000
1767330000000,4543023.20000000,2448381.20000000
1767333600000,5598279.50000000,1931260.90000000
1767337200000,6055367.80000000,2425352.60000000
1767340800000,10241884.80000000,4216542.70000000
1767344400000,7789635.30000000,3707937.00000000
1767348000000,4888172.60000000,1886090.60000000
1767351600000,2841736.50000000,1226413.90000000
1767355200000,25981340.00000000,13299187.80000000
1767358800000,5729115.10000000,2431082.50000000
1767362400000,10258214.40000000,5378021.00000000
1767366000000,8036911.60000000,1976146.40000000
1767369600000,31544724.50000000,15750655.90000000
1767373200000,16557224.50000000,5815915.80000000
1767376800000,8597023.00000000,4761945.40000000
1767380400000,5309283.90000000,2351810.50000000
1767384000000,11413170.10000000,7246309.90000000
1767387600000,28507523.60000000,15528254.40000000
1767391200000,7735513.10000000,3635931.90000000
1767394800000,6987591.70000000,3745424.40000000
1767398400000,4831866.70000000,2073783.40000000
1767402000000,3039916.10000000,1656878.60000000
1767405600000,8634822.60000000,4906497.50000000
1767409200000,2369735.90000000,1229778.00000000
1767412800000,2699143.40000000,1247559.50000000
1767416400000,2087745.00000000,783434.00000000
1767420000000,5158710.40000000,1458608.90000000
1767423600000,8592943.50000000,4516251.80000000
1767427200000,5855118.20000000,3301121.20000000
1767430800000,11686500.00000000,6485942.50000000
1767434400000,5654565.70000000,2584318.00000000
1767438000000,2808178.00000000,1578158.70000000
1767441600000,5816721.70000000,2246848.30000000
1767445200000,3961429.80000000,1693806.90000000
1767448800000,4225850.30000000,2306824.50000000
1767452400000,2009785.20000000,1162841.60000000
1767456000000,15438936.00000000,8274328.00000000
1767459600000,9121484.10000000,4110485.00000000
1767463200000,4729715.10000000,2586331.80000000
1767466800000,6177337.80000000,2599877.70000000
1767470400000,3500445.70000000,1024584.60000000
1767474000000,10883250.70000000,6577508.00000000
1767477600000,2506345.30000000,685197.00000000
1767481200000,2874214.40000000,1588542.40000000
1767484800000,4646284.00000000,2311645.20000000
1767488400000,2056509.10000000,501707.80000000
1767492000000,4089814.90000000,2233445.70000000
1767495600000,9492915.70000000,6394789.30000000
1767499200000,6538089.80000000,3362666.80000000
1767502800000,2944095.40000000,1168786.70000000
1767506400000,5262954.90000000,3110941.70000000
1767510000000,4344448.20000000,2255811.40000000
1767513600000,18974404.90000000,10452978.00000000
1767517200000,15419441.30000000,7229556.60000000
1767520800000,7679208.70000000,4396037.40000000
1767524400000,10901927.50000000,6088416.40000000
1767528000000,7951302.00000000,3964525.00000000
1767531600000,98968321.80000000,52710134.60000000
1767535200000,17049803.60000000,7345264.30000000
1767538800000,27012388.70000000,15373891.50000000
1767542400000,77996897.30000000,39979679.90000000
1767546000000,65891743.70000000,33605124.00000000
1767549600000,28921503.70000000,14811489.90000000
1767553200000,32625535.00000000,17156394.00000000
1767556800000,30008982.30000000,15053314.00000000
1767560400000,12048240.40000000,5850089.80000000
1767564000000,2831790.90000000,1409694.40000000
1767567600000,10648076.30000000,6020551.10000000
1767571200000,14763166.90000000,6554376.00000000
1767574800000,11469973.90000000,5719820.80000000
1767578400000,24001536.70000000,11176581.10000000
1767582000000,10204128.20000000,3473773.90000000
1767585600000,10606427.50000000,4586143.10000000
1767589200000,10212040.40000000,4024006.10000000
1767592800000,8363837.50000000,3232675.50000000
1767596400000,7113364.30000000,4678374.60000000
1767600000000,6690720.50000000,3644865.00000000
1767603600000,7032923.00000000,3504076.00000000
1767607200000,7153219.70000000,3529479.90000000
1767610800000,6125667.30000000,4322632.70000000
1767614400000,10941672.10000000,7514658.00000000
1767618000000,12484511.10000000,5768033.80000000
1767621600000,7270458.90000000,3528449.80000000
1767625200000,6570818.90000000,3588812.70000000
1767628800000,10117320.90000000,5602900.80000000
1767632400000,7060096.70000000,4331677.90000000
1767636000000,9349760.60000000,3696573.80000000
1767639600000,9359817.20000000,4706359.00000000
1767643200000,8489644.30000000,4332033.90000000
1767646800000,2439629.00000000,1278849.30000000
1767650400000,2635342.20000000,1436449.70000000
1767654000000,2205870.80000000,1261074.40000000
1767657600000,5614494.30000000,2073651.50000000
1767661200000,2984380.40000000,1271583.90000000
1767664800000,3874993.70000000,1290938.80000000
1767668400000,3840213.70000000,2285241.40000000
1767672000000,6354047.10000000,3058564.40000000
1767675600000,4620794.40000000,1716038.00000000
1767679200000,10120019.10000000,5284238.20000000
1767682800000,28758145.70000000,16030460.80000000
1767686400000,59270704.60000000,31022163.30000000
1767690000000,58513184.60000000,31207946.00000000
1767693600000,32725781.30000000,15517136.30000000
1767697200000,14581457.60000000,7349558.70000000
1767700800000,14023693.60000000,5303215.70000000
1767704400000,24069839.50000000,11002735.00000000
1767708000000,17260428.80000000,8928501.50000000
1767711600000,13088377.30000000,5720338.60000000
1767715200000,16432060.00000000,7332396.80000000
1767718800000,10643848.80000000,4643333.30000000
1767722400000,6912923.90000000,3780436.70000000
1767726000000,5258309.10000000,2928552.40000000
1767729600000,6641459.20000000,3496053.40000000
1767733200000,9801236.00000000,6352262.00000000
1767736800000,3569470.00000000,1751136.50000000
1767740400000,3581616.50000000,1824825.60000000
1767744000000,3126798.70000000,1055849.50000000
1767747600000,13079661.40000000,7443334.40000000
1767751200000,4207168.10000000,2241541.30000000
1767754800000,6067508.20000000,2676760.80000000
1767758400000,2541214.00000000,1097427.70000000
1767762000000,5741903.30000000,3285325.90000000
1767765600000,3389340.70000000,1470661.40000000
1767769200000,4306260.20000000,1695653.80000000
1767772800000,5196857.40000000,2214406.70000000
1767776400000,7406900.60000000,3426764.60000000
1767780000000,4251193.80000000,2012697.00000000
1767783600000,3665148.10000000,1579503.50000000
1767787200000,7590837.20000000,2202475.40000000
1767790800000,7092556.20000000,2971353.00000000
1767794400000,14956479.40000000,7062952.80000000
1767798000000,8675540.00000000,3852172.20000000
1767801600000,5077231.20000000,2972272.20000000
1767805200000,5082574.80000000,3351490.20000000
1767808800000,4546288.90000000,2227120.00000000
1767812400000,4274926.50000000,3046932.90000000
1767816000000,6350378.60000000,1802634.50000000
1767819600000,2111801.40000000,1112487.10000000
1767823200000,2546080.10000000,1079895.70000000
1767826800000,4201671.60000000,1558076.70000000
1767830400000,8417769.40000000,3655856.00000000
1767834000000,2228442.40000000,1399378.20000000
1767837600000,5116712.10000000,2489127.40000000
1767841200000,6815308.20000000,2138698.90000000
1767844800000,2835447.00000000,1695244.50000000
1767848400000,2963590.10000000,1255904.50000000
1767852000000,9323125.70000000,3590061.60000000
1767855600000,10353492.60000000,5330103.30000000
1767859200000,36914117.60000000,14726631.00000000
1767862800000,9715309.60000000,4409858.10000000
1767866400000,5019842.60000000,3215874.50000000
1767870000000,2836871.80000000,1244042.10000000
1767873600000,4609567.50000000,2429404.30000000
1767877200000,3393304.60000000,750191.60000000
1767880800000,41510977.10000000,23014841.70000000
1767884400000,10978449.50000000,7077829.50000000
1767888000000,17565755.10000000,10253543.30000000
1767891600000,31001782.40000000,13518712.10000000
1767895200000,6010747.10000000,2590143.30000000
1767898800000,1981424.80000000,673664.70000000
1767902400000,3313256.40000000,1749682.00000000
1767906000000,8897820.10000000,4875271.70000000
1767909600000,3117952.70000000,1823771.90000000
1767913200000,1684385.70000000,770244.50000000
1767916800000,2205481.80000000,924203.50000000
1767920400000,9736223.80000000,4588902.80000000
1767924000000,1281431.60000000,593593.20000000
1767927600000,1917439.50000000,864610.20000000
1767931200000,6907146.50000000,4167207.30000000
1767934800000,3169776.20000000,1413013.00000000
1767938400000,3000569.50000000,1371010.10000000
1767942000000,33463918.10000000,18945430.70000000
1767945600000,12232932.80000000,5766071.10000000
1767949200000,5254065.20000000,2231389.10000000
1767952800000,3223377.30000000,1776468.70000000
1767956400000,3971144.80000000,1781032.00000000
1767960000000,4844955.10000000,2534276.00000000
1767963600000,7705412.00000000,3819177.20000000
1767967200000,9943842.00000000,4731935.80000000
1767970800000,16804820.80000000,9693089.10000000
1767974400000,3908671.70000000,1724530.00000000
1767978000000,7389031.90000000,3610542.90000000
1767981600000,4250430.00000000,1712685.50000000
1767985200000,1906984.90000000,972550.10000000
1767988800000,2784400.80000000,746927.50000000
1767992400000,2835025.30000000,1917549.60000000
1767996000000,4843309.30000000,2748888.60000000
1767999600000,1714343.50000000,833319.80000000
1768003200000,2268062.50000000,1203087.50000000
1768006800000,3009472.70000000,1426617.80000000
1768010400000,7538075.90000000,3492754.80000000
1768014000000,8766279.30000000,5342875.30000000
1768017600000,12718284.90000000,5611648.60000000
1768021200000,5342839.00000000,2643721.60000000
1768024800000,3783418.80000000,1744871.50000000
1768028400000,1304259.20000000,682568.40000000
1768032000000,3294004.00000000,1546498.60000000
1768035600000,3079794.30000000,1618771.50000000
1768039200000,2710288.50000000,1007048.10000000
1768042800000,3754218.60000000,2276004.90000000
1768046400000,6491952.70000000,2799096.70000000
1768050000000,5007716.70000000,1557763.90000000
1768053600000,2746747.00000000,1333525.50000000
1768057200000,4924585.80000000,1671305.00000000
1768060800000,3641625.30000000,2142992.80000000
1768064400000,69681407.90000000,38407962.60000000
1768068000000,59895639.90000000,28571704.90000000
1768071600000,21311190.90000000,9916900.00000000
1768075200000,12126783.90000000,5070772.30000000
1768078800000,20905909.50000000,10039680.00000000
1768082400000,19490014.30000000,9142995.50000000
1768086000000,21098327.00000000,8314707.90000000
1768089600000,9881579.00000000,5457049.40000000
1768093200000,4520955.70000000,2051608.50000000
1768096800000,9896005.60000000,4810048.90000000
1768100400000,5714842.50000000,2404570.80000000
1768104000000,6205136.60000000,2628465.20000000
1768107600000,3683145.50000000,1926031.10000000
1768111200000,15412055.00000000,9183185.40000000
1768114800000,6191352.30000000,2305489.00000000
1768118400000,5106683.20000000,2621866.20000000
1768122000000,5886248.60000000,1598524.00000000
1768125600000,4272840.00000000,823369.20000000
1768129200000,4776887.50000000,2819759.30000000
1768132800000,5623814.40000000,2699166.00000000
1768136400000,43902802.60000000,24557915.40000000
1768140000000,22057889.80000000,9856530.70000000
1768143600000,54083518.10000000,28990698.00000000
1768147200000,22901393.20000000,9240399.70000000
1768150800000,14674963.60000000,6754839.20000000
1768154400000,7820775.30000000,3393880.80000000
1768158000000,4787060.80000000,1701990.70000000
1768161600000,15268348.10000000,8536022.50000000
1768165200000,33153977.00000000,18201160.50000000
1768168800000,24422767.80000000,12252021.20000000
1768172400000,8889987.60000000,4076384.30000000
1768176000000,6473492.80000000,3457997.20000000
1768179600000,4738046.00000000,2170588.50000000
1768183200000,5500012.10000000,1978993.40000000
1768186800000,4738091.90000000,2237703.80000000
1768190400000,3676009.00000000,1115065.80000000
1768194000000,5684631.40000000,2809547.70000000
1768197600000,6676270.60000000,3567095.20000000
1768201200000,9269187.10000000,4488840.90000000
1768204800000,6873238.80000000,2869584.90000000
1768208400000,4319078.10000000,1452105.10000000
1768212000000,8752047.00000000,4181123.60000000
1768215600000,7138970.20000000,3379037.50000000
1768219200000,4720826.30000000,1582753.90000000
1768222800000,7835186.00000000,3351758.60000000
1768226400000,6936981.30000000,2604295.10000000
1768230000000,4817985.80000000,2745297.30000000
1768233600000,2747911.60000000,1090673.60000000
1768237200000,11599570.80000000,3931062.30000000
1768240800000,3098032.20000000,1278203.10000000
1768244400000,1934690.00000000,1088352.30000000
1768248000000,4145129.30000000,1058245.50000000
1768251600000,3142288.80000000,1449035.70000000
1768255200000,3025906.80000000,1593006.30000000
1768258800000,1909396.30000000,819436.00000000
1768262400000,2125687.40000000,1116547.80000000
1768266000000,1426893.90000000,513030.00000000
1768269600000,1704239.20000000,865495.70000000
1768273200000,1293320.60000000,442890.10000000
1768276800000,1062007.30000000,369625.00000000
1768280400000,7328731.30000000,1948249.10000000
1768284000000,2564791.20000000,987077.90000000
1768287600000,2596965.00000000,719774.10000000
1768291200000,2149035.50000000,842417.40000000
1768294800000,2307814.10000000,1330701.30000000
1768298400000,3623557.50000000,1296591.70000000
1768302000000,4998177.50000000,2213612.00000000
1768305600000,2956944.30000000,1185623.30000000
1768309200000,8159069.40000000,3634534.00000000
1768312800000,6638183.80000000,2436184.90000000
1768316400000,8639602.70000000,6077592.80000000
1768320000000,8933279.70000000,5311877.80000000
1768323600000,20719516.50000000,9548853.60000000
1768327200000,7492329.50000000,3313924.00000000
1768330800000,4705233.20000000,2721220.60000000
1768334400000,5867926.70000000,3207094.20000000
1768338000000,2658569.10000000,1024034.80000000
1768341600000,11594175.20000000,5442249.50000000
1768345200000,4144107.80000000,2317722.80000000
1768348800000,3683152.90000000,2112756.00000000
1768352400000,3577922.10000000,1408798.30000000
1768356000000,9503417.20000000,5260432.30000000
1768359600000,3962506.10000000,2031932.90000000
1768363200000,2853217.30000000,1160864.50000000
1768366800000,9090170.10000000,3593847.10000000
1768370400000,4882118.40000000,2148189.80000000
1768374000000,2434851.20000000,1160043.80000000
1768377600000,3619285.80000000,1270195.30000000
1768381200000,5487875.00000000,3435401.20000000
1768384800000,5183766.10000000,1499640.00000000
1768388400000,4339196.70000000,1756916.30000000
1768392000000,3305811.30000000,1807783.90000000
1768395600000,2460902.00000000,1130148.40000000
1768399200000,4237942.50000000,2215788.50000000
1768402800000,8032186.70000000,3809176.60000000
1768406400000,5321900.50000000,3126526.40000000
1768410000000,5858510.90000000,3137785.10000000
1768413600000,5899410.70000000,2467358.70000000
1768417200000,4101233.50000000,2700114.80000000
1768420800000,1774836.80000000,937908.80000000
1768424400000,3980647.70000000,2358362.00000000
1768428000000,2455267.20000000,1467845.00000000
1768431600000,594917.70000000,319907.10000000
1768435200000,1741268.10000000,793494.40000000
1768438800000,1690656.70000000,721889.00000000
1768442400000,1752348.10000000,663600.70000000
1768446000000,3379765.60000000,1829416.40000000
1768449600000,2272262.50000000,1124455.60000000
1768453200000,1898843.50000000,809351.40000000
1768456800000,3401039.10000000,2023741.20000000
1768460400000,2849650.40000000,1829391.10000000
1768464000000,3137412.20000000,1566927.90000000
1768467600000,2785246.80000000,1180832.90000000
1768471200000,4096655.50000000,1976281.40000000
1768474800000,3093520.20000000,963809.70000000
1768478400000,2231728.90000000,940046.20000000
1768482000000,19371852.20000000,10955166.00000000
1768485600000,17071064.40000000,7960620.70000000
1768489200000,14397460.90000000,5852060.20000000
1768492800000,9338915.10000000,4791425.80000000
1768496400000,5925126.00000000,2829870.10000000
1768500000000,13200476.70000000,6227079.50000000
1768503600000,4929697.70000000,2123503.30000000
1768507200000,3470663.40000000,1653229.40000000
1768510800000,2228743.50000000,1473925.10000000
1768514400000,5030219.30000000,2637327.50000000
1768518000000,1133644.50000000,612639.50000000
1768521600000,1990556.70000000,1065402.70000000
1768525200000,2739446.30000000,761057.40000000
1768528800000,3196949.50000000,1900924.80000000
1768532400000,2808951.50000000,1496298.50000000
1768536000000,2658479.60000000,983665.50000000
1768539600000,3519941.90000000,1611404.00000000
1768543200000,9206733.10000000,4561573.70000000
1768546800000,10604218.10000000,4469693.30000000
1768550400000,3749219.80000000,1568771.10000000
1768554000000,6345679.50000000,3093151.10000000
1768557600000,3237792.50000000,1217484.80000000
1768561200000,4082207.90000000,1731696.70000000
1768564800000,2775432.70000000,1204184.70000000
1768568400000,4793767.00000000,3142177.80000000
1768572000000,1715273.80000000,873536.10000000
1768575600000,7339204.50000000,3333271.60000000
1768579200000,4781650.40000000,2487178.20000000
1768582800000,6390748.70000000,3375900.10000000
1768586400000,3890657.90000000,1767544.10000000
1768590000000,3299148.40000000,1376885.40000000
1768593600000,4678227.70000000,2101195.10000000
1768597200000,2190188.20000000,988021.90000000
1768600800000,2155934.60000000,806887.70000000
1768604400000,1942623.00000000,1108147.30000000
1768608000000,1884719.40000000,678247.30000000
1768611600000,2008080.80000000,1255453.80000000
1768615200000,1374303.00000000,457690.80000000
1768618800000,916575.50000000,353995.10000000
1768622400000,966149.20000000,311354.10000000
1768626000000,4914307.60000000,1772020.50000000
1768629600000,4374149.80000000,1570079.60000000
1768633200000,3575430.60000000,1490967.70000000
1768636800000,2742001.80000000,1270723.80000000
1768640400000,4499977.30000000,1645875.20000000
1768644000000,2224720.20000000,1074361.40000000
1768647600000,2775640.10000000,1650287.50000000
1768651200000,937180.20000000,567686.80000000
1768654800000,2008460.00000000,662864.40000000
1768658400000,2796653.70000000,1000174.90000000
1768662000000,1744147.20000000,1093862.00000000
1768665600000,4238329.40000000,1844399.00000000
1768669200000,976522.70000000,503935.30000000
1768672800000,2080233.00000000,1425836.80000000
1768676400000,759487.70000000,334868.70000000
1768680000000,1653354.00000000,1302831.40000000
1768683600000,3095144.90000000,1725884.50000000
1768687200000,1269600.20000000,728835.00000000
1768690800000,550352.20000000,328278.50000000
1768694400000,6031916.20000000,3085628.60000000
1768698000000,2111127.00000000,1130913.60000000
1768701600000,1969935.00000000,833880.50000000
1768705200000,4290869.90000000,2953650.00000000
1768708800000,1148080.30000000,836237.20000000
1768712400000,1178866.70000000,327785.30000000
1768716000000,1169314.90000000,783678.80000000
1768719600000,2135858.60000000,1247591.20000000
1768723200000,549464.20000000,217561.30000000
1768726800000,1110551.50000000,474587.60000000
1768730400000,4272218.40000000,2510362.40000000
1768734000000,2506406.20000000,1160788.50000000
1768737600000,3991090.40000000,2323895.10000000
1768741200000,4069937.90000000,2128281.30000000
1768744800000,5561355.60000000,2352073.70000000
1768748400000,2790828.50000000,1602432.40000000
1768752000000,861925.50000000,248575.10000000
1768755600000,2272666.10000000,1464621.40000000
1768759200000,11960521.60000000,5854914.20000000
1768762800000,1765428.50000000,704749.10000000
1768766400000,16904724.30000000,10537820.70000000
1768770000000,8744227.00000000,4620149.70000000
1768773600000,6493724.60000000,2694282.40000000
1768777200000,10043210.80000000,4751999.90000000
1768780800000,64081276.30000000,31550414.90000000
1768784400000,7872770.50000000,4654871.60000000
1768788000000,3643065.50000000,1950971.40000000
1768791600000,5237618.10000000,3828467.30000000
1768795200000,4243019.90000000,2741250.00000000
1768798800000,8347760.10000000,4120259.00000000
1768802400000,8978305.90000000,4326867.40000000
1768806000000,10097812.80000000,5186144.90000000
1768809600000,4616356.30000000,2187832.20000000
1768813200000,6769769.60000000,3038335.10000000
1768816800000,4798643.90000000,2508603.20000000
1768820400000,2316328.10000000,1211687.20000000
1768824000000,3274152.30000000,1366021.80000000
1768827600000,9988630.30000000,3518578.60000000
1768831200000,3898287.80000000,1739900.00000000
1768834800000,2238494.30000000,1233380.30000000
1768838400000,4442625.80000000,2927380.80000000
1768842000000,3500453.70000000,1522502.10000000
1768845600000,1672489.20000000,616398.90000000
1768849200000,6127139.60000000,2029278.50000000
1768852800000,3710845.80000000,1718550.10000000
1768856400000,3203220.40000000,1336076.60000000
1768860000000,2848595.40000000,1564440.70000000
1768863600000,862052.60000000,493178.20000000
1768867200000,2837077.20000000,692629.00000000
1768870800000,2401411.50000000,614657.10000000
1768874400000,1840630.20000000,824130.20000000
1768878000000,2866678.60000000,1656884.80000000
1768881600000,2493251.30000000,1163458.20000000
1768885200000,6628380.10000000,3082128.60000000
1768888800000,20344726.40000000,11849676.70000000
1768892400000,4995194.10000000,2333701.00000000
1768896000000,9385157.60000000,3953015.50000000
1768899600000,3079594.00000000,1395716.20000000
1768903200000,3374045.40000000,1634283.30000000
1768906800000,6135799.80000000,2864921.20000000
1768910400000,13319129.40000000,7018544.20000000
1768914000000,10268800.40000000,3682975.30000000
1768917600000,4186334.60000000,2287497.10000000
1768921200000,4243339.00000000,2112220.50000000
1768924800000,6225805.30000000,2377588.60000000
1768928400000,2721544.70000000,1420875.00000000
1768932000000,2335766.70000000,736800.20000000
1768935600000,2170031.70000000,1309279.20000000
1768939200000,3347263.00000000,1485586.30000000
1768942800000,1487742.40000000,686540.50000000
1768946400000,2408158.80000000,1270315.60000000
1768950000000,2962019.20000000,929771.30000000
1768953600000,2514971.80000000,1271281.40000000
1768957200000,6361907.00000000,3231892.10000000
1768960800000,3214951.30000000,1373540.00000000
1768964400000,7741066.30000000,4553413.40000000
1768968000000,3840709.40000000,2221761.70000000
1768971600000,1993689.60000000,900202.70000000
1768975200000,943774.40000000,448028.80000000
1768978800000,2657336.70000000,685582.30000000
1768982400000,2258732.30000000,1244420.00000000
1768986000000,1828045.80000000,959707.60000000
1768989600000,1165638.40000000,644671.00000000
1768993200000,1026459.30000000,625542.20000000
1768996800000,5395632.50000000,2639518.20000000
1769000400000,1450405.80000000,354992.60000000
1769004000000,15726988.00000000,6829137.50000000
1769007600000,7005330.50000000,3827915.00000000
1769011200000,8047305.60000000,4243457.50000000
1769014800000,16603484.80000000,8096401.80000000
1769018400000,3753128.30000000,1840778.60000000
1769022000000,10581516.60000000,5715797.20000000
1769025600000,2459373.80000000,1291764.30000000
1769029200000,2093359.50000000,1046600.10000000
1769032800000,1879112.00000000,951808.60000000
1769036400000,2085996.30000000,1136669.20000000
1769040000000,5436795.10000000,3005559.30000000
1769043600000,3416173.20000000,1567029.10000000
1769047200000,1518400.20000000,676558.30000000
1769050800000,2400378.00000000,1045376.30000000
1769054400000,3747447.90000000,2019994.30000000
1769058000000,4009028.80000000,1426180.80000000
1769061600000,2438012.30000000,1049111.30000000
1769065200000,1849309.20000000,804264.70000000
1769068800000,2110561.90000000,878233.20000000
1769072400000,2592570.30000000,922544.10000000
1769076000000,1455234.30000000,769964.50000000
1769079600000,1802193.00000000,1131904.60000000
1769083200000,3911673.30000000,2099211.10000000
1769086800000,5622900.90000000,2729409.40000000
1769090400000,6506571.60000000,2995926.00000000
1769094000000,5248078.80000000,2824797.30000000
1769097600000,1141055.20000000,502401.50000000
1769101200000,4184484.20000000,1933555.20000000
1769104800000,3563600.40000000,1261275.80000000
1769108400000,826044.40000000,339844.30000000
1769112000000,2522128.10000000,1032959.30000000
1769115600000,1757545.20000000,781743.40000000
1769119200000,1376117.60000000,362899.10000000
1769122800000,4784053.30000000,2898928.40000000
1769126400000,1968703.90000000,961517.50000000
1769130000000,1234389.70000000,342407.30000000
1769133600000,1111818.30000000,653457.20000000
1769137200000,758203.30000000,345515.50000000
1769140800000,2013959.40000000,967370.30000000
1769144400000,1015296.00000000,326220.50000000
1769148000000,2154412.70000000,851067.20000000
1769151600000,1697311.30000000,816925.90000000
1769155200000,2369838.40000000,1359247.30000000
1769158800000,1767561.10000000,267773.00000000
1769162400000,1762285.10000000,936581.20000000
1769166000000,3343041.30000000,1818073.40000000
1769169600000,2638304.20000000,1536969.90000000
1769173200000,5144489.40000000,2461268.10000000
1769176800000,3124413.70000000,1696964.80000000
1769180400000,4123771.60000000,1800967.30000000
1769184000000,4592729.50000000,2099548.60000000
1769187600000,5008819.60000000,1996752.00000000
1769191200000,3328242.90000000,1097583.30000000
1769194800000,8008744.50000000,4022966.80000000
1769198400000,4413423.00000000,2000143.90000000
1769202000000,1061626.70000000,450071.30000000
1769205600000,2667725.10000000,2293353.50000000
1769209200000,797325.10000000,309317.70000000
1769212800000,423580.20000000,111702.60000000
1769216400000,5219263.40000000,2028026.20000000
1769220000000,1114966.80000000,813905.70000000
1769223600000,1326524.20000000,666834.30000000
1769227200000,828521.30000000,365201.60000000
1769230800000,468392.30000000,341085.00000000
1769234400000,1968358.90000000,1149998.90000000
1769238000000,939702.50000000,233141.80000000
1769241600000,1215413.40000000,506365.20000000
1769245200000,1767609.00000000,686654.60000000
1769248800000,2342424.60000000,1145232.40000000
1769252400000,1268969.00000000,722325.50000000
1769256000000,642057.70000000,285308.70000000
1769259600000,1615669.80000000,780753.50000000
1769263200000,4561224.20000000,1728576.60000000
1769266800000,2283035.20000000,959584.40000000
1769270400000,1684311.00000000,573218.50000000
1769274000000,1073999.50000000,606123.40000000
1769277600000,1567440.70000000,348913.00000000
1769281200000,2413837.20000000,1502673.20000000
1769284800000,815482.30000000,474304.90000000
1769288400000,277735.70000000,126113.50000000
1769292000000,1372956.60000000,860239.00000000
1769295600000,868470.40000000,324232.50000000
1769299200000,844099.50000000,416491.40000000
1769302800000,1762960.50000000,1243155.20000000
1769306400000,1028576.80000000,508391.90000000
1769310000000,1383793.00000000,717024.30000000
1769313600000,2008057.50000000,1028220.20000000
1769317200000,2029960.60000000,1329521.20000000
1769320800000,422400.40000000,233187.40000000
1769324400000,2345822.10000000,690814.20000000
1769328000000,3292749.70000000,1128525.70000000
1769331600000,2201579.00000000,763785.10000000
1769335200000,1524504.80000000,914088.90000000
1769338800000,1554667.70000000,851757.60000000
1769342400000,3430952.60000000,1804807.40000000
1769346000000,2252510.50000000,1231479.30000000
1769349600000,9940754.80000000,3856411.90000000
1769353200000,5138598.60000000,2728811.60000000
1769356800000,10795047.50000000,5243929.40000000
1769360400000,3140620.00000000,1202959.40000000
1769364000000,5481443.10000000,2226709.20000000
1769367600000,13409822.20000000,4331141.20000000
1769371200000,4764626.30000000,1933298.50000000
1769374800000,3243377.50000000,2109855.80000000
1769378400000,2580237.60000000,932295.30000000
1769382000000,1846648.60000000,861725.10000000
1769385600000,4557510.70000000,2614414.30000000
1769389200000,1627815.80000000,652188.60000000
1769392800000,1408276.80000000,810351.10000000
1769396400000,831672.50000000,383938.40000000
1769400000000,1011249.50000000,409747.20000000
1769403600000,1001455.30000000,405981.70000000
1769407200000,450923.50000000,354575.00000000
1769410800000,1778228.40000000,568480.30000000
1769414400000,1029817.60000000,382315.10000000
1769418000000,1006846.40000000,266117.20000000
1769421600000,1530051.60000000,906472.00000000
1769425200000,2214893.00000000,1163998.10000000
1769428800000,1801043.70000000,297599.60000000
1769432400000,454189.90000000,272254.90000000
1769436000000,2719675.30000000,1200913.20000000
1769439600000,3349787.80000000,1410960.00000000
1769443200000,2942760.40000000,1633036.90000000
1769446800000,1899400.40000000,966389.70000000
1769450400000,1956939.10000000,902513.30000000
1769454000000,977307.40000000,290013.10000000
1769457600000,1077252.50000000,248049.20000000
1769461200000,1903844.70000000,1192898.60000000
1769464800000,1092597.80000000,336478.50000000
1769468400000,1277569.00000000,782288.30000000
1769472000000,1618183.00000000,758496.50000000
1769475600000,351589.60000000,167965.40000000
1769479200000,399630.40000000,153324.20000000
1769482800000,1233779.30000000,705210.00000000
1769486400000,1393937.60000000,564888.80000000
1769490000000,1494862.90000000,797018.50000000
1769493600000,2523237.00000000,697385.70000000
1769497200000,1314384.00000000,701464.60000000
1769500800000,1554317.50000000,348579.60000000
1769504400000,1521647.40000000,528646.20000000
1769508000000,6075232.50000000,3134611.30000000
1769511600000,1591068.80000000,1277185.70000000
1769515200000,1907074.80000000,1332610.40000000
1769518800000,4366605.90000000,2451072.40000000
1769522400000,2089204.50000000,879960.20000000
1769526000000,2083644.80000000,1029957.70000000
1769529600000,3993737.40000000,1533054.50000000
1769533200000,6098166.70000000,3306117.20000000
1769536800000,2516023.10000000,1647110.20000000
1769540400000,681273.90000000,315737.90000000
1769544000000,1160942.10000000,603395.00000000
1769547600000,2433572.20000000,1244142.60000000
1769551200000,980979.30000000,487448.20000000
1769554800000,981236.70000000,611940.00000000
1769558400000,1211843.80000000,929854.40000000
1769562000000,1202038.40000000,680674.80000000
1769565600000,369767.80000000,133199.50000000
1769569200000,1231243.00000000,830565.70000000
1769572800000,302878.30000000,159847.40000000
1769576400000,713553.60000000,382115.80000000
1769580000000,1679444.40000000,854536.70000000
1769583600000,971941.00000000,266039.80000000
1769587200000,3898647.60000000,2548798.80000000
1769590800000,9345966.30000000,6110174.60000000
1769594400000,2542346.20000000,983103.70000000
1769598000000,5644039.90000000,2103597.80000000
1769601600000,2178665.80000000,1409031.70000000
1769605200000,3987395.80000000,1738178.00000000
1769608800000,2500252.70000000,696288.60000000
1769612400000,2047041.70000000,894015.60000000
1769616000000,2732228.20000000,1393039.60000000
1769619600000,2047638.30000000,896538.20000000
1769623200000,1554488.00000000,736395.30000000
1769626800000,3364406.10000000,2382871.80000000
1769630400000,1730925.60000000,1033865.50000000
1769634000000,2541186.20000000,1068958.50000000
1769637600000,1688766.50000000,905448.40000000
1769641200000,865218.10000000,338037.70000000
1769644800000,3107474.10000000,1556751.50000000
1769648400000,1345397.40000000,371865.80000000
1769652000000,4904811.50000000,2891553.20000000
1769655600000,4002003.90000000,1604678.80000000
1769659200000,1786400.00000000,1209959.20000000
1769662800000,853626.50000000,279343.50000000
1769666400000,1096917.60000000,328403.70000000
1769670000000,2246748.20000000,1216314.00000000
1769673600000,2019827.40000000,945416.90000000
1769677200000,1614528.90000000,822319.40000000
1769680800000,1087215.70000000,509027.70000000
1769684400000,1421992.40000000,753890.50000000
1769688000000,1800439.60000000,1196868.40000000
1769691600000,807342.10000000,547516.60000000
1769695200000,3528175.10000000,1453397.00000000
1769698800000,16885596.20000000,8142626.40000000
1769702400000,5794094.30000000,2242729.20000000
1769706000000,4218445.00000000,2304097.20000000
1769709600000,4385314.60000000,2235402.40000000
1769713200000,4311904.40000000,2261177.80000000
1769716800000,4874739.20000000,2219709.60000000
1769720400000,3870414.00000000,2427382.10000000
1769724000000,1615902.10000000,603477.30000000
1769727600000,2757093.80000000,1644789.30000000
1769731200000,945210.80000000,537753.00000000
1769734800000,8644694.50000000,4076829.20000000
1769738400000,9773062.70000000,5572864.70000000
1769742000000,10045606.00000000,6736603.80000000
1769745600000,28190610.00000000,16026829.40000000
1769749200000,13007188.70000000,6490598.80000000
1769752800000,5310668.30000000,2570441.70000000
1769756400000,5562396.50000000,2813009.60000000
1769760000000,3021937.20000000,1429862.60000000
1769763600000,3059102.80000000,1613998.10000000
1769767200000,2376529.90000000,1245777.10000000
1769770800000,3081726.80000000,1153057.30000000
1769774400000,1247804.80000000,488869.80000000
1769778000000,4660170.90000000,2327957.10000000
1769781600000,3171332.90000000,1397252.60000000
1769785200000,22644338.20000000,10744568.70000000
1769788800000,15274510.40000000,8969941.70000000
1769792400000,10202538.70000000,4580737.30000000
1769796000000,10864917.10000000,5521915.40000000
1769799600000,8069369.50000000,3812248.90000000
1769803200000,7144682.10000000,3683722.70000000
1769806800000,5003411.70000000,2739708.80000000
1769810400000,2738382.30000000,1887503.80000000
1769814000000,5658468.20000000,2964007.80000000
1769817600000,2342415.30000000,900072.60000000
1769821200000,1642408.00000000,818464.50000000
1769824800000,1494893.30000000,797463.80000000
1769828400000,1777151.90000000,1146830.60000000
1769832000000,1480090.60000000,320757.80000000
1769835600000,3128293.40000000,1647476.50000000
1769839200000,1711663.50000000,743760.50000000
1769842800000,3441313.80000000,1359226.00000000
1769846400000,6777276.90000000,3050149.40000000
1769850000000,1875978.50000000,1240930.80000000
1769853600000,1703068.30000000,845763.10000000
1769857200000,3499419.00000000,1685801.50000000
1769860800000,2710018.40000000,1863539.00000000
1769864400000,3686823.80000000,1372293.80000000
1769868000000,15099168.20000000,7561552.30000000
1769871600000,9695572.50000000,2891382.90000000
1769875200000,9460171.10000000,4497035.10000000
1769878800000,33406715.70000000,15791842.10000000
1769882400000,20555960.20000000,10151806.30000000
1769886000000,17727946.10000000,11375007.60000000
1769889600000,5496501.20000000,3599979.10000000
1769893200000,4764378.20000000,1984012.50000000
1769896800000,2900559.00000000,1737277.00000000
1769900400000,2376258.50000000,1390812.00000000
1769904000000,2165485.30000000,1265777.70000000
1769907600000,448273.00000000,228274.50000000
1769911200000,1142429.30000000,900353.80000000
1769914800000,4497921.90000000,1935612.60000000
1769918400000,890382.90000000,335303.70000000
1769922000000,955967.10000000,376042.30000000
1769925600000,1919552.60000000,1246959.10000000
1769929200000,2047473.20000000,928263.70000000
1769932800000,1294222.60000000,801111.00000000
1769936400000,1678505.50000000,663040.50000000
1769940000000,3012708.80000000,1348762.20000000
1769943600000,1304392.80000000,651707.80000000
1769947200000,2073721.10000000,1237235.90000000
1769950800000,1687686.40000000,861851.50000000
1769954400000,4472473.40000000,2430794.80000000
1769958000000,7530467.20000000,3486377.10000000
1769961600000,4819138.10000000,2427710.30000000
1769965200000,5793726.80000000,3704769.80000000
1769968800000,2588767.80000000,1355051.20000000
1769972400000,1467985.30000000,644541.30000000
1769976000000,1546375.00000000,522370.10000000
1769979600000,1161315.30000000,578739.00000000
1769983200000,3030880.10000000,1966717.00000000
1769986800000,5066419.30000000,2595944.20000000
1769990400000,2886820.00000000,1354746.80000000
1769994000000,2671866.10000000,845176.20000000
1769997600000,1240468.40000000,413909.90000000
1770001200000,5391276.80000000,3065364.30000000
1770004800000,2164324.50000000,638026.80000000
1770008400000,2154665.20000000,1046039.50000000
1770012000000,8206126.90000000,3442896.50000000
1770015600000,2130586.10000000,958725.70000000
1770019200000,2661654.70000000,1506681.40000000
1770022800000,6409504.70000000,3177085.00000000
1770026400000,2325914.90000000,1198202.90000000
1770030000000,8966199.00000000,6629973.30000000
1770033600000,4028166.80000000,1659160.30000000
1770037200000,2794278.40000000,1246057.60000000
1770040800000,3029589.30000000,1452851.60000000
1770044400000,2966961.30000000,1824931.80000000
1770048000000,4004963.20000000,2417484.50000000
1770051600000,1820727.60000000,1029619.90000000
1770055200000,1046636.00000000,804877.80000000
1770058800000,2805193.30000000,1407125.40000000
1770062400000,1647085.10000000,457676.30000000
1770066000000,639491.70000000,341767.40000000
1770069600000,1198858.20000000,702099.10000000
1770073200000,503672.60000000,358158.00000000
1770076800000,1945829.00000000,1131787.30000000
1770080400000,1090709.40000000,642468.20000000
1770084000000,2575816.40000000,1345520.10000000
1770087600000,1359262.10000000,642764.80000000
1770091200000,963578.70000000,731045.10000000
1770094800000,440348.70000000,109198.20000000
1770098400000,3619633.00000000,1807181.50000000
1770102000000,1888126.30000000,1140008.50000000
1770105600000,481623.40000000,215175.60000000
1770109200000,3859407.60000000,1350368.90000000
1770112800000,592315.00000000,328977.70000000
1770116400000,1375652.10000000,932833.90000000
1770120000000,846704.70000000,523712.60000000
1770123600000,839887.00000000,373110.30000000
1770127200000,2954639.00000000,1520256.00000000
1770130800000,3722075.10000000,2278086.00000000
1770134400000,5395969.70000000,2567164.50000000
1770138000000,13147558.80000000,5972720.90000000
1770141600000,11114726.30000000,6152328.10000000
1770145200000,15688996.50000000,9504187.90000000
1770148800000,8249199.70000000,4269496.20000000
1770152400000,4171327.90000000,2218099.30000000
1770156000000,1405916.60000000,645591.90000000
1770159600000,4195965.20000000,1240413.80000000
1770163200000,2126310.30000000,944930.40000000
1770166800000,1251636.40000000,907777.50000000
1770170400000,1325575.60000000,768436.90000000
1770174000000,2097561.90000000,886460.30000000
1770177600000,759335.20000000,505076.70000000
1770181200000,2384549.10000000,1186900.30000000
1770184800000,2192136.20000000,952323.30000000
1770188400000,1779910.60000000,1438189.30000000
1770192000000,1944965.70000000,882583.40000000
1770195600000,1972811.70000000,1056168.90000000
1770199200000,1962362.50000000,503592.30000000
1770202800000,2702557.80000000,1947400.10000000
1770206400000,6729624.40000000,2415369.50000000
1770210000000,2897766.10000000,872500.90000000
1770213600000,4678668.80000000,2255731.60000000
1770217200000,2797027.50000000,1684394.00000000
1770220800000,7196719.60000000,2111018.10000000
1770224400000,71550554.60000000,53378246.60000000
1770228000000,10864155.20000000,5098474.40000000
1770231600000,4804241.40000000,2182367.50000000
1770235200000,2394382.90000000,619946.20000000
1770238800000,1729004.30000000,753811.70000000
1770242400000,2088939.30000000,928108.30000000
1770246000000,1822257.80000000,1152758.50000000
1770249600000,1692679.50000000,1125791.90000000
1770253200000,3945418.20000000,935753.20000000
1770256800000,9297738.70000000,3066112.10000000
1770260400000,690857.20000000,358665.90000000
1770264000000,2875738.70000000,1135039.80000000
1770267600000,4460314.30000000,1696313.00000000
1770271200000,4178761.80000000,2602320.50000000
1770274800000,10458312.30000000,4813993.30000000
1770278400000,2730823.90000000,1256556.80000000
1770282000000,3434211.20000000,2185114.60000000
1770285600000,3380230.10000000,1444236.30000000
1770289200000,9852769.20000000,4415956.70000000
1770292800000,3611504.70000000,1818217.20000000
1770296400000,6821139.20000000,4055671.60000000
1770300000000,6151512.90000000,2825358.80000000
1770303600000,47294223.70000000,21367163.70000000
1770307200000,12853419.90000000,6915941.10000000
1770310800000,13464197.40000000,4786206.50000000
1770314400000,8648047.90000000,4990149.60000000
1770318000000,2920592.40000000,1399121.70000000
1770321600000,14621700.00000000,6658357.70000000
1770325200000,8633179.00000000,4175517.30000000
1770328800000,19519982.60000000,13905416.90000000
1770332400000,7470256.50000000,4309667.40000000
1770336000000,49696476.20000000,23606714.30000000
1770339600000,4416278.90000000,2603859.10000000
1770343200000,3647549.00000000,2384425.50000000
1770346800000,1866389.90000000,1238628.70000000
1770350400000,2290503.30000000,1605913.10000000
1770354000000,2014430.50000000,722690.10000000
1770357600000,2185523.30000000,925928.50000000
1770361200000,5264846.90000000,2538482.70000000
1770364800000,2777573.20000000,1248853.30000000
1770368400000,3587085.50000000,1835126.90000000
1770372000000,4496870.70000000,2372118.10000000
1770375600000,3056459.50000000,1477484.10000000
1770379200000,3266606.90000000,1891341.50000000
1770382800000,4264269.20000000,1950004.40000000
1770386400000,6093469.10000000,3312271.60000000
1770390000000,8115744.80000000,5406840.00000000
1770393600000,8638170.20000000,3100352.80000000
1770397200000,3721108.60000000,1832939.20000000
1770400800000,3056377.60000000,1294856.30000000
1770404400000,2437412.70000000,1784935.60000000
1770408000000,1359980.80000000,724454.90000000
1770411600000,2413324.10000000,1272354.40000000
1770415200000,2027446.00000000,1122224.60000000
1770418800000,1346753.40000000,786894.00000000
1770422400000,949859.80000000,496132.30000000
1770426000000,1795122.60000000,866906.40000000
1770429600000,856167.30000000,432618.70000000
1770433200000,2170036.80000000,640968.10000000
1770436800000,813599.80000000,382013.90000000
1770440400000,1409138.50000000,612579.50000000
1770444000000,3734415.80000000,1670975.60000000
1770447600000,3504852.30000000,1622349.50000000
1770451200000,3193102.30000000,1304129.30000000
1770454800000,2126847.50000000,1475964.90000000
1770458400000,2436199.80000000,795427.00000000
1770462000000,1252611.30000000,822403.10000000
1770465600000,5416549.30000000,2898111.00000000
1770469200000,20252830.10000000,11848961.60000000
1770472800000,4284968.00000000,1945948.60000000
1770476400000,1881218.30000000,811313.40000000
1770480000000,8397761.00000000,4333766.10000000
1770483600000,1286775.30000000,496117.20000000
1770487200000,2692423.60000000,1076985.50000000
1770490800000,58790182.40000000,31875923.60000000
1770494400000,15081828.90000000,7925033.90000000
1770498000000,18074427.80000000,8882587.30000000
1770501600000,4893104.70000000,2203340.80000000
1770505200000,2401028.30000000,886282.20000000
1770508800000,1536961.60000000,802220.60000000
1770512400000,15769724.10000000,9110578.30000000
1770516000000,5327752.70000000,2763158.00000000
1770519600000,4880185.70000000,2040443.30000000
1770523200000,3663861.40000000,1921042.30000000
1770526800000,8623289.00000000,4254129.70000000
1770530400000,4382014.00000000,2034846.70000000
1770534000000,13746836.40000000,6928536.00000000
1770537600000,6091766.60000000,3572801.40000000
1770541200000,2511854.20000000,1035107.00000000
1770544800000,2054349.90000000,1276380.20000000
1770548400000,2935642.80000000,1718390.80000000
1770552000000,2925668.60000000,1372644.50000000
1770555600000,2109513.40000000,1222839.50000000
1770559200000,3177663.70000000,1527274.80000000
1770562800000,4580356.60000000,2146063.90000000
1770566400000,4210176.60000000,1225372.70000000
1770570000000,2488364.20000000,629341.70000000
1770573600000,1052156.40000000,584184.00000000
1770577200000,5738396.90000000,2076424.20000000
1770580800000,1493645.40000000,887840.50000000
1770584400000,3912631.30000000,2755270.90000000
1770588000000,3522736.30000000,1687014.90000000
1770591600000,3277457.40000000,1339793.70000000
1770595200000,637951.00000000,341073.50000000
1770598800000,4431190.40000000,1637316.60000000
1770602400000,451370.70000000,253755.40000000
1770606000000,941156.50000000,276016.40000000
1770609600000,1335761.80000000,203500.90000000
1770613200000,1163768.30000000,757611.90000000
1770616800000,1579175.10000000,756552.00000000
1770620400000,6012760.10000000,2412979.90000000
1770624000000,5221833.10000000,2814459.80000000
1770627600000,3028314.40000000,1096872.10000000
1770631200000,3402943.40000000,1744833.40000000
1770634800000,2503283.30000000,1181744.00000000
1770638400000,3974430.00000000,1984475.20000000
1770642000000,1657854.90000000,1131660.30000000
1770645600000,4236763.50000000,1772592.30000000
1770649200000,836980.80000000,567156.60000000
1770652800000,3916310.60000000,1791277.10000000
1770656400000,4934277.70000000,2650670.30000000
1770660000000,3855161.30000000,1896552.50000000
1770663600000,2332479.20000000,1284424.70000000
1770667200000,1574048.80000000,855280.90000000
1770670800000,3934279.60000000,2211565.60000000
1770674400000,1978933.60000000,941172.30000000
1770678000000,1095551.80000000,707727.40000000
1770681600000,343263.40000000,221615.80000000
1770685200000,893305.40000000,208173.90000000
1770688800000,507448.00000000,242057.10000000
1770692400000,3446791.20000000,1421057.70000000
1770696000000,1223057.80000000,988725.50000000
1770699600000,520452.90000000,264534.00000000
1770703200000,5230740.00000000,1906006.40000000
1770706800000,945212.00000000,459962.10000000
1770710400000,15259206.80000000,7545762.90000000
1770714000000,8657678.90000000,4656731.70000000
1770717600000,2266131.10000000,992795.70000000
1770721200000,8120771.40000000,4297820.30000000
1770724800000,2209612.40000000,1034425.40000000
1770728400000,1578398.10000000,658639.70000000
1770732000000,5741544.90000000,2544115.30000000
1770735600000,4849758.20000000,1943006.40000000
1770739200000,3027132.80000000,2025309.00000000
1770742800000,1972098.20000000,1253033.30000000
1770746400000,3705647.50000000,1755522.00000000
1770750000000,2159962.10000000,1183256.80000000
1770753600000,1075209.60000000,519023.60000000
1770757200000,960771.40000000,593194.30000000
1770760800000,5339031.90000000,3135310.70000000
1770764400000,7773964.10000000,3196675.60000000
1770768000000,2448842.90000000,1279141.20000000
1770771600000,9829217.80000000,4329283.90000000
1770775200000,742548.60000000,236717.70000000
1770778800000,2512253.30000000,1263200.50000000
1770782400000,1245730.70000000,599589.20000000
1770786000000,2221087.20000000,1246379.70000000
1770789600000,2664840.50000000,1199472.30000000
1770793200000,7122363.60000000,3732915.80000000
1770796800000,49470266.50000000,27008314.70000000
1770800400000,40797948.20000000,17155939.20000000
1770804000000,8526481.50000000,4480655.70000000
1770807600000,4267343.00000000,2255230.60000000
1770811200000,6435328.30000000,2773283.50000000
1770814800000,10906564.40000000,4720258.00000000
1770818400000,5764258.90000000,3617441.40000000
1770822000000,12583853.60000000,5325129.20000000
1770825600000,6215294.10000000,3644734.70000000
1770829200000,2319028.20000000,1010672.10000000
1770832800000,3510001.20000000,1629315.80000000
1770836400000,25114258.40000000,13582479.70000000
1770840000000,21127303.50000000,8664904.80000000
1770843600000,8701079.50000000,4123968.10000000
1770847200000,4494263.70000000,2213834.10000000
1770850800000,12347469.30000000,6805005.40000000
1770854400000,3403929.50000000,2054761.90000000
1770858000000,3315503.90000000,2037073.60000000
1770861600000,4143463.70000000,1632078.50000000
1770865200000,5807289.10000000,2997872.40000000
1770868800000,6320485.70000000,2379771.90000000
1770872400000,2699012.50000000,1469476.10000000
1770876000000,10166640.20000000,4205329.70000000
1770879600000,3020060.40000000,1220494.70000000
1770883200000,8001799.50000000,4315579.90000000
1770886800000,4699651.60000000,1722009.90000000
1770890400000,7099406.70000000,4077428.40000000
1770894000000,3852556.90000000,1734677.90000000
1770897600000,4019617.90000000,1948683.40000000
1770901200000,10146839.30000000,5639756.60000000
1770904800000,3332595.10000000,2213217.00000000
1770908400000,6721465.50000000,3254348.70000000
1770912000000,16006333.40000000,9507447.80000000
1770915600000,2192498.60000000,1224841.20000000
1770919200000,4967056.40000000,1899597.50000000
1770922800000,7487210.40000000,5128740.30000000
1770926400000,5999465.00000000,2281294.30000000
1770930000000,6832561.80000000,3452952.30000000
1770933600000,11183174.60000000,6804176.00000000
1770937200000,3384400.50000000,1453453.40000000
1770940800000,1311054.60000000,490091.60000000
1770944400000,1413104.60000000,1098343.90000000
1770948000000,6208708.50000000,2005354.20000000
1770951600000,5175032.30000000,3566070.30000000
1770955200000,2151086.20000000,1038061.50000000
1770958800000,2028897.00000000,1376492.20000000
1770962400000,1915445.10000000,1148202.70000000
1770966000000,1416139.60000000,610883.90000000
1770969600000,1645181.40000000,559969.90000000
1770973200000,4163314.60000000,2153359.60000000
1770976800000,8090841.20000000,2739990.60000000
1770980400000,2873701.30000000,1720450.00000000
1770984000000,2544591.70000000,1647233.10000000
1770987600000,2754686.90000000,1421615.00000000
1770991200000,10060382.10000000,5836651.20000000
1770994800000,8158406.90000000,2361093.90000000
1770998400000,13265862.90000000,6598162.50000000
1771002000000,2537641.60000000,671747.00000000
1771005600000,8632016.60000000,5455397.10000000
1771009200000,1337982.90000000,550053.30000000
1771012800000,2420335.50000000,1060634.60000000
1771016400000,38805122.60000000,19237605.40000000
1771020000000,15826285.60000000,7733254.80000000
1771023600000,48705594.30000000,24688403.70000000
1771027200000,21067239.20000000,11068565.80000000
1771030800000,7233076.70000000,3382071.80000000
1771034400000,5419587.80000000,2470675.50000000
1771038000000,16738794.20000000,8859543.90000000
1771041600000,6900742.60000000,3437818.70000000
1771045200000,13497081.60000000,6707308.40000000
1771048800000,5673220.80000000,3161502.40000000
1771052400000,11078940.60000000,6637440.50000000
1771056000000,23330686.90000000,12320596.70000000
1771059600000,36914476.90000000,19565009.40000000
1771063200000,54363288.30000000,28365885.10000000
1771066800000,49535145.00000000,26007598.70000000
1771070400000,44369886.20000000,23459423.40000000
1771074000000,20201241.50000000,11019088.20000000
1771077600000,18053663.70000000,10197625.10000000
1771081200000,21765134.90000000,10329247.60000000
1771084800000,25248368.70000000,13476562.20000000
1771088400000,36912350.90000000,18870868.70000000
1771092000000,13780540.10000000,6788584.40000000
1771095600000,13676685.10000000,6734911.40000000
1771099200000,13413278.80000000,8173534.40000000
1771102800000,20852339.50000000,7389584.80000000
1771106400000,8983784.80000000,3620371.10000000
1771110000000,7844960.10000000,3840702.70000000
1771113600000,6881249.40000000,2538956.70000000
1771117200000,5795576.00000000,2087068.40000000
1771120800000,2608595.70000000,1067359.60000000
1771124400000,2795146.50000000,1149899.10000000
1771128000000,2905577.80000000,1132750.40000000
1771131600000,5029349.70000000,2525111.80000000
1771135200000,12910911.60000000,7843550.70000000
1771138800000,23040865.30000000,12432611.80000000
1771142400000,13338396.10000000,6470410.10000000
1771146000000,7019639.50000000,2888132.80000000
1771149600000,11801913.70000000,4500477.60000000
1771153200000,7480445.50000000,3290431.80000000
1771156800000,13964578.80000000,6167366.60000000
1771160400000,12128431.50000000,5815111.50000000
1771164000000,11675709.00000000,7626916.40000000
1771167600000,6831597.40000000,2713878.40000000
1771171200000,11487148.40000000,7111707.90000000
1771174800000,8340012.10000000,4668819.70000000
1771178400000,37394358.20000000,20078663.10000000
1771182000000,12543684.50000000,6569783.20000000
1771185600000,10228516.60000000,5226731.60000000
1771189200000,10273205.00000000,6007481.50000000
1771192800000,3008194.80000000,1908165.50000000
1771196400000,5583060.40000000,2193156.10000000
1771200000000,2565513.50000000,1578363.00000000
1771203600000,1150827.70000000,496022.70000000
1771207200000,6750750.30000000,3741561.20000000
1771210800000,7961595.80000000,3871686.20000000
1771214400000,22823566.10000000,10487552.90000000
1771218000000,9956882.20000000,5339003.40000000
1771221600000,16275600.70000000,8252776.30000000
1771225200000,81830780.40000000,39318606.30000000
1771228800000,17690505.60000000,8721441.80000000
1771232400000,30697952.00000000,14704798.50000000
1771236000000,63251552.90000000,34400067.30000000
1771239600000,39565796.80000000,20517921.00000000
1771243200000,45073864.40000000,22130569.70000000
1771246800000,27096783.30000000,14009377.00000000
1771250400000,18611043.30000000,9233136.40000000
1771254000000,23587412.00000000,11823500.30000000
1771257600000,21471528.80000000,10074079.20000000
1771261200000,16426900.40000000,6497718.90000000
1771264800000,26312750.80000000,14532546.50000000
1771268400000,10034630.00000000,4403236.80000000
1771272000000,9615902.60000000,4957577.20000000
1771275600000,8339017.90000000,3440351.30000000
1771279200000,5289107.30000000,2661301.40000000
1771282800000,6748775.60000000,3714268.60000000
1771286400000,6228221.50000000,2698124.90000000
1771290000000,7970805.90000000,4443108.30000000
1771293600000,4034168.30000000,2005342.20000000
1771297200000,3561020.10000000,2032412.50000000
1771300800000,5277041.80000000,2812852.70000000
1771304400000,12387076.90000000,6391596.50000000
1771308000000,5787923.50000000,2788500.30000000
1771311600000,15037546.10000000,6155382.20000000
1771315200000,14097529.00000000,6250637.30000000
1771318800000,5319035.40000000,1869833.00000000
1771322400000,14245480.00000000,6199621.10000000
1771326000000,7751499.00000000,3184302.40000000
1771329600000,8301918.50000000,3196267.90000000
1771333200000,6098545.60000000,3429611.70000000
1771336800000,7685225.40000000,3153415.20000000
1771340400000,7685699.40000000,5078668.00000000
1771344000000,35824414.90000000,18809265.60000000
1771347600000,9659986.10000000,4297730.70000000
1771351200000,11782293.10000000,6358472.70000000
1771354800000,9546664.70000000,5817766.10000000
1771358400000,5828711.50000000,2813229.00000000
1771362000000,7393010.80000000,3744161.40000000
1771365600000,3519958.40000000,1150848.00000000
1771369200000,6956925.20000000,4255566.90000000
1771372800000,7156611.60000000,2967233.00000000
1771376400000,5488523.00000000,2883945.50000000
1771380000000,2991161.10000000,1294969.60000000
1771383600000,4379569.10000000,2443689.50000000
1771387200000,4796112.80000000,3179299.40000000
1771390800000,4396833.20000000,1569168.60000000
1771394400000,6427235.40000000,3431268.70000000
1771398000000,11401439.80000000,5942917.30000000
1771401600000,7803409.20000000,3534613.40000000
1771405200000,4576872.80000000,2129898.70000000
1771408800000,6067505.50000000,2245911.30000000
1771412400000,8902372.80000000,5044372.90000000
1771416000000,6293314.80000000,3033045.30000000
1771419600000,5260545.90000000,2107601.50000000
1771423200000,9737110.80000000,5055425.80000000
1771426800000,7758589.90000000,3914129.20000000
1771430400000,7090836.40000000,4277167.80000000
1771434000000,116384863.80000000,57823790.90000000
1771437600000,27926593.80000000,13110074.00000000
1771441200000,20607285.80000000,9192491.30000000
1771444800000,13629911.30000000,5778803.60000000
1771448400000,7478342.70000000,3561630.60000000
1771452000000,24437467.10000000,10232670.90000000
1771455600000,19572258.40000000,7845880.40000000
1771459200000,22288228.80000000,11142012.60000000
1771462800000,12713836.30000000,6651230.50000000
1771466400000,12960789.60000000,5464281.00000000
1771470000000,6736865.40000000,2957594.20000000
1771473600000,22838902.30000000,12282648.50000000
1771477200000,10410025.20000000,4776907.90000000
1771480800000,17458921.90000000,10231620.10000000
1771484400000,24029366.90000000,12744351.50000000
1771488000000,24659861.30000000,11049959.90000000
1771491600000,6613739.00000000,3202794.00000000
1771495200000,8354019.90000000,5062107.50000000
1771498800000,5009359.00000000,2535101.10000000
1771502400000,6275499.50000000,2847397.00000000
1771506000000,19352543.40000000,10579686.40000000
1771509600000,11171352.50000000,5333169.10000000
1771513200000,3821694.00000000,2063107.00000000
1771516800000,10204059.20000000,3528627.50000000
1771520400000,7420891.70000000,4131765.20000000
1771524000000,9851936.20000000,4598808.30000000
1771527600000,3900438.80000000,1762514.10000000
1771531200000,3764573.60000000,2157734.90000000
1771534800000,3191434.80000000,1420699.50000000
1771538400000,4064220.90000000,3184235.40000000
1771542000000,3785146.70000000,1700009.50000000
1771545600000,7353912.80000000,3377913.10000000
1771549200000,8982953.50000000,4296790.10000000
1771552800000,23083905.00000000,9088664.30000000
1771556400000,5180847.10000000,2820870.90000000
1771560000000,5213574.30000000,3190722.50000000
1771563600000,3172773.10000000,2028477.20000000
1771567200000,2994479.10000000,1288833.20000000
1771570800000,4207834.60000000,2256087.80000000
1771574400000,6441193.10000000,3205341.40000000
1771578000000,6281145.20000000,3335962.20000000
1771581600000,4399644.20000000,2912523.60000000
1771585200000,3609938.10000000,1836239.90000000
1771588800000,5159303.70000000,3160133.20000000
1771592400000,8850071.40000000,4187276.30000000
1771596000000,5521778.50000000,2217768.70000000
1771599600000,10394817.00000000,4902083.10000000
1771603200000,7263250.40000000,4075625.80000000
1771606800000,3838424.40000000,1778891.80000000
1771610400000,5530390.20000000,3428477.70000000
1771614000000,2966473.40000000,907460.70000000
1771617600000,1760190.90000000,833483.90000000
1771621200000,3537681.00000000,1748970.40000000
1771624800000,6398254.10000000,3336298.80000000
1771628400000,1904019.60000000,1034339.00000000
1771632000000,1681573.40000000,589869.30000000
1771635600000,2208839.20000000,994626.60000000
1771639200000,15818346.90000000,8355109.40000000
1771642800000,6309227.20000000,2947291.20000000
1771646400000,4113994.50000000,2453053.20000000
1771650000000,1944687.70000000,1233473.40000000
1771653600000,2386295.00000000,1083998.20000000
1771657200000,2620064.40000000,1511970.40000000
1771660800000,4535943.30000000,2129281.80000000
1771664400000,6285640.70000000,3910613.80000000
1771668000000,952836.30000000,441982.40000000
1771671600000,8135885.30000000,4176462.90000000
1771675200000,2714403.70000000,1578958.00000000
1771678800000,2527725.90000000,1120674.10000000
1771682400000,3930219.00000000,2053042.30000000
1771686000000,5879606.40000000,2813368.00000000
1771689600000,5849639.40000000,3355559.60000000
1771693200000,4226681.10000000,2318350.00000000
1771696800000,3164377.10000000,1251812.20000000
1771700400000,18871880.90000000,8315106.50000000
1771704000000,12349756.40000000,8119526.90000000
1771707600000,3400140.80000000,1261578.70000000
1771711200000,4700296.70000000,1879254.40000000
1771714800000,7874924.30000000,3854270.60000000
1771718400000,7362518.80000000,3044128.40000000
1771722000000,2217279.60000000,1079523.40000000
1771725600000,6690706.20000000,3068149.20000000
1771729200000,1388154.70000000,698343.20000000
1771732800000,1544160.80000000,707920.10000000
1771736400000,313452.10000000,121004.70000000
1771740000000,1064993.60000000,562571.20000000
1771743600000,1343124.00000000,956962.70000000
1771747200000,6135873.90000000,2832975.10000000
1771750800000,2453692.40000000,894216.30000000
1771754400000,1898429.10000000,1090957.10000000
1771758000000,1642970.40000000,634265.20000000
1771761600000,2157197.80000000,962404.30000000
1771765200000,3881670.60000000,1892294.20000000
1771768800000,2579375.00000000,1202741.30000000
1771772400000,1346077.90000000,594473.90000000
1771776000000,1587342.80000000,1027660.80000000
1771779600000,8354651.60000000,4456419.50000000
1771783200000,9920183.00000000,5455381.40000000
1771786800000,3117458.60000000,1810663.10000000
1771790400000,3732925.10000000,1882637.20000000
1771794000000,3148928.20000000,1773818.90000000
1771797600000,3136416.80000000,1359044.10000000
1771801200000,709882.50000000,455978.00000000
1771804800000,6525641.50000000,2792266.90000000
1771808400000,23988348.10000000,11463967.70000000
1771812000000,3831516.60000000,1951104.70000000
1771815600000,3838301.70000000,2068225.80000000
1771819200000,7043697.30000000,3539384.50000000
1771822800000,4077360.00000000,1987623.00000000
1771826400000,2121920.40000000,1264973.50000000
1771830000000,2279512.80000000,1231638.50000000
1771833600000,3409819.20000000,1984002.50000000
1771837200000,5285455.40000000,2729515.30000000
1771840800000,4208923.90000000,2236858.60000000
1771844400000,5277112.40000000,1977270.70000000
1771848000000,4495641.70000000,2514461.00000000
1771851600000,3821679.30000000,2162116.00000000
1771855200000,5672723.30000000,3185911.70000000
1771858800000,2086958.10000000,773673.60000000
1771862400000,3396910.90000000,1549837.20000000
1771866000000,6633288.30000000,3012154.40000000
1771869600000,4552169.20000000,1799404.90000000
1771873200000,1605329.90000000,658609.10000000
1771876800000,3689961.80000000,1946940.50000000
1771880400000,1973266.30000000,1105336.70000000
1771884000000,1548683.90000000,657070.70000000
1771887600000,8807466.50000000,4396471.30000000
1771891200000,3578353.90000000,2227938.60000000
1771894800000,9476733.40000000,5206766.20000000
1771898400000,3276024.50000000,1635612.30000000
1771902000000,6136752.40000000,2928528.80000000
1771905600000,2390741.30000000,1251821.50000000
1771909200000,5031781.90000000,2789487.40000000
1771912800000,4623090.60000000,2249776.60000000
1771916400000,8258959.20000000,3552606.40000000
1771920000000,3208495.10000000,1875953.30000000
1771923600000,4583771.30000000,2728226.00000000
1771927200000,2585530.20000000,1223665.40000000
1771930800000,3864049.60000000,862913.10000000
1771934400000,3232652.90000000,1416115.80000000
1771938000000,7249844.80000000,2376059.60000000
1771941600000,5869498.70000000,3616303.80000000
1771945200000,1700683.00000000,1056944.10000000
1771948800000,6007939.60000000,3039279.10000000
1771952400000,5092441.80000000,2515431.90000000
1771956000000,2990845.40000000,1296112.90000000
1771959600000,5705522.60000000,3249916.60000000
1771963200000,6246875.30000000,2748780.90000000
1771966800000,3845173.80000000,1483036.20000000
1771970400000,2418370.90000000,1118035.10000000
1771974000000,1740128.50000000,714369.80000000
1771977600000,971767.30000000,372038.70000000
1771981200000,17660051.50000000,9040455.30000000
1771984800000,5055193.70000000,2764898.20000000
1771988400000,2922578.90000000,1233956.20000000
1771992000000,2967763.60000000,1383496.40000000
1771995600000,3848125.70000000,2112005.30000000
1771999200000,2251339.60000000,1189364.40000000
1772002800000,1470726.60000000,626106.00000000
1772006400000,6501607.30000000,2660790.40000000
1772010000000,3362422.80000000,1883261.50000000
1772013600000,8484734.40000000,4308046.60000000
1772017200000,3567295.50000000,2181667.50000000
1772020800000,10062783.50000000,4819991.90000000
1772024400000,4635582.80000000,2278815.20000000
1772028000000,7758419.70000000,3402776.50000000
1772031600000,7769301.00000000,3962588.80000000
1772035200000,7356423.10000000,4314349.10000000
1772038800000,10996068.10000000,5462855.40000000
1772042400000,4145719.80000000,1564215.30000000
1772046000000,5214560.80000000,2863416.00000000
1772049600000,6244851.90000000,2848249.80000000
1772053200000,3882371.70000000,1707529.30000000
1772056800000,3547402.30000000,1574318.90000000
1772060400000,5497408.20000000,2372508.30000000
1772064000000,3965829.40000000,1961199.20000000
1772067600000,3683456.60000000,779212.70000000
1772071200000,2759150.90000000,1890189.90000000
1772074800000,696958.70000000,328904.20000000
1772078400000,673650.90000000,257434.90000000
1772082000000,1387120.30000000,1096448.20000000
1772085600000,2674067.30000000,1261445.50000000
1772089200000,1881153.00000000,1112077.10000000
1772092800000,3227546.40000000,689601.40000000
1772096400000,4534313.40000000,2091930.30000000
1772100000000,6467590.30000000,4124297.00000000
1772103600000,7105515.10000000,3725709.90000000
1772107200000,3831472.90000000,1668282.30000000
1772110800000,2595190.30000000,1516148.10000000
1772114400000,6814582.10000000,2533247.40000000
1772118000000,4876837.60000000,1919976.60000000
1772121600000,6955737.30000000,3344539.80000000
1772125200000,4004657.90000000,2316218.20000000
1772128800000,11454421.70000000,5374199.10000000
1772132400000,7238442.20000000,3697633.50000000
1772136000000,2601692.50000000,1222552.30000000
1772139600000,858009.10000000,429972.80000000
1772143200000,3068431.00000000,1293924.10000000
1772146800000,803170.20000000,297219.20000000
1772150400000,4971509.70000000,2570899.30000000
1772154000000,2803266.40000000,1857297.20000000
1772157600000,2896551.90000000,1340372.00000000
1772161200000,1872664.70000000,876812.60000000
1772164800000,3652007.20000000,1397932.10000000
1772168400000,2436994.30000000,1216929.60000000
1772172000000,4857312.90000000,2239213.60000000
1772175600000,3225853.10000000,1386993.90000000
1772179200000,3061651.60000000,1397718.60000000
1772182800000,2838992.40000000,1619410.50000000
1772186400000,6783346.60000000,2537721.80000000
1772190000000,5799766.70000000,3157648.60000000
1772193600000,3239712.40000000,1624109.50000000
1772197200000,16267563.60000000,7461183.50000000
1772200800000,6106742.50000000,3233097.30000000
1772204400000,11791073.50000000,5959690.30000000
1772208000000,11022777.50000000,5033370.00000000
1772211600000,16453750.20000000,9064002.70000000
1772215200000,17187941.20000000,8687784.30000000
1772218800000,5682838.80000000,2413288.70000000
1772222400000,2628179.90000000,1052629.50000000
1772226000000,5893094.10000000,2499971.20000000
1772229600000,6625637.30000000,2257900.00000000
1772233200000,2502104.40000000,1607659.60000000
1772236800000,20192039.50000000,10150678.10000000
1772240400000,3910443.10000000,1822804.50000000
1772244000000,4700662.70000000,2397095.20000000
1772247600000,4431781.90000000,2286143.20000000
1772251200000,4217206.30000000,2134437.00000000
1772254800000,1344804.60000000,753707.70000000
1772258400000,15457728.80000000,7509201.30000000
1772262000000,20683990.10000000,13014284.40000000
1772265600000,4476472.60000000,2604946.50000000
1772269200000,9383401.30000000,4924836.10000000
1772272800000,4286087.10000000,1905962.40000000
1772276400000,3292434.60000000,1905238.90000000
1772280000000,1970633.10000000,990699.90000000
1772283600000,6555988.60000000,3523901.90000000
1772287200000,3363047.40000000,1504252.20000000
1772290800000,4898284.30000000,1888060.40000000
1772294400000,1708640.50000000,852757.00000000
1772298000000,5984670.80000000,3114288.00000000
1772301600000,2388429.90000000,1263099.30000000
1772305200000,5558629.70000000,2313892.30000000
1772308800000,6389469.40000000,2963973.60000000
1772312400000,2498075.50000000,1118769.10000000
1772316000000,3416931.10000000,1956279.70000000
1772319600000,1667493.00000000,845549.40000000
1772323200000,2819400.30000000,1525749.50000000
1772326800000,3764221.30000000,1998084.30000000
1772330400000,5123762.60000000,2504453.00000000
1772334000000,2386611.40000000,943583.70000000
1772337600000,1701629.50000000,821524.00000000
1772341200000,6505710.50000000,4375119.20000000
1772344800000,4461341.40000000,2389215.90000000
1772348400000,3226974.30000000,1396461.60000000
1772352000000,6340008.40000000,2480933.10000000
1772355600000,2859645.40000000,1640878.90000000
1772359200000,2406256.70000000,1261971.90000000
1772362800000,917551.50000000,490671.80000000
1772366400000,8174379.80000000,3536773.40000000
1772370000000,4364207.50000000,2348523.20000000
1772373600000,3153608.70000000,1581582.60000000
1772377200000,475980.30000000,147504.90000000
1772380800000,2289993.40000000,1188160.00000000
1772384400000,5052180.10000000,2006623.90000000
1772388000000,2990657.20000000,1514567.80000000
1772391600000,2473523.20000000,1335858.00000000
1772395200000,7698222.80000000,3388845.20000000
1772398800000,2881740.40000000,1351127.80000000
1772402400000,3532752.90000000,2191284.00000000
1772406000000,1854940.30000000,613426.00000000
1772409600000,2164568.10000000,1238953.00000000
1772413200000,4772126.20000000,1575416.00000000
1772416800000,3195911.40000000,1464501.40000000
1772420400000,2099964.30000000,1310765.50000000
1772424000000,1319422.80000000,309636.80000000
1772427600000,16273719.70000000,7304964.70000000
1772431200000,3126614.10000000,1397266.10000000
1772434800000,3195872.50000000,1996696.30000000
1772438400000,4539487.50000000,1848926.30000000
1772442000000,4880771.40000000,2786259.50000000
1772445600000,1064716.30000000,330809.10000000
1772449200000,2047483.90000000,1140296.20000000
1772452800000,1385519.10000000,688828.00000000
1772456400000,2849870.40000000,931135.20000000
1772460000000,12775665.90000000,7369836.40000000
1772463600000,17840397.10000000,10162951.50000000
1772467200000,7918023.20000000,3955513.10000000
1772470800000,14510139.60000000,7490090.20000000
1772474400000,3031632.70000000,1191194.30000000
1772478000000,2889417.10000000,1481367.40000000
1772481600000,3052555.30000000,1718427.70000000
1772485200000,4394879.90000000,1503146.20000000
1772488800000,3348667.80000000,1641201.40000000
1772492400000,3259521.60000000,1814625.30000000
1772496000000,1819739.00000000,1038458.30000000
1772499600000,3216255.60000000,840280.40000000
1772503200000,7709812.60000000,4769604.90000000
1772506800000,13323047.60000000,6901694.90000000
1772510400000,5000276.00000000,2625422.40000000
1772514000000,7847880.80000000,3807933.40000000
1772517600000,5267044.80000000,2755426.30000000
1772521200000,4069345.90000000,1820341.60000000
1772524800000,8396384.00000000,3296896.00000000
1772528400000,5547730.20000000,2459444.50000000
1772532000000,2633289.80000000,1492832.50000000
1772535600000,2280379.70000000,1559284.90000000
1772539200000,3679719.30000000,1912647.00000000
1772542800000,8407041.30000000,3159399.70000000
1772546400000,11432988.00000000,5008865.20000000
1772550000000,19624008.20000000,9873752.60000000
1772553600000,47134351.00000000,23942328.30000000
1772557200000,18324142.80000000,9435043.30000000
1772560800000,9624685.30000000,4555906.30000000
1772564400000,23832400.50000000,12504620.60000000
1772568000000,14228058.40000000,7790557.40000000
1772571600000,12207745.90000000,7210378.80000000
1772575200000,6139163.10000000,3100581.80000000
1772578800000,4016865.40000000,1910884.10000000
1772582400000,4228221.90000000,1868846.30000000
1772586000000,7095754.90000000,3775306.60000000
1772589600000,5606413.00000000,2613492.20000000
1772593200000,4314758.20000000,1931031.90000000
1772596800000,7911419.90000000,3700497.10000000
1772600400000,9081554.60000000,5096538.30000000
1772604000000,17514795.70000000,8222486.10000000
1772607600000,21480664.60000000,11390126.00000000
1772611200000,21561728.10000000,10471986.10000000
1772614800000,10222859.10000000,4795698.60000000
1772618400000,11551723.10000000,5447151.30000000
1772622000000,9008212.20000000,4350077.50000000
1772625600000,4123840.10000000,2311111.00000000
1772629200000,3783822.80000000,2137622.90000000
1772632800000,7066692.50000000,3691759.80000000
1772636400000,6729918.00000000,3974769.20000000
1772640000000,26736049.30000000,12712529.60000000
1772643600000,5261255.70000000,2374363.00000000
1772647200000,5765827.60000000,3604997.20000000
1772650800000,2931737.90000000,1283370.40000000
1772654400000,6897702.20000000,3401383.50000000
1772658000000,3904003.40000000,1539557.70000000
1772661600000,3401126.20000000,1530154.50000000
1772665200000,3806544.80000000,1883393.80000000
1772668800000,3941165.70000000,2230649.60000000
1772672400000,9926989.60000000,6197803.80000000
1772676000000,3804370.10000000,1964748.60000000
1772679600000,1877600.50000000,861363.90000000
1772683200000,4081657.20000000,2062345.50000000
1772686800000,5702603.20000000,3436645.20000000
1772690400000,10073302.10000000,5158694.00000000
1772694000000,7178431.40000000,3677463.10000000
1772697600000,5159530.40000000,3116315.70000000
1772701200000,4346209.80000000,2284236.70000000
1772704800000,7206807.30000000,3028994.20000000
1772708400000,11898654.00000000,5871318.50000000
1772712000000,2205170.50000000,1072212.40000000
1772715600000,7256430.40000000,2695236.20000000
1772719200000,3204457.40000000,1790956.00000000
1772722800000,6327270.40000000,3088279.80000000
1772726400000,6113809.60000000,2967913.00000000
1772730000000,4190156.40000000,2085892.10000000
1772733600000,2860136.10000000,1777446.20000000
1772737200000,3098784.20000000,1995134.50000000
1772740800000,1282818.60000000,832913.50000000
1772744400000,2020891.40000000,703999.20000000
1772748000000,1271952.00000000,781732.70000000
1772751600000,1238976.80000000,840052.30000000
1772755200000,834901.60000000,439207.90000000
1772758800000,2717575.60000000,1373980.30000000
1772762400000,1248795.00000000,582092.30000000
1772766000000,1352831.70000000,715793.50000000
1772769600000,6355161.40000000,2267828.90000000
1772773200000,2222594.40000000,950116.60000000
1772776800000,3247714.00000000,1873197.20000000
1772780400000,2854528.70000000,1761323.70000000
1772784000000,4598907.20000000,2696951.60000000
1772787600000,3460422.70000000,1690696.00000000
1772791200000,1846870.70000000,995951.20000000
1772794800000,1685898.30000000,559402.30000000
1772798400000,2890259.10000000,1817797.10000000
1772802000000,8691264.30000000,3692276.40000000
1772805600000,7262497.50000000,3803247.40000000
1772809200000,4270532.70000000,2142823.50000000
1772812800000,4370899.50000000,2190377.50000000
1772816400000,4200777.00000000,2357088.60000000
1772820000000,3500984.00000000,1639885.30000000
1772823600000,1696508.40000000,955837.80000000
1772827200000,1188347.40000000,519534.80000000
1772830800000,2474858.60000000,1322158.60000000
1772834400000,976951.60000000,757761.60000000
1772838000000,4137728.80000000,1864118.70000000
1772841600000,2114730.50000000,801723.70000000
1772845200000,614129.80000000,88030.90000000
1772848800000,1643064.30000000,1114174.70000000
1772852400000,7243870.60000000,3776682.60000000
1772856000000,15715795.40000000,8449044.90000000
1772859600000,13077072.60000000,6842242.30000000
1772863200000,27573687.20000000,15011283.60000000
1772866800000,15359657.90000000,8144012.70000000
1772870400000,10065160.20000000,5095177.70000000
1772874000000,7375572.60000000,3649053.00000000
1772877600000,6534214.00000000,3143599.20000000
1772881200000,9343491.40000000,4291052.80000000
1772884800000,7562386.80000000,3849675.10000000
1772888400000,9511586.80000000,4459930.80000000
1772892000000,2128829.00000000,1013492.10000000
1772895600000,5760771.20000000,3500981.30000000
1772899200000,4609095.50000000,2065329.30000000
1772902800000,4476255.00000000,2582957.50000000
1772906400000,5410659.30000000,3037637.40000000
1772910000000,4032525.30000000,1040879.60000000
1772913600000,2140391.90000000,1363353.70000000
1772917200000,2411638.00000000,1284030.50000000
1772920800000,15242481.30000000,7145014.20000000
1772924400000,2582750.70000000,1209243.70000000
1772928000000,3918234.40000000,1714029.90000000
1772931600000,1767787.20000000,1151428.10000000
1772935200000,1984266.50000000,1146033.10000000
1772938800000,1707322.40000000,975885.90000000
1772942400000,1217001.70000000,685755.40000000
1772946000000,1967989.20000000,1477206.90000000
1772949600000,1401436.40000000,789129.20000000
1772953200000,3136738.30000000,1054109.30000000
1772956800000,1536845.70000000,746971.50000000
1772960400000,5136088.30000000,2659160.10000000
1772964000000,4157363.80000000,2056271.70000000
1772967600000,3305862.40000000,1520257.80000000
1772971200000,3683388.60000000,2092086.00000000
1772974800000,5668702.20000000,2925519.30000000
1772978400000,9111876.40000000,5514476.40000000
1772982000000,4575597.20000000,2566089.90000000
1772985600000,4571597.10000000,1594198.00000000
1772989200000,3551879.60000000,1385971.70000000
1772992800000,1980089.50000000,999184.00000000
1772996400000,1328509.80000000,916492.20000000
1773000000000,1310556.10000000,499353.60000000
1773003600000,2798615.60000000,1528267.80000000
1773007200000,7706055.00000000,3553904.40000000
1773010800000,4369207.90000000,2276417.60000000
1773014400000,4065051.70000000,1673855.50000000
1773018000000,2505105.90000000,1418931.10000000
1773021600000,1582098.00000000,546679.10000000
1773025200000,4101296.70000000,2478620.10000000
1773028800000,2052280.70000000,875482.90000000
1773032400000,3323574.50000000,1923827.60000000
1773036000000,973536.20000000,342598.70000000
1773039600000,1569979.90000000,701614.40000000
1773043200000,3961138.70000000,2132060.50000000
1773046800000,4316552.80000000,1769204.00000000
1773050400000,2112491.40000000,882038.50000000
1773054000000,1142876.50000000,670243.50000000
1773057600000,2743123.10000000,1065306.20000000
1773061200000,4564120.60000000,2390690.50000000
1773064800000,2933464.60000000,1426057.00000000
1773068400000,2815081.30000000,1899845.20000000
1773072000000,9763026.40000000,4997817.10000000
1773075600000,2288825.50000000,1331567.70000000
1773079200000,4898947.00000000,2157490.30000000
1773082800000,4016861.20000000,1973613.00000000
1773086400000,3220462.80000000,1264938.50000000
1773090000000,1059072.40000000,480324.40000000
1773093600000,2211019.70000000,1060970.60000000
1773097200000,1342565.90000000,588887.90000000
1773100800000,2781839.10000000,1129739.50000000
1773104400000,1799175.10000000,1051227.10000000
1773108000000,2430238.40000000,1259060.50000000
1773111600000,2894194.10000000,1770537.10000000
1773115200000,934339.70000000,400613.50000000
1773118800000,3880862.60000000,961594.60000000
1773122400000,1401617.60000000,971671.00000000
1773126000000,3798555.00000000,2015033.30000000
1773129600000,2448428.00000000,1196445.50000000
1773133200000,1507441.90000000,348881.60000000
1773136800000,689657.10000000,584143.50000000
1773140400000,761962.40000000,375519.00000000
1773144000000,1205490.60000000,405260.10000000
1773147600000,4792118.40000000,2035220.60000000
1773151200000,2664921.30000000,1290652.70000000
1773154800000,15624867.70000000,7508817.80000000
1773158400000,3448736.30000000,1795612.90000000
1773162000000,2557299.40000000,1338532.80000000
1773165600000,4493346.00000000,1872234.20000000
1773169200000,5042206.00000000,2708280.30000000
1773172800000,2589191.50000000,1498587.30000000
1773176400000,3168682.70000000,1360689.30000000
1773180000000,2903082.20000000,1519753.80000000
1773183600000,6993817.10000000,4497179.60000000
1773187200000,6544579.40000000,3271546.50000000
1773190800000,2359289.70000000,1014941.40000000
1773194400000,1751965.90000000,725307.00000000
1773198000000,5338695.80000000,1934388.70000000
1773201600000,10905996.10000000,6094949.00000000
1773205200000,7532048.00000000,3925080.70000000
1773208800000,7075124.10000000,4387971.40000000
1773212400000,5411490.90000000,2050534.30000000
1773216000000,7705807.80000000,3457890.00000000
1773219600000,5810006.50000000,2805871.80000000
1773223200000,2870836.30000000,1651136.20000000
1773226800000,4793570.50000000,2241058.30000000
1773230400000,9811368.00000000,6017738.30000000
1773234000000,12346193.40000000,5468597.70000000
1773237600000,3536938.30000000,1884204.40000000
1773241200000,7575444.00000000,3668609.70000000
1773244800000,3235449.30000000,1469176.40000000
1773248400000,2796984.70000000,1180929.30000000
1773252000000,2040090.80000000,972990.70000000
1773255600000,2150628.90000000,1160179.60000000
1773259200000,2362142.50000000,1007381.00000000
1773262800000,2128784.90000000,1322893.70000000
1773266400000,1584664.20000000,359700.50000000
1773270000000,1584338.90000000,698032.40000000
1773273600000,1286213.80000000,764158.10000000
1773277200000,3499337.20000000,2074711.90000000
1773280800000,2578965.00000000,1164072.70000000
1773284400000,750060.70000000,329718.20000000
1773288000000,2653772.50000000,960885.90000000
1773291600000,1882352.90000000,1239614.10000000
1773295200000,5753085.10000000,2607961.80000000
1773298800000,4195240.70000000,2460065.80000000
1773302400000,2252573.00000000,885316.60000000
1773306000000,2241355.70000000,1363654.60000000
1773309600000,2738103.90000000,953070.80000000
1773313200000,2460427.60000000,818270.30000000
1773316800000,3867579.70000000,1913581.20000000
1773320400000,1380615.10000000,722148.30000000
1773324000000,1861904.70000000,744594.80000000
1773327600000,1494354.80000000,1038200.30000000
1773331200000,1795452.90000000,606646.00000000
1773334800000,2967939.60000000,1920156.80000000
1773338400000,10123098.50000000,6167143.50000000
1773342000000,11148541.20000000,5798646.10000000
1773345600000,7231583.90000000,3226478.70000000
1773349200000,2727179.00000000,2003332.80000000
1773352800000,5524688.80000000,2965207.60000000
1773356400000,3314439.40000000,1839252.10000000
1773360000000,6685054.50000000,3237799.60000000
1773363600000,7621271.40000000,3691591.90000000
1773367200000,11434758.70000000,5762034.60000000
1773370800000,1645281.40000000,1025931.70000000
1773374400000,6306658.70000000,1883075.60000000
1773378000000,3476716.90000000,1581009.80000000
1773381600000,6876852.80000000,3021981.30000000
1773385200000,1957202.00000000,1344652.10000000
1773388800000,5577255.90000000,2544819.30000000
1773392400000,5178081.90000000,2684832.00000000
1773396000000,4799337.10000000,1824370.10000000
1773399600000,2504591.70000000,1387869.00000000
1773403200000,4618577.10000000,2196098.90000000
1773406800000,3536901.70000000,1816918.90000000
1773410400000,9598826.20000000,4930583.40000000
1773414000000,5753660.20000000,3251178.00000000
1773417600000,11736616.80000000,6506793.10000000
1773421200000,5367949.90000000,2520125.90000000
1773424800000,2360859.30000000,858487.20000000
1773428400000,1823507.10000000,996269.90000000
1773432000000,2104038.10000000,1036425.90000000
1773435600000,6012142.20000000,3447177.90000000
1773439200000,5398890.30000000,3155974.20000000
1773442800000,3525050.80000000,1947892.70000000
1773446400000,4075572.30000000,2256327.40000000
1773450000000,5192033.00000000,3144022.40000000
1773453600000,6893289.30000000,3348308.90000000
1773457200000,7873867.60000000,3310277.80000000
1773460800000,5287027.90000000,3023296.00000000
1773464400000,4872747.70000000,2681641.10000000
1773468000000,3224292.80000000,1086846.40000000
1773471600000,3162303.30000000,1677668.20000000
1773475200000,5775723.40000000,1827816.80000000
1773478800000,5686700.70000000,3055145.40000000
1773482400000,1664639.50000000,715520.00000000
1773486000000,2842203.10000000,1433430.00000000
1773489600000,1651650.00000000,1151979.70000000
1773493200000,3689360.00000000,1809983.30000000
1773496800000,5700896.80000000,3252949.90000000
1773500400000,1668231.30000000,571496.20000000
1773504000000,1946434.70000000,771344.30000000
1773507600000,3438410.40000000,1964033.50000000
1773511200000,2036414.40000000,1491046.80000000
1773514800000,3213953.80000000,1603391.50000000
1773518400000,780644.20000000,305900.60000000
1773522000000,3292291.20000000,768133.70000000
1773525600000,2975076.70000000,934602.50000000
1773529200000,2438728.10000000,1164203.20000000
1773532800000,2035922.10000000,961271.10000000
1773536400000,1156205.40000000,521853.50000000
1773540000000,1604766.40000000,1068926.50000000
1773543600000,1789904.70000000,973701.60000000
1773547200000,1051803.10000000,544788.00000000
1773550800000,1599160.70000000,745100.50000000
1773554400000,1966990.90000000,902599.20000000
1773558000000,2304406.10000000,1030158.30000000
1773561600000,1032871.20000000,662365.40000000
1773565200000,1812596.70000000,1088366.60000000
1773568800000,1653247.40000000,792146.70000000
1773572400000,2193865.80000000,1092431.80000000
1773576000000,3868285.60000000,2071840.40000000
1773579600000,3417606.40000000,1424407.20000000
1773583200000,2251521.80000000,1297891.30000000
1773586800000,1291725.70000000,346634.30000000
1773590400000,3576964.50000000,2160014.20000000
1773594000000,2247626.20000000,1251703.20000000
1773597600000,3817214.10000000,2025883.40000000
1773601200000,2583265.90000000,1339996.60000000
1773604800000,1600870.90000000,344460.50000000
1773608400000,2089516.80000000,1216085.80000000
1773612000000,3432045.40000000,1629066.10000000
1773615600000,2567172.40000000,1225147.10000000
1773619200000,2046423.10000000,794886.90000000
1773622800000,819587.80000000,553054.10000000
1773626400000,2718731.60000000,1392337.40000000
1773630000000,2891341.10000000,1256453.00000000
1773633600000,3270498.80000000,1179052.80000000
1773637200000,6423976.50000000,3840080.80000000
1773640800000,4108236.20000000,2213340.00000000
1773644400000,8793096.50000000,5202829.90000000
1773648000000,22422998.40000000,11473026.50000000
1773651600000,15878051.30000000,6085777.70000000
1773655200000,3713109.80000000,2054353.00000000
1773658800000,4764137.30000000,1718470.30000000
1773662400000,6326709.10000000,2755314.70000000
1773666000000,3578038.50000000,1817175.50000000
1773669600000,7067715.10000000,3143468.50000000
1773673200000,3271650.50000000,2103213.00000000
1773676800000,15748819.70000000,5407293.40000000
1773680400000,10406436.70000000,3259416.50000000
1773684000000,3925731.60000000,1554622.40000000
1773687600000,3721105.60000000,1927780.40000000
1773691200000,1984293.50000000,586520.00000000
1773694800000,3729495.20000000,1150852.20000000
1773698400000,2036670.40000000,972130.70000000
1773702000000,1194612.90000000,827851.20000000
1773705600000,3842098.90000000,1974925.10000000
1773709200000,3080119.60000000,1298810.30000000
1773712800000,3359771.40000000,1739929.10000000
1773716400000,3817165.90000000,2343232.00000000
1773720000000,12280506.50000000,4593190.80000000
1773723600000,3381850.40000000,2379855.30000000
1773727200000,4071963.00000000,2218397.10000000
1773730800000,1880549.30000000,790043.30000000
1773734400000,2690521.10000000,1162786.20000000
1773738000000,2380618.40000000,1220236.30000000
1773741600000,1975460.00000000,877982.00000000
1773745200000,1968400.40000000,792280.20000000
1773748800000,5529704.50000000,2710795.60000000
1773752400000,3935943.80000000,1737441.30000000
1773756000000,5445238.00000000,3101521.50000000
1773759600000,3006753.80000000,1600094.70000000
1773763200000,1471237.60000000,840056.90000000
1773766800000,5062838.50000000,2484004.60000000
1773770400000,1570626.90000000,667028.60000000
1773774000000,1009372.10000000,497918.20000000
1773777600000,6187817.20000000,4182804.30000000
1773781200000,6024869.10000000,3420234.40000000
1773784800000,3639747.70000000,1674926.80000000
1773788400000,2475513.60000000,1223128.20000000
1773792000000,9230403.10000000,3843031.80000000
1773795600000,1251545.70000000,886883.20000000
1773799200000,8254446.30000000,5057184.00000000
1773802800000,1955441.20000000,919023.30000000
1773806400000,1441753.40000000,394745.20000000
1773810000000,1247772.50000000,813604.10000000
1773813600000,1513593.00000000,240842.30000000
1773817200000,3440952.70000000,1737445.10000000
1773820800000,6976416.00000000,4253949.80000000
1773824400000,3945116.10000000,2173190.50000000
1773828000000,4789876.90000000,2572581.00000000
1773831600000,9202840.00000000,4281684.10000000
1773835200000,6606429.20000000,3748258.80000000
1773838800000,12377740.90000000,6264077.30000000
1773842400000,11253241.60000000,5895775.60000000
1773846000000,8629103.10000000,4088695.90000000
1773849600000,32019139.00000000,17626330.80000000
1773853200000,21871586.60000000,10878686.00000000
1773856800000,10672539.00000000,4931806.00000000
1773860400000,6530996.10000000,2267899.80000000
1773864000000,9378593.20000000,3861854.80000000
1773867600000,4867675.90000000,1829862.80000000
1773871200000,2225438.00000000,717788.50000000
1773874800000,1489092.40000000,580420.30000000
1773878400000,4391739.30000000,1313245.00000000
1773882000000,1984797.10000000,997035.40000000
1773885600000,1747002.80000000,853731.10000000
1773889200000,2093145.50000000,1332719.70000000
1773892800000,1831117.20000000,720545.30000000
1773896400000,2206117.30000000,907635.70000000
1773900000000,1689266.10000000,954138.50000000
1773903600000,10559225.80000000,5484342.10000000
1773907200000,1693752.80000000,982767.50000000
1773910800000,2143974.20000000,970715.30000000
1773914400000,1636296.90000000,592906.20000000
1773918000000,2687153.90000000,1023462.70000000
1773921600000,4479564.30000000,2700917.60000000
1773925200000,6520358.10000000,3409094.10000000
1773928800000,3537979.00000000,1379212.50000000
1773932400000,3793004.60000000,1535593.80000000
1773936000000,9081815.70000000,4583840.10000000
1773939600000,6190836.70000000,2814264.50000000
1773943200000,1239136.70000000,1025858.10000000
1773946800000,4069718.70000000,2293922.00000000
1773950400000,4166095.00000000,2418188.10000000
1773954000000,879660.70000000,513210.30000000
1773957600000,1808674.60000000,963778.60000000
1773961200000,1494567.60000000,453504.60000000
1773964800000,1878466.30000000,940974.00000000
1773968400000,5439385.20000000,2070028.30000000
1773972000000,2606060.30000000,1179176.90000000
1773975600000,3459453.50000000,1864852.30000000
1773979200000,3257048.30000000,1235400.00000000
1773982800000,2193230.90000000,742852.90000000
1773986400000,5909057.80000000,2758404.80000000
1773990000000,2470480.30000000,1410515.90000000
1773993600000,5436643.60000000,2482989.80000000
1773997200000,3988322.20000000,1774669.30000000
1774000800000,2741176.40000000,1582852.90000000
1774004400000,1454427.90000000,726754.70000000
1774008000000,3713319.80000000,1425420.00000000
1774011600000,2490345.30000000,1061178.50000000
1774015200000,1921689.30000000,944215.50000000
1774018800000,1706593.40000000,960097.60000000
1774022400000,1885086.90000000,561976.40000000
1774026000000,2198508.40000000,989333.00000000
1774029600000,2615927.50000000,958500.30000000
1774033200000,2835759.90000000,1364695.40000000
1774036800000,3936845.50000000,1454761.00000000
1774040400000,8469998.40000000,5360602.20000000
1774044000000,3034706.60000000,1409696.80000000
1774047600000,2404497.00000000,1430013.60000000
1774051200000,34042484.80000000,16672991.40000000
1774054800000,2644389.20000000,929353.60000000
1774058400000,630847.20000000,406686.10000000
1774062000000,1344910.70000000,386977.60000000
1774065600000,3983702.90000000,2266179.90000000
1774069200000,5104194.60000000,1678547.60000000
1774072800000,825451.20000000,538678.70000000
1774076400000,2204352.00000000,1082038.50000000
1774080000000,4016377.10000000,2563967.30000000
1774083600000,2368434.20000000,684896.10000000
1774087200000,1262560.30000000,442104.20000000
1774090800000,1423695.80000000,951648.40000000
1774094400000,1117262.50000000,698883.70000000
1774098000000,1648889.30000000,925958.60000000
1774101600000,1567602.20000000,859111.70000000
1774105200000,4910165.30000000,2345798.80000000
1774108800000,2555737.70000000,535009.10000000
1774112400000,671539.80000000,171458.20000000
1774116000000,1784884.40000000,1126156.00000000
1774119600000,4513235.30000000,2134648.40000000
1774123200000,3292882.40000000,1674605.30000000
1774126800000,2916638.40000000,1642036.50000000
1774130400000,2941628.70000000,1680512.40000000
1774134000000,55495277.10000000,31525153.90000000
1774137600000,17577093.40000000,8229304.50000000
1774141200000,6474718.80000000,3815050.90000000
1774144800000,6251437.00000000,1934639.80000000
1774148400000,3469303.40000000,1816574.30000000
1774152000000,4648052.60000000,2612294.10000000
1774155600000,3550063.20000000,1984402.20000000
1774159200000,7639712.60000000,3719361.70000000
1774162800000,25211942.80000000,12599783.00000000
1774166400000,22894333.30000000,10261043.30000000
1774170000000,11047874.90000000,5136913.50000000
1774173600000,4363592.30000000,2473655.30000000
1774177200000,12308970.70000000,4778871.30000000
1774180800000,10754286.70000000,5994333.30000000
1774184400000,8974609.20000000,4139238.40000000
1774188000000,3161853.10000000,1559556.90000000
1774191600000,5243919.80000000,3070013.90000000
1774195200000,4345376.20000000,2348359.40000000
1774198800000,3403722.00000000,1267475.60000000
1774202400000,4787927.50000000,2386571.10000000
1774206000000,4400459.50000000,2220362.70000000
1774209600000,4592119.30000000,1611568.90000000
1774213200000,7354183.90000000,3308537.40000000
1774216800000,2616498.50000000,1118271.50000000
1774220400000,5747816.10000000,3582734.10000000
1774224000000,4467168.60000000,2361008.00000000
1774227600000,3874023.60000000,2288120.40000000
1774231200000,2255823.20000000,946276.70000000
1774234800000,5245430.10000000,2874760.00000000
1774238400000,11290863.20000000,5701990.00000000
1774242000000,7617190.40000000,3071627.10000000
1774245600000,7494299.60000000,3918545.30000000
1774249200000,3747466.30000000,1653117.50000000
1774252800000,3296621.70000000,1930938.50000000
1774256400000,1912919.00000000,759912.80000000
1774260000000,2467882.50000000,839231.80000000
1774263600000,18701476.40000000,10323107.10000000
1774267200000,5522446.90000000,2764836.90000000
1774270800000,7226808.30000000,3375089.80000000
1774274400000,16515222.50000000,10249236.70000000
1774278000000,8577541.20000000,3693463.90000000
1774281600000,5095951.60000000,2902984.80000000
1774285200000,5974978.30000000,3238105.20000000
1774288800000,2920710.70000000,979386.30000000
1774292400000,1033023.00000000,687546.70000000
1774296000000,1505828.40000000,599501.50000000
1774299600000,1821436.40000000,948459.40000000
1774303200000,2224738.10000000,413859.20000000
1774306800000,1160505.50000000,645700.50000000
1774310400000,1824357.10000000,894125.50000000
1774314000000,1112651.50000000,559942.90000000
1774317600000,909554.40000000,530106.50000000
1774321200000,1128696.40000000,262561.50000000
1774324800000,1571311.40000000,1160599.00000000
1774328400000,558958.00000000,403304.60000000
1774332000000,1811720.70000000,960986.90000000
1774335600000,1703418.70000000,815916.40000000
1774339200000,1962342.60000000,800230.40000000
1774342800000,5010728.80000000,3318914.90000000
1774346400000,1941971.80000000,853794.90000000
1774350000000,6082298.80000000,2738455.80000000
1774353600000,9385961.00000000,3912817.40000000
1774357200000,4814867.70000000,2255284.70000000
1774360800000,3384883.90000000,1599897.00000000
1774364400000,4020775.60000000,1660602.00000000
1774368000000,2384618.20000000,1070841.70000000
1774371600000,5965180.80000000,2361095.90000000
1774375200000,2335088.70000000,1291547.60000000
1774378800000,996815.00000000,471050.90000000
1774382400000,2157286.50000000,1106369.40000000
1774386000000,3938099.80000000,2661283.40000000
1774389600000,1882446.30000000,633625.30000000
1774393200000,3230510.60000000,1138502.10000000
1774396800000,965540.60000000,529582.00000000
1774400400000,677188.30000000,442695.00000000
1774404000000,2243893.70000000,650143.30000000
1774407600000,1377951.90000000,617106.00000000
1774411200000,3602518.60000000,2776744.90000000
1774414800000,1839545.60000000,1024806.40000000
1774418400000,3453636.00000000,1475861.90000000
1774422000000,5527139.30000000,1771452.40000000
1774425600000,1150872.90000000,453078.90000000
1774429200000,1192487.70000000,885295.70000000
1774432800000,705512.50000000,428882.20000000
1774436400000,5137643.10000000,2288116.20000000
1774440000000,1523547.10000000,728918.20000000
1774443600000,2532743.40000000,808558.60000000
1774447200000,1813554.20000000,983330.30000000
1774450800000,3134509.10000000,1929328.10000000
1774454400000,1840758.20000000,981580.50000000
1774458000000,2317654.90000000,551642.50000000
1774461600000,2743016.70000000,1187067.90000000
1774465200000,1188113.80000000,598633.20000000
1774468800000,4479611.50000000,1787354.20000000
1774472400000,1499569.00000000,800280.80000000
1774476000000,3635362.90000000,1123799.70000000
1774479600000,506385.20000000,328062.50000000
1774483200000,398630.60000000,277014.70000000
1774486800000,884951.50000000,555483.70000000
1774490400000,606994.20000000,127970.00000000
1774494000000,2799542.30000000,1562551.70000000
1774497600000,490165.90000000,280683.60000000
1774501200000,5464117.50000000,2419794.70000000
1774504800000,2506428.50000000,950092.40000000
1774508400000,15976214.00000000,8708988.80000000
1774512000000,4526527.50000000,1272058.20000000
1774515600000,6399853.70000000,3569845.70000000
1774519200000,3437223.40000000,2119891.80000000
1774522800000,6191316.10000000,3414746.40000000
1774526400000,2272246.70000000,773932.80000000
1774530000000,2185044.40000000,982377.20000000
1774533600000,714710.10000000,406495.60000000
1774537200000,1263995.20000000,428561.20000000
1774540800000,2778699.30000000,943535.70000000
1774544400000,1557389.40000000,589068.80000000
1774548000000,2220233.10000000,1371338.80000000
1774551600000,3132128.80000000,1732767.60000000
1774555200000,4070924.00000000,1785306.00000000
1774558800000,2593430.40000000,839043.90000000
1774562400000,1423221.00000000,614416.80000000
1774566000000,3835327.10000000,812620.80000000
1774569600000,1492462.50000000,1004032.60000000
1774573200000,351218.10000000,122128.00000000
1774576800000,376239.40000000,198435.60000000
1774580400000,2995082.10000000,1504423.10000000
1774584000000,2568595.30000000,1416169.40000000
1774587600000,1270496.20000000,596626.10000000
1774591200000,2371671.80000000,600514.70000000
1774594800000,788835.90000000,647109.30000000
1774598400000,4980287.80000000,2646884.30000000
1774602000000,3637013.40000000,1938409.40000000
1774605600000,9858258.60000000,5411529.70000000
1774609200000,3379828.20000000,1769733.10000000
1774612800000,3576880.30000000,1214543.00000000
1774616400000,2229452.90000000,933984.10000000
1774620000000,1288717.50000000,848335.70000000
1774623600000,2360120.60000000,1000172.60000000
1774627200000,1393760.40000000,506226.80000000
1774630800000,2369114.80000000,1561278.20000000
1774634400000,5027423.30000000,2372375.10000000
1774638000000,1000547.90000000,562773.50000000
1774641600000,678936.40000000,255171.30000000
1774645200000,802278.00000000,522170.70000000
1774648800000,672328.60000000,394695.90000000
1774652400000,179541.10000000,107391.30000000
1774656000000,146761.90000000,73910.60000000
1774659600000,2163439.80000000,1201463.20000000
1774663200000,652093.90000000,414582.10000000
1774666800000,538349.30000000,349699.20000000
1774670400000,846528.40000000,254966.70000000
1774674000000,296372.20000000,187099.10000000
1774677600000,8745129.50000000,5052380.30000000
1774681200000,2537702.50000000,1129784.80000000
1774684800000,1859788.10000000,630447.10000000
1774688400000,3031449.50000000,1363389.30000000
1774692000000,898569.60000000,539344.10000000
1774695600000,1789958.80000000,926409.80000000
1774699200000,1711796.50000000,893425.00000000
1774702800000,5032535.60000000,3155902.40000000
1774706400000,1094234.30000000,198722.40000000
1774710000000,1236982.50000000,527383.90000000
1774713600000,1455140.20000000,617435.10000000
1774717200000,3821278.60000000,2209567.50000000
1774720800000,645382.70000000,281941.20000000
1774724400000,5911941.80000000,3561208.80000000
1774728000000,2160593.90000000,937069.60000000
1774731600000,2069718.80000000,1006510.40000000
1774735200000,582529.30000000,319713.10000000
1774738800000,1971728.60000000,1109050.10000000
1774742400000,4398734.30000000,2004131.70000000
1774746000000,1762287.20000000,767196.70000000
1774749600000,1653185.00000000,866561.40000000
1774753200000,1549922.10000000,1027674.80000000
1774756800000,1119603.40000000,251599.80000000
1774760400000,4715093.40000000,3669867.90000000
1774764000000,4534328.70000000,3175774.00000000
1774767600000,10453648.70000000,4469084.80000000
1774771200000,2967593.50000000,1777631.40000000
1774774800000,6525793.60000000,3467442.40000000
1774778400000,6163236.30000000,2784923.60000000
1774782000000,3053300.00000000,1769380.10000000
1774785600000,7658462.10000000,2882097.90000000
1774789200000,3603293.10000000,1208150.00000000
1774792800000,2830573.20000000,1825737.00000000
1774796400000,691386.00000000,415047.90000000
1774800000000,4043363.10000000,1393607.30000000
1774803600000,2680750.80000000,1636251.90000000
1774807200000,1656450.00000000,987138.10000000
1774810800000,887908.40000000,420726.00000000
1774814400000,5278730.80000000,3568749.40000000
1774818000000,6756183.10000000,3335424.40000000
1774821600000,8995621.60000000,4657914.40000000
1774825200000,2758262.90000000,902112.70000000
1774828800000,1472404.00000000,755354.20000000
1774832400000,457857.50000000,140889.40000000
1774836000000,827096.20000000,500181.20000000
1774839600000,192859.40000000,99028.00000000
1774843200000,1608085.80000000,522517.60000000
1774846800000,1756597.40000000,577732.40000000
1774850400000,520905.70000000,251711.70000000
1774854000000,1328524.60000000,958946.30000000
1774857600000,1124943.70000000,637818.80000000
1774861200000,1595730.20000000,478918.50000000
1774864800000,4274461.80000000,2521302.20000000
1774868400000,1769161.20000000,620546.00000000
1774872000000,1273231.90000000,816805.20000000
1774875600000,1421031.10000000,532062.40000000
1774879200000,1450781.10000000,473348.00000000
1774882800000,1190249.40000000,705533.40000000
1774886400000,1022263.60000000,486432.80000000
1774890000000,331424.20000000,185526.80000000
1774893600000,778444.20000000,517677.50000000
1774897200000,828828.80000000,404694.00000000
1774900800000,1296283.20000000,962429.30000000
1774904400000,683925.90000000,275922.30000000
1774908000000,925671.50000000,253400.70000000
1774911600000,776370.20000000,299692.80000000
1774915200000,1155998.10000000,499474.30000000
1774918800000,1121056.80000000,601615.40000000
1774922400000,619934.80000000,364885.90000000
1774926000000,896479.00000000,336984.00000000
1774929600000,1252684.00000000,724320.30000000
1774933200000,378546.60000000,156876.80000000
1774936800000,1426234.50000000,1051243.50000000
1774940400000,3627020.60000000,2286739.60000000
1774944000000,1170011.30000000,564401.40000000
1774947600000,8952963.50000000,3744577.50000000
1774951200000,1838958.00000000,1205953.90000000
1774954800000,1737148.30000000,767122.50000000
1774958400000,1495751.00000000,1126996.10000000
1774962000000,1979661.00000000,841542.80000000
1774965600000,2800837.90000000,1667578.70000000
1774969200000,1186899.50000000,425662.00000000
1774972800000,4062033.30000000,2916010.40000000
1774976400000,2353611.90000000,1383700.00000000
1774980000000,3349627.60000000,728871.30000000
1774983600000,839623.90000000,417919.10000000
1774987200000,5409129.30000000,2002871.50000000
1774990800000,2346021.20000000,1136119.90000000
1774994400000,1351346.00000000,321248.40000000
1774998000000,807800.40000000,268509.50000000
1775001600000,4327135.70000000,2575964.20000000
1775005200000,507110.60000000,163663.80000000
1775008800000,2428834.50000000,706694.00000000
1775012400000,1091701.00000000,421737.60000000
1775016000000,3616079.00000000,2339879.60000000
1775019600000,8023747.10000000,4239962.60000000
1775023200000,3602152.10000000,2172921.20000000
1775026800000,1366873.20000000,504095.70000000
1775030400000,1158430.50000000,536963.80000000
1775034000000,2186312.60000000,734560.10000000
1775037600000,1635242.10000000,752417.20000000
1775041200000,938294.00000000,433723.40000000
1775044800000,2474567.70000000,1666775.70000000
1775048400000,5041324.90000000,3035127.50000000
1775052000000,728497.40000000,221915.10000000
1775055600000,1501766.60000000,789456.10000000
1775059200000,2560664.90000000,1195109.30000000
1775062800000,2135003.60000000,1094398.40000000
1775066400000,3051177.70000000,1019809.70000000
1775070000000,1871004.00000000,675041.40000000
1775073600000,682220.60000000,286348.50000000
1775077200000,1073643.00000000,522605.70000000
1775080800000,539209.80000000,368784.90000000
1775084400000,712096.90000000,553575.40000000
1775088000000,1615832.00000000,1078517.10000000
1775091600000,3502086.10000000,2166190.20000000
1775095200000,4517727.10000000,1499010.20000000
1775098800000,2795191.90000000,935303.40000000
1775102400000,1802658.80000000,492067.20000000
1775106000000,2742362.10000000,1522892.90000000
1775109600000,2479773.60000000,816261.10000000
1775113200000,5030376.20000000,1913836.70000000
1775116800000,6025516.10000000,2626682.50000000
1775120400000,6454157.20000000,3310219.80000000
1775124000000,2921750.10000000,1565916.10000000
1775127600000,6119097.60000000,3416293.70000000
1775131200000,5670372.50000000,2457332.40000000
1775134800000,6171718.40000000,2786190.70000000
1775138400000,1488116.30000000,840656.60000000
1775142000000,1347315.50000000,672202.30000000
1775145600000,3846908.30000000,2289367.90000000
1775149200000,2930867.30000000,1231391.50000000
1775152800000,1515540.00000000,791609.60000000
1775156400000,2280989.40000000,793394.60000000
1775160000000,583286.70000000,225429.40000000
1775163600000,938106.40000000,454987.90000000
1775167200000,724350.30000000,268898.50000000
1775170800000,1121449.20000000,518161.10000000
1775174400000,745916.70000000,533237.60000000
1775178000000,1795616.30000000,967389.80000000
1775181600000,905833.30000000,565931.60000000
1775185200000,1855056.70000000,486333.90000000
1775188800000,982630.70000000,472685.20000000
1775192400000,1373430.40000000,397310.20000000
1775196000000,1859403.20000000,1134366.70000000
1775199600000,2401808.80000000,983344.40000000
1775203200000,551975.50000000,251226.80000000
1775206800000,720775.80000000,409328.10000000
1775210400000,1576980.20000000,1010215.70000000
1775214000000,2984481.70000000,1386644.90000000
1775217600000,3895059.60000000,1998654.40000000
1775221200000,2056721.80000000,851922.70000000
1775224800000,1081732.40000000,521054.60000000
1775228400000,3036522.80000000,1365029.40000000
1775232000000,762671.30000000,214365.30000000
1775235600000,1443713.70000000,678965.50000000
1775239200000,1002475.90000000,403999.40000000
1775242800000,423492.80000000,231721.30000000
1775246400000,448903.70000000,282305.40000000
1775250000000,1179966.40000000,627329.00000000
1775253600000,1504333.20000000,739042.70000000
1775257200000,1605908.40000000,1200237.60000000
1775260800000,559405.50000000,207160.90000000
1775264400000,874963.40000000,680155.60000000
1775268000000,2938637.50000000,1962073.30000000
1775271600000,822073.90000000,499210.90000000
1775275200000,295498.80000000,103410.70000000
1775278800000,1289224.50000000,522342.40000000
1775282400000,795986.20000000,370536.10000000
1775286000000,404348.70000000,250755.50000000
1775289600000,4663481.00000000,2018069.40000000
1775293200000,1008531.20000000,349565.40000000
1775296800000,1280159.70000000,600910.40000000
1775300400000,117726.80000000,55780.40000000
1775304000000,290828.80000000,84905.40000000
1775307600000,4197948.80000000,1804849.40000000
1775311200000,4676491.00000000,2318684.80000000
1775314800000,5227563.90000000,3067979.20000000
1775318400000,1274250.20000000,842335.40000000
1775322000000,5909308.00000000,3446779.30000000
1775325600000,3854581.30000000,1726166.00000000
1775329200000,2981740.70000000,1227083.30000000
1775332800000,646347.00000000,192240.20000000
1775336400000,1690534.00000000,995862.70000000
1775340000000,827989.50000000,423526.00000000
1775343600000,2387370.40000000,1853837.30000000
1775347200000,354334.50000000,64916.90000000
1775350800000,673752.70000000,110076.10000000
1775354400000,238815.70000000,100977.90000000
1775358000000,1760456.40000000,982271.00000000
1775361600000,1721518.50000000,565263.50000000
1775365200000,2093216.60000000,855528.20000000
1775368800000,3026724.50000000,1492482.00000000
1775372400000,1704329.40000000,1265440.20000000
1775376000000,10195787.70000000,5676834.20000000
1775379600000,12434592.50000000,6379707.20000000
1775383200000,9231793.60000000,4852156.40000000
1775386800000,5566006.00000000,3223046.80000000
1775390400000,6530787.30000000,3136941.90000000
1775394000000,3185551.60000000,1445442.00000000
1775397600000,3117629.10000000,1475747.30000000
1775401200000,8238413.00000000,2811873.30000000
1775404800000,2524653.90000000,1032858.40000000
1775408400000,1720449.60000000,1071851.80000000
1775412000000,5632004.60000000,2065298.80000000
1775415600000,3005277.50000000,1832275.50000000
1775419200000,2539570.90000000,1152185.80000000
1775422800000,2924349.70000000,1015158.80000000
1775426400000,2268472.60000000,769263.20000000
1775430000000,2126516.30000000,1121971.80000000
1775433600000,4454905.50000000,2274911.70000000
1775437200000,1374528.80000000,346328.60000000
1775440800000,7916689.30000000,3376978.90000000
1775444400000,1997670.80000000,510283.10000000
1775448000000,964131.80000000,461164.80000000
1775451600000,1981724.50000000,1031010.40000000
1775455200000,3051742.20000000,1893982.40000000
1775458800000,2777555.30000000,960700.00000000
1775462400000,4163275.70000000,2497859.30000000
1775466000000,6902484.40000000,3420188.40000000
1775469600000,9373068.90000000,5986659.10000000
1775473200000,2657502.00000000,1663067.80000000
1775476800000,6149088.20000000,3950160.80000000
1775480400000,2609521.60000000,1249586.30000000
1775484000000,4591365.20000000,1465719.10000000
1775487600000,12878617.30000000,6798244.70000000
1775491200000,9289509.90000000,4198548.80000000
1775494800000,10848288.70000000,5633078.70000000
1775498400000,34215888.90000000,19629610.00000000
1775502000000,10976727.20000000,5149154.00000000
1775505600000,2327391.80000000,1345111.10000000
1775509200000,797111.20000000,540411.20000000
1775512800000,10162614.60000000,5289479.20000000
1775516400000,6811895.50000000,2562478.90000000
1775520000000,5137621.00000000,2051481.00000000
1775523600000,4306165.10000000,1904810.00000000
1775527200000,2749908.50000000,1476641.80000000
1775530800000,1536419.80000000,674488.50000000
1775534400000,1656450.50000000,721556.00000000
1775538000000,6063199.70000000,3227793.70000000
1775541600000,3631784.40000000,2325197.00000000
1775545200000,2751537.50000000,1187776.50000000
1775548800000,2263541.30000000,1135606.70000000
1775552400000,2725633.60000000,1787110.00000000
1775556000000,2668462.70000000,1023437.30000000
1775559600000,2182484.10000000,841567.60000000
1775563200000,6300625.80000000,2331413.00000000
1775566800000,4015731.20000000,1921157.60000000
1775570400000,1328207.80000000,427358.30000000
1775574000000,4250854.10000000,1765361.40000000
1775577600000,754025.30000000,479256.80000000
1775581200000,2256692.60000000,1415670.60000000
1775584800000,7440353.60000000,3168786.40000000
1775588400000,3318659.10000000,1914920.50000000
1775592000000,2014656.60000000,745760.50000000
1775595600000,2566712.80000000,1333625.60000000
1775599200000,9796271.60000000,4835862.60000000
1775602800000,9657972.10000000,4396093.90000000
1775606400000,7114326.20000000,3814648.10000000
1775610000000,934421.40000000,478373.40000000
1775613600000,1005637.60000000,338690.70000000
1775617200000,983706.90000000,560241.40000000
1775620800000,3108064.60000000,1672852.20000000
1775624400000,1809032.40000000,765128.20000000
1775628000000,1010182.90000000,215549.20000000
1775631600000,7095864.50000000,4627169.20000000
1775635200000,4799863.50000000,2091233.70000000
1775638800000,3620180.30000000,1854067.30000000
1775642400000,6196905.20000000,3201511.40000000
1775646000000,11703639.60000000,6219553.40000000
1775649600000,5723721.60000000,2710901.00000000
1775653200000,3847419.90000000,1321540.30000000
1775656800000,7139035.90000000,3576611.40000000
1775660400000,2527488.90000000,660324.90000000
1775664000000,1561640.30000000,627414.90000000
1775667600000,1958872.30000000,848165.00000000
1775671200000,2723102.50000000,764842.40000000
1775674800000,4318544.30000000,1721738.00000000
1775678400000,1029887.60000000,558931.10000000
1775682000000,542707.60000000,367129.30000000
1775685600000,3584510.10000000,2080036.70000000
1775689200000,3842280.90000000,1637387.60000000
1775692800000,3452014.10000000,1007246.00000000
1775696400000,4373716.80000000,1916773.70000000
1775700000000,453894.60000000,188086.90000000
1775703600000,815214.60000000,406907.30000000
1775707200000,1339762.50000000,542533.60000000
1775710800000,1868398.30000000,665670.10000000
1775714400000,1534250.10000000,934315.60000000
1775718000000,3482578.60000000,1648358.70000000
1775721600000,4563523.00000000,1988752.10000000
1775725200000,1780055.00000000,953551.60000000
1775728800000,579472.70000000,285902.60000000
1775732400000,2230678.90000000,1398951.60000000
1775736000000,1099639.90000000,338746.90000000
1775739600000,3553892.30000000,1346416.30000000
1775743200000,2962221.10000000,1549576.90000000
1775746800000,2787783.40000000,994850.40000000
1775750400000,2312358.30000000,916096.20000000
1775754000000,1449892.30000000,569029.80000000
1775757600000,2883213.90000000,1441876.50000000
1775761200000,1940438.70000000,962509.50000000
1775764800000,1196172.60000000,538947.20000000
1775768400000,2179326.50000000,1195765.80000000
1775772000000,1361742.20000000,932160.70000000
1775775600000,2753295.80000000,1039043.00000000
1775779200000,1582580.00000000,1121413.90000000
1775782800000,521143.00000000,267901.70000000
1775786400000,816783.80000000,344483.20000000
1775790000000,983972.70000000,411036.50000000
1775793600000,1148779.00000000,694948.10000000
1775797200000,495173.90000000,258227.00000000
1775800800000,2738319.90000000,1738448.50000000
1775804400000,1957907.90000000,919543.90000000
1775808000000,2525316.50000000,956545.80000000
1775811600000,1851933.50000000,1105328.20000000
1775815200000,2230644.00000000,710816.90000000
1775818800000,1614543.40000000,678100.20000000
1775822400000,2032765.50000000,1204875.80000000
1775826000000,2116117.10000000,1065827.50000000
1775829600000,4007394.00000000,1343876.00000000
1775833200000,3652786.60000000,1595794.50000000
1775836800000,5048625.70000000,2139368.50000000
1775840400000,3335609.80000000,2455319.30000000
1775844000000,6085378.00000000,3555604.70000000
1775847600000,6494792.90000000,4861525.50000000
1775851200000,4850313.80000000,2312341.10000000
1775854800000,2724651.90000000,1622248.80000000
1775858400000,5557758.00000000,2902186.50000000
1775862000000,8839708.60000000,4571820.80000000
1775865600000,3412288.30000000,2009459.40000000
1775869200000,3361389.10000000,1721478.00000000
1775872800000,4394609.00000000,1559927.80000000
1775876400000,2900267.70000000,1783383.00000000
1775880000000,5392639.60000000,2852559.40000000
1775883600000,3477286.30000000,2333529.80000000
1775887200000,1609352.30000000,591793.10000000
1775890800000,2659356.20000000,1145650.50000000
1775894400000,4001052.70000000,1496362.90000000
1775898000000,2779015.50000000,675469.40000000
1775901600000,3831771.20000000,1906923.60000000
1775905200000,1849824.70000000,474492.20000000
1775908800000,990759.00000000,285471.10000000
1775912400000,3532246.00000000,2188133.50000000
1775916000000,2965931.00000000,1264286.00000000
1775919600000,2053248.40000000,1224427.40000000
1775923200000,4092172.70000000,1750533.10000000
1775926800000,3466086.50000000,1777542.50000000
1775930400000,8513199.80000000,3492382.80000000
1775934000000,1024988.90000000,350888.10000000
1775937600000,3655526.00000000,2122499.20000000
1775941200000,1945351.70000000,844230.50000000
1775944800000,295845.90000000,162819.90000000
1775948400000,1126440.00000000,615308.50000000
1775952000000,1050776.50000000,486783.50000000
1775955600000,2598457.90000000,1502682.10000000
1775959200000,950740.40000000,424807.50000000
1775962800000,1480236.70000000,359744.50000000
1775966400000,1669400.30000000,990033.50000000
1775970000000,1482318.90000000,668308.00000000
1775973600000,2951022.30000000,1431381.40000000
1775977200000,517372.50000000,224016.00000000
1775980800000,512451.30000000,305652.50000000
1775984400000,205309.20000000,105905.60000000
1775988000000,2130245.90000000,384602.80000000
1775991600000,1776430.80000000,622067.50000000
1775995200000,1861129.40000000,1219040.50000000
1775998800000,811854.00000000,503401.90000000
1776002400000,1936793.30000000,829889.60000000
1776006000000,3558808.90000000,1616377.80000000
1776009600000,1581321.40000000,732629.30000000
1776013200000,1040328.90000000,342396.40000000
1776016800000,1207830.10000000,494688.00000000
1776020400000,1679550.50000000,672592.50000000
1776024000000,1035399.80000000,490154.60000000
1776027600000,1504177.10000000,793271.60000000
1776031200000,3763047.40000000,1152930.70000000
1776034800000,2977866.40000000,516828.90000000
1776038400000,3654130.80000000,1951866.50000000
1776042000000,9192102.20000000,3434038.20000000
1776045600000,6972912.90000000,4264232.80000000
1776049200000,2458898.90000000,1214530.90000000
1776052800000,7852107.80000000,5264268.80000000
1776056400000,5125968.30000000,2800945.20000000
1776060000000,6576557.20000000,4160996.70000000
1776063600000,24451901.20000000,13097900.20000000
1776067200000,12644636.60000000,6658917.60000000
1776070800000,14868252.70000000,7700903.50000000
1776074400000,10296824.80000000,5774406.30000000
1776078000000,6012918.20000000,2880075.40000000
1776081600000,4476798.70000000,2399262.40000000
1776085200000,9001813.00000000,5015749.50000000
1776088800000,16964883.70000000,8740910.40000000
1776092400000,43921582.90000000,23378952.90000000
1776096000000,126756275.90000000,62187634.60000000
1776099600000,101053853.30000000,49298974.00000000
1776103200000,26900711.40000000,14584215.40000000
1776106800000,19605360.50000000,10525847.80000000
1776110400000,18933003.30000000,8892891.50000000
1776114000000,9919741.60000000,4681556.60000000
1776117600000,13734682.20000000,6945820.60000000
1776121200000,14924954.70000000,6281814.10000000
1776124800000,14724891.10000000,6307015.70000000
1776128400000,4447971.60000000,1780240.90000000
1776132000000,5495067.50000000,1995759.30000000
1776135600000,5956746.40000000,3146069.50000000
1776139200000,4096449.20000000,1525197.30000000
1776142800000,2012824.70000000,1126619.10000000
1776146400000,9743918.60000000,5207762.50000000
1776150000000,4507988.80000000,1881799.40000000
1776153600000,14326691.90000000,8593025.00000000
1776157200000,13029547.80000000,5613452.70000000
1776160800000,27359291.40000000,14489644.70000000
1776164400000,15980713.80000000,8442581.20000000
1776168000000,23587805.80000000,14034927.90000000
1776171600000,38533475.80000000,20354290.20000000
1776175200000,44876950.30000000,19715555.50000000
1776178800000,21806385.90000000,10667299.50000000
1776182400000,12555151.50000000,5045206.40000000
1776186000000,8737454.40000000,3078735.30000000
1776189600000,7179365.60000000,2697576.40000000
1776193200000,9564494.80000000,6333361.20000000
1776196800000,2807104.60000000,1203534.60000000
1776200400000,3577313.40000000,1226505.90000000
1776204000000,3101424.50000000,1431555.50000000
1776207600000,5014712.70000000,2527749.90000000
1776211200000,13885422.00000000,7014814.60000000
1776214800000,16117214.30000000,8321374.00000000
1776218400000,11795518.80000000,5406172.70000000
1776222000000,9799962.10000000,4295413.40000000
1776225600000,5413871.80000000,2357153.20000000
1776229200000,4058947.30000000,1481843.60000000
1776232800000,4159261.00000000,2047369.60000000
1776236400000,9737614.90000000,3864203.70000000
1776240000000,5294293.10000000,3214406.80000000
1776243600000,6834862.10000000,3698452.50000000
1776247200000,3169013.80000000,1053596.80000000
1776250800000,8210948.50000000,4575333.90000000
1776254400000,3127234.50000000,1329973.00000000
1776258000000,3568605.30000000,1702711.50000000
1776261600000,8189504.60000000,4559342.90000000
1776265200000,8397619.00000000,3350191.40000000
1776268800000,1648960.40000000,377986.00000000
1776272400000,2622825.50000000,765498.30000000
1776276000000,1402647.60000000,911616.50000000
1776279600000,3013512.10000000,1913967.70000000
1776283200000,2029210.10000000,1355342.00000000
1776286800000,1145758.90000000,632310.40000000
1776290400000,2355328.80000000,1471053.00000000
1776294000000,1779409.10000000,885528.30000000
1776297600000,1774907.20000000,1172272.00000000
1776301200000,3882752.90000000,1925038.90000000
1776304800000,12401514.80000000,7519114.30000000
1776308400000,7664420.80000000,4732467.10000000
1776312000000,29560506.70000000,15376878.70000000
1776315600000,13712911.80000000,6741213.90000000
1776319200000,6361909.40000000,3587447.90000000
1776322800000,13785568.20000000,6935134.70000000
1776326400000,26300760.20000000,14248843.20000000
1776330000000,8625025.80000000,4250614.80000000
1776333600000,10444581.30000000,4190717.40000000
1776337200000,3541979.70000000,1789680.20000000
1776340800000,7211808.60000000,5028038.70000000
1776344400000,11550671.10000000,4529365.80000000
1776348000000,8086465.60000000,3399926.80000000
1776351600000,4422723.80000000,1750569.20000000
1776355200000,28313124.80000000,16130648.50000000
1776358800000,22441630.40000000,11642083.20000000
1776362400000,10842688.40000000,4188622.30000000
1776366000000,11479017.50000000,5376900.10000000
1776369600000,54704761.40000000,27739554.80000000
1776373200000,19876332.60000000,8701317.00000000
1776376800000,30009704.00000000,18021835.60000000
1776380400000,7643682.70000000,3009413.40000000
1776384000000,10043745.40000000,4741240.80000000
1776387600000,21281851.60000000,11513630.40000000
1776391200000,24379045.30000000,11482534.10000000
1776394800000,7377204.20000000,3335576.10000000
1776398400000,11155684.20000000,5607750.90000000
1776402000000,12816842.60000000,6003926.50000000
1776405600000,9345737.60000000,4676819.20000000
1776409200000,9120003.00000000,4782316.10000000
1776412800000,14476712.20000000,5487280.60000000
1776416400000,31754183.10000000,15994270.50000000
1776420000000,18511348.00000000,10379203.50000000
1776423600000,12928003.30000000,5984242.70000000
1776427200000,14878111.70000000,7634197.50000000
1776430800000,14266204.50000000,6137925.60000000
1776434400000,14001513.80000000,5970839.40000000
1776438000000,13484460.10000000,7737456.90000000
1776441600000,6391638.40000000,3283367.00000000
1776445200000,4745805.10000000,1779633.80000000
1776448800000,5380001.90000000,2991462.60000000
1776452400000,6765697.40000000,3423968.20000000
1776456000000,3548426.10000000,1448145.90000000
1776459600000,2547485.50000000,2053545.90000000
1776463200000,6785451.00000000,2710846.40000000
1776466800000,4960453.00000000,1658132.20000000
1776470400000,9364332.10000000,4815789.60000000
1776474000000,4411697.80000000,2083365.70000000
1776477600000,13534360.40000000,6671926.70000000
1776481200000,6546146.80000000,3395267.30000000
1776484800000,8630439.10000000,4363583.30000000
1776488400000,17585776.30000000,7557056.60000000
1776492000000,6965139.30000000,3907455.50000000
1776495600000,8844076.80000000,3542457.40000000
1776499200000,10773233.30000000,5183615.50000000
1776502800000,26652501.50000000,11405459.30000000
1776506400000,7294913.00000000,3218857.90000000
1776510000000,6861225.50000000,2260078.00000000
1776513600000,4972876.30000000,2203459.00000000
1776517200000,9249097.20000000,3989185.10000000
1776520800000,11060426.90000000,6610794.50000000
1776524400000,2125970.30000000,657212.20000000
1776528000000,2164069.50000000,1391784.00000000
1776531600000,2975884.80000000,1863776.90000000
1776535200000,8599432.10000000,3957452.40000000
1776538800000,7029646.30000000,5395322.70000000
1776542400000,3099454.80000000,1465442.30000000
1776546000000,2536718.90000000,901606.80000000
1776549600000,3076814.40000000,1046166.50000000
1776553200000,1009935.30000000,635350.00000000
1776556800000,3267659.90000000,1821593.60000000
1776560400000,1036733.70000000,421644.50000000
1776564000000,2841575.30000000,1130958.00000000
1776567600000,1714619.10000000,1088211.30000000
1776571200000,2133932.60000000,1279852.70000000
1776574800000,2179919.30000000,798386.10000000
1776578400000,4081400.20000000,3150477.70000000
1776582000000,3647864.10000000,1685739.80000000
1776585600000,872176.30000000,461345.50000000
1776589200000,2014785.00000000,1037500.40000000
1776592800000,1279181.10000000,345549.50000000
1776596400000,2360112.70000000,1207667.70000000
1776600000000,1681001.70000000,1280363.00000000
1776603600000,3624041.40000000,1632994.40000000
1776607200000,4670650.30000000,3034268.80000000
1776610800000,6673351.30000000,2035706.90000000
1776614400000,9636717.80000000,5690700.60000000
1776618000000,5305893.70000000,2439367.70000000
1776621600000,6313665.90000000,3432114.10000000
1776625200000,7614969.50000000,4127524.30000000
1776628800000,3267140.70000000,2243910.50000000
1776632400000,2686758.20000000,942949.30000000
1776636000000,3312265.90000000,1641066.20000000
1776639600000,1663283.50000000,707699.00000000
1776643200000,1835082.30000000,1210714.00000000
1776646800000,939816.50000000,436902.90000000
1776650400000,1900442.30000000,813557.50000000
1776654000000,911909.60000000,365688.50000000
1776657600000,1130845.10000000,754399.90000000
1776661200000,1999939.20000000,592025.20000000
1776664800000,4592959.80000000,2073745.10000000
1776668400000,1008549.10000000,628584.40000000
1776672000000,3007009.50000000,1618132.20000000
1776675600000,2397960.70000000,909209.40000000
1776679200000,1451681.80000000,555085.80000000
1776682800000,1850211.00000000,595629.20000000
1776686400000,3066491.00000000,1628314.60000000
1776690000000,1881874.80000000,915844.50000000
1776693600000,1592887.50000000,555146.00000000
1776697200000,2200153.70000000,821450.70000000
1776700800000,1114612.00000000,759791.40000000
1776704400000,2269385.20000000,1214766.70000000
1776708000000,2125615.20000000,692192.40000000
1776711600000,1937436.80000000,903067.10000000
1776715200000,354224.80000000,179193.40000000
1776718800000,4984639.90000000,2943773.40000000
1776722400000,5108732.90000000,2040744.10000000
1776726000000,4478060.50000000,2639182.60000000
1776729600000,4932863.50000000,2836794.30000000
1776733200000,1685404.10000000,461075.90000000
1776736800000,1663553.80000000,1038127.10000000
1776740400000,2889142.80000000,843992.90000000
1776744000000,995883.10000000,566740.60000000
1776747600000,2258628.20000000,906137.60000000
1776751200000,5125191.90000000,2713299.60000000
1776754800000,2552499.40000000,1214213.90000000
1776758400000,2157324.20000000,557015.30000000
1776762000000,4164474.00000000,1713713.70000000
1776765600000,1209711.80000000,586104.00000000
1776769200000,3135256.80000000,1056951.20000000
1776772800000,2164685.40000000,1003078.80000000
1776776400000,1236809.10000000,619332.80000000
1776780000000,1837049.90000000,937815.30000000
1776783600000,2080560.90000000,1351906.00000000
1776787200000,1649859.70000000,399669.70000000
1776790800000,2153722.20000000,839522.40000000
1776794400000,1501721.40000000,759350.00000000
1776798000000,2151701.00000000,888292.20000000
1776801600000,1437809.70000000,772704.70000000
1776805200000,710333.00000000,237767.90000000
1776808800000,616878.40000000,337074.10000000
1776812400000,3495492.30000000,2519184.80000000
1776816000000,4298811.60000000,1723253.00000000
1776819600000,803191.40000000,571150.80000000
1776823200000,2222680.30000000,1284080.70000000
1776826800000,3935317.60000000,1749869.90000000
1776830400000,1005289.70000000,514564.20000000
1776834000000,8070295.50000000,5445726.80000000
1776837600000,1226936.90000000,233916.90000000
1776841200000,3267303.00000000,1423277.80000000
1776844800000,1854173.20000000,631076.80000000
1776848400000,1517553.80000000,654573.80000000
1776852000000,1823146.60000000,1472615.00000000
1776855600000,2310560.70000000,1390710.40000000
1776859200000,2712346.60000000,676130.80000000
1776862800000,1111545.50000000,494090.80000000
1776866400000,968365.60000000,589364.60000000
1776870000000,719224.30000000,440340.50000000
1776873600000,6882961.50000000,3378084.20000000
1776877200000,1582764.60000000,453348.30000000
1776880800000,1587842.40000000,398063.80000000
1776884400000,998769.30000000,430846.60000000
1776888000000,1251929.40000000,331525.10000000
1776891600000,312026.50000000,159767.90000000
1776895200000,1289646.10000000,630284.90000000
1776898800000,2644631.60000000,702273.40000000
1776902400000,2271652.70000000,1294537.90000000
1776906000000,720875.60000000,355521.70000000
1776909600000,1441109.10000000,524956.90000000
1776913200000,4445415.80000000,2221542.80000000
1776916800000,2469919.50000000,1181171.20000000
1776920400000,1789685.80000000,987070.90000000
1776924000000,738544.50000000,449016.90000000
1776927600000,538024.90000000,194651.60000000
1776931200000,1522142.00000000,828558.10000000
1776934800000,1285794.10000000,678651.90000000
1776938400000,2035997.20000000,985483.90000000
1776942000000,3009707.00000000,2132068.00000000
1776945600000,1600387.50000000,867182.40000000
1776949200000,3143076.50000000,1378168.80000000
1776952800000,1709519.80000000,630877.50000000
1776956400000,4202910.60000000,2552108.80000000
1776960000000,1619552.60000000,964140.70000000
1776963600000,1812223.80000000,867645.90000000
1776967200000,946920.80000000,253757.60000000
1776970800000,1556012.40000000,504778.20000000
1776974400000,2822410.80000000,1259812.90000000
1776978000000,1276247.30000000,789453.00000000
1776981600000,1913377.20000000,331001.30000000
1776985200000,1167497.10000000,367975.10000000
1776988800000,972807.10000000,522585.30000000
1776992400000,335570.30000000,137102.50000000
1776996000000,1805920.20000000,1323191.00000000
1776999600000,1031464.10000000,366624.40000000
1777003200000,1295407.20000000,198856.00000000
1777006800000,2763084.60000000,1203830.70000000
1777010400000,2157883.90000000,957088.00000000
1777014000000,6141330.50000000,3101593.60000000
1777017600000,5345250.40000000,2338571.50000000
1777021200000,3482807.50000000,1439080.90000000
1777024800000,2385892.20000000,587913.90000000
1777028400000,3587575.00000000,1537358.10000000
1777032000000,1360373.80000000,922409.40000000
1777035600000,1092771.30000000,660520.60000000
1777039200000,5440657.30000000,1923382.60000000
1777042800000,4304126.00000000,1726392.70000000
1777046400000,578564.10000000,165555.00000000
1777050000000,4791816.40000000,2999796.80000000
1777053600000,2109161.90000000,806184.70000000
1777057200000,2104183.40000000,853502.50000000
1777060800000,964920.20000000,519953.70000000
1777064400000,1888558.10000000,1378579.70000000
1777068000000,1640784.90000000,802788.70000000
1777071600000,2329709.60000000,616542.20000000
1777075200000,833563.80000000,641620.90000000
1777078800000,607796.20000000,207619.70000000
1777082400000,977451.90000000,451308.00000000
1777086000000,723456.90000000,444125.70000000
1777089600000,540596.10000000,195453.50000000
1777093200000,1723661.10000000,815368.30000000
1777096800000,1177182.60000000,650387.00000000
1777100400000,696571.20000000,513307.90000000
1777104000000,4177526.00000000,2760199.30000000
1777107600000,1911511.90000000,864514.20000000
1777111200000,2824642.30000000,1327943.10000000
1777114800000,2016593.60000000,967638.80000000
1777118400000,2894681.80000000,1784113.10000000
1777122000000,2153587.00000000,1424202.60000000
1777125600000,3106572.80000000,1431257.10000000
1777129200000,1290112.60000000,610788.80000000
1777132800000,1957482.00000000,1014810.20000000
1777136400000,3051238.40000000,2029191.70000000
1777140000000,1516728.80000000,909107.30000000
1777143600000,841516.00000000,452516.20000000
1777147200000,2755786.10000000,1601984.90000000
1777150800000,4500023.10000000,1766563.20000000
1777154400000,901450.60000000,521428.50000000
1777158000000,2136509.60000000,1460877.20000000
1777161600000,3018728.40000000,1471942.50000000
1777165200000,1186208.20000000,567481.90000000
1777168800000,1343300.70000000,1015486.00000000
1777172400000,1556001.60000000,650232.10000000
1777176000000,1463656.00000000,594811.70000000
1777179600000,2133255.20000000,1292293.70000000
1777183200000,2625006.20000000,1011477.50000000
1777186800000,492272.80000000,214097.50000000
1777190400000,751254.10000000,449811.10000000
1777194000000,524236.40000000,277567.70000000
1777197600000,1161374.10000000,457416.50000000
1777201200000,940848.00000000,429574.80000000
1777204800000,365619.50000000,191046.00000000
1777208400000,699387.20000000,387089.30000000
1777212000000,4917685.00000000,2489944.40000000
1777215600000,1852556.70000000,1064104.00000000
1777219200000,715048.30000000,365265.30000000
1777222800000,1655101.50000000,359479.60000000
1777226400000,927486.30000000,528956.20000000
1777230000000,1319341.00000000,1041436.40000000
1777233600000,1220939.60000000,684526.20000000
1777237200000,2536911.20000000,1417436.60000000
1777240800000,247698.40000000,188011.30000000
1777244400000,696057.40000000,140892.70000000
1777248000000,342229.40000000,236835.60000000
1777251600000,775025.50000000,211341.70000000
1777255200000,559639.20000000,394187.30000000
1777258800000,2896882.10000000,486373.60000000
1777262400000,1043991.70000000,521148.30000000
1777266000000,3165463.50000000,1839274.60000000
1777269600000,2355781.00000000,1117021.50000000
1777273200000,3663948.90000000,2287181.80000000
1777276800000,2379224.30000000,1277646.90000000
1777280400000,3815502.60000000,2085857.10000000
1777284000000,416404.90000000,261112.50000000
1777287600000,521933.40000000,333438.10000000
1777291200000,1671572.30000000,402271.30000000
1777294800000,2098382.20000000,1309982.60000000
1777298400000,1831274.40000000,1198462.70000000
1777302000000,7844896.70000000,3604190.60000000
1777305600000,4483350.30000000,2842322.50000000
1777309200000,2343124.90000000,482625.60000000
1777312800000,836149.40000000,595457.80000000
1777316400000,1770123.30000000,805531.50000000
1777320000000,801470.10000000,315930.00000000
1777323600000,1197531.90000000,681270.30000000
1777327200000,2253571.40000000,1549571.30000000
1777330800000,919164.60000000,460987.80000000
1777334400000,626157.30000000,238340.30000000
1777338000000,649254.20000000,481544.90000000
1777341600000,287065.40000000,80333.90000000
1777345200000,2556015.10000000,2180694.60000000
1777348800000,419270.40000000,121034.60000000
1777352400000,1602016.20000000,806895.10000000
1777356000000,1071286.50000000,399733.40000000
1777359600000,1964503.60000000,756717.80000000
1777363200000,411149.30000000,103451.90000000
1777366800000,2931545.10000000,387821.10000000
1777370400000,527756.40000000,292242.50000000
1777374000000,1930228.60000000,454531.90000000
1777377600000,1796445.00000000,1227536.70000000
1777381200000,2930342.10000000,1170288.90000000
1777384800000,6871356.90000000,3845276.40000000
1777388400000,14315211.80000000,6590733.80000000
1777392000000,32910572.10000000,17507864.10000000
1777395600000,21776898.20000000,11232563.60000000
1777399200000,20353494.40000000,10797303.90000000
1777402800000,9533619.10000000,4424885.90000000
1777406400000,5693610.00000000,2973141.80000000
1777410000000,12523563.70000000,6530544.50000000
1777413600000,6727014.30000000,3430035.50000000
1777417200000,10421458.00000000,5185277.10000000
1777420800000,12156567.30000000,5052715.60000000
1777424400000,14631942.10000000,6782958.10000000
1777428000000,6256993.10000000,3292941.10000000
1777431600000,3415674.60000000,1895699.70000000
1777435200000,3525813.60000000,2172595.80000000
1777438800000,3890778.50000000,2692680.10000000
1777442400000,4887807.10000000,2327184.30000000
1777446000000,4063895.90000000,2030351.90000000
1777449600000,9410225.70000000,4475914.90000000
1777453200000,3414811.50000000,1373173.70000000
1777456800000,8051516.00000000,3242055.60000000
1777460400000,3463436.60000000,1808008.80000000
1777464000000,8542007.70000000,2761047.80000000
1777467600000,4931354.90000000,1706725.60000000
1777471200000,3670616.60000000,1475319.60000000
1777474800000,6225850.70000000,2811326.80000000
1777478400000,4582751.80000000,2406825.40000000
1777482000000,4772485.60000000,2287303.00000000
1777485600000,6667194.10000000,3562018.60000000
1777489200000,1224846.70000000,832610.20000000
1777492800000,4025258.70000000,1930603.00000000
1777496400000,1906872.50000000,1089627.40000000
1777500000000,1425700.20000000,819785.90000000
1777503600000,746113.80000000,393958.40000000
1777507200000,1420982.70000000,970907.60000000
1777510800000,374945.80000000,263543.60000000
1777514400000,1828835.00000000,860357.30000000
1777518000000,2491551.70000000,1098406.30000000
1777521600000,193458.10000000,93373.60000000
1777525200000,1065262.80000000,501495.60000000
1777528800000,1006603.40000000,679450.40000000
1777532400000,2656708.60000000,1559455.80000000
1777536000000,677729.80000000,260940.60000000
1777539600000,2626372.30000000,1744592.30000000
1777543200000,2754642.60000000,1855288.30000000
1777546800000,1322334.10000000,595628.40000000
1777550400000,748754.10000000,402002.90000000
1777554000000,1930201.30000000,700554.00000000
1777557600000,5358857.80000000,2209827.30000000
1777561200000,1818289.20000000,1155549.50000000
1777564800000,611580.00000000,392411.20000000
1777568400000,749491.70000000,387682.00000000
1777572000000,652827.50000000,124443.30000000
1777575600000,1449859.50000000,825715.20000000
1777579200000,1560056.20000000,484613.30000000
1777582800000,220327.80000000,145394.20000000
1777586400000,1046103.90000000,598584.20000000
1777590000000,1062993.50000000,573836.70000000
1777593600000,441782.10000000,240432.40000000
1777597200000,867399.00000000,425352.20000000
1777600800000,976471.50000000,408139.00000000
1777604400000,4736242.40000000,2524780.30000000
1777608000000,4307097.30000000,2227754.80000000
1777611600000,3331647.50000000,1664557.50000000
1777615200000,1335601.60000000,713567.60000000
1777618800000,2613354.20000000,1134022.40000000
1777622400000,2717647.00000000,1073316.40000000
1777626000000,2184834.20000000,616629.80000000
1777629600000,688516.40000000,223429.60000000
1777633200000,1408902.10000000,936389.80000000
1777636800000,1285045.10000000,700360.80000000
1777640400000,1480409.50000000,942309.80000000
1777644000000,1518323.40000000,821266.60000000
1777647600000,969687.70000000,209149.40000000
1777651200000,1636837.80000000,1030387.00000000
1777654800000,1086204.20000000,700786.60000000
1777658400000,1307766.00000000,516442.00000000
1777662000000,170187.30000000,78050.10000000
1777665600000,648378.10000000,155054.30000000
1777669200000,491670.20000000,194378.70000000
1777672800000,363850.50000000,213296.50000000
1777676400000,359733.60000000,28614.90000000
1777680000000,115476.00000000,91269.90000000
1777683600000,566017.70000000,105909.70000000
1777687200000,648856.30000000,418172.70000000
1777690800000,1337357.80000000,982664.80000000
1777694400000,1060803.80000000,280936.00000000
1777698000000,1638515.10000000,745671.80000000
1777701600000,381762.70000000,226825.10000000
1777705200000,818561.30000000,339340.70000000
1777708800000,570440.30000000,224181.20000000
1777712400000,990802.70000000,741681.40000000
1777716000000,545583.90000000,118640.70000000
1777719600000,1183457.50000000,466121.30000000
1777723200000,1492902.10000000,1011059.80000000
1777726800000,1955381.10000000,1566288.10000000
1777730400000,4404293.60000000,2706965.40000000
1777734000000,6570031.40000000,3338899.30000000
1777737600000,8596449.60000000,4430539.80000000
1777741200000,6888092.90000000,3640602.80000000
1777744800000,6298266.30000000,2822312.00000000
1777748400000,3501697.00000000,1620662.30000000
1777752000000,1977064.60000000,1086102.30000000
1777755600000,1806482.50000000,1035822.30000000
1777759200000,2199901.10000000,949175.00000000
1777762800000,1881279.20000000,322176.30000000
1777766400000,2560131.10000000,1535552.20000000
1777770000000,2061941.10000000,726883.80000000
1777773600000,1241925.90000000,480880.40000000
1777777200000,1398529.00000000,502885.60000000
1777780800000,1276985.60000000,762640.90000000
1777784400000,785319.60000000,450010.10000000
1777788000000,1181647.10000000,592149.50000000
1777791600000,1034782.20000000,766036.80000000
1777795200000,19894017.50000000,11731821.80000000
1777798800000,44977731.60000000,26837084.70000000
1777802400000,16493910.60000000,9669390.60000000
1777806000000,12006822.50000000,6303612.20000000
1777809600000,12605687.40000000,7188368.40000000
1777813200000,18546387.80000000,9136795.80000000
1777816800000,8989789.00000000,5476990.00000000
1777820400000,11962198.00000000,5838375.00000000
1777824000000,11785278.80000000,7075931.00000000
1777827600000,26981431.50000000,15064792.80000000
1777831200000,15151031.70000000,7486453.10000000
1777834800000,12489400.60000000,5874464.60000000
1777838400000,8696132.50000000,4191587.80000000
1777842000000,16560637.30000000,5844328.90000000
1777845600000,11820432.30000000,6239495.30000000
1777849200000,5581043.00000000,2909845.30000000
1777852800000,5044849.30000000,2815388.50000000
1777856400000,5506036.80000000,2144852.10000000
1777860000000,3708458.30000000,2102112.40000000
1777863600000,8396560.00000000,4829377.50000000
1777867200000,25966610.70000000,14795592.00000000
1777870800000,16900263.70000000,8628412.40000000
1777874400000,13077472.20000000,6433084.70000000
1777878000000,15630981.80000000,9418425.30000000
1777881600000,29557861.90000000,14686608.40000000
1777885200000,39311841.00000000,21037105.60000000
1777888800000,40624762.60000000,20241661.00000000
1777892400000,28211813.90000000,15439308.40000000
1777896000000,18143199.20000000,8145691.90000000
1777899600000,102077685.30000000,55639226.50000000
1777903200000,66164921.60000000,34981062.90000000
1777906800000,35579633.40000000,17154876.90000000
1777910400000,19961678.80000000,9118330.20000000
1777914000000,23467442.20000000,11186230.70000000
1777917600000,15992865.10000000,6342722.80000000
1777921200000,20773713.90000000,7204843.90000000
1777924800000,21549965.70000000,9358988.20000000
1777928400000,15196809.80000000,7937467.50000000
1777932000000,7163314.40000000,2742698.20000000
1777935600000,7311427.30000000,3527951.00000000
1777939200000,9711219.70000000,4089301.80000000
1777942800000,6557607.80000000,2989392.00000000
1777946400000,15810476.20000000,6612589.90000000
1777950000000,10422283.00000000,6180540.90000000
1777953600000,10645817.50000000,4894381.70000000
1777957200000,7133064.00000000,3031745.80000000
1777960800000,10388961.00000000,4355283.60000000
1777964400000,14134622.40000000,5628980.80000000
1777968000000,16615672.80000000,7119282.70000000
1777971600000,13308560.20000000,5925510.20000000
1777975200000,7094145.00000000,3092786.20000000
1777978800000,4149248.40000000,1897401.90000000
1777982400000,5058132.90000000,2237485.10000000
1777986000000,5993227.20000000,3191482.80000000
1777989600000,5030674.50000000,2001458.30000000
1777993200000,6131309.10000000,2910680.00000000
1777996800000,4712899.60000000,2345759.10000000
1778000400000,5878269.40000000,2515662.20000000
1778004000000,3647877.50000000,1701806.10000000
1778007600000,1724426.50000000,666978.90000000
1778011200000,3150935.80000000,1216236.80000000
1778014800000,4236950.60000000,1975793.60000000
1778018400000,5115130.00000000,3085051.20000000
1778022000000,2756044.50000000,1559319.20000000
1778025600000,3366619.70000000,1298881.30000000
1778029200000,4103524.00000000,2414989.10000000
1778032800000,7001013.00000000,3573753.10000000
1778036400000,6338786.60000000,3069600.30000000
1778040000000,8019343.20000000,4774212.60000000
1778043600000,13064573.30000000,6146201.70000000
1778047200000,10771157.00000000,5655960.70000000
1778050800000,6343016.40000000,3011556.80000000
1778054400000,5099349.80000000,3528150.30000000
1778058000000,2957328.10000000,1436170.30000000
1778061600000,2274489.20000000,766227.70000000
1778065200000,1622672.90000000,963348.40000000
1778068800000,13512149.10000000,7914906.20000000
1778072400000,7730964.10000000,3957520.80000000
1778076000000,4452710.50000000,1492271.90000000
1778079600000,2184282.90000000,1294744.90000000
1778083200000,3010218.30000000,1397356.00000000
1778086800000,2170297.00000000,867444.50000000
1778090400000,1113376.80000000,579219.40000000
1778094000000,2552261.00000000,1342318.80000000
1778097600000,3541702.70000000,1975548.30000000
1778101200000,1486659.30000000,741920.50000000
1778104800000,1717591.70000000,848150.60000000
1778108400000,1008393.70000000,335788.50000000
1778112000000,4941550.90000000,2938625.00000000
1778115600000,3940472.90000000,1583612.50000000
1778119200000,3414060.00000000,1915569.90000000
1778122800000,3039709.10000000,1559657.30000000
1778126400000,3656103.70000000,1788160.10000000
1778130000000,4380428.90000000,1814983.40000000
1778133600000,2626524.50000000,1188358.10000000
1778137200000,5783286.60000000,2808377.60000000
1778140800000,3076002.90000000,1618804.70000000
1778144400000,4271035.30000000,1970808.00000000
1778148000000,3733255.40000000,1663789.00000000
1778151600000,5907580.90000000,2789092.30000000
1778155200000,4187589.90000000,1813445.40000000
1778158800000,3889485.40000000,1798641.10000000
1778162400000,5667148.50000000,2426764.30000000
1778166000000,3503037.60000000,1965927.30000000
1778169600000,10103182.30000000,4936055.30000000
1778173200000,14190914.00000000,6708418.50000000
1778176800000,13664573.00000000,6852538.30000000
1778180400000,12771275.00000000,6823226.20000000
1778184000000,3945220.20000000,1325178.00000000
1778187600000,7396832.90000000,2954148.50000000
1778191200000,2245817.80000000,1414911.10000000
1778194800000,1047331.70000000,309199.80000000
1778198400000,2942555.30000000,1481065.50000000
1778202000000,2661140.50000000,1395181.50000000
1778205600000,2151693.70000000,793607.00000000
1778209200000,1630832.40000000,782246.30000000
1778212800000,1662717.20000000,1076050.60000000
1778216400000,2528527.50000000,781682.00000000
1778220000000,6774729.00000000,3559684.80000000
1778223600000,6851029.00000000,3788044.00000000
1778227200000,3136815.50000000,1622248.60000000
1778230800000,4808177.30000000,1905353.20000000
1778234400000,3775955.30000000,1969710.20000000
1778238000000,4066730.50000000,2087340.80000000
1778241600000,5427228.10000000,2587705.30000000
1778245200000,1613218.20000000,733398.80000000
1778248800000,2824695.20000000,1101143.70000000
1778252400000,4317785.20000000,1981092.60000000
1778256000000,5366471.80000000,2054073.20000000
1778259600000,6448562.50000000,2986611.40000000
1778263200000,4694015.50000000,1653833.50000000
1778266800000,1143475.10000000,604827.00000000
1778270400000,3929379.10000000,2796796.90000000
1778274000000,1764940.60000000,774376.10000000
1778277600000,3826992.20000000,1547486.20000000
1778281200000,1037549.80000000,448290.80000000
1778284800000,1812697.30000000,914078.60000000
1778288400000,1742561.30000000,587127.70000000
1778292000000,3941311.40000000,2361375.10000000
1778295600000,4128227.90000000,1909868.00000000
1778299200000,2939748.80000000,1363218.20000000
1778302800000,2148088.80000000,1321858.10000000
1778306400000,3115970.80000000,1951640.70000000
1778310000000,3696477.60000000,1655627.90000000
1778313600000,3216051.70000000,714625.20000000
1778317200000,13708743.50000000,8834456.40000000
1778320800000,9438906.30000000,4018705.10000000
1778324400000,5299994.60000000,3304227.20000000
1778328000000,3030325.90000000,1062380.00000000
1778331600000,4029186.00000000,1025818.90000000
1778335200000,4417663.10000000,2169311.10000000
1778338800000,5777306.40000000,2431274.00000000
1778342400000,2835411.90000000,1870769.40000000
1778346000000,1563838.70000000,508200.90000000
1778349600000,391009.60000000,239438.90000000
1778353200000,545755.70000000,159447.10000000
1778356800000,706612.40000000,361051.60000000
1778360400000,523949.30000000,126584.40000000
1778364000000,566844.30000000,235896.40000000
1778367600000,1252377.40000000,543946.70000000
1778371200000,3036832.70000000,1315075.40000000
1778374800000,2656081.20000000,1411840.00000000
1778378400000,2412745.00000000,902348.30000000
1778382000000,702271.00000000,284295.60000000
1778385600000,414791.40000000,291688.00000000
1778389200000,2215286.80000000,693602.80000000
1778392800000,1128862.10000000,890304.90000000
1778396400000,2792311.90000000,2033459.90000000
1778400000000,378220.30000000,187492.20000000
1778403600000,3497041.60000000,1416173.50000000
1778407200000,2216523.20000000,689430.20000000
1778410800000,711032.90000000,358835.10000000
1778414400000,2703289.60000000,1433637.40000000
1778418000000,916407.20000000,417403.40000000
1778421600000,1068229.10000000,658124.40000000
1778425200000,7382888.60000000,3784982.90000000
1778428800000,1791789.00000000,841859.90000000
1778432400000,5622121.10000000,4007148.50000000
1778436000000,7085518.30000000,4853406.70000000
1778439600000,2933253.30000000,901225.30000000
1778443200000,8110958.60000000,3784990.30000000
1778446800000,4467372.10000000,2433095.90000000
1778450400000,3933663.70000000,2176957.20000000
1778454000000,1066246.80000000,597969.90000000
1778457600000,1569686.70000000,803396.40000000
1778461200000,1053361.80000000,428470.30000000
1778464800000,1563117.00000000,798586.90000000
1778468400000,3602763.20000000,1128878.50000000
1778472000000,4188928.60000000,996944.40000000
1778475600000,2732332.80000000,735751.90000000
1778479200000,1176758.00000000,665047.10000000
1778482800000,2105061.10000000,1303869.80000000
1778486400000,2120123.70000000,1217019.80000000
1778490000000,3928025.20000000,1150593.40000000
1778493600000,7413515.40000000,3399553.10000000
1778497200000,3929300.10000000,2882320.30000000
1778500800000,2162745.10000000,1369877.30000000
1778504400000,1273179.30000000,705531.40000000
1778508000000,2383634.90000000,955560.20000000
1778511600000,5327157.40000000,2543235.50000000
1778515200000,3781979.50000000,2413959.00000000
1778518800000,16171898.00000000,8781521.90000000
1778522400000,13302473.00000000,6990018.30000000
1778526000000,5906139.10000000,2930352.10000000
1778529600000,4451549.80000000,2885230.60000000
1778533200000,3049819.20000000,1874373.80000000
1778536800000,2544995.60000000,1213918.20000000
1778540400000,20206685.20000000,12949105.90000000
1778544000000,8315121.80000000,4437450.60000000
1778547600000,6030575.60000000,2076460.70000000
1778551200000,3684399.90000000,1565801.00000000
1778554800000,1127782.30000000,455593.30000000
1778558400000,3374314.20000000,1659979.10000000
1778562000000,3183479.70000000,1798504.00000000
1778565600000,2906165.60000000,1132960.30000000
1778569200000,2931827.50000000,1447973.80000000
1778572800000,2673340.40000000,1238708.00000000
1778576400000,1629165.30000000,724876.10000000
1778580000000,3225194.10000000,1579066.70000000
1778583600000,10422327.70000000,5890235.40000000
1778587200000,37966718.70000000,17328546.70000000
1778590800000,19638776.70000000,9781902.10000000
1778594400000,9527153.70000000,5326403.30000000
1778598000000,11011308.90000000,4733114.80000000
1778601600000,16743082.90000000,9642742.50000000
1778605200000,5498223.80000000,2614940.70000000
1778608800000,6716992.90000000,3236204.10000000
1778612400000,3458767.90000000,2250551.60000000
1778616000000,7302736.30000000,1956618.90000000
1778619600000,2993485.20000000,1616235.20000000
1778623200000,966447.40000000,469295.70000000
1778626800000,1207038.00000000,478206.40000000
1778630400000,1512480.10000000,722515.80000000
1778634000000,727358.90000000,397282.10000000
1778637600000,1609156.90000000,709192.70000000
1778641200000,4591443.80000000,1825830.10000000
1778644800000,2552938.90000000,1576094.80000000
1778648400000,4729801.90000000,2435022.40000000
1778652000000,5788436.80000000,2863868.30000000
1778655600000,4092909.30000000,1073540.90000000
1778659200000,5259009.80000000,1730122.60000000
1778662800000,5819216.10000000,4094237.00000000
1778666400000,6968699.10000000,3440642.20000000
1778670000000,8190510.60000000,3498427.50000000
1778673600000,8106095.10000000,3140693.30000000
1778677200000,4831393.00000000,2436818.60000000
1778680800000,6424127.60000000,2820053.70000000
1778684400000,7000463.00000000,2184698.10000000
1778688000000,5610374.40000000,1908118.70000000
1778691600000,3398299.50000000,934154.30000000
1778695200000,1199488.20000000,368152.50000000
1778698800000,946447.40000000,404825.10000000
1778702400000,1019024.10000000,398567.90000000
1778706000000,1371418.80000000,663528.20000000
1778709600000,5139355.00000000,2749675.80000000
1778713200000,1204691.10000000,617233.90000000
1778716800000,2000821.90000000,1437452.50000000
1778720400000,346276.10000000,67962.40000000
1778724000000,903017.40000000,430323.90000000
1778727600000,5624342.00000000,3246797.30000000
1778731200000,1815191.50000000,962924.60000000
1778734800000,2674792.80000000,942160.90000000
1778738400000,2921784.70000000,1402093.50000000
1778742000000,959500.30000000,257843.10000000
1778745600000,1278057.70000000,758047.30000000
1778749200000,412052.40000000,122151.50000000
1778752800000,1636618.80000000,765808.40000000
1778756400000,2787808.40000000,1073812.90000000
1778760000000,926776.30000000,544978.80000000
1778763600000,947681.30000000,451895.70000000
1778767200000,16950796.50000000,12733483.50000000
1778770800000,5333690.70000000,1675871.00000000
1778774400000,3383062.70000000,1567300.70000000
1778778000000,1696573.20000000,800472.00000000
1778781600000,1431034.90000000,525166.70000000
1778785200000,3351791.80000000,1409911.30000000
1778788800000,1394190.80000000,687007.90000000
1778792400000,1094149.50000000,370334.50000000
1778796000000,936275.20000000,617095.50000000
1778799600000,4352573.20000000,2981581.20000000
1778803200000,6355706.90000000,4242650.30000000
1778806800000,1460000.00000000,669000.90000000
1778810400000,1848955.80000000,912818.70000000
1778814000000,1116360.00000000,581333.30000000
1778817600000,1229759.10000000,531389.90000000
1778821200000,6806538.90000000,3263655.70000000
1778824800000,1097623.50000000,696103.70000000
1778828400000,1835732.90000000,1223881.40000000
1778832000000,2659984.40000000,1275014.20000000
1778835600000,1776229.30000000,786900.00000000
1778839200000,800268.20000000,373438.30000000
1778842800000,1983310.70000000,857357.90000000
1778846400000,1952763.50000000,697962.40000000
1778850000000,10596234.30000000,4204769.20000000
1778853600000,5622803.60000000,2739734.50000000
1778857200000,1193489.10000000,535499.30000000
1778860800000,4475002.30000000,2270458.70000000
1778864400000,1525962.00000000,725298.20000000
1778868000000,2268206.00000000,741380.00000000
1778871600000,582126.20000000,286010.60000000
1778875200000,1593052.70000000,1008457.40000000
1778878800000,654759.10000000,354800.50000000
1778882400000,228311.70000000,147896.40000000
1778886000000,475876.30000000,250546.50000000
1778889600000,579743.70000000,435047.50000000
1778893200000,508533.90000000,123093.50000000
1778896800000,615325.10000000,233481.60000000
1778900400000,1173058.40000000,577447.50000000
1778904000000,1655864.30000000,655714.60000000
1778907600000,1299653.70000000,963270.20000000
1778911200000,2824700.30000000,1209794.40000000
1778914800000,4644322.60000000,2084682.60000000
1778918400000,1186143.40000000,618956.00000000
1778922000000,3489275.70000000,1212006.10000000
1778925600000,6158964.40000000,1902300.70000000
1778929200000,1305291.70000000,411770.50000000
1778932800000,2141811.90000000,1422074.90000000
1778936400000,796254.50000000,467996.30000000
1778940000000,6579638.00000000,4209293.10000000
1778943600000,3370017.70000000,1471523.60000000
1778947200000,383768.90000000,166323.90000000
1778950800000,812264.80000000,226235.70000000
1778954400000,1620215.90000000,644944.90000000
1778958000000,2588902.60000000,1068849.70000000
1778961600000,1288458.20000000,734060.90000000
1778965200000,1017288.80000000,535905.70000000
1778968800000,1183401.30000000,551186.00000000
1778972400000,1590179.90000000,1124793.40000000
1778976000000,1490986.40000000,805134.40000000
1778979600000,3119802.40000000,1602729.50000000
1778983200000,797747.20000000,364227.80000000
1778986800000,1194216.50000000,578554.70000000
1778990400000,512057.70000000,408239.30000000
1778994000000,1402615.40000000,872652.30000000
1778997600000,741477.00000000,218595.70000000
1779001200000,1759137.10000000,965820.20000000
1779004800000,383557.60000000,175400.00000000
1779008400000,465583.00000000,221381.80000000
1779012000000,869907.40000000,575434.40000000
1779015600000,430793.20000000,44860.70000000
1779019200000,597559.80000000,268737.80000000
1779022800000,2512498.10000000,1600125.00000000
1779026400000,1820621.60000000,779920.70000000
1779030000000,504571.70000000,211666.50000000
1779033600000,2973653.60000000,1660177.20000000
1779037200000,1221188.90000000,422425.40000000
1779040800000,1830154.40000000,1198262.00000000
1779044400000,2805876.90000000,1135699.20000000
1779048000000,342202.70000000,133265.70000000
1779051600000,1557995.70000000,733399.40000000
1779055200000,883664.30000000,291469.50000000
1779058800000,10440785.10000000,4976274.80000000
1779062400000,2085432.70000000,1084378.90000000
1779066000000,1922368.50000000,739920.20000000
1779069600000,1233138.30000000,449005.70000000
1779073200000,549606.10000000,292238.10000000
1779076800000,1179974.80000000,627676.70000000
1779080400000,1232176.90000000,734739.90000000
1779084000000,1902694.20000000,872097.10000000
1779087600000,1167781.10000000,395300.10000000
1779091200000,989846.40000000,323509.40000000
1779094800000,94195.20000000,55870.60000000
1779098400000,1341098.10000000,797219.90000000
1779102000000,584187.30000000,233351.10000000
1779105600000,729833.10000000,456230.50000000
1779109200000,1093131.20000000,345412.00000000
1779112800000,2082264.80000000,835718.80000000
1779116400000,2050505.10000000,974127.50000000
1779120000000,886250.30000000,544808.90000000
1779123600000,381355.90000000,269193.80000000
1779127200000,1837399.90000000,652010.20000000
1779130800000,941058.70000000,436791.00000000
1779134400000,982959.60000000,532868.30000000
1779138000000,1390839.70000000,565248.60000000
1779141600000,1630017.30000000,579469.70000000
1779145200000,845032.30000000,479889.20000000
1779148800000,577456.60000000,371594.20000000
1779152400000,695088.80000000,223810.10000000
1779156000000,414585.90000000,223002.40000000
1779159600000,480911.00000000,325017.70000000
1779163200000,2930467.50000000,2157436.20000000
1779166800000,1236194.50000000,817963.40000000
1779170400000,2445690.30000000,836280.20000000
1779174000000,3638050.70000000,1258955.20000000
1779177600000,1012996.10000000,219432.00000000
1779181200000,1316249.70000000,471790.00000000
1779184800000,2054932.90000000,749743.90000000
1779188400000,1264818.30000000,536449.60000000
1779192000000,2056677.70000000,1257376.00000000
1779195600000,9089765.30000000,4718933.00000000
1779199200000,3297044.40000000,1293921.40000000
1779202800000,912745.30000000,456594.20000000
1779206400000,901694.20000000,293697.80000000
1779210000000,1845784.30000000,945342.10000000
1779213600000,744902.30000000,440036.00000000
1779217200000,922075.20000000,432384.90000000
1779220800000,411208.70000000,218355.80000000
1779224400000,859844.00000000,419189.80000000
1779228000000,930103.90000000,458630.00000000
1779231600000,514064.30000000,129333.80000000
1779235200000,1254027.30000000,499333.60000000
1779238800000,1512883.70000000,877847.00000000
1779242400000,397568.10000000,181281.10000000
1779246000000,90480.10000000,36226.30000000
1779249600000,1338627.20000000,416380.50000000
1779253200000,1367777.10000000,656201.70000000
1779256800000,1186139.90000000,529666.30000000
1779260400000,357766.00000000,87693.50000000
1779264000000,783849.20000000,247022.20000000
1779267600000,878286.20000000,469317.50000000
1779271200000,4571033.10000000,1717729.10000000
1779274800000,851143.00000000,400993.90000000
1779278400000,2700396.00000000,1320057.00000000
1779282000000,1810889.00000000,603700.80000000
1779285600000,4028445.80000000,2136757.00000000
1779289200000,2847319.30000000,978624.30000000
1779292800000,2113246.60000000,828579.20000000
1779296400000,683435.10000000,308829.30000000
1779300000000,1668449.00000000,1069926.60000000
1779303600000,1512042.50000000,818080.90000000
1779307200000,1948784.50000000,852399.50000000
1779310800000,806742.30000000,424804.20000000
1779314400000,4825654.40000000,3055326.20000000
1779318000000,803905.90000000,568595.50000000
1779321600000,3265279.00000000,1216152.00000000
1779325200000,854811.10000000,507482.60000000
1779328800000,1302690.20000000,669065.90000000
1779332400000,1097265.30000000,554976.40000000
1779336000000,630597.20000000,92463.20000000
1779339600000,2973976.00000000,1856137.20000000
1779343200000,1749474.10000000,569486.10000000
1779346800000,1136661.80000000,647218.60000000
1779350400000,1077215.90000000,697756.80000000
1779354000000,691328.20000000,374061.90000000
1779357600000,4342402.30000000,1522461.00000000
1779361200000,609554.70000000,237850.10000000
1779364800000,4118654.40000000,2089628.10000000
1779368400000,2676862.30000000,1023930.30000000
1779372000000,2727513.70000000,1454812.40000000
1779375600000,1396939.80000000,790367.90000000
1779379200000,12943764.80000000,6499483.10000000
1779382800000,4956137.20000000,2618439.70000000
1779386400000,1926261.40000000,808065.70000000
1779390000000,1124281.60000000,317168.80000000
1779393600000,489160.10000000,268781.40000000
1779397200000,719008.50000000,440149.70000000
1779400800000,1267834.30000000,968626.30000000
1779404400000,1124439.90000000,496040.50000000
1779408000000,2564666.00000000,1461398.80000000
1779411600000,757712.80000000,319666.30000000
1779415200000,613013.40000000,163238.00000000
1779418800000,280355.00000000,76791.40000000
1779422400000,790076.70000000,340056.50000000
1779426000000,2676040.10000000,638137.50000000
1779429600000,8420849.50000000,2108100.70000000
1779433200000,5117921.40000000,1279315.80000000
1779436800000,2363672.10000000,1287843.50000000
1779440400000,2790308.90000000,1691863.20000000
1779444000000,1363141.10000000,679913.70000000
1779447600000,2722727.20000000,1556128.80000000
1779451200000,1081734.10000000,565222.90000000
1779454800000,1880343.00000000,622398.10000000
1779458400000,4321388.10000000,1163738.00000000
1779462000000,2025473.40000000,1300851.70000000
1779465600000,1827538.10000000,772221.90000000
1779469200000,1096924.80000000,701308.50000000
1779472800000,5703263.20000000,3252848.30000000
1779476400000,4597255.70000000,2664189.10000000
1779480000000,2525069.30000000,1501664.10000000
1779483600000,591955.20000000,336301.60000000
1779487200000,1738511.10000000,464995.30000000
1779490800000,5774386.00000000,2169178.90000000
1779494400000,1685075.70000000,796956.10000000
1779498000000,1193913.60000000,813122.30000000
1779501600000,2044682.50000000,1484395.10000000
1779505200000,702096.10000000,376730.40000000
1779508800000,1637082.70000000,188863.60000000
1779512400000,418685.90000000,168811.20000000
1779516000000,1420561.10000000,738640.10000000
1779519600000,15237393.40000000,6569518.30000000
1779523200000,7842441.90000000,3691769.10000000
1779526800000,3028329.20000000,1047962.20000000
1779530400000,1432591.40000000,633027.80000000
1779534000000,1999519.00000000,1044822.90000000
1779537600000,1807788.20000000,1040914.40000000
1779541200000,1347202.00000000,751948.90000000
1779544800000,6977153.30000000,4069882.00000000
1779548400000,800278.60000000,381363.90000000
1779552000000,3015488.80000000,2349676.70000000
1779555600000,4220054.00000000,2056132.30000000
1779559200000,6415693.20000000,4414622.70000000
1779562800000,3436603.90000000,1508230.40000000
1779566400000,7013603.70000000,4595633.60000000
1779570000000,2707773.00000000,1451674.90000000
1779573600000,1405866.20000000,485335.70000000
1779577200000,865282.10000000,609474.80000000
1779580800000,1484358.60000000,1158080.90000000
1779584400000,1068307.60000000,259415.40000000
1779588000000,257028.20000000,99835.40000000
1779591600000,458290.70000000,63797.10000000
1779595200000,367480.30000000,183672.30000000
1779598800000,1563485.20000000,560455.30000000
1779602400000,764156.40000000,416063.40000000
1779606000000,980570.70000000,795092.10000000
1779609600000,998133.10000000,537402.60000000
1779613200000,2742308.30000000,1247670.80000000
1779616800000,1887180.30000000,873000.90000000
1779620400000,821562.10000000,232418.90000000
1779624000000,2549979.90000000,1671054.40000000
1779627600000,1932853.00000000,872595.00000000
1779631200000,3084058.80000000,1320968.50000000
1779634800000,1836144.50000000,526140.40000000
1779638400000,393996.10000000,144438.10000000
1779642000000,580372.50000000,152145.30000000
1779645600000,3488400.20000000,1716932.60000000
1779649200000,654864.30000000,272112.70000000
1779652800000,1693440.40000000,977473.60000000
1779656400000,6305336.40000000,3570249.20000000
1779660000000,1435215.90000000,773436.60000000
1779663600000,294018.80000000,220486.60000000
1779667200000,188911.00000000,110815.90000000
1779670800000,484094.70000000,136879.40000000
1779674400000,891182.20000000,558885.20000000
1779678000000,561067.50000000,375926.60000000
1779681600000,652535.90000000,325441.40000000
1779685200000,1229916.70000000,820913.20000000
1779688800000,1850328.10000000,883984.40000000
1779692400000,1217983.60000000,857859.70000000
1779696000000,1144913.00000000,327632.30000000
1779699600000,491594.20000000,256673.00000000
1779703200000,2655608.70000000,1740940.30000000
1779706800000,1336351.70000000,211660.80000000
1779710400000,1735105.90000000,931844.70000000
1779714000000,4970686.10000000,2659893.30000000
1779717600000,4636659.70000000,2429584.90000000
1779721200000,5421703.00000000,2199771.00000000
1779724800000,2610279.50000000,1675292.60000000
1779728400000,6952750.80000000,4234813.60000000
1779732000000,523265.00000000,223010.50000000
1779735600000,1052680.90000000,521930.10000000
1779739200000,900406.10000000,259712.20000000
1779742800000,1330680.50000000,683714.50000000
1779746400000,1942057.10000000,1043727.90000000
1779750000000,611975.40000000,382291.50000000
1779753600000,1168376.40000000,542594.60000000
1779757200000,1367236.70000000,456954.60000000
1779760800000,447972.10000000,265510.10000000
1779764400000,668371.40000000,316410.70000000
1779768000000,693250.80000000,449533.90000000
1779771600000,914874.00000000,465273.80000000
1779775200000,371505.00000000,239683.60000000
1779778800000,1412053.30000000,545274.70000000
1779782400000,2592346.00000000,1260678.00000000
1779786000000,8110372.40000000,4452454.50000000
1779789600000,25508618.10000000,13510890.00000000
1779793200000,18426137.70000000,9251011.30000000
1779796800000,19839893.80000000,10695142.00000000
1779800400000,12361386.90000000,5260751.70000000
1779804000000,8872413.70000000,4243946.80000000
1779807600000,8332942.60000000,3037087.40000000
1779811200000,5562304.80000000,3123244.80000000
1779814800000,13459806.30000000,4817143.90000000
1779818400000,24791505.90000000,13107547.50000000
1779822000000,17507090.70000000,8818574.70000000
1779825600000,38177492.30000000,21491586.00000000
1779829200000,16573189.80000000,8493303.80000000
1779832800000,14953419.30000000,7337429.10000000
1779836400000,6714969.80000000,3768529.70000000
1779840000000,11771180.50000000,6885555.60000000
1779843600000,7358586.00000000,1949344.90000000
1779847200000,6670539.00000000,3598942.00000000
1779850800000,5612770.50000000,1909468.90000000
1779854400000,6055877.80000000,2760061.40000000
1779858000000,6253510.70000000,3235003.80000000
1779861600000,9851183.90000000,5783430.70000000
1779865200000,5012294.90000000,2715096.30000000
1779868800000,2080827.50000000,755797.10000000
1779872400000,5977002.90000000,3078595.80000000
1779876000000,5339477.10000000,2312422.30000000
1779879600000,1725062.70000000,746836.40000000
1779883200000,3246318.10000000,1757775.50000000
1779886800000,2765860.90000000,1140542.30000000
1779890400000,1948084.60000000,811377.40000000
1779894000000,2927807.10000000,1357858.60000000
1779897600000,1632605.90000000,726976.00000000
1779901200000,6003998.40000000,2542676.20000000
1779904800000,2651318.10000000,1194366.00000000
1779908400000,2758554.70000000,925627.40000000
1779912000000,2310737.80000000,1144509.80000000
1779915600000,5830414.80000000,1807855.70000000
1779919200000,1966092.30000000,1024342.40000000
1779922800000,2434221.40000000,1417837.40000000
1779926400000,1147822.80000000,481536.60000000
1779930000000,2851724.80000000,945569.90000000
1779933600000,2001570.30000000,1141560.50000000
1779937200000,7345054.80000000,3406847.60000000
1779940800000,5623121.60000000,3001596.10000000
1779944400000,1793810.20000000,787359.40000000
1779948000000,2507660.30000000,1627852.80000000
1779951600000,2794796.00000000,1379181.00000000
1779955200000,5706872.40000000,2840252.10000000
1779958800000,5545451.10000000,3104515.20000000
1779962400000,5616694.80000000,1335443.90000000
1779966000000,1147844.40000000,873513.30000000
1779969600000,1733767.20000000,1268956.60000000
1779973200000,2370618.40000000,1044354.70000000
1779976800000,2371077.70000000,1413629.70000000
1779980400000,3600024.00000000,1196494.10000000
1779984000000,2278215.70000000,1764101.70000000
1779987600000,2319918.70000000,1076184.80000000
1779991200000,2117821.70000000,564610.60000000
1779994800000,2814369.20000000,1555557.10000000
1779998400000,852994.60000000,548781.00000000
1780002000000,547267.30000000,243425.00000000
1780005600000,1159189.30000000,394993.50000000
1780009200000,1013373.90000000,542157.70000000
1780012800000,483698.40000000,258011.90000000
1780016400000,646083.30000000,264938.80000000
1780020000000,522453.50000000,298766.10000000
1780023600000,1316534.20000000,461614.00000000
1780027200000,1817637.90000000,1077726.00000000
1780030800000,1801943.40000000,676064.50000000
1780034400000,514856.10000000,253086.60000000
1780038000000,2157312.60000000,1047640.90000000
1780041600000,3002523.40000000,1450096.90000000
1780045200000,1369418.10000000,1043652.60000000
1780048800000,851685.60000000,213577.50000000
1780052400000,3377943.90000000,2433143.90000000
1780056000000,8782859.50000000,5389393.50000000
1780059600000,6715667.30000000,3800735.50000000
1780063200000,3735679.10000000,2157306.00000000
1780066800000,3312723.40000000,1709391.70000000
1780070400000,4189079.80000000,2539293.80000000
1780074000000,5455513.30000000,3412118.30000000
1780077600000,3594761.40000000,1270329.00000000
1780081200000,5490143.60000000,2315022.20000000
1780084800000,4613177.50000000,2362354.40000000
1780088400000,3692213.20000000,1773100.90000000
1780092000000,1191917.60000000,442128.20000000
1780095600000,1415578.40000000,1003389.50000000
1780099200000,1145794.30000000,400887.80000000
1780102800000,1403196.10000000,672124.00000000
1780106400000,561752.10000000,298987.10000000
1780110000000,822849.00000000,516929.40000000
1780113600000,1299366.20000000,1033142.20000000
1780117200000,3643357.30000000,2302706.90000000
1780120800000,3698500.10000000,1563889.60000000
1780124400000,3755864.00000000,2447504.40000000
1780128000000,1445042.40000000,673735.60000000
1780131600000,4832811.40000000,2321467.60000000
1780135200000,3898568.00000000,2096911.70000000
1780138800000,7858614.20000000,4352357.40000000
1780142400000,810300.90000000,457963.90000000
1780146000000,3584315.10000000,1643342.70000000
1780149600000,3118722.50000000,1809247.10000000
1780153200000,4862158.20000000,2670045.60000000
1780156800000,12661232.80000000,7752604.70000000
1780160400000,4013578.20000000,1576963.10000000
1780164000000,6463155.20000000,2945102.90000000
1780167600000,2270914.80000000,1355496.60000000
1780171200000,2814663.70000000,1514028.00000000
1780174800000,1645937.10000000,1218330.80000000
1780178400000,2775883.90000000,1521647.10000000
1780182000000,2643840.90000000,1225776.20000000
1780185600000,4942917.40000000,2084648.20000000
1780189200000,629642.50000000,238799.90000000
1780192800000,1658366.60000000,877997.40000000
1780196400000,1370973.80000000,542318.40000000
1780200000000,1024227.50000000,255248.40000000
1780203600000,1656255.80000000,654344.60000000
1780207200000,1049622.30000000,243406.00000000
1780210800000,2030180.00000000,692073.40000000
1780214400000,4576199.20000000,1991242.70000000
1780218000000,2454553.90000000,1719172.30000000
1780221600000,1958553.60000000,1460346.40000000
1780225200000,1161148.80000000,637240.00000000
1780228800000,2319211.40000000,815180.60000000
1780232400000,2432037.50000000,804289.70000000
1780236000000,6351745.10000000,4059148.40000000
1780239600000,9198508.40000000,5486181.70000000
1780243200000,2643629.10000000,876893.50000000
1780246800000,2772500.10000000,1152963.10000000
1780250400000,1381767.10000000,714111.70000000
1780254000000,1865592.20000000,1107330.60000000
1780257600000,1265422.50000000,732551.30000000
1780261200000,2095556.40000000,1037622.70000000
1780264800000,2051131.80000000,1020060.10000000
1780268400000,713450.60000000,464976.90000000
1780272000000,853091.30000000,447332.70000000
1780275600000,1015671.20000000,350910.40000000
1780279200000,5128537.60000000,2154679.20000000
1780282800000,3392068.30000000,1868159.60000000
1780286400000,1655389.80000000,1190744.80000000
1780290000000,1012550.10000000,398688.10000000
1780293600000,7573991.10000000,2346255.50000000
1780297200000,5185880.50000000,2206280.60000000
1780300800000,1678211.00000000,680033.90000000
1780304400000,2445599.40000000,1726263.60000000
1780308000000,3799511.00000000,862097.70000000
1780311600000,3626294.10000000,955609.30000000
1780315200000,1991770.10000000,849898.00000000
1780318800000,4358063.80000000,2206306.10000000
1780322400000,2059199.50000000,663296.20000000
1780326000000,2717841.40000000,1595676.60000000
1780329600000,1978937.30000000,1098858.20000000
1780333200000,2880790.60000000,1066670.50000000
1780336800000,1127980.80000000,423905.30000000
1780340400000,776013.70000000,178934.70000000
1780344000000,1721369.40000000,716388.90000000
1780347600000,974656.30000000,234499.40000000
1780351200000,2033592.20000000,1012010.80000000
1780354800000,3001495.20000000,1376011.10000000
1780358400000,702719.10000000,229716.30000000
1780362000000,2152649.90000000,1057201.70000000
1780365600000,1031066.60000000,520808.40000000
1780369200000,612359.60000000,243716.70000000
1780372800000,595690.50000000,197035.90000000
1780376400000,1307705.50000000,461087.60000000
1780380000000,3703452.20000000,1970235.10000000
1780383600000,1423299.30000000,597341.40000000
1780387200000,2120416.70000000,1333739.90000000
1780390800000,4190366.30000000,1185885.60000000
1780394400000,1316671.10000000,994819.50000000
1780398000000,600471.70000000,353483.50000000
1780401600000,923355.90000000,281095.60000000
1780405200000,1160577.80000000,483557.70000000
1780408800000,9778754.30000000,3633259.70000000
1780412400000,12653388.50000000,5785339.80000000
1780416000000,4139395.60000000,2214033.20000000
1780419600000,1744827.20000000,941866.20000000
1780423200000,3297015.60000000,1662716.80000000
1780426800000,5928030.20000000,2951280.70000000
1780430400000,2377067.40000000,1555805.50000000
1780434000000,1613615.50000000,870391.90000000
1780437600000,5149830.50000000,2150247.20000000
1780441200000,3926628.40000000,1926391.40000000
1780444800000,1111791.00000000,439899.00000000
1780448400000,3427152.10000000,2020248.30000000
1780452000000,509710.90000000,234031.80000000
1780455600000,2163651.80000000,1078824.70000000
1780459200000,1120900.20000000,616173.90000000
1780462800000,2031744.70000000,1030244.60000000
1780466400000,893886.30000000,340357.30000000
1780470000000,1831967.10000000,639739.90000000
1780473600000,1104791.50000000,657282.20000000
1780477200000,2244365.50000000,549430.80000000
1780480800000,2946301.50000000,2178134.90000000
1780484400000,1770054.30000000,882073.90000000
1780488000000,2697651.30000000,512110.10000000
1780491600000,1581463.90000000,1044996.40000000
1780495200000,1167649.00000000,461276.80000000
1780498800000,1954886.60000000,1091697.20000000
1780502400000,3172262.20000000,1394628.40000000
1780506000000,5618274.10000000,3996425.60000000
1780509600000,1615156.40000000,768124.50000000
1780513200000,2234495.40000000,946778.80000000
1780516800000,6123753.40000000,2844572.10000000
1780520400000,2085951.70000000,1354337.00000000
1780524000000,1273363.70000000,495785.00000000
1780527600000,2438631.00000000,1110473.90000000
1780531200000,2125221.70000000,818483.30000000
1780534800000,8994246.30000000,3446633.70000000
1780538400000,28244454.80000000,14792370.00000000
1780542000000,2671295.20000000,1452043.20000000
1780545600000,4291476.00000000,2869061.80000000
1780549200000,5653743.10000000,2672540.90000000
1780552800000,1555898.20000000,1141689.90000000
1780556400000,3287710.20000000,1785652.50000000
1780560000000,6712615.40000000,3500969.40000000
1780563600000,3317445.50000000,1550364.50000000
1780567200000,6284435.30000000,3152520.50000000
1780570800000,5925854.30000000,3675794.30000000
1780574400000,7098749.90000000,4774325.50000000
1780578000000,4651464.10000000,1658192.90000000
1780581600000,1907523.50000000,614242.80000000
1780585200000,1335998.60000000,957561.50000000
1780588800000,12051351.10000000,4395769.30000000
1780592400000,5563377.80000000,2187472.00000000
1780596000000,3065180.40000000,1393512.20000000
1780599600000,1188252.70000000,388614.00000000
1780603200000,1596986.50000000,442208.80000000
1780606800000,2208536.30000000,892981.30000000
1780610400000,3105689.80000000,1533957.90000000
1780614000000,1239047.50000000,713292.40000000
1780617600000,1361908.80000000,601395.30000000
1780621200000,1016090.70000000,518912.00000000
1780624800000,1991929.10000000,799859.20000000
1780628400000,2998904.80000000,1585290.70000000
1780632000000,2597168.30000000,1371853.30000000
1780635600000,3254392.80000000,1392582.20000000
1780639200000,17759246.80000000,8888802.00000000
1780642800000,7686374.00000000,4839641.80000000
1780646400000,3517994.30000000,1438922.30000000
1780650000000,3908702.30000000,2645678.40000000
1780653600000,3396052.70000000,2164095.50000000
1780657200000,4014829.90000000,2282929.90000000
1780660800000,3420562.70000000,2083411.90000000
1780664400000,4882389.50000000,2747662.90000000
1780668000000,5787069.40000000,2708158.20000000
1780671600000,6404270.80000000,2816403.30000000
1780675200000,6108006.50000000,2958387.20000000
1780678800000,4823852.20000000,2504200.90000000
1780682400000,3524117.30000000,2197202.40000000
1780686000000,6530241.50000000,3217948.90000000
1780689600000,3432002.30000000,2050415.30000000
1780693200000,4912851.90000000,1546850.20000000
1780696800000,1782946.20000000,627555.40000000
1780700400000,3039476.70000000,1969377.70000000
1780704000000,2832600.40000000,1472385.00000000
1780707600000,2591368.90000000,777621.20000000
1780711200000,1534170.80000000,783213.90000000
1780714800000,1555333.70000000,1115263.70000000
1780718400000,8688467.30000000,3980219.20000000
1780722000000,6595961.30000000,3913988.40000000
1780725600000,3648993.40000000,1948027.40000000
1780729200000,3486648.20000000,1581459.50000000
1780732800000,4219443.10000000,2766373.20000000
1780736400000,2958630.10000000,1216493.00000000
1780740000000,3792549.10000000,1777577.90000000
1780743600000,1250002.60000000,815005.40000000
1780747200000,887833.30000000,609178.00000000
1780750800000,2048248.10000000,411035.80000000
1780754400000,4255266.70000000,1860842.50000000
1780758000000,2607124.60000000,858463.10000000
1780761600000,938874.90000000,443256.00000000
1780765200000,1048204.10000000,542122.30000000
1780768800000,569221.00000000,370161.20000000
1780772400000,822892.50000000,379490.00000000
1780776000000,1156950.20000000,700246.20000000
1780779600000,3474467.20000000,2626019.50000000
1780783200000,4157311.70000000,1941185.70000000
1780786800000,562098.50000000,224133.40000000
1780790400000,1049655.10000000,744376.60000000
1780794000000,6513330.80000000,3251879.90000000
1780797600000,7543321.70000000,4954127.40000000
1780801200000,679442.10000000,282626.20000000
1780804800000,1091024.20000000,429936.70000000
1780808400000,3432798.30000000,1801504.20000000
1780812000000,1777321.10000000,180548.10000000
1780815600000,1152332.50000000,196952.60000000
1780819200000,5270595.80000000,1828284.20000000
1780822800000,2756716.10000000,1883539.10000000
1780826400000,833157.40000000,171072.40000000
1780830000000,1478029.30000000,684562.20000000
1780833600000,2116393.00000000,1010043.60000000
1780837200000,788572.20000000,223878.40000000
1780840800000,1019325.30000000,362451.40000000
1780844400000,1325659.80000000,639402.90000000
1780848000000,1077594.60000000,414029.80000000
1780851600000,695912.00000000,274474.90000000
1780855200000,1713617.70000000,473551.40000000
1780858800000,2727401.50000000,892473.20000000
1780862400000,2002095.80000000,1107406.20000000
1780866000000,1511434.30000000,862818.40000000
1780869600000,7856605.50000000,4446987.90000000
1780873200000,973767.70000000,606844.80000000
1780876800000,4135750.20000000,1035497.50000000
1780880400000,5241685.10000000,889296.30000000
1780884000000,820944.20000000,169204.00000000
1780887600000,1887366.70000000,1015718.40000000
1780891200000,2094223.70000000,784110.40000000
1780894800000,1709565.30000000,901913.30000000
1780898400000,686449.20000000,299906.00000000
1780902000000,949272.70000000,525476.00000000
1780905600000,740183.30000000,572365.80000000
1780909200000,2148535.50000000,1214552.70000000
1780912800000,1838704.20000000,876609.30000000
1780916400000,5315012.90000000,3178331.10000000
1780920000000,5064638.30000000,2147781.10000000
1780923600000,4120751.50000000,1935923.70000000
1780927200000,11051821.60000000,5054942.10000000
1780930800000,6916027.70000000,4100610.40000000
1780934400000,10843774.20000000,6453441.30000000
1780938000000,5941255.00000000,2455422.90000000
1780941600000,3448699.30000000,1158944.70000000
1780945200000,1244609.50000000,408018.00000000
1780948800000,1486689.30000000,458665.10000000
1780952400000,1533125.20000000,558893.50000000
1780956000000,1388356.50000000,435341.80000000
1780959600000,1380466.60000000,694710.30000000
1780963200000,1521009.10000000,758350.00000000
1780966800000,4494935.00000000,2336320.70000000
1780970400000,3527846.10000000,2074142.00000000
1780974000000,4783547.40000000,2271481.10000000
1780977600000,2955550.40000000,1349962.00000000
1780981200000,2343448.10000000,1076084.80000000
1780984800000,2780343.00000000,1521515.40000000
1780988400000,2030011.60000000,753128.70000000
1780992000000,9480549.50000000,5418835.30000000
1780995600000,3202019.50000000,1096440.30000000
1780999200000,2850794.90000000,643588.60000000
1781002800000,1803767.50000000,862622.00000000
1781006400000,1988389.90000000,543731.10000000
1781010000000,1035498.80000000,355903.60000000
1781013600000,2160844.10000000,1139591.80000000
1781017200000,1614569.60000000,939247.00000000
1781020800000,5239236.10000000,2880851.40000000
1781024400000,1146291.80000000,722453.10000000
1781028000000,3426301.70000000,1857167.30000000
1781031600000,987518.30000000,512145.30000000
1781035200000,254736.40000000,160560.40000000
1781038800000,1447632.80000000,410857.50000000
1781042400000,1413664.40000000,556273.50000000
1781046000000,464440.60000000,152898.90000000
1781049600000,1187526.00000000,541086.90000000
1781053200000,247946.70000000,124304.80000000
1781056800000,459171.50000000,197034.70000000
1781060400000,696797.00000000,398734.50000000
1781064000000,865431.60000000,526160.10000000
1781067600000,714846.20000000,287101.80000000
1781071200000,564422.90000000,312620.00000000
1781074800000,819518.70000000,407757.30000000
1781078400000,1547371.30000000,901595.20000000
1781082000000,1658146.30000000,988700.40000000
1781085600000,833073.90000000,330316.70000000
1781089200000,2323988.80000000,1347458.90000000
1781092800000,2442145.40000000,1639320.60000000
1781096400000,2803232.40000000,1658767.20000000
1781100000000,1974738.90000000,463731.60000000
1781103600000,2879773.10000000,1353094.40000000
1781107200000,2501779.20000000,1131459.00000000
1781110800000,1981109.30000000,1183406.90000000
1781114400000,809303.90000000,479024.20000000
1781118000000,1644511.70000000,1004800.50000000
1781121600000,1968650.30000000,1031610.20000000
1781125200000,2490874.40000000,1205005.40000000
1781128800000,1014046.70000000,555228.60000000
1781132400000,729774.40000000,270686.00000000
1781136000000,2143294.00000000,777349.30000000
1781139600000,1294671.00000000,1096368.20000000
1781143200000,1338830.40000000,539756.90000000
1781146800000,2913812.70000000,1657592.20000000
1781150400000,1559622.30000000,1081590.50000000
1781154000000,4706784.10000000,2049740.20000000
1781157600000,950633.30000000,469151.10000000
1781161200000,1518841.80000000,770098.60000000
1781164800000,1277564.20000000,551526.70000000
1781168400000,1832393.70000000,931256.90000000
1781172000000,5589087.50000000,3461958.50000000
1781175600000,2314675.30000000,1555033.80000000
1781179200000,9013400.50000000,4868900.10000000
1781182800000,3177004.80000000,2229859.10000000
1781186400000,1916067.80000000,753376.00000000
1781190000000,626286.20000000,283223.80000000
1781193600000,4415746.20000000,1888695.00000000
1781197200000,6384000.70000000,4085770.30000000
1781200800000,1673513.30000000,618510.60000000
1781204400000,1594520.00000000,957763.90000000
1781208000000,911770.80000000,467975.70000000
1781211600000,376866.60000000,274376.00000000
1781215200000,469608.20000000,316043.30000000
1781218800000,756534.90000000,373345.50000000
1781222400000,823815.00000000,478798.20000000
1781226000000,824219.40000000,253420.50000000
1781229600000,162875.00000000,92877.80000000
1781233200000,1179258.90000000,468020.10000000
1781236800000,632007.90000000,98832.50000000
1781240400000,985984.50000000,571869.50000000
1781244000000,3597139.70000000,1553660.70000000
1781247600000,1086147.20000000,465387.60000000
1781251200000,2296716.30000000,969460.90000000
1781254800000,1795462.00000000,1003444.80000000
1781258400000,928719.90000000,499331.40000000
1781262000000,1157592.70000000,696570.90000000
1781265600000,1909672.50000000,676263.20000000
1781269200000,1737434.70000000,913006.20000000
1781272800000,4103299.80000000,2646728.40000000
1781276400000,6097316.30000000,2507165.20000000
1781280000000,2213839.80000000,962402.40000000
1781283600000,1062711.50000000,385495.20000000
1781287200000,3355669.80000000,1469714.30000000
1781290800000,1610034.00000000,1119420.00000000
1781294400000,520981.20000000,109585.40000000
1781298000000,435510.60000000,161389.00000000
1781301600000,1088606.00000000,788662.50000000
1781305200000,6639218.80000000,3276964.60000000
1781308800000,607524.40000000,271939.30000000
1781312400000,1116593.70000000,497267.30000000
1781316000000,1408606.60000000,596552.70000000
1781319600000,602514.00000000,105174.20000000
1781323200000,865225.80000000,377884.40000000
1781326800000,843228.10000000,501901.60000000
1781330400000,3864325.80000000,1565709.30000000
1781334000000,1316538.50000000,469969.80000000
1781337600000,1098101.90000000,442308.20000000
1781341200000,946716.70000000,466924.00000000
1781344800000,733979.50000000,109465.60000000
1781348400000,1948864.50000000,641086.30000000
1781352000000,367498.60000000,45126.50000000
1781355600000,1086641.10000000,596198.00000000
1781359200000,866004.40000000,148044.20000000
1781362800000,1800797.90000000,1220811.50000000
1781366400000,2288079.80000000,1216063.50000000
1781370000000,1448832.80000000,757343.60000000
1781373600000,356253.20000000,49004.00000000
1781377200000,1886010.90000000,1223248.30000000
1781380800000,512195.90000000,200451.40000000
1781384400000,2683576.20000000,1158272.00000000
1781388000000,2106838.10000000,130969.80000000
1781391600000,180123.10000000,130662.30000000
1781395200000,634853.10000000,587209.40000000
1781398800000,510230.60000000,275460.40000000
1781402400000,1607626.10000000,944013.50000000
1781406000000,430687.20000000,337425.00000000
1781409600000,801882.80000000,229048.10000000
1781413200000,724147.60000000,475493.10000000
1781416800000,2282746.60000000,722106.20000000
1781420400000,508181.30000000,121464.30000000
1781424000000,1855922.80000000,1020726.90000000
1781427600000,14402984.80000000,7691833.30000000
1781431200000,4357655.60000000,2193212.10000000
1781434800000,3334404.40000000,1283925.40000000
1781438400000,1653038.40000000,804636.60000000
1781442000000,1604617.50000000,1031584.40000000
1781445600000,1630175.60000000,1137536.50000000
1781449200000,1381632.40000000,878621.90000000
1781452800000,4796630.10000000,2466560.50000000
1781456400000,2982751.20000000,2136322.80000000
1781460000000,2279768.20000000,1703330.90000000
1781463600000,1158282.60000000,598593.10000000
1781467200000,4036281.50000000,2613153.90000000
1781470800000,4666654.70000000,2790940.50000000
1781474400000,3758981.40000000,2104450.30000000
1781478000000,1370555.20000000,489629.70000000
1781481600000,1878352.70000000,1011241.60000000
1781485200000,433492.80000000,142275.10000000
1781488800000,390836.40000000,245632.20000000
1781492400000,1394355.20000000,558207.00000000
1781496000000,3802298.30000000,1447601.90000000
1781499600000,2824244.40000000,1896421.80000000
1781503200000,827674.00000000,291791.80000000
1781506800000,1177752.30000000,592581.20000000
1781510400000,2461354.70000000,1040936.30000000
1781514000000,866674.90000000,508855.90000000
1781517600000,1979458.60000000,941189.60000000
1781521200000,2282548.00000000,1378773.60000000
1781524800000,2953079.40000000,1718898.00000000
1781528400000,5360338.70000000,2272180.20000000
1781532000000,1246726.00000000,493306.60000000
1781535600000,1696918.30000000,800423.40000000
1781539200000,3379424.70000000,1695583.20000000
1781542800000,1026970.40000000,613536.10000000
1781546400000,716222.40000000,319478.10000000
1781550000000,2788718.30000000,1267857.80000000
1781553600000,473358.00000000,156483.60000000
1781557200000,751969.70000000,334579.10000000
1781560800000,820628.00000000,321230.70000000
1781564400000,557008.50000000,347397.20000000
1781568000000,543507.30000000,236898.80000000
1781571600000,1246669.20000000,463387.70000000
1781575200000,1020737.70000000,587213.80000000
1781578800000,1747317.50000000,671188.90000000
1781582400000,834984.20000000,318857.90000000
1781586000000,794652.30000000,455747.30000000
1781589600000,2003973.30000000,1195983.10000000
1781593200000,511040.90000000,246759.50000000
1781596800000,1263133.90000000,862198.00000000
1781600400000,675863.80000000,170666.70000000
1781604000000,554552.40000000,106287.20000000
1781607600000,831950.60000000,480961.50000000
1781611200000,571232.20000000,437870.60000000
1781614800000,2139835.80000000,760922.80000000
1781618400000,1995015.30000000,912693.00000000
1781622000000,2337493.90000000,1248234.90000000
1781625600000,1480649.60000000,955075.00000000
1781629200000,742778.70000000,247317.80000000
1781632800000,2011084.20000000,731804.80000000
1781636400000,537947.70000000,338311.00000000
1781640000000,2679684.40000000,1094750.50000000
1781643600000,2639759.90000000,1466560.20000000
1781647200000,643909.10000000,398235.70000000
1781650800000,468493.60000000,285482.40000000
1781654400000,320829.30000000,222990.20000000
1781658000000,1303414.70000000,1091063.60000000
1781661600000,417159.00000000,225696.00000000
1781665200000,252087.30000000,94895.90000000
1781668800000,565412.10000000,234217.10000000
1781672400000,1175985.50000000,602307.80000000
1781676000000,2112654.40000000,631679.40000000
1781679600000,3499202.30000000,1566445.60000000
1781683200000,2307043.40000000,1287979.50000000
1781686800000,1348377.20000000,1042362.20000000
1781690400000,775301.50000000,383649.30000000
1781694000000,3882909.90000000,2433234.40000000
1781697600000,1068824.30000000,572047.90000000
1781701200000,1389508.60000000,784673.20000000
1781704800000,3161761.90000000,1382235.80000000
1781708400000,1729556.20000000,1284968.30000000
1781712000000,1591597.60000000,883566.50000000
1781715600000,1122141.50000000,330563.70000000
1781719200000,4434597.90000000,2280906.60000000
1781722800000,3170993.40000000,1258569.90000000
1781726400000,4882476.50000000,2735578.80000000
1781730000000,15042317.40000000,9186029.00000000
1781733600000,3451856.50000000,1638308.10000000
1781737200000,1379001.20000000,835404.20000000
1781740800000,745236.50000000,421957.50000000
1781744400000,793702.00000000,266686.10000000
1781748000000,560943.70000000,101349.00000000
1781751600000,936940.10000000,95416.90000000
1781755200000,5273331.40000000,2549742.20000000
1781758800000,1939586.10000000,1197972.00000000
1781762400000,2132013.10000000,926948.30000000
1781766000000,2151248.60000000,1188121.50000000
1781769600000,1788862.70000000,566640.40000000
1781773200000,980822.80000000,286650.50000000
1781776800000,1389896.10000000,948858.80000000
1781780400000,756964.10000000,319785.70000000
1781784000000,557064.20000000,452982.20000000
1781787600000,1565110.20000000,1259400.50000000
1781791200000,1882418.40000000,1099040.90000000
1781794800000,9345471.60000000,4315059.50000000
1781798400000,6103814.90000000,3256373.60000000
1781802000000,2424611.40000000,1409532.10000000
1781805600000,609119.00000000,334337.70000000
1781809200000,1002685.70000000,488398.80000000
1781812800000,1127669.30000000,580952.10000000
1781816400000,1418863.70000000,357721.80000000
1781820000000,1475977.00000000,527286.40000000
1781823600000,609216.00000000,447203.90000000
1781827200000,1832060.10000000,1569532.40000000
1781830800000,136404.00000000,74372.50000000
1781834400000,449768.20000000,104533.60000000
1781838000000,2966444.00000000,949571.90000000
1781841600000,1834933.60000000,816558.40000000
1781845200000,4467758.00000000,2580780.10000000
1781848800000,1483855.50000000,579979.70000000
1781852400000,666047.20000000,355676.70000000
1781856000000,2269622.90000000,1469593.80000000
1781859600000,2292840.30000000,1020605.60000000
1781863200000,1731195.90000000,927886.80000000
1781866800000,5845444.00000000,3885748.70000000
1781870400000,3028139.50000000,830554.70000000
1781874000000,882979.20000000,519504.30000000
1781877600000,882915.10000000,569320.40000000
1781881200000,431057.90000000,226344.30000000
1781884800000,1236296.10000000,612015.40000000
1781888400000,831492.60000000,318859.00000000
1781892000000,1280564.40000000,790598.70000000
1781895600000,711128.10000000,200636.60000000
1781899200000,7169445.30000000,1513787.70000000
1781902800000,760601.40000000,384632.60000000
1781906400000,487708.00000000,206276.10000000
1781910000000,195651.50000000,71975.50000000
1781913600000,347527.90000000,138167.60000000
1781917200000,257789.10000000,33438.80000000
1781920800000,295253.70000000,74624.90000000
1781924400000,172766.60000000,36355.00000000
1781928000000,640158.60000000,206975.70000000
1781931600000,397014.50000000,242897.30000000
1781935200000,718912.40000000,587659.70000000
1781938800000,3001624.90000000,1199352.90000000
1781942400000,1743577.90000000,728728.40000000
1781946000000,2006417.90000000,1065402.00000000
1781949600000,898063.20000000,355854.90000000
1781953200000,1918503.60000000,976108.70000000
1781956800000,2434378.80000000,647295.20000000
1781960400000,1458285.00000000,453638.90000000
1781964000000,1821508.90000000,918761.60000000
1781967600000,2246452.40000000,940270.50000000
1781971200000,2542076.60000000,604391.90000000
1781974800000,692116.70000000,246355.70000000
1781978400000,447198.70000000,202198.50000000
1781982000000,575273.20000000,258887.40000000
1781985600000,663856.60000000,365802.00000000
1781989200000,187497.50000000,90650.00000000
1781992800000,634563.40000000,320139.70000000
1781996400000,958726.50000000,593459.50000000
1782000000000,185143.30000000,68235.10000000
1782003600000,287741.10000000,91715.80000000
1782007200000,357642.40000000,212123.70000000
1782010800000,223328.50000000,80267.30000000
1782014400000,675447.60000000,138533.40000000
1782018000000,464790.50000000,108324.80000000
1782021600000,925987.30000000,543305.50000000
1782025200000,860396.30000000,565499.30000000
1782028800000,1939764.20000000,1058727.40000000
1782032400000,2075467.20000000,1359962.00000000
1782036000000,1715536.40000000,871624.30000000
1782039600000,891178.10000000,492309.60000000
1782043200000,4914857.70000000,3596079.00000000
1782046800000,1321544.40000000,726936.80000000
1782050400000,1103020.60000000,474014.00000000
1782054000000,922413.60000000,378310.50000000
1782057600000,16254253.90000000,9243532.00000000
1782061200000,5029666.90000000,2268290.50000000
1782064800000,3134243.40000000,999186.70000000
1782068400000,1713033.70000000,619745.50000000
1782072000000,2086584.00000000,859109.90000000
1782075600000,2412730.70000000,821439.70000000
1782079200000,797420.10000000,335760.70000000
1782082800000,1454069.00000000,927031.70000000
1782086400000,1848337.90000000,687603.10000000
1782090000000,1075651.00000000,469785.40000000
1782093600000,1090921.60000000,518337.10000000
1782097200000,989831.80000000,798628.60000000
1782100800000,1466613.30000000,928998.10000000
1782104400000,923577.20000000,468439.10000000
1782108000000,5513257.00000000,1029104.30000000
1782111600000,1117009.40000000,550197.90000000
1782115200000,1624626.20000000,724506.20000000
1782118800000,800140.90000000,274369.40000000
1782122400000,1819173.60000000,1045762.60000000
1782126000000,2113875.60000000,1615578.00000000
1782129600000,1366425.90000000,553157.70000000
1782133200000,2521113.10000000,470164.10000000
1782136800000,1403783.30000000,663456.70000000
1782140400000,1171044.90000000,830124.70000000
1782144000000,1983522.80000000,1081068.70000000
1782147600000,1122971.90000000,169183.50000000
1782151200000,823659.10000000,494917.40000000
1782154800000,821631.00000000,368674.10000000
1782158400000,959187.40000000,363266.50000000
1782162000000,690256.20000000,202786.10000000
1782165600000,3035984.10000000,1049448.20000000
1782169200000,358322.30000000,128494.10000000
1782172800000,1548681.50000000,1003857.30000000
1782176400000,1868814.70000000,561205.60000000
1782180000000,1457983.80000000,699091.70000000
1782183600000,876795.40000000,550317.60000000
1782187200000,246881.30000000,90404.50000000
1782190800000,432497.20000000,65065.00000000
1782194400000,3026378.20000000,1746686.20000000
1782198000000,2439171.70000000,1303907.10000000
1782201600000,6402278.10000000,2001389.40000000
1782205200000,4286964.70000000,1892229.00000000
1782208800000,349865.40000000,159591.60000000
1782212400000,794897.00000000,620533.20000000
1782216000000,780794.00000000,186486.50000000
1782219600000,1623347.90000000,1006901.20000000
1782223200000,3319431.50000000,2132665.90000000
1782226800000,1995999.10000000,758268.20000000
1782230400000,906210.90000000,464669.30000000
1782234000000,1383004.90000000,446941.10000000
1782237600000,1022182.10000000,802911.60000000
1782241200000,3276656.80000000,1958023.80000000
1782244800000,708259.00000000,313892.80000000
1782248400000,576996.50000000,118506.00000000
1782252000000,5587985.70000000,2093199.10000000
1782255600000,2365845.80000000,1427993.30000000
1782259200000,849560.10000000,369004.90000000
1782262800000,1494454.50000000,734703.80000000
1782266400000,1144550.40000000,553478.10000000
1782270000000,1721865.20000000,1299029.50000000
1782273600000,1402163.70000000,341709.80000000
1782277200000,1360275.70000000,1248108.10000000
1782280800000,915861.40000000,318727.70000000
1782284400000,1641325.40000000,624059.10000000
1782288000000,1137108.10000000,653786.90000000
1782291600000,489824.50000000,188697.90000000
1782295200000,1093536.30000000,490170.70000000
1782298800000,2151576.20000000,1271681.70000000
1782302400000,1232772.70000000,465866.20000000
1782306000000,3829045.30000000,1275509.10000000
1782309600000,1868779.90000000,1004417.90000000
1782313200000,3950433.00000000,628687.40000000
1782316800000,6494549.70000000,2739160.00000000
1782320400000,5640352.60000000,3696580.70000000
1782324000000,1613308.80000000,1085027.40000000
1782327600000,1767268.50000000,407445.00000000
1782331200000,2262560.50000000,1346664.20000000
1782334800000,571253.00000000,349639.60000000
1782338400000,811772.10000000,339817.60000000
1782342000000,972970.20000000,315098.10000000
1782345600000,1107607.10000000,339125.30000000
1782349200000,658507.90000000,513006.70000000
1782352800000,210811.50000000,66317.10000000
1782356400000,586895.60000000,280372.90000000
1782360000000,887881.20000000,385813.70000000
1782363600000,792792.70000000,622558.10000000
1782367200000,3131663.70000000,1723263.50000000
1782370800000,858288.90000000,569642.70000000
1782374400000,901041.30000000,441891.10000000
1782378000000,925192.70000000,541898.30000000
1782381600000,1326300.80000000,735189.40000000
1782385200000,791824.10000000,211341.80000000
1782388800000,1624704.80000000,1104012.50000000
1782392400000,8085678.30000000,3611901.60000000
1782396000000,7142529.70000000,3647506.90000000
1782399600000,1527776.00000000,600210.20000000
1782403200000,767715.80000000,240964.20000000
1782406800000,2152581.30000000,1017512.80000000
1782410400000,1056055.60000000,547841.10000000
1782414000000,1244658.60000000,810461.40000000
1782417600000,861632.30000000,538688.60000000
1782421200000,784335.80000000,406263.60000000
1782424800000,1231632.40000000,745254.90000000
1782428400000,706071.90000000,134569.40000000
1782432000000,350536.10000000,243814.10000000
1782435600000,1222386.80000000,496241.50000000
1782439200000,1491576.50000000,664623.70000000
1782442800000,897251.50000000,700478.40000000
1782446400000,416716.80000000,293995.80000000
1782450000000,812785.30000000,193668.70000000
1782453600000,917304.90000000,535854.20000000
1782457200000,1649377.80000000,1023593.70000000
1782460800000,626076.60000000,386732.00000000
1782464400000,2734953.40000000,1978395.60000000
1782468000000,2143843.20000000,1272891.20000000
1782471600000,417768.30000000,184847.10000000
1782475200000,1030758.40000000,622803.30000000
1782478800000,5560487.60000000,2927677.40000000
1782482400000,7197282.50000000,3187766.10000000
1782486000000,1977128.70000000,891485.70000000
1782489600000,4168534.10000000,2548967.30000000
1782493200000,2503830.10000000,1645958.70000000
1782496800000,420468.80000000,173591.90000000
1782500400000,829101.50000000,177058.20000000
1782504000000,2013696.90000000,1055601.70000000
1782507600000,350408.00000000,176423.80000000
1782511200000,690302.20000000,121545.50000000
1782514800000,878446.10000000,71570.00000000
1782518400000,2058884.30000000,633657.90000000
1782522000000,1702112.20000000,1192612.20000000
1782525600000,532338.10000000,412762.30000000
1782529200000,896713.20000000,58648.30000000
1782532800000,130045.50000000,100505.20000000
1782536400000,332009.90000000,152273.90000000
1782540000000,1060034.00000000,470427.50000000
1782543600000,1738234.50000000,1019138.30000000
1782547200000,716348.40000000,328927.50000000
1782550800000,2023452.20000000,1070451.30000000
1782554400000,275421.10000000,79066.70000000
1782558000000,214884.90000000,103358.70000000
1782561600000,502511.00000000,127613.00000000
1782565200000,2116401.40000000,646957.70000000
1782568800000,1294264.10000000,292223.50000000
1782572400000,324187.60000000,188420.80000000
1782576000000,1135255.80000000,235266.10000000
1782579600000,857374.50000000,238992.80000000
1782583200000,1259329.00000000,715758.70000000
1782586800000,1593249.40000000,882149.90000000
1782590400000,1084413.30000000,965897.30000000
1782594000000,143307.10000000,73277.60000000
1782597600000,941989.20000000,250167.40000000
1782601200000,547368.70000000,114254.60000000
1782604800000,414676.40000000,360461.70000000
1782608400000,127444.80000000,53530.80000000
1782612000000,730909.50000000,561618.00000000
1782615600000,359314.30000000,90247.90000000
1782619200000,356828.80000000,212011.10000000
1782622800000,466915.10000000,22315.60000000
1782626400000,852484.70000000,406040.90000000
1782630000000,999943.80000000,289138.20000000
1782633600000,1797594.10000000,720683.20000000
1782637200000,806072.60000000,184847.90000000
1782640800000,1547809.90000000,916372.60000000
1782644400000,731154.40000000,337569.00000000
1782648000000,3283570.00000000,1710865.10000000
1782651600000,1536986.30000000,476041.40000000
1782655200000,4251538.20000000,2271705.10000000
1782658800000,4283829.50000000,2517534.60000000
1782662400000,2577647.80000000,646545.00000000
1782666000000,1158990.30000000,758881.60000000
1782669600000,712515.80000000,536081.10000000
1782673200000,1646062.10000000,516326.70000000
1782676800000,1004154.70000000,467726.90000000
1782680400000,740695.30000000,264526.20000000
1782684000000,1518706.10000000,1091020.30000000
1782687600000,488582.70000000,307169.30000000
1782691200000,594940.80000000,299386.40000000
1782694800000,357894.20000000,256987.50000000
1782698400000,246569.80000000,153212.70000000
1782702000000,573050.10000000,378000.50000000
1782705600000,278565.10000000,166667.10000000
1782709200000,1393871.00000000,339997.10000000
1782712800000,258163.50000000,143977.70000000
1782716400000,1413596.60000000,719882.00000000
1782720000000,1774552.80000000,941689.50000000
1782723600000,997581.60000000,564883.10000000
1782727200000,1325538.20000000,468873.60000000
1782730800000,887105.70000000,663966.20000000
1782734400000,2743322.30000000,1256192.00000000
1782738000000,1684134.20000000,923697.60000000
1782741600000,3924447.60000000,1915543.30000000
1782745200000,696810.10000000,247606.60000000
1782748800000,950104.70000000,322989.20000000
1782752400000,1946606.00000000,1028596.10000000
1782756000000,502192.60000000,253388.10000000
1782759600000,882033.50000000,262623.10000000
1782763200000,445634.50000000,184895.30000000
1782766800000,164416.70000000,74570.70000000
1782770400000,483154.10000000,147024.80000000
1782774000000,209182.10000000,112887.30000000
1782777600000,749821.60000000,270859.70000000
1782781200000,462682.50000000,104332.00000000
1782784800000,314498.30000000,70059.50000000
1782788400000,362003.90000000,190564.00000000
1782792000000,1006028.40000000,617465.80000000
1782795600000,1619930.70000000,1165287.80000000
1782799200000,1416863.00000000,856191.20000000
1782802800000,726026.90000000,347235.50000000
1782806400000,905621.20000000,564588.10000000
1782810000000,284551.40000000,219903.80000000
1782813600000,587391.10000000,273877.40000000
1782817200000,516341.80000000,158506.50000000
1782820800000,1656129.70000000,806656.50000000
1782824400000,4954602.60000000,3406708.10000000
1782828000000,4800915.20000000,2635964.10000000
1782831600000,1419834.00000000,644740.20000000
1782835200000,1737487.90000000,939067.90000000
1782838800000,880886.60000000,440659.70000000
1782842400000,1192001.80000000,525742.10000000
1782846000000,318558.10000000,162340.70000000
1782849600000,955946.00000000,556758.20000000
1782853200000,303507.00000000,269703.20000000
1782856800000,796169.90000000,308363.70000000
1782860400000,200159.80000000,150486.30000000
1782864000000,451329.00000000,62109.00000000
1782867600000,2303867.40000000,946676.40000000
1782871200000,415545.30000000,331269.60000000
1782874800000,1476624.40000000,1011682.10000000
1782878400000,482075.90000000,251559.30000000
1782882000000,1061275.40000000,265198.30000000
1782885600000,1669826.00000000,1055488.70000000
1782889200000,2027526.30000000,802716.00000000
1782892800000,931325.30000000,365885.60000000
1782896400000,580306.20000000,372143.60000000
1782900000000,1763334.50000000,523344.70000000
1782903600000,1030821.40000000,493744.90000000
1782907200000,1718187.10000000,621084.90000000
1782910800000,5557295.50000000,3491526.60000000
1782914400000,2331184.20000000,1381397.90000000
1782918000000,6607906.10000000,3962900.00000000
1782921600000,3002566.50000000,2198793.40000000
1782925200000,10216442.20000000,5156466.70000000
1782928800000,4907039.90000000,2409789.50000000
1782932400000,6088605.60000000,2743474.00000000
1782936000000,5459499.00000000,3113263.70000000
1782939600000,1321965.70000000,679330.40000000
1782943200000,1435235.80000000,571402.80000000
1782946800000,1302184.20000000,773272.20000000
1782950400000,2666594.40000000,1459593.10000000
1782954000000,1153088.10000000,378545.10000000
1782957600000,6336266.00000000,4446903.30000000
1782961200000,3322584.50000000,1457824.60000000
1782964800000,2732870.10000000,1453588.30000000
1782968400000,1836753.50000000,804720.70000000
1782972000000,1204782.80000000,592868.30000000
1782975600000,2123239.40000000,732434.30000000
1782979200000,1825374.60000000,937481.10000000
1782982800000,25671821.20000000,13737230.90000000
1782986400000,6200819.70000000,3201443.00000000
1782990000000,4502448.80000000,2491231.40000000
1782993600000,5265037.50000000,2345748.30000000
1782997200000,4069391.20000000,1448110.00000000
1783000800000,3651890.60000000,1977047.70000000
1783004400000,2549103.10000000,1314355.50000000
1783008000000,1913444.20000000,1485529.00000000
1783011600000,1735319.30000000,948565.20000000
1783015200000,2602924.30000000,1086797.90000000
1783018800000,1193062.40000000,643723.80000000
1783022400000,805481.50000000,481777.10000000
1783026000000,413819.50000000,298509.30000000
1783029600000,460358.20000000,201930.90000000
1783033200000,2402435.50000000,1358260.90000000
1783036800000,492643.60000000,275675.50000000
1783040400000,160007.90000000,54349.30000000
1783044000000,401900.80000000,52030.10000000
1783047600000,264817.00000000,105942.80000000
1783051200000,845359.50000000,244666.00000000
1783054800000,720539.60000000,430345.10000000
1783058400000,889153.80000000,447320.30000000
1783062000000,1972078.60000000,732723.40000000
1783065600000,1451863.20000000,938925.00000000
1783069200000,986553.20000000,510807.20000000
1783072800000,1946110.10000000,758008.60000000
1783076400000,868829.20000000,498547.00000000
1783080000000,1046891.50000000,428502.10000000
1783083600000,840878.80000000,621420.40000000
1783087200000,1376780.80000000,500669.20000000
1783090800000,1701140.00000000,854095.50000000
1783094400000,2650357.20000000,771794.50000000
1783098000000,860476.90000000,453886.90000000
1783101600000,1166762.00000000,778238.80000000
1783105200000,2161511.40000000,1152509.00000000
1783108800000,2441272.10000000,1031864.90000000
1783112400000,2032354.00000000,415883.00000000
1783116000000,2122696.60000000,1103956.50000000
1783119600000,3120141.40000000,247135.80000000
1783123200000,1046066.70000000,371344.50000000
1783126800000,2419011.20000000,1275040.20000000
1783130400000,260233.00000000,160234.60000000
1783134000000,2086906.90000000,657696.40000000
1783137600000,4769200.20000000,3682478.90000000
1783141200000,7153248.60000000,3716971.90000000
1783144800000,1376080.80000000,402124.20000000
1783148400000,9830546.30000000,5307048.10000000
1783152000000,2493397.70000000,634804.20000000
1783155600000,4875417.70000000,2590271.60000000
1783159200000,31153435.50000000,15371736.90000000
1783162800000,7080120.00000000,3208777.50000000
1783166400000,3593429.90000000,1370702.10000000
1783170000000,2621989.00000000,1090891.10000000
1783173600000,10948386.30000000,6162060.40000000
1783177200000,11925869.30000000,6820958.20000000
1783180800000,2655194.90000000,868406.10000000
1783184400000,1469634.00000000,1037853.10000000
1783188000000,524255.10000000,196332.60000000
1783191600000,2226114.40000000,1295820.60000000
1783195200000,1161220.20000000,694817.40000000
1783198800000,2333450.30000000,1225044.90000000
1783202400000,282186.10000000,173360.20000000
1783206000000,2118192.90000000,863431.10000000
1783209600000,1674509.30000000,1254801.40000000
1783213200000,2528680.20000000,1481798.60000000
1783216800000,5759408.90000000,2061205.90000000
1783220400000,1848201.30000000,1198395.80000000
1783224000000,446070.50000000,244284.70000000
1783227600000,1637899.70000000,649118.00000000
1783231200000,1475386.80000000,674488.10000000
1783234800000,936718.20000000,507329.90000000
1783238400000,1115211.90000000,635273.40000000
1783242000000,873624.80000000,181463.10000000
1783245600000,1272129.60000000,578324.10000000
1783249200000,2031224.30000000,464122.30000000
1783252800000,1112788.70000000,554339.70000000
1783256400000,316173.60000000,80933.20000000
1783260000000,2533436.50000000,2020833.70000000
1783263600000,1875352.20000000,533861.80000000
1783267200000,2390637.10000000,641330.00000000
1783270800000,534668.20000000,170093.80000000
1783274400000,2882088.80000000,1777911.80000000
1783278000000,1139348.60000000,422953.60000000
1783281600000,2959375.20000000,1735651.10000000
1783285200000,1890600.40000000,1352363.90000000
1783288800000,705376.60000000,203317.10000000
1783292400000,668833.40000000,256280.40000000
1783296000000,1739246.00000000,686163.60000000
1783299600000,1181193.60000000,647824.70000000
1783303200000,425837.70000000,135905.70000000
1783306800000,919707.40000000,183325.90000000
1783310400000,642075.50000000,289209.40000000
1783314000000,1567115.60000000,813579.00000000
1783317600000,639920.60000000,360434.90000000
1783321200000,847634.20000000,403841.80000000
1783324800000,892303.20000000,474345.60000000
1783328400000,1148265.10000000,745671.20000000
1783332000000,8547564.20000000,4636135.50000000
1783335600000,7917296.40000000,3221808.20000000
1783339200000,19056056.90000000,10282264.70000000
1783342800000,8730815.80000000,5900558.80000000
1783346400000,5497307.20000000,2120291.30000000
1783350000000,4373072.20000000,2412584.50000000
1783353600000,2958610.80000000,1085407.90000000
1783357200000,2359860.70000000,1592080.30000000
1783360800000,1661111.60000000,830444.50000000
1783364400000,414764.90000000,210615.10000000
1783368000000,1003132.00000000,605915.40000000
1783371600000,1326036.60000000,553445.00000000
1783375200000,2072747.60000000,164062.60000000
1783378800000,2539268.40000000,1331022.50000000
1783382400000,1497316.90000000,869967.60000000
1783386000000,3849104.80000000,2551195.70000000
1783389600000,1865798.30000000,1084650.20000000
1783393200000,1897006.40000000,1330472.20000000
1783396800000,2815130.30000000,1691214.60000000
1783400400000,3134910.50000000,2011975.30000000
1783404000000,3232923.10000000,660295.40000000
1783407600000,2023991.90000000,1213557.60000000
1783411200000,841534.60000000,434830.10000000
1783414800000,1525786.00000000,971395.20000000
1783418400000,6172265.80000000,4040218.80000000
1783422000000,2005598.30000000,883850.20000000
1783425600000,2120509.80000000,1455743.40000000
1783429200000,2470267.20000000,708914.10000000
1783432800000,6230180.60000000,2963560.60000000
1783436400000,8121446.90000000,3431929.70000000
1783440000000,3922927.40000000,1745533.20000000
1783443600000,2615134.90000000,1299463.90000000
1783447200000,4139033.70000000,1338724.80000000
1783450800000,4027057.10000000,2532660.20000000
1783454400000,2755099.50000000,1463688.70000000
1783458000000,4284465.40000000,1769064.30000000
1783461600000,1664130.40000000,768891.60000000
1783465200000,2221888.10000000,538745.90000000
1783468800000,545270.70000000,284595.00000000
1783472400000,5175500.50000000,2930395.90000000
1783476000000,3516221.60000000,2518827.60000000
1783479600000,3146470.30000000,1460412.90000000
1783483200000,2004588.40000000,566230.10000000
1783486800000,1706333.20000000,300534.30000000
1783490400000,878898.60000000,509190.80000000
1783494000000,2327238.80000000,1294223.70000000
1783497600000,3456312.30000000,2624930.30000000
1783501200000,3323120.20000000,1108527.20000000
1783504800000,6982991.90000000,5102274.30000000
1783508400000,2580306.60000000,1348253.80000000
1783512000000,1096236.80000000,577831.90000000
1783515600000,8922932.60000000,4430786.40000000
1783519200000,1809618.10000000,756644.60000000
1783522800000,3033010.80000000,708822.80000000
1783526400000,2208526.40000000,1694525.10000000
1783530000000,1150657.50000000,882093.30000000
1783533600000,1590741.60000000,827567.60000000
1783537200000,929173.90000000,430672.00000000
1783540800000,978314.30000000,712133.70000000
1783544400000,1487736.60000000,1057072.00000000
1783548000000,938499.70000000,397408.90000000
1783551600000,2959387.70000000,1423177.00000000
1783555200000,1804993.10000000,927288.30000000
1783558800000,1304372.40000000,588658.90000000
1783562400000,320580.20000000,215648.90000000
1783566000000,794222.70000000,372310.40000000
1783569600000,374003.90000000,145569.70000000
1783573200000,1520420.70000000,973576.80000000
1783576800000,1255394.00000000,641592.70000000
1783580400000,857203.50000000,436206.00000000
1783584000000,920349.50000000,377727.40000000
1783587600000,2089103.90000000,1325427.80000000
1783591200000,6713071.60000000,2655515.20000000
1783594800000,1473594.90000000,1074389.80000000
1783598400000,2241412.40000000,1262403.40000000
1783602000000,1791938.60000000,1559726.80000000
1783605600000,3422694.90000000,1617299.00000000
1783609200000,20731275.90000000,12994442.60000000
1783612800000,23951849.30000000,13385769.10000000
1783616400000,2793527.00000000,1590150.00000000
1783620000000,3833121.40000000,2318283.80000000
1783623600000,11374322.70000000,6344426.40000000
1783627200000,9935023.40000000,5944203.00000000
1783630800000,12784105.10000000,6855255.80000000
1783634400000,5456598.90000000,1507960.60000000
1783638000000,983675.00000000,442563.70000000
1783641600000,1376564.20000000,683932.00000000
1783645200000,3656278.10000000,2124304.70000000
1783648800000,339246.90000000,116558.20000000
1783652400000,272255.10000000,139538.70000000
1783656000000,3431102.40000000,1933313.50000000
1783659600000,1769251.10000000,1084409.50000000
1783663200000,25696402.30000000,16003997.10000000
1783666800000,2667281.80000000,1696246.80000000
1783670400000,3254439.10000000,1285218.80000000
1783674000000,2431483.00000000,1456477.30000000
1783677600000,1383428.10000000,893176.00000000
1783681200000,2224738.50000000,749042.80000000
1783684800000,864220.90000000,531021.20000000
1783688400000,3544181.50000000,2467728.70000000
1783692000000,9080040.20000000,4524416.40000000
1783695600000,4214117.20000000,2631128.90000000
1783699200000,4018039.50000000,869379.20000000
1783702800000,1854810.50000000,610215.50000000
1783706400000,2084025.10000000,1424649.30000000
1783710000000,506918.30000000,309717.00000000
1783713600000,656183.20000000,349698.50000000
1783717200000,1774770.30000000,1182994.40000000
1783720800000,933789.80000000,290447.90000000
1783724400000,347492.70000000,206490.40000000
1783728000000,4192288.70000000,3118046.80000000
1783731600000,789548.70000000,373398.80000000
1783735200000,643293.80000000,158724.50000000
1783738800000,335302.70000000,132350.40000000
1783742400000,312761.70000000,180398.50000000
1783746000000,806052.60000000,476794.20000000
1783749600000,2148363.00000000,1628319.40000000
1783753200000,1114598.40000000,485037.40000000
1783756800000,307640.30000000,136440.10000000
1783760400000,877666.10000000,115729.70000000
1783764000000,809039.50000000,396149.00000000
1783767600000,1033650.20000000,529077.40000000
1783771200000,1622675.50000000,782377.70000000
1783774800000,1261595.60000000,636455.80000000
1783778400000,1869183.50000000,1321783.70000000
1783782000000,1917044.90000000,1006254.60000000
1783785600000,3469358.50000000,1940519.80000000
1783789200000,3457954.60000000,1871307.70000000
1783792800000,3617262.80000000,2010530.10000000
1783796400000,3982600.10000000,2253874.60000000
1783800000000,1053765.70000000,564633.00000000
1783803600000,1684756.30000000,845375.10000000
1783807200000,1451853.70000000,464130.80000000
1783810800000,1337716.10000000,499764.80000000
1783814400000,3129842.50000000,1529829.40000000
1783818000000,714668.30000000,320343.30000000
1783821600000,574037.20000000,322629.40000000
1783825200000,945338.40000000,287286.50000000
1783828800000,1500431.30000000,520518.20000000
1783832400000,875173.00000000,447276.60000000
1783836000000,1563877.30000000,864941.50000000
1783839600000,301195.70000000,151405.00000000
1783843200000,186160.20000000,93430.70000000
1783846800000,290884.30000000,190900.80000000
1783850400000,709474.40000000,409520.20000000
1783854000000,520747.00000000,236315.80000000
1783857600000,1678517.20000000,433183.30000000
1783861200000,343358.90000000,255204.90000000
1783864800000,1234880.30000000,388540.20000000
1783868400000,561512.30000000,209683.40000000
1783872000000,1837954.70000000,591947.20000000
1783875600000,708277.30000000,284369.00000000
1783879200000,153988.40000000,127852.10000000
1783882800000,243181.30000000,100004.30000000
1783886400000,643974.00000000,193650.90000000
1783890000000,134691.40000000,48528.70000000
1783893600000,588970.70000000,228080.70000000
1783897200000,866666.30000000,617202.70000000
1783900800000,624870.90000000,344792.60000000
1783904400000,1940667.60000000,1304301.80000000
1783908000000,4110049.40000000,824776.40000000
1783911600000,2760877.90000000,1028054.40000000
1783915200000,2812111.20000000,617087.30000000
1783918800000,325938.50000000,194903.90000000
1783922400000,861442.20000000,435354.50000000
1783926000000,759004.60000000,159167.80000000
1783929600000,1956490.10000000,387201.30000000
1783933200000,1216395.20000000,733013.50000000
1783936800000,4159394.70000000,2767535.50000000
1783940400000,10514221.90000000,6800046.60000000
1783944000000,19142024.60000000,10916902.50000000
1783947600000,9133267.20000000,5048266.30000000
1783951200000,7959370.70000000,4675567.10000000
1783954800000,2239022.40000000,1018312.40000000
1783958400000,3527065.10000000,1865806.40000000
1783962000000,4513414.90000000,3107173.10000000
1783965600000,4515906.60000000,2842740.60000000
1783969200000,3648827.20000000,1838197.30000000
1783972800000,3728512.40000000,1721961.00000000
1783976400000,1284335.70000000,900688.60000000
1783980000000,2385977.80000000,1051478.70000000
1783983600000,822932.30000000,508357.40000000
1783987200000,1096664.10000000,509439.60000000
1783990800000,8793737.90000000,5015990.20000000
1783994400000,13722291.10000000,6340880.50000000
1783998000000,6143143.80000000,3021193.60000000
1784001600000,4982070.50000000,2705467.00000000
1784005200000,2975622.80000000,1507472.70000000
1784008800000,3375106.60000000,1148222.10000000
1784012400000,2323477.00000000,1384581.80000000
1784016000000,2374895.70000000,1311491.70000000
1784019600000,840160.20000000,342658.60000000
1784023200000,1747922.80000000,1048093.90000000
1784026800000,1972855.40000000,1441140.80000000
1784030400000,1961714.10000000,877691.30000000
1784034000000,2438308.60000000,1088644.00000000
1784037600000,1771553.60000000,1158713.00000000
1784041200000,2204471.60000000,1310587.30000000
1784044800000,977768.40000000,384613.20000000
1784048400000,1772011.30000000,1379571.20000000
1784052000000,915773.40000000,422913.50000000
1784055600000,231951.50000000,76082.60000000
1784059200000,1985803.70000000,369355.40000000
1784062800000,1285426.00000000,802428.90000000
1784066400000,511849.50000000,119793.20000000
1784070000000,2208551.90000000,440113.70000000
1784073600000,1945718.50000000,888579.20000000
1784077200000,1416261.10000000,530928.80000000
1784080800000,876792.70000000,423569.20000000
1784084400000,1202399.00000000,367621.50000000
1784088000000,432237.00000000,240339.90000000
1784091600000,2970776.40000000,1703533.00000000
1784095200000,2328537.90000000,722001.30000000
1784098800000,2195605.40000000,1014174.30000000
1784102400000,227896.30000000,71603.80000000
1784106000000,426564.40000000,176987.30000000
1784109600000,943381.80000000,304383.60000000
1784113200000,1247539.40000000,192759.10000000
1784116800000,11422824.30000000,7278529.60000000
1784120400000,2765903.50000000,1696208.40000000
1784124000000,2034796.80000000,819595.10000000
1784127600000,9602178.70000000,4553351.70000000
1784131200000,5652350.90000000,3482699.30000000
1784134800000,1352241.80000000,748624.70000000
1784138400000,917629.70000000,415868.30000000
1784142000000,322742.80000000,63180.30000000
1784145600000,1325792.60000000,623022.20000000
1784149200000,1577606.00000000,620991.70000000
1784152800000,489134.30000000,331229.90000000
1784156400000,1283948.30000000,758961.00000000
1784160000000,3251011.90000000,1668149.30000000
1784163600000,2090319.30000000,665030.60000000
1784167200000,1985538.70000000,729037.60000000
1784170800000,1758681.60000000,1219014.20000000
1784174400000,887873.40000000,436673.40000000
1784178000000,1856509.70000000,1344019.50000000
1784181600000,757732.30000000,285007.60000000
1784185200000,2388683.30000000,958230.10000000
1784188800000,3067018.50000000,1140928.50000000
1784192400000,1120426.10000000,570000.50000000
1784196000000,1913124.90000000,359341.70000000
1784199600000,1094077.10000000,654878.00000000
1784203200000,645214.60000000,323833.00000000
1784206800000,1016567.30000000,365856.90000000
1784210400000,356159.90000000,196173.10000000
1784214000000,17408810.50000000,10380409.90000000
1784217600000,10155542.50000000,4996613.40000000
1784221200000,7200488.20000000,3306796.40000000
1784224800000,1057694.70000000,591321.50000000
1784228400000,1056718.50000000,415443.50000000
1784232000000,871598.10000000,484699.60000000
1784235600000,1383730.60000000,659361.00000000
1784239200000,5452612.60000000,2025089.60000000
1784242800000,3391377.90000000,1247234.10000000
1784246400000,1941564.60000000,1064207.60000000
1784250000000,3973775.70000000,2521771.90000000
1784253600000,3842825.80000000,2090789.50000000
1784257200000,1294473.90000000,513789.40000000
1784260800000,2973216.50000000,1317918.30000000
1784264400000,3646353.60000000,2190439.60000000
1784268000000,8176162.70000000,3454020.80000000
1784271600000,6570839.60000000,3076524.60000000
1784275200000,8219846.20000000,4172711.90000000
1784278800000,14700851.30000000,3742203.70000000
1784282400000,17961359.00000000,10404903.30000000
1784286000000,3493084.70000000,1749906.10000000
1784289600000,2022815.20000000,829345.90000000
1784293200000,9340852.80000000,5368891.00000000
1784296800000,2669479.90000000,1657560.00000000
1784300400000,3604694.60000000,1659276.20000000
1784304000000,2181030.90000000,1133719.20000000
1784307600000,1223544.40000000,823468.20000000
1784311200000,2409524.70000000,763244.20000000
1784314800000,773228.10000000,319262.20000000
1784318400000,557986.50000000,393143.90000000
1784322000000,1099555.40000000,683174.60000000
1784325600000,369612.70000000,149979.90000000
1784329200000,616817.80000000,335611.40000000
1784332800000,2714766.80000000,872747.10000000
1784336400000,2578009.80000000,821731.50000000
1784340000000,2114775.80000000,645204.80000000
1784343600000,1254617.20000000,381896.10000000
1784347200000,1914316.20000000,1231656.10000000
1784350800000,1181235.00000000,392732.40000000
1784354400000,851932.30000000,479557.70000000
1784358000000,947407.70000000,562611.80000000
1784361600000,851446.30000000,359403.00000000
1784365200000,1354995.90000000,563557.40000000
1784368800000,1042498.00000000,480969.70000000
1784372400000,852119.30000000,407692.40000000
1784376000000,2297123.30000000,1289627.30000000
1784379600000,1140908.20000000,627382.80000000
1784383200000,1319763.30000000,345250.80000000
1784386800000,1336146.10000000,409869.60000000
1784390400000,848968.30000000,234651.80000000
1784394000000,1656110.00000000,925544.30000000
1784397600000,992050.70000000,514983.20000000
1784401200000,1301184.60000000,424262.40000000
1784404800000,1085521.10000000,217394.50000000
1784408400000,1690389.70000000,759946.30000000
1784412000000,406901.80000000,242690.70000000
1784415600000,184421.40000000,110790.90000000
1784419200000,568221.20000000,268402.40000000
1784422800000,855606.10000000,252799.70000000
1784426400000,94856.10000000,10991.70000000
1784430000000,191685.80000000,40795.50000000
1784433600000,236189.60000000,94472.30000000
1784437200000,285617.30000000,168694.60000000
1784440800000,589373.90000000,290847.70000000
1784444400000,602003.90000000,348762.40000000
1784448000000,1094479.50000000,555303.30000000
1784451600000,293603.60000000,106593.80000000
1784455200000,379904.50000000,223813.60000000
1784458800000,1102429.70000000,289264.10000000
1784462400000,887603.80000000,472760.30000000
1784466000000,316783.40000000,183805.50000000
1784469600000,437657.10000000,175064.60000000
1784473200000,894984.50000000,166117.70000000
1784476800000,835266.80000000,472971.60000000
1784480400000,1959837.50000000,1122358.30000000
1784484000000,236850.40000000,103605.60000000
1784487600000,309194.60000000,84615.70000000
1784491200000,1124872.60000000,571797.00000000
1784494800000,435969.70000000,294166.60000000
1784498400000,3186318.90000000,1626651.10000000
1784502000000,319763.00000000,205483.40000000
1784505600000,966719.30000000,498192.50000000
1784509200000,635328.00000000,185184.50000000
1784512800000,216213.10000000,96191.70000000
1784516400000,4118201.90000000,1458026.70000000
1784520000000,4416170.80000000,1149620.90000000
1784523600000,3265860.20000000,1426723.60000000
1784527200000,6698873.50000000,5022990.70000000
1784530800000,1836022.10000000,1210101.40000000
1784534400000,1209917.40000000,387287.40000000
1784538000000,607432.60000000,440479.50000000
1784541600000,741632.90000000,387117.00000000
1784545200000,1210205.40000000,612750.80000000
1784548800000,1215840.50000000,498276.80000000
1784552400000,5574544.20000000,1423537.70000000
1784556000000,3621173.10000000,1598310.30000000
1784559600000,756053.70000000,436423.90000000
1784563200000,2812704.50000000,1544570.80000000
1784566800000,2349851.10000000,1113055.80000000
1784570400000,840139.60000000,358739.80000000
1784574000000,1100636.60000000,133441.00000000
1784577600000,566974.30000000,371940.00000000
1784581200000,274168.30000000,150426.70000000
1784584800000,508943.60000000,360972.50000000
1784588400000,665391.60000000,468511.10000000
1784592000000,390099.00000000,300009.60000000
1784595600000,504700.70000000,232936.10000000
1784599200000,220458.30000000,93817.70000000
1784602800000,697164.60000000,393143.90000000
1784606400000,1343621.90000000,813029.20000000
1784610000000,2814081.60000000,2242238.30000000
1784613600000,2484453.80000000,1205334.40000000
1784617200000,5342648.80000000,2553197.00000000
1784620800000,5493710.10000000,2860795.20000000
1784624400000,3128710.80000000,1805909.90000000
1784628000000,3214730.90000000,2034217.50000000
1784631600000,960416.20000000,478127.00000000
1784635200000,1123146.60000000,637916.70000000
1784638800000,1089670.50000000,407181.20000000
1784642400000,1550509.00000000,598357.10000000
1784646000000,2411457.60000000,776710.10000000
1784649600000,1083854.80000000,585965.30000000
1784653200000,636579.50000000,285431.90000000
1784656800000,374319.60000000,346933.60000000
1784660400000,2608011.00000000,659164.10000000
1784664000000,11851647.80000000,4344336.30000000
1784667600000,16711748.40000000,7615384.60000000
1784671200000,1793848.80000000,758008.20000000
1784674800000,2459365.70000000,1327660.20000000
1784678400000,3620200.20000000,1965875.10000000
1784682000000,1418646.80000000,604548.80000000
1784685600000,1614878.50000000,211634.30000000
1784689200000,1945764.90000000,186376.60000000
1784692800000,886493.50000000,449094.50000000
1784696400000,3293521.00000000,1927664.70000000
1784700000000,1381060.30000000,499595.00000000
1784703600000,1393873.00000000,726896.80000000
1784707200000,2773218.10000000,1649260.40000000
1784710800000,1808609.40000000,848040.10000000
1784714400000,5382945.00000000,2829040.50000000
1784718000000,1427398.80000000,590248.10000000
1784721600000,972781.20000000,621973.20000000
1784725200000,860127.80000000,622550.00000000
1784728800000,949337.40000000,738398.40000000
1784732400000,1885572.70000000,912682.10000000
1784736000000,1451918.10000000,715765.70000000
1784739600000,1331011.70000000,530133.10000000
1784743200000,388539.90000000,178724.90000000
1784746800000,660660.90000000,257464.50000000
1784750400000,561216.00000000,441370.90000000
1784754000000,362784.10000000,271807.80000000
1784757600000,436848.40000000,197348.60000000
1784761200000,202540.90000000,119271.90000000
1784764800000,2020717.80000000,1056547.30000000
1784768400000,365771.90000000,242303.00000000
1784772000000,326987.50000000,212602.60000000
1784775600000,1652415.20000000,1074894.10000000
1784779200000,2013182.10000000,690390.80000000
1784782800000,3042712.70000000,1069542.70000000
1784786400000,842041.60000000,410396.10000000
1784790000000,2184660.60000000,1059882.70000000
1784793600000,4102902.40000000,2241209.70000000
1784797200000,5454781.20000000,2707035.50000000
1784800800000,1832747.30000000,590018.60000000
1784804400000,667500.90000000,322458.20000000
1784808000000,1900078.60000000,1155234.80000000
1784811600000,998382.40000000,421168.60000000
1784815200000,917541.40000000,523913.20000000
1784818800000,1859079.90000000,718155.20000000
1784822400000,2021564.90000000,597858.50000000
1784826000000,788633.70000000,488190.70000000
1784829600000,2733675.90000000,1401259.50000000
1784833200000,745746.70000000,275970.00000000
1784836800000,2024993.10000000,1214028.00000000
1784840400000,539845.40000000,196663.40000000
1784844000000,940161.20000000,634943.70000000
1784847600000,612277.40000000,202216.00000000
1784851200000,3271237.40000000,1508767.40000000
1784854800000,1091202.90000000,669738.40000000
1784858400000,1213874.60000000,665506.40000000
1784862000000,1564459.40000000,1194534.50000000
1784865600000,1022482.50000000,558598.90000000
1784869200000,374600.30000000,237837.40000000
1784872800000,637723.90000000,219284.80000000
1784876400000,675871.70000000,398334.40000000
1784880000000,1459190.70000000,401220.60000000
1784883600000,1840254.20000000,612721.90000000
1784887200000,432361.00000000,318093.30000000
1784890800000,1092862.00000000,405943.90000000
1784894400000,1290908.10000000,128974.70000000
1784898000000,2437009.20000000,1184586.50000000
1784901600000,742224.90000000,285127.90000000
1784905200000,1062064.30000000,680823.80000000
1784908800000,1092064.50000000,376251.20000000
1784912400000,794485.00000000,426994.30000000
1784916000000,911872.60000000,463111.10000000
1784919600000,721414.80000000,208710.40000000
1784923200000,407941.70000000,124419.20000000
1784926800000,2317429.30000000,1385958.40000000
1784930400000,750742.40000000,549936.30000000
1784934000000,300521.30000000,236334.60000000
1784937600000,740372.40000000,499083.90000000
1784941200000,1602672.20000000,713240.40000000
1784944800000,743865.80000000,201676.40000000
1784948400000,627450.00000000,334220.50000000
1784952000000,680180.30000000,260777.20000000
1784955600000,814118.00000000,526713.80000000
1784959200000,588389.30000000,198113.50000000
1784962800000,1174808.60000000,172782.80000000
1784966400000,950610.10000000,632872.10000000
1784970000000,2844253.20000000,1229746.40000000
1784973600000,226745.90000000,51257.20000000
1784977200000,230888.40000000,44342.80000000
1784980800000,1002392.80000000,634246.10000000
1784984400000,764210.00000000,465144.00000000
1784988000000,548314.70000000,179399.70000000
1784991600000,2099645.10000000,1093831.00000000
1784995200000,2090661.30000000,880967.40000000
1784998800000,351344.60000000,181609.40000000
1785002400000,1581662.70000000,692662.50000000
1785006000000,2617211.10000000,1542391.20000000
1785009600000,1051140.80000000,410032.10000000
1785013200000,514377.50000000,289181.70000000
1785016800000,633788.30000000,190716.20000000
1785020400000,2044755.40000000,313222.00000000
1785024000000,566586.20000000,264542.00000000
1785027600000,342450.20000000,109781.40000000
1785031200000,3442075.20000000,1931789.60000000
1785034800000,653450.90000000,198254.10000000
1785038400000,1668303.30000000,628898.30000000
1785042000000,10338831.10000000,5662788.40000000
1785045600000,3894478.10000000,2486336.10000000
1785049200000,3403910.90000000,1617093.10000000
1785052800000,2192477.60000000,1366037.10000000
1785056400000,1807441.60000000,492548.30000000
1785060000000,706679.50000000,313687.90000000
1785063600000,1706309.80000000,560657.20000000
1785067200000,2147425.70000000,1030686.30000000
1785070800000,476227.10000000,87191.00000000
1785074400000,3640296.40000000,1240896.30000000
1785078000000,1082803.00000000,407792.80000000
1785081600000,1616592.60000000,144274.70000000
1785085200000,633215.30000000,268158.80000000
1785088800000,994311.40000000,327502.40000000
1785092400000,838760.90000000,440176.00000000
1785096000000,3007006.00000000,1334748.50000000
1785099600000,618212.50000000,359490.70000000
1785103200000,1697587.40000000,1238541.40000000
1785106800000,678633.90000000,377604.10000000
1785110400000,1667939.90000000,853571.70000000
1785114000000,440514.00000000,163946.90000000
1785117600000,3294416.20000000,1859269.90000000
1785121200000,4603674.30000000,2047419.30000000
1785124800000,371594.00000000,155500.40000000
1785128400000,404473.90000000,258971.60000000
1785132000000,3392423.80000000,1977771.00000000
1785135600000,975807.20000000,499852.40000000
1785139200000,896921.10000000,581550.20000000
1785142800000,822521.30000000,497893.80000000
1785146400000,504385.60000000,305776.50000000
1785150000000,222783.40000000,123830.80000000
1785153600000,1135923.20000000,527207.20000000
1785157200000,2632198.90000000,1614857.90000000
1785160800000,7754795.50000000,4766572.50000000
1785164400000,4080786.10000000,2550764.20000000
1785168000000,792337.00000000,477375.50000000
1785171600000,4313422.60000000,2064593.20000000
1785175200000,2512291.60000000,1380511.80000000
1785178800000,504239.60000000,117583.30000000
1785182400000,1085812.50000000,280950.20000000
1785186000000,714275.30000000,56963.90000000
1785189600000,2292758.00000000,1254426.80000000
1785193200000,2171433.30000000,887296.40000000
1785196800000,244902.30000000,95529.70000000
1785200400000,997821.30000000,493388.50000000
1785204000000,371096.90000000,281263.70000000
1785207600000,271481.50000000,129475.60000000
1785211200000,731081.10000000,444184.60000000
1785214800000,2164054.20000000,1063875.30000000
1785218400000,3728870.90000000,1996030.30000000
1785222000000,2844474.90000000,1733670.50000000
1785225600000,4934429.90000000,2548758.50000000
1785229200000,4864127.20000000,3089380.50000000
1785232800000,3098547.40000000,1480359.20000000
1785236400000,2285504.70000000,1363881.90000000
1785240000000,1686114.00000000,698945.60000000
1785243600000,2219977.70000000,900410.50000000
1785247200000,1587597.00000000,955198.70000000
1785250800000,3975709.00000000,2820628.20000000
1785254400000,2926636.90000000,1261074.80000000
1785258000000,492533.60000000,211810.90000000
1785261600000,1233150.20000000,742520.40000000
1785265200000,1092161.30000000,629863.40000000
1785268800000,3479764.30000000,2125847.50000000
1785272400000,7850932.10000000,4441154.20000000
1785276000000,887132.20000000,367045.20000000
1785279600000,473012.60000000,278416.40000000
1785283200000,464197.40000000,197357.20000000
1785286800000,853785.60000000,423545.70000000
1785290400000,2930652.20000000,978382.70000000
1785294000000,5884716.30000000,3767389.20000000
1785297600000,1877156.40000000,1124884.60000000
1785301200000,2196773.70000000,714868.50000000
1785304800000,1333487.50000000,1046091.60000000
1785308400000,2145655.60000000,1417141.20000000
1785312000000,3257945.30000000,1190586.10000000
1785315600000,7725654.70000000,5552540.30000000
1785319200000,8777267.60000000,4130164.30000000
1785322800000,4627508.10000000,2663080.00000000
1785326400000,2674253.60000000,1898253.10000000
1785330000000,2115295.70000000,1311646.40000000
1785333600000,3075562.20000000,783687.60000000
1785337200000,1200753.20000000,504283.70000000
1785340800000,1424050.70000000,964259.10000000
1785344400000,972996.20000000,608611.70000000
1785348000000,1612633.20000000,741817.90000000
1785351600000,751872.80000000,267470.10000000
1785355200000,1382105.90000000,661355.20000000
1785358800000,1537042.90000000,1172076.10000000
1785362400000,1145581.30000000,604764.60000000
1785366000000,515484.80000000,400744.20000000
1785369600000,1383064.90000000,485426.70000000
1785373200000,641298.40000000,350764.70000000
1785376800000,1032651.00000000,645440.60000000
1785380400000,4203373.50000000,2417215.80000000
1785384000000,1952239.50000000,1391183.10000000
1785387600000,867357.30000000,356067.90000000
1785391200000,723663.00000000,276012.70000000
1785394800000,1179534.10000000,583436.80000000
1785398400000,492234.40000000,180194.30000000
1785402000000,2280660.90000000,1119815.10000000
1785405600000,2035440.90000000,1177927.40000000
1785409200000,3443171.30000000,2040195.90000000
1785412800000,3161999.60000000,1659719.40000000
1785416400000,4725990.30000000,2432505.90000000
1785420000000,6050991.80000000,3146475.70000000
1785423600000,10941591.00000000,4414476.20000000
1785427200000,2579096.30000000,1460861.10000000
1785430800000,1423524.90000000,284989.40000000
1785434400000,2487053.70000000,799546.10000000
1785438000000,884872.70000000,461749.10000000
1785441600000,1172734.90000000,590326.30000000
1785445200000,1851441.20000000,262641.30000000
1785448800000,1317777.20000000,677374.30000000
1785452400000,2725831.20000000,1695460.10000000
1785456000000,2167159.80000000,1216794.50000000
1785459600000,1853169.00000000,876707.80000000
1785463200000,2195429.60000000,873803.80000000
1785466800000,2811342.60000000,1853412.90000000
1785470400000,7372055.70000000,4092199.80000000
1785474000000,6440659.70000000,2893352.90000000
1785477600000,4873588.50000000,2871292.20000000
1785481200000,38234124.00000000,19060802.20000000
1785484800000,27217541.80000000,13258580.30000000
1785488400000,26238132.00000000,11745009.70000000
1785492000000,9315661.90000000,3453785.50000000
1785495600000,8604370.80000000,4086364.50000000
1785499200000,6944735.40000000,3520635.00000000
1785502800000,6831781.70000000,3195419.80000000
1785506400000,16544111.30000000,5681215.80000000
1785510000000,43280049.40000000,23375317.90000000
1785513600000,25179649.90000000,10682721.60000000
1785517200000,9693488.40000000,4678918.30000000
1785520800000,6172973.10000000,2226990.00000000
1785524400000,5355842.70000000,2268987.10000000
1785528000000,7504677.20000000,3640925.40000000
1785531600000,3546815.10000000,1258234.40000000
1785535200000,2568492.80000000,794994.10000000
1785538800000,5711416.50000000,2864480.90000000
1785542400000,5119117.10000000,2232492.30000000
1785546000000,9839344.30000000,4490832.00000000
1785549600000,11301107.20000000,5755564.00000000
1785553200000,6023139.90000000,3190206.90000000
1785556800000,1487847.40000000,949783.60000000
1785560400000,10493378.90000000,5972900.10000000
1785564000000,8291113.20000000,3963790.90000000
1785567600000,5472058.70000000,1766828.10000000
1785571200000,4617057.20000000,2680453.70000000
1785574800000,10347945.90000000,5136500.80000000
1785578400000,6523285.00000000,3442840.60000000
1785582000000,5442010.30000000,2596048.30000000
1785585600000,7938321.70000000,2884595.20000000
1785589200000,6304659.70000000,3840362.30000000
1785592800000,9095368.40000000,4202448.50000000
1785596400000,7783466.40000000,3451194.60000000
1785600000000,7088104.40000000,3990476.60000000
1785603600000,3047769.90000000,1091103.20000000
1785607200000,4277729.60000000,2129299.80000000
1785610800000,13721321.10000000,5160981.20000000
1785614400000,2879819.30000000,1564931.60000000
1785618000000,6203377.30000000,3054582.90000000
1785621600000,1721424.00000000,1008370.60000000
1785625200000,5291507.10000000,3282755.80000000
1785628800000,3335961.20000000,1549471.10000000
1785632400000,4387569.60000000,2772721.00000000
1785636000000,2580640.40000000,901413.80000000
1785639600000,2473477.90000000,876138.10000000
1785643200000,1374056.30000000,671580.00000000
1785646800000,1964749.60000000,782839.50000000
1785650400000,1987519.30000000,1522571.50000000
1785654000000,1846332.00000000,1134506.50000000
1785657600000,3755275.60000000,2215544.20000000
1785661200000,2679516.10000000,1298368.90000000
1785664800000,6038295.10000000,2647903.30000000
1785668400000,1617072.30000000,758849.00000000
1785672000000,1101315.40000000,383999.60000000
1785675600000,1522186.50000000,700993.20000000
1785679200000,5257854.90000000,2222262.10000000
1785682800000,2312525.70000000,1107882.70000000
1785686400000,5215397.00000000,2610857.20000000
1785690000000,1835905.90000000,525006.00000000
1785693600000,1400213.80000000,769070.80000000
1785697200000,875429.10000000,457632.60000000
1785700800000,812495.80000000,647060.70000000
1785704400000,796300.10000000,452831.40000000
1785708000000,2548194.10000000,977023.30000000
1785711600000,11608696.50000000,7637220.70000000
1785715200000,5785360.70000000,2999316.10000000
1785718800000,4690645.50000000,1972647.00000000
1785722400000,20392829.00000000,10496679.20000000
1785726000000,18852399.80000000,8434728.40000000
1785729600000,14644595.50000000,7177193.70000000
1785733200000,15881363.90000000,6659177.40000000
1785736800000,15942308.90000000,8266707.30000000
1785740400000,6215217.10000000,4170952.50000000
1785744000000,3809273.00000000,1962806.00000000
1785747600000,4444935.50000000,1441926.30000000
1785751200000,21478072.70000000,13746378.10000000
1785754800000,5700753.70000000,3326109.00000000
1785758400000,4524947.50000000,2224038.30000000
1785762000000,4634948.00000000,1874414.00000000
1785765600000,14260596.10000000,5846553.40000000
1785769200000,4260785.10000000,1718550.40000000
1785772800000,1849107.50000000,852405.50000000
1785776400000,1125625.90000000,729288.70000000
1785780000000,1739570.10000000,864505.30000000
1785783600000,1401869.70000000,409283.40000000
1785787200000,2902027.60000000,1675563.80000000
1785790800000,2616348.50000000,1264230.10000000
1785794400000,1527342.40000000,896009.70000000
1785798000000,593294.10000000,273315.30000000
1785801600000,2439087.60000000,1537224.20000000
1785805200000,4475063.10000000,1987739.10000000
1785808800000,4422697.70000000,3327635.40000000
1785812400000,6767082.10000000,1763594.60000000
1785816000000,3547283.60000000,1975277.90000000
1785819600000,1109278.50000000,825688.80000000
1785823200000,5080105.60000000,2010074.90000000
1785826800000,3056318.20000000,1503915.40000000
1785830400000,1403672.40000000,938233.50000000
1785834000000,1987583.00000000,1436190.50000000
1785837600000,3227074.60000000,1413120.90000000
1785841200000,697969.50000000,265708.00000000
1785844800000,1198804.00000000,631683.80000000
1785848400000,2367936.80000000,1253058.80000000
1785852000000,1482262.70000000,812306.10000000
1785855600000,1849111.40000000,1128115.20000000
1785859200000,12016344.80000000,7188749.50000000
1785862800000,9590981.10000000,4490147.20000000
1785866400000,3655381.60000000,2112510.20000000
1785870000000,3778340.20000000,1809766.70000000
1785873600000,3671916.10000000,2288672.40000000
1785877200000,3523195.90000000,2080524.30000000
1785880800000,8419257.80000000,3592839.60000000
1785884400000,2369346.50000000,1807610.80000000
1785888000000,6700904.90000000,3402906.50000000
1785891600000,3331629.80000000,1470099.20000000
1785895200000,3038045.70000000,1343577.70000000
1785898800000,1837528.30000000,883693.90000000
1785902400000,4106045.60000000,2193612.50000000
1785906000000,4077994.00000000,1598010.50000000
1785909600000,3646462.80000000,1862810.60000000
1785913200000,14866370.50000000,6967730.00000000
1785916800000,2925274.80000000,1266916.40000000
1785920400000,7005957.20000000,4221851.60000000
1785924000000,6378160.60000000,2058525.00000000
1785927600000,2327641.80000000,579161.80000000
1785931200000,2872887.80000000,1784889.90000000
1785934800000,1057654.20000000,443850.70000000
1785938400000,2714584.20000000,1630470.40000000
1785942000000,7910779.40000000,3732220.90000000
1785945600000,3357824.10000000,2320165.00000000
1785949200000,834221.30000000,326653.70000000
1785952800000,3826832.20000000,1127045.90000000
1785956400000,4458332.30000000,3124248.70000000
1785960000000,3281236.20000000,1153157.00000000
1785963600000,11951460.00000000,7442519.90000000
1785967200000,4644963.10000000,1844287.50000000
1785970800000,2663102.20000000,731983.00000000
1785974400000,1535521.50000000,660145.10000000
1785978000000,657773.60000000,478178.50000000
1785981600000,570281.70000000,302130.90000000
1785985200000,805522.00000000,421131.50000000
1785988800000,1493175.00000000,679146.20000000
1785992400000,3692081.70000000,1490933.40000000
1785996000000,1886556.20000000,746546.20000000
1785999600000,1982199.00000000,1225472.10000000
1786003200000,2402169.90000000,1101170.00000000
1786006800000,1628288.80000000,879266.10000000
1786010400000,1125003.30000000,262184.40000000
1786014000000,3591614.00000000,858498.70000000
1786017600000,2319100.90000000,1080587.60000000
1786021200000,2682000.50000000,1061468.60000000
1786024800000,7008226.40000000,3936435.50000000
1786028400000,2813569.90000000,1369644.40000000
1786032000000,2375381.40000000,1323544.70000000
1786035600000,3838117.10000000,1777578.40000000
1786039200000,2540787.30000000,859173.60000000
1786042800000,4258565.50000000,2684188.60000000
1786046400000,2110748.30000000,1092090.50000000
1786050000000,12070533.00000000,3251207.00000000
1786053600000,2191521.60000000,1029022.20000000
1786057200000,1760940.80000000,801340.80000000
1786060800000,1728717.60000000,666664.80000000
1786064400000,1639248.50000000,712276.00000000
1786068000000,596772.30000000,307023.30000000
1786071600000,997496.80000000,474313.70000000
1786075200000,6206735.10000000,3107289.30000000
1786078800000,1556254.30000000,730179.70000000
1786082400000,4373920.90000000,2096374.20000000
1786086000000,3692397.20000000,2461511.50000000
1786089600000,5261865.20000000,3153928.10000000
1786093200000,8085796.00000000,4820187.40000000
1786096800000,2481578.20000000,1230776.10000000
1786100400000,3060016.40000000,1091428.50000000
1786104000000,5552851.70000000,2557555.50000000
1786107600000,14508592.10000000,7822820.30000000
1786111200000,33320255.20000000,18752903.80000000
1786114800000,8074082.10000000,4875578.90000000
1786118400000,4669114.20000000,2325997.50000000
1786122000000,5780511.40000000,3555284.40000000
1786125600000,5281835.70000000,2027029.40000000
1786129200000,5320913.50000000,2643501.50000000
1786132800000,2146630.30000000,1156656.20000000
1786136400000,838053.50000000,416345.70000000
1786140000000,1068474.60000000,618913.50000000
1786143600000,2012373.90000000,1484251.60000000
1786147200000,22410286.70000000,15211818.30000000
1786150800000,5613691.70000000,1461998.40000000
1786154400000,3554724.60000000,1404778.90000000
1786158000000,3298221.00000000,1735007.00000000
1786161600000,9241836.40000000,5970170.20000000
1786165200000,6295026.30000000,2879731.90000000
1786168800000,3031014.40000000,1346519.60000000
1786172400000,9939468.20000000,5859658.50000000
1786176000000,7600284.30000000,3719810.40000000
1786179600000,5580615.00000000,2471175.50000000
1786183200000,5664933.10000000,3487698.00000000
1786186800000,17479194.70000000,8947210.60000000
1786190400000,15423736.70000000,8072246.40000000
1786194000000,8864773.40000000,3855784.00000000
1786197600000,27924591.40000000,15605513.70000000
1786201200000,10877729.50000000,5735736.80000000
1786204800000,14692007.00000000,6128890.00000000
1786208400000,20230640.70000000,8577118.00000000
1786212000000,7707675.10000000,4498473.00000000
1786215600000,4655028.70000000,2375549.70000000
1786219200000,4963089.50000000,2252898.40000000
1786222800000,6274357.70000000,3967870.00000000
1786226400000,14117004.70000000,5669536.20000000
1786230000000,5762891.90000000,2569094.40000000
1786233600000,7108074.00000000,3390294.90000000
1786237200000,11271998.10000000,5797557.90000000
1786240800000,8954790.10000000,4688910.20000000
1786244400000,15042315.30000000,6380768.00000000
1786248000000,11086045.80000000,4668482.20000000
1786251600000,75351788.50000000,38464275.90000000
1786255200000,70694070.50000000,36297454.10000000
1786258800000,97867643.30000000,47241602.20000000
1786262400000,83106282.10000000,37940811.60000000
1786266000000,114066681.10000000,56707561.70000000
1786269600000,56818258.00000000,29801903.90000000
1786273200000,33524529.50000000,16817547.20000000
1786276800000,43184594.30000000,18992973.30000000
1786280400000,29622177.40000000,15309279.30000000
1786284000000,47497930.60000000,23508725.20000000
1786287600000,82346130.00000000,42050804.40000000
1786291200000,91179380.50000000,46524023.90000000
1786294800000,93855267.00000000,47809101.40000000
1786298400000,63350536.20000000,29855457.40000000
1786302000000,63598253.50000000,28778741.20000000
1786305600000,29468462.20000000,14875506.00000000
1786309200000,23198350.40000000,11826770.70000000
1786312800000,55604903.70000000,30087122.30000000
1786316400000,19573800.80000000,8431122.20000000
1786320000000,71138612.40000000,36432320.50000000
1786323600000,133709202.40000000,63957533.80000000
1786327200000,94075340.90000000,46532029.50000000
1786330800000,63558019.00000000,32923690.00000000
1786334400000,34312405.40000000,15856060.20000000
1786338000000,26789235.90000000,12927405.40000000
1786341600000,64995546.00000000,30384172.50000000
1786345200000,54891584.90000000,22764961.30000000
1786348800000,30185079.40000000,15741282.60000000
1786352400000,36656335.10000000,19486510.50000000
1786356000000,38066993.80000000,18139126.80000000
1786359600000,17753665.70000000,8065927.80000000
1786363200000,14589271.50000000,6275888.80000000
1786366800000,14854850.60000000,6421513.20000000
1786370400000,37328403.60000000,20268541.20000000
1786374000000,47302926.20000000,24409702.90000000
1786377600000,41662946.40000000,21292865.50000000
1786381200000,29416775.70000000,14232519.60000000
1786384800000,25105746.10000000,10646365.30000000
1786388400000,30824678.90000000,16633096.90000000
1786392000000,19691847.50000000,9919250.10000000
1786395600000,9306470.70000000,3512690.70000000
1786399200000,7519269.50000000,3008301.40000000
1786402800000,49041273.50000000,26670895.80000000
1786406400000,22263618.90000000,8944791.40000000
1786410000000,19229560.30000000,8402890.60000000
1786413600000,13830624.40000000,8518137.00000000
1786417200000,9486546.80000000,4980300.00000000
1786420800000,24432102.20000000,10704618.00000000
1786424400000,18643517.00000000,9551022.00000000
1786428000000,24266789.60000000,11174949.20000000
1786431600000,15864262.90000000,7810092.30000000
1786435200000,24435822.10000000,12647954.90000000
1786438800000,10819465.50000000,4628969.50000000
1786442400000,8241609.30000000,4960272.20000000
1786446000000,9120563.50000000,4957500.10000000
1786449600000,11831003.80000000,6320657.80000000
1786453200000,9994705.10000000,4615724.80000000
1786456800000,8264986.20000000,4499296.50000000
1786460400000,8026307.60000000,4143790.70000000
1786464000000,11327454.70000000,5360770.30000000
1786467600000,3197355.60000000,1528694.90000000
1786471200000,5089816.50000000,2018918.50000000
1786474800000,5445451.00000000,2388646.00000000
1786478400000,5063794.50000000,2597399.40000000
1786482000000,3617804.70000000,1494420.30000000
1786485600000,5192176.10000000,2190884.20000000
1786489200000,8811020.00000000,3496777.90000000
1786492800000,7200422.90000000,3839272.30000000
1786496400000,11010989.10000000,4965081.00000000
1786500000000,8838359.70000000,3120534.30000000
1786503600000,8091796.30000000,4353432.60000000
1786507200000,9458485.30000000,4073086.20000000
1786510800000,8969482.00000000,5320986.70000000
1786514400000,13136786.20000000,6691443.80000000
1786518000000,12763467.50000000,5979791.40000000
1786521600000,9646723.80000000,3932424.60000000
1786525200000,6717774.60000000,4292692.20000000
1786528800000,6015252.00000000,3230143.50000000
1786532400000,7506397.40000000,4610378.00000000
1786536000000,6260824.60000000,3429344.70000000
1786539600000,4214841.70000000,1800152.10000000
1786543200000,25506653.30000000,13442927.00000000
1786546800000,19424471.90000000,11550812.80000000
1786550400000,8223929.70000000,4379907.20000000
1786554000000,9602893.00000000,4080564.50000000
1786557600000,4122423.70000000,1692771.10000000
1786561200000,5077781.90000000,3221210.90000000
1786564800000,2568999.00000000,1214947.40000000
1786568400000,6321050.10000000,3579864.20000000
1786572000000,2940695.20000000,1441187.00000000
1786575600000,2121840.10000000,1316447.60000000
1786579200000,4177018.50000000,1943431.20000000
1786582800000,4741364.40000000,2322237.90000000
1786586400000,6094848.80000000,2339170.40000000
1786590000000,3071848.90000000,1532653.10000000
1786593600000,16626242.20000000,8814008.20000000
1786597200000,12675762.00000000,6714778.60000000
1786600800000,12761244.10000000,4824507.60000000
1786604400000,5186651.20000000,2441365.80000000
1786608000000,14019883.60000000,5612687.10000000
1786611600000,3345469.40000000,1221391.30000000
1786615200000,4447423.30000000,1468830.40000000
1786618800000,9519386.10000000,4122734.60000000
1786622400000,2892441.80000000,771408.40000000
1786626000000,3120213.10000000,1549932.80000000
1786629600000,6734728.60000000,3228513.00000000
1786633200000,10679273.60000000,4843383.80000000
1786636800000,12963130.60000000,5191991.90000000
1786640400000,2412705.80000000,1295637.40000000
1786644000000,1981131.00000000,615698.70000000
1786647600000,4777613.00000000,3098172.20000000
1786651200000,3205168.40000000,1231846.20000000
1786654800000,1803286.00000000,1185978.30000000
1786658400000,9213128.10000000,5887260.10000000
1786662000000,4321644.50000000,2800601.30000000
1786665600000,5863538.50000000,2503172.60000000
1786669200000,4923490.90000000,2611014.30000000
1786672800000,3073516.30000000,1428533.80000000
1786676400000,1938599.70000000,680921.40000000
1786680000000,2772746.20000000,1664498.70000000
1786683600000,4263573.90000000,1602593.70000000
1786687200000,4525655.00000000,2617968.70000000
1786690800000,3587896.70000000,1805032.40000000
1786694400000,5177317.60000000,1962182.70000000
1786698000000,4655045.60000000,2516023.90000000
1786701600000,4782487.30000000,2269740.50000000
1786705200000,5059988.70000000,2283972.30000000
1786708800000,6311640.80000000,3218078.10000000
1786712400000,8145348.30000000,4647647.40000000
1786716000000,10600069.80000000,5406035.60000000
1786719600000,9389265.40000000,4984918.90000000
1786723200000,6598205.70000000,2766137.70000000
1786726800000,6160930.10000000,2756883.30000000
1786730400000,2101162.40000000,1186045.60000000
1786734000000,2889825.70000000,1002893.70000000
1786737600000,3893997.10000000,1319494.40000000
1786741200000,1445305.70000000,506995.70000000
1786744800000,1441448.00000000,926829.80000000
1786748400000,1872402.10000000,866081.80000000
1786752000000,2659424.80000000,968210.80000000
1786755600000,5057446.30000000,2334624.30000000
1786759200000,2576160.20000000,1016551.10000000
1786762800000,1451441.30000000,818243.80000000
1786766400000,1528475.60000000,581321.60000000
1786770000000,3771833.40000000,2050214.90000000
1786773600000,3423545.60000000,1626645.40000000
1786777200000,5526062.50000000,3954841.50000000
1786780800000,4497162.70000000,980437.40000000
1786784400000,16565451.70000000,9012715.70000000
1786788000000,7296996.00000000,2411573.30000000
1786791600000,2849428.30000000,985547.40000000
1786795200000,1834077.00000000,907695.60000000
1786798800000,1330382.00000000,511141.80000000
1786802400000,785618.70000000,447846.50000000
1786806000000,1805032.20000000,1058413.30000000
1786809600000,1481877.90000000,786402.70000000
1786813200000,3458229.90000000,1485500.80000000
1786816800000,832698.90000000,381797.30000000
1786820400000,1128624.20000000,609017.40000000
1786824000000,1497108.70000000,802762.50000000
1786827600000,1302490.80000000,490873.30000000
1786831200000,608737.50000000,297655.10000000
1786834800000,1030004.70000000,484299.30000000
1786838400000,7397027.50000000,3648402.60000000
1786842000000,1368489.80000000,764316.70000000
1786845600000,2976305.90000000,1574086.60000000
1786849200000,2544530.70000000,878994.90000000
1786852800000,5453576.30000000,2127944.60000000
1786856400000,1256737.80000000,874572.60000000
1786860000000,664192.00000000,455913.30000000
1786863600000,1007633.60000000,651005.60000000
1786867200000,8337841.10000000,4903646.50000000
1786870800000,4749998.10000000,1944535.00000000
1786874400000,3463131.90000000,1812518.80000000
1786878000000,2987592.90000000,1249351.60000000
1786881600000,8329992.20000000,3867783.50000000
1786885200000,3154988.00000000,1354984.50000000
1786888800000,7795734.30000000,3816889.80000000
1786892400000,3049052.90000000,917216.00000000
1786896000000,3556998.00000000,1141416.80000000
1786899600000,2514283.30000000,893390.60000000
1786903200000,931917.90000000,399758.90000000
1786906800000,2490693.80000000,950631.80000000
1786910400000,1906978.30000000,904282.90000000
1786914000000,3465248.80000000,2140567.70000000
1786917600000,1222044.50000000,652998.60000000
1786921200000,7311828.40000000,4978321.50000000
1786924800000,6508365.30000000,3407080.90000000
1786928400000,12861140.60000000,6177579.20000000
1786932000000,7631486.60000000,3137348.20000000
1786935600000,3876176.10000000,1900574.30000000
1786939200000,16638031.70000000,8703829.70000000
1786942800000,16025698.20000000,6808461.80000000
1786946400000,10342722.90000000,5918725.00000000
1786950000000,11573609.30000000,5069703.30000000
1786953600000,6794879.50000000,3595073.00000000
1786957200000,6375464.00000000,3346081.70000000
1786960800000,6025836.20000000,2819364.00000000
1786964400000,5681031.50000000,2657070.50000000
1786968000000,1590459.20000000,659900.40000000
1786971600000,5048805.70000000,2684592.70000000
1786975200000,3624272.40000000,1916149.50000000
1786978800000,4212854.20000000,2497049.10000000
1786982400000,12360578.70000000,6394002.00000000
1786986000000,9405468.50000000,4388297.50000000
1786989600000,3238011.80000000,1621654.80000000
1786993200000,4811508.90000000,1745130.60000000
1786996800000,1371870.00000000,514023.10000000
1787000400000,1891490.50000000,689840.10000000
1787004000000,1722476.40000000,810329.30000000
1787007600000,1244770.60000000,373500.50000000
1787011200000,2865984.90000000,997638.40000000
1787014800000,2941929.30000000,1653321.30000000
1787018400000,1373400.90000000,544073.70000000
1787022000000,4307972.90000000,2026143.90000000
1787025600000,3789087.00000000,2314656.00000000
1787029200000,2681792.40000000,1246600.30000000
1787032800000,2778508.40000000,979271.50000000
1787036400000,2117899.80000000,1381417.40000000
1787040000000,3577906.40000000,2109875.40000000
1787043600000,1343626.80000000,948821.20000000
1787047200000,1690141.70000000,1024298.40000000
1787050800000,804428.60000000,174045.30000000
1787054400000,914291.90000000,542191.40000000
1787058000000,1398741.70000000,594842.20000000
1787061600000,1445019.00000000,787573.60000000
1787065200000,2710317.00000000,1112626.50000000
1787068800000,1057977.00000000,466915.20000000
1787072400000,618071.20000000,308441.30000000
1787076000000,2951166.90000000,1320689.10000000
1787079600000,876779.40000000,378170.10000000
1787083200000,1091537.30000000,382581.80000000
1787086800000,1287361.40000000,782664.20000000
1787090400000,3671770.50000000,1968047.80000000
1787094000000,2574678.60000000,719341.10000000
1787097600000,1504572.90000000,721833.40000000
1787101200000,742872.50000000,302053.10000000
1787104800000,1280023.80000000,549886.40000000
1787108400000,2189542.90000000,911436.60000000
1787112000000,2102241.50000000,1387857.20000000
1787115600000,4250866.70000000,2638180.80000000
1787119200000,9203899.90000000,3330056.50000000
1787122800000,7469926.70000000,3978647.10000000
1787126400000,16170498.40000000,9467042.10000000
1787130000000,42065716.30000000,26044501.10000000
1787133600000,25885019.10000000,15281082.90000000
1787137200000,15565751.30000000,6555623.20000000
1787140800000,18386260.50000000,7908768.30000000
1787144400000,20551567.20000000,9931839.00000000
1787148000000,33686102.90000000,18959703.20000000
1787151600000,124308773.50000000,63701360.10000000
1787155200000,107459187.90000000,52420757.40000000
1787158800000,126261068.50000000,58985796.40000000
1787162400000,35066793.80000000,14556866.10000000
1787166000000,29549529.90000000,12821453.10000000
1787169600000,9743858.50000000,4391469.40000000
1787173200000,16045524.20000000,7497589.00000000
1787176800000,9093887.50000000,4322618.10000000
1787180400000,7942893.10000000,3908069.20000000
1787184000000,8693274.40000000,3521514.30000000
1787187600000,6930420.70000000,3701688.10000000
1787191200000,6908454.00000000,2720627.30000000
1787194800000,5025873.60000000,2520253.20000000
1787198400000,11166940.80000000,5061775.80000000
1787202000000,11784093.80000000,6039403.00000000
1787205600000,8577262.70000000,4218194.00000000
1787209200000,11617138.50000000,4515820.20000000
1787212800000,15482998.50000000,8280732.00000000
1787216400000,8035637.50000000,4320606.30000000
1787220000000,6392914.50000000,2744166.50000000
1787223600000,8274370.50000000,2594477.20000000
1787227200000,5258126.30000000,2037486.30000000
1787230800000,6570477.70000000,2260837.70000000
1787234400000,5641596.90000000,2642016.20000000
1787238000000,8113339.20000000,4301592.80000000
1787241600000,25185962.80000000,11051011.80000000
1787245200000,8167480.90000000,4674537.00000000
1787248800000,9283036.10000000,4640989.10000000
1787252400000,5009027.10000000,3084208.50000000
1787256000000,5525046.40000000,2001497.90000000
1787259600000,4302936.20000000,2328679.20000000
1787263200000,1936058.30000000,618925.80000000
1787266800000,2397429.30000000,910846.10000000
1787270400000,9156599.20000000,4462265.60000000
1787274000000,2517804.90000000,1291924.20000000
1787277600000,2154997.70000000,918599.00000000
1787281200000,4257393.70000000,2271017.60000000
1787284800000,5246258.50000000,2198951.90000000
1787288400000,11637313.10000000,5647547.70000000
1787292000000,20758230.30000000,10222522.10000000
1787295600000,10256511.60000000,4602768.20000000
1787299200000,18598968.40000000,10239455.90000000
1787302800000,25639936.70000000,9907577.60000000
1787306400000,11373259.80000000,5470070.80000000
1787310000000,18857455.50000000,9116141.50000000
1787313600000,10848742.70000000,6056744.40000000
1787317200000,8282627.90000000,4231143.20000000
1787320800000,3385899.50000000,1752399.00000000
1787324400000,7101209.60000000,4008858.80000000
1787328000000,10859201.90000000,5880372.20000000
1787331600000,7794852.10000000,4248702.80000000
1787335200000,9602862.70000000,4473929.30000000
1787338800000,7110449.30000000,2626391.90000000
1787342400000,3559552.80000000,1369936.40000000
1787346000000,2319471.20000000,939632.70000000
1787349600000,4924285.40000000,2098422.20000000
1787353200000,4393293.00000000,2353664.10000000
1787356800000,5886065.10000000,2566746.00000000
1787360400000,3652706.30000000,2588172.70000000
1787364000000,38850161.80000000,25024554.90000000
1787367600000,88148482.20000000,45430553.20000000
1787371200000,66180464.30000000,29588461.70000000
1787374800000,130911018.90000000,59422080.50000000
1787378400000,23771239.30000000,10945335.00000000
1787382000000,20529214.10000000,10976108.90000000
1787385600000,20182577.60000000,9195449.70000000
1787389200000,15741735.30000000,6900378.60000000
1787392800000,15822451.50000000,8324018.40000000
1787396400000,8464382.80000000,4140864.70000000
1787400000000,6520395.40000000,3090100.80000000
1787403600000,9924717.40000000,4941824.80000000
1787407200000,11270397.70000000,5434213.70000000
1787410800000,5651524.40000000,2680563.70000000
1787414400000,8520034.80000000,4507194.80000000
1787418000000,4843286.20000000,2657041.60000000
1787421600000,14609216.70000000,8172927.90000000
1787425200000,8121495.40000000,4038669.80000000
1787428800000,19855567.60000000,9449613.90000000
1787432400000,12561098.90000000,6374952.80000000
1787436000000,4976594.60000000,2469969.60000000
1787439600000,5946116.10000000,3072408.40000000
1787443200000,2799098.60000000,1295981.20000000
1787446800000,5097978.10000000,3185333.80000000
1787450400000,6548181.00000000,2460699.00000000
1787454000000,8006796.30000000,3073823.80000000
1787457600000,8114015.90000000,3605367.60000000
1787461200000,4171930.50000000,2491420.40000000
1787464800000,7180819.90000000,4379719.10000000
1787468400000,4123933.40000000,2177466.70000000
1787472000000,2519455.50000000,932661.20000000
1787475600000,6842677.10000000,2482077.50000000
1787479200000,3907925.80000000,2041971.80000000
1787482800000,4415052.10000000,2172663.70000000
1787486400000,4682319.00000000,2804288.30000000
1787490000000,4671822.90000000,2275418.50000000
1787493600000,7230493.80000000,3249981.10000000
1787497200000,3582924.30000000,1584523.90000000
1787500800000,4417858.10000000,1967579.90000000
1787504400000,2877458.00000000,1431368.60000000
1787508000000,2043562.50000000,1085454.00000000
1787511600000,2538040.30000000,1785184.80000000
1787515200000,1431477.00000000,725342.50000000
1787518800000,5556730.80000000,2826174.60000000
1787522400000,1423663.00000000,583161.10000000
1787526000000,1913423.00000000,1053493.30000000
1787529600000,1319781.40000000,482143.90000000
1787533200000,4668513.50000000,2388505.10000000
1787536800000,5501292.60000000,3079566.20000000
1787540400000,3038050.30000000,1499242.00000000
1787544000000,2169703.50000000,1177347.70000000
1787547600000,4948936.40000000,1847463.70000000
1787551200000,3020318.40000000,1435614.50000000
1787554800000,10388266.80000000,6247279.50000000
1787558400000,6496671.70000000,2664473.70000000
1787562000000,3556438.50000000,1781403.70000000
1787565600000,3408196.20000000,1379337.10000000
1787569200000,5368204.50000000,2784833.10000000
1787572800000,4930648.60000000,3034284.20000000
1787576400000,12886697.50000000,6971088.80000000
1787580000000,5727499.10000000,3372542.80000000
1787583600000,11305445.90000000,4241168.00000000
1787587200000,3810814.00000000,1863641.30000000
1787590800000,6101594.20000000,2421513.50000000
1787594400000,5006502.50000000,2448646.60000000
1787598000000,3335698.10000000,1442851.10000000
1787601600000,2519228.80000000,1367951.50000000
1787605200000,2877483.40000000,1639812.90000000
1787608800000,1194698.90000000,455016.60000000
1787612400000,2942408.60000000,1224186.70000000
1787616000000,4536818.20000000,1776924.50000000
1787619600000,2297129.40000000,1121930.80000000
1787623200000,4676212.60000000,2474736.60000000
1787626800000,6703011.80000000,2860106.00000000
1787630400000,3811666.00000000,1737314.90000000
1787634000000,3389381.60000000,1338457.10000000
1787637600000,3611005.10000000,2078831.60000000
1787641200000,9288546.50000000,4559091.10000000
1787644800000,24991982.90000000,10681805.20000000
1787648400000,16905531.30000000,8448729.50000000
1787652000000,6300236.10000000,3377523.00000000
1787655600000,6317490.10000000,2892419.30000000
1787659200000,8022467.80000000,4334879.00000000
1787662800000,12420931.50000000,6898878.10000000
1787666400000,9863093.40000000,5382011.50000000
1787670000000,10146866.00000000,5797348.30000000
1787673600000,13820019.00000000,8035591.10000000
1787677200000,2177531.70000000,900525.40000000
1787680800000,5309391.80000000,3125586.80000000
1787684400000,4660090.70000000,2623293.20000000
