open_time,volume,taker_buy_base_volume
1769086800000,904797537.00000000,468542151.00000000
1769090400000,421841944.00000000,214153315.00000000
1769094000000,447118723.00000000,228582103.00000000
1769097600000,368897068.00000000,180042174.00000000
1769101200000,739577782.00000000,336958200.00000000
1769104800000,398637781.00000000,196343252.00000000
1769108400000,199101880.00000000,104700194.00000000
1769112000000,163424061.00000000,77721023.00000000
1769115600000,130052054.00000000,60707339.00000000
1769119200000,172307728.00000000,85469993.00000000
1769122800000,135632317.00000000,65180213.00000000
1769126400000,160577556.00000000,74579795.00000000
1769130000000,128873562.00000000,61568394.00000000
1769133600000,74453916.00000000,33210997.00000000
1769137200000,109850554.00000000,53320725.00000000
1769140800000,124152437.00000000,54403997.00000000
1769144400000,99092117.00000000,47052814.00000000
1769148000000,116029302.00000000,58904802.00000000
1769151600000,96744649.00000000,41467676.00000000
1769155200000,92393337.00000000,46198253.00000000
1769158800000,82656037.00000000,38559906.00000000
1769162400000,1920625726.00000000,945229800.00000000
1769166000000,388908780.00000000,185758334.00000000
1769169600000,157503807.00000000,71307328.00000000
1769173200000,123976001.00000000,63327758.00000000
1769176800000,119016292.00000000,56788397.00000000
1769180400000,98566451.00000000,50461295.00000000
1769184000000,131249399.00000000,62227384.00000000
1769187600000,81119712.00000000,39084747.00000000
1769191200000,44218941.00000000,21804118.00000000
1769194800000,28445520.00000000,14741294.00000000
1769198400000,39016394.00000000,18631624.00000000
1769202000000,32076940.00000000,14418703.00000000
1769205600000,38508710.00000000,17499554.00000000
1769209200000,51182096.00000000,27067847.00000000
1769212800000,46616301.00000000,22521552.00000000
1769216400000,58733199.00000000,24819817.00000000
1769220000000,42578215.00000000,21088697.00000000
1769223600000,45443484.00000000,23186944.00000000
1769227200000,70543829.00000000,34792856.00000000
1769230800000,79261591.00000000,35883202.00000000
1769234400000,44891781.00000000,19567024.00000000
1769238000000,50206015.00000000,22328987.00000000
1769241600000,173050775.00000000,82602471.00000000
1769245200000,106586785.00000000,51107733.00000000
1769248800000,81082601.00000000,34425776.00000000
1769252400000,66603501.00000000,28530028.00000000
1769256000000,48344856.00000000,26456490.00000000
1769259600000,83995542.00000000,39770011.00000000
1769263200000,75505647.00000000,38306195.00000000
1769266800000,47389813.00000000,19953743.00000000
1769270400000,59534637.00000000,28184511.00000000
1769274000000,28139697.00000000,13791233.00000000
1769277600000,40300672.00000000,21883768.00000000
1769281200000,41869323.00000000,22228926.00000000
1769284800000,44760715.00000000,18812346.00000000
1769288400000,19921046.00000000,6597795.00000000
1769292000000,13724758.00000000,7060387.00000000
1769295600000,33547712.00000000,16924800.00000000
1769299200000,57463073.00000000,31698307.00000000
1769302800000,49290925.00000000,24953598.00000000
1769306400000,49105999.00000000,25594071.00000000
1769310000000,70872869.00000000,36757302.00000000
1769313600000,68697529.00000000,32243679.00000000
1769317200000,56993407.00000000,26680249.00000000
1769320800000,68569274.00000000,34201932.00000000
1769324400000,46730105.00000000,20657779.00000000
1769328000000,35690767.00000000,17342622.00000000
1769331600000,44278222.00000000,21835810.00000000
1769335200000,48591937.00000000,21935399.00000000
1769338800000,29648181.00000000,12692577.00000000
1769342400000,34444987.00000000,16383662.00000000
1769346000000,150423714.00000000,77173802.00000000
1769349600000,77789480.00000000,35545618.00000000
1769353200000,87923685.00000000,44280929.00000000
1769356800000,122419320.00000000,62276770.00000000
1769360400000,110459173.00000000,57322906.00000000
1769364000000,245358931.00000000,126613334.00000000
1769367600000,99878714.00000000,46300489.00000000
1769371200000,52740209.00000000,22466885.00000000
1769374800000,50945268.00000000,25182376.00000000
1769378400000,29198396.00000000,14317920.00000000
1769382000000,37800685.00000000,16453068.00000000
1769385600000,37449017.00000000,15608184.00000000
1769389200000,29024995.00000000,15605430.00000000
1769392800000,48375993.00000000,19817800.00000000
1769396400000,22821338.00000000,12301229.00000000
1769400000000,39867812.00000000,22196724.00000000
1769403600000,29055291.00000000,14967363.00000000
1769407200000,39158341.00000000,17271029.00000000
1769410800000,28970099.00000000,13628562.00000000
1769414400000,39419731.00000000,19471193.00000000
1769418000000,37081621.00000000,19934699.00000000
1769421600000,34584459.00000000,18614404.00000000
1769425200000,36700304.00000000,17860059.00000000
1769428800000,30711032.00000000,14307510.00000000
1769432400000,31234521.00000000,11929159.00000000
1769436000000,39903805.00000000,19249526.00000000
1769439600000,30767881.00000000,14293394.00000000
1769443200000,24955889.00000000,13508885.00000000
1769446800000,32372120.00000000,16412655.00000000
1769450400000,44001903.00000000,21843591.00000000
1769454000000,77392434.00000000,35320381.00000000
1769457600000,64457458.00000000,28688175.00000000
1769461200000,22628145.00000000,10418015.00000000
1769464800000,20517480.00000000,7812536.00000000
1769468400000,27051397.00000000,14926918.00000000
1769472000000,23954174.00000000,11678240.00000000
1769475600000,26222302.00000000,11569958.00000000
1769479200000,19152028.00000000,9463751.00000000
1769482800000,22944454.00000000,10977099.00000000
1769486400000,39043092.00000000,19543605.00000000
1769490000000,21398743.00000000,11484829.00000000
1769493600000,103389240.00000000,57714557.00000000
1769497200000,58079036.00000000,29066111.00000000
1769500800000,52527872.00000000,27803610.00000000
1769504400000,37311821.00000000,17234040.00000000
1769508000000,68528904.00000000,33587585.00000000
1769511600000,80898779.00000000,37320850.00000000
1769515200000,174553323.00000000,96582877.00000000
1769518800000,77219275.00000000,34588789.00000000
1769522400000,40726752.00000000,19474483.00000000
1769526000000,41004014.00000000,19714830.00000000
1769529600000,41765333.00000000,19247277.00000000
1769533200000,59400987.00000000,30223557.00000000
1769536800000,26868288.00000000,13350904.00000000
1769540400000,17658265.00000000,8327663.00000000
1769544000000,13910590.00000000,7078046.00000000
1769547600000,14182451.00000000,6649675.00000000
1769551200000,10407297.00000000,4746955.00000000
1769554800000,30111881.00000000,13373626.00000000
1769558400000,39409265.00000000,23175301.00000000
1769562000000,30244080.00000000,13165517.00000000
1769565600000,44449436.00000000,21020936.00000000
1769569200000,34881540.00000000,16027310.00000000
1769572800000,34402561.00000000,16835850.00000000
1769576400000,53710284.00000000,25190909.00000000
1769580000000,38597355.00000000,18913854.00000000
1769583600000,33817139.00000000,15689383.00000000
1769587200000,48068070.00000000,24917358.00000000
1769590800000,34945023.00000000,18399732.00000000
1769594400000,42102463.00000000,22405388.00000000
1769598000000,38548879.00000000,20692309.00000000
1769601600000,28048606.00000000,15068998.00000000
1769605200000,57715384.00000000,26495219.00000000
1769608800000,38085887.00000000,19028655.00000000
1769612400000,31460098.00000000,14592525.00000000
1769616000000,48071750.00000000,25145106.00000000
1769619600000,60790277.00000000,32868575.00000000
1769623200000,23017736.00000000,10095762.00000000
1769626800000,14531111.00000000,7292861.00000000
1769630400000,15195806.00000000,7269728.00000000
1769634000000,36069578.00000000,18030257.00000000
1769637600000,14523695.00000000,8091477.00000000
1769641200000,31792284.00000000,14326569.00000000
1769644800000,21873615.00000000,8877378.00000000
1769648400000,17421703.00000000,7599386.00000000
1769652000000,46829673.00000000,18485772.00000000
1769655600000,17965084.00000000,8695457.00000000
1769659200000,45517707.00000000,20104179.00000000
1769662800000,307876629.00000000,160022623.00000000
1769666400000,597345202.00000000,293990531.00000000
1769670000000,278735480.00000000,148106826.00000000
1769673600000,421942605.00000000,202809181.00000000
1769677200000,260009514.00000000,101649604.00000000
1769680800000,185054710.00000000,91412715.00000000
1769684400000,185943662.00000000,91255860.00000000
1769688000000,166407322.00000000,75262044.00000000
1769691600000,141476936.00000000,64633361.00000000
1769695200000,99179581.00000000,49159851.00000000
1769698800000,81990090.00000000,34465334.00000000
1769702400000,110465631.00000000,45162822.00000000
1769706000000,124339075.00000000,58690924.00000000
1769709600000,90879530.00000000,44927908.00000000
1769713200000,56587943.00000000,27401179.00000000
1769716800000,49451004.00000000,24095488.00000000
1769720400000,55236465.00000000,25917587.00000000
1769724000000,37027700.00000000,18473304.00000000
1769727600000,52536981.00000000,26494123.00000000
1769731200000,302571398.00000000,144186584.00000000
1769734800000,220673083.00000000,105431540.00000000
1769738400000,106828378.00000000,52627926.00000000
1769742000000,102791326.00000000,48959629.00000000
1769745600000,95577668.00000000,45826899.00000000
1769749200000,89691228.00000000,43302732.00000000
1769752800000,156653831.00000000,72851368.00000000
1769756400000,448462572.00000000,222660840.00000000
1769760000000,521959845.00000000,263328687.00000000
1769763600000,265447872.00000000,132106382.00000000
1769767200000,375186898.00000000,187745108.00000000
1769770800000,329406349.00000000,160559846.00000000
1769774400000,156726960.00000000,70154481.00000000
1769778000000,139077963.00000000,62504272.00000000
1769781600000,100349532.00000000,45382734.00000000
1769785200000,99980798.00000000,46152761.00000000
1769788800000,108395756.00000000,55007518.00000000
1769792400000,1505712304.00000000,174051867.00000000
1769796000000,53911951.00000000,24451169.00000000
1769799600000,32454514.00000000,15333941.00000000
1769803200000,46244692.00000000,22549247.00000000
1769806800000,124237052.00000000,60770341.00000000
1769810400000,151614386.00000000,74932274.00000000
1769814000000,62318562.00000000,28935985.00000000
1769817600000,276640564.00000000,136536547.00000000
1769821200000,174044302.00000000,83370225.00000000
1769824800000,83193425.00000000,38742564.00000000
1769828400000,127538762.00000000,58803673.00000000
1769832000000,90282798.00000000,45901771.00000000
1769835600000,143361671.00000000,68068405.00000000
1769839200000,67036831.00000000,29622729.00000000
1769842800000,147606594.00000000,73363367.00000000
1769846400000,180844745.00000000,91327237.00000000
1769850000000,184631519.00000000,88819575.00000000
1769853600000,788972561.00000000,182313718.00000000
1769857200000,144556777.00000000,71874759.00000000
1769860800000,152386166.00000000,75672414.00000000
1769864400000,957774552.00000000,184984724.00000000
1769868000000,210987688.00000000,105903987.00000000
1769871600000,241006221.00000000,121778095.00000000
1769875200000,290088484.00000000,145123948.00000000
1769878800000,180286436.00000000,87748127.00000000
1769882400000,244694893.00000000,121846718.00000000
1769886000000,134689988.00000000,67104439.00000000
1769889600000,86012610.00000000,43036079.00000000
1769893200000,98868235.00000000,50976117.00000000
1769896800000,111262994.00000000,57052633.00000000
1769900400000,245715584.00000000,120578414.00000000
1769904000000,263023064.00000000,123740325.00000000
1769907600000,135362556.00000000,67013714.00000000
1769911200000,163590234.00000000,67860782.00000000
1769914800000,65955094.00000000,29842891.00000000
1769918400000,60840933.00000000,27402228.00000000
1769922000000,50946670.00000000,25433509.00000000
1769925600000,106685119.00000000,55435396.00000000
1769929200000,152974839.00000000,77989816.00000000
1769932800000,186879557.00000000,90163556.00000000
1769936400000,169812751.00000000,84970791.00000000
1769940000000,140518946.00000000,71811846.00000000
1769943600000,131990031.00000000,65993479.00000000
1769947200000,242595874.00000000,119782894.00000000
1769950800000,349807536.00000000,176361726.00000000
1769954400000,351102113.00000000,177662454.00000000
1769958000000,292254994.00000000,148415479.00000000
1769961600000,283389418.00000000,143694160.00000000
1769965200000,161000395.00000000,81811133.00000000
1769968800000,167172137.00000000,80963455.00000000
1769972400000,60272682.00000000,30880223.00000000
1769976000000,37945314.00000000,21209908.00000000
1769979600000,149520036.00000000,73863391.00000000
1769983200000,177796644.00000000,88978849.00000000
1769986800000,119903041.00000000,50986920.00000000
1769990400000,235009027.00000000,107188443.00000000
1769994000000,54097531.00000000,23593792.00000000
1769997600000,43866496.00000000,20165075.00000000
1770001200000,51673790.00000000,27062774.00000000
1770004800000,58891575.00000000,28455569.00000000
1770008400000,94339843.00000000,45814521.00000000
1770012000000,88205374.00000000,44580970.00000000
1770015600000,75073770.00000000,37750371.00000000
1770019200000,167194547.00000000,84006652.00000000
1770022800000,155897159.00000000,76753858.00000000
1770026400000,238289859.00000000,119951344.00000000
1770030000000,134529703.00000000,66420904.00000000
1770033600000,305483121.00000000,153382043.00000000
1770037200000,336933310.00000000,168638015.00000000
1770040800000,292776493.00000000,143413611.00000000
1770044400000,220400859.00000000,108315488.00000000
1770048000000,464255031.00000000,230195872.00000000
1770051600000,171775460.00000000,86165598.00000000
1770055200000,169539197.00000000,83272043.00000000
1770058800000,170043789.00000000,84475733.00000000
1770062400000,76835701.00000000,36501810.00000000
1770066000000,77779583.00000000,37930797.00000000
1770069600000,54626954.00000000,28233304.00000000
1770073200000,71919123.00000000,39317778.00000000
1770076800000,80879604.00000000,38386109.00000000
1770080400000,64568974.00000000,31268211.00000000
1770084000000,64770913.00000000,31203099.00000000
1770087600000,36104978.00000000,18397486.00000000
1770091200000,42631511.00000000,21463191.00000000
1770094800000,148294358.00000000,74163755.00000000
1770098400000,345230206.00000000,167537301.00000000
1770102000000,476865827.00000000,228646690.00000000
1770105600000,527130019.00000000,254070175.00000000
1770109200000,723503529.00000000,349629617.00000000
1770112800000,832961477.00000000,408102698.00000000
1770116400000,639218587.00000000,312631805.00000000
1770120000000,679035851.00000000,323358553.00000000
1770123600000,803083926.00000000,389729214.00000000
1770127200000,870436045.00000000,426916595.00000000
1770130800000,977737933.00000000,485770325.00000000
1770134400000,679093815.00000000,335965828.00000000
1770138000000,454285556.00000000,224378787.00000000
1770141600000,608054651.00000000,295613978.00000000
1770145200000,480008301.00000000,234940649.00000000
1770148800000,202090300.00000000,98899466.00000000
1770152400000,45190580.00000000,18156024.00000000
1770156000000,33119894.00000000,15093323.00000000
1770159600000,34873634.00000000,16955180.00000000
1770163200000,75120152.00000000,32803932.00000000
1770166800000,42882697.00000000,17765154.00000000
1770170400000,105368219.00000000,51396863.00000000
1770174000000,192152315.00000000,91705132.00000000
1770177600000,188931212.00000000,87567713.00000000
1770181200000,256866710.00000000,126066800.00000000
1770184800000,341131776.00000000,163523280.00000000
1770188400000,877382162.00000000,419478502.00000000
1770192000000,1441824334.00000000,693664313.00000000
1770195600000,1096649446.00000000,518104800.00000000
1770199200000,1313036730.00000000,637635112.00000000
1770202800000,1177471159.00000000,569625479.00000000
1770206400000,1301392550.00000000,630179755.00000000
1770210000000,1233506780.00000000,598409255.00000000
1770213600000,880856007.00000000,428932810.00000000
1770217200000,1225136932.00000000,595767622.00000000
1770220800000,1086984390.00000000,513431834.00000000
1770224400000,852176983.00000000,401188171.00000000
1770228000000,502314582.00000000,250785751.00000000
1770231600000,218967421.00000000,109514322.00000000
1770235200000,140829560.00000000,71313601.00000000
1770238800000,175971514.00000000,86462338.00000000
1770242400000,45032117.00000000,21104124.00000000
1770246000000,30454020.00000000,14467365.00000000
1770249600000,53913664.00000000,23998625.00000000
1770253200000,44984549.00000000,20341200.00000000
1770256800000,55527772.00000000,26080083.00000000
1770260400000,276269128.00000000,138582288.00000000
1770264000000,187532255.00000000,94924619.00000000
1770267600000,215552094.00000000,109234664.00000000
1770271200000,683641219.00000000,341572151.00000000
1770274800000,1304102208.00000000,605010042.00000000
1770278400000,1753891662.00000000,846185346.00000000
1770282000000,1655271186.00000000,793090976.00000000
1770285600000,1508057805.00000000,733663300.00000000
1770289200000,2249585670.00000000,1046748243.00000000
1770292800000,2218834716.00000000,991467070.00000000
1770296400000,1995929379.00000000,870043349.00000000
1770300000000,1967428432.00000000,872346303.00000000
1770303600000,1621753582.00000000,692969278.00000000
1770307200000,1601328265.00000000,741631356.00000000
1770310800000,1091947779.00000000,509924390.00000000
1770314400000,485229270.00000000,233563731.00000000
1770318000000,469934158.00000000,232375913.00000000
1770321600000,369195798.00000000,185292880.00000000
1770325200000,183394637.00000000,85816667.00000000
1770328800000,127082101.00000000,57089978.00000000
1770332400000,194062117.00000000,88838076.00000000
1770336000000,288975301.00000000,136312682.00000000
1770339600000,118335451.00000000,55505122.00000000
1770343200000,167486780.00000000,77254781.00000000
1770346800000,556590316.00000000,266473015.00000000
1770350400000,785926480.00000000,376755344.00000000
1770354000000,1497076054.00000000,726616593.00000000
1770357600000,1906646079.00000000,930119047.00000000
1770361200000,2183991787.00000000,1073988149.00000000
1770364800000,3229221556.00000000,1581949747.00000000
1770368400000,2185821827.00000000,1068810524.00000000
1770372000000,66919674.00000000,32516254.00000000
1770375600000,32506737.00000000,16642802.00000000
1770379200000,133811720.00000000,75122247.00000000
1770382800000,112364115.00000000,58688061.00000000
1770386400000,63550855.00000000,29069081.00000000
1770390000000,27806001.00000000,13558391.00000000
1770393600000,40264619.00000000,20045417.00000000
1770397200000,36530026.00000000,18890034.00000000
1770400800000,30344770.00000000,12969834.00000000
1770404400000,18267571.00000000,10046629.00000000
1770408000000,11078194.00000000,5395040.00000000
1770411600000,15831382.00000000,8655186.00000000
1770415200000,14002765.00000000,7051253.00000000
1770418800000,19294443.00000000,11640027.00000000
1770422400000,40261727.00000000,17190857.00000000
1770426000000,16400528.00000000,7198638.00000000
1770429600000,12442692.00000000,4725685.00000000
1770433200000,14506164.00000000,7029199.00000000
1770436800000,15423695.00000000,8600335.00000000
1770440400000,22372837.00000000,10742461.00000000
1770444000000,12996129.00000000,5962032.00000000
1770447600000,32624093.00000000,14866852.00000000
1770451200000,19718438.00000000,8841526.00000000
1770454800000,9577609.00000000,4977464.00000000
1770458400000,8574699.00000000,4121010.00000000
1770462000000,8284690.00000000,4315388.00000000
1770465600000,19130819.00000000,10197461.00000000
1770469200000,10565908.00000000,5656614.00000000
1770472800000,9392773.00000000,4424277.00000000
1770476400000,15080455.00000000,7854381.00000000
1770480000000,44669602.00000000,22308315.00000000
1770483600000,8534731.00000000,4426068.00000000
1770487200000,7726477.00000000,4357346.00000000
1770490800000,6607180.00000000,3210952.00000000
1770494400000,7146601.00000000,3864610.00000000
1770498000000,6927063.00000000,3293688.00000000
1770501600000,8580484.00000000,5272076.00000000
1770505200000,30493912.00000000,14981503.00000000
1770508800000,90884521.00000000,47840186.00000000
1770512400000,28126863.00000000,12186080.00000000
1770516000000,24795083.00000000,11386897.00000000
1770519600000,17555277.00000000,7160800.00000000
1770523200000,8727014.00000000,3975030.00000000
1770526800000,6058702.00000000,2563192.00000000
1770530400000,8567048.00000000,3717391.00000000
1770534000000,9286263.00000000,4269754.00000000
1770537600000,11589796.00000000,5431864.00000000
1770541200000,9029973.00000000,4642975.00000000
1770544800000,9972887.00000000,5296832.00000000
1770548400000,9825272.00000000,4365104.00000000
1770552000000,7969562.00000000,3567845.00000000
1770555600000,8079699.00000000,3750868.00000000
1770559200000,9464766.00000000,5537876.00000000
1770562800000,18162459.00000000,8875617.00000000
1770566400000,14577911.00000000,7633956.00000000
1770570000000,8459888.00000000,3712852.00000000
1770573600000,7873162.00000000,3666157.00000000
1770577200000,4006017.00000000,1546002.00000000
1770580800000,8598389.00000000,3221487.00000000
1770584400000,5479173.00000000,2372244.00000000
1770588000000,7253667.00000000,4268297.00000000
1770591600000,11155346.00000000,5792122.00000000
1770595200000,10703041.00000000,4667424.00000000
1770598800000,11956568.00000000,4930258.00000000
1770602400000,9555694.00000000,3334900.00000000
1770606000000,6123705.00000000,3198685.00000000
1770609600000,8689743.00000000,5102378.00000000
1770613200000,5071064.00000000,1880233.00000000
1770616800000,9095818.00000000,3659474.00000000
1770620400000,9770821.00000000,2562258.00000000
1770624000000,11992267.00000000,4769661.00000000
1770627600000,7953797.00000000,3598296.00000000
1770631200000,24664275.00000000,9616277.00000000
1770634800000,14058943.00000000,7387975.00000000
1770638400000,8240589.00000000,4225057.00000000
1770642000000,8314970.00000000,3821960.00000000
1770645600000,18431445.00000000,9725810.00000000
1770649200000,12361086.00000000,5953521.00000000
1770652800000,14195198.00000000,6563890.00000000
1770656400000,15296897.00000000,7787654.00000000
1770660000000,10543270.00000000,4937096.00000000
1770663600000,8401580.00000000,4212886.00000000
1770667200000,5844089.00000000,2692530.00000000
1770670800000,6734290.00000000,2513899.00000000
1770674400000,7615557.00000000,4110836.00000000
1770678000000,27420399.00000000,15465819.00000000
1770681600000,16463850.00000000,7853179.00000000
1770685200000,14429828.00000000,6630684.00000000
1770688800000,10914974.00000000,4816993.00000000
1770692400000,9088116.00000000,4097684.00000000
1770696000000,7603961.00000000,3210795.00000000
1770699600000,11766449.00000000,5513774.00000000
1770703200000,10975136.00000000,4693943.00000000
1770706800000,98270772.00000000,52871724.00000000
1770710400000,75606085.00000000,38029311.00000000
1770714000000,48441690.00000000,24754527.00000000
1770717600000,23112481.00000000,10377801.00000000
1770721200000,17921870.00000000,7914114.00000000
1770724800000,19123029.00000000,9210814.00000000
1770728400000,14362079.00000000,7484720.00000000
1770732000000,16467456.00000000,7554063.00000000
1770735600000,13488579.00000000,6940122.00000000
1770739200000,15673581.00000000,7874764.00000000
1770742800000,6672722.00000000,3529495.00000000
1770746400000,8304721.00000000,3964383.00000000
1770750000000,4633341.00000000,2195560.00000000
1770753600000,10519188.00000000,5503239.00000000
1770757200000,6554928.00000000,3081900.00000000
1770760800000,7029916.00000000,3902445.00000000
1770764400000,5777935.00000000,3604031.00000000
1770768000000,39781966.00000000,21120398.00000000
1770771600000,11483162.00000000,4111171.00000000
1770775200000,6670432.00000000,3480515.00000000
1770778800000,7654927.00000000,3298437.00000000
1770782400000,9560735.00000000,5533325.00000000
1770786000000,10560852.00000000,5104523.00000000
1770789600000,15396355.00000000,7123681.00000000
1770793200000,5976206.00000000,3486502.00000000
1770796800000,8972680.00000000,4531355.00000000
1770800400000,7471161.00000000,3557817.00000000
1770804000000,5799090.00000000,2350542.00000000
1770807600000,5232904.00000000,2508468.00000000
1770811200000,4771116.00000000,2075515.00000000
1770814800000,9685895.00000000,4414127.00000000
1770818400000,9271543.00000000,5072706.00000000
1770822000000,7667106.00000000,3921466.00000000
1770825600000,6163813.00000000,3038908.00000000
1770829200000,5464937.00000000,2326090.00000000
1770832800000,3916037.00000000,1808165.00000000
1770836400000,3822403.00000000,1708876.00000000
1770840000000,4083784.00000000,1320438.00000000
1770843600000,4622023.00000000,1986009.00000000
1770847200000,8160327.00000000,2643497.00000000
1770850800000,8246849.00000000,5335976.00000000
1770854400000,4973577.00000000,1796670.00000000
1770858000000,5422122.00000000,2803062.00000000
1770861600000,4789933.00000000,2165800.00000000
1770865200000,1651960.00000000,631047.00000000
1770868800000,1889230.00000000,882416.00000000
1770872400000,2860261.00000000,1767546.00000000
1770876000000,1956642.00000000,823489.00000000
1770879600000,3178136.00000000,1456813.00000000
1770883200000,2527283.00000000,1012046.00000000
1770886800000,4034918.00000000,1809827.00000000
1770890400000,2965891.00000000,1537310.00000000
1770894000000,2401354.00000000,1053991.00000000
1770897600000,7807712.00000000,4660775.00000000
1770901200000,25743853.00000000,13620497.00000000
1770904800000,7212144.00000000,3807180.00000000
1770908400000,19007863.00000000,8935467.00000000
1770912000000,12328724.00000000,6375442.00000000
1770915600000,4360400.00000000,2375024.00000000
1770919200000,3133462.00000000,1628791.00000000
1770922800000,3122816.00000000,1401208.00000000
1770926400000,3710206.00000000,1710569.00000000
1770930000000,3826844.00000000,1935206.00000000
1770933600000,2235734.00000000,977657.00000000
1770937200000,2792688.00000000,1533919.00000000
1770940800000,18600272.00000000,8704477.00000000
1770944400000,4043454.00000000,1626388.00000000
1770948000000,2127636.00000000,821905.00000000
1770951600000,1862488.00000000,786006.00000000
1770955200000,2348882.00000000,1228382.00000000
1770958800000,17328516.00000000,5745432.00000000
1770962400000,27388017.00000000,9054308.00000000
1770966000000,14572773.00000000,6271092.00000000
1770969600000,10534413.00000000,3872865.00000000
1770973200000,11391904.00000000,5516269.00000000
1770976800000,14934104.00000000,7531454.00000000
1770980400000,10311302.00000000,5875770.00000000
1770984000000,3647330.00000000,1735397.00000000
1770987600000,4607232.00000000,1702048.00000000
1770991200000,10134656.00000000,4637948.00000000
1770994800000,16732508.00000000,9229531.00000000
1770998400000,12910718.00000000,5751675.00000000
1771002000000,9285084.00000000,4757759.00000000
1771005600000,5550114.00000000,2144328.00000000
1771009200000,4783388.00000000,1863016.00000000
1771012800000,5066639.00000000,2718494.00000000
1771016400000,3280103.00000000,1127861.00000000
1771020000000,6789759.00000000,3537573.00000000
1771023600000,11543526.00000000,6816092.00000000
1771027200000,9741712.00000000,5350359.00000000
1771030800000,4724169.00000000,1671964.00000000
1771034400000,2345815.00000000,1035529.00000000
1771038000000,1606833.00000000,546959.00000000
1771041600000,3593033.00000000,2138786.00000000
1771045200000,6314715.00000000,2575584.00000000
1771048800000,4457489.00000000,2195826.00000000
1771052400000,3030218.00000000,1219879.00000000
1771056000000,13700054.00000000,6277198.00000000
1771059600000,10022386.00000000,3931133.00000000
1771063200000,5924907.00000000,2650202.00000000
1771066800000,5921187.00000000,3149746.00000000
1771070400000,5772573.00000000,3222670.00000000
1771074000000,5057728.00000000,2751992.00000000
1771077600000,3118872.00000000,1467744.00000000
1771081200000,5557075.00000000,2974136.00000000
1771084800000,4081570.00000000,2300114.00000000
1771088400000,3221120.00000000,1584133.00000000
1771092000000,1856693.00000000,825540.00000000
1771095600000,4768151.00000000,2127759.00000000
1771099200000,3491551.00000000,1954122.00000000
1771102800000,6156226.00000000,3283439.00000000
1771106400000,3374566.00000000,1829307.00000000
1771110000000,10437472.00000000,5924463.00000000
1771113600000,7850170.00000000,4318467.00000000
1771117200000,4153723.00000000,1465603.00000000
1771120800000,3794265.00000000,1951745.00000000
1771124400000,3116000.00000000,1298019.00000000
1771128000000,5441763.00000000,3257561.00000000
1771131600000,2655704.00000000,1208557.00000000
1771135200000,5113436.00000000,2032974.00000000
1771138800000,3291937.00000000,1096952.00000000
1771142400000,6215897.00000000,2581885.00000000
1771146000000,4776552.00000000,2113940.00000000
1771149600000,3473316.00000000,1918885.00000000
1771153200000,3981382.00000000,1916869.00000000
1771156800000,6129578.00000000,3805083.00000000
1771160400000,7990597.00000000,4256263.00000000
1771164000000,1850859.00000000,882053.00000000
1771167600000,3202068.00000000,840172.00000000
1771171200000,2757924.00000000,1158768.00000000
1771174800000,9295531.00000000,4239508.00000000
1771178400000,5578547.00000000,2676658.00000000
1771182000000,5580114.00000000,2264068.00000000
1771185600000,2890348.00000000,1045916.00000000
1771189200000,2912419.00000000,1341896.00000000
1771192800000,3710695.00000000,2255722.00000000
1771196400000,3501228.00000000,2011616.00000000
1771200000000,2811574.00000000,1046083.00000000
1771203600000,2263207.00000000,936628.00000000
1771207200000,1906125.00000000,931710.00000000
1771210800000,2835904.00000000,1154298.00000000
1771214400000,2533923.00000000,957110.00000000
1771218000000,3785215.00000000,1636490.00000000
1771221600000,2182760.00000000,1054912.00000000
1771225200000,7113492.00000000,3201734.00000000
1771228800000,4795519.00000000,1628334.00000000
1771232400000,6291094.00000000,2842424.00000000
1771236000000,6536600.00000000,3122788.00000000
1771239600000,4022360.00000000,2144151.00000000
1771243200000,4444285.00000000,1561963.00000000
1771246800000,17788021.00000000,9571131.00000000
1771250400000,7387084.00000000,2994789.00000000
1771254000000,8402205.00000000,4375266.00000000
1771257600000,3917934.00000000,1674691.00000000
1771261200000,4233572.00000000,2489553.00000000
1771264800000,24091306.00000000,12904308.00000000
1771268400000,7035000.00000000,2824235.00000000
1771272000000,3061328.00000000,1237820.00000000
1771275600000,2460473.00000000,1180178.00000000
1771279200000,2430301.00000000,1213216.00000000
1771282800000,3178657.00000000,1833053.00000000
1771286400000,3976726.00000000,1928257.00000000
1771290000000,2197703.00000000,1220212.00000000
1771293600000,8630510.00000000,4866225.00000000
1771297200000,22784588.00000000,13264113.00000000
1771300800000,9430732.00000000,3435700.00000000
1771304400000,7956838.00000000,3555496.00000000
1771308000000,4327875.00000000,1913207.00000000
1771311600000,5100491.00000000,1949513.00000000
1771315200000,3850188.00000000,1692452.00000000
1771318800000,3785189.00000000,2244534.00000000
1771322400000,3627251.00000000,1565739.00000000
1771326000000,3298565.00000000,1026146.00000000
1771329600000,3275752.00000000,1579889.00000000
1771333200000,2659728.00000000,1196738.00000000
1771336800000,7394363.00000000,3463496.00000000
1771340400000,7816788.00000000,3569924.00000000
1771344000000,8450666.00000000,3683665.00000000
1771347600000,5611877.00000000,2512035.00000000
1771351200000,4148468.00000000,1643296.00000000
1771354800000,2787801.00000000,981473.00000000
1771358400000,2419862.00000000,1498793.00000000
1771362000000,1898971.00000000,879280.00000000
1771365600000,4575813.00000000,2482814.00000000
1771369200000,2899241.00000000,1463838.00000000
1771372800000,3456076.00000000,1301454.00000000
1771376400000,4100075.00000000,2517024.00000000
1771380000000,2407053.00000000,1447374.00000000
1771383600000,1447123.00000000,597645.00000000
1771387200000,1083365.00000000,393933.00000000
1771390800000,2183295.00000000,1010860.00000000
1771394400000,1474441.00000000,590659.00000000
1771398000000,2087212.00000000,812948.00000000
1771401600000,2477620.00000000,880866.00000000
1771405200000,2099877.00000000,828367.00000000
1771408800000,2812065.00000000,1463588.00000000
1771412400000,4748313.00000000,2246831.00000000
1771416000000,16393824.00000000,9378713.00000000
1771419600000,23670200.00000000,12294957.00000000
1771423200000,8780206.00000000,4376107.00000000
1771426800000,7613060.00000000,3070966.00000000
1771430400000,8172843.00000000,3987729.00000000
1771434000000,6420842.00000000,3320820.00000000
1771437600000,10152546.00000000,4060079.00000000
1771441200000,5746433.00000000,2746603.00000000
1771444800000,4568760.00000000,2139146.00000000
1771448400000,6097392.00000000,3150041.00000000
1771452000000,18370077.00000000,10500021.00000000
1771455600000,22839278.00000000,13027882.00000000
1771459200000,11759929.00000000,5289500.00000000
1771462800000,8030377.00000000,3467106.00000000
1771466400000,4729139.00000000,2333885.00000000
1771470000000,2607564.00000000,1057442.00000000
1771473600000,11140395.00000000,3530698.00000000
1771477200000,15716140.00000000,7180403.00000000
1771480800000,7299114.00000000,3284325.00000000
1771484400000,7183917.00000000,3733025.00000000
1771488000000,11642488.00000000,4769251.00000000
1771491600000,7332146.00000000,4077514.00000000
1771495200000,7637110.00000000,3762833.00000000
1771498800000,5671545.00000000,2556407.00000000
1771502400000,3814760.00000000,1440603.00000000
1771506000000,9534239.00000000,3970778.00000000
1771509600000,8218835.00000000,3824409.00000000
1771513200000,6248632.00000000,2971181.00000000
1771516800000,7064963.00000000,3213861.00000000
1771520400000,4170223.00000000,2407338.00000000
1771524000000,3697006.00000000,1406733.00000000
1771527600000,2333013.00000000,1343215.00000000
1771531200000,2894945.00000000,1692310.00000000
1771534800000,4310151.00000000,1789023.00000000
1771538400000,2810465.00000000,1705955.00000000
1771542000000,1981287.00000000,928730.00000000
1771545600000,8456121.00000000,4377561.00000000
1771549200000,16590458.00000000,8321518.00000000
1771552800000,12274585.00000000,5028766.00000000
1771556400000,5705327.00000000,2819889.00000000
1771560000000,6953911.00000000,3276773.00000000
1771563600000,4933378.00000000,2291074.00000000
1771567200000,3096332.00000000,1481958.00000000
1771570800000,3396423.00000000,1683906.00000000
1771574400000,8006137.00000000,3805129.00000000
1771578000000,20074384.00000000,10995109.00000000
1771581600000,8447255.00000000,3926045.00000000
1771585200000,40514163.00000000,21455006.00000000
1771588800000,39624181.00000000,21469471.00000000
1771592400000,111594928.00000000,60029948.00000000
1771596000000,69989149.00000000,31035799.00000000
1771599600000,30878198.00000000,13768275.00000000
1771603200000,32994662.00000000,16337706.00000000
1771606800000,24588711.00000000,10201996.00000000
1771610400000,21366731.00000000,11335588.00000000
1771614000000,6678270.00000000,2945959.00000000
1771617600000,5866361.00000000,2513822.00000000
1771621200000,6140576.00000000,2701936.00000000
1771624800000,7677658.00000000,3129457.00000000
1771628400000,6047925.00000000,3409784.00000000
1771632000000,124551397.00000000,67549041.00000000
1771635600000,30495503.00000000,15852635.00000000
1771639200000,11879638.00000000,5328245.00000000
1771642800000,15530789.00000000,8735146.00000000
1771646400000,13189707.00000000,5768342.00000000
1771650000000,14345296.00000000,6128320.00000000
1771653600000,7160906.00000000,3129461.00000000
1771657200000,9047214.00000000,3963448.00000000
1771660800000,10084446.00000000,4400979.00000000
1771664400000,11359629.00000000,4337311.00000000
1771668000000,8477332.00000000,4085333.00000000
1771671600000,7247941.00000000,3557017.00000000
1771675200000,9417003.00000000,3621114.00000000
1771678800000,11289627.00000000,4460909.00000000
1771682400000,5926597.00000000,2269432.00000000
1771686000000,7120523.00000000,3214470.00000000
1771689600000,8574836.00000000,4268758.00000000
1771693200000,9339209.00000000,3234434.00000000
1771696800000,3119604.00000000,1186067.00000000
1771700400000,2481538.00000000,1473202.00000000
1771704000000,6438705.00000000,2382415.00000000
1771707600000,3311683.00000000,1370203.00000000
1771711200000,5013201.00000000,2542366.00000000
1771714800000,3927837.00000000,2263108.00000000
1771718400000,21833825.00000000,8431128.00000000
1771722000000,9243601.00000000,4669683.00000000
1771725600000,8113084.00000000,4090398.00000000
1771729200000,2955801.00000000,1348806.00000000
1771732800000,2492623.00000000,885724.00000000
1771736400000,7033725.00000000,3247431.00000000
1771740000000,8081750.00000000,2703611.00000000
1771743600000,11369424.00000000,7602317.00000000
1771747200000,7282033.00000000,3674736.00000000
1771750800000,3608825.00000000,1637735.00000000
1771754400000,2532264.00000000,1184686.00000000
1771758000000,2060394.00000000,1071516.00000000
1771761600000,3744434.00000000,1877413.00000000
1771765200000,5516299.00000000,2482263.00000000
1771768800000,3797777.00000000,1924528.00000000
1771772400000,2249729.00000000,977435.00000000
1771776000000,3485431.00000000,1620468.00000000
1771779600000,2264465.00000000,1037136.00000000
1771783200000,2685799.00000000,1232633.00000000
1771786800000,1425565.00000000,454797.00000000
1771790400000,1864884.00000000,1086712.00000000
1771794000000,1242703.00000000,601382.00000000
1771797600000,1139794.00000000,510712.00000000
1771801200000,4065988.00000000,2640449.00000000
1771804800000,16274367.00000000,8259774.00000000
1771808400000,24632799.00000000,9983049.00000000
1771812000000,8719781.00000000,3727446.00000000
1771815600000,7492659.00000000,2690944.00000000
1771819200000,3056054.00000000,1637714.00000000
1771822800000,9636445.00000000,5823753.00000000
1771826400000,26610165.00000000,15587895.00000000
1771830000000,29456247.00000000,15619764.00000000
1771833600000,34184332.00000000,18871244.00000000
1771837200000,27638141.00000000,13868300.00000000
1771840800000,14261173.00000000,6413147.00000000
1771844400000,14458474.00000000,6758235.00000000
1771848000000,11881501.00000000,5808616.00000000
1771851600000,14525201.00000000,6681290.00000000
1771855200000,15680239.00000000,7809258.00000000
1771858800000,64078121.00000000,33543471.00000000
1771862400000,59292526.00000000,32699671.00000000
1771866000000,23372217.00000000,10801227.00000000
1771869600000,60910128.00000000,33876466.00000000
1771873200000,59017529.00000000,30736950.00000000
1771876800000,77393308.00000000,38546944.00000000
1771880400000,39588090.00000000,17148936.00000000
1771884000000,25869581.00000000,12122037.00000000
1771887600000,24436629.00000000,12346134.00000000
1771891200000,27511427.00000000,13176942.00000000
1771894800000,19716321.00000000,9309626.00000000
1771898400000,19519778.00000000,8539068.00000000
1771902000000,18101920.00000000,5445696.00000000
1771905600000,10325246.00000000,5002507.00000000
1771909200000,9730939.00000000,4354120.00000000
1771912800000,40159322.00000000,20314593.00000000
1771916400000,26173677.00000000,13938392.00000000
1771920000000,52824492.00000000,28711791.00000000
1771923600000,17476202.00000000,7698911.00000000
1771927200000,13226694.00000000,5904293.00000000
1771930800000,12037928.00000000,4989925.00000000
1771934400000,11325504.00000000,5945607.00000000
1771938000000,9334182.00000000,4485245.00000000
1771941600000,17910360.00000000,6981006.00000000
1771945200000,7843597.00000000,4441779.00000000
1771948800000,9256016.00000000,3866474.00000000
1771952400000,8950136.00000000,4993457.00000000
1771956000000,6075922.00000000,2574310.00000000
1771959600000,5403290.00000000,1907789.00000000
1771963200000,7480583.00000000,3257059.00000000
1771966800000,4872755.00000000,2769672.00000000
1771970400000,4685523.00000000,2147151.00000000
1771974000000,3898804.00000000,1731725.00000000
1771977600000,10893464.00000000,4588554.00000000
1771981200000,10340903.00000000,4558965.00000000
1771984800000,7748682.00000000,4308745.00000000
1771988400000,8545362.00000000,3733632.00000000
1771992000000,7313702.00000000,3112192.00000000
1771995600000,10058276.00000000,4660183.00000000
1771999200000,16067541.00000000,6538483.00000000
1772002800000,12511188.00000000,4937308.00000000
1772006400000,8737959.00000000,4218885.00000000
1772010000000,5160554.00000000,2229609.00000000
1772013600000,8678229.00000000,2920603.00000000
1772017200000,5565433.00000000,1865537.00000000
1772020800000,7523217.00000000,3745387.00000000
1772024400000,8169102.00000000,4319497.00000000
1772028000000,6317196.00000000,3021078.00000000
1772031600000,14642401.00000000,6711648.00000000
1772035200000,3786197.00000000,2094689.00000000
1772038800000,3778155.00000000,2183440.00000000
1772042400000,2511015.00000000,1282335.00000000
1772046000000,9299207.00000000,4012097.00000000
1772049600000,8281712.00000000,3898329.00000000
1772053200000,5803640.00000000,3311812.00000000
1772056800000,3475594.00000000,1978085.00000000
1772060400000,9840319.00000000,4151684.00000000
1772064000000,6943995.00000000,3546528.00000000
1772067600000,3628850.00000000,1479742.00000000
1772071200000,3163946.00000000,1168511.00000000
1772074800000,12310920.00000000,4797991.00000000
1772078400000,4282185.00000000,2089120.00000000
1772082000000,6150977.00000000,3555185.00000000
1772085600000,8863092.00000000,4473656.00000000
1772089200000,5146626.00000000,2575418.00000000
1772092800000,6132234.00000000,3076821.00000000
1772096400000,7241193.00000000,3782827.00000000
1772100000000,15237763.00000000,5906084.00000000
1772103600000,38937277.00000000,20803769.00000000
1772107200000,7438582.00000000,3310477.00000000
1772110800000,11047667.00000000,5328313.00000000
1772114400000,18929363.00000000,10532438.00000000
1772118000000,13242786.00000000,4348359.00000000
1772121600000,10242827.00000000,4598413.00000000
1772125200000,6935883.00000000,2742700.00000000
1772128800000,20805482.00000000,12206325.00000000
1772132400000,26334558.00000000,13818629.00000000
1772136000000,5236036.00000000,2163685.00000000
1772139600000,4126396.00000000,1912135.00000000
1772143200000,6655824.00000000,3587458.00000000
1772146800000,18595862.00000000,8590276.00000000
1772150400000,15911128.00000000,6812227.00000000
1772154000000,18163500.00000000,9051141.00000000
1772157600000,12489770.00000000,4892013.00000000
1772161200000,10585736.00000000,6450336.00000000
1772164800000,7063009.00000000,2466369.00000000
1772168400000,6622901.00000000,2444203.00000000
1772172000000,7119797.00000000,3081957.00000000
1772175600000,5256183.00000000,2136747.00000000
1772179200000,8134705.00000000,3228699.00000000
1772182800000,7551579.00000000,2060064.00000000
1772186400000,10894588.00000000,5698217.00000000
1772190000000,12497005.00000000,6517272.00000000
1772193600000,11102726.00000000,5753998.00000000
1772197200000,5884506.00000000,2224601.00000000
1772200800000,5218974.00000000,2488941.00000000
1772204400000,11303211.00000000,5815207.00000000
1772208000000,12804347.00000000,7345432.00000000
1772211600000,5564409.00000000,2103637.00000000
1772215200000,3245166.00000000,1625879.00000000
1772218800000,1698805.00000000,558477.00000000
1772222400000,2493445.00000000,715204.00000000
1772226000000,2061693.00000000,751810.00000000
1772229600000,9241241.00000000,3162274.00000000
1772233200000,2423494.00000000,1477195.00000000
1772236800000,2924683.00000000,1120977.00000000
1772240400000,1882241.00000000,989196.00000000
1772244000000,2399678.00000000,1232323.00000000
1772247600000,10784361.00000000,5725463.00000000
1772251200000,2111269.00000000,887614.00000000
1772254800000,15439376.00000000,5348245.00000000
1772258400000,16951443.00000000,7240176.00000000
1772262000000,8200683.00000000,3751476.00000000
1772265600000,11118749.00000000,4249678.00000000
1772269200000,5585308.00000000,2436411.00000000
1772272800000,3923433.00000000,1893308.00000000
1772276400000,3794652.00000000,2298108.00000000
1772280000000,4095112.00000000,2307497.00000000
1772283600000,7370585.00000000,4007383.00000000
1772287200000,5535450.00000000,3301998.00000000
1772290800000,5075742.00000000,2556645.00000000
1772294400000,2439262.00000000,1260658.00000000
1772298000000,2928864.00000000,1304519.00000000
1772301600000,2945448.00000000,1260197.00000000
1772305200000,6210789.00000000,3696570.00000000
1772308800000,5208689.00000000,2780617.00000000
1772312400000,2154123.00000000,1020321.00000000
1772316000000,3075557.00000000,1405970.00000000
1772319600000,2315059.00000000,678462.00000000
1772323200000,3245043.00000000,2137612.00000000
1772326800000,11255461.00000000,4914050.00000000
1772330400000,8374995.00000000,3815394.00000000
1772334000000,2889984.00000000,1331437.00000000
1772337600000,2608046.00000000,1207676.00000000
1772341200000,1035253.00000000,435421.00000000
1772344800000,4631779.00000000,2090064.00000000
1772348400000,4599433.00000000,2508863.00000000
1772352000000,6365297.00000000,2923134.00000000
1772355600000,2217990.00000000,961168.00000000
1772359200000,5774152.00000000,2707630.00000000
1772362800000,3590639.00000000,1627296.00000000
1772366400000,2504603.00000000,973686.00000000
1772370000000,6699522.00000000,3066044.00000000
1772373600000,4364214.00000000,2625984.00000000
1772377200000,4133831.00000000,2209637.00000000
1772380800000,4169114.00000000,2217906.00000000
1772384400000,5955331.00000000,2932547.00000000
1772388000000,2921266.00000000,1091932.00000000
1772391600000,3372988.00000000,1537333.00000000
1772395200000,6763696.00000000,2899557.00000000
1772398800000,3211893.00000000,1501657.00000000
1772402400000,4551311.00000000,2245942.00000000
1772406000000,2417058.00000000,812336.00000000
1772409600000,3514653.00000000,1680170.00000000
1772413200000,2504606.00000000,1374553.00000000
1772416800000,2197072.00000000,1328917.00000000
1772420400000,2832883.00000000,1589507.00000000
1772424000000,3235423.00000000,1235683.00000000
1772427600000,3093367.00000000,904235.00000000
1772431200000,10538504.00000000,5369490.00000000
1772434800000,4799835.00000000,1513231.00000000
1772438400000,5762953.00000000,2511913.00000000
1772442000000,2128698.00000000,561291.00000000
1772445600000,1869126.00000000,1072572.00000000
1772449200000,4687166.00000000,1742424.00000000
1772452800000,2723409.00000000,1156557.00000000
1772456400000,4208399.00000000,2404827.00000000
1772460000000,7978457.00000000,3728180.00000000
1772463600000,19877310.00000000,5581744.00000000
1772467200000,27321280.00000000,7364193.00000000
1772470800000,5623549.00000000,2582092.00000000
1772474400000,2957092.00000000,1418916.00000000
1772478000000,5527228.00000000,3539359.00000000
1772481600000,5002180.00000000,2314133.00000000
1772485200000,5553478.00000000,3821011.00000000
1772488800000,3031510.00000000,1556969.00000000
1772492400000,4769936.00000000,2364900.00000000
1772496000000,14055290.00000000,7252616.00000000
1772499600000,6267454.00000000,4310626.00000000
1772503200000,8785009.00000000,6062323.00000000
1772506800000,4436617.00000000,1768886.00000000
1772510400000,2353016.00000000,892378.00000000
1772514000000,6028647.00000000,3281532.00000000
1772517600000,5114198.00000000,2165244.00000000
1772521200000,5815359.00000000,2676156.00000000
1772524800000,7764298.00000000,3450110.00000000
1772528400000,4552616.00000000,1680288.00000000
1772532000000,5191163.00000000,2831894.00000000
1772535600000,7940007.00000000,4996262.00000000
1772539200000,4911524.00000000,1655601.00000000
1772542800000,9071874.00000000,3585475.00000000
1772546400000,6731714.00000000,2431589.00000000
1772550000000,4354676.00000000,1454648.00000000
1772553600000,4236624.00000000,1841263.00000000
1772557200000,2377992.00000000,970886.00000000
1772560800000,2183899.00000000,870562.00000000
1772564400000,1914237.00000000,681527.00000000
1772568000000,3923924.00000000,2087345.00000000
1772571600000,2793017.00000000,1681554.00000000
1772575200000,2153192.00000000,932727.00000000
1772578800000,1543209.00000000,840102.00000000
1772582400000,2897903.00000000,1511163.00000000
1772586000000,2616185.00000000,1287587.00000000
1772589600000,1821620.00000000,805564.00000000
1772593200000,2008406.00000000,737513.00000000
1772596800000,1754256.00000000,955316.00000000
1772600400000,2500536.00000000,1367839.00000000
1772604000000,1084639.00000000,449285.00000000
1772607600000,2129500.00000000,835486.00000000
1772611200000,4666025.00000000,2234884.00000000
1772614800000,5719227.00000000,2592645.00000000
1772618400000,3881870.00000000,1469697.00000000
1772622000000,4390437.00000000,2228221.00000000
1772625600000,3771348.00000000,2192416.00000000
1772629200000,3070415.00000000,1328143.00000000
1772632800000,4688086.00000000,2178033.00000000
1772636400000,4857570.00000000,2844474.00000000
1772640000000,5853099.00000000,2189538.00000000
1772643600000,22530235.00000000,14614009.00000000
1772647200000,15105119.00000000,7195709.00000000
1772650800000,7041027.00000000,3056056.00000000
1772654400000,1920863.00000000,579325.00000000
1772658000000,2723342.00000000,1328478.00000000
1772661600000,3431841.00000000,2154623.00000000
1772665200000,3041631.00000000,1624146.00000000
1772668800000,3090360.00000000,1485247.00000000
1772672400000,4669902.00000000,2489131.00000000
1772676000000,2034735.00000000,990350.00000000
1772679600000,1415431.00000000,507062.00000000
1772683200000,1459623.00000000,865897.00000000
1772686800000,1660871.00000000,761172.00000000
1772690400000,3222900.00000000,1957982.00000000
1772694000000,2299555.00000000,889601.00000000
1772697600000,2435603.00000000,1103543.00000000
1772701200000,4078527.00000000,1745085.00000000
1772704800000,4172185.00000000,1659621.00000000
1772708400000,2974044.00000000,809774.00000000
1772712000000,2021959.00000000,1143371.00000000
1772715600000,2654888.00000000,1202942.00000000
1772719200000,3146702.00000000,1418251.00000000
1772722800000,6242587.00000000,2698471.00000000
1772726400000,4552263.00000000,2273596.00000000
1772730000000,1912075.00000000,1217404.00000000
1772733600000,1854772.00000000,1029128.00000000
1772737200000,3368957.00000000,1317940.00000000
1772740800000,1109445.00000000,524882.00000000
1772744400000,1926593.00000000,847638.00000000
1772748000000,12961933.00000000,6659205.00000000
1772751600000,5279064.00000000,2734362.00000000
1772755200000,6206487.00000000,2395797.00000000
1772758800000,5406888.00000000,2495609.00000000
1772762400000,6295595.00000000,2855475.00000000
1772766000000,6299032.00000000,2762341.00000000
1772769600000,13687383.00000000,6631213.00000000
1772773200000,15649598.00000000,5914991.00000000
1772776800000,11666116.00000000,5519025.00000000
1772780400000,22887775.00000000,12649344.00000000
1772784000000,15235946.00000000,5813218.00000000
1772787600000,10920195.00000000,5943955.00000000
1772791200000,61368238.00000000,34430884.00000000
1772794800000,74273714.00000000,44197085.00000000
1772798400000,34889962.00000000,14900760.00000000
1772802000000,18660480.00000000,8650843.00000000
1772805600000,145648672.00000000,80342546.00000000
1772809200000,144849968.00000000,71745362.00000000
1772812800000,88928486.00000000,41525595.00000000
1772816400000,31066351.00000000,14325220.00000000
1772820000000,21852960.00000000,9729798.00000000
1772823600000,15218371.00000000,6944829.00000000
1772827200000,13405655.00000000,6171987.00000000
1772830800000,13982226.00000000,6318127.00000000
1772834400000,8599639.00000000,3210182.00000000
1772838000000,9332374.00000000,4755497.00000000
1772841600000,175878005.00000000,93208525.00000000
1772845200000,54685196.00000000,25204837.00000000
1772848800000,40335927.00000000,20400903.00000000
1772852400000,13082426.00000000,6138076.00000000
1772856000000,16503151.00000000,7488759.00000000
1772859600000,15204503.00000000,5907331.00000000
1772863200000,32699916.00000000,19376520.00000000
1772866800000,64078556.00000000,29741765.00000000
1772870400000,11564686.00000000,5126104.00000000
1772874000000,38996380.00000000,21189281.00000000
1772877600000,17267463.00000000,8212366.00000000
1772881200000,27819613.00000000,11470141.00000000
1772884800000,23289711.00000000,13544813.00000000
1772888400000,10062396.00000000,3820366.00000000
1772892000000,8168771.00000000,3904763.00000000
1772895600000,7287753.00000000,4297219.00000000
1772899200000,8723896.00000000,4488603.00000000
1772902800000,5824906.00000000,2600580.00000000
1772906400000,9091514.00000000,3905398.00000000
1772910000000,12634169.00000000,6668175.00000000
1772913600000,8477933.00000000,3783499.00000000
1772917200000,15194323.00000000,8462187.00000000
1772920800000,43246197.00000000,25610420.00000000
1772924400000,14376895.00000000,6074877.00000000
1772928000000,92182500.00000000,48275275.00000000
1772931600000,24622064.00000000,11876289.00000000
1772935200000,13769530.00000000,6582408.00000000
1772938800000,6973994.00000000,3219272.00000000
1772942400000,7574590.00000000,3719705.00000000
1772946000000,9976222.00000000,3881551.00000000
1772949600000,6125392.00000000,3388929.00000000
1772953200000,4596310.00000000,1942134.00000000
1772956800000,6285515.00000000,3121971.00000000
1772960400000,4527821.00000000,1643623.00000000
1772964000000,5682514.00000000,3038995.00000000
1772967600000,8313663.00000000,4303175.00000000
1772971200000,5531858.00000000,2214584.00000000
1772974800000,7686403.00000000,3347136.00000000
1772978400000,4674725.00000000,2797027.00000000
1772982000000,3643380.00000000,1676938.00000000
1772985600000,1924785.00000000,884797.00000000
1772989200000,2743906.00000000,1494073.00000000
1772992800000,1802567.00000000,1026031.00000000
1772996400000,4178124.00000000,1965628.00000000
1773000000000,1312220.00000000,636301.00000000
1773003600000,2596174.00000000,894488.00000000
1773007200000,7920010.00000000,2735005.00000000
1773010800000,5821278.00000000,2956120.00000000
1773014400000,14527247.00000000,5754182.00000000
1773018000000,9158121.00000000,4035116.00000000
1773021600000,11130967.00000000,5092694.00000000
1773025200000,11963046.00000000,5549334.00000000
1773028800000,7484780.00000000,2960970.00000000
1773032400000,9048621.00000000,3816863.00000000
1773036000000,19129603.00000000,6074009.00000000
1773039600000,8105655.00000000,3190808.00000000
1773043200000,2894416.00000000,950928.00000000
1773046800000,4327155.00000000,1592557.00000000
1773050400000,3102813.00000000,1263791.00000000
1773054000000,5338630.00000000,2091002.00000000
1773057600000,3746613.00000000,1493897.00000000
1773061200000,4987551.00000000,2324258.00000000
1773064800000,9868507.00000000,3445611.00000000
1773068400000,2577119.00000000,1233894.00000000
1773072000000,5900062.00000000,3273065.00000000
1773075600000,6083510.00000000,2186847.00000000
1773079200000,2622042.00000000,1373989.00000000
1773082800000,2945171.00000000,1187689.00000000
1773086400000,2249619.00000000,1012380.00000000
1773090000000,3160976.00000000,1518099.00000000
1773093600000,1554528.00000000,567829.00000000
1773097200000,6399146.00000000,4193332.00000000
1773100800000,6645784.00000000,3724767.00000000
1773104400000,5473944.00000000,2558055.00000000
1773108000000,6778881.00000000,3406368.00000000
1773111600000,3918665.00000000,1081127.00000000
1773115200000,2873066.00000000,1235720.00000000
1773118800000,1883164.00000000,555192.00000000
1773122400000,3679624.00000000,1770903.00000000
1773126000000,4289847.00000000,2085618.00000000
1773129600000,2962801.00000000,1341154.00000000
1773133200000,2889024.00000000,1362561.00000000
1773136800000,1793322.00000000,746701.00000000
1773140400000,2365726.00000000,935603.00000000
1773144000000,4046219.00000000,1545641.00000000
1773147600000,4332414.00000000,1895745.00000000
1773151200000,5154241.00000000,2469767.00000000
1773154800000,6484548.00000000,3279095.00000000
1773158400000,3687338.00000000,1913499.00000000
1773162000000,3591987.00000000,1400376.00000000
1773165600000,4256856.00000000,1977108.00000000
1773169200000,4432220.00000000,2792114.00000000
1773172800000,2444484.00000000,1538714.00000000
1773176400000,1897143.00000000,656557.00000000
1773180000000,2202397.00000000,1395829.00000000
1773183600000,3166228.00000000,1466011.00000000
1773187200000,5985464.00000000,2456100.00000000
1773190800000,7106310.00000000,3225481.00000000
1773194400000,13767093.00000000,6236725.00000000
1773198000000,8064340.00000000,3539501.00000000
1773201600000,5369784.00000000,2246964.00000000
1773205200000,4235323.00000000,2178139.00000000
1773208800000,4806891.00000000,2667947.00000000
1773212400000,2779134.00000000,1763705.00000000
1773216000000,4488516.00000000,1757408.00000000
1773219600000,3220597.00000000,1537079.00000000
1773223200000,5228626.00000000,2795347.00000000
1773226800000,4504427.00000000,1957836.00000000
1773230400000,2915693.00000000,1362547.00000000
1773234000000,10090847.00000000,4615231.00000000
1773237600000,10891011.00000000,4730067.00000000
1773241200000,5715934.00000000,2903051.00000000
1773244800000,1529765.00000000,645437.00000000
1773248400000,2668176.00000000,918961.00000000
1773252000000,1373123.00000000,592703.00000000
1773255600000,3475498.00000000,1367538.00000000
1773259200000,775284.00000000,401623.00000000
1773262800000,2505496.00000000,1359397.00000000
1773266400000,3355322.00000000,1095354.00000000
1773270000000,1950925.00000000,929969.00000000
1773273600000,10811371.00000000,4324519.00000000
1773277200000,7719291.00000000,3348625.00000000
1773280800000,2747442.00000000,1687051.00000000
1773284400000,2861524.00000000,1182636.00000000
1773288000000,2366552.00000000,1322806.00000000
1773291600000,1097084.00000000,581493.00000000
1773295200000,1706186.00000000,877928.00000000
1773298800000,2450638.00000000,1477276.00000000
1773302400000,3938403.00000000,2187370.00000000
1773306000000,35096210.00000000,16233786.00000000
1773309600000,5896002.00000000,3191916.00000000
1773313200000,11701905.00000000,7057371.00000000
1773316800000,7761623.00000000,4505576.00000000
1773320400000,4914642.00000000,2224399.00000000
1773324000000,2984718.00000000,1393234.00000000
1773327600000,3318731.00000000,1084642.00000000
1773331200000,8318868.00000000,4116471.00000000
1773334800000,3190771.00000000,1351612.00000000
1773338400000,2139154.00000000,898250.00000000
1773342000000,4065239.00000000,1881072.00000000
1773345600000,1368018.00000000,692216.00000000
1773349200000,2003574.00000000,1066657.00000000
1773352800000,1239062.00000000,552981.00000000
1773356400000,1608029.00000000,847241.00000000
1773360000000,4652755.00000000,2133629.00000000
1773363600000,13138294.00000000,8336036.00000000
1773367200000,5698506.00000000,2173042.00000000
1773370800000,3445624.00000000,1615604.00000000
1773374400000,4244608.00000000,1909168.00000000
1773378000000,4666653.00000000,2648953.00000000
1773381600000,3326250.00000000,1973401.00000000
1773385200000,2811074.00000000,1364929.00000000
1773388800000,3685202.00000000,1561485.00000000
1773392400000,2814400.00000000,925417.00000000
1773396000000,2116820.00000000,1050876.00000000
1773399600000,2540084.00000000,1154776.00000000
1773403200000,5371029.00000000,2141681.00000000
1773406800000,26767033.00000000,10408768.00000000
1773410400000,16187375.00000000,9694639.00000000
1773414000000,5414015.00000000,2558403.00000000
1773417600000,2691975.00000000,1401538.00000000
1773421200000,4189419.00000000,2166777.00000000
1773424800000,1329006.00000000,544498.00000000
1773428400000,5489971.00000000,2828391.00000000
1773432000000,1820740.00000000,904985.00000000
1773435600000,2380951.00000000,1515690.00000000
1773439200000,2703775.00000000,1361579.00000000
1773442800000,995879.00000000,502556.00000000
1773446400000,4468404.00000000,2481040.00000000
1773450000000,2317355.00000000,1040679.00000000
1773453600000,1739752.00000000,651213.00000000
1773457200000,3221390.00000000,1400110.00000000
1773460800000,2197491.00000000,1070409.00000000
1773464400000,879529.00000000,531311.00000000
1773468000000,6747068.00000000,3555104.00000000
1773471600000,2259840.00000000,1270962.00000000
1773475200000,6941211.00000000,3278680.00000000
1773478800000,5225046.00000000,2835628.00000000
1773482400000,2432664.00000000,1383674.00000000
1773486000000,4666595.00000000,1972397.00000000
1773489600000,2246750.00000000,1257912.00000000
1773493200000,1653607.00000000,697122.00000000
1773496800000,11989965.00000000,6220654.00000000
1773500400000,3198417.00000000,1317767.00000000
1773504000000,7481270.00000000,2888428.00000000
1773507600000,1937743.00000000,723267.00000000
1773511200000,1655688.00000000,775300.00000000
1773514800000,2099013.00000000,832396.00000000
1773518400000,3305546.00000000,2165384.00000000
1773522000000,2148811.00000000,1240896.00000000
1773525600000,1894676.00000000,1191449.00000000
1773529200000,3817283.00000000,2338427.00000000
1773532800000,2231626.00000000,1327267.00000000
1773536400000,1867447.00000000,1231507.00000000
1773540000000,1160494.00000000,632302.00000000
1773543600000,1022371.00000000,489274.00000000
1773547200000,638146.00000000,165838.00000000
1773550800000,1149706.00000000,648142.00000000
1773554400000,938658.00000000,482939.00000000
1773558000000,1432018.00000000,621638.00000000
1773561600000,1310325.00000000,675104.00000000
1773565200000,1003338.00000000,524891.00000000
1773568800000,1116071.00000000,770005.00000000
1773572400000,1109872.00000000,518610.00000000
1773576000000,1905370.00000000,741876.00000000
1773579600000,3070931.00000000,1209284.00000000
1773583200000,696480.00000000,234165.00000000
1773586800000,2681038.00000000,1515078.00000000
1773590400000,1714182.00000000,933315.00000000
1773594000000,1600291.00000000,604655.00000000
1773597600000,1576496.00000000,399972.00000000
1773601200000,753470.00000000,460244.00000000
1773604800000,2317808.00000000,928291.00000000
1773608400000,1396007.00000000,389285.00000000
1773612000000,4566862.00000000,2902696.00000000
1773615600000,2491410.00000000,1205958.00000000
1773619200000,1882499.00000000,989316.00000000
1773622800000,729602.00000000,364290.00000000
1773626400000,632453.00000000,413529.00000000
1773630000000,1423664.00000000,746460.00000000
1773633600000,3272618.00000000,1793726.00000000
1773637200000,2339397.00000000,1225126.00000000
1773640800000,2899240.00000000,883472.00000000
1773644400000,3601454.00000000,920258.00000000
1773648000000,10659864.00000000,5746674.00000000
1773651600000,1744728.00000000,764908.00000000
1773655200000,10683682.00000000,5625926.00000000
1773658800000,5522529.00000000,2851577.00000000
1773662400000,11128648.00000000,6347153.00000000
1773666000000,30855741.00000000,18155659.00000000
1773669600000,11185913.00000000,5696897.00000000
1773673200000,4114735.00000000,1516069.00000000
1773676800000,3174396.00000000,1322114.00000000
1773680400000,7170178.00000000,4014392.00000000
1773684000000,2191669.00000000,1120810.00000000
1773687600000,3749366.00000000,2218447.00000000
1773691200000,2830610.00000000,1390223.00000000
1773694800000,3252825.00000000,1769981.00000000
1773698400000,4056987.00000000,1931038.00000000
1773702000000,3884643.00000000,2251502.00000000
1773705600000,74670016.00000000,40824020.00000000
1773709200000,9937336.00000000,4675779.00000000
1773712800000,4885056.00000000,2278796.00000000
1773716400000,9490665.00000000,4627424.00000000
1773720000000,6453275.00000000,3542047.00000000
1773723600000,2710803.00000000,1106845.00000000
1773727200000,2336878.00000000,845448.00000000
1773730800000,2017606.00000000,883091.00000000
1773734400000,6593113.00000000,3057856.00000000
1773738000000,3076138.00000000,1336015.00000000
1773741600000,2626143.00000000,967913.00000000
1773745200000,1818429.00000000,664091.00000000
1773748800000,4082521.00000000,1938982.00000000
1773752400000,5449838.00000000,2821138.00000000
1773756000000,3026889.00000000,1792271.00000000
1773759600000,3577788.00000000,1502874.00000000
1773763200000,2072886.00000000,1034746.00000000
1773766800000,1835261.00000000,1159463.00000000
1773770400000,740353.00000000,412468.00000000
1773774000000,1148675.00000000,527697.00000000
1773777600000,673085.00000000,390103.00000000
1773781200000,1422919.00000000,761444.00000000
1773784800000,1046329.00000000,635026.00000000
1773788400000,1680577.00000000,668444.00000000
1773792000000,3453778.00000000,1557655.00000000
1773795600000,1663674.00000000,1127576.00000000
1773799200000,774633.00000000,295672.00000000
1773802800000,815301.00000000,471617.00000000
1773806400000,1859174.00000000,749758.00000000
1773810000000,2972045.00000000,1404088.00000000
1773813600000,2533327.00000000,1275822.00000000
1773817200000,1920320.00000000,676068.00000000
1773820800000,1317268.00000000,573099.00000000
1773824400000,1399303.00000000,709863.00000000
1773828000000,2586112.00000000,1615851.00000000
1773831600000,5046527.00000000,1827612.00000000
1773835200000,4255293.00000000,1764597.00000000
1773838800000,3087284.00000000,1107209.00000000
1773842400000,6388303.00000000,2709973.00000000
1773846000000,4421133.00000000,2804903.00000000
1773849600000,7553274.00000000,3772508.00000000
1773853200000,4461619.00000000,2173219.00000000
1773856800000,2356698.00000000,1560175.00000000
1773860400000,1465211.00000000,457530.00000000
1773864000000,1657560.00000000,799166.00000000
1773867600000,2973637.00000000,1237487.00000000
1773871200000,1009702.00000000,373007.00000000
1773874800000,856821.00000000,456082.00000000
1773878400000,11111277.00000000,3662654.00000000
1773882000000,1410205.00000000,805518.00000000
1773885600000,2037252.00000000,1280477.00000000
1773889200000,1156549.00000000,416534.00000000
1773892800000,1740616.00000000,906631.00000000
1773896400000,603539.00000000,241848.00000000
1773900000000,1513116.00000000,777474.00000000
1773903600000,2448598.00000000,1041792.00000000
1773907200000,1158018.00000000,581312.00000000
1773910800000,878972.00000000,461348.00000000
1773914400000,378014.00000000,179005.00000000
1773918000000,559218.00000000,207209.00000000
1773921600000,1560933.00000000,875504.00000000
1773925200000,4488454.00000000,1794222.00000000
1773928800000,787570.00000000,393887.00000000
1773932400000,2045201.00000000,913872.00000000
1773936000000,3905612.00000000,1547886.00000000
1773939600000,3211145.00000000,1926166.00000000
1773943200000,981211.00000000,542048.00000000
1773946800000,1373144.00000000,709083.00000000
1773950400000,828658.00000000,403534.00000000
1773954000000,502199.00000000,270117.00000000
1773957600000,605487.00000000,133469.00000000
1773961200000,763393.00000000,519696.00000000
1773964800000,2297776.00000000,1352667.00000000
1773968400000,1436876.00000000,604428.00000000
1773972000000,479950.00000000,202988.00000000
1773975600000,985957.00000000,346024.00000000
1773979200000,783381.00000000,298360.00000000
1773982800000,772056.00000000,330202.00000000
1773986400000,731363.00000000,320081.00000000
1773990000000,1124169.00000000,571886.00000000
1773993600000,1384736.00000000,639567.00000000
1773997200000,754081.00000000,284636.00000000
1774000800000,648937.00000000,344069.00000000
1774004400000,799409.00000000,432284.00000000
1774008000000,697122.00000000,269458.00000000
1774011600000,1653542.00000000,496403.00000000
1774015200000,1244563.00000000,771166.00000000
1774018800000,971649.00000000,571625.00000000
1774022400000,1193489.00000000,573405.00000000
1774026000000,297115.00000000,163505.00000000
1774029600000,730787.00000000,258870.00000000
1774033200000,1172800.00000000,589908.00000000
1774036800000,2621182.00000000,1561015.00000000
1774040400000,949310.00000000,441705.00000000
1774044000000,1121244.00000000,158240.00000000
1774047600000,556929.00000000,68789.00000000
1774051200000,1460361.00000000,477422.00000000
1774054800000,951294.00000000,209708.00000000
1774058400000,491818.00000000,345142.00000000
1774062000000,900277.00000000,385322.00000000
1774065600000,898389.00000000,197409.00000000
1774069200000,2258915.00000000,1050629.00000000
1774072800000,1701218.00000000,577225.00000000
1774076400000,297157.00000000,114856.00000000
1774080000000,645587.00000000,381030.00000000
1774083600000,467220.00000000,152701.00000000
1774087200000,815674.00000000,213118.00000000
1774090800000,1001797.00000000,532585.00000000
1774094400000,1032768.00000000,705710.00000000
1774098000000,1049928.00000000,517250.00000000
1774101600000,471619.00000000,254900.00000000
1774105200000,304234.00000000,108338.00000000
1774108800000,297966.00000000,110068.00000000
1774112400000,478259.00000000,321765.00000000
1774116000000,195966.00000000,49202.00000000
1774119600000,96792.00000000,60224.00000000
1774123200000,384629.00000000,125848.00000000
1774126800000,421995.00000000,219390.00000000
1774130400000,558673.00000000,245183.00000000
1774134000000,4769214.00000000,2138817.00000000
1774137600000,2788647.00000000,1222813.00000000
1774141200000,668936.00000000,271279.00000000
1774144800000,553924.00000000,186128.00000000
1774148400000,1794278.00000000,520909.00000000
1774152000000,823384.00000000,424400.00000000
1774155600000,412439.00000000,169375.00000000
1774159200000,782207.00000000,176153.00000000
1774162800000,288553.00000000,149242.00000000
1774166400000,1229230.00000000,686584.00000000
1774170000000,697123.00000000,394420.00000000
1774173600000,962123.00000000,585296.00000000
1774177200000,2831996.00000000,1418421.00000000
1774180800000,1259835.00000000,717997.00000000
1774184400000,952669.00000000,670030.00000000
1774188000000,726366.00000000,281444.00000000
1774191600000,647820.00000000,307312.00000000
1774195200000,695170.00000000,380653.00000000
1774198800000,3297008.00000000,1210381.00000000
1774202400000,1123557.00000000,416474.00000000
1774206000000,905178.00000000,472052.00000000
1774209600000,615631.00000000,334713.00000000
1774213200000,1681731.00000000,811954.00000000
1774216800000,949580.00000000,542197.00000000
1774220400000,1028168.00000000,750946.00000000
1774224000000,1386093.00000000,629767.00000000
1774227600000,1301445.00000000,776010.00000000
1774231200000,550000.00000000,163605.00000000
1774234800000,503340.00000000,148087.00000000
1774238400000,732883.00000000,268412.00000000
1774242000000,875963.00000000,327435.00000000
1774245600000,1052280.00000000,544658.00000000
1774249200000,1579228.00000000,849611.00000000
1774252800000,573775.00000000,264439.00000000
1774256400000,1849585.00000000,911137.00000000
1774260000000,1310826.00000000,673725.00000000
1774263600000,11135167.00000000,5093686.00000000
1774267200000,1609144.00000000,695481.00000000
1774270800000,1382952.00000000,605833.00000000
1774274400000,814621.00000000,478776.00000000
1774278000000,2937953.00000000,1072493.00000000
1774281600000,2052254.00000000,1130405.00000000
1774285200000,1955357.00000000,400361.00000000
1774288800000,677819.00000000,362397.00000000
1774292400000,3425294.00000000,2291977.00000000
1774296000000,1118561.00000000,845857.00000000
1774299600000,1949399.00000000,1207195.00000000
1774303200000,1094842.00000000,601602.00000000
1774306800000,491296.00000000,230393.00000000
1774310400000,2004357.00000000,679472.00000000
1774314000000,3472567.00000000,1698369.00000000
1774317600000,741270.00000000,368716.00000000
1774321200000,889546.00000000,361964.00000000
1774324800000,861961.00000000,352930.00000000
1774328400000,760291.00000000,417615.00000000
1774332000000,774468.00000000,302005.00000000
1774335600000,1629729.00000000,760256.00000000
1774339200000,1459572.00000000,662271.00000000
1774342800000,2531385.00000000,1340990.00000000
1774346400000,2435762.00000000,824140.00000000
1774350000000,1583685.00000000,546296.00000000
1774353600000,2816639.00000000,827846.00000000
1774357200000,2068800.00000000,970324.00000000
1774360800000,3121710.00000000,1030849.00000000
1774364400000,2815558.00000000,1181308.00000000
1774368000000,6178521.00000000,2760422.00000000
1774371600000,1163949.00000000,705489.00000000
1774375200000,2179674.00000000,1123770.00000000
1774378800000,994327.00000000,495440.00000000
1774382400000,1895845.00000000,915460.00000000
1774386000000,1446594.00000000,497464.00000000
1774389600000,1641057.00000000,650037.00000000
1774393200000,1460184.00000000,784339.00000000
1774396800000,3421676.00000000,1818330.00000000
1774400400000,2079450.00000000,988418.00000000
1774404000000,7019022.00000000,3308223.00000000
1774407600000,6783264.00000000,3497500.00000000
1774411200000,14969513.00000000,7614697.00000000
1774414800000,10178852.00000000,5309266.00000000
1774418400000,18702528.00000000,9986904.00000000
1774422000000,11497654.00000000,4568456.00000000
1774425600000,5289642.00000000,1833772.00000000
1774429200000,3322328.00000000,1230289.00000000
1774432800000,3406247.00000000,1290557.00000000
1774436400000,3560931.00000000,1517002.00000000
1774440000000,3276481.00000000,935404.00000000
1774443600000,1524469.00000000,738169.00000000
1774447200000,1065647.00000000,417772.00000000
1774450800000,2085082.00000000,605328.00000000
1774454400000,1803908.00000000,633892.00000000
1774458000000,817431.00000000,326199.00000000
1774461600000,1037753.00000000,249378.00000000
1774465200000,831679.00000000,461954.00000000
1774468800000,852324.00000000,332466.00000000
1774472400000,1170243.00000000,356346.00000000
1774476000000,1133581.00000000,498600.00000000
1774479600000,1378443.00000000,455185.00000000
1774483200000,1547623.00000000,626925.00000000
1774486800000,460741.00000000,120511.00000000
1774490400000,1009113.00000000,373700.00000000
1774494000000,2020317.00000000,1135590.00000000
1774497600000,666261.00000000,145354.00000000
1774501200000,2129072.00000000,927647.00000000
1774504800000,1890343.00000000,585568.00000000
1774508400000,5388842.00000000,2215179.00000000
1774512000000,26904908.00000000,10173291.00000000
1774515600000,3461758.00000000,1597783.00000000
1774519200000,1867360.00000000,836861.00000000
1774522800000,1434303.00000000,865495.00000000
1774526400000,2490258.00000000,971805.00000000
1774530000000,1740756.00000000,634591.00000000
1774533600000,1122263.00000000,465743.00000000
1774537200000,1722399.00000000,814787.00000000
1774540800000,1249431.00000000,557428.00000000
1774544400000,1222215.00000000,915292.00000000
1774548000000,589508.00000000,246757.00000000
1774551600000,971868.00000000,357523.00000000
1774555200000,2890859.00000000,1452754.00000000
1774558800000,978975.00000000,548142.00000000
1774562400000,977559.00000000,440497.00000000
1774566000000,1336670.00000000,882930.00000000
1774569600000,2603816.00000000,1288901.00000000
1774573200000,1357329.00000000,464345.00000000
1774576800000,1202308.00000000,611965.00000000
1774580400000,2944608.00000000,1229598.00000000
1774584000000,1290719.00000000,447124.00000000
1774587600000,1289943.00000000,700968.00000000
1774591200000,542655.00000000,166628.00000000
1774594800000,394714.00000000,204486.00000000
1774598400000,3863429.00000000,1337691.00000000
1774602000000,3239117.00000000,1022169.00000000
1774605600000,9539995.00000000,3161011.00000000
1774609200000,24169535.00000000,11983803.00000000
1774612800000,17342884.00000000,9838465.00000000
1774616400000,13014539.00000000,6021601.00000000
1774620000000,6759558.00000000,3988624.00000000
1774623600000,7897501.00000000,4751507.00000000
1774627200000,4428665.00000000,2292803.00000000
1774630800000,5484773.00000000,3345202.00000000
1774634400000,5120314.00000000,3102141.00000000
1774638000000,3960977.00000000,2577605.00000000
1774641600000,5703193.00000000,3588932.00000000
1774645200000,1814804.00000000,1134760.00000000
1774648800000,2226938.00000000,1192704.00000000
1774652400000,3069765.00000000,1967108.00000000
1774656000000,9527563.00000000,4688439.00000000
1774659600000,3340549.00000000,1870631.00000000
1774663200000,5116576.00000000,2624029.00000000
1774666800000,18160230.00000000,12735852.00000000
1774670400000,3394559.00000000,2028782.00000000
1774674000000,1905396.00000000,1158119.00000000
1774677600000,7291395.00000000,4425270.00000000
1774681200000,5329687.00000000,2834870.00000000
1774684800000,7281742.00000000,3047662.00000000
1774688400000,6336071.00000000,2539423.00000000
1774692000000,1986914.00000000,1037442.00000000
1774695600000,1572817.00000000,887759.00000000
1774699200000,1261802.00000000,595290.00000000
1774702800000,1968516.00000000,872768.00000000
1774706400000,2298367.00000000,1026509.00000000
1774710000000,2154729.00000000,1104272.00000000
1774713600000,1535711.00000000,886381.00000000
1774717200000,1369161.00000000,526859.00000000
1774720800000,1432703.00000000,628602.00000000
1774724400000,1564806.00000000,637308.00000000
1774728000000,1662269.00000000,703334.00000000
1774731600000,1902139.00000000,577062.00000000
1774735200000,2672973.00000000,1547550.00000000
1774738800000,2764520.00000000,1089499.00000000
1774742400000,3870815.00000000,1552455.00000000
1774746000000,2494755.00000000,1162703.00000000
1774749600000,2158885.00000000,1210562.00000000
1774753200000,4632290.00000000,1757111.00000000
1774756800000,3111660.00000000,2063919.00000000
1774760400000,4670269.00000000,2020527.00000000
1774764000000,3281349.00000000,1514509.00000000
1774767600000,3110427.00000000,1282184.00000000
1774771200000,2988579.00000000,1451854.00000000
1774774800000,90736069.00000000,47654028.00000000
1774778400000,156436308.00000000,80374643.00000000
1774782000000,93388090.00000000,48410159.00000000
1774785600000,30469694.00000000,15303638.00000000
1774789200000,123048483.00000000,65206765.00000000
1774792800000,64649204.00000000,33214595.00000000
1774796400000,46910647.00000000,23362804.00000000
1774800000000,37068507.00000000,15726157.00000000
1774803600000,39640356.00000000,18099257.00000000
1774807200000,30674216.00000000,16030555.00000000
1774810800000,17662453.00000000,6818619.00000000
1774814400000,16184044.00000000,6298255.00000000
1774818000000,22162933.00000000,6826918.00000000
1774821600000,16028961.00000000,7611739.00000000
1774825200000,13337428.00000000,6882711.00000000
1774828800000,38754652.00000000,17830768.00000000
1774832400000,7248059.00000000,2869280.00000000
1774836000000,10351694.00000000,5121991.00000000
1774839600000,8657668.00000000,3519634.00000000
1774843200000,12678546.00000000,7282553.00000000
1774846800000,10601453.00000000,5582674.00000000
1774850400000,24410694.00000000,14180830.00000000
1774854000000,33428715.00000000,17687313.00000000
1774857600000,21526174.00000000,10436937.00000000
1774861200000,28847562.00000000,12964732.00000000
1774864800000,11458671.00000000,5809993.00000000
1774868400000,12109322.00000000,5338016.00000000
1774872000000,6917289.00000000,3656970.00000000
1774875600000,9134564.00000000,3798814.00000000
1774879200000,19986538.00000000,7649024.00000000
1774882800000,6496712.00000000,2402707.00000000
1774886400000,7439094.00000000,2809794.00000000
1774890000000,4649034.00000000,1888314.00000000
1774893600000,5997612.00000000,2173493.00000000
1774897200000,5716951.00000000,1800863.00000000
1774900800000,2699909.00000000,886461.00000000
1774904400000,2770529.00000000,1163819.00000000
1774908000000,1351119.00000000,499423.00000000
1774911600000,1960852.00000000,821384.00000000
1774915200000,6358352.00000000,3270659.00000000
1774918800000,3338457.00000000,1493603.00000000
1774922400000,2260681.00000000,913945.00000000
1774926000000,3399398.00000000,1946320.00000000
1774929600000,6037521.00000000,2688766.00000000
1774933200000,2290422.00000000,1141062.00000000
1774936800000,3819294.00000000,1462450.00000000
1774940400000,4757781.00000000,1816105.00000000
1774944000000,6404845.00000000,2121347.00000000
1774947600000,5385259.00000000,2994345.00000000
1774951200000,2796489.00000000,1235575.00000000
1774954800000,1838480.00000000,715636.00000000
1774958400000,1683769.00000000,558082.00000000
1774962000000,2534614.00000000,958412.00000000
1774965600000,4637314.00000000,1732344.00000000
1774969200000,2467238.00000000,743709.00000000
1774972800000,1428185.00000000,542964.00000000
1774976400000,1891024.00000000,930172.00000000
1774980000000,1635631.00000000,786200.00000000
1774983600000,838197.00000000,506226.00000000
1774987200000,1203688.00000000,345991.00000000
1774990800000,1830417.00000000,586343.00000000
1774994400000,1075922.00000000,364052.00000000
1774998000000,1174666.00000000,552649.00000000
1775001600000,6284749.00000000,3805798.00000000
1775005200000,3688808.00000000,549359.00000000
1775008800000,1015906.00000000,436478.00000000
1775012400000,2138129.00000000,817150.00000000
1775016000000,1131519.00000000,412665.00000000
1775019600000,2350393.00000000,1056912.00000000
1775023200000,1837628.00000000,821111.00000000
1775026800000,850929.00000000,202573.00000000
1775030400000,2261209.00000000,703514.00000000
1775034000000,2066874.00000000,1135016.00000000
1775037600000,7848647.00000000,2819653.00000000
1775041200000,3161613.00000000,1621220.00000000
1775044800000,6365494.00000000,2981062.00000000
1775048400000,4301185.00000000,1615775.00000000
1775052000000,4317698.00000000,1918196.00000000
1775055600000,3704130.00000000,1488696.00000000
1775059200000,3342518.00000000,1758795.00000000
1775062800000,5322165.00000000,1282337.00000000
1775066400000,1539675.00000000,511806.00000000
1775070000000,1243331.00000000,588032.00000000
1775073600000,2301678.00000000,914233.00000000
1775077200000,1927827.00000000,934170.00000000
1775080800000,1500399.00000000,493897.00000000
1775084400000,1313004.00000000,610275.00000000
1775088000000,43296425.00000000,22063291.00000000
1775091600000,8838032.00000000,3841616.00000000
1775095200000,5049560.00000000,1535786.00000000
1775098800000,4383185.00000000,1407981.00000000
1775102400000,1453275.00000000,512320.00000000
1775106000000,3254610.00000000,941913.00000000
1775109600000,2215450.00000000,822620.00000000
1775113200000,2317291.00000000,783710.00000000
1775116800000,2713715.00000000,1527177.00000000
1775120400000,4805432.00000000,1955204.00000000
1775124000000,715811.00000000,262703.00000000
1775127600000,3445899.00000000,1715173.00000000
1775131200000,2472847.00000000,788858.00000000
1775134800000,3082254.00000000,1283427.00000000
1775138400000,2568949.00000000,1237749.00000000
1775142000000,3575393.00000000,1468367.00000000
1775145600000,2070327.00000000,710078.00000000
1775149200000,1531804.00000000,538144.00000000
1775152800000,1350322.00000000,369798.00000000
1775156400000,1778284.00000000,850288.00000000
1775160000000,1189294.00000000,446570.00000000
1775163600000,2470779.00000000,1021729.00000000
1775167200000,10222524.00000000,5489887.00000000
1775170800000,9959035.00000000,3082424.00000000
1775174400000,2055145.00000000,1083122.00000000
1775178000000,52681812.00000000,16575958.00000000
1775181600000,33773526.00000000,19067659.00000000
1775185200000,3378159.00000000,2268274.00000000
1775188800000,2945724.00000000,1959678.00000000
1775192400000,3407606.00000000,2299959.00000000
1775196000000,2684285.00000000,1121589.00000000
1775199600000,2596958.00000000,1163468.00000000
1775203200000,1046668.00000000,548171.00000000
1775206800000,1651453.00000000,1164567.00000000
1775210400000,1389729.00000000,668139.00000000
1775214000000,4849316.00000000,2088001.00000000
1775217600000,6362224.00000000,3924266.00000000
1775221200000,6235224.00000000,4285129.00000000
1775224800000,2836579.00000000,1393245.00000000
1775228400000,4050988.00000000,2792467.00000000
1775232000000,1923835.00000000,1193930.00000000
1775235600000,4749761.00000000,2502791.00000000
1775239200000,5608026.00000000,3065795.00000000
1775242800000,5792543.00000000,3873670.00000000
1775246400000,4954755.00000000,3805041.00000000
1775250000000,3294312.00000000,1938629.00000000
1775253600000,2313511.00000000,1450256.00000000
1775257200000,6936056.00000000,4573157.00000000
1775260800000,5721077.00000000,2638463.00000000
1775264400000,3753017.00000000,2258911.00000000
1775268000000,1407107.00000000,728164.00000000
1775271600000,968109.00000000,638468.00000000
1775275200000,2086993.00000000,1196670.00000000
1775278800000,1175188.00000000,360442.00000000
1775282400000,2022206.00000000,1066765.00000000
1775286000000,1503764.00000000,984088.00000000
1775289600000,3026957.00000000,2416135.00000000
1775293200000,3824888.00000000,1655031.00000000
1775296800000,2496154.00000000,1156919.00000000
1775300400000,1065910.00000000,456763.00000000
1775304000000,5113833.00000000,3335837.00000000
1775307600000,2473391.00000000,995798.00000000
1775311200000,2527494.00000000,1568309.00000000
1775314800000,1582908.00000000,860800.00000000
1775318400000,1509640.00000000,616844.00000000
1775322000000,772706.00000000,438231.00000000
1775325600000,1661317.00000000,766624.00000000
1775329200000,2661413.00000000,1857586.00000000
1775332800000,1953034.00000000,1471684.00000000
1775336400000,2503498.00000000,1751027.00000000
1775340000000,2935974.00000000,1644989.00000000
1775343600000,1782295.00000000,918898.00000000
1775347200000,3340413.00000000,2077346.00000000
1775350800000,23804899.00000000,14106168.00000000
1775354400000,4285777.00000000,1659342.00000000
1775358000000,1046106.00000000,392295.00000000
1775361600000,1085187.00000000,542448.00000000
1775365200000,3194281.00000000,1562253.00000000
1775368800000,1745889.00000000,628765.00000000
1775372400000,2343896.00000000,504181.00000000
1775376000000,1007356.00000000,634910.00000000
1775379600000,1160994.00000000,771487.00000000
1775383200000,1933413.00000000,386021.00000000
1775386800000,4821910.00000000,3185348.00000000
1775390400000,4373237.00000000,2582804.00000000
1775394000000,1596267.00000000,622776.00000000
1775397600000,674408.00000000,360626.00000000
1775401200000,1622308.00000000,655739.00000000
1775404800000,356680.00000000,245266.00000000
1775408400000,809240.00000000,311942.00000000
1775412000000,2661243.00000000,732215.00000000
1775415600000,971124.00000000,514191.00000000
1775419200000,1118007.00000000,475332.00000000
1775422800000,2367624.00000000,508258.00000000
1775426400000,1378923.00000000,634480.00000000
1775430000000,1353330.00000000,447553.00000000
1775433600000,1423328.00000000,750565.00000000
1775437200000,877619.00000000,314356.00000000
1775440800000,3740215.00000000,1453339.00000000
1775444400000,1164458.00000000,729084.00000000
1775448000000,723825.00000000,362794.00000000
1775451600000,355468.00000000,96602.00000000
1775455200000,746841.00000000,385789.00000000
1775458800000,893339.00000000,316053.00000000
1775462400000,2308377.00000000,1421983.00000000
1775466000000,2012134.00000000,820189.00000000
1775469600000,2281148.00000000,1093969.00000000
1775473200000,704454.00000000,276769.00000000
1775476800000,8126953.00000000,2211940.00000000
1775480400000,2774394.00000000,1206273.00000000
1775484000000,1614518.00000000,867702.00000000
1775487600000,2088176.00000000,742282.00000000
1775491200000,3552740.00000000,1970616.00000000
1775494800000,3598602.00000000,1028352.00000000
1775498400000,1362224.00000000,713651.00000000
1775502000000,1008378.00000000,534202.00000000
1775505600000,2110617.00000000,1179137.00000000
1775509200000,2459033.00000000,1457110.00000000
1775512800000,2184579.00000000,1078395.00000000
1775516400000,2505713.00000000,1315407.00000000
1775520000000,1718536.00000000,705907.00000000
1775523600000,26850008.00000000,14579118.00000000
1775527200000,4649561.00000000,2365168.00000000
1775530800000,4843028.00000000,2402919.00000000
1775534400000,2796278.00000000,1334505.00000000
1775538000000,6061842.00000000,2601858.00000000
1775541600000,11240293.00000000,5891641.00000000
1775545200000,4743190.00000000,2738756.00000000
1775548800000,7068638.00000000,3064647.00000000
1775552400000,2516869.00000000,1619384.00000000
1775556000000,3112150.00000000,1261468.00000000
1775559600000,4309404.00000000,1099474.00000000
1775563200000,3638508.00000000,1827883.00000000
1775566800000,1942552.00000000,1174508.00000000
1775570400000,3476065.00000000,1763227.00000000
1775574000000,4351010.00000000,1579600.00000000
1775577600000,16288615.00000000,9089605.00000000
1775581200000,3906361.00000000,1522543.00000000
1775584800000,1063056.00000000,549754.00000000
1775588400000,1251598.00000000,861745.00000000
1775592000000,2403062.00000000,1289344.00000000
1775595600000,1861439.00000000,1038591.00000000
1775599200000,2740018.00000000,1238149.00000000
1775602800000,3373944.00000000,918753.00000000
1775606400000,3290603.00000000,683586.00000000
1775610000000,320880.00000000,122895.00000000
1775613600000,722452.00000000,373373.00000000
1775617200000,972117.00000000,543593.00000000
1775620800000,1492765.00000000,589357.00000000
1775624400000,2452559.00000000,1030949.00000000
1775628000000,1339814.00000000,380020.00000000
1775631600000,1302434.00000000,555148.00000000
1775635200000,1472671.00000000,534431.00000000
1775638800000,1660404.00000000,1033996.00000000
1775642400000,281437.00000000,112819.00000000
1775646000000,1316241.00000000,575096.00000000
1775649600000,1268806.00000000,670603.00000000
1775653200000,1719338.00000000,607919.00000000
1775656800000,2496554.00000000,711687.00000000
1775660400000,1922508.00000000,1183876.00000000
1775664000000,1121251.00000000,284178.00000000
1775667600000,1051534.00000000,544028.00000000
1775671200000,642973.00000000,244982.00000000
1775674800000,341122.00000000,178735.00000000
1775678400000,411785.00000000,171271.00000000
1775682000000,1341462.00000000,854195.00000000
1775685600000,400890.00000000,140105.00000000
1775689200000,1743599.00000000,511512.00000000
1775692800000,2185670.00000000,1230262.00000000
1775696400000,1206833.00000000,461332.00000000
1775700000000,1339872.00000000,505323.00000000
1775703600000,1073733.00000000,308765.00000000
1775707200000,1473996.00000000,661255.00000000
1775710800000,4227256.00000000,1436068.00000000
1775714400000,2258879.00000000,774865.00000000
1775718000000,1940673.00000000,976943.00000000
1775721600000,2683457.00000000,1621325.00000000
1775725200000,757600.00000000,447049.00000000
1775728800000,706059.00000000,243251.00000000
1775732400000,1315937.00000000,346554.00000000
1775736000000,655723.00000000,222987.00000000
1775739600000,812163.00000000,411636.00000000
1775743200000,1273411.00000000,462049.00000000
1775746800000,1069873.00000000,561115.00000000
1775750400000,676184.00000000,358115.00000000
1775754000000,1141560.00000000,701458.00000000
1775757600000,623914.00000000,324735.00000000
1775761200000,1007720.00000000,278256.00000000
1775764800000,481976.00000000,214314.00000000
1775768400000,566639.00000000,170725.00000000
1775772000000,2738360.00000000,1219391.00000000
1775775600000,1418431.00000000,798425.00000000
1775779200000,3207102.00000000,1869425.00000000
1775782800000,1062793.00000000,597278.00000000
1775786400000,1001085.00000000,283597.00000000
1775790000000,1230980.00000000,525157.00000000
1775793600000,1811575.00000000,704711.00000000
1775797200000,3067287.00000000,1521666.00000000
1775800800000,1299219.00000000,467584.00000000
1775804400000,2143216.00000000,797533.00000000
1775808000000,1613184.00000000,731604.00000000
1775811600000,855639.00000000,409776.00000000
1775815200000,1033967.00000000,240605.00000000
1775818800000,1049930.00000000,693057.00000000
1775822400000,1640234.00000000,899135.00000000
1775826000000,933727.00000000,596095.00000000
1775829600000,1332091.00000000,438269.00000000
1775833200000,2354063.00000000,617008.00000000
1775836800000,2061568.00000000,1159123.00000000
1775840400000,1069694.00000000,289900.00000000
1775844000000,29125852.00000000,17133037.00000000
1775847600000,14231056.00000000,7655199.00000000
1775851200000,5394060.00000000,2198997.00000000
1775854800000,1477387.00000000,289862.00000000
1775858400000,3592998.00000000,1594149.00000000
1775862000000,2274207.00000000,1516438.00000000
1775865600000,3564300.00000000,1635501.00000000
1775869200000,2061300.00000000,898479.00000000
1775872800000,1707585.00000000,1092640.00000000
1775876400000,3147632.00000000,1196273.00000000
1775880000000,2321573.00000000,1146285.00000000
1775883600000,4750564.00000000,2588950.00000000
1775887200000,5031929.00000000,2180070.00000000
1775890800000,22124877.00000000,12905120.00000000
1775894400000,7795659.00000000,2685171.00000000
1775898000000,4358435.00000000,2372885.00000000
1775901600000,7496955.00000000,3851435.00000000
1775905200000,23943653.00000000,15244603.00000000
1775908800000,17527436.00000000,9412179.00000000
1775912400000,11464241.00000000,3325110.00000000
1775916000000,4592735.00000000,2387995.00000000
1775919600000,2502820.00000000,1108869.00000000
1775923200000,15339471.00000000,8560756.00000000
1775926800000,4946185.00000000,2884568.00000000
1775930400000,3573754.00000000,1290991.00000000
1775934000000,2701559.00000000,714337.00000000
1775937600000,1918383.00000000,567293.00000000
1775941200000,1221495.00000000,433309.00000000
1775944800000,2931922.00000000,907606.00000000
1775948400000,1418138.00000000,614098.00000000
1775952000000,2848747.00000000,1146502.00000000
1775955600000,5914145.00000000,2553211.00000000
1775959200000,2434309.00000000,996659.00000000
1775962800000,2087564.00000000,764562.00000000
1775966400000,1948866.00000000,835284.00000000
1775970000000,1670090.00000000,772996.00000000
1775973600000,997296.00000000,494336.00000000
1775977200000,2024725.00000000,1038039.00000000
1775980800000,1328924.00000000,752630.00000000
1775984400000,1437954.00000000,824883.00000000
1775988000000,2540387.00000000,716421.00000000
1775991600000,759768.00000000,458629.00000000
1775995200000,1144924.00000000,492162.00000000
1775998800000,2143186.00000000,829890.00000000
1776002400000,1032762.00000000,649065.00000000
1776006000000,1310189.00000000,453519.00000000
1776009600000,637454.00000000,239569.00000000
1776013200000,959469.00000000,586729.00000000
1776016800000,1993280.00000000,992252.00000000
1776020400000,3242071.00000000,1169255.00000000
1776024000000,2003818.00000000,797763.00000000
1776027600000,1364265.00000000,353047.00000000
1776031200000,2899000.00000000,1539956.00000000
1776034800000,4179225.00000000,1430097.00000000
1776038400000,1506769.00000000,635746.00000000
1776042000000,7527984.00000000,4033005.00000000
1776045600000,917509.00000000,388274.00000000
1776049200000,785875.00000000,312255.00000000
1776052800000,1194510.00000000,435244.00000000
1776056400000,2488878.00000000,1075671.00000000
1776060000000,962178.00000000,317702.00000000
1776063600000,1376532.00000000,690728.00000000
1776067200000,2861324.00000000,1440949.00000000
1776070800000,1575463.00000000,638880.00000000
1776074400000,4066736.00000000,2383314.00000000
1776078000000,3299106.00000000,1941244.00000000
1776081600000,2175581.00000000,1167209.00000000
1776085200000,8167647.00000000,4493751.00000000
1776088800000,3384465.00000000,1824732.00000000
1776092400000,4054968.00000000,1294801.00000000
1776096000000,1781937.00000000,662919.00000000
1776099600000,1957521.00000000,1005610.00000000
1776103200000,1401677.00000000,901272.00000000
1776106800000,1745865.00000000,1090735.00000000
1776110400000,1033769.00000000,359750.00000000
1776114000000,3728470.00000000,2033637.00000000
1776117600000,4717326.00000000,2924120.00000000
1776121200000,2883243.00000000,1079428.00000000
1776124800000,2084043.00000000,767660.00000000
1776128400000,1821996.00000000,1380974.00000000
1776132000000,1460941.00000000,315780.00000000
1776135600000,2021973.00000000,1310815.00000000
1776139200000,3902251.00000000,2089128.00000000
1776142800000,2286911.00000000,909030.00000000
1776146400000,2410511.00000000,1708570.00000000
1776150000000,1074071.00000000,598579.00000000
1776153600000,1516733.00000000,812518.00000000
1776157200000,977086.00000000,326220.00000000
1776160800000,3037427.00000000,1214743.00000000
1776164400000,460625.00000000,301173.00000000
1776168000000,273560.00000000,57106.00000000
1776171600000,1633112.00000000,645821.00000000
1776175200000,3194244.00000000,964215.00000000
1776178800000,4655127.00000000,2186482.00000000
1776182400000,2054890.00000000,1151056.00000000
1776186000000,2145220.00000000,1549675.00000000
1776189600000,3003614.00000000,1798170.00000000
1776193200000,1648365.00000000,893429.00000000
1776196800000,1942897.00000000,1296712.00000000
1776200400000,3488989.00000000,2768735.00000000
1776204000000,2633493.00000000,925552.00000000
1776207600000,700620.00000000,268009.00000000
1776211200000,2406252.00000000,987685.00000000
1776214800000,6183060.00000000,1795551.00000000
1776218400000,1336444.00000000,574544.00000000
1776222000000,1286346.00000000,535360.00000000
1776225600000,1795009.00000000,692509.00000000
1776229200000,2933939.00000000,1339326.00000000
1776232800000,1236429.00000000,612961.00000000
1776236400000,3895232.00000000,2147971.00000000
1776240000000,1842732.00000000,835388.00000000
1776243600000,3746427.00000000,2367660.00000000
1776247200000,7947490.00000000,4865881.00000000
1776250800000,7603807.00000000,3846520.00000000
1776254400000,4504020.00000000,2244247.00000000
1776258000000,8725535.00000000,4780772.00000000
1776261600000,2328182.00000000,846649.00000000
1776265200000,2812798.00000000,1549191.00000000
1776268800000,4197961.00000000,2409643.00000000
1776272400000,4875864.00000000,3459492.00000000
1776276000000,5073422.00000000,3640631.00000000
1776279600000,9962522.00000000,5248623.00000000
1776283200000,17836392.00000000,10881873.00000000
1776286800000,14860041.00000000,6977946.00000000
1776290400000,7243924.00000000,3535085.00000000
1776294000000,4892880.00000000,3210501.00000000
1776297600000,6281052.00000000,3083078.00000000
1776301200000,2481724.00000000,1011688.00000000
1776304800000,4566666.00000000,2190222.00000000
1776308400000,3953972.00000000,2219248.00000000
1776312000000,3308781.00000000,1495439.00000000
1776315600000,3982746.00000000,1692126.00000000
1776319200000,8589796.00000000,5956965.00000000
1776322800000,4551227.00000000,3001856.00000000
1776326400000,5430796.00000000,3252785.00000000
1776330000000,5406698.00000000,2919501.00000000
1776333600000,3837029.00000000,1747041.00000000
1776337200000,1683633.00000000,794292.00000000
1776340800000,3359114.00000000,2050700.00000000
1776344400000,4353667.00000000,2154991.00000000
1776348000000,7589528.00000000,3403027.00000000
1776351600000,10080006.00000000,6540389.00000000
1776355200000,7780117.00000000,2905450.00000000
1776358800000,3468455.00000000,1185564.00000000
1776362400000,2263752.00000000,1354798.00000000
1776366000000,6938638.00000000,5789023.00000000
1776369600000,3947595.00000000,1169058.00000000
1776373200000,2261807.00000000,1165128.00000000
1776376800000,1765480.00000000,1095548.00000000
1776380400000,5668395.00000000,3155601.00000000
1776384000000,6294302.00000000,4639138.00000000
1776387600000,2705885.00000000,1266769.00000000
1776391200000,2958365.00000000,1416001.00000000
1776394800000,1018534.00000000,497359.00000000
1776398400000,2807985.00000000,1663287.00000000
1776402000000,5656190.00000000,4029576.00000000
1776405600000,821335.00000000,362744.00000000
1776409200000,1608168.00000000,632543.00000000
1776412800000,1220998.00000000,712192.00000000
1776416400000,2248067.00000000,1259944.00000000
1776420000000,2482001.00000000,1003024.00000000
1776423600000,890910.00000000,447917.00000000
1776427200000,814827.00000000,379456.00000000
1776430800000,2675388.00000000,1490437.00000000
1776434400000,3261961.00000000,1763491.00000000
1776438000000,1052916.00000000,357894.00000000
1776441600000,943154.00000000,345402.00000000
1776445200000,1951581.00000000,635862.00000000
1776448800000,2203068.00000000,925574.00000000
1776452400000,436702.00000000,224401.00000000
1776456000000,481076.00000000,281485.00000000
1776459600000,625052.00000000,431383.00000000
1776463200000,713173.00000000,473346.00000000
1776466800000,793441.00000000,469819.00000000
1776470400000,1940358.00000000,598376.00000000
1776474000000,911622.00000000,564997.00000000
1776477600000,713129.00000000,347703.00000000
1776481200000,3463644.00000000,1780721.00000000
1776484800000,2037999.00000000,684230.00000000
1776488400000,2118699.00000000,1489462.00000000
1776492000000,1292425.00000000,438748.00000000
1776495600000,2959002.00000000,1869282.00000000
1776499200000,3439187.00000000,1621329.00000000
1776502800000,1429696.00000000,388652.00000000
1776506400000,2580065.00000000,1483095.00000000
1776510000000,1522184.00000000,981435.00000000
1776513600000,1881543.00000000,1263398.00000000
1776517200000,1401805.00000000,632916.00000000
1776520800000,821920.00000000,387382.00000000
1776524400000,660998.00000000,259602.00000000
1776528000000,3511291.00000000,1920871.00000000
1776531600000,1233722.00000000,928297.00000000
1776535200000,1332173.00000000,641932.00000000
1776538800000,1585089.00000000,494072.00000000
1776542400000,1050487.00000000,490472.00000000
1776546000000,2537272.00000000,1104536.00000000
1776549600000,937280.00000000,262705.00000000
1776553200000,2196543.00000000,1302063.00000000
1776556800000,1812814.00000000,881587.00000000
1776560400000,788878.00000000,304545.00000000
1776564000000,1062999.00000000,616284.00000000
1776567600000,3414293.00000000,1114299.00000000
1776571200000,1340648.00000000,708462.00000000
1776574800000,728803.00000000,347418.00000000
1776578400000,2109320.00000000,1601031.00000000
1776582000000,959393.00000000,408487.00000000
1776585600000,937685.00000000,422822.00000000
1776589200000,1618803.00000000,868755.00000000
1776592800000,2298502.00000000,768727.00000000
1776596400000,689302.00000000,253981.00000000
1776600000000,876581.00000000,390241.00000000
1776603600000,1422869.00000000,905801.00000000
1776607200000,1282574.00000000,382786.00000000
1776610800000,1399504.00000000,388010.00000000
1776614400000,1027732.00000000,260925.00000000
1776618000000,2306494.00000000,885619.00000000
1776621600000,1061570.00000000,785480.00000000
1776625200000,1338709.00000000,830656.00000000
1776628800000,672419.00000000,270817.00000000
1776632400000,625126.00000000,341411.00000000
1776636000000,2602981.00000000,693927.00000000
1776639600000,891325.00000000,297276.00000000
1776643200000,1400117.00000000,917727.00000000
1776646800000,1349810.00000000,969828.00000000
1776650400000,342132.00000000,188659.00000000
1776654000000,1502057.00000000,1008967.00000000
1776657600000,3638023.00000000,2257778.00000000
1776661200000,1484457.00000000,569376.00000000
1776664800000,3553286.00000000,1719937.00000000
1776668400000,3640324.00000000,1856091.00000000
1776672000000,3870377.00000000,2419881.00000000
1776675600000,9131321.00000000,5170639.00000000
1776679200000,14069653.00000000,7368320.00000000
1776682800000,7816079.00000000,4709399.00000000
1776686400000,5884959.00000000,2050582.00000000
1776690000000,6557454.00000000,3438566.00000000
1776693600000,7374118.00000000,3429204.00000000
1776697200000,4241377.00000000,1824403.00000000
1776700800000,6219538.00000000,3525686.00000000
1776704400000,2269127.00000000,996488.00000000
1776708000000,2392592.00000000,1206474.00000000
1776711600000,1688786.00000000,467302.00000000
1776715200000,910158.00000000,406622.00000000
1776718800000,1030232.00000000,461568.00000000
1776722400000,1760671.00000000,773265.00000000
1776726000000,2030740.00000000,777692.00000000
1776729600000,2587726.00000000,792960.00000000
1776733200000,6770377.00000000,3660647.00000000
1776736800000,7502576.00000000,4792795.00000000
1776740400000,42843339.00000000,28417569.00000000
1776744000000,67447575.00000000,40010395.00000000
1776747600000,27518509.00000000,10922227.00000000
1776751200000,17485207.00000000,7853431.00000000
1776754800000,7092204.00000000,3550208.00000000
1776758400000,16678784.00000000,9565347.00000000
1776762000000,31184536.00000000,18541240.00000000
1776765600000,16687673.00000000,6110759.00000000
1776769200000,8596343.00000000,3988641.00000000
1776772800000,6658335.00000000,2487740.00000000
1776776400000,16766631.00000000,6050989.00000000
1776780000000,3239822.00000000,1035207.00000000
1776783600000,4517890.00000000,2078580.00000000
1776787200000,2031309.00000000,708766.00000000
1776790800000,4422687.00000000,1593761.00000000
1776794400000,2974117.00000000,970140.00000000
1776798000000,3293690.00000000,1162634.00000000
1776801600000,3020345.00000000,1213188.00000000
1776805200000,1012324.00000000,423228.00000000
1776808800000,2081722.00000000,957423.00000000
1776812400000,1930698.00000000,825912.00000000
1776816000000,15959184.00000000,9194725.00000000
1776819600000,36523577.00000000,22776857.00000000
1776823200000,21049084.00000000,7796736.00000000
1776826800000,6825042.00000000,2337274.00000000
1776830400000,2054685.00000000,902097.00000000
1776834000000,3709839.00000000,1794016.00000000
1776837600000,2517967.00000000,1052995.00000000
1776841200000,6679041.00000000,2767522.00000000
1776844800000,3232586.00000000,1557202.00000000
1776848400000,2297585.00000000,734524.00000000
1776852000000,2490429.00000000,937915.00000000
1776855600000,5023464.00000000,2998308.00000000
1776859200000,3514704.00000000,1425309.00000000
1776862800000,3186649.00000000,1132141.00000000
1776866400000,3361745.00000000,1579791.00000000
1776870000000,2789429.00000000,1240875.00000000
1776873600000,1672542.00000000,586304.00000000
1776877200000,750698.00000000,227894.00000000
1776880800000,1665679.00000000,862588.00000000
1776884400000,918407.00000000,379620.00000000
1776888000000,1633497.00000000,503501.00000000
1776891600000,1554458.00000000,663997.00000000
1776895200000,1367113.00000000,589508.00000000
1776898800000,2249212.00000000,736669.00000000
1776902400000,5102130.00000000,2142104.00000000
1776906000000,2292381.00000000,1101657.00000000
1776909600000,4791749.00000000,1852109.00000000
1776913200000,3164295.00000000,1276473.00000000
1776916800000,5495025.00000000,1524112.00000000
1776920400000,871716.00000000,498806.00000000
1776924000000,3185138.00000000,1543235.00000000
1776927600000,5348101.00000000,2329656.00000000
1776931200000,5586860.00000000,2285197.00000000
1776934800000,2581531.00000000,1187639.00000000
1776938400000,8899091.00000000,4862944.00000000
1776942000000,19529108.00000000,10037614.00000000
1776945600000,20993914.00000000,11155890.00000000
1776949200000,15146958.00000000,8210779.00000000
1776952800000,13790053.00000000,7607034.00000000
1776956400000,6393458.00000000,3158098.00000000
1776960000000,10332881.00000000,5208050.00000000
1776963600000,64098556.00000000,35489654.00000000
1776967200000,52144963.00000000,28822153.00000000
1776970800000,32134403.00000000,17243667.00000000
1776974400000,44864662.00000000,20874264.00000000
1776978000000,62556911.00000000,28429888.00000000
1776981600000,42842655.00000000,22644119.00000000
1776985200000,20021896.00000000,8939573.00000000
1776988800000,17156514.00000000,8044651.00000000
1776992400000,11090772.00000000,5380749.00000000
1776996000000,20956823.00000000,9091438.00000000
1776999600000,10598760.00000000,4174344.00000000
1777003200000,6931931.00000000,2250655.00000000
1777006800000,5525976.00000000,2439523.00000000
1777010400000,5844452.00000000,2496976.00000000
1777014000000,11423675.00000000,5138352.00000000
1777017600000,9429982.00000000,3446489.00000000
1777021200000,8704668.00000000,4594711.00000000
1777024800000,9864269.00000000,4836623.00000000
1777028400000,8221264.00000000,3343772.00000000
1777032000000,7241083.00000000,4496525.00000000
1777035600000,4267293.00000000,1996769.00000000
1777039200000,5197712.00000000,2063821.00000000
1777042800000,5874622.00000000,2289340.00000000
1777046400000,8568498.00000000,2744766.00000000
1777050000000,14270028.00000000,5809325.00000000
1777053600000,5770187.00000000,2558856.00000000
1777057200000,6032593.00000000,3711637.00000000
1777060800000,7168446.00000000,2881902.00000000
1777064400000,5740767.00000000,2404235.00000000
1777068000000,2369089.00000000,1185433.00000000
1777071600000,3063384.00000000,1168265.00000000
1777075200000,24855288.00000000,14173730.00000000
1777078800000,3965499.00000000,1864561.00000000
1777082400000,4208891.00000000,1903825.00000000
1777086000000,3260967.00000000,1596065.00000000
1777089600000,2533623.00000000,1379829.00000000
1777093200000,3700990.00000000,1554586.00000000
1777096800000,2681338.00000000,1183359.00000000
1777100400000,2249586.00000000,1020349.00000000
1777104000000,3575296.00000000,1249067.00000000
1777107600000,14423693.00000000,8686722.00000000
1777111200000,4108748.00000000,2400562.00000000
1777114800000,3990887.00000000,2287222.00000000
1777118400000,14227573.00000000,7950777.00000000
1777122000000,17184724.00000000,9655996.00000000
1777125600000,13500777.00000000,7462120.00000000
1777129200000,4126145.00000000,1691193.00000000
1777132800000,5513302.00000000,2052032.00000000
1777136400000,3886094.00000000,1217975.00000000
1777140000000,10640631.00000000,7033903.00000000
1777143600000,1912512.00000000,564263.00000000
1777147200000,1608917.00000000,887138.00000000
1777150800000,1952594.00000000,432884.00000000
1777154400000,1743376.00000000,902642.00000000
1777158000000,642574.00000000,333869.00000000
1777161600000,4585897.00000000,2087105.00000000
1777165200000,9458852.00000000,3742447.00000000
1777168800000,8425556.00000000,5492714.00000000
1777172400000,2528135.00000000,801046.00000000
1777176000000,2509405.00000000,1348908.00000000
1777179600000,2876141.00000000,1010582.00000000
1777183200000,2725292.00000000,1681674.00000000
1777186800000,6266902.00000000,3579416.00000000
1777190400000,4190328.00000000,1856463.00000000
1777194000000,4363192.00000000,3020300.00000000
1777197600000,1645258.00000000,577390.00000000
1777201200000,767485.00000000,509703.00000000
1777204800000,2190694.00000000,850896.00000000
1777208400000,3002635.00000000,1493912.00000000
1777212000000,1989106.00000000,1064198.00000000
1777215600000,2441907.00000000,1092962.00000000
1777219200000,676957.00000000,238897.00000000
1777222800000,2191114.00000000,923136.00000000
1777226400000,1726215.00000000,398615.00000000
1777230000000,3349314.00000000,570941.00000000
1777233600000,1883590.00000000,1112110.00000000
1777237200000,1301411.00000000,727647.00000000
1777240800000,1319549.00000000,631048.00000000
1777244400000,680200.00000000,349021.00000000
1777248000000,2350306.00000000,1046665.00000000
1777251600000,2136316.00000000,1561705.00000000
1777255200000,2853527.00000000,1259152.00000000
1777258800000,2882377.00000000,1679293.00000000
1777262400000,699690.00000000,397752.00000000
1777266000000,9680998.00000000,3777853.00000000
1777269600000,3781254.00000000,2086733.00000000
1777273200000,3212910.00000000,1216251.00000000
1777276800000,1649284.00000000,735183.00000000
1777280400000,2156719.00000000,704086.00000000
1777284000000,1270982.00000000,773268.00000000
1777287600000,1262209.00000000,692962.00000000
1777291200000,3551792.00000000,1202232.00000000
1777294800000,4076554.00000000,2573014.00000000
1777298400000,2752986.00000000,827343.00000000
1777302000000,5206701.00000000,1835997.00000000
1777305600000,3125777.00000000,838933.00000000
1777309200000,2480229.00000000,914629.00000000
1777312800000,1979781.00000000,1142595.00000000
1777316400000,3046336.00000000,1806085.00000000
1777320000000,778840.00000000,246060.00000000
1777323600000,839724.00000000,282929.00000000
1777327200000,1187396.00000000,902450.00000000
1777330800000,289224.00000000,120300.00000000
1777334400000,1400651.00000000,655817.00000000
1777338000000,578887.00000000,193677.00000000
1777341600000,1106568.00000000,419016.00000000
1777345200000,227060.00000000,119444.00000000
1777348800000,1383435.00000000,192865.00000000
1777352400000,3540774.00000000,1190725.00000000
1777356000000,1555033.00000000,818214.00000000
1777359600000,3931541.00000000,1467726.00000000
1777363200000,2062735.00000000,560347.00000000
1777366800000,5340416.00000000,3391172.00000000
1777370400000,826677.00000000,318271.00000000
1777374000000,5156322.00000000,3351332.00000000
1777377600000,14726018.00000000,8707883.00000000
1777381200000,8836673.00000000,2059980.00000000
1777384800000,5495096.00000000,3365543.00000000
1777388400000,5134322.00000000,2280876.00000000
1777392000000,2099657.00000000,852696.00000000
1777395600000,2343584.00000000,1767211.00000000
1777399200000,527166.00000000,218654.00000000
1777402800000,2647289.00000000,1337716.00000000
1777406400000,4569306.00000000,1097564.00000000
1777410000000,1489501.00000000,947881.00000000
1777413600000,1003625.00000000,659036.00000000
1777417200000,3665001.00000000,2829880.00000000
1777420800000,3313878.00000000,1288195.00000000
1777424400000,1055194.00000000,538789.00000000
1777428000000,6139519.00000000,4107424.00000000
1777431600000,2827157.00000000,2098025.00000000
1777435200000,2502671.00000000,932229.00000000
1777438800000,1121902.00000000,514508.00000000
1777442400000,4896491.00000000,2146785.00000000
1777446000000,1652106.00000000,715018.00000000
1777449600000,1200618.00000000,671036.00000000
1777453200000,704725.00000000,188386.00000000
1777456800000,1657716.00000000,769580.00000000
1777460400000,2877437.00000000,1256890.00000000
1777464000000,2836969.00000000,2286509.00000000
1777467600000,906322.00000000,548909.00000000
1777471200000,2209337.00000000,1456602.00000000
1777474800000,2828008.00000000,1822849.00000000
1777478400000,1332535.00000000,443224.00000000
1777482000000,954455.00000000,401782.00000000
1777485600000,3757684.00000000,1347616.00000000
1777489200000,1336571.00000000,391973.00000000
1777492800000,396118.00000000,217414.00000000
1777496400000,291743.00000000,222652.00000000
1777500000000,682374.00000000,347572.00000000
1777503600000,199163.00000000,123001.00000000
1777507200000,429646.00000000,179891.00000000
1777510800000,1197416.00000000,401495.00000000
1777514400000,650594.00000000,368731.00000000
1777518000000,2819200.00000000,1393026.00000000
1777521600000,914312.00000000,184461.00000000
1777525200000,407716.00000000,276291.00000000
1777528800000,1809333.00000000,1144984.00000000
1777532400000,1779780.00000000,679455.00000000
1777536000000,2347384.00000000,944114.00000000
1777539600000,2554548.00000000,1858050.00000000
1777543200000,1034669.00000000,320390.00000000
1777546800000,830317.00000000,383171.00000000
1777550400000,5318715.00000000,1792669.00000000
1777554000000,1188031.00000000,773502.00000000
1777557600000,2822565.00000000,709707.00000000
1777561200000,1068452.00000000,635130.00000000
1777564800000,606870.00000000,394975.00000000
1777568400000,925487.00000000,502185.00000000
1777572000000,1429164.00000000,815468.00000000
1777575600000,7193126.00000000,3434316.00000000
1777579200000,1039453.00000000,837790.00000000
1777582800000,906741.00000000,579748.00000000
1777586400000,1208985.00000000,729866.00000000
1777590000000,849902.00000000,557020.00000000
1777593600000,2484725.00000000,1828087.00000000
1777597200000,1751851.00000000,1289897.00000000
1777600800000,585125.00000000,382271.00000000
1777604400000,2016725.00000000,1339482.00000000
1777608000000,1769178.00000000,1338777.00000000
1777611600000,7825526.00000000,5288425.00000000
1777615200000,2015304.00000000,1235707.00000000
1777618800000,1028899.00000000,556462.00000000
1777622400000,1012394.00000000,619800.00000000
1777626000000,926740.00000000,204619.00000000
1777629600000,1606903.00000000,1050593.00000000
1777633200000,1771541.00000000,869301.00000000
1777636800000,3885035.00000000,1633558.00000000
1777640400000,589496.00000000,438407.00000000
1777644000000,923509.00000000,720877.00000000
1777647600000,4034743.00000000,3197061.00000000
1777651200000,1357728.00000000,858359.00000000
1777654800000,506690.00000000,357252.00000000
1777658400000,1003146.00000000,531966.00000000
1777662000000,4474238.00000000,1268186.00000000
1777665600000,2288513.00000000,819062.00000000
1777669200000,386847.00000000,266629.00000000
1777672800000,521371.00000000,383361.00000000
1777676400000,2303787.00000000,844182.00000000
1777680000000,1179813.00000000,786833.00000000
1777683600000,889752.00000000,539936.00000000
1777687200000,563999.00000000,253688.00000000
1777690800000,218471.00000000,169353.00000000
1777694400000,1106189.00000000,643053.00000000
1777698000000,587584.00000000,471908.00000000
1777701600000,278868.00000000,194363.00000000
1777705200000,181785.00000000,136160.00000000
1777708800000,2115186.00000000,358596.00000000
1777712400000,529242.00000000,95201.00000000
1777716000000,597669.00000000,471333.00000000
1777719600000,9935312.00000000,4613413.00000000
1777723200000,568559.00000000,276384.00000000
1777726800000,701985.00000000,413884.00000000
1777730400000,2265034.00000000,1224055.00000000
1777734000000,282700.00000000,182136.00000000
1777737600000,700525.00000000,355796.00000000
1777741200000,688007.00000000,504118.00000000
1777744800000,4317467.00000000,1419637.00000000
1777748400000,1029807.00000000,527067.00000000
1777752000000,711580.00000000,219370.00000000
1777755600000,379784.00000000,179989.00000000
1777759200000,752736.00000000,155391.00000000
1777762800000,452359.00000000,121109.00000000
1777766400000,604974.00000000,127663.00000000
1777770000000,2152373.00000000,506045.00000000
1777773600000,1269808.00000000,414266.00000000
1777777200000,303592.00000000,128576.00000000
1777780800000,108135.00000000,67276.00000000
1777784400000,206260.00000000,117059.00000000
1777788000000,144139.00000000,34717.00000000
1777791600000,578939.00000000,136215.00000000
1777795200000,3096091.00000000,2562504.00000000
1777798800000,295805.00000000,135395.00000000
1777802400000,643177.00000000,46234.00000000
1777806000000,681394.00000000,489170.00000000
1777809600000,224040.00000000,156549.00000000
1777813200000,372004.00000000,54692.00000000
1777816800000,407515.00000000,287629.00000000
1777820400000,942363.00000000,463693.00000000
1777824000000,543443.00000000,291821.00000000
1777827600000,155417.00000000,115759.00000000
1777831200000,586378.00000000,260173.00000000
1777834800000,810326.00000000,349750.00000000
1777838400000,1330616.00000000,770381.00000000
1777842000000,1683483.00000000,1123878.00000000
1777845600000,1073129.00000000,750524.00000000
1777849200000,660921.00000000,213833.00000000
1777852800000,815228.00000000,532016.00000000
1777856400000,1997824.00000000,670585.00000000
1777860000000,3010466.00000000,1048004.00000000
1777863600000,1730166.00000000,550708.00000000
1777867200000,1144720.00000000,548133.00000000
1777870800000,2967073.00000000,476253.00000000
1777874400000,2155194.00000000,1216098.00000000
1777878000000,515333.00000000,167531.00000000
1777881600000,565005.00000000,323750.00000000
1777885200000,588346.00000000,163019.00000000
1777888800000,9973753.00000000,5234208.00000000
1777892400000,173551.00000000,139764.00000000
1777896000000,669304.00000000,319987.00000000
1777899600000,1160142.00000000,672899.00000000
1777903200000,505251.00000000,287847.00000000
1777906800000,1664811.00000000,730414.00000000
1777910400000,678540.00000000,420600.00000000
1777914000000,468647.00000000,214136.00000000
1777917600000,1199301.00000000,307836.00000000
1777921200000,735445.00000000,381596.00000000
1777924800000,3690365.00000000,674172.00000000
1777928400000,293704.00000000,177993.00000000
1777932000000,3769056.00000000,1209575.00000000
1777935600000,2486917.00000000,1217930.00000000
1777939200000,201957.00000000,131184.00000000
1777942800000,235152.00000000,141392.00000000
1777946400000,1174143.00000000,849427.00000000
1777950000000,1626222.00000000,764958.00000000
1777953600000,1173720.00000000,818774.00000000
1777957200000,621883.00000000,561044.00000000
1777960800000,588518.00000000,441054.00000000
1777964400000,1015132.00000000,753761.00000000
1777968000000,500581.00000000,228872.00000000
1777971600000,1519185.00000000,625556.00000000
1777975200000,446632.00000000,354648.00000000
1777978800000,314789.00000000,202117.00000000
1777982400000,1013816.00000000,763993.00000000
1777986000000,2696727.00000000,1776807.00000000
1777989600000,2201198.00000000,1644463.00000000
1777993200000,960844.00000000,511198.00000000
1777996800000,1633672.00000000,447564.00000000
1778000400000,385641.00000000,96467.00000000
1778004000000,657019.00000000,537168.00000000
1778007600000,1472256.00000000,681125.00000000
1778011200000,1249308.00000000,517480.00000000
1778014800000,567005.00000000,372827.00000000
1778018400000,830005.00000000,412487.00000000
1778022000000,128260.00000000,64182.00000000
1778025600000,379098.00000000,224406.00000000
1778029200000,274461.00000000,116587.00000000
1778032800000,354861.00000000,135123.00000000
1778036400000,939618.00000000,455146.00000000
1778040000000,1450265.00000000,471294.00000000
1778043600000,726035.00000000,228283.00000000
1778047200000,1369415.00000000,625943.00000000
1778050800000,1477437.00000000,950386.00000000
1778054400000,2810871.00000000,1166215.00000000
1778058000000,1444696.00000000,521608.00000000
1778061600000,2033169.00000000,676326.00000000
1778065200000,995574.00000000,456124.00000000
1778068800000,1931982.00000000,1242167.00000000
1778072400000,1932329.00000000,1007318.00000000
1778076000000,1163874.00000000,616184.00000000
1778079600000,662065.00000000,441911.00000000
1778083200000,526926.00000000,167250.00000000
1778086800000,428406.00000000,162325.00000000
1778090400000,370027.00000000,222970.00000000
1778094000000,625002.00000000,209539.00000000
1778097600000,140223.00000000,112551.00000000
1778101200000,193265.00000000,101014.00000000
1778104800000,208806.00000000,90282.00000000
1778108400000,665942.00000000,185605.00000000
1778112000000,285282.00000000,125782.00000000
1778115600000,633204.00000000,92340.00000000
1778119200000,347762.00000000,133746.00000000
1778122800000,264665.00000000,63873.00000000
1778126400000,362736.00000000,127920.00000000
1778130000000,104817.00000000,66548.00000000
1778133600000,777466.00000000,467078.00000000
1778137200000,1845629.00000000,1276517.00000000
1778140800000,8221257.00000000,2929521.00000000
1778144400000,5775125.00000000,2725251.00000000
1778148000000,16616255.00000000,6354634.00000000
1778151600000,18113914.00000000,9184582.00000000
1778155200000,6737988.00000000,3451976.00000000
1778158800000,7552397.00000000,2748638.00000000
1778162400000,3728683.00000000,1425062.00000000
1778166000000,2903754.00000000,1290371.00000000
1778169600000,3381784.00000000,941236.00000000
1778173200000,1119022.00000000,388042.00000000
1778176800000,650355.00000000,384962.00000000
1778180400000,1561318.00000000,746411.00000000
1778184000000,656688.00000000,342355.00000000
1778187600000,378107.00000000,152423.00000000
1778191200000,513416.00000000,155743.00000000
1778194800000,205498.00000000,97735.00000000
1778198400000,1250370.00000000,535191.00000000
1778202000000,570423.00000000,47651.00000000
1778205600000,1288983.00000000,575517.00000000
1778209200000,2518617.00000000,1103864.00000000
1778212800000,1770650.00000000,1221321.00000000
1778216400000,1073248.00000000,508981.00000000
1778220000000,1450477.00000000,893169.00000000
1778223600000,2626915.00000000,1146719.00000000
1778227200000,2337770.00000000,939913.00000000
1778230800000,1363087.00000000,860690.00000000
1778234400000,401034.00000000,118056.00000000
1778238000000,1092468.00000000,419600.00000000
1778241600000,715029.00000000,348012.00000000
1778245200000,1008637.00000000,525548.00000000
1778248800000,6822368.00000000,5396098.00000000
1778252400000,1371025.00000000,313706.00000000
1778256000000,1480395.00000000,559236.00000000
1778259600000,972933.00000000,372073.00000000
1778263200000,1704734.00000000,654389.00000000
1778266800000,2043765.00000000,728201.00000000
1778270400000,351923.00000000,129950.00000000
1778274000000,1127106.00000000,913598.00000000
1778277600000,826203.00000000,523332.00000000
1778281200000,216083.00000000,54085.00000000
1778284800000,1413138.00000000,615897.00000000
1778288400000,1313738.00000000,598464.00000000
1778292000000,2143609.00000000,1487686.00000000
1778295600000,961107.00000000,456432.00000000
1778299200000,698205.00000000,431194.00000000
1778302800000,491782.00000000,203454.00000000
1778306400000,1788806.00000000,652883.00000000
1778310000000,840616.00000000,335959.00000000
1778313600000,513553.00000000,237924.00000000
1778317200000,218793.00000000,75739.00000000
1778320800000,552297.00000000,234991.00000000
1778324400000,256086.00000000,66209.00000000
1778328000000,1965541.00000000,1006211.00000000
1778331600000,1429025.00000000,971693.00000000
1778335200000,1249862.00000000,611905.00000000
1778338800000,2402951.00000000,1735020.00000000
1778342400000,6602581.00000000,1039042.00000000
1778346000000,974250.00000000,505865.00000000
1778349600000,226010.00000000,135379.00000000
1778353200000,274628.00000000,176642.00000000
1778356800000,673602.00000000,394370.00000000
1778360400000,1295024.00000000,616299.00000000
1778364000000,731856.00000000,331352.00000000
1778367600000,526435.00000000,162918.00000000
1778371200000,1109089.00000000,395958.00000000
1778374800000,1459994.00000000,1034470.00000000
1778378400000,244920.00000000,63318.00000000
1778382000000,409936.00000000,232010.00000000
1778385600000,436907.00000000,144560.00000000
1778389200000,436443.00000000,187051.00000000
1778392800000,2134621.00000000,898852.00000000
1778396400000,820480.00000000,439517.00000000
1778400000000,334414.00000000,108055.00000000
1778403600000,542199.00000000,208570.00000000
1778407200000,1177302.00000000,359227.00000000
1778410800000,1031658.00000000,233734.00000000
1778414400000,1283248.00000000,183727.00000000
1778418000000,307243.00000000,176108.00000000
1778421600000,515138.00000000,226961.00000000
1778425200000,1310897.00000000,535651.00000000
1778428800000,4187253.00000000,1136634.00000000
1778432400000,984888.00000000,626339.00000000
1778436000000,3008330.00000000,2162405.00000000
1778439600000,4086262.00000000,3363498.00000000
1778443200000,3998274.00000000,1488625.00000000
1778446800000,901910.00000000,356954.00000000
1778450400000,1280308.00000000,619651.00000000
1778454000000,704323.00000000,151460.00000000
1778457600000,1322564.00000000,634721.00000000
1778461200000,1314147.00000000,148993.00000000
1778464800000,841183.00000000,159688.00000000
1778468400000,1134624.00000000,482233.00000000
1778472000000,1026117.00000000,222518.00000000
1778475600000,920035.00000000,153744.00000000
1778479200000,1002253.00000000,288464.00000000
1778482800000,1682119.00000000,777268.00000000
1778486400000,576800.00000000,327573.00000000
1778490000000,282605.00000000,106335.00000000
1778493600000,1122881.00000000,517217.00000000
1778497200000,311744.00000000,157416.00000000
1778500800000,660080.00000000,331986.00000000
1778504400000,12830287.00000000,9690609.00000000
1778508000000,892360.00000000,172896.00000000
1778511600000,1081980.00000000,236871.00000000
1778515200000,612706.00000000,301949.00000000
1778518800000,784468.00000000,556552.00000000
1778522400000,384803.00000000,111119.00000000
1778526000000,472895.00000000,116332.00000000
1778529600000,394360.00000000,82604.00000000
1778533200000,1529173.00000000,516673.00000000
1778536800000,920968.00000000,646966.00000000
1778540400000,953451.00000000,459534.00000000
1778544000000,976322.00000000,565077.00000000
1778547600000,2199624.00000000,1216627.00000000
1778551200000,139733.00000000,64264.00000000
1778554800000,249889.00000000,43637.00000000
1778558400000,934379.00000000,586086.00000000
1778562000000,329214.00000000,219684.00000000
1778565600000,1875561.00000000,1363802.00000000
1778569200000,435745.00000000,250320.00000000
1778572800000,1543462.00000000,310029.00000000
1778576400000,1230557.00000000,950588.00000000
1778580000000,2912856.00000000,831155.00000000
1778583600000,1257491.00000000,804079.00000000
1778587200000,1918021.00000000,1322775.00000000
1778590800000,1260085.00000000,516057.00000000
1778594400000,2092993.00000000,978352.00000000
1778598000000,1760270.00000000,1165537.00000000
1778601600000,1403912.00000000,377205.00000000
1778605200000,370077.00000000,180635.00000000
1778608800000,117552.00000000,33659.00000000
1778612400000,228184.00000000,128136.00000000
1778616000000,413733.00000000,119773.00000000
1778619600000,95720.00000000,28770.00000000
1778623200000,1230845.00000000,890177.00000000
1778626800000,293328.00000000,55025.00000000
1778630400000,824715.00000000,251990.00000000
1778634000000,3082677.00000000,1658184.00000000
1778637600000,418583.00000000,109688.00000000
1778641200000,711767.00000000,391842.00000000
1778644800000,430922.00000000,161868.00000000
1778648400000,134918.00000000,63961.00000000
1778652000000,362617.00000000,195925.00000000
1778655600000,996028.00000000,130103.00000000
1778659200000,1203124.00000000,641713.00000000
1778662800000,1984649.00000000,1403767.00000000
1778666400000,1389465.00000000,765909.00000000
1778670000000,15256097.00000000,10419914.00000000
1778673600000,5258747.00000000,3911961.00000000
1778677200000,3257248.00000000,1088306.00000000
1778680800000,1244120.00000000,388722.00000000
1778684400000,3461129.00000000,1112664.00000000
1778688000000,1219006.00000000,652790.00000000
1778691600000,275916.00000000,200737.00000000
1778695200000,421758.00000000,179460.00000000
1778698800000,1265301.00000000,798373.00000000
1778702400000,1298220.00000000,750041.00000000
1778706000000,1182114.00000000,694289.00000000
1778709600000,1042102.00000000,671282.00000000
1778713200000,364563.00000000,238374.00000000
1778716800000,1290209.00000000,747836.00000000
1778720400000,432590.00000000,232401.00000000
1778724000000,512477.00000000,335636.00000000
1778727600000,2451163.00000000,1270697.00000000
1778731200000,1108515.00000000,421924.00000000
1778734800000,812696.00000000,517507.00000000
1778738400000,1042293.00000000,876876.00000000
1778742000000,878448.00000000,393443.00000000
1778745600000,460030.00000000,332982.00000000
1778749200000,901463.00000000,372025.00000000
1778752800000,802819.00000000,552771.00000000
1778756400000,2707879.00000000,1643533.00000000
1778760000000,746160.00000000,229617.00000000
1778763600000,1434555.00000000,951793.00000000
1778767200000,2268477.00000000,894924.00000000
1778770800000,1646357.00000000,332415.00000000
1778774400000,1310319.00000000,604366.00000000
1778778000000,472903.00000000,235530.00000000
1778781600000,2215913.00000000,1186545.00000000
1778785200000,509360.00000000,201646.00000000
1778788800000,967276.00000000,376892.00000000
1778792400000,359526.00000000,163508.00000000
1778796000000,779928.00000000,329266.00000000
1778799600000,140853.00000000,63204.00000000
1778803200000,442525.00000000,204234.00000000
1778806800000,205389.00000000,147465.00000000
1778810400000,686266.00000000,352363.00000000
1778814000000,155844.00000000,65512.00000000
1778817600000,414931.00000000,176954.00000000
1778821200000,1287396.00000000,494646.00000000
1778824800000,4416784.00000000,3283879.00000000
1778828400000,1057781.00000000,556143.00000000
1778832000000,524442.00000000,297308.00000000
1778835600000,895695.00000000,543681.00000000
1778839200000,2382856.00000000,923143.00000000
1778842800000,3691454.00000000,1799656.00000000
1778846400000,2070054.00000000,756833.00000000
1778850000000,21059269.00000000,7999167.00000000
1778853600000,2857561.00000000,1123093.00000000
1778857200000,2142711.00000000,861337.00000000
1778860800000,1004738.00000000,475745.00000000
1778864400000,1170404.00000000,332979.00000000
1778868000000,925457.00000000,225143.00000000
1778871600000,1230621.00000000,555660.00000000
1778875200000,2764107.00000000,361727.00000000
1778878800000,227369.00000000,83604.00000000
1778882400000,362751.00000000,184097.00000000
1778886000000,291211.00000000,163722.00000000
1778889600000,421319.00000000,245015.00000000
1778893200000,489645.00000000,130950.00000000
1778896800000,1054048.00000000,843866.00000000
1778900400000,324140.00000000,152046.00000000
1778904000000,583965.00000000,465998.00000000
1778907600000,2346753.00000000,1977479.00000000
1778911200000,655650.00000000,287772.00000000
1778914800000,6023404.00000000,1948373.00000000
1778918400000,878950.00000000,480519.00000000
1778922000000,3261200.00000000,1420339.00000000
1778925600000,5590467.00000000,2790162.00000000
1778929200000,1026921.00000000,505296.00000000
1778932800000,871101.00000000,253878.00000000
1778936400000,904190.00000000,701602.00000000
1778940000000,1520909.00000000,637523.00000000
1778943600000,330422.00000000,53440.00000000
1778947200000,2148271.00000000,184830.00000000
1778950800000,87214.00000000,23479.00000000
1778954400000,226352.00000000,86916.00000000
1778958000000,87196.00000000,36121.00000000
1778961600000,1813277.00000000,1464260.00000000
1778965200000,184433.00000000,78387.00000000
1778968800000,169481.00000000,73230.00000000
1778972400000,159628.00000000,110289.00000000
1778976000000,129226.00000000,63931.00000000
1778979600000,656251.00000000,218165.00000000
1778983200000,106379.00000000,82357.00000000
1778986800000,1357163.00000000,1194638.00000000
1778990400000,1324371.00000000,390530.00000000
1778994000000,341022.00000000,253567.00000000
1778997600000,495418.00000000,64630.00000000
1779001200000,192524.00000000,113732.00000000
1779004800000,611799.00000000,482440.00000000
1779008400000,1933575.00000000,1093538.00000000
1779012000000,3353254.00000000,645076.00000000
1779015600000,383509.00000000,197325.00000000
1779019200000,686289.00000000,554331.00000000
1779022800000,1017524.00000000,314805.00000000
1779026400000,377390.00000000,126616.00000000
1779030000000,189789.00000000,81620.00000000
1779033600000,629013.00000000,411454.00000000
1779037200000,6031800.00000000,5027555.00000000
1779040800000,8620179.00000000,3825053.00000000
1779044400000,1487978.00000000,1036242.00000000
1779048000000,417506.00000000,151658.00000000
1779051600000,1811526.00000000,721321.00000000
1779055200000,753890.00000000,246354.00000000
1779058800000,8401437.00000000,4123761.00000000
1779062400000,1515903.00000000,673016.00000000
1779066000000,865068.00000000,412901.00000000
1779069600000,243394.00000000,181592.00000000
1779073200000,541241.00000000,293557.00000000
1779076800000,553515.00000000,169858.00000000
1779080400000,1104483.00000000,187006.00000000
1779084000000,985521.00000000,223880.00000000
1779087600000,726565.00000000,627181.00000000
1779091200000,1028924.00000000,634981.00000000
1779094800000,625481.00000000,207915.00000000
1779098400000,3914268.00000000,2354865.00000000
1779102000000,779300.00000000,518941.00000000
1779105600000,3432605.00000000,1594870.00000000
1779109200000,3398022.00000000,1189014.00000000
1779112800000,1267989.00000000,597911.00000000
1779116400000,793807.00000000,529909.00000000
1779120000000,6720259.00000000,3432195.00000000
1779123600000,18178387.00000000,10877379.00000000
1779127200000,13322893.00000000,4826181.00000000
1779130800000,23486244.00000000,14053040.00000000
1779134400000,11538672.00000000,5704408.00000000
1779138000000,6972382.00000000,1438972.00000000
1779141600000,4893806.00000000,1038965.00000000
1779145200000,2400481.00000000,1137793.00000000
1779148800000,1529627.00000000,785621.00000000
1779152400000,2917208.00000000,1310441.00000000
1779156000000,2064166.00000000,739063.00000000
1779159600000,1223340.00000000,792559.00000000
1779163200000,1138553.00000000,517289.00000000
1779166800000,2380996.00000000,1149005.00000000
1779170400000,5645412.00000000,2819702.00000000
1779174000000,3186003.00000000,1337908.00000000
1779177600000,3287159.00000000,1526214.00000000
1779181200000,3410665.00000000,883405.00000000
1779184800000,2560734.00000000,1306521.00000000
1779188400000,1440300.00000000,651619.00000000
1779192000000,1773116.00000000,974874.00000000
1779195600000,1791086.00000000,668882.00000000
1779199200000,1969787.00000000,690508.00000000
1779202800000,3334731.00000000,1492459.00000000
1779206400000,1524534.00000000,536026.00000000
1779210000000,1621932.00000000,573854.00000000
1779213600000,2230656.00000000,1662025.00000000
1779217200000,1215467.00000000,686047.00000000
1779220800000,1090257.00000000,610677.00000000
1779224400000,1767638.00000000,886658.00000000
1779228000000,486121.00000000,167936.00000000
1779231600000,1070659.00000000,630298.00000000
1779235200000,658412.00000000,231916.00000000
1779238800000,1527386.00000000,868934.00000000
1779242400000,1525008.00000000,775057.00000000
1779246000000,586253.00000000,243042.00000000
1779249600000,1723518.00000000,411760.00000000
1779253200000,1486497.00000000,690759.00000000
1779256800000,1162900.00000000,607282.00000000
1779260400000,1002076.00000000,471531.00000000
1779264000000,2717112.00000000,1754796.00000000
1779267600000,631805.00000000,217828.00000000
1779271200000,20394772.00000000,15447002.00000000
1779274800000,3790453.00000000,1412932.00000000
1779278400000,2720270.00000000,1344501.00000000
1779282000000,1825518.00000000,613466.00000000
1779285600000,1740474.00000000,744692.00000000
1779289200000,2237806.00000000,981967.00000000
1779292800000,829378.00000000,321032.00000000
1779296400000,737524.00000000,398872.00000000
1779300000000,525733.00000000,145517.00000000
1779303600000,1005571.00000000,559919.00000000
1779307200000,2753084.00000000,1636760.00000000
1779310800000,1101490.00000000,283530.00000000
1779314400000,520457.00000000,237094.00000000
1779318000000,972473.00000000,553122.00000000
1779321600000,589690.00000000,272884.00000000
1779325200000,1858998.00000000,502295.00000000
1779328800000,1516030.00000000,849369.00000000
1779332400000,434217.00000000,56024.00000000
1779336000000,170291.00000000,37473.00000000
1779339600000,622226.00000000,189528.00000000
1779343200000,853591.00000000,348130.00000000
1779346800000,1140253.00000000,762526.00000000
1779350400000,555253.00000000,252582.00000000
1779354000000,493605.00000000,169951.00000000
1779357600000,1241582.00000000,538273.00000000
1779361200000,419456.00000000,109179.00000000
1779364800000,977705.00000000,381879.00000000
1779368400000,1812192.00000000,862978.00000000
1779372000000,2531048.00000000,1398875.00000000
1779375600000,2353075.00000000,1113447.00000000
1779379200000,701847.00000000,165847.00000000
1779382800000,1283734.00000000,486461.00000000
1779386400000,1834654.00000000,525795.00000000
1779390000000,249366.00000000,106493.00000000
1779393600000,757580.00000000,317011.00000000
1779397200000,804463.00000000,359957.00000000
1779400800000,1125383.00000000,619943.00000000
1779404400000,724716.00000000,208154.00000000
1779408000000,685906.00000000,272275.00000000
1779411600000,1748418.00000000,1219869.00000000
1779415200000,2281050.00000000,1108310.00000000
1779418800000,575625.00000000,428507.00000000
1779422400000,1048938.00000000,620238.00000000
1779426000000,1247963.00000000,393716.00000000
1779429600000,521817.00000000,271294.00000000
1779433200000,716596.00000000,223481.00000000
1779436800000,713356.00000000,370690.00000000
1779440400000,845041.00000000,443553.00000000
1779444000000,373395.00000000,163663.00000000
1779447600000,1562609.00000000,485813.00000000
1779451200000,668924.00000000,178015.00000000
1779454800000,1330260.00000000,344650.00000000
1779458400000,1652004.00000000,544238.00000000
1779462000000,827598.00000000,360980.00000000
1779465600000,210555.00000000,93686.00000000
1779469200000,317150.00000000,160727.00000000
1779472800000,3250885.00000000,1979300.00000000
1779476400000,2435235.00000000,886384.00000000
1779480000000,975742.00000000,389108.00000000
1779483600000,482698.00000000,111763.00000000
1779487200000,477825.00000000,118473.00000000
1779490800000,1884826.00000000,873719.00000000
1779494400000,1299207.00000000,733305.00000000
1779498000000,455043.00000000,102958.00000000
1779501600000,332007.00000000,149442.00000000
1779505200000,315779.00000000,197531.00000000
1779508800000,719124.00000000,447986.00000000
1779512400000,305531.00000000,222444.00000000
1779516000000,679203.00000000,258952.00000000
1779519600000,3636018.00000000,1202497.00000000
1779523200000,1109934.00000000,376129.00000000
1779526800000,575864.00000000,277934.00000000
1779530400000,293166.00000000,93024.00000000
1779534000000,265850.00000000,38838.00000000
1779537600000,132464.00000000,60286.00000000
1779541200000,515440.00000000,324951.00000000
1779544800000,801671.00000000,388061.00000000
1779548400000,654762.00000000,378258.00000000
1779552000000,553498.00000000,283112.00000000
1779555600000,690325.00000000,365985.00000000
1779559200000,577212.00000000,320155.00000000
1779562800000,721202.00000000,352583.00000000
1779566400000,1686894.00000000,1054459.00000000
1779570000000,425327.00000000,160057.00000000
1779573600000,1549803.00000000,547982.00000000
1779577200000,2117282.00000000,1551156.00000000
1779580800000,720455.00000000,637264.00000000
1779584400000,158107.00000000,97075.00000000
1779588000000,240195.00000000,106915.00000000
1779591600000,120836.00000000,51292.00000000
1779595200000,270734.00000000,142503.00000000
1779598800000,856324.00000000,372107.00000000
1779602400000,247988.00000000,97066.00000000
1779606000000,784445.00000000,262368.00000000
1779609600000,373765.00000000,243588.00000000
1779613200000,370974.00000000,255040.00000000
1779616800000,569172.00000000,322356.00000000
1779620400000,324710.00000000,210769.00000000
1779624000000,64898.00000000,41758.00000000
1779627600000,508506.00000000,216991.00000000
1779631200000,642758.00000000,375723.00000000
1779634800000,202537.00000000,75000.00000000
1779638400000,419959.00000000,185385.00000000
1779642000000,86654.00000000,49239.00000000
1779645600000,86134.00000000,38370.00000000
1779649200000,44220.00000000,24439.00000000
1779652800000,143720.00000000,30435.00000000
1779656400000,426295.00000000,246303.00000000
1779660000000,142116.00000000,55802.00000000
1779663600000,177414.00000000,115138.00000000
1779667200000,76695.00000000,20754.00000000
1779670800000,598938.00000000,65053.00000000
1779674400000,376939.00000000,235172.00000000
1779678000000,162294.00000000,115565.00000000
1779681600000,299613.00000000,153572.00000000
1779685200000,198171.00000000,95667.00000000
1779688800000,249349.00000000,130415.00000000
1779692400000,221586.00000000,109860.00000000
1779696000000,1742885.00000000,842735.00000000
1779699600000,534541.00000000,147718.00000000
1779703200000,455178.00000000,62604.00000000
1779706800000,283598.00000000,102997.00000000
1779710400000,1297471.00000000,416832.00000000
1779714000000,461290.00000000,172955.00000000
1779717600000,25548594.00000000,17851615.00000000
1779721200000,3191653.00000000,1561601.00000000
1779724800000,1834556.00000000,1281503.00000000
1779728400000,1174192.00000000,526008.00000000
1779732000000,4097467.00000000,3032803.00000000
1779735600000,2951863.00000000,1544909.00000000
1779739200000,2564410.00000000,1186178.00000000
1779742800000,1666932.00000000,1263487.00000000
1779746400000,841698.00000000,365343.00000000
1779750000000,792298.00000000,217334.00000000
1779753600000,3321516.00000000,1191633.00000000
1779757200000,1111489.00000000,436835.00000000
1779760800000,1420521.00000000,357280.00000000
1779764400000,614689.00000000,299754.00000000
1779768000000,1084856.00000000,523563.00000000
1779771600000,2714745.00000000,1437690.00000000
1779775200000,6336954.00000000,4508332.00000000
1779778800000,11124182.00000000,7109928.00000000
1779782400000,5982768.00000000,3068185.00000000
1779786000000,12938765.00000000,7586820.00000000
1779789600000,5755058.00000000,2746236.00000000
1779793200000,5099189.00000000,2569675.00000000
1779796800000,11286995.00000000,6329635.00000000
1779800400000,6373202.00000000,2006642.00000000
1779804000000,3466908.00000000,1255646.00000000
1779807600000,5911444.00000000,3137551.00000000
1779811200000,1050483.00000000,325918.00000000
1779814800000,2737341.00000000,1837125.00000000
1779818400000,1797166.00000000,836410.00000000
1779822000000,1344551.00000000,822744.00000000
1779825600000,938837.00000000,402880.00000000
1779829200000,8580233.00000000,3679297.00000000
1779832800000,3028339.00000000,2023847.00000000
1779836400000,1462806.00000000,520432.00000000
1779840000000,1266372.00000000,703068.00000000
1779843600000,971024.00000000,533835.00000000
1779847200000,1784741.00000000,891316.00000000
1779850800000,1016834.00000000,528513.00000000
1779854400000,2478894.00000000,1536748.00000000
1779858000000,854891.00000000,336498.00000000
1779861600000,1476383.00000000,512591.00000000
1779865200000,1857930.00000000,597498.00000000
1779868800000,1689036.00000000,1152866.00000000
1779872400000,1195982.00000000,621560.00000000
1779876000000,624525.00000000,188881.00000000
1779879600000,886229.00000000,541896.00000000
1779883200000,789393.00000000,424976.00000000
1779886800000,1314930.00000000,730039.00000000
1779890400000,1695100.00000000,645671.00000000
1779894000000,1875134.00000000,629349.00000000
1779897600000,2057298.00000000,815678.00000000
1779901200000,2448203.00000000,1152825.00000000
1779904800000,776843.00000000,556306.00000000
1779908400000,526630.00000000,298595.00000000
1779912000000,1473476.00000000,1084799.00000000
1779915600000,3611032.00000000,1396163.00000000
1779919200000,1578323.00000000,787061.00000000
1779922800000,1202637.00000000,743443.00000000
1779926400000,919705.00000000,603106.00000000
1779930000000,4837810.00000000,2859129.00000000
1779933600000,618829.00000000,372439.00000000
1779937200000,4671300.00000000,2352465.00000000
1779940800000,6641344.00000000,4023932.00000000
1779944400000,3016353.00000000,781363.00000000
1779948000000,1700900.00000000,1083509.00000000
1779951600000,1352673.00000000,1013575.00000000
1779955200000,914359.00000000,531185.00000000
1779958800000,1515542.00000000,909151.00000000
1779962400000,4482590.00000000,1321543.00000000
1779966000000,1824410.00000000,1218029.00000000
1779969600000,3087689.00000000,1936180.00000000
1779973200000,3813959.00000000,2105785.00000000
1779976800000,3551123.00000000,1338754.00000000
1779980400000,943274.00000000,395538.00000000
1779984000000,1250993.00000000,847158.00000000
1779987600000,1500378.00000000,790369.00000000
1779991200000,595252.00000000,240786.00000000
1779994800000,1027969.00000000,400946.00000000
1779998400000,918864.00000000,529341.00000000
1780002000000,1320698.00000000,187503.00000000
1780005600000,375598.00000000,152076.00000000
1780009200000,506260.00000000,405264.00000000
1780012800000,535898.00000000,202908.00000000
1780016400000,1017762.00000000,317029.00000000
1780020000000,1320155.00000000,518953.00000000
1780023600000,560677.00000000,330553.00000000
1780027200000,333166.00000000,207252.00000000
1780030800000,226717.00000000,99671.00000000
1780034400000,623067.00000000,183317.00000000
1780038000000,1426482.00000000,657205.00000000
1780041600000,1286909.00000000,789871.00000000
1780045200000,667357.00000000,438807.00000000
1780048800000,887564.00000000,380975.00000000
1780052400000,644623.00000000,333411.00000000
1780056000000,756743.00000000,430057.00000000
1780059600000,2169132.00000000,1216707.00000000
1780063200000,1115068.00000000,702583.00000000
1780066800000,1088932.00000000,365387.00000000
1780070400000,1038192.00000000,675070.00000000
1780074000000,618006.00000000,244798.00000000
1780077600000,1154937.00000000,655334.00000000
1780081200000,982809.00000000,516701.00000000
1780084800000,1455402.00000000,1051742.00000000
1780088400000,550783.00000000,180605.00000000
1780092000000,156498.00000000,72457.00000000
1780095600000,990293.00000000,163937.00000000
1780099200000,1057103.00000000,500111.00000000
1780102800000,824211.00000000,405444.00000000
1780106400000,448935.00000000,132554.00000000
1780110000000,1437031.00000000,558215.00000000
1780113600000,1252152.00000000,742524.00000000
1780117200000,1852648.00000000,1416277.00000000
1780120800000,296634.00000000,181017.00000000
1780124400000,420749.00000000,117705.00000000
1780128000000,219870.00000000,105480.00000000
1780131600000,466772.00000000,300622.00000000
1780135200000,306558.00000000,89145.00000000
1780138800000,1992017.00000000,1661755.00000000
1780142400000,8240816.00000000,2921395.00000000
1780146000000,753899.00000000,401834.00000000
1780149600000,1908335.00000000,1318321.00000000
1780153200000,868591.00000000,170370.00000000
1780156800000,3167447.00000000,624813.00000000
1780160400000,725166.00000000,281251.00000000
1780164000000,282312.00000000,127996.00000000
1780167600000,944748.00000000,564491.00000000
1780171200000,392918.00000000,267156.00000000
1780174800000,607998.00000000,118069.00000000
1780178400000,591262.00000000,152374.00000000
1780182000000,1753566.00000000,1537501.00000000
1780185600000,325001.00000000,205957.00000000
1780189200000,664923.00000000,504832.00000000
1780192800000,2833056.00000000,359139.00000000
1780196400000,753198.00000000,374243.00000000
1780200000000,293571.00000000,103961.00000000
1780203600000,1438307.00000000,662063.00000000
1780207200000,914971.00000000,181307.00000000
1780210800000,672659.00000000,394282.00000000
1780214400000,3379040.00000000,895648.00000000
1780218000000,610385.00000000,267343.00000000
1780221600000,2141908.00000000,809434.00000000
1780225200000,509600.00000000,138634.00000000
1780228800000,235763.00000000,94254.00000000
1780232400000,1544736.00000000,228052.00000000
1780236000000,1606005.00000000,512892.00000000
1780239600000,1834867.00000000,1240998.00000000
1780243200000,1684613.00000000,1200704.00000000
1780246800000,880255.00000000,260555.00000000
1780250400000,147204.00000000,97592.00000000
1780254000000,91338.00000000,32939.00000000
1780257600000,628770.00000000,355045.00000000
1780261200000,222440.00000000,127555.00000000
1780264800000,419117.00000000,206356.00000000
1780268400000,257528.00000000,84755.00000000
1780272000000,641978.00000000,163388.00000000
1780275600000,856319.00000000,292431.00000000
1780279200000,1276713.00000000,845006.00000000
1780282800000,2030535.00000000,896848.00000000
1780286400000,1519758.00000000,589114.00000000
1780290000000,571054.00000000,60333.00000000
1780293600000,1072661.00000000,555633.00000000
1780297200000,2176762.00000000,702479.00000000
1780300800000,1175248.00000000,577326.00000000
1780304400000,1068979.00000000,591086.00000000
1780308000000,965555.00000000,362311.00000000
1780311600000,1023128.00000000,492697.00000000
1780315200000,1277001.00000000,494031.00000000
1780318800000,5995698.00000000,2615349.00000000
1780322400000,3540840.00000000,1404674.00000000
1780326000000,2177482.00000000,655425.00000000
1780329600000,1352171.00000000,636913.00000000
1780333200000,3867259.00000000,2139403.00000000
1780336800000,3676762.00000000,2119502.00000000
1780340400000,1302141.00000000,758458.00000000
1780344000000,653909.00000000,124781.00000000
1780347600000,1597754.00000000,407336.00000000
1780351200000,1049041.00000000,496023.00000000
1780354800000,871863.00000000,488381.00000000
1780358400000,300917.00000000,128968.00000000
1780362000000,1032493.00000000,568611.00000000
1780365600000,1498741.00000000,404322.00000000
1780369200000,710781.00000000,298453.00000000
1780372800000,995896.00000000,404187.00000000
1780376400000,1199764.00000000,657541.00000000
1780380000000,880478.00000000,545243.00000000
1780383600000,282576.00000000,107494.00000000
1780387200000,794766.00000000,174808.00000000
1780390800000,1451275.00000000,718932.00000000
1780394400000,788200.00000000,292874.00000000
1780398000000,729881.00000000,398454.00000000
1780401600000,638107.00000000,286265.00000000
1780405200000,802587.00000000,342157.00000000
1780408800000,11579468.00000000,4132120.00000000
1780412400000,7432243.00000000,4004923.00000000
1780416000000,3101197.00000000,1464152.00000000
1780419600000,1806135.00000000,1216504.00000000
1780423200000,1061274.00000000,417246.00000000
1780426800000,1712902.00000000,1211817.00000000
1780430400000,1082955.00000000,494322.00000000
1780434000000,450033.00000000,159200.00000000
1780437600000,2588619.00000000,875442.00000000
1780441200000,9205810.00000000,6059751.00000000
1780444800000,7250489.00000000,2808424.00000000
1780448400000,3582324.00000000,1236107.00000000
1780452000000,9565658.00000000,4343345.00000000
1780455600000,1787593.00000000,795596.00000000
1780459200000,749197.00000000,316919.00000000
1780462800000,1659293.00000000,892097.00000000
1780466400000,2213494.00000000,1362168.00000000
1780470000000,750591.00000000,448539.00000000
1780473600000,1589587.00000000,928045.00000000
1780477200000,1109013.00000000,518524.00000000
1780480800000,358395.00000000,163924.00000000
1780484400000,2595372.00000000,1264244.00000000
1780488000000,881745.00000000,312462.00000000
1780491600000,1909250.00000000,762562.00000000
1780495200000,778403.00000000,466724.00000000
1780498800000,1338017.00000000,613534.00000000
1780502400000,1239898.00000000,742180.00000000
1780506000000,1414712.00000000,836713.00000000
1780509600000,567106.00000000,226009.00000000
1780513200000,775442.00000000,281530.00000000
1780516800000,1566179.00000000,452934.00000000
1780520400000,622721.00000000,309544.00000000
1780524000000,457773.00000000,223079.00000000
1780527600000,771528.00000000,372252.00000000
1780531200000,1175816.00000000,623055.00000000
1780534800000,3947839.00000000,2262163.00000000
1780538400000,6662222.00000000,2986928.00000000
1780542000000,2624844.00000000,1634768.00000000
1780545600000,1669006.00000000,461584.00000000
1780549200000,1814750.00000000,988970.00000000
1780552800000,577021.00000000,246610.00000000
1780556400000,1373458.00000000,714380.00000000
1780560000000,2539744.00000000,1491438.00000000
1780563600000,1917383.00000000,1177657.00000000
1780567200000,2733484.00000000,1554683.00000000
1780570800000,1753674.00000000,751471.00000000
1780574400000,1342783.00000000,656720.00000000
1780578000000,1476316.00000000,759281.00000000
1780581600000,1219549.00000000,535986.00000000
1780585200000,1498088.00000000,623389.00000000
1780588800000,882670.00000000,446121.00000000
1780592400000,573297.00000000,255517.00000000
1780596000000,1509422.00000000,726296.00000000
1780599600000,603740.00000000,179157.00000000
1780603200000,273856.00000000,137779.00000000
1780606800000,846819.00000000,503346.00000000
1780610400000,3005843.00000000,2079662.00000000
1780614000000,2253507.00000000,1024523.00000000
1780617600000,1059556.00000000,343845.00000000
1780621200000,1007460.00000000,626454.00000000
1780624800000,1211077.00000000,725165.00000000
1780628400000,1087382.00000000,547682.00000000
1780632000000,1748930.00000000,920377.00000000
1780635600000,1496472.00000000,705744.00000000
1780639200000,5350955.00000000,2953274.00000000
1780642800000,3356402.00000000,1725109.00000000
1780646400000,1358194.00000000,471171.00000000
1780650000000,2034892.00000000,1043669.00000000
1780653600000,1126299.00000000,438731.00000000
1780657200000,2634598.00000000,1393807.00000000
1780660800000,1680311.00000000,860790.00000000
1780664400000,2017492.00000000,1005397.00000000
1780668000000,2223912.00000000,1142768.00000000
1780671600000,2596967.00000000,1163267.00000000
1780675200000,4540271.00000000,2301573.00000000
1780678800000,1404679.00000000,684256.00000000
1780682400000,2884904.00000000,2002862.00000000
1780686000000,2279068.00000000,1111758.00000000
1780689600000,1349760.00000000,713852.00000000
1780693200000,690077.00000000,252325.00000000
1780696800000,1380756.00000000,714750.00000000
1780700400000,1150040.00000000,666077.00000000
1780704000000,274288.00000000,129336.00000000
1780707600000,612957.00000000,206212.00000000
1780711200000,715755.00000000,325603.00000000
1780714800000,1132023.00000000,594195.00000000
1780718400000,2647435.00000000,1067833.00000000
1780722000000,12322137.00000000,2731722.00000000
1780725600000,2862383.00000000,1854983.00000000
1780729200000,6495857.00000000,5956710.00000000
1780732800000,2731415.00000000,1600438.00000000
1780736400000,1518325.00000000,585730.00000000
1780740000000,1878954.00000000,815287.00000000
1780743600000,1272494.00000000,398863.00000000
1780747200000,1490199.00000000,626312.00000000
1780750800000,2142710.00000000,751154.00000000
1780754400000,1129359.00000000,688384.00000000
1780758000000,1694280.00000000,631808.00000000
1780761600000,2684305.00000000,1308873.00000000
1780765200000,17277464.00000000,9929907.00000000
1780768800000,2083494.00000000,823798.00000000
1780772400000,1866857.00000000,642576.00000000
1780776000000,1484130.00000000,499208.00000000
1780779600000,273771.00000000,83975.00000000
1780783200000,750365.00000000,375622.00000000
1780786800000,669207.00000000,338566.00000000
1780790400000,1966298.00000000,1288370.00000000
1780794000000,6961989.00000000,4330152.00000000
1780797600000,1478718.00000000,1000526.00000000
1780801200000,2219018.00000000,991456.00000000
1780804800000,538880.00000000,346999.00000000
1780808400000,876337.00000000,544285.00000000
1780812000000,646032.00000000,285627.00000000
1780815600000,1592902.00000000,986905.00000000
1780819200000,1100339.00000000,635741.00000000
1780822800000,1524990.00000000,892396.00000000
1780826400000,820303.00000000,501016.00000000
1780830000000,1362630.00000000,305553.00000000
1780833600000,1468942.00000000,606047.00000000
1780837200000,643916.00000000,152756.00000000
1780840800000,2378210.00000000,1133066.00000000
1780844400000,1420386.00000000,842967.00000000
1780848000000,1032285.00000000,558163.00000000
1780851600000,1185908.00000000,306024.00000000
1780855200000,449258.00000000,131735.00000000
1780858800000,820913.00000000,365832.00000000
1780862400000,325519.00000000,132484.00000000
1780866000000,665375.00000000,136088.00000000
1780869600000,3642408.00000000,1665038.00000000
1780873200000,710935.00000000,223484.00000000
1780876800000,1049779.00000000,416599.00000000
1780880400000,941183.00000000,507734.00000000
1780884000000,553902.00000000,113871.00000000
1780887600000,307593.00000000,128817.00000000
1780891200000,1488507.00000000,307778.00000000
1780894800000,565375.00000000,367405.00000000
1780898400000,1341644.00000000,443206.00000000
1780902000000,324829.00000000,152219.00000000
1780905600000,674114.00000000,352718.00000000
1780909200000,4968348.00000000,2689895.00000000
1780912800000,2378018.00000000,614500.00000000
1780916400000,1086907.00000000,664987.00000000
1780920000000,870187.00000000,323296.00000000
1780923600000,829562.00000000,402093.00000000
1780927200000,713080.00000000,287160.00000000
1780930800000,7705596.00000000,3464996.00000000
1780934400000,19797875.00000000,10080919.00000000
1780938000000,24755338.00000000,14481729.00000000
1780941600000,43267241.00000000,21361499.00000000
1780945200000,8171730.00000000,1956083.00000000
1780948800000,2853440.00000000,942647.00000000
1780952400000,2576016.00000000,1254360.00000000
1780956000000,22244746.00000000,12220802.00000000
1780959600000,3770933.00000000,894363.00000000
1780963200000,6337995.00000000,2895678.00000000
1780966800000,6653743.00000000,4467744.00000000
1780970400000,23564495.00000000,13059434.00000000
1780974000000,10439103.00000000,5349770.00000000
1780977600000,13826625.00000000,5193927.00000000
1780981200000,4955621.00000000,1913865.00000000
1780984800000,5041942.00000000,1815171.00000000
1780988400000,19555038.00000000,12513570.00000000
1780992000000,14231011.00000000,4175082.00000000
1780995600000,5220918.00000000,2143309.00000000
1780999200000,7394039.00000000,4981362.00000000
1781002800000,22702553.00000000,11687602.00000000
1781006400000,12371658.00000000,6814824.00000000
1781010000000,13633590.00000000,7461794.00000000
1781013600000,19694828.00000000,10943590.00000000
1781017200000,68910759.00000000,38924505.00000000
1781020800000,203212344.00000000,106719311.00000000
1781024400000,109542443.00000000,51457348.00000000
1781028000000,63065039.00000000,29468957.00000000
1781031600000,38727929.00000000,17919532.00000000
1781035200000,28670666.00000000,13292616.00000000
1781038800000,22916736.00000000,10057630.00000000
1781042400000,12688188.00000000,6716206.00000000
1781046000000,18105259.00000000,7328007.00000000
1781049600000,18027513.00000000,9116466.00000000
1781053200000,28312102.00000000,13595124.00000000
1781056800000,35973082.00000000,18434139.00000000
1781060400000,30809882.00000000,11769806.00000000
1781064000000,20882190.00000000,6602482.00000000
1781067600000,10892786.00000000,3732204.00000000
1781071200000,8837033.00000000,3784649.00000000
1781074800000,14917713.00000000,8830955.00000000
1781078400000,27934802.00000000,13057120.00000000
1781082000000,10907661.00000000,5552773.00000000
1781085600000,8424652.00000000,3665553.00000000
1781089200000,7339955.00000000,3221232.00000000
1781092800000,5197329.00000000,2351422.00000000
1781096400000,6450664.00000000,3212791.00000000
1781100000000,6505897.00000000,3057801.00000000
1781103600000,6844405.00000000,3110237.00000000
1781107200000,13533291.00000000,4489666.00000000
1781110800000,4527942.00000000,2207642.00000000
1781114400000,4444350.00000000,1453377.00000000
1781118000000,5556536.00000000,2685270.00000000
1781121600000,12944250.00000000,6632165.00000000
1781125200000,11911113.00000000,4496244.00000000
1781128800000,2634147.00000000,1190579.00000000
1781132400000,3499521.00000000,918080.00000000
1781136000000,109804485.00000000,68293105.00000000
1781139600000,13814886.00000000,6505481.00000000
1781143200000,5613330.00000000,1920651.00000000
1781146800000,3238175.00000000,1735699.00000000
1781150400000,2458283.00000000,880523.00000000
1781154000000,2449549.00000000,1372801.00000000
1781157600000,2610841.00000000,723285.00000000
1781161200000,8195309.00000000,3360649.00000000
1781164800000,4041811.00000000,2378415.00000000
1781168400000,2565477.00000000,1036228.00000000
1781172000000,2087575.00000000,889884.00000000
1781175600000,2197931.00000000,725487.00000000
1781179200000,19095227.00000000,11455511.00000000
1781182800000,14091357.00000000,6027566.00000000
1781186400000,5053146.00000000,2009869.00000000
1781190000000,22688326.00000000,12155223.00000000
1781193600000,11588423.00000000,5351042.00000000
1781197200000,12876851.00000000,6546499.00000000
1781200800000,1734144.00000000,845103.00000000
1781204400000,1772087.00000000,861478.00000000
1781208000000,8792681.00000000,5125367.00000000
1781211600000,7846077.00000000,2647809.00000000
1781215200000,3244539.00000000,1122240.00000000
1781218800000,2812943.00000000,906241.00000000
1781222400000,2272628.00000000,961633.00000000
1781226000000,5878140.00000000,2053706.00000000
1781229600000,4110930.00000000,1578966.00000000
1781233200000,1824721.00000000,665278.00000000
1781236800000,2832843.00000000,1146105.00000000
1781240400000,4393994.00000000,1548412.00000000
1781244000000,1921782.00000000,819447.00000000
1781247600000,5749036.00000000,3055895.00000000
1781251200000,10039937.00000000,5438830.00000000
1781254800000,8232564.00000000,3047219.00000000
1781258400000,10578942.00000000,4897405.00000000
1781262000000,8608895.00000000,2946721.00000000
1781265600000,6490213.00000000,3216232.00000000
1781269200000,3957392.00000000,1633035.00000000
1781272800000,4034375.00000000,2364118.00000000
1781276400000,4202452.00000000,1515600.00000000
1781280000000,3109301.00000000,1561355.00000000
1781283600000,3096491.00000000,904048.00000000
1781287200000,9046209.00000000,5526439.00000000
1781290800000,1267042.00000000,487901.00000000
1781294400000,1258976.00000000,485650.00000000
1781298000000,1473423.00000000,796529.00000000
1781301600000,1587353.00000000,710540.00000000
1781305200000,659563.00000000,258225.00000000
1781308800000,1555307.00000000,531081.00000000
1781312400000,8182194.00000000,4076518.00000000
1781316000000,1445615.00000000,681802.00000000
1781319600000,2941010.00000000,1478649.00000000
1781323200000,958058.00000000,380358.00000000
1781326800000,1235427.00000000,534729.00000000
1781330400000,12334617.00000000,7375988.00000000
1781334000000,2349621.00000000,813195.00000000
1781337600000,18560044.00000000,10005810.00000000
1781341200000,3541750.00000000,1983953.00000000
1781344800000,4337963.00000000,1969509.00000000
1781348400000,1504747.00000000,623703.00000000
1781352000000,1221203.00000000,507974.00000000
1781355600000,2361988.00000000,872753.00000000
1781359200000,7778761.00000000,3598476.00000000
1781362800000,2371117.00000000,1060535.00000000
1781366400000,3828062.00000000,2493314.00000000
1781370000000,24367503.00000000,13183183.00000000
1781373600000,2614458.00000000,1207730.00000000
1781377200000,4709126.00000000,1788840.00000000
1781380800000,652002.00000000,507360.00000000
1781384400000,3064285.00000000,623727.00000000
1781388000000,14257293.00000000,7413492.00000000
1781391600000,1616677.00000000,890233.00000000
1781395200000,1717628.00000000,693656.00000000
1781398800000,2225947.00000000,936467.00000000
1781402400000,802502.00000000,406200.00000000
1781406000000,1283240.00000000,834167.00000000
1781409600000,1240261.00000000,512639.00000000
1781413200000,12632923.00000000,7086260.00000000
1781416800000,41602318.00000000,24771143.00000000
1781420400000,5822632.00000000,4108265.00000000
1781424000000,2349673.00000000,1023361.00000000
1781427600000,3391085.00000000,1969149.00000000
1781431200000,3323715.00000000,1517508.00000000
1781434800000,2883984.00000000,1406991.00000000
1781438400000,1570940.00000000,476338.00000000
1781442000000,2479695.00000000,1276584.00000000
1781445600000,1756729.00000000,489144.00000000
1781449200000,1740516.00000000,671291.00000000
1781452800000,1981502.00000000,1228283.00000000
1781456400000,833546.00000000,383522.00000000
1781460000000,10452409.00000000,6574677.00000000
1781463600000,7999784.00000000,5660020.00000000
1781467200000,1263475.00000000,500215.00000000
1781470800000,8068469.00000000,4816052.00000000
1781474400000,5528642.00000000,3362350.00000000
1781478000000,794809.00000000,489582.00000000
1781481600000,621332.00000000,335971.00000000
1781485200000,2591308.00000000,1667914.00000000
1781488800000,1875660.00000000,851053.00000000
1781492400000,789381.00000000,360097.00000000
1781496000000,894310.00000000,282775.00000000
1781499600000,676174.00000000,268159.00000000
1781503200000,8017741.00000000,4994816.00000000
1781506800000,3300496.00000000,1619010.00000000
1781510400000,2292036.00000000,1095789.00000000
1781514000000,4942090.00000000,3610691.00000000
1781517600000,2044530.00000000,772325.00000000
1781521200000,1579222.00000000,738906.00000000
1781524800000,4294505.00000000,2686984.00000000
1781528400000,2795771.00000000,1374317.00000000
1781532000000,3130341.00000000,1689385.00000000
1781535600000,2649011.00000000,1628552.00000000
1781539200000,981521.00000000,270146.00000000
1781542800000,4129633.00000000,2847827.00000000
1781546400000,5034143.00000000,3656005.00000000
1781550000000,3822039.00000000,1728429.00000000
1781553600000,1418696.00000000,992211.00000000
1781557200000,645503.00000000,264473.00000000
1781560800000,1999661.00000000,1158019.00000000
1781564400000,783511.00000000,304267.00000000
1781568000000,1495964.00000000,679906.00000000
1781571600000,1117511.00000000,581380.00000000
1781575200000,3302893.00000000,1802071.00000000
1781578800000,15015086.00000000,8162178.00000000
1781582400000,4338392.00000000,2007363.00000000
1781586000000,11097323.00000000,5487039.00000000
1781589600000,8089997.00000000,4227851.00000000
1781593200000,8590428.00000000,3923209.00000000
1781596800000,11647603.00000000,5662416.00000000
1781600400000,41047521.00000000,25828715.00000000
1781604000000,23309846.00000000,9425123.00000000
1781607600000,19263773.00000000,11761963.00000000
1781611200000,9290458.00000000,4154017.00000000
1781614800000,9241840.00000000,4765423.00000000
1781618400000,151710462.00000000,80816586.00000000
1781622000000,104870417.00000000,57080336.00000000
1781625600000,51524368.00000000,24604097.00000000
1781629200000,91296625.00000000,48850436.00000000
1781632800000,56905810.00000000,28064907.00000000
1781636400000,62065517.00000000,32068986.00000000
1781640000000,69442156.00000000,28971096.00000000
1781643600000,36965938.00000000,15660345.00000000
1781647200000,18860659.00000000,9318044.00000000
1781650800000,15102020.00000000,7991536.00000000
1781654400000,23907264.00000000,8999349.00000000
1781658000000,14791316.00000000,6645340.00000000
1781661600000,10365984.00000000,4744116.00000000
1781665200000,12222461.00000000,5734281.00000000
1781668800000,30213098.00000000,14870609.00000000
1781672400000,25894187.00000000,9433408.00000000
1781676000000,40590852.00000000,23211816.00000000
1781679600000,26244166.00000000,15696611.00000000
1781683200000,33545946.00000000,15686671.00000000
1781686800000,46832400.00000000,20311683.00000000
1781690400000,8008791.00000000,4681634.00000000
1781694000000,13664997.00000000,6769635.00000000
1781697600000,54106602.00000000,22371118.00000000
1781701200000,14974888.00000000,6987194.00000000
1781704800000,26403177.00000000,11868404.00000000
1781708400000,8878332.00000000,4300658.00000000
1781712000000,6981934.00000000,2385295.00000000
1781715600000,2084885.00000000,805159.00000000
1781719200000,3685902.00000000,1397423.00000000
1781722800000,5494826.00000000,2596174.00000000
1781726400000,8210287.00000000,4731726.00000000
1781730000000,5845817.00000000,3348570.00000000
1781733600000,4796590.00000000,1703038.00000000
1781737200000,4329728.00000000,1729043.00000000
1781740800000,4158523.00000000,1450652.00000000
1781744400000,2986938.00000000,1203456.00000000
1781748000000,3764403.00000000,1933885.00000000
1781751600000,2788373.00000000,1099538.00000000
1781755200000,7963436.00000000,3295210.00000000
1781758800000,1306502.00000000,654349.00000000
1781762400000,2646450.00000000,1280058.00000000
1781766000000,4851699.00000000,1751437.00000000
1781769600000,12396158.00000000,6919258.00000000
1781773200000,6310348.00000000,2000018.00000000
1781776800000,2232446.00000000,995845.00000000
1781780400000,3803282.00000000,1654852.00000000
1781784000000,3889068.00000000,2659191.00000000
1781787600000,4653233.00000000,1817877.00000000
1781791200000,1941980.00000000,1028267.00000000
1781794800000,7918648.00000000,4123267.00000000
1781798400000,5665765.00000000,2701332.00000000
1781802000000,2593574.00000000,1179466.00000000
1781805600000,12140609.00000000,6028772.00000000
1781809200000,10747285.00000000,5375622.00000000
1781812800000,9685252.00000000,7172662.00000000
1781816400000,1119329.00000000,712983.00000000
1781820000000,1674972.00000000,754681.00000000
1781823600000,1465585.00000000,886093.00000000
1781827200000,2458967.00000000,1302710.00000000
1781830800000,15841969.00000000,6077427.00000000
1781834400000,29971907.00000000,16865874.00000000
1781838000000,5960204.00000000,2945067.00000000
1781841600000,2504716.00000000,1044770.00000000
1781845200000,1405927.00000000,492407.00000000
1781848800000,6801228.00000000,3540885.00000000
1781852400000,3609959.00000000,1659039.00000000
1781856000000,2575914.00000000,1170166.00000000
1781859600000,3314920.00000000,2310538.00000000
1781863200000,1505930.00000000,1196606.00000000
1781866800000,2801475.00000000,1790484.00000000
1781870400000,3818999.00000000,2132575.00000000
1781874000000,2476586.00000000,1672223.00000000
1781877600000,3379577.00000000,1616432.00000000
1781881200000,3803028.00000000,2002862.00000000
1781884800000,16618448.00000000,6135785.00000000
1781888400000,11344302.00000000,5656244.00000000
1781892000000,1480213.00000000,1000357.00000000
1781895600000,802913.00000000,389017.00000000
1781899200000,456090.00000000,102217.00000000
1781902800000,707290.00000000,559132.00000000
1781906400000,769716.00000000,513275.00000000
1781910000000,425600.00000000,255725.00000000
1781913600000,1257464.00000000,490193.00000000
1781917200000,1567831.00000000,714109.00000000
1781920800000,1144988.00000000,940163.00000000
1781924400000,479741.00000000,214078.00000000
1781928000000,342728.00000000,193291.00000000
1781931600000,3224036.00000000,2247174.00000000
1781935200000,2582625.00000000,1890732.00000000
1781938800000,724226.00000000,439840.00000000
1781942400000,2313556.00000000,1322533.00000000
1781946000000,3286259.00000000,1625668.00000000
1781949600000,1992649.00000000,1132078.00000000
1781953200000,1897762.00000000,1273748.00000000
1781956800000,1548466.00000000,754206.00000000
1781960400000,2939818.00000000,1623660.00000000
1781964000000,1673405.00000000,1153161.00000000
1781967600000,3099227.00000000,1812582.00000000
1781971200000,945012.00000000,587594.00000000
1781974800000,1441420.00000000,604557.00000000
1781978400000,370976.00000000,203727.00000000
1781982000000,5618004.00000000,4151511.00000000
1781985600000,2351134.00000000,1373389.00000000
1781989200000,3739683.00000000,2036449.00000000
1781992800000,768835.00000000,231935.00000000
1781996400000,584726.00000000,363016.00000000
1782000000000,2457632.00000000,1237981.00000000
1782003600000,2583903.00000000,1073120.00000000
1782007200000,2037272.00000000,1022387.00000000
1782010800000,1147391.00000000,647341.00000000
1782014400000,902670.00000000,205200.00000000
1782018000000,5496343.00000000,3084311.00000000
1782021600000,921190.00000000,380654.00000000
1782025200000,301087.00000000,227761.00000000
1782028800000,1889884.00000000,1225501.00000000
1782032400000,2941063.00000000,1966520.00000000
1782036000000,1358922.00000000,289966.00000000
1782039600000,1622249.00000000,993809.00000000
1782043200000,4842667.00000000,3151303.00000000
1782046800000,3167241.00000000,1782077.00000000
1782050400000,2219143.00000000,1697877.00000000
1782054000000,4628819.00000000,2866409.00000000
1782057600000,1295674.00000000,622729.00000000
1782061200000,1207744.00000000,560701.00000000
1782064800000,686889.00000000,304251.00000000
1782068400000,1598033.00000000,1155677.00000000
1782072000000,2916304.00000000,1254890.00000000
1782075600000,1497889.00000000,713511.00000000
1782079200000,558684.00000000,423623.00000000
1782082800000,1106112.00000000,581156.00000000
1782086400000,823513.00000000,302541.00000000
1782090000000,1252425.00000000,931261.00000000
1782093600000,893329.00000000,528430.00000000
1782097200000,550440.00000000,272732.00000000
1782100800000,2071419.00000000,1203074.00000000
1782104400000,3396154.00000000,2075406.00000000
1782108000000,3443516.00000000,1945395.00000000
1782111600000,550094.00000000,177317.00000000
1782115200000,5035078.00000000,3004923.00000000
1782118800000,2758254.00000000,993637.00000000
1782122400000,1549686.00000000,517666.00000000
1782126000000,5023478.00000000,2533277.00000000
1782129600000,1244481.00000000,627289.00000000
1782133200000,1065819.00000000,316842.00000000
1782136800000,4120054.00000000,2290133.00000000
1782140400000,1267724.00000000,896965.00000000
1782144000000,1257659.00000000,813835.00000000
1782147600000,2893278.00000000,1060126.00000000
1782151200000,662840.00000000,346071.00000000
1782154800000,787850.00000000,370803.00000000
1782158400000,336814.00000000,215797.00000000
1782162000000,918340.00000000,389217.00000000
1782165600000,2354924.00000000,805600.00000000
1782169200000,1514458.00000000,1015328.00000000
1782172800000,984311.00000000,546255.00000000
1782176400000,1043505.00000000,824909.00000000
1782180000000,576203.00000000,194589.00000000
1782183600000,1066414.00000000,552741.00000000
1782187200000,5051637.00000000,1728359.00000000
1782190800000,5688354.00000000,2965850.00000000
1782194400000,6842823.00000000,2283557.00000000
1782198000000,1398810.00000000,487772.00000000
1782201600000,5704804.00000000,2656282.00000000
1782205200000,513444.00000000,243793.00000000
1782208800000,1481699.00000000,1050386.00000000
1782212400000,1026992.00000000,624184.00000000
1782216000000,4745862.00000000,3163863.00000000
1782219600000,4921570.00000000,2742235.00000000
1782223200000,1222185.00000000,462654.00000000
1782226800000,692611.00000000,325435.00000000
1782230400000,813544.00000000,466627.00000000
1782234000000,2046429.00000000,797695.00000000
1782237600000,603802.00000000,350394.00000000
1782241200000,399543.00000000,136547.00000000
1782244800000,597226.00000000,209790.00000000
1782248400000,821732.00000000,151380.00000000
1782252000000,224180.00000000,97212.00000000
1782255600000,491061.00000000,106903.00000000
1782259200000,468501.00000000,122043.00000000
1782262800000,1272256.00000000,713447.00000000
1782266400000,622383.00000000,374056.00000000
1782270000000,515386.00000000,179181.00000000
1782273600000,651200.00000000,415500.00000000
1782277200000,664148.00000000,268329.00000000
1782280800000,1049229.00000000,565433.00000000
1782284400000,742927.00000000,308121.00000000
1782288000000,1267244.00000000,260728.00000000
1782291600000,1173798.00000000,706042.00000000
1782295200000,305243.00000000,99673.00000000
1782298800000,463022.00000000,162109.00000000
1782302400000,799079.00000000,433123.00000000
1782306000000,2847783.00000000,1211969.00000000
1782309600000,2037503.00000000,727874.00000000
1782313200000,3517331.00000000,1598338.00000000
1782316800000,7507592.00000000,3070681.00000000
1782320400000,3248410.00000000,1450088.00000000
1782324000000,905195.00000000,498677.00000000
1782327600000,803973.00000000,556778.00000000
1782331200000,1884100.00000000,855832.00000000
1782334800000,484978.00000000,325993.00000000
1782338400000,450722.00000000,188344.00000000
1782342000000,403801.00000000,326709.00000000
1782345600000,2046084.00000000,1634974.00000000
1782349200000,2226769.00000000,959297.00000000
1782352800000,1177380.00000000,735916.00000000
1782356400000,1519200.00000000,567332.00000000
1782360000000,4906938.00000000,2778702.00000000
1782363600000,1513123.00000000,569839.00000000
1782367200000,6420308.00000000,3352435.00000000
1782370800000,1826191.00000000,772593.00000000
1782374400000,1481397.00000000,900076.00000000
1782378000000,1116176.00000000,424041.00000000
1782381600000,5643976.00000000,1519097.00000000
1782385200000,11297020.00000000,8296964.00000000
1782388800000,3428291.00000000,1274296.00000000
1782392400000,7329734.00000000,3725456.00000000
1782396000000,4145894.00000000,1648847.00000000
1782399600000,3094437.00000000,1643852.00000000
1782403200000,1298834.00000000,703971.00000000
1782406800000,699642.00000000,290292.00000000
1782410400000,684486.00000000,326107.00000000
1782414000000,4301605.00000000,786343.00000000
1782417600000,2974562.00000000,916335.00000000
1782421200000,1268227.00000000,624727.00000000
1782424800000,932900.00000000,472904.00000000
1782428400000,5365478.00000000,2448137.00000000
1782432000000,987417.00000000,588470.00000000
1782435600000,947273.00000000,580532.00000000
1782439200000,2278381.00000000,1069961.00000000
1782442800000,2939568.00000000,2051337.00000000
1782446400000,600361.00000000,141723.00000000
1782450000000,1317201.00000000,605090.00000000
1782453600000,986954.00000000,343385.00000000
1782457200000,1556591.00000000,679049.00000000
1782460800000,1734766.00000000,1045968.00000000
1782464400000,2553778.00000000,1552759.00000000
1782468000000,1452527.00000000,352363.00000000
1782471600000,1026154.00000000,580043.00000000
1782475200000,10964135.00000000,5568724.00000000
1782478800000,2012618.00000000,878800.00000000
1782482400000,2554926.00000000,1039324.00000000
1782486000000,4022945.00000000,1785677.00000000
1782489600000,2946336.00000000,1476262.00000000
1782493200000,1387048.00000000,890906.00000000
1782496800000,2552811.00000000,1597253.00000000
1782500400000,668846.00000000,243712.00000000
1782504000000,2437490.00000000,1346727.00000000
1782507600000,499861.00000000,347514.00000000
1782511200000,817565.00000000,434743.00000000
1782514800000,930483.00000000,421192.00000000
1782518400000,1245069.00000000,385756.00000000
1782522000000,1601266.00000000,751019.00000000
1782525600000,2983704.00000000,1561461.00000000
1782529200000,3002770.00000000,1181947.00000000
1782532800000,1017506.00000000,445391.00000000
1782536400000,1420361.00000000,957596.00000000
1782540000000,1076422.00000000,345792.00000000
1782543600000,5720983.00000000,3273527.00000000
1782547200000,1997724.00000000,1214815.00000000
1782550800000,430278.00000000,274247.00000000
1782554400000,1237191.00000000,240326.00000000
1782558000000,2805422.00000000,1051654.00000000
1782561600000,741374.00000000,388847.00000000
1782565200000,434420.00000000,361700.00000000
1782568800000,1184206.00000000,898702.00000000
1782572400000,530813.00000000,257373.00000000
1782576000000,430608.00000000,107868.00000000
1782579600000,813588.00000000,438035.00000000
1782583200000,1308547.00000000,855318.00000000
1782586800000,950474.00000000,425462.00000000
1782590400000,328146.00000000,203938.00000000
1782594000000,405290.00000000,207613.00000000
1782597600000,647124.00000000,386412.00000000
1782601200000,586529.00000000,434841.00000000
1782604800000,519276.00000000,256577.00000000
1782608400000,3562458.00000000,1605350.00000000
1782612000000,258389.00000000,94030.00000000
1782615600000,611307.00000000,437760.00000000
1782619200000,1310980.00000000,486736.00000000
1782622800000,2235526.00000000,1393770.00000000
1782626400000,1283971.00000000,572900.00000000
1782630000000,266003.00000000,144024.00000000
1782633600000,1027865.00000000,622942.00000000
1782637200000,9575121.00000000,5987925.00000000
1782640800000,6763413.00000000,3665501.00000000
1782644400000,3467267.00000000,1467784.00000000
1782648000000,1453631.00000000,536362.00000000
1782651600000,1646958.00000000,772996.00000000
1782655200000,2075966.00000000,1010485.00000000
1782658800000,3389691.00000000,1502807.00000000
1782662400000,2182151.00000000,944204.00000000
1782666000000,3039164.00000000,1025415.00000000
1782669600000,569310.00000000,282649.00000000
1782673200000,1461853.00000000,602422.00000000
1782676800000,2799839.00000000,2230154.00000000
1782680400000,901365.00000000,361299.00000000
1782684000000,1409263.00000000,700671.00000000
1782687600000,845053.00000000,395774.00000000
1782691200000,1503207.00000000,709321.00000000
1782694800000,1759194.00000000,770805.00000000
1782698400000,3531795.00000000,2447106.00000000
1782702000000,1423835.00000000,469274.00000000
1782705600000,430522.00000000,215476.00000000
1782709200000,1188233.00000000,567234.00000000
1782712800000,3877225.00000000,1871884.00000000
1782716400000,2576790.00000000,1472730.00000000
1782720000000,5589090.00000000,3240418.00000000
1782723600000,2119473.00000000,974811.00000000
1782727200000,2424785.00000000,1025640.00000000
1782730800000,2815356.00000000,1499226.00000000
1782734400000,2952794.00000000,1501582.00000000
1782738000000,4037640.00000000,2105610.00000000
1782741600000,2873161.00000000,1211975.00000000
1782745200000,1596701.00000000,766606.00000000
1782748800000,3934152.00000000,1807025.00000000
1782752400000,1141361.00000000,370148.00000000
1782756000000,292270.00000000,112989.00000000
1782759600000,607180.00000000,360633.00000000
1782763200000,208142.00000000,131508.00000000
1782766800000,878286.00000000,785244.00000000
1782770400000,1128266.00000000,862398.00000000
1782774000000,523614.00000000,343306.00000000
1782777600000,1242189.00000000,484487.00000000
1782781200000,2840961.00000000,1215246.00000000
1782784800000,2003015.00000000,872094.00000000
1782788400000,2189614.00000000,1180496.00000000
1782792000000,2419654.00000000,1144530.00000000
1782795600000,2663886.00000000,961681.00000000
1782799200000,2202921.00000000,1270885.00000000
1782802800000,3222873.00000000,1787141.00000000
1782806400000,2121770.00000000,549236.00000000
1782810000000,1418100.00000000,611348.00000000
1782813600000,990336.00000000,679450.00000000
1782817200000,2459824.00000000,1398148.00000000
1782820800000,2714506.00000000,1413993.00000000
1782824400000,3006047.00000000,1856406.00000000
1782828000000,2796550.00000000,1620236.00000000
1782831600000,1381764.00000000,774745.00000000
1782835200000,565445.00000000,270011.00000000
1782838800000,1678924.00000000,685001.00000000
1782842400000,667664.00000000,336063.00000000
1782846000000,885926.00000000,561893.00000000
1782849600000,4368950.00000000,3705957.00000000
1782853200000,2282897.00000000,1530693.00000000
1782856800000,2264331.00000000,866500.00000000
1782860400000,1775138.00000000,1121895.00000000
1782864000000,1124153.00000000,615939.00000000
1782867600000,3993332.00000000,1483558.00000000
1782871200000,1813432.00000000,683061.00000000
1782874800000,1779888.00000000,863540.00000000
1782878400000,2091452.00000000,628611.00000000
1782882000000,651647.00000000,324620.00000000
1782885600000,2151542.00000000,1148091.00000000
1782889200000,1832814.00000000,925922.00000000
1782892800000,956732.00000000,423489.00000000
1782896400000,830895.00000000,383394.00000000
1782900000000,1150669.00000000,472862.00000000
1782903600000,7742774.00000000,3864848.00000000
1782907200000,1429239.00000000,746851.00000000
1782910800000,3226446.00000000,1806740.00000000
1782914400000,3262441.00000000,1572181.00000000
1782918000000,1361477.00000000,853579.00000000
1782921600000,508382.00000000,270520.00000000
1782925200000,1683120.00000000,830208.00000000
1782928800000,1519908.00000000,660515.00000000
1782932400000,2070532.00000000,1271859.00000000
1782936000000,1740144.00000000,774964.00000000
1782939600000,541806.00000000,422190.00000000
1782943200000,1565210.00000000,849772.00000000
1782946800000,4546605.00000000,2310489.00000000
1782950400000,2060669.00000000,845640.00000000
1782954000000,2183908.00000000,1146616.00000000
1782957600000,1712250.00000000,509926.00000000
1782961200000,2193734.00000000,629781.00000000
1782964800000,832031.00000000,481141.00000000
1782968400000,1412684.00000000,670992.00000000
1782972000000,806719.00000000,382280.00000000
1782975600000,2574364.00000000,1002481.00000000
1782979200000,2218623.00000000,920355.00000000
1782982800000,1100410.00000000,369979.00000000
1782986400000,1075576.00000000,341979.00000000
1782990000000,375264.00000000,234564.00000000
1782993600000,1418616.00000000,901152.00000000
1782997200000,958035.00000000,428020.00000000
1783000800000,669398.00000000,430515.00000000
1783004400000,1131351.00000000,617907.00000000
1783008000000,1452650.00000000,540414.00000000
1783011600000,465266.00000000,226663.00000000
1783015200000,2249545.00000000,1461634.00000000
1783018800000,4237344.00000000,2377175.00000000
1783022400000,743854.00000000,441989.00000000
1783026000000,1156764.00000000,642354.00000000
1783029600000,171707.00000000,27984.00000000
1783033200000,517293.00000000,224256.00000000
1783036800000,807584.00000000,268207.00000000
1783040400000,862705.00000000,397717.00000000
1783044000000,14395262.00000000,7180923.00000000
1783047600000,12654184.00000000,6372721.00000000
1783051200000,14445436.00000000,7043950.00000000
1783054800000,19135480.00000000,9537414.00000000
1783058400000,24100174.00000000,13361578.00000000
1783062000000,23664368.00000000,11505440.00000000
1783065600000,22703858.00000000,11309652.00000000
1783069200000,26265718.00000000,12739944.00000000
1783072800000,30147009.00000000,13064234.00000000
1783076400000,33313383.00000000,14153433.00000000
1783080000000,28753906.00000000,13202182.00000000
1783083600000,28016983.00000000,12920104.00000000
1783087200000,39248585.00000000,18476926.00000000
1783090800000,38361934.00000000,17523877.00000000
1783094400000,38723566.00000000,17627379.00000000
1783098000000,42019443.00000000,19925824.00000000
1783101600000,22677542.00000000,9581221.00000000
1783105200000,11244544.00000000,5402341.00000000
1783108800000,6535920.00000000,3109376.00000000
1783112400000,3974836.00000000,1657512.00000000
1783116000000,2799548.00000000,1230424.00000000
1783119600000,4177607.00000000,2114385.00000000
1783123200000,9684593.00000000,4943959.00000000
1783126800000,16863629.00000000,9037555.00000000
1783130400000,23191468.00000000,11149941.00000000
1783134000000,27987575.00000000,13691189.00000000
1783137600000,24556421.00000000,11664018.00000000
1783141200000,20170768.00000000,9168473.00000000
1783144800000,23876132.00000000,11458231.00000000
1783148400000,23313145.00000000,11226455.00000000
1783152000000,27263751.00000000,13320220.00000000
1783155600000,18499080.00000000,9347985.00000000
1783159200000,15810141.00000000,7594177.00000000
1783162800000,16004378.00000000,7793291.00000000
1783166400000,19713667.00000000,8587907.00000000
1783170000000,26025215.00000000,12269538.00000000
1783173600000,46080614.00000000,19733125.00000000
1783177200000,31434364.00000000,13471652.00000000
1783180800000,23876369.00000000,11934558.00000000
1783184400000,12513488.00000000,5261919.00000000
1783188000000,6600361.00000000,2940924.00000000
1783191600000,20558814.00000000,11066323.00000000
1783195200000,4380686.00000000,1982055.00000000
1783198800000,3916981.00000000,1921425.00000000
1783202400000,5100408.00000000,2003335.00000000
1783206000000,3700192.00000000,1872623.00000000
1783209600000,9797026.00000000,4416553.00000000
1783213200000,10701105.00000000,5110082.00000000
1783216800000,20540884.00000000,10235106.00000000
1783220400000,20520493.00000000,9339717.00000000
1783224000000,32245042.00000000,16646180.00000000
1783227600000,28991880.00000000,15203983.00000000
1783231200000,23041206.00000000,11392893.00000000
1783234800000,25020763.00000000,12649749.00000000
1783238400000,35806321.00000000,17272578.00000000
1783242000000,18981128.00000000,9769617.00000000
1783245600000,39131646.00000000,20593119.00000000
1783249200000,19758976.00000000,9087605.00000000
1783252800000,20212917.00000000,10566429.00000000
1783256400000,21991210.00000000,10124850.00000000
1783260000000,18573068.00000000,8683656.00000000
1783263600000,14432927.00000000,6732844.00000000
1783267200000,17185934.00000000,8367804.00000000
1783270800000,14069638.00000000,7354833.00000000
1783274400000,9613641.00000000,4582169.00000000
1783278000000,5180479.00000000,2504216.00000000
1783281600000,4061283.00000000,1573962.00000000
1783285200000,3891197.00000000,1959013.00000000
1783288800000,5450627.00000000,2726954.00000000
1783292400000,13942744.00000000,7543594.00000000
1783296000000,17224963.00000000,8386179.00000000
1783299600000,9342853.00000000,4683721.00000000
1783303200000,15563229.00000000,8281369.00000000
1783306800000,14356928.00000000,7646812.00000000
1783310400000,18316011.00000000,9052201.00000000
1783314000000,24501381.00000000,12737721.00000000
1783317600000,28368507.00000000,13971191.00000000
1783321200000,25748389.00000000,12443912.00000000
1783324800000,22922164.00000000,11477585.00000000
1783328400000,28463230.00000000,15089244.00000000
1783332000000,49877866.00000000,26618426.00000000
1783335600000,63601517.00000000,30133125.00000000
1783339200000,79335359.00000000,39902097.00000000
1783342800000,60521830.00000000,38441524.00000000
1783346400000,34756170.00000000,19049833.00000000
1783350000000,26681830.00000000,13636467.00000000
1783353600000,37314100.00000000,18322472.00000000
1783357200000,22641723.00000000,11015330.00000000
1783360800000,22789169.00000000,10531192.00000000
1783364400000,16857670.00000000,8906951.00000000
1783368000000,11003925.00000000,4629502.00000000
1783371600000,4875509.00000000,2273282.00000000
1783375200000,6587286.00000000,2866975.00000000
1783378800000,7075577.00000000,3948435.00000000
1783382400000,33906325.00000000,16487603.00000000
1783386000000,32958692.00000000,16303557.00000000
1783389600000,42679887.00000000,21734634.00000000
1783393200000,54614293.00000000,27593521.00000000
1783396800000,27594226.00000000,12769134.00000000
1783400400000,28721817.00000000,14982218.00000000
1783404000000,28940124.00000000,13271460.00000000
1783407600000,26963525.00000000,13024639.00000000
1783411200000,26848508.00000000,13420936.00000000
1783414800000,21237085.00000000,10394060.00000000
1783418400000,39801813.00000000,19327670.00000000
1783422000000,45062882.00000000,26397577.00000000
1783425600000,34553217.00000000,18464676.00000000
1783429200000,35007601.00000000,17676236.00000000
1783432800000,28252203.00000000,14307778.00000000
1783436400000,29027073.00000000,14549458.00000000
1783440000000,24266287.00000000,12937296.00000000
1783443600000,19705681.00000000,9827763.00000000
1783447200000,20135962.00000000,9931400.00000000
1783450800000,29183871.00000000,15323241.00000000
1783454400000,9309212.00000000,4682283.00000000
1783458000000,7046913.00000000,3484243.00000000
1783461600000,5273621.00000000,2495735.00000000
1783465200000,5770626.00000000,2886737.00000000
1783468800000,42011204.00000000,21492872.00000000
1783472400000,55373074.00000000,27190612.00000000
1783476000000,59945217.00000000,29645168.00000000
1783479600000,48052039.00000000,23604314.00000000
1783483200000,42964969.00000000,21940053.00000000
1783486800000,32835295.00000000,16519842.00000000
1783490400000,46887435.00000000,23720745.00000000
1783494000000,36334002.00000000,17403537.00000000
1783497600000,51921692.00000000,24792891.00000000
1783501200000,40622977.00000000,20275965.00000000
1783504800000,22287270.00000000,11596397.00000000
1783508400000,43106793.00000000,21736561.00000000
1783512000000,72096488.00000000,36392148.00000000
1783515600000,106046677.00000000,53974538.00000000
1783519200000,81661302.00000000,40294598.00000000
1783522800000,84233532.00000000,42605524.00000000
1783526400000,89223154.00000000,43380082.00000000
1783530000000,67314433.00000000,33764935.00000000
1783533600000,31122368.00000000,15334167.00000000
1783537200000,22060903.00000000,10350337.00000000
1783540800000,9747917.00000000,4719642.00000000
1783544400000,5904088.00000000,2666910.00000000
1783548000000,7505561.00000000,3602594.00000000
1783551600000,9783039.00000000,5303502.00000000
1783555200000,31747424.00000000,15256876.00000000
1783558800000,27023097.00000000,12937412.00000000
1783562400000,79263629.00000000,39852868.00000000
1783566000000,63349223.00000000,31940656.00000000
1783569600000,52009114.00000000,25447098.00000000
1783573200000,43554700.00000000,23044399.00000000
1783576800000,70117422.00000000,36387098.00000000
1783580400000,47041633.00000000,21465694.00000000
1783584000000,48843171.00000000,22855234.00000000
1783587600000,82495462.00000000,40502417.00000000
1783591200000,140646312.00000000,63669260.00000000
1783594800000,197938791.00000000,96424995.00000000
1783598400000,549364870.00000000,250802775.00000000
1783602000000,1145214685.00000000,503460552.00000000
1783605600000,978560510.00000000,377121769.00000000
1783609200000,557328796.00000000,199485583.00000000
1783612800000,919813662.00000000,373878932.00000000
1783616400000,611597973.00000000,234694819.00000000
1783620000000,505882589.00000000,215265764.00000000
1783623600000,314386263.00000000,118250866.00000000
1783627200000,231047414.00000000,82983298.00000000
1783630800000,216672739.00000000,82725061.00000000
1783634400000,318313730.00000000,121028899.00000000
1783638000000,1622429967.00000000,696938644.00000000
1783641600000,4106528922.00000000,1658356954.00000000
1783645200000,5897502441.00000000,2371390917.00000000
1783648800000,103731895.00000000,51814743.00000000
1783652400000,54136258.00000000,25095483.00000000
1783656000000,57026542.00000000,26350094.00000000
1783659600000,48154100.00000000,22127015.00000000
1783663200000,48493271.00000000,22237619.00000000
1783666800000,42424474.00000000,19751424.00000000
1783670400000,26355938.00000000,11106161.00000000
1783674000000,19644809.00000000,7431489.00000000
1783677600000,20677484.00000000,9877016.00000000
1783681200000,21301449.00000000,11192461.00000000
1783684800000,16410719.00000000,8850992.00000000
1783688400000,11190432.00000000,6190865.00000000
1783692000000,11483726.00000000,5418843.00000000
1783695600000,12392676.00000000,4788816.00000000
1783699200000,9887382.00000000,5497909.00000000
1783702800000,13254440.00000000,6910038.00000000
1783706400000,15562358.00000000,7951288.00000000
1783710000000,9161716.00000000,3869348.00000000
1783713600000,10266965.00000000,4939614.00000000
1783717200000,8592735.00000000,3384362.00000000
1783720800000,3152331.00000000,1184634.00000000
1783724400000,8473525.00000000,3661447.00000000
1783728000000,12363173.00000000,6293779.00000000
1783731600000,10161225.00000000,5090183.00000000
1783735200000,6137831.00000000,3148177.00000000
1783738800000,7113154.00000000,3616127.00000000
1783742400000,8462385.00000000,4080097.00000000
1783746000000,7681032.00000000,3877694.00000000
1783749600000,6559476.00000000,3045083.00000000
1783753200000,4466669.00000000,2447114.00000000
1783756800000,3975006.00000000,2023715.00000000
1783760400000,3294597.00000000,1624403.00000000
1783764000000,4231393.00000000,2263115.00000000
1783767600000,7120637.00000000,3686554.00000000
1783771200000,4277967.00000000,1919222.00000000
1783774800000,7105929.00000000,4255401.00000000
1783778400000,3266443.00000000,1194409.00000000
1783782000000,5497746.00000000,2397768.00000000
1783785600000,7161358.00000000,3708285.00000000
1783789200000,7094997.00000000,3882105.00000000
1783792800000,2964776.00000000,1016735.00000000
1783796400000,1221730.00000000,564408.00000000
1783800000000,621617.00000000,215502.00000000
1783803600000,1323182.00000000,353509.00000000
1783807200000,2057777.00000000,1532299.00000000
1783810800000,5479258.00000000,2640438.00000000
1783814400000,5222384.00000000,2836628.00000000
1783818000000,4064149.00000000,1990506.00000000
1783821600000,2660544.00000000,1277212.00000000
1783825200000,2076606.00000000,1066476.00000000
1783828800000,1571740.00000000,702396.00000000
1783832400000,4222786.00000000,1738970.00000000
1783836000000,3951818.00000000,1988919.00000000
1783839600000,2928262.00000000,2071732.00000000
1783843200000,8423871.00000000,4402229.00000000
1783846800000,3904299.00000000,1923944.00000000
1783850400000,3808313.00000000,2218370.00000000
1783854000000,2843962.00000000,1586042.00000000
1783857600000,3357087.00000000,1376370.00000000
1783861200000,2472223.00000000,1337729.00000000
1783864800000,2177849.00000000,871859.00000000
1783868400000,3702424.00000000,2072800.00000000
1783872000000,8136641.00000000,4659762.00000000
1783875600000,4658332.00000000,2086221.00000000
1783879200000,2192373.00000000,1011065.00000000
1783882800000,3664524.00000000,1424550.00000000
1783886400000,2962768.00000000,1432133.00000000
1783890000000,2228443.00000000,989772.00000000
1783893600000,5579587.00000000,3788119.00000000
1783897200000,2972309.00000000,1294038.00000000
1783900800000,4602129.00000000,1928912.00000000
1783904400000,4620249.00000000,2022694.00000000
1783908000000,3073773.00000000,1381366.00000000
1783911600000,7337274.00000000,2803396.00000000
1783915200000,3468578.00000000,1433025.00000000
1783918800000,5575449.00000000,2704195.00000000
1783922400000,4506220.00000000,1997285.00000000
1783926000000,2757479.00000000,1294744.00000000
1783929600000,4874431.00000000,2988600.00000000
1783933200000,6260471.00000000,2058774.00000000
1783936800000,5421588.00000000,2954004.00000000
1783940400000,4506064.00000000,2604456.00000000
1783944000000,8511786.00000000,5063650.00000000
1783947600000,15635796.00000000,7058478.00000000
1783951200000,11119467.00000000,5877726.00000000
1783954800000,93190988.00000000,51160214.00000000
1783958400000,91071889.00000000,45052299.00000000
1783962000000,33850893.00000000,14034055.00000000
1783965600000,20707789.00000000,10301846.00000000
1783969200000,49014509.00000000,25153894.00000000
1783972800000,51434326.00000000,25638870.00000000
1783976400000,20556444.00000000,9806726.00000000
1783980000000,27348851.00000000,11986365.00000000
1783983600000,15179797.00000000,8408232.00000000
1783987200000,23559631.00000000,11421626.00000000
1783990800000,8044590.00000000,4099918.00000000
1783994400000,20171876.00000000,10566382.00000000
1783998000000,13234344.00000000,6369165.00000000
1784001600000,11318704.00000000,5351814.00000000
1784005200000,9614231.00000000,4893682.00000000
1784008800000,10151752.00000000,5627604.00000000
1784012400000,15387371.00000000,7266515.00000000
1784016000000,8601214.00000000,3729642.00000000
1784019600000,6351497.00000000,2849424.00000000
1784023200000,7590926.00000000,3278730.00000000
1784026800000,4561729.00000000,2312963.00000000
1784030400000,3888263.00000000,1863409.00000000
1784034000000,4869371.00000000,2400713.00000000
1784037600000,4067122.00000000,2453039.00000000
1784041200000,7456457.00000000,2656923.00000000
1784044800000,4184069.00000000,2671613.00000000
1784048400000,5584688.00000000,3307280.00000000
1784052000000,6641036.00000000,3562419.00000000
1784055600000,4729289.00000000,2392598.00000000
1784059200000,4439805.00000000,2778446.00000000
1784062800000,6958206.00000000,3802084.00000000
1784066400000,4765654.00000000,2892182.00000000
1784070000000,3136555.00000000,1461828.00000000
1784073600000,5985275.00000000,2147825.00000000
1784077200000,2700536.00000000,1339143.00000000
1784080800000,3776255.00000000,1673477.00000000
1784084400000,2634370.00000000,757400.00000000
1784088000000,6219420.00000000,3869582.00000000
1784091600000,4775192.00000000,2328040.00000000
1784095200000,7832013.00000000,4044392.00000000
1784098800000,7546058.00000000,3943747.00000000
1784102400000,3311919.00000000,1249267.00000000
1784106000000,6040992.00000000,3045886.00000000
1784109600000,4808441.00000000,1952120.00000000
1784113200000,2356189.00000000,872033.00000000
1784116800000,1650925.00000000,829885.00000000
1784120400000,3444741.00000000,1463090.00000000
1784124000000,3038196.00000000,835746.00000000
1784127600000,4325167.00000000,1940818.00000000
1784131200000,4614442.00000000,2732520.00000000
1784134800000,4639680.00000000,2429891.00000000
1784138400000,2106591.00000000,671044.00000000
1784142000000,2274311.00000000,664977.00000000
1784145600000,2696594.00000000,1605087.00000000
1784149200000,3449919.00000000,2666276.00000000
1784152800000,2520822.00000000,1026303.00000000
1784156400000,4691380.00000000,2116645.00000000
1784160000000,4125111.00000000,1717520.00000000
1784163600000,1005403.00000000,372569.00000000
1784167200000,4132260.00000000,2092485.00000000
1784170800000,2295237.00000000,814703.00000000
1784174400000,2152597.00000000,1226208.00000000
1784178000000,719412.00000000,353471.00000000
1784181600000,2755007.00000000,1351779.00000000
1784185200000,1419986.00000000,548629.00000000
1784188800000,2821017.00000000,1395666.00000000
1784192400000,991117.00000000,353849.00000000
1784196000000,988187.00000000,707229.00000000
1784199600000,6860287.00000000,2416805.00000000
1784203200000,4459805.00000000,1560983.00000000
1784206800000,5132911.00000000,3094383.00000000
1784210400000,4362383.00000000,1467769.00000000
1784214000000,8883619.00000000,5688373.00000000
1784217600000,41232750.00000000,24814679.00000000
1784221200000,11156338.00000000,4170610.00000000
1784224800000,6700794.00000000,2804287.00000000
1784228400000,10552509.00000000,3753712.00000000
1784232000000,4874128.00000000,3193554.00000000
1784235600000,3989275.00000000,2550216.00000000
1784239200000,6684122.00000000,2645567.00000000
1784242800000,5596703.00000000,2258383.00000000
1784246400000,14055950.00000000,6499946.00000000
1784250000000,10368204.00000000,4518244.00000000
1784253600000,4845868.00000000,1926339.00000000
1784257200000,12466088.00000000,8330380.00000000
1784260800000,16369187.00000000,6616227.00000000
1784264400000,9220216.00000000,4758622.00000000
1784268000000,22693087.00000000,11753907.00000000
1784271600000,11799774.00000000,5602844.00000000
1784275200000,17802308.00000000,10056052.00000000
1784278800000,11582896.00000000,5531641.00000000
1784282400000,92556165.00000000,50371419.00000000
1784286000000,38969523.00000000,18094687.00000000
1784289600000,15991861.00000000,8050429.00000000
1784293200000,13481427.00000000,7096497.00000000
1784296800000,8531276.00000000,3852231.00000000
1784300400000,10894888.00000000,4621105.00000000
1784304000000,7683553.00000000,3478125.00000000
1784307600000,11215779.00000000,6220749.00000000
1784311200000,2943446.00000000,1826458.00000000
1784314800000,3704315.00000000,1088694.00000000
1784318400000,1501390.00000000,747649.00000000
1784322000000,2376866.00000000,1008883.00000000
1784325600000,1748222.00000000,773669.00000000
1784329200000,3956511.00000000,2549107.00000000
1784332800000,8946555.00000000,3523219.00000000
1784336400000,2976752.00000000,1874816.00000000
1784340000000,2428397.00000000,1598013.00000000
1784343600000,2978576.00000000,1516148.00000000
1784347200000,1782918.00000000,348804.00000000
1784350800000,6505975.00000000,3501135.00000000
1784354400000,1015561.00000000,374190.00000000
1784358000000,2772570.00000000,1840142.00000000
1784361600000,2734538.00000000,1039498.00000000
1784365200000,3172989.00000000,1264780.00000000
1784368800000,15978349.00000000,8341978.00000000
1784372400000,3046904.00000000,1190603.00000000
1784376000000,2000082.00000000,825109.00000000
1784379600000,3933737.00000000,1311403.00000000
1784383200000,3586922.00000000,1791186.00000000
1784386800000,1151607.00000000,353334.00000000
1784390400000,1797233.00000000,842937.00000000
1784394000000,1298455.00000000,722306.00000000
1784397600000,1038000.00000000,620753.00000000
1784401200000,929502.00000000,183068.00000000
1784404800000,1869047.00000000,655970.00000000
1784408400000,7010380.00000000,5021351.00000000
1784412000000,3696822.00000000,1024636.00000000
1784415600000,735042.00000000,566223.00000000
1784419200000,2149261.00000000,1002982.00000000
1784422800000,494644.00000000,116422.00000000
1784426400000,5822325.00000000,1038536.00000000
1784430000000,923586.00000000,466635.00000000
1784433600000,407389.00000000,233562.00000000
1784437200000,654172.00000000,323655.00000000
1784440800000,1152669.00000000,656113.00000000
1784444400000,17677648.00000000,10187740.00000000
1784448000000,13809075.00000000,4973327.00000000
1784451600000,3843539.00000000,2080634.00000000
1784455200000,7380966.00000000,3390963.00000000
1784458800000,3124690.00000000,1419705.00000000
1784462400000,3527118.00000000,1865100.00000000
1784466000000,11108509.00000000,6402011.00000000
1784469600000,4936987.00000000,1393833.00000000
1784473200000,2164706.00000000,642886.00000000
1784476800000,3090523.00000000,1317143.00000000
1784480400000,4045194.00000000,1813405.00000000
1784484000000,1396281.00000000,895517.00000000
1784487600000,2756684.00000000,472498.00000000
1784491200000,4794117.00000000,1702405.00000000
1784494800000,3088893.00000000,1523781.00000000
1784498400000,2167068.00000000,1497471.00000000
1784502000000,1682733.00000000,684534.00000000
1784505600000,1189808.00000000,922674.00000000
1784509200000,990253.00000000,624530.00000000
1784512800000,5099143.00000000,3700467.00000000
1784516400000,3038765.00000000,1745981.00000000
1784520000000,1337812.00000000,364172.00000000
1784523600000,3187304.00000000,1334679.00000000
1784527200000,2032332.00000000,616602.00000000
1784530800000,3082155.00000000,1106609.00000000
1784534400000,5406410.00000000,3190137.00000000
1784538000000,1932441.00000000,936846.00000000
1784541600000,1373035.00000000,345424.00000000
1784545200000,3156345.00000000,2065997.00000000
1784548800000,2518729.00000000,1383856.00000000
1784552400000,1490463.00000000,642254.00000000
1784556000000,2597280.00000000,1107891.00000000
1784559600000,2453698.00000000,1261681.00000000
1784563200000,2262041.00000000,1175258.00000000
1784566800000,2757445.00000000,1706129.00000000
1784570400000,2670262.00000000,1532106.00000000
1784574000000,2232014.00000000,1739657.00000000
1784577600000,1753503.00000000,1249798.00000000
1784581200000,2336058.00000000,303200.00000000
1784584800000,941998.00000000,225865.00000000
1784588400000,3219125.00000000,2429391.00000000
1784592000000,2434683.00000000,1648051.00000000
1784595600000,912145.00000000,655797.00000000
1784599200000,1375214.00000000,573918.00000000
1784602800000,1884224.00000000,617612.00000000
1784606400000,1464040.00000000,810266.00000000
1784610000000,880049.00000000,347386.00000000
1784613600000,4734856.00000000,2634941.00000000
1784617200000,1275329.00000000,596009.00000000
1784620800000,3401407.00000000,2075860.00000000
1784624400000,7222817.00000000,3138616.00000000
1784628000000,2635429.00000000,849332.00000000
1784631600000,1292098.00000000,628089.00000000
1784635200000,34225407.00000000,19655806.00000000
1784638800000,5639767.00000000,2295484.00000000
1784642400000,1644008.00000000,785544.00000000
1784646000000,10436321.00000000,3174495.00000000
1784649600000,3600506.00000000,928044.00000000
1784653200000,4509020.00000000,2286745.00000000
1784656800000,867150.00000000,365560.00000000
1784660400000,1931788.00000000,1318004.00000000
1784664000000,1900476.00000000,831206.00000000
1784667600000,1842247.00000000,223945.00000000
1784671200000,1752694.00000000,1224233.00000000
1784674800000,1814361.00000000,1558074.00000000
1784678400000,712368.00000000,445957.00000000
1784682000000,383351.00000000,136105.00000000
1784685600000,534966.00000000,339678.00000000
1784689200000,2557114.00000000,1124387.00000000
1784692800000,786715.00000000,341769.00000000
1784696400000,1729507.00000000,851619.00000000
1784700000000,1730288.00000000,535195.00000000
1784703600000,3427975.00000000,1003070.00000000
1784707200000,3983511.00000000,2344860.00000000
1784710800000,7389502.00000000,2221942.00000000
1784714400000,2617996.00000000,984306.00000000
1784718000000,1002505.00000000,448400.00000000
1784721600000,1869323.00000000,712664.00000000
1784725200000,2663100.00000000,848193.00000000
1784728800000,1921412.00000000,1065348.00000000
1784732400000,3810454.00000000,2475798.00000000
1784736000000,1249926.00000000,247635.00000000
1784739600000,980999.00000000,658484.00000000
1784743200000,411330.00000000,124976.00000000
1784746800000,1050541.00000000,245926.00000000
1784750400000,531325.00000000,429659.00000000
1784754000000,424863.00000000,245032.00000000
1784757600000,115595.00000000,56586.00000000
1784761200000,244442.00000000,88537.00000000
1784764800000,2219635.00000000,782313.00000000
1784768400000,2773873.00000000,918247.00000000
1784772000000,2123811.00000000,275067.00000000
1784775600000,2224511.00000000,1002670.00000000
1784779200000,602550.00000000,214872.00000000
1784782800000,3616643.00000000,1755442.00000000
1784786400000,1123550.00000000,726360.00000000
1784790000000,1432476.00000000,603397.00000000
1784793600000,2638067.00000000,2042172.00000000
1784797200000,1902310.00000000,313132.00000000
1784800800000,4551156.00000000,2467460.00000000
1784804400000,2902923.00000000,2019987.00000000
1784808000000,1252965.00000000,770087.00000000
1784811600000,1697607.00000000,1011499.00000000
1784815200000,1342354.00000000,811671.00000000
1784818800000,1934852.00000000,444524.00000000
1784822400000,3041801.00000000,2160958.00000000
1784826000000,1425287.00000000,996527.00000000
1784829600000,616086.00000000,201493.00000000
1784833200000,657273.00000000,175932.00000000
1784836800000,365150.00000000,162085.00000000
1784840400000,819002.00000000,423989.00000000
1784844000000,2210850.00000000,717584.00000000
1784847600000,693791.00000000,332363.00000000
1784851200000,1376665.00000000,864020.00000000
1784854800000,400682.00000000,260772.00000000
1784858400000,548497.00000000,255286.00000000
1784862000000,2143803.00000000,724985.00000000
1784865600000,2362261.00000000,1387524.00000000
1784869200000,5042932.00000000,4152176.00000000
1784872800000,3028501.00000000,1133621.00000000
1784876400000,1347630.00000000,741600.00000000
1784880000000,888308.00000000,292336.00000000
1784883600000,180993.00000000,92286.00000000
1784887200000,378580.00000000,225582.00000000
1784890800000,862878.00000000,448763.00000000
1784894400000,2148384.00000000,1077311.00000000
1784898000000,1317838.00000000,594296.00000000
1784901600000,1206348.00000000,857513.00000000
1784905200000,1443541.00000000,501236.00000000
1784908800000,941371.00000000,463829.00000000
1784912400000,709136.00000000,214578.00000000
1784916000000,869535.00000000,360164.00000000
1784919600000,2735856.00000000,1081562.00000000
1784923200000,1287106.00000000,590204.00000000
1784926800000,4818943.00000000,843993.00000000
1784930400000,903930.00000000,741439.00000000
1784934000000,1436232.00000000,486885.00000000
1784937600000,1575499.00000000,603915.00000000
1784941200000,1299926.00000000,865295.00000000
1784944800000,1710527.00000000,1184747.00000000
1784948400000,3728086.00000000,2587011.00000000
1784952000000,1148440.00000000,564485.00000000
1784955600000,848512.00000000,625196.00000000
1784959200000,976783.00000000,543814.00000000
1784962800000,2526916.00000000,853531.00000000
1784966400000,778243.00000000,411181.00000000
1784970000000,1546546.00000000,504934.00000000
1784973600000,925645.00000000,813831.00000000
1784977200000,1628040.00000000,1116373.00000000
1784980800000,1632723.00000000,1256595.00000000
1784984400000,917742.00000000,444888.00000000
1784988000000,1853881.00000000,1142717.00000000
1784991600000,1993039.00000000,1052367.00000000
1784995200000,1766527.00000000,777806.00000000
1784998800000,1989003.00000000,1351221.00000000
1785002400000,703578.00000000,456803.00000000
1785006000000,1733451.00000000,1323215.00000000
1785009600000,1052716.00000000,503144.00000000
1785013200000,1274964.00000000,737035.00000000
1785016800000,820127.00000000,283280.00000000
1785020400000,253509.00000000,83858.00000000
1785024000000,1352275.00000000,543236.00000000
1785027600000,389223.00000000,195487.00000000
1785031200000,326423.00000000,218175.00000000
1785034800000,2291642.00000000,1559834.00000000
1785038400000,1048168.00000000,698247.00000000
1785042000000,471402.00000000,366523.00000000
1785045600000,614517.00000000,411887.00000000
1785049200000,2381699.00000000,1467391.00000000
1785052800000,3555278.00000000,1036499.00000000
1785056400000,823136.00000000,461033.00000000
1785060000000,441601.00000000,148968.00000000
1785063600000,440710.00000000,165726.00000000
1785067200000,248158.00000000,145862.00000000
1785070800000,3252244.00000000,1299065.00000000
1785074400000,1274896.00000000,331052.00000000
1785078000000,417263.00000000,202827.00000000
1785081600000,651603.00000000,276436.00000000
1785085200000,818631.00000000,651746.00000000
1785088800000,1591241.00000000,913930.00000000
1785092400000,786574.00000000,711783.00000000
1785096000000,382962.00000000,309642.00000000
1785099600000,567478.00000000,509128.00000000
1785103200000,2167863.00000000,1295410.00000000
1785106800000,1916196.00000000,1389567.00000000
1785110400000,384445.00000000,291134.00000000
1785114000000,1339547.00000000,1175040.00000000
1785117600000,1256159.00000000,843139.00000000
1785121200000,2874308.00000000,931784.00000000
1785124800000,2949968.00000000,829943.00000000
1785128400000,3438370.00000000,1664627.00000000
1785132000000,4129370.00000000,791449.00000000
1785135600000,22628648.00000000,10049283.00000000
1785139200000,10745462.00000000,4011728.00000000
1785142800000,6658272.00000000,2449917.00000000
1785146400000,5178042.00000000,1025852.00000000
1785150000000,6418673.00000000,3287011.00000000
1785153600000,3155909.00000000,1263657.00000000
1785157200000,5279293.00000000,929572.00000000
1785160800000,10119359.00000000,3546151.00000000
1785164400000,5189127.00000000,3339586.00000000
1785168000000,2013007.00000000,1303480.00000000
1785171600000,2930729.00000000,1256518.00000000
1785175200000,1518589.00000000,881534.00000000
1785178800000,1199345.00000000,910218.00000000
1785182400000,2743753.00000000,1555819.00000000
1785186000000,1749129.00000000,537786.00000000
1785189600000,4981065.00000000,1413204.00000000
1785193200000,3210422.00000000,1501910.00000000
1785196800000,724627.00000000,301570.00000000
1785200400000,1502127.00000000,701406.00000000
1785204000000,1469033.00000000,1004723.00000000
1785207600000,2259286.00000000,1774724.00000000
1785211200000,3445396.00000000,1436089.00000000
1785214800000,922691.00000000,563133.00000000
1785218400000,3543938.00000000,1295115.00000000
1785222000000,8799958.00000000,5518324.00000000
1785225600000,3164685.00000000,1227489.00000000
1785229200000,1608046.00000000,636091.00000000
1785232800000,1610938.00000000,715642.00000000
1785236400000,1473356.00000000,781029.00000000
1785240000000,2301190.00000000,1367918.00000000
1785243600000,21519586.00000000,15239860.00000000
1785247200000,7983121.00000000,2280765.00000000
1785250800000,6412589.00000000,4462452.00000000
1785254400000,5548411.00000000,3569847.00000000
1785258000000,2513268.00000000,671440.00000000
1785261600000,406082.00000000,285986.00000000
1785265200000,598090.00000000,246265.00000000
1785268800000,1149429.00000000,266094.00000000
1785272400000,308018.00000000,75424.00000000
1785276000000,458695.00000000,239933.00000000
1785279600000,919702.00000000,544808.00000000
1785283200000,1370447.00000000,822374.00000000
1785286800000,745449.00000000,256720.00000000
1785290400000,2158889.00000000,1659157.00000000
1785294000000,2573638.00000000,1951592.00000000
1785297600000,3870566.00000000,2157845.00000000
1785301200000,1776058.00000000,819737.00000000
1785304800000,930757.00000000,620065.00000000
1785308400000,12699725.00000000,6522336.00000000
1785312000000,11459773.00000000,7499509.00000000
1785315600000,8700099.00000000,6136532.00000000
1785319200000,7570118.00000000,4826772.00000000
1785322800000,3791797.00000000,1900427.00000000
1785326400000,7851818.00000000,4430306.00000000
1785330000000,8214661.00000000,4610546.00000000
1785333600000,25853319.00000000,13976951.00000000
1785337200000,13708646.00000000,6149679.00000000
1785340800000,34280377.00000000,21426557.00000000
1785344400000,31364134.00000000,18745319.00000000
1785348000000,20644631.00000000,12807394.00000000
1785351600000,17151067.00000000,9085312.00000000
1785355200000,11796607.00000000,4567507.00000000
1785358800000,3635977.00000000,978758.00000000
1785362400000,4915054.00000000,2712558.00000000
1785366000000,8412775.00000000,4355808.00000000
1785369600000,3535552.00000000,2164273.00000000
1785373200000,2434387.00000000,1231364.00000000
1785376800000,3993639.00000000,1889708.00000000
1785380400000,5416142.00000000,2786851.00000000
1785384000000,10438960.00000000,6445761.00000000
1785387600000,6578934.00000000,3880840.00000000
1785391200000,5951922.00000000,3350473.00000000
1785394800000,8303427.00000000,5275843.00000000
1785398400000,7930367.00000000,4789591.00000000
1785402000000,13297259.00000000,7328040.00000000
1785405600000,15331694.00000000,8524434.00000000
1785409200000,11028727.00000000,5674003.00000000
1785412800000,14733249.00000000,7496679.00000000
1785416400000,20577962.00000000,8620722.00000000
1785420000000,16006331.00000000,6575969.00000000
1785423600000,11665383.00000000,4997045.00000000
1785427200000,7592988.00000000,3650259.00000000
1785430800000,9421330.00000000,3179072.00000000
1785434400000,3933550.00000000,1814018.00000000
1785438000000,5744058.00000000,3293491.00000000
1785441600000,4628005.00000000,2403379.00000000
1785445200000,2076077.00000000,915702.00000000
1785448800000,1617354.00000000,731439.00000000
1785452400000,3363241.00000000,1907483.00000000
1785456000000,7679275.00000000,3605040.00000000
1785459600000,5203597.00000000,2952680.00000000
1785463200000,7114978.00000000,2796126.00000000
1785466800000,5504703.00000000,1914739.00000000
1785470400000,3771839.00000000,1803565.00000000
1785474000000,1627278.00000000,725487.00000000
1785477600000,3052577.00000000,1518542.00000000
1785481200000,4868535.00000000,2511099.00000000
1785484800000,1895674.00000000,1258301.00000000
1785488400000,4737606.00000000,2369261.00000000
1785492000000,7733727.00000000,4980831.00000000
1785495600000,9008834.00000000,5311994.00000000
1785499200000,3767393.00000000,2169178.00000000
1785502800000,25101186.00000000,16472216.00000000
1785506400000,19968143.00000000,9679639.00000000
1785510000000,14221682.00000000,7013327.00000000
1785513600000,8751566.00000000,4962310.00000000
1785517200000,2917452.00000000,1274810.00000000
1785520800000,2333111.00000000,1085873.00000000
1785524400000,1461389.00000000,787448.00000000
1785528000000,1337580.00000000,583280.00000000
1785531600000,2715180.00000000,858347.00000000
1785535200000,2738642.00000000,1812417.00000000
1785538800000,3758871.00000000,1826422.00000000
1785542400000,2057072.00000000,885432.00000000
1785546000000,1314131.00000000,520498.00000000
1785549600000,3505863.00000000,1489276.00000000
1785553200000,1498944.00000000,571506.00000000
1785556800000,2438253.00000000,1455903.00000000
1785560400000,3018504.00000000,1188094.00000000
1785564000000,5802951.00000000,4192348.00000000
1785567600000,2166782.00000000,1388461.00000000
1785571200000,5028032.00000000,2547034.00000000
1785574800000,719084.00000000,250792.00000000
1785578400000,2422891.00000000,810953.00000000
1785582000000,3274606.00000000,1861958.00000000
1785585600000,2900731.00000000,1522453.00000000
1785589200000,6260409.00000000,3331489.00000000
1785592800000,3405624.00000000,1543098.00000000
1785596400000,4184522.00000000,2733278.00000000
1785600000000,7646678.00000000,4490971.00000000
1785603600000,7449447.00000000,2867294.00000000
1785607200000,8239840.00000000,1147113.00000000
1785610800000,1768274.00000000,491488.00000000
1785614400000,1618201.00000000,466163.00000000
1785618000000,1159884.00000000,382592.00000000
1785621600000,2683530.00000000,1169289.00000000
1785625200000,4908425.00000000,3542430.00000000
1785628800000,1122023.00000000,467934.00000000
1785632400000,6736104.00000000,2886119.00000000
1785636000000,1322848.00000000,642231.00000000
1785639600000,1981690.00000000,669047.00000000
1785643200000,770583.00000000,268754.00000000
1785646800000,909898.00000000,393701.00000000
1785650400000,2016123.00000000,1358276.00000000
1785654000000,3248934.00000000,2083129.00000000
1785657600000,2042638.00000000,902540.00000000
1785661200000,3513303.00000000,1981685.00000000
1785664800000,1330263.00000000,483458.00000000
1785668400000,2781440.00000000,1412683.00000000
1785672000000,1301860.00000000,849433.00000000
1785675600000,1788919.00000000,732448.00000000
1785679200000,6403714.00000000,3927535.00000000
1785682800000,4238715.00000000,1848660.00000000
1785686400000,12860746.00000000,6141626.00000000
1785690000000,5877825.00000000,2304966.00000000
1785693600000,572841.00000000,304778.00000000
1785697200000,259333.00000000,91312.00000000
1785700800000,1445286.00000000,1077870.00000000
1785704400000,3506524.00000000,304231.00000000
1785708000000,2180218.00000000,504133.00000000
1785711600000,1367755.00000000,822685.00000000
1785715200000,4779893.00000000,2323640.00000000
1785718800000,1000603.00000000,547351.00000000
1785722400000,4559240.00000000,1003231.00000000
1785726000000,2578339.00000000,1742402.00000000
1785729600000,4962704.00000000,2333589.00000000
1785733200000,1164585.00000000,721748.00000000
1785736800000,2814679.00000000,1123746.00000000
1785740400000,1417293.00000000,590985.00000000
1785744000000,769407.00000000,368890.00000000
1785747600000,569766.00000000,361537.00000000
1785751200000,7573434.00000000,5758212.00000000
1785754800000,2915884.00000000,1384916.00000000
1785758400000,2365821.00000000,770665.00000000
1785762000000,5473844.00000000,2185512.00000000
1785765600000,13129786.00000000,9531284.00000000
1785769200000,8536615.00000000,3614432.00000000
1785772800000,1773491.00000000,1540183.00000000
1785776400000,1084767.00000000,849211.00000000
1785780000000,810595.00000000,161093.00000000
1785783600000,1344959.00000000,215889.00000000
1785787200000,446454.00000000,177145.00000000
1785790800000,936819.00000000,423656.00000000
1785794400000,204667.00000000,41694.00000000
1785798000000,2059342.00000000,943861.00000000
1785801600000,2708161.00000000,1797854.00000000
1785805200000,1116853.00000000,819554.00000000
1785808800000,2687054.00000000,1663080.00000000
1785812400000,1081993.00000000,420714.00000000
1785816000000,541015.00000000,55768.00000000
1785819600000,1938969.00000000,1045129.00000000
1785823200000,3456816.00000000,643483.00000000
1785826800000,5308672.00000000,2204717.00000000
1785830400000,1466635.00000000,935972.00000000
1785834000000,3716466.00000000,1416346.00000000
1785837600000,1989401.00000000,899216.00000000
1785841200000,2798063.00000000,1657787.00000000
1785844800000,6132764.00000000,4417115.00000000
1785848400000,12849389.00000000,5989007.00000000
1785852000000,1827138.00000000,879531.00000000
1785855600000,5206771.00000000,3526250.00000000
1785859200000,4262878.00000000,1360621.00000000
1785862800000,952129.00000000,583881.00000000
1785866400000,391184.00000000,188049.00000000
1785870000000,1296919.00000000,567557.00000000
1785873600000,839905.00000000,482045.00000000
1785877200000,354935.00000000,184840.00000000
1785880800000,391463.00000000,116716.00000000
1785884400000,1083372.00000000,364879.00000000
1785888000000,616723.00000000,274074.00000000
1785891600000,847669.00000000,441392.00000000
1785895200000,1235052.00000000,585568.00000000
1785898800000,1597807.00000000,834374.00000000
1785902400000,1611020.00000000,620140.00000000
1785906000000,912537.00000000,182707.00000000
1785909600000,1001382.00000000,488283.00000000
1785913200000,975329.00000000,235528.00000000
1785916800000,1033332.00000000,713019.00000000
1785920400000,722969.00000000,361215.00000000
1785924000000,1111155.00000000,922582.00000000
1785927600000,2843744.00000000,2149875.00000000
1785931200000,1560820.00000000,727412.00000000
1785934800000,2041839.00000000,525166.00000000
1785938400000,1378043.00000000,566514.00000000
1785942000000,1158762.00000000,890863.00000000
1785945600000,636495.00000000,376986.00000000
1785949200000,720418.00000000,452182.00000000
1785952800000,195123.00000000,121136.00000000
1785956400000,908461.00000000,620753.00000000
1785960000000,732137.00000000,396516.00000000
1785963600000,693620.00000000,437876.00000000
1785967200000,1413135.00000000,530178.00000000
1785970800000,663052.00000000,260274.00000000
1785974400000,789038.00000000,249702.00000000
1785978000000,658706.00000000,123537.00000000
1785981600000,1223345.00000000,632142.00000000
1785985200000,4550105.00000000,3420774.00000000
1785988800000,3092070.00000000,1707017.00000000
1785992400000,5877367.00000000,3798723.00000000
1785996000000,247054.00000000,126873.00000000
1785999600000,624789.00000000,324590.00000000
1786003200000,3323470.00000000,1706636.00000000
1786006800000,1359019.00000000,594822.00000000
1786010400000,4426857.00000000,3357484.00000000
1786014000000,1767103.00000000,577474.00000000
1786017600000,15689675.00000000,7102969.00000000
1786021200000,3108331.00000000,1886525.00000000
1786024800000,3070814.00000000,1157720.00000000
1786028400000,12972468.00000000,6101801.00000000
1786032000000,1381675.00000000,854484.00000000
1786035600000,710709.00000000,478549.00000000
1786039200000,813488.00000000,382063.00000000
1786042800000,410881.00000000,267061.00000000
1786046400000,706487.00000000,280211.00000000
1786050000000,1185282.00000000,437378.00000000
1786053600000,372641.00000000,101799.00000000
1786057200000,1148048.00000000,569559.00000000
1786060800000,922426.00000000,253646.00000000
1786064400000,7375766.00000000,1041032.00000000
1786068000000,1316441.00000000,877016.00000000
1786071600000,1954558.00000000,658276.00000000
1786075200000,617737.00000000,398011.00000000
1786078800000,1474232.00000000,595886.00000000
1786082400000,1308947.00000000,855264.00000000
1786086000000,6754247.00000000,2433102.00000000
1786089600000,1337439.00000000,904031.00000000
1786093200000,2169549.00000000,1314920.00000000
1786096800000,3075797.00000000,2006262.00000000
1786100400000,1109363.00000000,575410.00000000
1786104000000,6956581.00000000,4468430.00000000
1786107600000,4368909.00000000,1650175.00000000
1786111200000,1174225.00000000,344116.00000000
1786114800000,1310706.00000000,1068902.00000000
1786118400000,5403041.00000000,3584979.00000000
1786122000000,1730639.00000000,593123.00000000
1786125600000,1246612.00000000,465542.00000000
1786129200000,1046007.00000000,421042.00000000
1786132800000,567120.00000000,252003.00000000
1786136400000,749348.00000000,302195.00000000
1786140000000,328287.00000000,169720.00000000
1786143600000,1903467.00000000,1082245.00000000
1786147200000,1253598.00000000,398011.00000000
1786150800000,310469.00000000,82810.00000000
1786154400000,250188.00000000,52106.00000000
1786158000000,364776.00000000,285689.00000000
1786161600000,809018.00000000,223708.00000000
1786165200000,453490.00000000,193903.00000000
1786168800000,803665.00000000,422368.00000000
1786172400000,973815.00000000,191121.00000000
1786176000000,1941977.00000000,1024723.00000000
1786179600000,867934.00000000,348271.00000000
1786183200000,956321.00000000,457124.00000000
1786186800000,400224.00000000,143333.00000000
1786190400000,1009808.00000000,439842.00000000
1786194000000,5462512.00000000,2243836.00000000
1786197600000,571590.00000000,289692.00000000
1786201200000,2762110.00000000,1770452.00000000
1786204800000,829586.00000000,256312.00000000
1786208400000,419576.00000000,157372.00000000
1786212000000,1235599.00000000,757563.00000000
1786215600000,426629.00000000,190344.00000000
1786219200000,302771.00000000,86316.00000000
1786222800000,1422489.00000000,601075.00000000
1786226400000,5857176.00000000,3563826.00000000
1786230000000,1606244.00000000,817826.00000000
1786233600000,1561522.00000000,589842.00000000
1786237200000,784247.00000000,335132.00000000
1786240800000,1203376.00000000,395288.00000000
1786244400000,665505.00000000,237433.00000000
1786248000000,484953.00000000,174853.00000000
1786251600000,626447.00000000,312810.00000000
1786255200000,3848084.00000000,935381.00000000
1786258800000,866878.00000000,275405.00000000
1786262400000,984474.00000000,328157.00000000
1786266000000,985122.00000000,533176.00000000
1786269600000,576365.00000000,342033.00000000
1786273200000,1843411.00000000,688406.00000000
1786276800000,405370.00000000,129599.00000000
1786280400000,1996120.00000000,985072.00000000
1786284000000,2370919.00000000,1793577.00000000
1786287600000,778841.00000000,518031.00000000
1786291200000,1679433.00000000,1066007.00000000
1786294800000,318599.00000000,108154.00000000
1786298400000,380467.00000000,251203.00000000
1786302000000,95782.00000000,65326.00000000
1786305600000,789709.00000000,462679.00000000
1786309200000,1153572.00000000,842481.00000000
1786312800000,1594991.00000000,868335.00000000
1786316400000,2060199.00000000,1404613.00000000
1786320000000,642880.00000000,265272.00000000
1786323600000,168242.00000000,101530.00000000
1786327200000,170073.00000000,65275.00000000
1786330800000,569408.00000000,344894.00000000
1786334400000,222505.00000000,144128.00000000
1786338000000,248648.00000000,113169.00000000
1786341600000,2332221.00000000,1257103.00000000
1786345200000,1192463.00000000,533066.00000000
1786348800000,509126.00000000,217038.00000000
1786352400000,3025624.00000000,1668217.00000000
1786356000000,1741562.00000000,655929.00000000
1786359600000,102184.00000000,46092.00000000
1786363200000,537634.00000000,247414.00000000
1786366800000,833756.00000000,395388.00000000
1786370400000,678641.00000000,198647.00000000
1786374000000,786022.00000000,314940.00000000
1786377600000,675169.00000000,349851.00000000
1786381200000,344753.00000000,285319.00000000
1786384800000,2074934.00000000,1646073.00000000
1786388400000,428424.00000000,275939.00000000
1786392000000,279891.00000000,198435.00000000
1786395600000,505806.00000000,280097.00000000
1786399200000,1005329.00000000,671090.00000000
1786402800000,623387.00000000,393855.00000000
1786406400000,2425915.00000000,1819625.00000000
1786410000000,218468.00000000,117197.00000000
1786413600000,1516013.00000000,1231622.00000000
1786417200000,1019938.00000000,386177.00000000
1786420800000,919642.00000000,420702.00000000
1786424400000,882678.00000000,517592.00000000
1786428000000,2207314.00000000,862329.00000000
1786431600000,2081707.00000000,1163843.00000000
1786435200000,2608095.00000000,1740825.00000000
1786438800000,2544260.00000000,861906.00000000
1786442400000,7667318.00000000,4558651.00000000
1786446000000,11774443.00000000,6460791.00000000
1786449600000,2925187.00000000,1324549.00000000
1786453200000,2728421.00000000,1130692.00000000
1786456800000,2820261.00000000,964305.00000000
1786460400000,1497508.00000000,608219.00000000
1786464000000,601065.00000000,385217.00000000
1786467600000,1338849.00000000,989790.00000000
1786471200000,2135860.00000000,245181.00000000
1786474800000,555191.00000000,154852.00000000
1786478400000,421145.00000000,190394.00000000
1786482000000,266888.00000000,43461.00000000
1786485600000,225213.00000000,62739.00000000
1786489200000,586941.00000000,401505.00000000
1786492800000,746002.00000000,181115.00000000
1786496400000,273312.00000000,51096.00000000
1786500000000,571598.00000000,316393.00000000
1786503600000,1302370.00000000,919096.00000000
1786507200000,711346.00000000,419240.00000000
1786510800000,614777.00000000,428512.00000000
1786514400000,1025208.00000000,808812.00000000
1786518000000,554318.00000000,293093.00000000
1786521600000,793753.00000000,439217.00000000
1786525200000,4362874.00000000,3018389.00000000
1786528800000,5683135.00000000,2025184.00000000
1786532400000,2285014.00000000,1023031.00000000
1786536000000,3312205.00000000,1164790.00000000
1786539600000,2090504.00000000,1336172.00000000
1786543200000,3047418.00000000,1880826.00000000
1786546800000,1648161.00000000,879065.00000000
1786550400000,394812.00000000,246210.00000000
1786554000000,963868.00000000,651166.00000000
1786557600000,1178832.00000000,493187.00000000
1786561200000,7874465.00000000,4338735.00000000
1786564800000,3919568.00000000,1566707.00000000
1786568400000,991902.00000000,398449.00000000
1786572000000,935304.00000000,572207.00000000
1786575600000,1469063.00000000,973392.00000000
1786579200000,813347.00000000,289543.00000000
1786582800000,320292.00000000,61725.00000000
1786586400000,512475.00000000,290149.00000000
1786590000000,986425.00000000,489542.00000000
1786593600000,761669.00000000,473243.00000000
1786597200000,422360.00000000,176024.00000000
1786600800000,328571.00000000,226470.00000000
1786604400000,516365.00000000,215372.00000000
1786608000000,816466.00000000,446807.00000000
1786611600000,896175.00000000,322646.00000000
1786615200000,1468991.00000000,872865.00000000
1786618800000,1394116.00000000,383119.00000000
1786622400000,1539195.00000000,465932.00000000
1786626000000,1470622.00000000,790978.00000000
1786629600000,1183477.00000000,680536.00000000
1786633200000,2346860.00000000,708115.00000000
1786636800000,1993103.00000000,1029684.00000000
1786640400000,667553.00000000,457700.00000000
1786644000000,451023.00000000,282780.00000000
1786647600000,236126.00000000,129388.00000000
1786651200000,340603.00000000,145151.00000000
1786654800000,623415.00000000,241569.00000000
1786658400000,603229.00000000,62777.00000000
1786662000000,961293.00000000,616009.00000000
1786665600000,292040.00000000,142345.00000000
1786669200000,438216.00000000,284488.00000000
1786672800000,83564.00000000,40659.00000000
1786676400000,420068.00000000,136935.00000000
1786680000000,239987.00000000,92730.00000000
1786683600000,2730284.00000000,1193960.00000000
1786687200000,847318.00000000,476601.00000000
1786690800000,283988.00000000,118013.00000000
1786694400000,1497327.00000000,1084190.00000000
1786698000000,2419772.00000000,1464822.00000000
1786701600000,764815.00000000,492396.00000000
1786705200000,533952.00000000,309631.00000000
1786708800000,540879.00000000,226418.00000000
1786712400000,1132172.00000000,530374.00000000
1786716000000,968792.00000000,457368.00000000
1786719600000,3279259.00000000,1548461.00000000
1786723200000,3245341.00000000,1951655.00000000
1786726800000,1562433.00000000,668999.00000000
1786730400000,1751637.00000000,776390.00000000
1786734000000,747688.00000000,309657.00000000
1786737600000,344389.00000000,139100.00000000
1786741200000,408617.00000000,193344.00000000
1786744800000,372680.00000000,93369.00000000
1786748400000,535372.00000000,188764.00000000
1786752000000,1442095.00000000,1109489.00000000
1786755600000,61094.00000000,29002.00000000
1786759200000,263987.00000000,60939.00000000
1786762800000,831673.00000000,205515.00000000
1786766400000,523439.00000000,100344.00000000
1786770000000,726188.00000000,425296.00000000
1786773600000,328377.00000000,202670.00000000
1786777200000,201756.00000000,156687.00000000
1786780800000,2165889.00000000,909511.00000000
1786784400000,1082587.00000000,744207.00000000
1786788000000,312285.00000000,154335.00000000
1786791600000,235996.00000000,82031.00000000
1786795200000,553448.00000000,320352.00000000
1786798800000,849556.00000000,589520.00000000
1786802400000,462655.00000000,280078.00000000
1786806000000,1001749.00000000,776062.00000000
1786809600000,1129479.00000000,559236.00000000
1786813200000,150033.00000000,109914.00000000
1786816800000,1919484.00000000,1174451.00000000
1786820400000,445642.00000000,209122.00000000
1786824000000,348262.00000000,193992.00000000
1786827600000,597212.00000000,394485.00000000
1786831200000,3619649.00000000,1944517.00000000
1786834800000,1178478.00000000,562510.00000000
1786838400000,381779.00000000,177927.00000000
1786842000000,407467.00000000,205590.00000000
1786845600000,732571.00000000,364292.00000000
1786849200000,548612.00000000,268902.00000000
1786852800000,1228910.00000000,374040.00000000
1786856400000,320406.00000000,154939.00000000
1786860000000,752667.00000000,360655.00000000
1786863600000,946523.00000000,684600.00000000
1786867200000,3331854.00000000,1253262.00000000
1786870800000,3843096.00000000,3187373.00000000
1786874400000,689559.00000000,351567.00000000
1786878000000,374570.00000000,222736.00000000
1786881600000,419312.00000000,239295.00000000
1786885200000,442925.00000000,214464.00000000
1786888800000,347635.00000000,119284.00000000
1786892400000,742005.00000000,219739.00000000
1786896000000,666594.00000000,225628.00000000
1786899600000,493021.00000000,238086.00000000
1786903200000,792677.00000000,511211.00000000
1786906800000,825314.00000000,645263.00000000
1786910400000,549724.00000000,188031.00000000
1786914000000,816343.00000000,334739.00000000
1786917600000,710160.00000000,421141.00000000
1786921200000,1470446.00000000,655754.00000000
1786924800000,798965.00000000,381642.00000000
1786928400000,717823.00000000,179379.00000000
1786932000000,3341490.00000000,2352400.00000000
1786935600000,123048.00000000,16585.00000000
1786939200000,188226.00000000,42860.00000000
1786942800000,1156515.00000000,885835.00000000
1786946400000,604048.00000000,340823.00000000
1786950000000,557434.00000000,176124.00000000
1786953600000,1847409.00000000,1344503.00000000
1786957200000,446339.00000000,176594.00000000
1786960800000,1121543.00000000,551793.00000000
1786964400000,626947.00000000,172839.00000000
1786968000000,405866.00000000,228817.00000000
1786971600000,1357589.00000000,747464.00000000
1786975200000,877283.00000000,483233.00000000
1786978800000,998348.00000000,537770.00000000
1786982400000,479494.00000000,270568.00000000
1786986000000,387147.00000000,248158.00000000
1786989600000,411954.00000000,179134.00000000
1786993200000,1117530.00000000,590358.00000000
1786996800000,330068.00000000,201631.00000000
1787000400000,362500.00000000,89729.00000000
1787004000000,283491.00000000,132793.00000000
1787007600000,1147052.00000000,362604.00000000
1787011200000,18975897.00000000,8384854.00000000
1787014800000,29584080.00000000,8191944.00000000
1787018400000,10945720.00000000,4614487.00000000
1787022000000,10876896.00000000,3867409.00000000
1787025600000,1424585.00000000,740959.00000000
1787029200000,1872042.00000000,671180.00000000
1787032800000,5166696.00000000,2397559.00000000
1787036400000,4269363.00000000,1016724.00000000
1787040000000,6601636.00000000,2848935.00000000
1787043600000,7354384.00000000,2947625.00000000
1787047200000,3897615.00000000,1165979.00000000
1787050800000,4572520.00000000,2868273.00000000
1787054400000,3896256.00000000,1291572.00000000
1787058000000,5345346.00000000,1831182.00000000
1787061600000,5932961.00000000,3113686.00000000
1787065200000,2672983.00000000,1145885.00000000
1787068800000,1803903.00000000,1041361.00000000
1787072400000,2220370.00000000,1245066.00000000
1787076000000,1590715.00000000,754772.00000000
1787079600000,2658326.00000000,1463613.00000000
1787083200000,2073737.00000000,1538337.00000000
1787086800000,1758443.00000000,742311.00000000
1787090400000,1561518.00000000,831408.00000000
1787094000000,1160039.00000000,957854.00000000
1787097600000,2360041.00000000,1455095.00000000
1787101200000,1078457.00000000,680710.00000000
1787104800000,1526065.00000000,791597.00000000
1787108400000,4787002.00000000,3681632.00000000
1787112000000,2641383.00000000,1224117.00000000
1787115600000,1981448.00000000,782331.00000000
1787119200000,2264268.00000000,929745.00000000
1787122800000,1265116.00000000,370910.00000000
1787126400000,1431353.00000000,613128.00000000
1787130000000,4906018.00000000,2503838.00000000
1787133600000,2220664.00000000,1083063.00000000
1787137200000,2651773.00000000,1648064.00000000
1787140800000,953553.00000000,180909.00000000
1787144400000,895190.00000000,341513.00000000
1787148000000,992185.00000000,402753.00000000
1787151600000,7437859.00000000,3732678.00000000
1787155200000,6744101.00000000,2913972.00000000
1787158800000,1465089.00000000,608078.00000000
1787162400000,443713.00000000,226095.00000000
1787166000000,954990.00000000,527158.00000000
1787169600000,2685599.00000000,1299141.00000000
1787173200000,8080678.00000000,4536024.00000000
1787176800000,1204589.00000000,568826.00000000
1787180400000,521652.00000000,228582.00000000
1787184000000,2092542.00000000,860480.00000000
1787187600000,849205.00000000,301990.00000000
1787191200000,902331.00000000,243821.00000000
1787194800000,1698847.00000000,593531.00000000
1787198400000,2434744.00000000,228072.00000000
1787202000000,958693.00000000,447820.00000000
1787205600000,5277982.00000000,3782829.00000000
1787209200000,1495653.00000000,699729.00000000
1787212800000,3226286.00000000,1435750.00000000
1787216400000,2338647.00000000,1564472.00000000
1787220000000,1740211.00000000,1189138.00000000
1787223600000,1437305.00000000,733315.00000000
1787227200000,970625.00000000,417335.00000000
1787230800000,4093059.00000000,2463102.00000000
1787234400000,4264349.00000000,2070282.00000000
1787238000000,3515188.00000000,1940054.00000000
1787241600000,2524771.00000000,1243803.00000000
1787245200000,1213792.00000000,731896.00000000
1787248800000,1180118.00000000,343033.00000000
1787252400000,364784.00000000,142710.00000000
1787256000000,531648.00000000,253151.00000000
1787259600000,1177623.00000000,665402.00000000
1787263200000,3831786.00000000,1053650.00000000
1787266800000,2942835.00000000,1460448.00000000
1787270400000,2997166.00000000,1812233.00000000
1787274000000,1791920.00000000,817532.00000000
1787277600000,1425018.00000000,659333.00000000
1787281200000,4905956.00000000,2931971.00000000
1787284800000,3676742.00000000,1259390.00000000
1787288400000,1312269.00000000,551375.00000000
1787292000000,945245.00000000,519113.00000000
1787295600000,2684439.00000000,1005983.00000000
1787299200000,3923356.00000000,1318730.00000000
1787302800000,9347122.00000000,3193220.00000000
1787306400000,2605198.00000000,955435.00000000
1787310000000,2627660.00000000,1217440.00000000
1787313600000,3500782.00000000,1609841.00000000
1787317200000,2152790.00000000,1036982.00000000
1787320800000,1480973.00000000,755341.00000000
1787324400000,1444525.00000000,688862.00000000
1787328000000,4720825.00000000,2013402.00000000
1787331600000,2588769.00000000,825954.00000000
1787335200000,2907523.00000000,1442089.00000000
1787338800000,8577490.00000000,548601.00000000
1787342400000,3364912.00000000,2571188.00000000
1787346000000,2733294.00000000,1512645.00000000
1787349600000,1659339.00000000,885999.00000000
1787353200000,6915024.00000000,5615074.00000000
1787356800000,1133650.00000000,505860.00000000
1787360400000,1671159.00000000,450615.00000000
1787364000000,1354534.00000000,682471.00000000
1787367600000,4498100.00000000,1735008.00000000
1787371200000,2527245.00000000,1107590.00000000
1787374800000,21332643.00000000,9122315.00000000
1787378400000,4006552.00000000,1956470.00000000
1787382000000,3015328.00000000,1386032.00000000
1787385600000,6303274.00000000,1548018.00000000
1787389200000,3045491.00000000,1259318.00000000
1787392800000,3074047.00000000,1416258.00000000
1787396400000,1920239.00000000,1141578.00000000
1787400000000,1163627.00000000,701516.00000000
1787403600000,975009.00000000,551512.00000000
1787407200000,1542437.00000000,637242.00000000
1787410800000,922526.00000000,390399.00000000
1787414400000,974292.00000000,342530.00000000
1787418000000,579955.00000000,367944.00000000
1787421600000,895459.00000000,298851.00000000
1787425200000,243662.00000000,91088.00000000
1787428800000,608136.00000000,166422.00000000
1787432400000,2774754.00000000,1428142.00000000
1787436000000,784166.00000000,439620.00000000
1787439600000,589089.00000000,312991.00000000
1787443200000,1628192.00000000,1163709.00000000
1787446800000,1160136.00000000,450689.00000000
1787450400000,4923759.00000000,1833734.00000000
1787454000000,1907293.00000000,593731.00000000
1787457600000,2268764.00000000,1094503.00000000
1787461200000,3289054.00000000,1930678.00000000
1787464800000,1173624.00000000,585474.00000000
1787468400000,1361586.00000000,648833.00000000
1787472000000,722593.00000000,481017.00000000
1787475600000,700672.00000000,302729.00000000
1787479200000,519875.00000000,140056.00000000
1787482800000,613714.00000000,396964.00000000
1787486400000,2350796.00000000,1217044.00000000
1787490000000,1711464.00000000,964446.00000000
1787493600000,3886767.00000000,1913890.00000000
1787497200000,2607098.00000000,1035469.00000000
1787500800000,2105233.00000000,997782.00000000
1787504400000,1026566.00000000,370041.00000000
1787508000000,2966873.00000000,1481808.00000000
1787511600000,765411.00000000,422857.00000000
1787515200000,537191.00000000,218257.00000000
1787518800000,1322666.00000000,448369.00000000
1787522400000,684512.00000000,369170.00000000
1787526000000,641070.00000000,326163.00000000
1787529600000,2740503.00000000,939949.00000000
1787533200000,1972339.00000000,710516.00000000
1787536800000,2046180.00000000,1193305.00000000
1787540400000,1676876.00000000,579584.00000000
1787544000000,765565.00000000,334881.00000000
1787547600000,1781790.00000000,1022024.00000000
1787551200000,7939628.00000000,4109705.00000000
1787554800000,37357955.00000000,15232555.00000000
1787558400000,23165282.00000000,10348754.00000000
1787562000000,14894876.00000000,9000347.00000000
1787565600000,7821175.00000000,2795880.00000000
1787569200000,5969852.00000000,2311249.00000000
1787572800000,6303141.00000000,2576268.00000000
1787576400000,6964349.00000000,3272116.00000000
1787580000000,9907750.00000000,2968713.00000000
1787583600000,11846233.00000000,6139577.00000000
1787587200000,3907102.00000000,1670485.00000000
1787590800000,6467782.00000000,3380414.00000000
1787594400000,4301990.00000000,2186528.00000000
1787598000000,1646397.00000000,793488.00000000
1787601600000,1371819.00000000,741461.00000000
1787605200000,1454034.00000000,563559.00000000
1787608800000,722121.00000000,490499.00000000
1787612400000,2660882.00000000,1796641.00000000
1787616000000,6243597.00000000,3989993.00000000
1787619600000,2026938.00000000,606857.00000000
1787623200000,3610565.00000000,1570066.00000000
1787626800000,2418967.00000000,1098870.00000000
1787630400000,2182463.00000000,1203851.00000000
1787634000000,1110310.00000000,360960.00000000
1787637600000,1371155.00000000,725324.00000000
1787641200000,5231193.00000000,2527790.00000000
1787644800000,2328206.00000000,1423247.00000000
1787648400000,1879912.00000000,1144295.00000000
1787652000000,2149727.00000000,1106490.00000000
1787655600000,4283890.00000000,3239360.00000000
1787659200000,5081410.00000000,3322372.00000000
1787662800000,5773074.00000000,2883919.00000000
1787666400000,3719225.00000000,1038391.00000000
1787670000000,1511164.00000000,703536.00000000
1787673600000,1207803.00000000,599066.00000000
1787677200000,1964176.00000000,1244009.00000000
1787680800000,2482036.00000000,1469749.00000000
1787684400000,729006.00000000,409521.00000000
