open_time,open,high,low,close,volume,close_time,quote_volume,n_trades
1781200800000,1700.00000000,1903.68000000,1700.00000000,1832.92000000,70.73290000,1781204399999,129267.29468200,487
1781204400000,1902.99000000,1950.00000000,1818.04000000,1867.00000000,20.05620000,1781207999999,37762.53669300,115
1781208000000,1893.19000000,1893.19000000,1858.06000000,1868.02000000,2.79330000,1781211599999,5224.14675100,69
1781211600000,1866.09000000,1891.00000000,1866.08000000,1887.10000000,3.15220000,1781215199999,5919.18514300,95
1781215200000,1887.10000000,1923.89000000,1887.10000000,1907.02000000,16.10370000,1781218799999,30926.73430200,147
1781218800000,1907.02000000,1918.21000000,1904.76000000,1916.51000000,0.60940000,1781222399999,1163.02794800,66
1781222400000,1915.19000000,1961.93000000,1912.32000000,1944.18000000,20.51700000,1781225999999,39787.84494100,290
1781226000000,1942.08000000,1942.08000000,1897.08000000,1911.73000000,2.63680000,1781229599999,5060.95909200,114
1781229600000,1918.19000000,1931.36000000,1915.84000000,1916.46000000,2.77410000,1781233199999,5324.95528400,28
1781233200000,1916.47000000,1923.91000000,1910.75000000,1913.50000000,7.85900000,1781236799999,15021.00222800,20
1781236800000,1908.92000000,1920.97000000,1898.68000000,1908.98000000,18.54010000,1781240399999,35544.25009300,67
1781240400000,1917.73000000,1922.20000000,1863.80000000,1863.80000000,22.30460000,1781243999999,42674.67117500,228
1781244000000,1881.00000000,1892.14000000,1853.75000000,1860.18000000,2.62570000,1781247599999,4928.32692100,119
1781247600000,1871.47000000,1881.66000000,1840.19000000,1880.98000000,2.02900000,1781251199999,3771.28064800,61
1781251200000,1892.14000000,1903.79000000,1847.23000000,1873.40000000,40.90590000,1781254799999,77259.83755000,1996
1781254800000,1872.64000000,1902.82000000,1849.22000000,1887.17000000,15.21100000,1781258399999,28443.84425200,918
1781258400000,1901.76000000,1904.14000000,1877.19000000,1901.46000000,1.24420000,1781261999999,2364.53131600,48
1781262000000,1901.46000000,1907.84000000,1877.18000000,1895.00000000,2.85180000,1781265599999,5420.01624600,83
1781265600000,1895.00000000,1911.22000000,1858.88000000,1867.99000000,4.41510000,1781269199999,8299.06323200,151
1781269200000,1867.99000000,1983.36000000,1859.18000000,1963.68000000,29.14860000,1781272799999,56180.36753300,355
1781272800000,1975.56000000,2000.00000000,1939.04000000,1971.85000000,20.02500000,1781276399999,39353.49696300,272
1781276400000,1970.72000000,1998.50000000,1954.40000000,1956.81000000,31.41510000,1781279999999,62574.02109000,330
1781280000000,1955.28000000,2023.52000000,1955.28000000,2013.65000000,40.46650000,1781283599999,80925.59249700,283
1781283600000,2014.80000000,2020.34000000,1997.28000000,2002.62000000,29.72170000,1781287199999,59718.14517800,209
1781287200000,1997.32000000,2004.11000000,1988.45000000,1992.52000000,11.13320000,1781290799999,22263.93514300,234
1781290800000,1991.58000000,1998.50000000,1972.44000000,1984.60000000,31.97480000,1781294399999,63580.48937300,326
1781294400000,1984.21000000,1992.50000000,1975.24000000,1985.00000000,12.09400000,1781297999999,23974.09301000,157
1781298000000,1984.04000000,1988.82000000,1981.21000000,1988.11000000,5.62090000,1781301599999,11154.04477100,71
1781301600000,1987.02000000,1995.22000000,1987.02000000,1994.54000000,1.24750000,1781305199999,2484.80735400,51
1781305200000,1995.11000000,2000.32000000,1992.74000000,1997.22000000,3.72400000,1781308799999,7440.52305800,156
1781308800000,1997.41000000,1997.97000000,1986.29000000,1996.44000000,8.04040000,1781312399999,15990.86365100,61
1781312400000,1988.59000000,1988.59000000,1980.53000000,1980.53000000,1.53490000,1781315999999,3045.17791500,20
1781316000000,1985.38000000,1995.25000000,1980.01000000,1994.95000000,2.47540000,1781319599999,4930.17895100,79
1781319600000,1996.02000000,1996.02000000,1984.70000000,1992.55000000,0.93660000,1781323199999,1859.53140100,18
1781323200000,1994.04000000,2000.40000000,1993.02000000,1996.44000000,47.38420000,1781326799999,94617.01289200,78
1781326800000,1996.45000000,2000.18000000,1996.44000000,1999.63000000,1.91360000,1781330399999,3821.81423000,34
1781330400000,1996.45000000,2000.18000000,1996.44000000,1999.96000000,13.06830000,1781333999999,26135.44770900,50
1781334000000,2000.17000000,2000.18000000,1996.81000000,2000.17000000,4.88180000,1781337599999,9763.47392200,26
1781337600000,2000.17000000,2006.57000000,1998.04000000,1998.94000000,10.02300000,1781341199999,20054.40479400,70
1781341200000,1998.98000000,2003.59000000,1995.01000000,1995.01000000,1.69390000,1781344799999,3389.91412500,38
1781344800000,1995.03000000,2003.58000000,1995.03000000,1995.47000000,0.40470000,1781348399999,808.72110000,25
1781348400000,1995.00000000,2001.67000000,1995.00000000,1999.71000000,6.06490000,1781351999999,12102.41367200,23
1781352000000,1995.12000000,2003.59000000,1995.00000000,2003.59000000,3.82830000,1781355599999,7638.32885400,21
1781355600000,2003.59000000,2005.39000000,2001.69000000,2005.06000000,1.29580000,1781359199999,2597.05827200,32
1781359200000,2004.83000000,2005.31000000,1995.00000000,2005.31000000,18.30430000,1781362799999,36521.60143800,51
1781362800000,1996.52000000,2004.20000000,1996.52000000,2004.18000000,0.11890000,1781366399999,238.20784000,9
1781366400000,2005.39000000,2005.39000000,1998.46000000,2000.23000000,0.41450000,1781369999999,830.03979000,19
1781370000000,1999.43000000,2005.42000000,1999.38000000,2005.42000000,0.44840000,1781373599999,897.92622500,45
1781373600000,2005.40000000,2005.42000000,2000.00000000,2005.20000000,0.16740000,1781377199999,335.36604000,11
1781377200000,2005.16000000,2005.22000000,2005.16000000,2005.22000000,0.03190000,1781380799999,63.96509600,2
1781380800000,2005.39000000,2005.43000000,2001.63000000,2001.63000000,9.20700000,1781384399999,18463.90433900,27
1781384400000,2001.48000000,2005.40000000,1996.74000000,2005.36000000,0.84780000,1781387999999,1695.95405400,42
1781388000000,2005.38000000,2005.43000000,2005.32000000,2005.43000000,0.06740000,1781391599999,135.16463000,6
1781391600000,2005.42000000,2005.43000000,2005.42000000,2005.42000000,0.25970000,1781395199999,520.80771900,9
1781395200000,2005.42000000,2005.43000000,2000.27000000,2005.00000000,10.73140000,1781398799999,21520.18856400,56
1781398800000,2004.59000000,2005.43000000,2000.71000000,2005.32000000,2.27330000,1781402399999,4553.99735500,77
1781402400000,2004.81000000,2005.34000000,2000.92000000,2005.26000000,0.17090000,1781405999999,342.41829900,10
1781406000000,2005.30000000,2005.43000000,2002.57000000,2002.57000000,1.53340000,1781409599999,3074.58373400,78
1781409600000,2002.38000000,2002.38000000,2000.73000000,2000.77000000,1.15460000,1781413199999,2310.07988400,77
1781413200000,2000.77000000,2005.33000000,2000.71000000,2000.73000000,5.56550000,1781416799999,11135.41655200,192
1781416800000,2000.73000000,2000.77000000,2000.71000000,2000.71000000,1.54080000,1781420399999,3082.71800100,116
1781420400000,2000.72000000,2016.49000000,1999.20000000,1999.31000000,11.63330000,1781423999999,23286.00355800,126
1781424000000,2006.49000000,2017.58000000,1998.10000000,2000.40000000,1.49200000,1781427599999,2986.03286000,101
1781427600000,2017.61000000,2018.07000000,1999.60000000,2016.86000000,0.23390000,1781431199999,469.99946400,24
1781431200000,2016.87000000,2016.87000000,2005.67000000,2010.78000000,15.09310000,1781434799999,30440.31673300,25
1781434800000,2014.83000000,2016.87000000,2012.19000000,2016.87000000,0.86230000,1781438399999,1738.43232600,28
1781438400000,2016.85000000,2016.85000000,2007.76000000,2007.80000000,1.78210000,1781441999999,3581.52566200,65
1781442000000,2004.08000000,2016.87000000,2004.08000000,2016.76000000,4.12920000,1781445599999,8324.17115100,24
1781445600000,2016.51000000,2016.86000000,2002.46000000,2002.46000000,3.45020000,1781449199999,6932.16646600,41
1781449200000,2016.76000000,2016.87000000,2008.37000000,2012.77000000,0.45230000,1781452799999,910.88170100,16
1781452800000,2016.52000000,2016.80000000,2005.01000000,2005.01000000,0.42480000,1781456399999,855.30684800,22
1781456400000,2015.92000000,2016.77000000,2003.87000000,2015.96000000,0.47690000,1781459999999,958.66033600,11
1781460000000,2015.25000000,2015.49000000,2003.87000000,2015.49000000,0.26550000,1781463599999,533.61399900,29
1781463600000,2014.97000000,2016.87000000,2010.95000000,2012.24000000,0.50770000,1781467199999,1022.95293900,22
1781467200000,2011.93000000,2015.77000000,2011.80000000,2015.77000000,0.13540000,1781470799999,272.52988800,8
1781470800000,2010.01000000,2076.20000000,2010.00000000,2057.12000000,30.02040000,1781474399999,61130.07604100,291
1781474400000,2057.11000000,2071.14000000,2047.78000000,2062.39000000,4.48440000,1781477999999,9207.17785100,52
1781478000000,2056.17000000,2067.51000000,2051.70000000,2062.25000000,2.11620000,1781481599999,4366.19748800,67
1781481600000,2064.94000000,2074.76000000,2052.01000000,2069.38000000,19.04160000,1781485199999,39289.25446400,282
1781485200000,2061.93000000,2067.45000000,2051.82000000,2061.61000000,6.40120000,1781488799999,13216.26558700,40
1781488800000,2059.64000000,2073.74000000,2057.90000000,2069.79000000,1.63080000,1781492399999,3370.59898000,29
1781492400000,2074.28000000,2079.28000000,2073.39000000,2074.95000000,32.26710000,1781495999999,66971.89304300,39
1781496000000,2079.02000000,2085.51000000,2069.37000000,2080.27000000,10.44180000,1781499599999,21655.15436200,89
1781499600000,2082.60000000,2087.13000000,2071.62000000,2079.93000000,16.45580000,1781503199999,34234.00033600,121
1781503200000,2079.99000000,2085.05000000,2078.01000000,2078.02000000,3.83480000,1781506799999,7978.91933200,43
1781506800000,2081.01000000,2093.14000000,2081.01000000,2083.48000000,10.20510000,1781510399999,21335.06240200,56
1781510400000,2082.01000000,2100.00000000,2079.97000000,2093.13000000,18.92580000,1781513999999,39608.99706000,77
1781514000000,2100.00000000,2103.32000000,2079.00000000,2079.00000000,4.17350000,1781517599999,8731.64300800,62
1781517600000,2095.89000000,2103.32000000,2078.00000000,2103.32000000,0.97640000,1781521199999,2044.08437900,15
1781521200000,2103.32000000,2125.24000000,2078.00000000,2108.00000000,34.56440000,1781524799999,72762.76885500,143
1781524800000,2116.30000000,2116.79000000,2082.91000000,2090.26000000,4.71330000,1781528399999,9870.63398700,87
1781528400000,2083.89000000,2111.04000000,2022.10000000,2022.10000000,128.82830000,1781531999999,266447.45369100,970
1781532000000,2028.33000000,2105.98000000,2022.11000000,2090.86000000,81.33210000,1781535599999,169562.77844500,341
1781535600000,2091.07000000,2111.62000000,2087.96000000,2104.71000000,54.09820000,1781539199999,113767.65868600,194
1781539200000,2112.77000000,2112.77000000,2101.61000000,2101.61000000,34.23450000,1781542799999,72127.07659300,157
1781542800000,2104.31000000,2108.84000000,2084.24000000,2102.25000000,2.65440000,1781546399999,5565.45841000,52
1781546400000,2098.65000000,2109.79000000,2088.59000000,2088.59000000,2.91190000,1781549999999,6114.93422800,45
1781550000000,2090.31000000,2099.54000000,2085.87000000,2099.54000000,6.96380000,1781553599999,14555.94359300,65
1781553600000,2108.74000000,2119.11000000,2095.16000000,2103.00000000,5.96530000,1781557199999,12603.19778400,55
1781557200000,2101.98000000,2105.14000000,2097.98000000,2102.24000000,2.60800000,1781560799999,5474.93300700,28
1781560800000,2102.26000000,2102.26000000,2092.48000000,2097.40000000,0.42090000,1781564399999,883.59449900,18
1781564400000,2098.11000000,2102.45000000,2092.34000000,2102.14000000,1.89090000,1781567999999,3965.94032400,18
1781568000000,2093.09000000,2095.21000000,2082.59000000,2083.79000000,6.96750000,1781571599999,14565.46219000,63
1781571600000,2066.20000000,2088.50000000,2066.20000000,2081.68000000,2.08610000,1781575199999,4345.04819000,30
1781575200000,2085.96000000,2087.02000000,2075.78000000,2082.80000000,12.00670000,1781578799999,24994.86460300,125
1781578800000,2078.20000000,2097.78000000,2078.20000000,2089.07000000,1.71190000,1781582399999,3582.86603500,43
1781582400000,2091.68000000,2120.07000000,2088.41000000,2109.23000000,4.70190000,1781585999999,9937.25995000,111
1781586000000,2117.64000000,2117.81000000,2103.30000000,2103.30000000,1.21170000,1781589599999,2562.17851400,36
1781589600000,2099.14000000,2111.79000000,2099.14000000,2109.95000000,2.48760000,1781593199999,5246.19917900,59
1781593200000,2107.17000000,2110.86000000,2100.48000000,2107.00000000,5.59950000,1781596799999,11784.60949000,53
1781596800000,2107.00000000,2148.94000000,2099.11000000,2144.67000000,21.57460000,1781600399999,46011.88065200,265
1781600400000,2142.52000000,2149.00000000,2136.13000000,2145.99000000,15.04690000,1781603999999,32212.39131900,127
1781604000000,2136.74000000,2166.83000000,2136.74000000,2154.91000000,22.48720000,1781607599999,48379.30892700,208
1781607600000,2149.52000000,2166.84000000,2143.04000000,2153.76000000,5.49770000,1781611199999,11841.81793000,105
1781611200000,2150.43000000,2151.69000000,2126.55000000,2126.55000000,2.56040000,1781614799999,5461.93577900,53
1781614800000,2128.97000000,2166.52000000,2107.00000000,2107.53000000,62.58100000,1781618399999,133989.98028200,602
1781618400000,2107.89000000,2124.56000000,2050.15000000,2054.20000000,183.71320000,1781621999999,385353.73548700,1158
1781622000000,2055.26000000,2063.79000000,1995.70000000,2018.18000000,162.91230000,1781625599999,329734.37555800,2060
1781625600000,2022.38000000,2070.23000000,2022.38000000,2037.75000000,17.85220000,1781629199999,36574.89585800,742
1781629200000,2037.76000000,2041.85000000,2021.55000000,2036.72000000,6.47820000,1781632799999,13148.37953200,409
1781632800000,2035.50000000,2041.49000000,2004.83000000,2007.75000000,13.36690000,1781636399999,26965.98851500,824
1781636400000,2005.68000000,2031.94000000,1985.01000000,1995.04000000,57.78540000,1781639999999,115911.49146000,1409
1781640000000,1999.63000000,2015.87000000,1997.72000000,2011.59000000,2.85590000,1781643599999,5734.96230400,278
1781643600000,2013.28000000,2023.59000000,2008.57000000,2017.98000000,1.63280000,1781647199999,3289.98976000,205
1781647200000,2019.49000000,2030.93000000,2015.02000000,2027.35000000,4.60190000,1781650799999,9324.26542600,529
1781650800000,2022.27000000,2025.60000000,1977.66000000,2016.62000000,49.51690000,1781654399999,99447.50743300,8154
1781654400000,2023.56000000,2052.06000000,2019.36000000,2035.57000000,10.77370000,1781657999999,21996.60327400,879
1781658000000,2037.37000000,2042.02000000,2024.14000000,2040.86000000,4.29620000,1781661599999,8748.20302300,192
1781661600000,2039.41000000,2049.86000000,2037.26000000,2044.43000000,2.86960000,1781665199999,5863.53247400,97
1781665200000,2042.86000000,2045.79000000,2030.73000000,2041.29000000,2.37190000,1781668799999,4835.80626200,45
1781668800000,2039.81000000,2045.95000000,2036.28000000,2040.37000000,20.54150000,1781672399999,41926.35641700,45
1781672400000,2046.41000000,2061.38000000,2042.70000000,2055.60000000,37.35910000,1781675999999,76557.63547700,171
1781676000000,2063.86000000,2064.19000000,2052.65000000,2056.11000000,4.19110000,1781679599999,8624.72114500,59
1781679600000,2052.52000000,2060.79000000,2051.58000000,2053.64000000,12.31950000,1781683199999,25340.28638700,67
1781683200000,2060.78000000,2070.14000000,2046.00000000,2048.42000000,27.58670000,1781686799999,56709.74126400,253
1781686800000,2050.50000000,2053.68000000,2044.00000000,2045.85000000,10.10640000,1781690399999,20685.55604200,642
1781690400000,2044.00000000,2049.34000000,2041.00000000,2043.66000000,6.69150000,1781693999999,13664.59358800,146
1781694000000,2041.01000000,2049.18000000,2029.57000000,2029.57000000,20.06320000,1781697599999,40944.98830200,136
1781697600000,2036.05000000,2099.99000000,2032.38000000,2057.67000000,2.25180000,1781701199999,4623.19675900,46
1781701200000,2069.99000000,2070.99000000,1961.86000000,1963.08000000,151.40840000,1781704799999,304857.25136400,688
1781704800000,1973.96000000,1999.04000000,1950.00000000,1956.57000000,118.84830000,1781708399999,233329.08944800,664
1781708400000,1954.81000000,2002.00000000,1951.99000000,1990.00000000,63.26260000,1781711999999,125080.07557200,620
1781712000000,1993.07000000,2008.88000000,1990.00000000,1999.32000000,62.24220000,1781715599999,124375.22137600,621
1781715600000,1998.51000000,2020.57000000,1994.47000000,2017.12000000,12.45700000,1781719199999,24995.58058000,892
1781719200000,2014.93000000,2055.06000000,1971.07000000,2015.97000000,156.80380000,1781722799999,317348.90216500,2258
1781722800000,2016.62000000,2032.25000000,1952.68000000,1963.63000000,142.86340000,1781726399999,284065.82384200,897
1781726400000,1963.63000000,1993.13000000,1963.63000000,1986.87000000,11.81270000,1781729999999,23382.65037700,297
1781730000000,1987.47000000,1994.39000000,1987.47000000,1987.97000000,3.65490000,1781733599999,7277.07521400,95
1781733600000,1986.73000000,2004.42000000,1985.98000000,2003.47000000,8.58240000,1781737199999,17168.45078200,139
1781737200000,2003.47000000,2018.17000000,2003.47000000,2012.22000000,8.19060000,1781740799999,16472.42987500,224
1781740800000,2011.25000000,2027.22000000,2011.25000000,2013.41000000,34.81560000,1781744399999,70290.42239100,2550
1781744400000,2013.45000000,2022.38000000,2013.45000000,2021.17000000,7.92170000,1781747999999,16002.22745100,1412
1781748000000,2021.03000000,2021.69000000,2016.67000000,2018.99000000,8.84350000,1781751599999,17857.25349500,1492
1781751600000,2019.69000000,2033.36000000,2018.52000000,2030.34000000,12.37000000,1781755199999,25053.97579500,2664
1781755200000,2031.34000000,2033.90000000,2020.43000000,2024.04000000,36.22640000,1781758799999,73401.13124700,3040
1781758800000,2024.10000000,2033.52000000,2020.69000000,2032.92000000,24.83500000,1781762399999,50399.96318300,2091
1781762400000,2030.75000000,2035.27000000,2025.41000000,2032.40000000,25.28040000,1781765999999,51317.38229200,1151
1781766000000,2032.40000000,2038.95000000,2030.71000000,2038.95000000,32.66260000,1781769599999,66424.33631000,402
1781769600000,2037.86000000,2043.99000000,2032.24000000,2035.37000000,20.40670000,1781773199999,41541.36164400,520
1781773200000,2034.78000000,2047.05000000,2031.56000000,2041.97000000,5.70290000,1781776799999,11630.61437200,272
1781776800000,2045.65000000,2045.65000000,2034.47000000,2037.11000000,6.64350000,1781780399999,13533.77524200,79
1781780400000,2037.09000000,2044.99000000,2030.59000000,2039.87000000,9.42220000,1781783999999,19187.16079000,288
1781784000000,2038.57000000,2057.26000000,2034.93000000,2053.40000000,56.45580000,1781787599999,115633.50192000,484
1781787600000,2053.69000000,2128.13000000,2033.32000000,2120.69000000,130.13470000,1781791199999,273257.48307900,1036
1781791200000,2126.62000000,2188.57000000,2124.04000000,2167.46000000,83.65010000,1781794799999,180786.05838800,872
1781794800000,2166.20000000,2180.45000000,2156.74000000,2169.17000000,51.56410000,1781798399999,111933.18999300,675
1781798400000,2173.16000000,2186.22000000,2160.43000000,2170.28000000,55.99040000,1781801999999,121695.30420900,667
1781802000000,2170.28000000,2182.59000000,2163.51000000,2176.70000000,23.11820000,1781805599999,50282.34015400,269
1781805600000,2176.96000000,2190.92000000,2162.16000000,2167.67000000,137.83940000,1781809199999,300360.41014700,567
1781809200000,2163.24000000,2187.16000000,2157.57000000,2185.97000000,66.67200000,1781812799999,144828.54493500,597
1781812800000,2192.92000000,2211.63000000,2192.92000000,2206.00000000,7.70380000,1781816399999,16966.10914300,115
1781816400000,2205.42000000,2222.00000000,2197.86000000,2222.00000000,26.80080000,1781819999999,59072.42947000,199
1781820000000,2209.40000000,2226.28000000,2203.63000000,2205.38000000,14.59240000,1781823599999,32326.04975500,131
1781823600000,2204.44000000,2212.22000000,2203.02000000,2212.22000000,11.53710000,1781827199999,25468.49727400,166
1781827200000,2212.24000000,2217.06000000,2203.68000000,2207.61000000,17.38480000,1781830799999,38431.09255000,288
1781830800000,2207.36000000,2210.93000000,2201.79000000,2208.01000000,11.26790000,1781834399999,24878.11755300,406
1781834400000,2208.05000000,2215.00000000,2205.27000000,2214.81000000,26.45960000,1781837999999,58478.94588000,444
1781838000000,2214.80000000,2215.00000000,2181.85000000,2181.85000000,27.85820000,1781841599999,61384.95090400,546
1781841600000,2183.12000000,2190.57000000,2163.86000000,2164.70000000,19.80510000,1781845199999,43119.51351400,1080
1781845200000,2164.43000000,2189.40000000,2156.73000000,2182.79000000,22.54670000,1781848799999,48874.45630900,934
1781848800000,2184.92000000,2196.15000000,2181.56000000,2189.68000000,91.15340000,1781852399999,199393.97486400,1429
1781852400000,2188.81000000,2195.21000000,2182.47000000,2189.65000000,20.67980000,1781855999999,45254.78625700,518
1781856000000,2189.94000000,2193.32000000,2189.94000000,2192.59000000,1.62670000,1781859599999,3564.98672900,236
1781859600000,2193.47000000,2193.47000000,2184.14000000,2184.14000000,6.91610000,1781863199999,15134.41994800,391
1781863200000,2184.14000000,2185.78000000,2178.70000000,2183.28000000,23.09170000,1781866799999,50399.92595300,619
1781866800000,2180.94000000,2191.54000000,2177.72000000,2190.86000000,12.91160000,1781870399999,28227.14909900,332
1781870400000,2191.23000000,2222.80000000,2180.39000000,2205.91000000,15.02900000,1781873999999,32967.95577600,747
1781874000000,2206.00000000,2208.92000000,2194.04000000,2198.88000000,25.65530000,1781877599999,56509.56547100,768
1781877600000,2198.06000000,2204.22000000,2190.21000000,2195.95000000,17.72180000,1781881199999,38921.90650600,498
1781881200000,2197.20000000,2203.45000000,2195.36000000,2199.02000000,18.89930000,1781884799999,41542.54828100,475
1781884800000,2198.03000000,2202.40000000,2194.01000000,2194.60000000,13.41650000,1781888399999,29510.15558100,449
1781888400000,2196.41000000,2205.11000000,2195.27000000,2204.80000000,4.92450000,1781891999999,10831.88418200,288
1781892000000,2201.40000000,2203.35000000,2200.27000000,2201.72000000,1.11130000,1781895599999,2446.84107800,215
1781895600000,2201.73000000,2201.73000000,2200.00000000,2200.01000000,9.79020000,1781899199999,21538.84878500,233
1781899200000,2200.34000000,2203.67000000,2197.03000000,2203.67000000,4.48920000,1781902799999,9875.01003200,168
1781902800000,2203.29000000,2206.19000000,2201.21000000,2203.80000000,2.43850000,1781906399999,5372.57700800,187
1781906400000,2204.25000000,2212.72000000,2204.25000000,2212.72000000,2.02410000,1781909999999,4471.35923000,148
1781910000000,2213.14000000,2216.37000000,2210.76000000,2213.84000000,2.86250000,1781913599999,6337.53236000,262
1781913600000,2214.22000000,2214.72000000,2209.64000000,2214.38000000,5.68930000,1781917199999,12587.07187800,231
1781917200000,2212.94000000,2212.94000000,2206.86000000,2207.18000000,3.86920000,1781920799999,8550.43045100,168
1781920800000,2208.67000000,2209.53000000,2205.55000000,2207.93000000,3.28980000,1781924399999,7262.72177900,188
1781924400000,2208.19000000,2213.05000000,2208.19000000,2211.43000000,4.91680000,1781927999999,10870.39142700,193
1781928000000,2213.70000000,2216.29000000,2212.66000000,2213.45000000,5.94870000,1781931599999,13176.39782600,381
1781931600000,2212.32000000,2216.94000000,2209.52000000,2216.75000000,17.44180000,1781935199999,38612.95595900,409
1781935200000,2215.82000000,2235.81000000,2215.82000000,2233.15000000,37.94560000,1781938799999,84457.26484400,565
1781938800000,2233.15000000,2233.16000000,2227.48000000,2229.43000000,12.86220000,1781942399999,28705.59055200,375
1781942400000,2230.00000000,2234.67000000,2226.87000000,2231.34000000,2.44260000,1781945999999,5445.03674500,287
1781946000000,2231.96000000,2240.44000000,2228.80000000,2236.94000000,33.73250000,1781949599999,75430.07385800,404
1781949600000,2237.50000000,2237.50000000,2224.98000000,2224.98000000,4.88240000,1781953199999,10891.74608600,239
1781953200000,2226.83000000,2244.37000000,2224.08000000,2237.02000000,24.56700000,1781956799999,54882.23338500,462
1781956800000,2238.99000000,2244.00000000,2229.12000000,2229.98000000,2.00780000,1781960399999,4490.98834300,44
1781960400000,2232.95000000,2240.08000000,2228.00000000,2232.11000000,2.53220000,1781963999999,5654.88471100,48
1781964000000,2230.64000000,2234.90000000,2222.32000000,2234.90000000,0.40040000,1781967599999,892.22559600,19
1781967600000,2230.92000000,2240.00000000,2230.92000000,2238.06000000,2.14770000,1781971199999,4802.07265500,60
1781971200000,2238.06000000,2238.41000000,2231.65000000,2238.41000000,0.90240000,1781974799999,2019.39267400,20
1781974800000,2238.41000000,2239.69000000,2232.23000000,2237.86000000,3.81000000,1781978399999,8527.75785300,53
1781978400000,2237.87000000,2239.12000000,2237.68000000,2239.12000000,0.99190000,1781981999999,2220.58473600,24
1781982000000,2239.12000000,2240.49000000,2238.48000000,2240.24000000,1.18670000,1781985599999,2657.92429600,26
1781985600000,2240.24000000,2244.00000000,2239.59000000,2243.23000000,0.50760000,1781989199999,1138.73631800,18
1781989200000,2243.14000000,2243.24000000,2243.14000000,2243.24000000,0.42600000,1781992799999,955.61635400,22
1781992800000,2243.24000000,2248.00000000,2243.23000000,2248.00000000,0.35510000,1781996399999,796.75729400,61
1781996400000,2246.91000000,2251.28000000,2243.37000000,2251.28000000,0.38490000,1781999999999,865.42619300,42
1782000000000,2250.58000000,2250.58000000,2244.41000000,2245.80000000,4.95730000,1782003599999,11134.72039500,52
1782003600000,2245.80000000,2245.93000000,2239.99000000,2245.92000000,0.92900000,1782007199999,2084.22602800,57
1782007200000,2245.92000000,2245.93000000,2241.82000000,2245.86000000,4.25140000,1782010799999,9546.34653400,44
1782010800000,2245.86000000,2245.93000000,2241.04000000,2245.89000000,0.35380000,1782014399999,794.33546600,32
1782014400000,2245.89000000,2245.93000000,2245.00000000,2245.90000000,1.01850000,1782017999999,2287.05609100,33
1782018000000,2245.90000000,2245.93000000,2245.01000000,2245.06000000,0.59350000,1782021599999,1332.93334100,33
1782021600000,2245.89000000,2245.93000000,2245.06000000,2245.89000000,1.45300000,1782025199999,3263.18561900,54
1782025200000,2245.89000000,2245.93000000,2245.00000000,2245.01000000,1.70250000,1782028799999,3822.72676700,55
1782028800000,2245.89000000,2245.93000000,2245.02000000,2245.93000000,0.96280000,1782032399999,2162.35762300,34
1782032400000,2245.93000000,2245.93000000,2245.00000000,2245.89000000,1.65610000,1782035999999,3718.51247500,44
1782036000000,2245.05000000,2245.93000000,2241.76000000,2245.72000000,0.30940000,1782039599999,694.63622900,30
1782039600000,2245.72000000,2245.93000000,2241.63000000,2245.92000000,0.61380000,1782043199999,1378.34587300,41
1782043200000,2245.92000000,2245.93000000,2241.62000000,2245.93000000,1.36260000,1782046799999,3059.98132500,31
1782046800000,2245.93000000,2245.93000000,2241.62000000,2242.07000000,2.51370000,1782050399999,5640.93669600,31
1782050400000,2242.88000000,2244.65000000,2220.16000000,2228.02000000,15.53430000,1782053999999,34595.06315200,149
1782054000000,2223.56000000,2231.56000000,2223.47000000,2228.22000000,4.33730000,1782057599999,9658.69649600,313
1782057600000,2228.22000000,2230.98000000,2223.48000000,2227.35000000,3.52450000,1782061199999,7847.57120500,341
1782061200000,2227.35000000,2232.39000000,2227.35000000,2228.01000000,1.47350000,1782064799999,3286.30716000,189
1782064800000,2228.01000000,2229.85000000,2214.62000000,2217.49000000,4.31890000,1782068399999,9594.12682600,226
1782068400000,2216.07000000,2219.09000000,2216.00000000,2216.11000000,0.87860000,1782071999999,1948.47651800,96
1782072000000,2216.11000000,2222.00000000,2216.11000000,2216.78000000,2.59950000,1782075599999,5769.36936000,133
1782075600000,2216.78000000,2216.78000000,2201.69000000,2205.98000000,1.20480000,1782079199999,2661.71987500,100
1782079200000,2205.22000000,2216.95000000,2203.49000000,2216.95000000,2.97110000,1782082799999,6567.89453400,119
1782082800000,2211.76000000,2215.79000000,2198.93000000,2198.93000000,10.27360000,1782086399999,22711.11175500,87
1782086400000,2198.94000000,2255.77000000,2195.55000000,2255.77000000,71.63590000,1782089999999,158801.90198600,545
1782090000000,2247.57000000,2265.40000000,2242.54000000,2251.00000000,31.71690000,1782093599999,71474.57453200,376
1782093600000,2245.48000000,2250.22000000,2241.52000000,2244.62000000,8.22410000,1782097199999,18484.25137700,74
1782097200000,2244.62000000,2253.94000000,2233.88000000,2249.29000000,21.65520000,1782100799999,48553.25587000,116
1782100800000,2250.39000000,2251.80000000,2229.90000000,2235.62000000,21.46250000,1782104399999,48100.05362100,221
1782104400000,2235.00000000,2243.61000000,2234.95000000,2243.61000000,1.77430000,1782107999999,3972.81649800,103
1782108000000,2240.37000000,2260.26000000,2240.22000000,2260.26000000,6.80990000,1782111599999,15308.86927900,137
1782111600000,2259.86000000,2269.83000000,2259.86000000,2267.48000000,26.83470000,1782115199999,60840.50033100,67
1782115200000,2266.90000000,2271.72000000,2258.72000000,2271.72000000,5.23680000,1782118799999,11843.37373800,53
1782118800000,2265.25000000,2270.06000000,2262.92000000,2268.64000000,13.15210000,1782122399999,29787.70936900,160
1782122400000,2265.88000000,2281.39000000,2265.88000000,2272.39000000,5.72760000,1782125999999,13027.83846600,116
1782126000000,2274.28000000,2303.01000000,2273.52000000,2301.07000000,23.65180000,1782129599999,54227.12685200,237
1782129600000,2295.09000000,2295.09000000,2279.18000000,2279.85000000,2.15830000,1782133199999,4924.80316800,71
1782133200000,2281.22000000,2318.11000000,2254.32000000,2283.11000000,209.71530000,1782136799999,479556.42607200,1813
1782136800000,2280.38000000,2335.65000000,2280.38000000,2330.00000000,62.52640000,1782140399999,144383.07852600,724
1782140400000,2331.71000000,2360.01000000,2290.79000000,2301.77000000,556.14930000,1782143999999,1309809.41794300,715
1782144000000,2300.28000000,2327.57000000,2295.00000000,2306.92000000,65.29460000,1782147599999,150887.10672800,442
1782147600000,2302.47000000,2330.92000000,2302.47000000,2327.51000000,17.52470000,1782151199999,40691.48132300,248
1782151200000,2332.91000000,2332.95000000,2311.82000000,2317.90000000,6.62110000,1782154799999,15367.47165900,117
1782154800000,2319.02000000,2328.90000000,2290.00000000,2290.01000000,37.90380000,1782158399999,87147.41984200,209
1782158400000,2290.00000000,2295.87000000,2284.61000000,2295.87000000,39.70050000,1782161999999,90963.97486700,143
1782162000000,2291.00000000,2292.63000000,2267.00000000,2282.61000000,15.43720000,1782165599999,35160.51843700,118
1782165600000,2281.92000000,2281.92000000,2262.68000000,2267.00000000,18.25590000,1782169199999,41392.88274100,114
1782169200000,2268.00000000,2268.00000000,2259.98000000,2266.76000000,17.56680000,1782172799999,39795.13537800,83
1782172800000,2267.46000000,2279.15000000,2216.66000000,2235.50000000,227.04610000,1782176399999,509020.96506500,1459
1782176400000,2236.68000000,2241.40000000,2186.54000000,2195.58000000,96.33270000,1782179999999,213018.23059900,1556
1782180000000,2195.58000000,2217.57000000,2164.15000000,2192.96000000,93.46980000,1782183599999,204799.72245800,1240
1782183600000,2192.63000000,2193.18000000,2150.00000000,2184.04000000,202.61530000,1782187199999,438528.18545300,1914
1782187200000,2184.04000000,2188.26000000,2150.00000000,2153.47000000,57.15850000,1782190799999,124260.55980100,997
1782190800000,2153.47000000,2155.11000000,2094.45000000,2101.14000000,89.92460000,1782194399999,191292.05048700,1721
1782194400000,2101.32000000,2124.96000000,2075.00000000,2109.39000000,158.63330000,1782197999999,332482.66300200,1468
1782198000000,2109.39000000,2153.75000000,2105.62000000,2107.75000000,221.49120000,1782201599999,471078.10151400,1087
1782201600000,2106.54000000,2119.49000000,2044.02000000,2066.52000000,272.00120000,1782205199999,566330.82256100,1537
1782205200000,2071.66000000,2086.00000000,2056.19000000,2081.97000000,38.38890000,1782208799999,79699.28014100,900
1782208800000,2081.47000000,2088.00000000,2052.56000000,2070.63000000,29.36370000,1782212399999,60773.99663200,775
1782212400000,2071.50000000,2100.00000000,2066.46000000,2100.00000000,58.93760000,1782215999999,122969.47560100,1159
1782216000000,2103.62000000,2111.72000000,2044.00000000,2044.00000000,29.56350000,1782219599999,61174.78591700,644
1782219600000,2044.00000000,2051.97000000,1954.41000000,2009.04000000,467.29920000,1782223199999,933821.52756800,3989
1782223200000,2009.05000000,2062.09000000,1982.36000000,2004.99000000,160.36820000,1782226799999,322059.03496100,3099
1782226800000,2004.99000000,2010.46000000,1983.79000000,1991.58000000,97.83260000,1782230399999,194996.07325900,1653
1782230400000,1990.49000000,2019.40000000,1988.95000000,1993.10000000,20.52360000,1782233999999,41170.71078500,815
1782234000000,1991.33000000,1993.67000000,1955.23000000,1955.56000000,169.29340000,1782237599999,335612.02873200,2142
1782237600000,1955.56000000,1971.91000000,1952.42000000,1967.62000000,83.70370000,1782241199999,164126.71224300,2192
1782241200000,1964.96000000,1988.12000000,1955.07000000,1964.48000000,103.80320000,1782244799999,204229.14005900,2547
1782244800000,1965.01000000,1994.62000000,1960.82000000,1982.80000000,28.29090000,1782248399999,56097.76607900,535
1782248400000,1982.32000000,2007.68000000,1979.70000000,2004.83000000,68.47900000,1782251999999,136173.41743500,837
1782252000000,2003.68000000,2016.05000000,1987.56000000,1987.92000000,27.02860000,1782255599999,54087.27118900,360
1782255600000,1989.64000000,1992.20000000,1967.99000000,1987.65000000,22.94590000,1782259199999,45447.14025900,450
1782259200000,1987.65000000,2055.13000000,1987.20000000,2033.98000000,179.71570000,1782262799999,364417.48091700,1509
1782262800000,2035.68000000,2036.11000000,2009.06000000,2030.64000000,64.76570000,1782266399999,131153.82805900,935
1782266400000,2030.64000000,2032.61000000,1968.97000000,1969.28000000,104.89370000,1782269999999,209846.02925500,986
1782270000000,1970.90000000,1996.73000000,1960.92000000,1979.40000000,58.10880000,1782273599999,115408.05165600,818
1782273600000,1979.70000000,1989.87000000,1960.31000000,1989.70000000,164.61720000,1782277199999,324651.39594400,1237
1782277200000,1991.00000000,2018.05000000,1991.00000000,2003.27000000,111.64410000,1782280799999,223578.47650900,915
1782280800000,2004.69000000,2014.18000000,2000.01000000,2007.61000000,109.10780000,1782284399999,219195.44656400,1211
1782284400000,2008.26000000,2011.91000000,1992.15000000,2002.51000000,69.89170000,1782287999999,140026.90111000,780
1782288000000,2002.64000000,2045.90000000,2002.64000000,2035.17000000,166.70710000,1782291599999,337079.59333300,1616
1782291600000,2035.17000000,2037.68000000,2012.61000000,2024.32000000,34.91600000,1782295199999,70730.38124800,868
1782295200000,2024.31000000,2029.44000000,2017.87000000,2017.87000000,46.07860000,1782298799999,93157.30310800,911
1782298800000,2020.89000000,2030.00000000,2010.10000000,2025.68000000,54.88950000,1782302399999,110688.15423400,1121
1782302400000,2026.03000000,2037.57000000,2012.59000000,2013.98000000,54.95760000,1782305999999,111377.20544900,982
1782306000000,2013.98000000,2022.51000000,1929.88000000,1971.20000000,553.89650000,1782309599999,1090622.92080500,5373
1782309600000,1972.07000000,1975.24000000,1930.02000000,1949.42000000,349.72020000,1782313199999,680980.46959000,5100
1782313200000,1949.86000000,1953.59000000,1912.47000000,1926.76000000,250.92320000,1782316799999,483945.84061300,3874
1782316800000,1926.44000000,1943.04000000,1911.81000000,1915.11000000,158.64160000,1782320399999,305838.54166000,2387
1782320400000,1915.09000000,1920.50000000,1868.00000000,1871.43000000,230.98180000,1782323999999,435712.58488100,3023
1782324000000,1869.29000000,1907.72000000,1866.00000000,1872.50000000,76.41390000,1782327599999,144513.93498600,666
1782327600000,1873.57000000,1927.61000000,1865.97000000,1914.52000000,74.79250000,1782331199999,140903.19612300,1090
1782331200000,1917.59000000,2160.88000000,1910.03000000,2128.29000000,505.63340000,1782334799999,1058379.52083500,4695
1782334800000,2127.42000000,2133.28000000,2074.26000000,2117.94000000,85.62660000,1782338399999,180278.66245400,1450
1782338400000,2121.14000000,2136.66000000,2108.32000000,2125.86000000,49.37070000,1782341999999,105000.91013100,330
1782342000000,2122.41000000,2154.49000000,2121.48000000,2153.55000000,67.43810000,1782345599999,144375.28386100,532
1782345600000,2155.88000000,2165.00000000,2086.34000000,2104.37000000,111.21560000,1782349199999,236740.82608400,900
1782349200000,2109.39000000,2126.25000000,2094.62000000,2120.40000000,50.26370000,1782352799999,106317.03505700,364
1782352800000,2119.15000000,2123.34000000,2102.09000000,2121.24000000,20.43150000,1782356399999,43194.26820400,161
1782356400000,2118.87000000,2126.24000000,2113.79000000,2123.75000000,6.32810000,1782359999999,13414.62914700,95
1782360000000,2125.10000000,2151.07000000,2123.99000000,2144.51000000,56.14560000,1782363599999,119889.34084500,426
1782363600000,2149.88000000,2164.76000000,2140.94000000,2141.08000000,66.29330000,1782367199999,142708.16924700,658
1782367200000,2143.19000000,2149.45000000,2136.90000000,2136.90000000,10.86420000,1782370799999,23292.47163600,139
1782370800000,2136.55000000,2154.68000000,2136.55000000,2146.07000000,5.02220000,1782374399999,10775.31959300,105
1782374400000,2147.39000000,2173.75000000,2147.39000000,2157.21000000,103.55210000,1782377999999,223713.18383100,770
1782378000000,2157.63000000,2190.98000000,2155.51000000,2181.04000000,18.92290000,1782381599999,41159.91690100,342
1782381600000,2182.96000000,2211.49000000,2182.21000000,2204.08000000,45.31010000,1782385199999,99701.19753100,639
1782385200000,2207.44000000,2226.07000000,2207.44000000,2214.61000000,72.71870000,1782388799999,161027.43531000,1774
1782388800000,2215.64000000,2250.01000000,2200.00000000,2235.14000000,270.38640000,1782392399999,604890.33892100,1734
1782392400000,2233.22000000,2291.54000000,2095.91000000,2100.84000000,369.14340000,1782395999999,811647.13603100,4960
1782396000000,2102.40000000,2217.89000000,2102.40000000,2206.34000000,275.86020000,1782399599999,594124.03921600,5788
1782399600000,2213.82000000,2238.04000000,2181.25000000,2220.23000000,89.90400000,1782403199999,198677.82378500,1622
1782403200000,2217.56000000,2274.64000000,2214.90000000,2270.21000000,146.59710000,1782406799999,330824.71842000,2049
1782406800000,2270.96000000,2307.11000000,2260.77000000,2304.70000000,276.97950000,1782410399999,631298.66707700,2317
1782410400000,2304.70000000,2317.69000000,2284.28000000,2296.91000000,144.56380000,1782413999999,332326.92945500,1667
1782414000000,2296.43000000,2343.66000000,2269.80000000,2333.11000000,305.61480000,1782417599999,703564.78975700,3177
1782417600000,2334.15000000,2376.19000000,2312.99000000,2322.25000000,115.96970000,1782421199999,272186.81544200,1443
1782421200000,2323.87000000,2330.90000000,2305.88000000,2308.02000000,26.61810000,1782424799999,61697.90426500,661
1782424800000,2311.89000000,2317.62000000,2281.36000000,2317.00000000,111.57840000,1782428399999,256504.74535300,1259
1782428400000,2317.00000000,2339.34000000,2312.00000000,2318.59000000,51.06960000,1782431999999,118645.56375300,574
1782432000000,2320.00000000,2325.10000000,2259.39000000,2277.00000000,74.37970000,1782435599999,170788.65119700,1056
1782435600000,2275.52000000,2286.00000000,2239.75000000,2243.43000000,38.76740000,1782439199999,87885.15408800,633
1782439200000,2246.16000000,2246.16000000,2157.45000000,2186.77000000,273.38940000,1782442799999,598117.78722900,2787
1782442800000,2185.01000000,2225.26000000,2146.00000000,2223.74000000,236.60950000,1782446399999,514293.77186800,2427
1782446400000,2219.20000000,2246.16000000,2173.60000000,2185.35000000,150.87820000,1782449999999,332373.54075300,1127
1782450000000,2186.54000000,2269.68000000,2186.54000000,2229.64000000,99.18710000,1782453599999,220635.16136100,956
1782453600000,2223.87000000,2260.50000000,2203.61000000,2257.55000000,105.05920000,1782457199999,235003.75357500,846
1782457200000,2256.43000000,2263.48000000,2240.86000000,2252.02000000,98.96660000,1782460799999,223245.21471800,687
1782460800000,2251.17000000,2251.17000000,2196.86000000,2209.47000000,166.43610000,1782464399999,370740.65768600,2035
1782464400000,2210.67000000,2221.33000000,2192.68000000,2210.73000000,194.49440000,1782467999999,429312.20480100,1661
1782468000000,2209.96000000,2250.98000000,2200.50000000,2212.70000000,109.88770000,1782471599999,242917.26109600,1169
1782471600000,2211.12000000,2243.22000000,2210.84000000,2222.00000000,61.96150000,1782475199999,137944.40217200,844
1782475200000,2220.83000000,2231.85000000,2185.70000000,2190.57000000,200.59470000,1782478799999,442530.25110200,1518
1782478800000,2190.50000000,2207.52000000,2130.43000000,2204.60000000,471.43180000,1782482399999,1022903.54959400,4207
1782482400000,2205.68000000,2262.09000000,2178.75000000,2185.00000000,288.84250000,1782485999999,642022.02537200,3675
1782486000000,2186.43000000,2199.03000000,2142.27000000,2160.08000000,258.24100000,1782489599999,559013.62300700,2863
1782489600000,2158.84000000,2189.61000000,2146.35000000,2168.03000000,250.19330000,1782493199999,540842.76182500,1907
1782493200000,2166.27000000,2183.75000000,2149.22000000,2150.41000000,101.09580000,1782496799999,219013.36390700,926
1782496800000,2149.93000000,2152.63000000,2115.72000000,2118.37000000,86.02600000,1782500399999,183022.86501400,921
1782500400000,2121.13000000,2154.96000000,2070.60000000,2093.42000000,338.07820000,1782503999999,712613.90418000,2647
1782504000000,2095.66000000,2111.15000000,2077.41000000,2086.36000000,75.49230000,1782507599999,157854.87259000,1233
1782507600000,2087.77000000,2095.68000000,2076.92000000,2095.14000000,7.83860000,1782511199999,16324.36469400,251
1782511200000,2097.10000000,2106.79000000,2094.64000000,2104.87000000,2.83840000,1782514799999,5956.61900600,119
1782514800000,2105.45000000,2120.49000000,2105.16000000,2113.86000000,4.72970000,1782518399999,9992.92672300,151
1782518400000,2117.79000000,2127.69000000,2109.56000000,2117.28000000,18.34050000,1782521999999,38884.09936900,390
1782522000000,2116.75000000,2123.12000000,2106.06000000,2106.06000000,13.47000000,1782525599999,28527.32558800,345
1782525600000,2106.49000000,2127.39000000,2105.06000000,2111.44000000,11.68160000,1782529199999,24696.58857200,372
1782529200000,2110.98000000,2114.32000000,2104.87000000,2107.37000000,5.85560000,1782532799999,12349.64348700,184
1782532800000,2106.89000000,2112.68000000,2103.69000000,2103.78000000,36.20110000,1782536399999,76229.62343800,318
1782536400000,2106.28000000,2108.01000000,2102.97000000,2105.05000000,3.46800000,1782539999999,7302.71486000,96
1782540000000,2105.05000000,2110.12000000,2101.27000000,2107.30000000,4.73920000,1782543599999,9985.31556800,110
1782543600000,2107.88000000,2108.27000000,2106.09000000,2107.90000000,5.99830000,1782547199999,12640.14345200,113
1782547200000,2107.89000000,2107.90000000,2102.57000000,2103.40000000,8.05810000,1782550799999,16976.81514600,125
1782550800000,2103.87000000,2103.87000000,2090.00000000,2094.90000000,68.05800000,1782554399999,142581.61255500,471
1782554400000,2094.87000000,2101.85000000,2094.04000000,2095.38000000,24.90880000,1782557999999,52254.76561400,346
1782558000000,2096.10000000,2098.66000000,2094.84000000,2098.42000000,18.11950000,1782561599999,37993.03857200,219
1782561600000,2096.91000000,2100.32000000,2095.68000000,2096.13000000,4.80920000,1782565199999,10086.44710500,74
1782565200000,2098.90000000,2113.39000000,2098.90000000,2110.85000000,29.28050000,1782568799999,61714.82620000,332
1782568800000,2110.85000000,2110.85000000,2102.58000000,2103.55000000,9.36590000,1782572399999,19732.97101000,164
1782572400000,2103.94000000,2110.27000000,2103.77000000,2104.70000000,19.97000000,1782575999999,42058.39857700,323
1782576000000,2104.84000000,2105.20000000,2102.28000000,2104.17000000,7.35650000,1782579599999,15482.37661200,112
1782579600000,2104.48000000,2106.41000000,2103.03000000,2105.12000000,5.03980000,1782583199999,10609.39275300,123
1782583200000,2105.73000000,2108.06000000,2103.26000000,2103.26000000,4.44180000,1782586799999,9353.53953300,88
1782586800000,2103.45000000,2104.70000000,2084.68000000,2086.84000000,46.50090000,1782590399999,97054.55432500,411
1782590400000,2086.85000000,2098.47000000,2086.85000000,2096.76000000,41.72450000,1782593999999,87425.13656100,486
1782594000000,2096.51000000,2101.65000000,2087.98000000,2087.98000000,8.39870000,1782597599999,17615.91527700,143
1782597600000,2087.99000000,2096.95000000,2086.84000000,2094.97000000,21.31060000,1782601199999,44548.98693200,275
1782601200000,2094.72000000,2099.54000000,2094.72000000,2096.63000000,13.94630000,1782604799999,29250.34718100,144
1782604800000,2095.94000000,2105.27000000,2090.00000000,2090.00000000,5.31030000,1782608399999,11142.78085700,82
1782608400000,2089.51000000,2096.16000000,2087.83000000,2096.16000000,4.71130000,1782611999999,9857.38692500,68
1782612000000,2096.69000000,2099.19000000,2091.44000000,2097.26000000,2.09730000,1782615599999,4394.66357900,45
1782615600000,2097.83000000,2099.62000000,2094.35000000,2094.35000000,0.72350000,1782619199999,1516.99990900,20
1782619200000,2096.18000000,2099.63000000,2093.33000000,2096.78000000,0.30540000,1782622799999,640.53047800,25
1782622800000,2096.55000000,2097.16000000,2086.74000000,2088.65000000,1.63220000,1782626399999,3412.17431700,54
1782626400000,2091.20000000,2091.69000000,2089.03000000,2089.63000000,0.47880000,1782629999999,1001.13341900,27
1782630000000,2090.16000000,2098.55000000,2088.67000000,2093.68000000,1.49440000,1782633599999,3126.81447200,89
1782633600000,2093.69000000,2101.40000000,2093.15000000,2099.06000000,38.37460000,1782637199999,80389.02637300,208
1782637200000,2098.96000000,2103.64000000,2095.46000000,2099.93000000,8.63710000,1782640799999,18136.71398400,136
1782640800000,2101.43000000,2102.73000000,2099.00000000,2102.73000000,10.03240000,1782644399999,21059.68286300,106
1782644400000,2102.72000000,2109.61000000,2101.64000000,2103.90000000,2.74200000,1782647999999,5777.04884800,64
1782648000000,2105.02000000,2108.35000000,2103.90000000,2107.95000000,1.13710000,1782651599999,2396.33193700,51
1782651600000,2107.28000000,2109.90000000,2102.84000000,2109.90000000,2.11660000,1782655199999,4457.19358800,74
1782655200000,2109.43000000,2113.83000000,2106.66000000,2109.71000000,4.19640000,1782658799999,8858.95846300,134
1782658800000,2110.10000000,2112.04000000,2108.78000000,2109.02000000,10.20780000,1782662399999,21532.54331900,123
1782662400000,2109.02000000,2116.25000000,2109.00000000,2114.97000000,2.31390000,1782665999999,4885.45001700,100
1782666000000,2115.27000000,2118.13000000,2112.86000000,2115.67000000,3.77860000,1782669599999,7996.70220800,61
1782669600000,2114.70000000,2118.36000000,2113.30000000,2116.10000000,0.64940000,1782673199999,1374.48942400,26
1782673200000,2116.39000000,2122.16000000,2114.61000000,2117.27000000,31.62020000,1782676799999,67012.42372600,253
1782676800000,2117.29000000,2131.62000000,2116.56000000,2131.62000000,2.35680000,1782680399999,5003.85551000,125
1782680400000,2133.60000000,2134.03000000,2115.47000000,2116.10000000,5.96710000,1782683999999,12695.48345800,119
1782684000000,2117.56000000,2134.82000000,2116.60000000,2125.05000000,26.63610000,1782687599999,56736.67329800,570
1782687600000,2125.05000000,2136.72000000,2117.61000000,2122.40000000,5.06050000,1782691199999,10761.43976400,283
1782691200000,2123.58000000,2146.69000000,2046.10000000,2089.41000000,259.88830000,1782694799999,549498.26597100,2133
1782694800000,2089.41000000,2106.76000000,2079.81000000,2097.58000000,8.01990000,1782698399999,16763.82091000,316
1782698400000,2094.84000000,2099.34000000,2077.39000000,2090.24000000,25.90750000,1782701999999,54139.44121700,384
1782702000000,2089.77000000,2105.07000000,2083.10000000,2095.29000000,6.63000000,1782705599999,13854.85841500,198
1782705600000,2094.29000000,2096.25000000,2067.55000000,2069.59000000,32.92490000,1782709199999,68426.66694700,327
1782709200000,2071.98000000,2116.36000000,2060.11000000,2111.90000000,31.77660000,1782712799999,66387.48102300,394
1782712800000,2112.66000000,2124.27000000,2106.67000000,2110.00000000,32.17690000,1782716399999,68035.49658700,309
1782716400000,2109.57000000,2128.62000000,2107.31000000,2125.94000000,8.68950000,1782719999999,18450.72611300,99
1782720000000,2126.45000000,2141.22000000,2118.14000000,2118.14000000,24.63850000,1782723599999,52492.40770800,495
1782723600000,2120.88000000,2122.33000000,2100.16000000,2111.25000000,27.97560000,1782727199999,59112.51179100,368
1782727200000,2113.46000000,2125.98000000,2111.79000000,2120.76000000,37.25600000,1782730799999,78865.33674700,301
1782730800000,2121.09000000,2122.40000000,2082.29000000,2088.92000000,20.88620000,1782734399999,43763.71456400,578
1782734400000,2088.24000000,2113.87000000,2088.09000000,2113.87000000,77.78510000,1782737999999,163325.84869000,648
1782738000000,2115.08000000,2122.84000000,1927.53000000,1930.84000000,1019.14960000,1782741599999,2043780.18574700,5128
1782741600000,1930.71000000,1966.00000000,1900.00000000,1938.06000000,622.84780000,1782745199999,1200777.54834400,4504
1782745200000,1937.25000000,1998.89000000,1929.64000000,1992.72000000,339.62680000,1782748799999,666485.83384800,3289
1782748800000,1993.86000000,2035.80000000,1993.86000000,2021.73000000,255.77320000,1782752399999,515039.16268100,1727
1782752400000,2024.20000000,2027.68000000,1982.96000000,2000.01000000,94.35860000,1782755999999,189541.75608100,1164
1782756000000,1999.57000000,2031.16000000,1998.42000000,2018.60000000,38.44540000,1782759599999,77463.12907600,875
1782759600000,2016.51000000,2068.54000000,2007.90000000,2051.80000000,91.97880000,1782763199999,186695.18922600,1383
1782763200000,2053.35000000,2071.11000000,2040.48000000,2058.92000000,48.10300000,1782766799999,99121.18521300,755
1782766800000,2058.75000000,2062.60000000,2047.35000000,2047.35000000,5.71990000,1782770399999,11739.42728700,137
1782770400000,2047.58000000,2062.83000000,2045.28000000,2058.38000000,13.74780000,1782773999999,28264.41753100,208
1782774000000,2061.26000000,2062.31000000,2057.64000000,2061.67000000,33.89920000,1782777599999,69870.77183100,242
1782777600000,2059.29000000,2093.49000000,2033.58000000,2048.75000000,105.22280000,1782781199999,216873.15069300,1550
1782781200000,2049.78000000,2070.91000000,2040.12000000,2067.50000000,10.24440000,1782784799999,21070.24848300,433
1782784800000,2065.18000000,2072.00000000,2053.06000000,2072.00000000,19.66170000,1782788399999,40694.82306700,602
1782788400000,2071.99000000,2088.67000000,2070.11000000,2080.41000000,65.95740000,1782791999999,136887.45006700,755
1782792000000,2080.41000000,2123.15000000,2080.15000000,2118.41000000,125.99370000,1782795599999,264876.04552500,1448
1782795600000,2118.68000000,2125.05000000,2102.43000000,2110.97000000,31.60870000,1782799199999,66814.84039200,510
1782799200000,2108.76000000,2110.42000000,2094.84000000,2102.83000000,12.45530000,1782802799999,26172.59284400,199
1782802800000,2099.67000000,2099.69000000,2086.15000000,2089.90000000,29.91900000,1782806399999,62734.22225900,217
1782806400000,2089.90000000,2106.76000000,2079.67000000,2093.36000000,31.50430000,1782809999999,65800.29000100,267
1782810000000,2096.32000000,2104.72000000,2092.62000000,2092.62000000,6.59380000,1782813599999,13831.21230900,89
1782813600000,2093.81000000,2114.00000000,2086.17000000,2104.52000000,40.63340000,1782817199999,85618.98027600,351
1782817200000,2102.81000000,2123.50000000,2094.03000000,2117.47000000,133.57770000,1782820799999,282102.03994200,919
1782820800000,2117.31000000,2119.58000000,2076.26000000,2082.90000000,122.91580000,1782824399999,258250.44638900,814
1782824400000,2084.21000000,2177.93000000,2070.68000000,2165.86000000,392.86120000,1782827999999,837180.23719000,4036
1782828000000,2166.28000000,2213.81000000,2129.33000000,2161.32000000,417.39990000,1782831599999,904917.34311700,3222
1782831600000,2162.87000000,2203.75000000,2162.87000000,2185.00000000,164.73390000,1782835199999,360764.46735900,2025
1782835200000,2183.79000000,2211.87000000,2183.75000000,2188.40000000,90.42380000,1782838799999,199023.09752300,1331
1782838800000,2187.50000000,2250.00000000,2186.25000000,2233.89000000,67.88780000,1782842399999,150688.52869000,1225
1782842400000,2233.89000000,2272.44000000,2228.78000000,2261.37000000,60.54300000,1782845999999,136325.50862800,1280
1782846000000,2260.62000000,2281.51000000,2242.56000000,2270.84000000,106.51910000,1782849599999,241334.27536000,1222
1782849600000,2270.84000000,2270.84000000,2230.61000000,2238.00000000,65.70510000,1782853199999,148114.74659900,834
1782853200000,2238.00000000,2245.07000000,2237.44000000,2239.23000000,1.92220000,1782856799999,4308.28080200,96
1782856800000,2239.88000000,2255.33000000,2233.85000000,2251.04000000,24.69820000,1782860399999,55391.68466800,432
1782860400000,2249.63000000,2262.08000000,2246.26000000,2251.57000000,25.63950000,1782863999999,57834.82284900,454
1782864000000,2249.61000000,2254.51000000,2219.80000000,2223.25000000,79.19440000,1782867599999,177191.34081100,914
1782867600000,2223.26000000,2224.19000000,2206.00000000,2209.44000000,148.79540000,1782871199999,329586.49263300,1659
1782871200000,2207.99000000,2212.74000000,2189.90000000,2208.65000000,80.76030000,1782874799999,177370.02500600,779
1782874800000,2206.59000000,2225.74000000,2206.00000000,2220.61000000,12.74390000,1782878399999,28230.77685200,203
1782878400000,2219.20000000,2226.82000000,2213.39000000,2215.99000000,6.94360000,1782881999999,15413.56948300,114
1782882000000,2215.21000000,2216.48000000,2208.84000000,2208.84000000,4.49450000,1782885599999,9941.95974300,82
1782885600000,2211.64000000,2211.64000000,2188.24000000,2193.88000000,7.42410000,1782889199999,16312.00726700,151
1782889200000,2196.67000000,2198.46000000,2181.65000000,2191.17000000,25.62860000,1782892799999,56226.16958100,251
1782892800000,2190.88000000,2190.88000000,2154.79000000,2184.59000000,33.89430000,1782896399999,73625.12827400,460
1782896400000,2186.04000000,2186.04000000,2170.46000000,2177.94000000,10.93850000,1782899999999,23794.98397000,233
1782900000000,2177.04000000,2193.19000000,2163.88000000,2191.12000000,46.67630000,1782903599999,101655.10830000,484
1782903600000,2191.12000000,2207.64000000,2184.52000000,2190.21000000,146.15450000,1782907199999,321138.86246900,807
1782907200000,2191.73000000,2192.99000000,2077.78000000,2088.24000000,871.71030000,1782910799999,1845038.36029600,3217
1782910800000,2090.39000000,2132.82000000,2065.22000000,2106.25000000,845.25780000,1782914399999,1774730.12744000,3635
1782914400000,2103.89000000,2112.43000000,2023.82000000,2034.00000000,344.97130000,1782917999999,716829.04006800,1874
1782918000000,2034.64000000,2082.99000000,2033.48000000,2063.29000000,176.68430000,1782921599999,363865.81468100,1515
1782921600000,2063.12000000,2076.14000000,2047.94000000,2054.52000000,79.26490000,1782925199999,163426.90170400,1097
1782925200000,2054.52000000,2059.92000000,2021.35000000,2023.40000000,297.88420000,1782928799999,608260.08061400,1247
1782928800000,2023.79000000,2043.33000000,2005.60000000,2016.24000000,583.41010000,1782932399999,1178093.81417400,1865
1782932400000,2014.80000000,2066.94000000,2013.58000000,2034.44000000,560.92600000,1782935999999,1144125.08157200,2871
1782936000000,2035.89000000,2047.22000000,2006.87000000,2040.90000000,428.41010000,1782939599999,867569.15280000,1893
1782939600000,2040.89000000,2053.11000000,2033.77000000,2050.01000000,84.53130000,1782943199999,172811.54799500,646
1782943200000,2049.16000000,2057.18000000,2042.33000000,2049.71000000,128.87120000,1782946799999,264222.79617700,1067
1782946800000,2050.49000000,2053.41000000,2013.40000000,2016.62000000,227.18140000,1782950399999,460751.67381000,1367
1782950400000,2016.49000000,2027.88000000,1985.68000000,2004.66000000,533.95970000,1782953999999,1071645.60348200,2909
1782954000000,2004.65000000,2049.04000000,2003.73000000,2045.77000000,244.67660000,1782957599999,496621.15208700,1693
1782957600000,2044.05000000,2059.73000000,2028.69000000,2035.30000000,95.33180000,1782961199999,194727.31453000,1073
1782961200000,2034.20000000,2035.76000000,2017.60000000,2020.56000000,134.38210000,1782964799999,272032.05318100,1548
1782964800000,2021.50000000,2025.14000000,2000.20000000,2011.81000000,169.68820000,1782968399999,340956.49081000,1718
1782968400000,2012.42000000,2020.56000000,1981.92000000,1982.00000000,231.18150000,1782971999999,461612.99749300,2853
1782972000000,1982.00000000,1985.26000000,1952.00000000,1959.97000000,388.20490000,1782975599999,764041.08215900,4241
1782975600000,1960.34000000,1970.38000000,1942.00000000,1965.13000000,423.41060000,1782979199999,826060.95735700,2353
1782979200000,1966.38000000,1992.72000000,1936.32000000,1992.67000000,173.09580000,1782982799999,338404.09506400,1676
1782982800000,1992.67000000,1992.67000000,1960.00000000,1963.02000000,113.56130000,1782986399999,224013.66221600,1560
1782986400000,1962.61000000,1973.37000000,1953.35000000,1971.74000000,92.69200000,1782989999999,181920.57478200,1111
1782990000000,1972.03000000,1999.34000000,1960.87000000,1994.75000000,85.03260000,1782993599999,168249.69527300,906
1782993600000,1995.89000000,2111.94000000,1991.20000000,2057.42000000,400.64880000,1782997199999,828539.56701900,3149
1782997200000,2056.52000000,2073.45000000,1982.85000000,1999.88000000,1385.46870000,1783000799999,2796967.19969500,11051
1783000800000,2001.84000000,2018.50000000,1829.91000000,1841.70000000,1040.90980000,1783004399999,1998852.85117500,5962
1783004400000,1841.94000000,1861.38000000,1786.60000000,1813.76000000,1950.76440000,1783007999999,3559929.36916400,6894
1783008000000,1812.87000000,1826.55000000,1749.27000000,1766.49000000,692.64040000,1783011599999,1235508.73530300,3912
1783011600000,1764.47000000,1785.46000000,1713.82000000,1714.77000000,463.24420000,1783015199999,809432.26858200,2385
1783015200000,1716.89000000,1760.00000000,1714.19000000,1740.42000000,199.40330000,1783018799999,346399.63058700,4457
1783018800000,1741.41000000,1752.35000000,1700.00000000,1744.36000000,340.36460000,1783022399999,586838.07240400,3356
1783022400000,1745.10000000,1784.89000000,1745.10000000,1754.32000000,269.49410000,1783025999999,475731.17686700,3760
1783026000000,1752.98000000,1771.99000000,1749.74000000,1766.01000000,49.47520000,1783029599999,87091.15409400,1250
1783029600000,1766.83000000,1779.96000000,1764.90000000,1774.40000000,74.22140000,1783033199999,131493.27004500,1368
1783033200000,1773.86000000,1779.88000000,1760.30000000,1766.73000000,56.42700000,1783036799999,99885.59531900,986
1783036800000,1766.06000000,1780.05000000,1750.87000000,1755.96000000,109.04570000,1783040399999,192601.88460800,4200
1783040400000,1755.95000000,1797.18000000,1753.57000000,1796.30000000,177.98190000,1783043999999,316318.87435800,3411
1783044000000,1795.41000000,1800.00000000,1782.45000000,1798.00000000,45.85070000,1783047599999,82171.24446600,818
1783047600000,1796.46000000,1811.34000000,1788.02000000,1806.77000000,59.27910000,1783051199999,106789.95402200,963
1783051200000,1806.52000000,1843.00000000,1804.69000000,1841.47000000,99.54250000,1783054799999,181560.61941300,1393
1783054800000,1841.44000000,1842.00000000,1806.86000000,1816.97000000,123.87910000,1783058399999,226470.00678200,1610
1783058400000,1816.98000000,1834.86000000,1816.97000000,1827.86000000,69.92180000,1783061999999,127839.50361100,808
1783062000000,1827.52000000,1831.55000000,1826.61000000,1829.36000000,119.17530000,1783065599999,217827.30217100,634
1783065600000,1830.89000000,1838.00000000,1829.99000000,1830.67000000,37.25770000,1783069199999,68274.41420900,443
1783069200000,1830.52000000,1840.00000000,1828.55000000,1835.72000000,67.64740000,1783072799999,124001.71895600,840
1783072800000,1836.80000000,1891.00000000,1836.80000000,1844.58000000,181.04400000,1783076399999,337210.62253700,1457
1783076400000,1844.57000000,1863.86000000,1844.56000000,1850.92000000,79.74740000,1783079999999,147887.42030000,1114
1783080000000,1852.60000000,1857.74000000,1834.36000000,1834.36000000,81.40910000,1783083599999,150265.13364500,680
1783083600000,1833.18000000,1838.96000000,1817.42000000,1837.04000000,216.56820000,1783087199999,396432.08262700,1297
1783087200000,1837.05000000,1837.68000000,1820.89000000,1830.48000000,109.04770000,1783090799999,199662.69596500,811
1783090800000,1829.94000000,1831.89000000,1823.66000000,1827.78000000,84.59810000,1783094399999,154722.28595600,934
1783094400000,1827.78000000,1827.78000000,1823.66000000,1826.64000000,37.30560000,1783097999999,68083.25859900,603
1783098000000,1826.03000000,1835.10000000,1825.97000000,1828.73000000,101.68090000,1783101599999,186202.61911600,1029
1783101600000,1829.78000000,1836.01000000,1829.78000000,1833.09000000,82.43540000,1783105199999,151296.79184700,797
1783105200000,1833.09000000,1836.01000000,1831.88000000,1832.40000000,50.08280000,1783108799999,91922.62017700,823
1783108800000,1831.89000000,1834.57000000,1827.77000000,1827.78000000,34.21080000,1783112399999,62627.14142300,716
1783112400000,1827.77000000,1831.89000000,1826.09000000,1830.91000000,20.69960000,1783115999999,37849.09331900,508
1783116000000,1828.15000000,1830.01000000,1823.95000000,1823.96000000,18.59450000,1783119599999,33978.42964500,470
1783119600000,1823.78000000,1829.42000000,1823.72000000,1827.78000000,17.01470000,1783123199999,31086.27178800,378
1783123200000,1827.77000000,1836.01000000,1825.89000000,1836.00000000,52.61120000,1783126799999,96299.60799100,874
1783126800000,1832.22000000,1836.01000000,1830.90000000,1836.00000000,35.05060000,1783130399999,64268.32016600,495
1783130400000,1836.00000000,1836.01000000,1833.29000000,1836.00000000,21.84470000,1783133999999,40104.00773300,524
1783134000000,1836.00000000,1840.12000000,1835.18000000,1836.19000000,46.03730000,1783137599999,84596.70482600,607
1783137600000,1836.13000000,1836.13000000,1831.88000000,1831.97000000,25.70250000,1783141199999,47151.79516500,488
1783141200000,1831.88000000,1837.87000000,1831.88000000,1836.00000000,14.52310000,1783144799999,26648.98883100,246
1783144800000,1836.92000000,1837.91000000,1835.54000000,1835.54000000,18.24640000,1783148399999,33501.84265600,197
1783148400000,1836.04000000,1836.68000000,1836.00000000,1836.00000000,6.79640000,1783151999999,12480.62254400,381
1783152000000,1836.19000000,1840.12000000,1836.00000000,1836.19000000,7.83330000,1783155599999,14393.41022400,487
1783155600000,1836.54000000,1837.77000000,1836.00000000,1837.75000000,3.24370000,1783159199999,5957.35570100,270
1783159200000,1837.77000000,1838.68000000,1836.00000000,1837.97000000,8.61150000,1783162799999,15815.65082300,138
1783162800000,1837.96000000,1838.67000000,1837.96000000,1837.99000000,2.43870000,1783166399999,4482.92238600,210
1783166400000,1838.00000000,1838.00000000,1835.00000000,1836.38000000,12.44520000,1783169999999,22848.51612500,246
1783170000000,1836.07000000,1837.44000000,1832.12000000,1832.92000000,12.90270000,1783173599999,23682.31215500,246
1783173600000,1832.88000000,1837.07000000,1831.88000000,1837.07000000,7.92090000,1783177199999,14534.32679000,426
1783177200000,1836.69000000,1840.00000000,1836.69000000,1839.13000000,1.62440000,1783180799999,2986.84727400,254
1783180800000,1838.94000000,1839.42000000,1836.75000000,1836.92000000,4.46950000,1783184399999,8213.85399000,240
1783184400000,1836.52000000,1839.42000000,1836.00000000,1837.73000000,12.04320000,1783187999999,22117.81773000,297
1783188000000,1836.71000000,1838.92000000,1836.00000000,1836.01000000,2.47470000,1783191599999,4545.26720400,163
1783191600000,1836.54000000,1839.42000000,1836.45000000,1839.40000000,4.09380000,1783195199999,7524.24078500,189
1783195200000,1839.42000000,1839.42000000,1839.32000000,1839.33000000,2.04780000,1783198799999,3766.68791800,119
1783198800000,1839.38000000,1839.42000000,1839.32000000,1839.40000000,1.30070000,1783202399999,2392.49477000,182
1783202400000,1839.36000000,1839.42000000,1839.32000000,1839.41000000,13.03990000,1783205999999,23985.58702900,193
1783206000000,1839.42000000,1839.42000000,1839.36000000,1839.41000000,3.98980000,1783209599999,7338.89551300,407
1783209600000,1839.41000000,1840.12000000,1839.32000000,1840.12000000,59.85030000,1783213199999,110127.49240800,1128
1783213200000,1840.12000000,1840.12000000,1840.10000000,1840.11000000,112.34390000,1783216799999,206725.98186800,1914
1783216800000,1840.11000000,1840.14000000,1836.00000000,1840.14000000,49.68630000,1783220399999,91369.91208200,2079
1783220400000,1840.14000000,1840.14000000,1836.35000000,1838.35000000,16.37830000,1783223999999,30122.96960700,757
1783224000000,1838.55000000,1841.03000000,1832.52000000,1841.02000000,75.15610000,1783227599999,138103.85344800,732
1783227600000,1841.01000000,1844.23000000,1840.17000000,1843.51000000,41.80330000,1783231199999,77038.93124200,638
1783231200000,1843.40000000,1852.45000000,1842.87000000,1848.71000000,82.90900000,1783234799999,153173.77297700,891
1783234800000,1848.71000000,1849.15000000,1846.31000000,1847.62000000,15.25520000,1783238399999,28191.17279600,160
1783238400000,1846.82000000,1848.13000000,1844.38000000,1844.38000000,36.21850000,1783241999999,66856.45088200,63
1783242000000,1844.39000000,1844.55000000,1840.26000000,1840.27000000,16.34990000,1783245599999,30143.26607300,43
1783245600000,1840.92000000,1846.75000000,1840.12000000,1846.75000000,17.19070000,1783249199999,31697.50649300,56
1783249200000,1846.75000000,1852.45000000,1846.56000000,1850.77000000,39.51190000,1783252799999,73101.97504500,472
1783252800000,1850.03000000,1856.57000000,1848.33000000,1856.57000000,45.72320000,1783256399999,84682.03213100,220
1783256400000,1856.57000000,1868.90000000,1856.57000000,1863.83000000,131.27620000,1783259999999,244775.86204200,1693
1783260000000,1863.82000000,1865.19000000,1856.56000000,1860.67000000,61.03650000,1783263599999,113546.91333200,493
1783263600000,1860.68000000,1866.87000000,1860.67000000,1864.78000000,70.22680000,1783267199999,130936.49722500,1037
1783267200000,1864.78000000,1867.00000000,1864.78000000,1866.22000000,3.47650000,1783270799999,6486.11873100,156
1783270800000,1866.08000000,1868.90000000,1866.08000000,1868.86000000,3.17450000,1783274399999,5928.22350500,175
1783274400000,1868.85000000,1873.01000000,1868.50000000,1872.87000000,53.84680000,1783277999999,100650.87817300,266
1783278000000,1872.03000000,1873.00000000,1869.67000000,1869.67000000,4.56130000,1783281599999,8540.14723800,87
1783281600000,1869.84000000,1872.56000000,1869.82000000,1870.84000000,6.79810000,1783285199999,12713.07010200,61
1783285200000,1871.88000000,1873.01000000,1864.78000000,1864.83000000,24.79690000,1783288799999,46389.39738200,149
1783288800000,1870.33000000,1878.07000000,1867.06000000,1867.06000000,94.20530000,1783292399999,176448.90341400,400
1783292400000,1866.02000000,1875.57000000,1860.86000000,1865.09000000,64.86480000,1783295999999,121218.36727300,436
1783296000000,1864.85000000,1929.54000000,1864.78000000,1895.72000000,1086.89560000,1783299599999,2062613.00646600,7372
1783299600000,1895.09000000,1895.09000000,1825.01000000,1848.34000000,644.09350000,1783303199999,1200556.35776900,4070
1783303200000,1848.34000000,1855.00000000,1785.00000000,1823.77000000,484.99350000,1783306799999,884583.72759300,3774
1783306800000,1823.69000000,1841.35000000,1819.55000000,1840.78000000,146.35980000,1783310399999,268230.50957000,805
1783310400000,1838.58000000,1858.49000000,1828.04000000,1856.19000000,126.12040000,1783313999999,232735.36342800,743
1783314000000,1852.45000000,1852.88000000,1839.30000000,1848.33000000,67.07990000,1783317599999,123840.61564100,640
1783317600000,1848.34000000,1852.84000000,1842.98000000,1848.53000000,32.51440000,1783321199999,60102.80654000,297
1783321200000,1851.06000000,1852.45000000,1840.55000000,1844.27000000,33.64600000,1783324799999,62179.66398400,897
1783324800000,1844.22000000,1856.57000000,1834.72000000,1840.41000000,180.30850000,1783328399999,332504.29216700,1920
1783328400000,1840.11000000,1841.97000000,1808.14000000,1822.00000000,216.89940000,1783331999999,395533.18572000,2723
1783332000000,1822.00000000,1823.67000000,1810.89000000,1819.15000000,190.38330000,1783335599999,345751.20326600,3256
1783335600000,1819.49000000,1842.23000000,1793.51000000,1834.37000000,259.77710000,1783339199999,472092.23595900,3475
1783339200000,1834.37000000,1849.10000000,1833.15000000,1847.73000000,173.64600000,1783342799999,319782.08788900,2682
1783342800000,1848.17000000,1848.17000000,1760.00000000,1792.92000000,931.62700000,1783346399999,1679842.04900100,8014
1783346400000,1792.92000000,1840.81000000,1789.94000000,1823.33000000,371.47910000,1783349999999,675169.56541600,3434
1783350000000,1822.08000000,1824.42000000,1785.55000000,1819.53000000,265.18700000,1783353599999,480427.02413000,1866
1783353600000,1819.55000000,1826.60000000,1764.66000000,1764.90000000,201.10130000,1783357199999,361232.89668600,2353
1783357200000,1765.03000000,1772.20000000,1721.00000000,1726.95000000,571.15950000,1783360799999,994704.76725900,4769
1783360800000,1728.54000000,1750.42000000,1724.59000000,1724.59000000,193.08120000,1783364399999,335593.26601800,2614
1783364400000,1727.55000000,1755.70000000,1726.30000000,1748.03000000,175.69970000,1783367999999,306200.17694700,2733
1783368000000,1747.92000000,1751.10000000,1740.00000000,1748.07000000,272.43940000,1783371599999,475585.29740900,2801
1783371600000,1747.58000000,1753.51000000,1745.70000000,1750.56000000,123.62580000,1783375199999,216414.71464700,1386
1783375200000,1750.57000000,1753.59000000,1695.56000000,1707.50000000,544.78590000,1783378799999,939569.27618600,4455
1783378800000,1706.03000000,1732.16000000,1684.99000000,1692.56000000,1203.02660000,1783382399999,2050399.24249600,6549
1783382400000,1692.57000000,1723.61000000,1665.56000000,1673.62000000,1228.49700000,1783385999999,2072397.84847300,7670
1783386000000,1675.79000000,1696.35000000,1655.40000000,1682.77000000,1070.52960000,1783389599999,1789737.34547400,6498
1783389600000,1683.00000000,1688.35000000,1666.88000000,1673.08000000,435.22000000,1783393199999,729400.09857100,2637
1783393200000,1673.29000000,1685.85000000,1640.65000000,1654.11000000,529.31210000,1783396799999,878025.25507700,4237
1783396800000,1654.11000000,1662.42000000,1638.44000000,1643.70000000,989.21190000,1783400399999,1629562.79914900,10835
1783400400000,1642.07000000,1678.59000000,1623.66000000,1668.45000000,1138.15590000,1783403999999,1868340.36109800,12665
1783404000000,1669.07000000,1689.48000000,1654.40000000,1686.30000000,420.18040000,1783407599999,700930.71362700,3422
1783407600000,1684.57000000,1688.82000000,1672.70000000,1673.63000000,351.33580000,1783411199999,589325.99715900,4488
1783411200000,1673.63000000,1680.79000000,1653.00000000,1653.05000000,1568.03070000,1783414799999,2609416.07025200,13508
1783414800000,1653.64000000,1658.71000000,1629.26000000,1639.91000000,1741.91870000,1783418399999,2860199.18578600,14346
1783418400000,1639.53000000,1656.20000000,1636.47000000,1655.50000000,1095.13930000,1783421999999,1800765.37456200,9196
1783422000000,1655.50000000,1660.82000000,1642.25000000,1655.13000000,518.08900000,1783425599999,854381.02071800,4096
1783425600000,1655.13000000,1684.85000000,1648.98000000,1652.59000000,630.75180000,1783429199999,1051026.50283400,5293
1783429200000,1654.40000000,1655.07000000,1576.00000000,1584.25000000,1569.85240000,1783432799999,2534717.77942800,9888
1783432800000,1583.86000000,1594.25000000,1491.40000000,1550.19000000,3219.20670000,1783436399999,4940141.40324000,11470
1783436400000,1552.07000000,1586.10000000,1536.90000000,1570.45000000,1226.54910000,1783439999999,1916544.86996200,7237
1783440000000,1570.14000000,1610.32000000,1566.90000000,1600.99000000,912.34610000,1783443599999,1455505.21635600,4832
1783443600000,1600.13000000,1623.48000000,1594.58000000,1614.15000000,441.15310000,1783447199999,709343.40840700,2770
1783447200000,1614.69000000,1619.02000000,1568.86000000,1568.86000000,194.41360000,1783450799999,310271.01196200,1768
1783450800000,1570.01000000,1625.48000000,1558.39000000,1623.49000000,446.63480000,1783454399999,707268.43126700,7878
1783454400000,1622.01000000,1646.25000000,1620.85000000,1637.28000000,261.24660000,1783457999999,425945.15533200,3794
1783458000000,1637.28000000,1652.50000000,1611.15000000,1611.15000000,341.83450000,1783461599999,557785.11165100,4363
1783461600000,1610.36000000,1616.82000000,1600.40000000,1611.79000000,193.66200000,1783465199999,311691.73211900,2532
1783465200000,1611.61000000,1611.61000000,1575.50000000,1582.58000000,345.64480000,1783468799999,547911.50718400,2232
1783468800000,1582.60000000,1716.00000000,1565.70000000,1708.10000000,958.15250000,1783472399999,1575608.96375500,8177
1783472400000,1707.61000000,1707.61000000,1639.06000000,1656.74000000,668.92580000,1783475999999,1113613.20829000,5887
1783476000000,1655.03000000,1666.46000000,1634.24000000,1658.45000000,845.88560000,1783479599999,1394193.47721500,10419
1783479600000,1659.75000000,1684.67000000,1656.80000000,1656.80000000,191.56470000,1783483199999,319724.86121100,2060
1783483200000,1656.30000000,1660.49000000,1602.35000000,1629.21000000,528.95680000,1783486799999,859031.08435900,4009
1783486800000,1629.99000000,1639.59000000,1592.00000000,1607.73000000,746.25090000,1783490399999,1197179.45590200,12407
1783490400000,1608.20000000,1609.31000000,1551.00000000,1565.61000000,1540.58370000,1783493999999,2427131.65001100,16389
1783494000000,1566.26000000,1591.06000000,1561.13000000,1585.49000000,637.37030000,1783497599999,1003378.64380000,5979
1783497600000,1586.00000000,1588.18000000,1505.26000000,1527.04000000,2027.98440000,1783501199999,3113358.93889800,12396
1783501200000,1527.84000000,1531.53000000,1496.34000000,1522.04000000,742.55410000,1783504799999,1127361.19795000,4806
1783504800000,1520.90000000,1557.71000000,1518.85000000,1537.18000000,786.73890000,1783508399999,1213962.29079700,3823
1783508400000,1537.52000000,1549.01000000,1517.64000000,1540.63000000,902.34190000,1783511999999,1382808.02812300,4130
1783512000000,1540.82000000,1589.65000000,1536.68000000,1569.04000000,395.16280000,1783515599999,617441.73261900,1583
1783515600000,1571.21000000,1700.41000000,1566.68000000,1686.54000000,1290.55780000,1783519199999,2120451.36401800,13606
1783519200000,1686.78000000,1710.57000000,1637.96000000,1657.98000000,894.29450000,1783522799999,1504165.46369500,9191
1783522800000,1657.98000000,1666.50000000,1595.95000000,1608.11000000,681.66910000,1783526399999,1110391.98360000,6906
1783526400000,1608.45000000,1650.41000000,1608.45000000,1641.91000000,294.65460000,1783529999999,481613.49144200,2795
1783530000000,1641.95000000,1677.31000000,1636.81000000,1665.35000000,243.61550000,1783533599999,404091.08497700,2127
1783533600000,1665.76000000,1686.72000000,1663.46000000,1676.16000000,73.68750000,1783537199999,123558.49227200,1160
1783537200000,1677.12000000,1737.12000000,1668.83000000,1729.47000000,519.37520000,1783540799999,881601.85464300,3640
1783540800000,1729.96000000,1742.00000000,1697.32000000,1701.81000000,285.13420000,1783544399999,491109.04886300,2163
1783544400000,1700.47000000,1721.74000000,1700.47000000,1716.06000000,17.45000000,1783547999999,29904.36756700,312
1783548000000,1715.34000000,1719.33000000,1710.40000000,1719.00000000,51.93660000,1783551599999,89067.48334500,730
1783551600000,1719.00000000,1747.48000000,1715.35000000,1746.52000000,133.93660000,1783555199999,230948.56714300,2064
1783555200000,1744.19000000,1769.17000000,1721.99000000,1725.03000000,291.44000000,1783558799999,508576.52516900,2752
1783558800000,1722.93000000,1741.52000000,1691.22000000,1693.61000000,155.80940000,1783562399999,267566.24705300,3190
1783562400000,1696.08000000,1716.85000000,1672.99000000,1673.65000000,153.05530000,1783565999999,258348.14748300,2452
1783566000000,1674.76000000,1701.12000000,1659.76000000,1693.46000000,323.35690000,1783569599999,542042.40483500,6362
1783569600000,1693.79000000,1697.88000000,1677.37000000,1690.17000000,103.62290000,1783573199999,174701.77808400,1362
1783573200000,1689.01000000,1712.72000000,1675.18000000,1712.62000000,114.62400000,1783576799999,193953.77468300,1411
1783576800000,1713.22000000,1750.37000000,1703.01000000,1738.64000000,161.23600000,1783580399999,280217.00347900,2578
1783580400000,1737.43000000,1769.15000000,1737.43000000,1764.02000000,285.06320000,1783583999999,501445.25463300,3555
1783584000000,1763.65000000,1797.00000000,1757.57000000,1764.17000000,352.43110000,1783587599999,626228.00474300,4283
1783587600000,1765.72000000,1787.00000000,1744.79000000,1772.16000000,411.41140000,1783591199999,727050.03686000,9107
1783591200000,1773.11000000,1782.34000000,1760.22000000,1764.68000000,464.57000000,1783594799999,821158.06923300,4312
1783594800000,1765.85000000,1820.00000000,1765.85000000,1807.08000000,688.13310000,1783598399999,1234354.85187500,3767
1783598400000,1807.47000000,1841.80000000,1802.67000000,1821.57000000,500.86120000,1783601999999,913080.37131500,4155
1783602000000,1821.61000000,1857.31000000,1802.68000000,1843.63000000,761.74920000,1783605599999,1392756.63134000,7200
1783605600000,1844.97000000,1869.00000000,1813.10000000,1863.95000000,804.66280000,1783609199999,1489180.57615000,7047
1783609200000,1864.61000000,1892.68000000,1864.61000000,1871.07000000,344.11480000,1783612799999,646677.60386300,4138
1783612800000,1873.37000000,1888.75000000,1870.76000000,1876.87000000,251.32430000,1783616399999,471693.90323300,2661
1783616400000,1875.75000000,1938.79000000,1875.75000000,1935.52000000,247.52160000,1783619999999,473855.23316900,1869
1783620000000,1936.76000000,1949.46000000,1908.60000000,1913.74000000,199.13730000,1783623599999,384761.18665100,1835
1783623600000,1912.96000000,1912.96000000,1852.94000000,1860.15000000,240.83580000,1783627199999,452985.49998000,2190
1783627200000,1859.99000000,1864.54000000,1835.96000000,1853.26000000,180.82180000,1783630799999,334530.49021900,2104
1783630800000,1853.27000000,1875.89000000,1853.27000000,1867.54000000,45.90760000,1783634399999,85712.60952900,1035
1783634400000,1865.95000000,1885.10000000,1864.84000000,1881.21000000,41.31620000,1783637999999,77227.87739300,456
1783638000000,1882.60000000,1897.31000000,1875.89000000,1889.95000000,56.35210000,1783641599999,106388.68657100,912
1783641600000,1889.06000000,1890.54000000,1840.00000000,1877.20000000,327.44170000,1783645199999,606533.79846000,5415
1783645200000,1875.63000000,1892.59000000,1860.09000000,1879.49000000,91.08020000,1783648799999,171050.65894400,1651
1783648800000,1877.79000000,1886.25000000,1865.49000000,1886.25000000,125.41120000,1783652399999,235474.71491900,1946
1783652400000,1886.31000000,1886.31000000,1867.42000000,1874.26000000,48.36990000,1783655999999,90720.67210900,1027
1783656000000,1875.21000000,1882.52000000,1857.05000000,1857.99000000,35.06260000,1783659599999,65617.92986800,1329
1783659600000,1858.52000000,1861.85000000,1820.48000000,1830.81000000,160.98100000,1783663199999,295795.07357000,4021
1783663200000,1830.15000000,1831.78000000,1799.00000000,1818.11000000,533.14410000,1783666799999,965897.73437600,8638
1783666800000,1818.11000000,1819.33000000,1797.18000000,1813.56000000,133.38160000,1783670399999,241335.16357000,2825
1783670400000,1814.47000000,1823.04000000,1771.92000000,1788.44000000,389.54450000,1783673999999,696424.61700500,7891
1783674000000,1788.23000000,1828.80000000,1776.28000000,1819.65000000,194.08240000,1783677599999,350135.54738800,2798
1783677600000,1818.14000000,1821.69000000,1800.67000000,1814.58000000,213.48980000,1783681199999,386733.32747200,3130
1783681200000,1814.47000000,1841.71000000,1810.89000000,1814.04000000,169.00530000,1783684799999,308700.68614200,2712
1783684800000,1814.04000000,1827.24000000,1785.89000000,1787.19000000,1366.74210000,1783688399999,2480203.38748300,18636
1783688400000,1785.90000000,1855.00000000,1770.15000000,1843.25000000,436.96950000,1783691999999,789715.32607800,5297
1783692000000,1843.80000000,1886.72000000,1834.35000000,1846.45000000,730.22360000,1783695599999,1359682.85316100,7415
1783695600000,1847.68000000,1912.95000000,1843.56000000,1870.71000000,466.80070000,1783699199999,878580.04534900,4079
1783699200000,1873.14000000,1924.29000000,1873.14000000,1907.87000000,1141.45160000,1783702799999,2175827.17987600,10215
1783702800000,1909.80000000,1941.87000000,1900.24000000,1925.52000000,2304.92870000,1783706399999,4451369.50700400,24459
1783706400000,1926.10000000,1941.38000000,1910.25000000,1919.12000000,818.03740000,1783709999999,1576043.87552700,7636
1783710000000,1919.12000000,1935.00000000,1894.48000000,1913.72000000,225.50550000,1783713599999,432535.39670900,2509
1783713600000,1913.33000000,1930.12000000,1909.22000000,1926.27000000,493.94580000,1783717199999,947669.31031900,4286
1783717200000,1926.27000000,1928.07000000,1920.23000000,1920.23000000,365.96310000,1783720799999,705343.19672600,6637
1783720800000,1920.24000000,1923.00000000,1914.04000000,1920.19000000,40.69990000,1783724399999,78109.54908500,896
1783724400000,1918.82000000,1931.82000000,1909.04000000,1930.96000000,169.57570000,1783727999999,324609.16017400,1255
1783728000000,1930.96000000,1931.71000000,1911.33000000,1912.50000000,84.86310000,1783731599999,163296.73793300,1153
1783731600000,1912.32000000,1918.13000000,1908.09000000,1917.17000000,100.12140000,1783735199999,191517.42380400,1588
1783735200000,1917.37000000,1927.65000000,1915.00000000,1920.43000000,54.06350000,1783738799999,103933.02159300,1184
1783738800000,1920.67000000,1926.92000000,1919.92000000,1921.33000000,23.42150000,1783742399999,45038.66154300,374
1783742400000,1921.47000000,1925.20000000,1916.24000000,1922.18000000,39.91550000,1783745999999,76660.57542500,554
1783746000000,1922.32000000,1924.38000000,1918.45000000,1921.83000000,24.84820000,1783749599999,47746.75855500,428
1783749600000,1922.18000000,1925.85000000,1920.02000000,1923.90000000,34.32320000,1783753199999,66001.15413600,486
1783753200000,1924.58000000,1925.32000000,1921.29000000,1924.01000000,15.13790000,1783756799999,29117.97810500,272
1783756800000,1923.85000000,1925.73000000,1922.58000000,1925.37000000,24.90520000,1783760399999,47932.60170100,345
1783760400000,1924.82000000,1985.00000000,1923.62000000,1942.41000000,297.72460000,1783763999999,582016.44501400,3065
1783764000000,1942.15000000,1947.30000000,1934.04000000,1943.86000000,56.28740000,1783767599999,109334.43016800,864
1783767600000,1942.43000000,1944.95000000,1935.99000000,1940.74000000,44.04890000,1783771199999,85487.14135000,754
1783771200000,1940.86000000,1947.12000000,1937.56000000,1939.86000000,128.97450000,1783774799999,250227.46162100,2360
1783774800000,1939.85000000,1942.69000000,1935.99000000,1940.86000000,28.38650000,1783778399999,55034.57978300,480
1783778400000,1939.56000000,1947.36000000,1936.01000000,1942.70000000,71.97430000,1783781999999,139703.87455700,1227
1783782000000,1943.25000000,1947.88000000,1937.22000000,1941.84000000,46.24510000,1783785599999,89805.84719900,751
1783785600000,1941.07000000,1947.09000000,1939.90000000,1944.40000000,32.18190000,1783789199999,62546.81656900,538
1783789200000,1944.43000000,1965.00000000,1943.62000000,1956.13000000,108.39240000,1783792799999,212051.91427300,2533
1783792800000,1957.28000000,1961.67000000,1954.27000000,1961.36000000,29.43010000,1783796399999,57580.55904400,529
1783796400000,1961.17000000,1972.90000000,1959.69000000,1964.11000000,59.62410000,1783799999999,117193.58035700,1702
1783800000000,1963.83000000,1963.83000000,1947.88000000,1953.19000000,64.58980000,1783803599999,126356.54263200,1094
1783803600000,1953.56000000,1959.40000000,1949.72000000,1952.61000000,15.19150000,1783807199999,29690.21846600,327
1783807200000,1952.83000000,1957.26000000,1942.70000000,1947.16000000,24.50670000,1783810799999,47789.30175200,526
1783810800000,1947.96000000,1950.09000000,1938.03000000,1942.37000000,33.57330000,1783814399999,65304.43128900,598
1783814400000,1941.37000000,1947.98000000,1939.78000000,1941.55000000,31.08550000,1783817999999,60431.76017500,729
1783818000000,1941.24000000,1945.21000000,1938.48000000,1944.52000000,23.39580000,1783821599999,45413.83927000,465
1783821600000,1944.52000000,1949.11000000,1942.32000000,1944.38000000,42.09380000,1783825199999,81860.34894400,801
1783825200000,1943.98000000,1951.86000000,1943.78000000,1950.75000000,38.50710000,1783828799999,75019.13453600,807
1783828800000,1951.72000000,1954.59000000,1948.50000000,1950.59000000,41.44310000,1783832399999,80845.14090800,885
1783832400000,1951.41000000,1953.03000000,1949.21000000,1949.79000000,26.57020000,1783835999999,51847.67138900,486
1783836000000,1949.64000000,1950.15000000,1940.25000000,1943.90000000,48.86310000,1783839599999,94995.13345400,775
1783839600000,1943.57000000,1949.13000000,1941.11000000,1946.46000000,27.97900000,1783843199999,54408.75063300,584
1783843200000,1945.83000000,1949.80000000,1945.83000000,1949.27000000,27.39060000,1783846799999,53349.41405300,535
1783846800000,1948.08000000,1948.91000000,1942.59000000,1945.98000000,44.56650000,1783850399999,86692.77199000,545
1783850400000,1946.07000000,1947.80000000,1941.99000000,1943.65000000,34.71060000,1783853999999,67492.18055800,682
1783854000000,1944.70000000,1953.46000000,1944.27000000,1953.19000000,71.66270000,1783857599999,139789.27244000,1337
1783857600000,1953.16000000,1953.53000000,1948.70000000,1949.20000000,32.66530000,1783861199999,63721.49262800,611
1783861200000,1949.68000000,1951.93000000,1947.99000000,1950.98000000,45.92140000,1783864799999,89532.39398600,605
1783864800000,1950.16000000,1951.97000000,1946.97000000,1950.10000000,37.23470000,1783868399999,72578.39835900,575
1783868400000,1949.59000000,1951.52000000,1947.08000000,1950.63000000,15.79190000,1783871999999,30784.57566400,311
1783872000000,1951.15000000,1955.66000000,1950.61000000,1954.18000000,20.40790000,1783875599999,39855.82677800,555
1783875600000,1953.89000000,1954.75000000,1947.00000000,1947.00000000,16.86480000,1783879199999,32908.14146500,311
1783879200000,1947.00000000,1952.83000000,1941.10000000,1950.50000000,27.64620000,1783882799999,53799.09403700,600
1783882800000,1950.73000000,1955.49000000,1950.50000000,1953.08000000,14.47810000,1783886399999,28279.65260700,378
1783886400000,1953.43000000,1962.27000000,1951.65000000,1957.46000000,20.03760000,1783889999999,39231.90189400,876
1783890000000,1957.40000000,1968.48000000,1955.63000000,1959.38000000,24.78730000,1783893599999,48601.52359000,675
1783893600000,1959.16000000,1963.30000000,1925.87000000,1937.34000000,123.83780000,1783897199999,240216.06430800,8766
1783897200000,1937.33000000,1946.41000000,1920.62000000,1923.96000000,102.86730000,1783900799999,198362.05947800,902
1783900800000,1924.70000000,1927.35000000,1854.17000000,1859.45000000,1454.24740000,1783904399999,2770185.78536100,10689
1783904400000,1860.92000000,1875.36000000,1829.00000000,1833.54000000,2298.14820000,1783907999999,4247354.12143600,63708
1783908000000,1833.94000000,1842.52000000,1816.76000000,1816.94000000,644.83030000,1783911599999,1178450.00427800,9477
1783911600000,1816.95000000,1823.18000000,1803.15000000,1811.18000000,426.11370000,1783915199999,772628.63375200,4833
1783915200000,1812.26000000,1818.03000000,1791.40000000,1802.18000000,531.80840000,1783918799999,960269.51949800,4259
1783918800000,1802.00000000,1824.16000000,1791.71000000,1813.55000000,366.32730000,1783922399999,662858.27452200,3709
1783922400000,1815.39000000,1819.35000000,1780.01000000,1788.25000000,471.91010000,1783925999999,847773.40591800,3631
1783926000000,1786.97000000,1793.76000000,1776.82000000,1777.42000000,331.78140000,1783929599999,592626.99643000,2874
1783929600000,1779.18000000,1792.90000000,1764.39000000,1788.57000000,455.94270000,1783933199999,812331.80533700,3620
1783933200000,1788.55000000,1798.79000000,1785.32000000,1797.26000000,381.21790000,1783936799999,683383.68247400,2828
1783936800000,1797.25000000,1798.67000000,1779.81000000,1788.66000000,393.74490000,1783940399999,703995.77062300,6394
1783940400000,1789.40000000,1833.84000000,1789.40000000,1819.81000000,854.07990000,1783943999999,1550925.81728800,19460
1783944000000,1820.62000000,1822.43000000,1786.44000000,1804.92000000,532.89700000,1783947599999,961356.79450600,4599
1783947600000,1804.98000000,1816.90000000,1705.00000000,1737.12000000,620.76150000,1783951199999,1096843.96445500,4753
1783951200000,1739.36000000,1779.76000000,1733.76000000,1769.08000000,778.97030000,1783954799999,1366881.72387600,5136
1783954800000,1771.56000000,1780.00000000,1709.00000000,1713.71000000,296.74760000,1783958399999,516677.24792300,1360
1783958400000,1713.74000000,1724.20000000,1664.62000000,1703.67000000,456.05280000,1783961999999,769410.02577500,2408
1783962000000,1703.65000000,1710.32000000,1670.00000000,1677.25000000,172.43850000,1783965599999,292518.26651500,978
1783965600000,1679.39000000,1691.68000000,1660.39000000,1665.09000000,149.82340000,1783969199999,250830.69143400,1539
1783969200000,1664.85000000,1700.19000000,1649.42000000,1672.62000000,228.11700000,1783972799999,381165.89019700,1715
1783972800000,1675.72000000,1677.39000000,1645.08000000,1658.64000000,148.68690000,1783976399999,246865.12638700,1415
1783976400000,1658.64000000,1666.79000000,1652.30000000,1662.84000000,55.96930000,1783979999999,92875.27294700,1930
1783980000000,1664.26000000,1669.98000000,1652.92000000,1652.96000000,32.00480000,1783983599999,53208.66627600,529
1783983600000,1652.95000000,1652.95000000,1617.82000000,1636.64000000,246.49280000,1783987199999,402800.56116100,2872
1783987200000,1638.17000000,1710.77000000,1628.76000000,1701.50000000,353.08760000,1783990799999,589263.06352600,4705
1783990800000,1701.99000000,1711.00000000,1670.27000000,1677.21000000,79.52930000,1783994399999,134407.59144300,1436
1783994400000,1677.07000000,1678.78000000,1639.00000000,1651.46000000,175.97460000,1783997999999,291190.72850600,1969
1783998000000,1648.55000000,1662.00000000,1619.49000000,1658.55000000,165.82150000,1784001599999,271764.30013300,1828
1784001600000,1659.99000000,1696.29000000,1648.60000000,1690.44000000,150.16760000,1784005199999,251158.77435900,1624
1784005200000,1690.02000000,1738.00000000,1685.21000000,1722.00000000,492.29150000,1784008799999,845864.92282000,5707
1784008800000,1722.00000000,1741.29000000,1721.00000000,1731.09000000,228.87180000,1784012399999,396293.54948900,2589
1784012400000,1728.08000000,1746.03000000,1724.45000000,1732.00000000,88.93730000,1784015999999,154142.22716400,662
1784016000000,1732.00000000,1783.41000000,1732.00000000,1763.78000000,663.72550000,1784019599999,1174044.27726100,4170
1784019600000,1763.78000000,1783.43000000,1751.68000000,1760.10000000,447.50660000,1784023199999,792206.53470500,3258
1784023200000,1758.18000000,1770.23000000,1750.76000000,1762.00000000,52.69440000,1784026799999,92800.40397100,609
1784026800000,1761.24000000,1764.37000000,1740.37000000,1750.22000000,186.82310000,1784030399999,327099.89132100,1768
1784030400000,1750.14000000,1813.41000000,1734.02000000,1785.00000000,1409.81360000,1784033999999,2518919.83471200,17436
1784034000000,1786.79000000,1817.14000000,1763.20000000,1774.29000000,817.64950000,1784037599999,1467548.54106500,7455
1784037600000,1773.84000000,1779.31000000,1715.14000000,1736.97000000,407.37510000,1784041199999,710021.36147700,3047
1784041200000,1735.82000000,1783.51000000,1735.82000000,1765.02000000,440.03830000,1784044799999,779235.36595400,2892
1784044800000,1766.16000000,1786.75000000,1740.48000000,1775.43000000,239.15350000,1784048399999,420444.69168400,2586
1784048400000,1775.04000000,1785.00000000,1764.28000000,1785.00000000,157.55460000,1784051999999,279423.12682400,876
1784052000000,1785.02000000,1790.76000000,1764.29000000,1766.68000000,128.57670000,1784055599999,228615.00368700,802
1784055600000,1765.03000000,1775.50000000,1750.57000000,1761.87000000,102.91880000,1784059199999,181078.81151200,674
1784059200000,1759.80000000,1767.60000000,1749.65000000,1750.67000000,75.45180000,1784062799999,132840.44515900,741
1784062800000,1749.46000000,1750.45000000,1740.10000000,1740.23000000,28.55620000,1784066399999,49859.56979400,595
1784066400000,1741.68000000,1750.76000000,1740.10000000,1748.44000000,34.03150000,1784069999999,59329.87163600,339
1784070000000,1747.98000000,1771.83000000,1747.98000000,1770.47000000,27.22680000,1784073599999,48041.08731900,1377
1784073600000,1768.64000000,1806.19000000,1759.62000000,1796.15000000,196.89340000,1784077199999,352031.53788200,2688
1784077200000,1793.07000000,1793.07000000,1766.84000000,1782.85000000,95.90450000,1784080799999,170592.89718700,981
1784080800000,1784.74000000,1795.22000000,1781.02000000,1781.28000000,70.76160000,1784084399999,126564.84219000,1275
1784084400000,1782.69000000,1799.83000000,1780.95000000,1797.21000000,95.26940000,1784087999999,170584.06255800,1545
1784088000000,1798.56000000,1798.56000000,1787.26000000,1797.03000000,54.97690000,1784091599999,98675.02217900,1115
1784091600000,1797.10000000,1805.84000000,1781.68000000,1791.84000000,118.59450000,1784095199999,212114.77179800,1650
1784095200000,1792.25000000,1796.22000000,1774.09000000,1776.26000000,88.05580000,1784098799999,157331.70099100,1692
1784098800000,1777.54000000,1783.10000000,1764.77000000,1777.01000000,52.56750000,1784102399999,93315.64874000,768
1784102400000,1777.83000000,1777.83000000,1720.18000000,1730.18000000,328.15780000,1784105999999,569293.33140800,3563
1784106000000,1730.18000000,1737.01000000,1721.42000000,1727.21000000,46.41120000,1784109599999,80365.52037400,523
1784109600000,1725.49000000,1728.48000000,1706.56000000,1726.20000000,251.38990000,1784113199999,431551.79814100,2579
1784113200000,1726.69000000,1731.57000000,1716.07000000,1723.77000000,138.62780000,1784116799999,239379.50568400,1112
1784116800000,1722.22000000,1730.76000000,1707.09000000,1722.04000000,251.84360000,1784120399999,433315.49047800,2348
1784120400000,1722.36000000,1730.90000000,1643.01000000,1662.54000000,1303.36360000,1784123999999,2184739.16471200,10473
1784124000000,1663.85000000,1667.65000000,1507.28000000,1542.93000000,2544.18870000,1784127599999,3988335.36956100,14533
1784127600000,1544.33000000,1563.44000000,1530.54000000,1547.44000000,529.86200000,1784131199999,818849.06451500,2386
1784131200000,1546.38000000,1549.27000000,1483.40000000,1539.45000000,1683.53000000,1784134799999,2542582.72858200,7010
1784134800000,1539.30000000,1623.00000000,1538.46000000,1612.14000000,636.58360000,1784138399999,1006861.02253000,2234
1784138400000,1613.79000000,1652.02000000,1594.77000000,1606.95000000,380.81280000,1784141999999,618539.18656100,3404
1784142000000,1607.11000000,1655.81000000,1606.75000000,1615.00000000,243.78660000,1784145599999,398287.68417700,2035
1784145600000,1616.11000000,1627.83000000,1605.77000000,1616.65000000,176.05330000,1784149199999,283946.09941900,1061
1784149200000,1614.49000000,1616.00000000,1601.48000000,1606.05000000,74.79890000,1784152799999,120296.53586000,1197
1784152800000,1606.96000000,1613.58000000,1571.95000000,1584.94000000,86.02190000,1784156399999,136299.92497000,1255
1784156400000,1584.43000000,1598.59000000,1580.00000000,1581.44000000,74.45280000,1784159999999,118121.76544500,1060
1784160000000,1582.06000000,1606.55000000,1556.11000000,1561.84000000,323.20030000,1784163599999,509485.79553400,5366
1784163600000,1563.55000000,1586.96000000,1560.19000000,1573.65000000,430.14590000,1784167199999,674297.73986000,4743
1784167200000,1575.30000000,1587.65000000,1566.33000000,1585.35000000,90.83340000,1784170799999,143463.00984600,1595
1784170800000,1585.04000000,1595.63000000,1575.93000000,1590.65000000,133.50470000,1784174399999,211595.26809400,2087
1784174400000,1590.69000000,1591.52000000,1577.93000000,1579.52000000,19.65090000,1784177999999,31112.06448000,482
1784178000000,1580.78000000,1614.82000000,1578.43000000,1595.47000000,211.86430000,1784181599999,338465.85841200,2753
1784181600000,1596.80000000,1600.93000000,1571.26000000,1578.00000000,143.75470000,1784185199999,227951.78000500,2277
1784185200000,1576.58000000,1577.16000000,1542.87000000,1550.10000000,256.27610000,1784188799999,397870.57850000,2437
1784188800000,1551.30000000,1551.64000000,1507.43000000,1529.85000000,688.98370000,1784192399999,1050493.06675000,6027
1784192400000,1532.55000000,1537.00000000,1517.54000000,1518.37000000,237.47260000,1784195999999,363299.49332500,1586
1784196000000,1519.37000000,1525.39000000,1503.00000000,1522.14000000,319.11450000,1784199599999,483921.16415800,3806
1784199600000,1521.89000000,1522.93000000,1490.00000000,1495.00000000,637.92810000,1784203199999,957962.15018900,6286
1784203200000,1495.00000000,1505.78000000,1487.60000000,1496.61000000,688.02000000,1784206799999,1029658.29353800,8529
1784206800000,1496.56000000,1556.20000000,1456.25000000,1500.48000000,1269.65910000,1784210399999,1909166.35112900,10036
1784210400000,1497.60000000,1532.99000000,1465.00000000,1482.96000000,645.69880000,1784213999999,967550.28748200,4892
1784214000000,1486.02000000,1500.50000000,1441.30000000,1449.42000000,835.34800000,1784217599999,1222004.31239700,4434
1784217600000,1450.80000000,1460.00000000,1427.84000000,1455.54000000,778.20440000,1784221199999,1121884.30042200,4260
1784221200000,1456.08000000,1456.09000000,1412.00000000,1419.37000000,1567.99570000,1784224799999,2246047.70536200,24461
1784224800000,1419.01000000,1450.57000000,1408.00000000,1410.99000000,1514.44490000,1784228399999,2156615.84996500,19484
1784228400000,1410.28000000,1425.36000000,1393.21000000,1414.52000000,879.33840000,1784231999999,1240217.88343900,6755
1784232000000,1413.90000000,1420.59000000,1404.87000000,1418.84000000,461.93600000,1784235599999,651889.89840800,8218
1784235600000,1417.73000000,1420.08000000,1411.42000000,1413.00000000,110.52040000,1784239199999,156468.77539500,1932
1784239200000,1413.00000000,1414.67000000,1366.00000000,1378.67000000,1100.86460000,1784242799999,1522007.10064500,9606
1784242800000,1379.05000000,1382.92000000,1357.02000000,1369.29000000,1335.21510000,1784246399999,1827255.71256800,13841
1784246400000,1369.23000000,1378.78000000,1342.86000000,1367.05000000,1015.22720000,1784249999999,1379018.20296000,11249
1784250000000,1366.27000000,1392.13000000,1357.00000000,1370.66000000,717.28290000,1784253599999,988448.97746400,10476
1784253600000,1370.59000000,1377.40000000,1353.01000000,1359.97000000,1315.02440000,1784257199999,1796051.70362100,11288
1784257200000,1360.98000000,1393.48000000,1357.93000000,1377.03000000,824.12460000,1784260799999,1139497.33040300,6522
1784260800000,1376.15000000,1386.14000000,1357.61000000,1366.90000000,503.54000000,1784264399999,689372.96846000,3726
1784264400000,1366.77000000,1369.37000000,1323.12000000,1330.06000000,1389.98400000,1784267999999,1863122.39525500,9872
1784268000000,1329.97000000,1350.00000000,1320.71000000,1332.56000000,2395.30760000,1784271599999,3201129.32653900,18696
1784271600000,1332.55000000,1339.50000000,1315.50000000,1323.12000000,2503.99390000,1784275199999,3320812.88002400,19531
1784275200000,1323.70000000,1339.91000000,1312.09000000,1329.09000000,5180.09540000,1784278799999,6849003.86153700,29011
1784278800000,1327.66000000,1384.00000000,1326.92000000,1383.18000000,1916.83910000,1784282399999,2596629.92149100,9961
1784282400000,1384.00000000,1436.20000000,1381.64000000,1412.52000000,2321.43970000,1784285999999,3279954.24401000,25140
1784286000000,1413.06000000,1421.19000000,1386.53000000,1395.06000000,912.37050000,1784289599999,1277271.40262500,5193
1784289600000,1395.22000000,1401.19000000,1367.77000000,1387.89000000,2155.08510000,1784293199999,2975250.03378500,8580
1784293200000,1388.40000000,1398.50000000,1329.56000000,1391.40000000,5485.38360000,1784296799999,7460442.62946800,25793
1784296800000,1390.55000000,1464.00000000,1389.32000000,1413.50000000,2841.46300000,1784300399999,4074639.86566300,17639
1784300400000,1413.73000000,1489.32000000,1388.36000000,1481.31000000,2180.47350000,1784303999999,3147770.66253300,14397
1784304000000,1482.30000000,1498.00000000,1458.54000000,1472.58000000,4277.45600000,1784307599999,6348024.32846000,28138
1784307600000,1472.44000000,1495.20000000,1438.46000000,1442.39000000,847.54620000,1784311199999,1248167.85590300,6716
1784311200000,1444.09000000,1448.34000000,1409.06000000,1422.69000000,744.95340000,1784314799999,1061714.84699100,7549
1784314800000,1422.39000000,1428.84000000,1350.00000000,1357.55000000,1009.57350000,1784318399999,1400663.45687000,9604
1784318400000,1358.02000000,1363.75000000,1337.92000000,1351.58000000,1351.31630000,1784321999999,1821440.60442400,8299
1784322000000,1351.87000000,1355.58000000,1340.00000000,1341.70000000,267.03200000,1784325599999,359481.94318600,2225
1784325600000,1342.40000000,1347.57000000,1338.40000000,1343.23000000,716.34060000,1784329199999,962273.94154500,6037
1784329200000,1343.15000000,1357.29000000,1342.82000000,1352.62000000,610.20110000,1784332799999,822817.56658400,6330
1784332800000,1352.62000000,1359.54000000,1349.36000000,1358.24000000,526.80930000,1784336399999,713434.42274700,5602
1784336400000,1358.70000000,1364.42000000,1355.88000000,1358.41000000,461.67120000,1784339999999,627972.85951300,6235
1784340000000,1358.42000000,1363.11000000,1355.13000000,1360.13000000,315.48640000,1784343599999,428618.59381100,4539
1784343600000,1360.31000000,1362.60000000,1357.44000000,1360.87000000,172.06300000,1784347199999,234067.94765100,1934
1784347200000,1360.87000000,1362.31000000,1356.28000000,1357.24000000,134.08630000,1784350799999,182151.97777000,1346
1784350800000,1357.24000000,1359.53000000,1355.41000000,1356.44000000,119.66530000,1784354399999,162465.54456200,970
1784354400000,1357.01000000,1357.83000000,1347.17000000,1351.06000000,197.06000000,1784357999999,266408.24936800,3877
1784358000000,1350.80000000,1355.72000000,1348.05000000,1353.44000000,176.07560000,1784361599999,238262.92545900,4059
1784361600000,1353.19000000,1353.95000000,1350.49000000,1351.98000000,61.47140000,1784365199999,83115.14459900,847
1784365200000,1352.39000000,1352.39000000,1341.65000000,1347.66000000,217.79700000,1784368799999,293146.93695200,4197
1784368800000,1347.49000000,1349.13000000,1345.18000000,1348.12000000,78.86550000,1784372399999,106255.50353000,998
1784372400000,1347.88000000,1348.33000000,1342.32000000,1347.47000000,56.06360000,1784375999999,75441.20398200,732
1784376000000,1347.01000000,1348.26000000,1342.32000000,1344.60000000,110.39500000,1784379599999,148541.80994000,1867
1784379600000,1344.62000000,1348.81000000,1341.99000000,1346.38000000,74.90540000,1784383199999,100706.95971700,1573
1784383200000,1346.38000000,1347.06000000,1343.20000000,1346.83000000,54.47690000,1784386799999,73331.54335600,966
1784386800000,1346.95000000,1347.05000000,1342.13000000,1343.61000000,187.69520000,1784390399999,252289.33278000,2755
1784390400000,1343.54000000,1346.73000000,1340.01000000,1346.59000000,77.35260000,1784393999999,103821.25555500,1286
1784394000000,1345.61000000,1345.70000000,1340.54000000,1344.54000000,79.74330000,1784397599999,107023.10713300,1967
1784397600000,1344.29000000,1354.00000000,1341.84000000,1343.30000000,209.94930000,1784401199999,282786.17373900,8879
1784401200000,1343.21000000,1346.13000000,1342.39000000,1345.51000000,53.37430000,1784404799999,71741.24942900,1372
1784404800000,1345.53000000,1346.20000000,1342.76000000,1343.25000000,51.04230000,1784408399999,68624.24945400,745
1784408400000,1344.18000000,1350.33000000,1342.51000000,1349.32000000,477.68100000,1784411999999,641913.31294900,2092
1784412000000,1348.41000000,1350.05000000,1344.32000000,1345.64000000,52.65850000,1784415599999,70942.00806000,1462
1784415600000,1345.64000000,1347.85000000,1343.91000000,1345.72000000,23.97900000,1784419199999,32283.14468900,636
1784419200000,1345.20000000,1350.80000000,1344.68000000,1350.10000000,47.66850000,1784422799999,64200.88509200,946
1784422800000,1349.83000000,1355.55000000,1346.88000000,1355.37000000,133.69730000,1784426399999,180739.07316300,3505
1784426400000,1355.38000000,1361.81000000,1352.31000000,1357.99000000,184.02160000,1784429999999,249635.39907000,3921
1784430000000,1358.00000000,1358.91000000,1354.05000000,1355.76000000,208.58260000,1784433599999,282830.43845600,7146
1784433600000,1355.60000000,1363.40000000,1355.39000000,1360.09000000,198.24310000,1784437199999,269433.50417300,4668
1784437200000,1360.29000000,1362.13000000,1357.85000000,1359.39000000,153.89880000,1784440799999,209251.89464700,4278
1784440800000,1359.89000000,1365.01000000,1359.00000000,1362.64000000,155.66010000,1784444399999,212056.28222200,4302
1784444400000,1362.45000000,1382.10000000,1361.67000000,1367.49000000,182.15640000,1784447999999,248879.12010300,3215
1784448000000,1368.60000000,1378.11000000,1368.22000000,1377.04000000,113.97530000,1784451599999,156606.65924100,1629
1784451600000,1376.99000000,1376.99000000,1362.64000000,1371.85000000,403.97700000,1784455199999,552896.52636800,18476
1784455200000,1371.54000000,1372.09000000,1358.71000000,1363.01000000,504.79160000,1784458799999,688744.59286400,3572
1784458800000,1362.92000000,1366.03000000,1358.00000000,1359.19000000,66.10620000,1784462399999,89982.06533900,973
1784462400000,1359.57000000,1361.50000000,1352.37000000,1359.14000000,108.38600000,1784465999999,147097.12127900,3871
1784466000000,1358.88000000,1366.51000000,1357.79000000,1363.58000000,147.50710000,1784469599999,201045.67759200,4270
1784469600000,1363.26000000,1363.26000000,1355.00000000,1359.77000000,215.23980000,1784473199999,292429.97131000,2873
1784473200000,1359.73000000,1361.68000000,1355.21000000,1356.37000000,53.32950000,1784476799999,72457.85887000,623
1784476800000,1356.00000000,1357.62000000,1348.18000000,1351.89000000,107.72650000,1784480399999,145706.88267800,1761
1784480400000,1352.20000000,1359.50000000,1350.00000000,1354.58000000,127.65890000,1784483999999,173156.45985300,3131
1784484000000,1354.26000000,1355.36000000,1348.81000000,1354.44000000,58.16030000,1784487599999,78683.21319200,726
1784487600000,1354.37000000,1371.71000000,1353.37000000,1367.97000000,398.56260000,1784491199999,545218.31651900,18025
1784491200000,1367.76000000,1371.42000000,1363.16000000,1370.29000000,494.90480000,1784494799999,676670.81029600,7258
1784494800000,1369.97000000,1377.50000000,1366.55000000,1369.02000000,402.89370000,1784498399999,552024.00889200,4411
1784498400000,1368.59000000,1387.04000000,1360.73000000,1381.37000000,337.89810000,1784501999999,464847.36038700,7215
1784502000000,1382.38000000,1394.21000000,1363.33000000,1378.60000000,250.61270000,1784505599999,345353.01998800,6877
1784505600000,1377.75000000,1406.87000000,1353.64000000,1355.46000000,1106.62230000,1784509199999,1533142.67612700,14203
1784509200000,1356.02000000,1373.52000000,1341.30000000,1348.14000000,485.52620000,1784512799999,659131.38549100,7362
1784512800000,1348.14000000,1366.00000000,1342.62000000,1364.03000000,330.07900000,1784516399999,447324.28485900,7954
1784516400000,1363.72000000,1371.17000000,1355.00000000,1361.64000000,384.27400000,1784519999999,524208.10770500,10589
1784520000000,1361.94000000,1380.77000000,1354.06000000,1373.88000000,314.90530000,1784523599999,430454.54928100,9457
1784523600000,1374.34000000,1377.93000000,1360.20000000,1362.47000000,325.35060000,1784527199999,445663.85403200,6601
1784527200000,1363.29000000,1367.63000000,1354.73000000,1363.81000000,371.22530000,1784530799999,505043.92966800,10375
1784530800000,1364.24000000,1381.58000000,1361.95000000,1374.96000000,225.49270000,1784534399999,309082.84189300,4983
1784534400000,1374.81000000,1390.93000000,1372.55000000,1384.01000000,342.00030000,1784537999999,472549.77138300,4853
1784538000000,1383.05000000,1414.27000000,1382.05000000,1403.00000000,510.92360000,1784541599999,714344.75402600,8443
1784541600000,1402.91000000,1422.29000000,1392.02000000,1409.95000000,776.82080000,1784545199999,1092550.55068000,26524
1784545200000,1410.15000000,1427.52000000,1404.88000000,1424.39000000,581.77740000,1784548799999,825563.16665400,13553
1784548800000,1424.53000000,1425.79000000,1396.22000000,1402.70000000,754.53740000,1784552399999,1063572.15600400,20939
1784552400000,1403.07000000,1452.33000000,1397.54000000,1412.24000000,1660.40110000,1784555999999,2359654.82492100,25446
1784556000000,1412.74000000,1435.58000000,1385.30000000,1408.32000000,1315.81880000,1784559599999,1861028.45286300,10453
1784559600000,1407.56000000,1437.03000000,1402.80000000,1431.25000000,402.37570000,1784563199999,571598.99940800,4022
1784563200000,1431.40000000,1455.96000000,1424.07000000,1431.78000000,576.75510000,1784566799999,831613.59768600,3845
1784566800000,1431.83000000,1439.13000000,1418.54000000,1434.71000000,363.81530000,1784570399999,520650.49235200,2370
1784570400000,1436.68000000,1438.59000000,1403.65000000,1409.51000000,353.08150000,1784573999999,502786.95657300,2856
1784574000000,1409.32000000,1414.60000000,1377.71000000,1391.69000000,364.37710000,1784577599999,507133.90208700,2789
1784577600000,1392.92000000,1411.58000000,1392.35000000,1405.79000000,167.94700000,1784581199999,235014.38268000,984
1784581200000,1405.92000000,1408.49000000,1400.08000000,1407.74000000,61.53220000,1784584799999,86516.32113500,520
1784584800000,1406.94000000,1407.60000000,1397.84000000,1402.92000000,44.86410000,1784588399999,62886.40102800,661
1784588400000,1402.62000000,1411.06000000,1400.88000000,1409.14000000,39.96130000,1784591999999,56239.43439000,568
1784592000000,1408.51000000,1424.14000000,1391.24000000,1415.14000000,122.88250000,1784595599999,172855.39871200,1956
1784595600000,1415.62000000,1438.11000000,1414.83000000,1426.80000000,107.43180000,1784599199999,153697.94503400,1180
1784599200000,1426.80000000,1440.00000000,1419.69000000,1438.99000000,356.62600000,1784602799999,511380.82508500,3650
1784602800000,1439.07000000,1485.00000000,1438.83000000,1479.87000000,464.22660000,1784606399999,678484.78081100,6462
1784606400000,1479.62000000,1482.24000000,1468.98000000,1469.46000000,269.60050000,1784609999999,398072.05842100,2861
1784610000000,1469.40000000,1478.32000000,1458.33000000,1472.45000000,90.24990000,1784613599999,132543.28250700,1521
1784613600000,1471.74000000,1485.94000000,1471.40000000,1485.60000000,112.24870000,1784617199999,166036.88815800,1148
1784617200000,1484.34000000,1490.60000000,1478.08000000,1488.95000000,521.82300000,1784620799999,775099.88999700,3752
1784620800000,1488.06000000,1517.05000000,1486.67000000,1508.76000000,497.60660000,1784624399999,748548.04568100,2841
1784624400000,1507.95000000,1512.00000000,1490.47000000,1491.20000000,614.36790000,1784627999999,923023.50945600,4063
1784628000000,1493.25000000,1508.42000000,1493.17000000,1499.30000000,235.19100000,1784631599999,353085.76621300,1618
1784631600000,1500.81000000,1504.00000000,1489.50000000,1496.38000000,295.60850000,1784635199999,442862.69285100,2295
1784635200000,1497.67000000,1502.36000000,1484.62000000,1493.25000000,693.84420000,1784638799999,1036397.12871000,4204
1784638800000,1492.97000000,1545.00000000,1486.89000000,1529.08000000,1846.22310000,1784642399999,2800077.31301800,9626
1784642400000,1529.21000000,1541.51000000,1492.47000000,1540.38000000,1102.86730000,1784645999999,1668191.17053000,5190
1784646000000,1540.38000000,1561.38000000,1536.93000000,1539.68000000,1104.45570000,1784649599999,1712811.96290900,4113
1784649600000,1540.20000000,1575.79000000,1539.12000000,1573.05000000,576.70570000,1784653199999,902979.02936000,3153
1784653200000,1573.42000000,1583.67000000,1560.23000000,1562.46000000,522.07980000,1784656799999,820357.39129000,2468
1784656800000,1563.00000000,1570.43000000,1552.56000000,1557.93000000,131.44450000,1784660399999,205194.26984700,1541
1784660400000,1558.53000000,1594.99000000,1548.47000000,1587.74000000,254.96210000,1784663999999,400360.65445200,2164
1784664000000,1587.43000000,1623.86000000,1580.69000000,1622.37000000,876.15330000,1784667599999,1404108.05592900,4714
1784667600000,1622.40000000,1639.59000000,1621.56000000,1623.12000000,1304.25560000,1784671199999,2129241.70695000,12339
1784671200000,1622.40000000,1630.88000000,1616.11000000,1619.97000000,340.01560000,1784674799999,551363.93841000,2500
1784674800000,1619.97000000,1633.90000000,1617.59000000,1631.47000000,274.71570000,1784678399999,446633.54370400,1722
1784678400000,1631.47000000,1668.05000000,1612.80000000,1614.61000000,954.35790000,1784681999999,1566473.28214300,6853
1784682000000,1614.62000000,1624.78000000,1603.83000000,1609.94000000,262.33760000,1784685599999,423289.94463200,1791
1784685600000,1610.98000000,1614.25000000,1588.39000000,1591.32000000,332.50370000,1784689199999,533790.72530900,2863
1784689200000,1591.41000000,1603.26000000,1579.79000000,1588.05000000,300.28350000,1784692799999,477725.29541000,2915
1784692800000,1587.85000000,1600.24000000,1579.26000000,1586.49000000,169.45690000,1784696399999,269363.16789300,2191
1784696400000,1586.24000000,1586.25000000,1553.61000000,1569.33000000,415.83930000,1784699999999,651193.91146500,5142
1784700000000,1570.03000000,1570.03000000,1546.38000000,1562.41000000,642.37460000,1784703599999,1000630.14593200,7047
1784703600000,1562.43000000,1562.93000000,1547.00000000,1553.19000000,469.64890000,1784707199999,729674.04501900,3261
1784707200000,1551.12000000,1557.47000000,1540.67000000,1548.79000000,877.48640000,1784710799999,1359202.01059200,8251
1784710800000,1548.78000000,1565.58000000,1544.21000000,1549.02000000,324.75270000,1784714399999,504812.71759100,1923
1784714400000,1549.62000000,1557.43000000,1547.39000000,1555.99000000,184.51670000,1784717999999,286611.25251600,1168
1784718000000,1555.89000000,1563.33000000,1524.43000000,1538.07000000,400.73980000,1784721599999,618024.29107200,2582
1784721600000,1539.18000000,1541.59000000,1506.00000000,1517.43000000,406.43850000,1784725199999,616868.27402900,2337
1784725200000,1517.43000000,1580.49000000,1517.43000000,1577.19000000,1099.06480000,1784728799999,1700803.49572300,5216
1784728800000,1576.21000000,1603.60000000,1561.88000000,1587.99000000,759.00280000,1784732399999,1204455.06411900,3778
1784732400000,1590.00000000,1603.94000000,1585.51000000,1598.42000000,384.03030000,1784735999999,612823.94623500,2365
1784736000000,1598.65000000,1617.34000000,1595.98000000,1606.16000000,366.77600000,1784739599999,587738.48974600,1758
1784739600000,1607.36000000,1626.88000000,1597.00000000,1600.69000000,337.83320000,1784743199999,545789.81309100,1588
1784743200000,1600.78000000,1612.26000000,1579.79000000,1608.60000000,189.93460000,1784746799999,303363.57918700,993
1784746800000,1609.15000000,1622.53000000,1588.03000000,1600.50000000,304.79120000,1784750399999,490265.59169900,2176
1784750400000,1599.74000000,1637.43000000,1572.41000000,1622.32000000,801.37800000,1784753999999,1295802.08128800,4462
1784754000000,1622.60000000,1650.00000000,1611.50000000,1617.17000000,631.36520000,1784757599999,1028725.80917700,3870
1784757600000,1616.70000000,1620.87000000,1591.57000000,1598.98000000,231.93950000,1784761199999,372833.81694100,1564
1784761200000,1598.93000000,1621.25000000,1592.03000000,1619.24000000,100.54580000,1784764799999,161631.22928500,845
1784764800000,1620.72000000,1638.00000000,1614.30000000,1631.39000000,809.87670000,1784768399999,1319189.44009500,6091
1784768400000,1630.75000000,1648.49000000,1609.80000000,1610.70000000,982.08420000,1784771999999,1599060.43527400,12947
1784772000000,1610.20000000,1612.93000000,1582.05000000,1598.78000000,736.56440000,1784775599999,1179470.45729300,15515
1784775600000,1599.02000000,1613.45000000,1585.15000000,1607.59000000,245.34750000,1784779199999,390988.27364900,2094
1784779200000,1605.56000000,1613.82000000,1594.93000000,1609.53000000,94.56770000,1784782799999,151983.10459100,942
1784782800000,1610.74000000,1624.88000000,1601.60000000,1603.22000000,247.87520000,1784786399999,398499.76103700,1939
1784786400000,1603.28000000,1607.30000000,1590.74000000,1600.74000000,215.87940000,1784789999999,345075.14734600,1826
1784790000000,1600.46000000,1602.26000000,1586.00000000,1599.83000000,189.75500000,1784793599999,302530.18430400,1757
1784793600000,1600.11000000,1627.77000000,1591.95000000,1625.77000000,396.92160000,1784797199999,640874.42238500,2518
1784797200000,1625.77000000,1635.99000000,1619.73000000,1623.92000000,194.07180000,1784800799999,315785.83481800,1683
1784800800000,1624.53000000,1632.83000000,1618.35000000,1627.17000000,84.70560000,1784804399999,137769.87388900,856
1784804400000,1627.18000000,1633.78000000,1588.15000000,1601.38000000,759.48670000,1784807999999,1215892.21410900,5916
1784808000000,1601.22000000,1602.93000000,1566.91000000,1574.20000000,630.75620000,1784811599999,996863.78229900,4439
1784811600000,1574.31000000,1648.67000000,1547.51000000,1604.65000000,2644.41410000,1784815199999,4255737.76384400,13729
1784815200000,1605.57000000,1649.36000000,1605.51000000,1636.22000000,807.93270000,1784818799999,1319546.96934200,4440
1784818800000,1635.60000000,1642.18000000,1610.11000000,1641.96000000,396.23000000,1784822399999,646417.31906800,2246
1784822400000,1641.96000000,1694.39000000,1641.52000000,1667.76000000,973.91200000,1784825999999,1628333.03672400,4557
1784826000000,1667.25000000,1681.92000000,1657.79000000,1667.61000000,156.46940000,1784829599999,261359.27969800,1338
1784829600000,1667.60000000,1670.89000000,1633.00000000,1639.38000000,235.06780000,1784833199999,389594.08697600,1387
1784833200000,1640.10000000,1642.62000000,1597.05000000,1613.14000000,109.22640000,1784836799999,176369.98134800,1335
1784836800000,1613.49000000,1634.31000000,1611.28000000,1625.76000000,79.46670000,1784840399999,129135.49517000,723
1784840400000,1625.05000000,1633.13000000,1611.29000000,1616.62000000,43.90330000,1784843999999,71272.02213700,371
1784844000000,1616.57000000,1619.38000000,1607.20000000,1619.38000000,64.93140000,1784847599999,104752.98985200,459
1784847600000,1620.51000000,1621.79000000,1610.36000000,1616.90000000,29.14660000,1784851199999,47118.57137000,349
1784851200000,1616.34000000,1625.30000000,1593.81000000,1600.91000000,150.30090000,1784854799999,242515.74907400,933
1784854800000,1601.70000000,1616.21000000,1598.10000000,1598.84000000,47.19600000,1784858399999,75856.78353800,512
1784858400000,1597.95000000,1599.40000000,1575.57000000,1576.22000000,84.80330000,1784861999999,134477.69959400,712
1784862000000,1577.48000000,1590.02000000,1564.90000000,1567.51000000,60.62800000,1784865599999,95737.50051100,618
1784865600000,1569.35000000,1576.15000000,1558.88000000,1574.15000000,227.81460000,1784869199999,357453.84298800,1372
1784869200000,1573.19000000,1584.84000000,1567.69000000,1573.45000000,78.36220000,1784872799999,123697.48504400,913
1784872800000,1572.32000000,1575.90000000,1563.33000000,1571.98000000,49.77720000,1784876399999,78095.01856000,518
1784876400000,1572.64000000,1586.17000000,1571.85000000,1579.14000000,121.61940000,1784879999999,192344.62490800,1490
1784880000000,1579.32000000,1580.65000000,1565.00000000,1572.37000000,140.15340000,1784883599999,220228.20635600,1631
1784883600000,1572.92000000,1580.88000000,1567.11000000,1578.24000000,118.22240000,1784887199999,186050.88822400,1560
1784887200000,1578.23000000,1578.48000000,1555.55000000,1559.17000000,234.69100000,1784890799999,367689.55695800,8094
1784890800000,1558.94000000,1573.81000000,1550.54000000,1569.32000000,393.30400000,1784894399999,613417.82203100,1932
1784894400000,1569.32000000,1590.35000000,1566.06000000,1567.52000000,477.17340000,1784897999999,753156.87021400,1349
1784898000000,1567.05000000,1575.97000000,1481.36000000,1494.24000000,1838.55370000,1784901599999,2816409.08786900,10379
1784901600000,1495.32000000,1511.95000000,1456.00000000,1484.79000000,505.89730000,1784905199999,749571.53523000,3064
1784905200000,1484.79000000,1518.86000000,1469.50000000,1514.87000000,294.18160000,1784908799999,439488.17486200,1483
1784908800000,1514.87000000,1529.31000000,1485.04000000,1493.50000000,200.79150000,1784912399999,302033.89497800,950
1784912400000,1494.62000000,1503.43000000,1480.93000000,1481.89000000,150.05480000,1784915999999,223763.69267700,684
1784916000000,1481.18000000,1481.18000000,1419.00000000,1429.82000000,336.98340000,1784919599999,485560.51280800,1733
1784919600000,1430.80000000,1452.64000000,1412.00000000,1437.02000000,290.31770000,1784923199999,416292.98789500,2048
1784923200000,1437.82000000,1447.82000000,1434.01000000,1443.18000000,87.02080000,1784926799999,125465.10012300,660
1784926800000,1443.41000000,1443.41000000,1427.31000000,1429.56000000,179.25310000,1784930399999,257405.86965300,844
1784930400000,1430.83000000,1439.24000000,1429.88000000,1434.56000000,51.97270000,1784933999999,74548.67033000,369
1784934000000,1434.36000000,1438.34000000,1426.23000000,1435.35000000,44.63900000,1784937599999,63916.02223400,482
1784937600000,1434.49000000,1441.08000000,1428.33000000,1436.88000000,118.20280000,1784941199999,169698.74735700,1370
1784941200000,1437.18000000,1437.47000000,1433.39000000,1433.97000000,66.64890000,1784944799999,95601.61883400,1541
1784944800000,1433.97000000,1453.13000000,1430.00000000,1443.45000000,264.46580000,1784948399999,382141.83702600,5924
1784948400000,1443.45000000,1450.95000000,1441.33000000,1445.94000000,163.24070000,1784951999999,236227.40413000,3128
1784952000000,1445.94000000,1453.88000000,1442.65000000,1445.41000000,99.66260000,1784955599999,144278.49478700,2701
1784955600000,1445.41000000,1447.05000000,1442.85000000,1444.27000000,92.08920000,1784959199999,133067.15818000,2226
1784959200000,1444.58000000,1447.58000000,1443.31000000,1447.50000000,24.05450000,1784962799999,34761.89707600,488
1784962800000,1446.82000000,1446.94000000,1443.58000000,1445.03000000,28.89710000,1784966399999,41759.27319000,586
1784966400000,1445.02000000,1447.07000000,1444.31000000,1445.18000000,23.73940000,1784969999999,34327.87970000,433
1784970000000,1444.24000000,1444.76000000,1430.23000000,1435.96000000,196.96830000,1784973599999,282874.73361600,7762
1784973600000,1435.95000000,1438.79000000,1435.71000000,1437.58000000,29.62770000,1784977199999,42578.04032300,525
1784977200000,1437.10000000,1437.10000000,1432.44000000,1436.73000000,17.16420000,1784980799999,24630.73552300,348
1784980800000,1435.96000000,1439.17000000,1435.51000000,1436.98000000,35.12120000,1784984399999,50480.43706700,659
1784984400000,1436.70000000,1446.54000000,1435.78000000,1436.49000000,114.94120000,1784987999999,165700.10180300,4066
1784988000000,1436.18000000,1438.98000000,1434.10000000,1438.68000000,58.23080000,1784991599999,83649.52925300,1092
1784991600000,1438.60000000,1438.60000000,1433.99000000,1435.07000000,65.82740000,1784995199999,94546.48235900,1021
1784995200000,1435.27000000,1442.26000000,1434.64000000,1438.26000000,83.23170000,1784998799999,119723.04666800,1071
1784998800000,1438.25000000,1444.14000000,1435.99000000,1442.20000000,108.45910000,1785002399999,156360.89995000,1646
1785002400000,1442.21000000,1445.54000000,1439.10000000,1439.10000000,87.93440000,1785005999999,126833.06046900,1423
1785006000000,1439.10000000,1443.63000000,1438.06000000,1441.54000000,69.86010000,1785009599999,100664.73320300,2032
1785009600000,1440.14000000,1443.54000000,1440.14000000,1442.60000000,32.74770000,1785013199999,47216.65729400,727
1785013200000,1442.75000000,1445.69000000,1441.75000000,1445.14000000,19.48440000,1785016799999,28126.12171200,484
1785016800000,1443.94000000,1446.40000000,1441.33000000,1442.60000000,43.97980000,1785020399999,63491.68672700,822
1785020400000,1442.92000000,1445.75000000,1441.30000000,1443.34000000,31.28240000,1785023999999,45161.98169200,548
1785024000000,1442.38000000,1445.45000000,1437.89000000,1442.53000000,35.47260000,1785027599999,51110.21913200,885
1785027600000,1442.62000000,1455.65000000,1442.62000000,1448.42000000,139.74770000,1785031199999,202791.33103600,3309
1785031200000,1449.70000000,1450.79000000,1446.96000000,1450.75000000,49.39630000,1785034799999,71544.32381900,1060
1785034800000,1450.76000000,1453.34000000,1449.27000000,1450.78000000,58.07040000,1785038399999,84302.02755200,992
1785038400000,1451.46000000,1453.37000000,1450.51000000,1451.48000000,15.33520000,1785041999999,22268.36488600,442
1785042000000,1451.35000000,1451.35000000,1443.90000000,1448.87000000,114.90660000,1785045599999,166295.76967900,4590
1785045600000,1448.87000000,1454.25000000,1447.86000000,1452.66000000,77.48070000,1785049199999,112414.85383500,1139
1785049200000,1452.65000000,1456.58000000,1451.17000000,1455.49000000,79.26950000,1785052799999,115237.97892900,1068
1785052800000,1455.49000000,1456.23000000,1451.67000000,1456.23000000,3.06810000,1785056399999,4459.55105700,61
1785056400000,1456.10000000,1456.59000000,1452.28000000,1455.61000000,7.71540000,1785059999999,11219.52067700,108
1785060000000,1455.35000000,1465.26000000,1455.35000000,1463.51000000,107.66780000,1785063599999,157572.70599700,1704
1785063600000,1463.60000000,1465.13000000,1459.39000000,1460.30000000,113.45290000,1785067199999,165862.37562700,5693
1785067200000,1460.80000000,1461.52000000,1454.62000000,1456.98000000,33.60210000,1785070799999,48970.82574400,321
1785070800000,1457.15000000,1461.07000000,1456.39000000,1459.38000000,13.96940000,1785074399999,20374.07119300,124
1785074400000,1461.07000000,1468.01000000,1459.29000000,1460.88000000,62.25500000,1785077999999,91204.13519200,340
1785078000000,1460.57000000,1466.00000000,1459.59000000,1462.08000000,27.10960000,1785081599999,39634.06664800,153
1785081600000,1462.07000000,1465.46000000,1458.93000000,1461.15000000,38.45490000,1785085199999,56224.85173400,680
1785085200000,1460.43000000,1464.21000000,1460.00000000,1462.85000000,5.43080000,1785088799999,7936.21375200,196
1785088800000,1463.02000000,1463.41000000,1461.06000000,1461.85000000,3.84990000,1785092399999,5630.44784800,70
1785092400000,1462.07000000,1462.07000000,1455.30000000,1455.30000000,28.36960000,1785095999999,41371.52470200,1844
1785096000000,1455.30000000,1456.56000000,1451.00000000,1452.25000000,145.41940000,1785099599999,211260.48059900,9062
1785099600000,1452.25000000,1457.12000000,1452.25000000,1454.95000000,64.37810000,1785103199999,93709.75532600,450
1785103200000,1455.64000000,1485.31000000,1455.64000000,1481.64000000,504.15210000,1785106799999,745912.00308200,18415
1785106800000,1481.64000000,1490.02000000,1473.64000000,1487.09000000,306.99850000,1785110399999,455348.23298200,10228
1785110400000,1487.26000000,1502.07000000,1470.44000000,1479.46000000,524.71620000,1785113999999,778506.91820900,17040
1785114000000,1479.63000000,1483.67000000,1455.85000000,1471.22000000,365.66710000,1785117599999,535847.12124500,6726
1785117600000,1471.29000000,1485.00000000,1469.10000000,1474.40000000,74.41970000,1785121199999,109883.72655800,1587
1785121200000,1474.35000000,1483.71000000,1469.42000000,1473.77000000,91.16810000,1785124799999,134537.84625900,2860
1785124800000,1473.63000000,1484.53000000,1472.89000000,1481.52000000,136.02860000,1785128399999,200959.13380300,4179
1785128400000,1481.28000000,1495.00000000,1480.17000000,1485.59000000,254.65080000,1785131999999,378648.14929600,3127
1785132000000,1485.49000000,1512.41000000,1484.79000000,1512.10000000,231.84050000,1785135599999,347767.64972300,2642
1785135600000,1512.01000000,1517.96000000,1497.83000000,1501.90000000,128.85430000,1785139199999,194505.90431000,1799
1785139200000,1500.86000000,1511.16000000,1489.40000000,1506.85000000,520.06100000,1785142799999,780575.81049700,3881
1785142800000,1506.92000000,1514.61000000,1501.94000000,1509.86000000,292.42880000,1785146399999,440589.90414000,4004
1785146400000,1509.86000000,1510.16000000,1496.60000000,1498.58000000,340.96160000,1785149999999,512256.42454100,4095
1785150000000,1498.14000000,1498.14000000,1470.00000000,1480.38000000,667.55180000,1785153599999,989768.60052200,10639
1785153600000,1480.56000000,1487.96000000,1465.93000000,1486.93000000,549.53400000,1785157199999,813177.06959600,9602
1785157200000,1487.22000000,1488.86000000,1330.60000000,1335.55000000,4755.52480000,1785160799999,6746213.63002300,43379
1785160800000,1336.08000000,1339.50000000,1231.51000000,1280.14000000,10474.91480000,1785164399999,13364263.80062700,49085
1785164400000,1280.41000000,1287.72000000,1255.00000000,1282.16000000,2573.03830000,1785167999999,3265757.20202800,21932
1785168000000,1282.32000000,1304.63000000,1264.00000000,1268.71000000,1966.02050000,1785171599999,2531798.02249300,17652
1785171600000,1268.66000000,1273.19000000,1251.30000000,1269.41000000,761.04820000,1785175199999,960546.50900100,3962
1785175200000,1270.54000000,1274.55000000,1224.24000000,1265.85000000,1029.68460000,1785178799999,1285918.11882600,12084
1785178800000,1266.72000000,1299.30000000,1258.92000000,1280.12000000,854.31870000,1785182399999,1090697.27322600,9487
1785182400000,1280.25000000,1293.17000000,1270.66000000,1271.57000000,398.67310000,1785185999999,510518.23310200,2847
1785186000000,1271.33000000,1279.32000000,1258.98000000,1261.76000000,131.00390000,1785189599999,166257.78460200,1597
1785189600000,1262.07000000,1264.31000000,1239.52000000,1243.85000000,351.56570000,1785193199999,439646.99126800,3059
1785193200000,1243.71000000,1251.69000000,1231.82000000,1248.88000000,247.42870000,1785196799999,307259.80680200,3280
1785196800000,1249.56000000,1267.03000000,1227.05000000,1231.96000000,600.13290000,1785200399999,743704.21556800,4890
1785200400000,1231.18000000,1237.48000000,1214.27000000,1224.57000000,1422.94530000,1785203999999,1745509.02640800,6682
1785204000000,1224.40000000,1234.53000000,1217.77000000,1226.57000000,946.64060000,1785207599999,1159676.95073600,4475
1785207600000,1226.12000000,1235.59000000,1215.51000000,1233.23000000,561.18180000,1785211199999,688878.41949200,7333
1785211200000,1233.12000000,1234.47000000,1220.44000000,1221.99000000,993.68400000,1785214799999,1220124.12184400,14850
1785214800000,1222.01000000,1226.86000000,1206.00000000,1208.91000000,1330.41940000,1785218399999,1616095.89599800,12749
1785218400000,1208.91000000,1218.56000000,1193.00000000,1215.83000000,2649.11830000,1785221999999,3200428.02416200,11850
1785222000000,1216.35000000,1225.17000000,1206.91000000,1212.00000000,1979.63910000,1785225599999,2407974.45180400,13164
1785225600000,1211.71000000,1232.68000000,1203.97000000,1218.03000000,2971.92280000,1785229199999,3619202.74113500,20735
1785229200000,1218.16000000,1225.73000000,1205.46000000,1210.89000000,1600.34310000,1785232799999,1944956.71154400,10064
1785232800000,1210.56000000,1216.47000000,1203.77000000,1212.64000000,602.00050000,1785236399999,728522.17395300,3098
1785236400000,1213.56000000,1213.96000000,1166.33000000,1186.81000000,2414.73290000,1785239999999,2855815.21977200,14381
1785240000000,1186.48000000,1196.56000000,1176.86000000,1184.82000000,1273.49460000,1785243599999,1513077.58628300,14183
1785243600000,1184.30000000,1199.16000000,1090.90000000,1090.90000000,9333.49820000,1785247199999,10567276.75611200,46452
1785247200000,1091.32000000,1122.27000000,1054.51000000,1095.22000000,6642.58060000,1785250799999,7212356.93919000,39789
1785250800000,1095.70000000,1120.00000000,1082.00000000,1113.52000000,2666.60750000,1785254399999,2933870.83469100,31390
1785254400000,1113.99000000,1126.40000000,1092.58000000,1103.49000000,2898.74460000,1785257999999,3208306.43844900,22463
1785258000000,1103.46000000,1105.85000000,1072.60000000,1083.53000000,1540.07280000,1785261599999,1673015.97045300,16340
1785261600000,1083.78000000,1091.79000000,1074.00000000,1089.76000000,2965.10320000,1785265199999,3210869.55090500,17518
1785265200000,1091.54000000,1130.00000000,1091.54000000,1097.32000000,1978.32170000,1785268799999,2200623.23029900,9691
1785268800000,1098.45000000,1132.91000000,1074.00000000,1119.50000000,766.57400000,1785272399999,845478.93850600,5959
1785272400000,1120.76000000,1138.06000000,1116.32000000,1129.31000000,489.82130000,1785275999999,551712.62843900,4503
1785276000000,1129.69000000,1132.98000000,1027.06000000,1039.00000000,1903.71420000,1785279599999,2019166.58756300,11030
1785279600000,1039.08000000,1127.21000000,1036.79000000,1120.33000000,2505.31930000,1785283199999,2692304.28064900,27097
1785283200000,1120.96000000,1166.82000000,1102.41000000,1113.55000000,2376.37320000,1785286799999,2683541.18425700,20436
1785286800000,1113.35000000,1119.51000000,1047.21000000,1058.66000000,2251.50770000,1785290399999,2422728.87003800,20684
1785290400000,1058.09000000,1071.27000000,1039.46000000,1044.57000000,3058.92690000,1785293999999,3228292.13401800,17094
1785294000000,1043.78000000,1057.78000000,1005.19000000,1016.24000000,6457.00480000,1785297599999,6646600.06941700,25717
1785297600000,1016.09000000,1034.07000000,992.52000000,1032.15000000,8936.70730000,1785301199999,9012142.95976700,40272
1785301200000,1032.15000000,1063.21000000,1026.25000000,1051.03000000,2918.45920000,1785304799999,3054067.07452100,15370
1785304800000,1050.58000000,1068.00000000,1036.51000000,1062.56000000,2923.12510000,1785308399999,3062271.78092900,24010
1785308400000,1062.84000000,1075.94000000,1057.35000000,1063.42000000,1701.65030000,1785311999999,1812120.98715100,12924
1785312000000,1063.21000000,1080.60000000,1051.31000000,1072.63000000,3414.06000000,1785315599999,3638802.41448300,44258
1785315600000,1072.92000000,1124.70000000,1072.45000000,1116.00000000,3475.03340000,1785319199999,3830998.63288000,27299
1785319200000,1116.14000000,1122.88000000,1074.20000000,1077.54000000,1776.45330000,1785322799999,1949210.45594900,8973
1785322800000,1078.07000000,1106.97000000,1072.05000000,1100.08000000,1322.38700000,1785326399999,1442162.47444200,7420
1785326400000,1100.41000000,1102.88000000,1076.26000000,1093.92000000,1480.04490000,1785329999999,1610574.85584500,9634
1785330000000,1093.97000000,1124.15000000,1018.91000000,1037.97000000,10173.10960000,1785333599999,10834605.09767000,31786
1785333600000,1037.99000000,1071.02000000,1005.00000000,1027.36000000,6982.32830000,1785337199999,7190711.39421200,31164
1785337200000,1027.49000000,1038.48000000,1005.00000000,1023.29000000,3796.02130000,1785340799999,3896105.87030200,24576
1785340800000,1023.71000000,1031.02000000,999.84000000,1028.26000000,2203.76380000,1785344399999,2242593.41395000,13848
1785344400000,1028.99000000,1057.68000000,1027.44000000,1050.92000000,872.63850000,1785347999999,913292.09383900,18903
1785348000000,1050.73000000,1115.17000000,1049.21000000,1114.97000000,3301.20560000,1785351599999,3568444.72736600,18519
1785351600000,1115.09000000,1123.84000000,1005.02000000,1016.83000000,4940.89880000,1785355199999,5254788.36217300,15536
1785355200000,1017.12000000,1027.78000000,986.52000000,994.12000000,4000.29690000,1785358799999,4019250.77280800,14344
1785358800000,993.80000000,1000.78000000,971.47000000,997.26000000,3317.18060000,1785362399999,3269626.36629200,12277
1785362400000,998.00000000,1021.10000000,993.55000000,1004.42000000,2493.66840000,1785365999999,2517952.59948600,11877
1785366000000,1004.37000000,1014.24000000,996.20000000,1009.34000000,1194.89660000,1785369599999,1202940.00253800,12860
1785369600000,1010.14000000,1025.36000000,995.67000000,1017.67000000,1201.14870000,1785373199999,1215594.48075900,15672
1785373200000,1018.25000000,1069.00000000,1014.88000000,1050.38000000,1976.64110000,1785376799999,2076776.29294600,12462
1785376800000,1050.92000000,1059.67000000,1021.23000000,1022.81000000,1155.37520000,1785380399999,1197366.15513400,12568
1785380400000,1022.81000000,1035.91000000,1010.88000000,1028.86000000,1823.26120000,1785383999999,1863929.86695500,16891
1785384000000,1029.02000000,1033.57000000,1014.97000000,1017.76000000,1472.82140000,1785387599999,1507564.85631800,13690
1785387600000,1017.99000000,1029.27000000,1011.14000000,1023.45000000,2963.18950000,1785391199999,3023478.47403200,20827
1785391200000,1022.93000000,1025.19000000,1007.76000000,1010.86000000,2173.21050000,1785394799999,2210955.81116400,12080
1785394800000,1010.41000000,1018.93000000,1004.00000000,1006.01000000,2582.10800000,1785398399999,2609225.46400300,13349
1785398400000,1006.39000000,1026.57000000,999.00000000,1012.61000000,5445.72280000,1785401999999,5508636.43450200,23991
1785402000000,1012.61000000,1033.50000000,1011.67000000,1026.91000000,4570.53240000,1785405599999,4686819.91034600,18612
1785405600000,1026.94000000,1052.06000000,1025.30000000,1038.24000000,4506.42210000,1785409199999,4688113.14261000,14748
1785409200000,1038.21000000,1081.00000000,1037.78000000,1071.89000000,2136.63530000,1785412799999,2268298.54519800,10849
1785412800000,1072.00000000,1106.42000000,1064.36000000,1100.60000000,2936.27120000,1785416399999,3186670.96658800,11642
1785416400000,1100.85000000,1236.59000000,1090.01000000,1232.89000000,19360.21740000,1785419999999,22899980.80390600,99183
1785420000000,1232.51000000,1266.44000000,1190.69000000,1234.85000000,21152.89380000,1785423599999,26186271.91841700,118637
1785423600000,1235.46000000,1261.24000000,1222.22000000,1250.19000000,3816.59410000,1785427199999,4742047.97867900,23835
1785427200000,1250.20000000,1267.59000000,1238.15000000,1253.01000000,4466.76670000,1785430799999,5619036.08449600,38473
1785430800000,1252.75000000,1273.06000000,1249.95000000,1257.07000000,1999.23550000,1785434399999,2522635.67466200,17734
1785434400000,1257.07000000,1259.98000000,1244.97000000,1255.20000000,1686.59930000,1785437999999,2112488.66296400,16105
1785438000000,1255.50000000,1285.35000000,1255.50000000,1278.96000000,3563.36870000,1785441599999,4529337.75869100,23240
1785441600000,1279.00000000,1331.32000000,1271.53000000,1322.17000000,9890.14410000,1785445199999,12994816.25228200,43505
1785445200000,1322.84000000,1363.51000000,1313.67000000,1337.25000000,6657.08680000,1785448799999,8901745.99749200,35435
1785448800000,1337.82000000,1357.93000000,1328.07000000,1346.56000000,1945.95910000,1785452399999,2623845.17311400,5949
1785452400000,1346.19000000,1354.60000000,1320.73000000,1352.85000000,4718.21350000,1785455999999,6321283.61154100,20673
1785456000000,1352.86000000,1430.71000000,1338.41000000,1377.59000000,8205.94900000,1785459599999,11235176.54048800,44454
1785459600000,1377.34000000,1412.23000000,1340.88000000,1360.47000000,3021.73350000,1785463199999,4189280.24848500,12914
1785463200000,1360.22000000,1368.71000000,1331.03000000,1342.86000000,2284.71570000,1785466799999,3066006.73432900,8920
1785466800000,1343.18000000,1358.88000000,1335.74000000,1342.90000000,2256.18100000,1785470399999,3035499.46829800,11837
1785470400000,1342.80000000,1374.11000000,1338.28000000,1367.23000000,3787.47100000,1785473999999,5153485.68110200,14402
1785474000000,1367.20000000,1391.18000000,1364.14000000,1382.63000000,4202.20790000,1785477599999,5791732.98951900,15216
1785477600000,1382.61000000,1394.82000000,1297.20000000,1314.66000000,6014.17860000,1785481199999,8119355.88272400,18025
1785481200000,1314.18000000,1343.92000000,1307.70000000,1332.81000000,2884.21210000,1785484799999,3824714.75519900,21555
1785484800000,1333.01000000,1354.95000000,1302.38000000,1353.18000000,3508.16890000,1785488399999,4656954.74843600,10160
1785488400000,1354.06000000,1372.80000000,1324.57000000,1326.34000000,2957.68470000,1785491999999,4016380.89083900,10627
1785492000000,1327.10000000,1353.22000000,1324.45000000,1341.42000000,704.43710000,1785495599999,944380.90835700,3211
1785495600000,1341.40000000,1367.97000000,1341.40000000,1359.35000000,2204.02250000,1785499199999,2993124.79763900,6722
1785499200000,1360.10000000,1360.10000000,1323.36000000,1329.90000000,1835.58790000,1785502799999,2456171.78702700,5599
1785502800000,1329.12000000,1403.92000000,1226.42000000,1244.24000000,12106.58240000,1785506399999,15837569.06259500,35456
1785506400000,1244.31000000,1251.77000000,1190.38000000,1248.53000000,8041.13440000,1785509999999,9823823.29786400,25571
1785510000000,1248.76000000,1269.50000000,1204.04000000,1221.94000000,3018.15900000,1785513599999,3737031.29170000,11137
1785513600000,1221.94000000,1245.73000000,1219.08000000,1238.26000000,439.79680000,1785517199999,541631.77420100,4980
1785517200000,1238.15000000,1275.15000000,1238.15000000,1255.12000000,384.94330000,1785520799999,484091.28366300,7470
1785520800000,1254.96000000,1259.90000000,1231.44000000,1250.44000000,404.43340000,1785524399999,503783.53367600,4574
1785524400000,1251.30000000,1256.07000000,1209.56000000,1216.53000000,939.93450000,1785527999999,1156941.55878900,7005
1785528000000,1216.83000000,1220.58000000,1203.25000000,1210.09000000,660.42720000,1785531599999,801510.22603500,6034
1785531600000,1209.88000000,1219.80000000,1209.51000000,1211.47000000,266.79850000,1785535199999,323946.50606500,2517
1785535200000,1211.53000000,1214.44000000,1203.94000000,1211.45000000,411.08520000,1785538799999,497107.86092300,3348
1785538800000,1211.15000000,1213.06000000,1205.76000000,1207.19000000,199.73300000,1785542399999,241668.78275000,2250
1785542400000,1207.78000000,1224.79000000,1207.78000000,1215.36000000,186.64240000,1785545999999,227257.39463600,6545
1785546000000,1215.76000000,1220.00000000,1213.66000000,1217.47000000,290.55080000,1785549599999,353274.76662500,5396
1785549600000,1217.97000000,1221.12000000,1215.17000000,1217.71000000,103.81350000,1785553199999,126491.60494400,2083
1785553200000,1217.71000000,1218.21000000,1215.27000000,1216.88000000,65.99430000,1785556799999,80310.63810300,1130
1785556800000,1216.72000000,1218.62000000,1216.11000000,1217.16000000,56.18760000,1785560399999,68409.69560500,767
1785560400000,1217.00000000,1219.33000000,1215.69000000,1217.53000000,39.23350000,1785563999999,47752.57916500,520
1785564000000,1217.37000000,1223.91000000,1216.73000000,1219.76000000,43.85960000,1785567599999,53546.93115700,1260
1785567600000,1219.50000000,1227.60000000,1219.50000000,1226.19000000,21.01070000,1785571199999,25677.07686200,369
1785571200000,1226.19000000,1227.39000000,1221.65000000,1221.89000000,70.21200000,1785574799999,85997.25901800,829
1785574800000,1221.78000000,1224.71000000,1221.78000000,1224.13000000,71.50850000,1785578399999,87498.17834100,737
1785578400000,1224.20000000,1224.58000000,1222.87000000,1224.25000000,19.30880000,1785581999999,23631.13478800,181
1785582000000,1224.25000000,1229.26000000,1223.23000000,1227.07000000,53.01230000,1785585599999,65042.64852400,1214
1785585600000,1227.34000000,1228.00000000,1222.52000000,1222.52000000,58.41310000,1785589199999,71570.30702600,535
1785589200000,1222.42000000,1223.28000000,1215.94000000,1220.35000000,238.82240000,1785592799999,291182.94149300,8753
1785592800000,1219.93000000,1221.20000000,1217.67000000,1218.84000000,28.96200000,1785596399999,35312.94756900,905
1785596400000,1218.74000000,1219.02000000,1214.94000000,1215.05000000,165.50940000,1785599999999,201589.29943600,2992
1785600000000,1215.09000000,1217.00000000,1208.52000000,1211.31000000,75.13060000,1785603599999,91047.91351400,1211
1785603600000,1211.28000000,1215.77000000,1208.48000000,1209.24000000,56.18950000,1785607199999,68062.51375300,950
1785607200000,1209.44000000,1211.45000000,1167.39000000,1199.06000000,648.04330000,1785610799999,774947.82094300,10567
1785610800000,1198.32000000,1200.77000000,1191.99000000,1194.54000000,134.31030000,1785614399999,160699.34884100,2917
1785614400000,1194.67000000,1202.42000000,1193.14000000,1201.44000000,29.82360000,1785617999999,35743.27525400,179
1785618000000,1200.93000000,1217.30000000,1198.01000000,1215.21000000,330.87510000,1785621599999,398922.29492100,3020
1785621600000,1215.17000000,1216.66000000,1209.34000000,1215.87000000,103.79180000,1785625199999,125995.59941200,3618
1785625200000,1216.04000000,1221.47000000,1213.92000000,1218.16000000,258.08070000,1785628799999,314289.72222500,2647
1785628800000,1217.88000000,1225.54000000,1217.27000000,1217.97000000,168.22600000,1785632399999,205301.45317300,2242
1785632400000,1217.97000000,1219.47000000,1213.91000000,1215.67000000,124.52340000,1785635999999,151483.36198700,4614
1785636000000,1215.67000000,1248.30000000,1214.50000000,1234.65000000,569.55240000,1785639599999,705599.51889500,7754
1785639600000,1234.47000000,1240.40000000,1233.58000000,1238.46000000,162.02240000,1785643199999,200285.86333200,3611
1785643200000,1238.79000000,1249.32000000,1238.79000000,1239.92000000,439.68380000,1785646799999,546234.42518200,12830
1785646800000,1239.56000000,1247.67000000,1238.79000000,1245.83000000,73.73320000,1785650399999,91481.71560400,1128
1785650400000,1245.10000000,1246.57000000,1242.96000000,1244.16000000,50.77130000,1785653999999,63208.68550300,530
1785654000000,1244.39000000,1246.76000000,1239.83000000,1245.42000000,42.28120000,1785657599999,52604.19077800,549
1785657600000,1245.46000000,1255.20000000,1242.17000000,1246.14000000,264.14730000,1785661199999,329932.32809800,1936
1785661200000,1245.88000000,1248.40000000,1240.17000000,1245.68000000,175.28460000,1785664799999,218005.40782900,1513
1785664800000,1245.56000000,1247.90000000,1241.55000000,1242.96000000,104.57110000,1785668399999,130112.52977700,773
1785668400000,1242.36000000,1243.86000000,1223.80000000,1228.45000000,266.52380000,1785671999999,328200.13127800,1826
1785672000000,1228.16000000,1243.25000000,1227.90000000,1236.98000000,439.76530000,1785675599999,542920.01999000,4001
1785675600000,1236.92000000,1238.45000000,1232.07000000,1235.97000000,113.86140000,1785679199999,140683.32337500,1395
1785679200000,1235.97000000,1240.58000000,1232.39000000,1236.13000000,165.02580000,1785682799999,204035.36035900,2275
1785682800000,1235.95000000,1240.00000000,1232.28000000,1237.99000000,166.88100000,1785686399999,206644.43898900,2187
1785686400000,1238.04000000,1258.22000000,1235.22000000,1246.08000000,171.83920000,1785689999999,214175.07884500,1828
1785690000000,1246.02000000,1259.10000000,1242.73000000,1244.94000000,315.65290000,1785693599999,394537.14489400,8257
1785693600000,1244.94000000,1248.42000000,1241.11000000,1241.42000000,138.01890000,1785697199999,171960.59216500,4734
1785697200000,1241.43000000,1252.03000000,1241.43000000,1251.70000000,117.42210000,1785700799999,146629.68343600,1298
1785700800000,1250.68000000,1252.17000000,1242.41000000,1243.34000000,52.79250000,1785704399999,65861.21088800,456
1785704400000,1243.34000000,1247.48000000,1232.51000000,1239.95000000,226.97290000,1785707999999,281768.83793100,1538
1785708000000,1240.40000000,1246.43000000,1233.74000000,1244.29000000,133.52260000,1785711599999,165657.34367500,615
1785711600000,1245.18000000,1256.40000000,1236.99000000,1243.37000000,318.23290000,1785715199999,396225.73078200,4877
1785715200000,1242.87000000,1264.78000000,1224.32000000,1260.82000000,1135.31210000,1785718799999,1410192.08324800,3909
1785718800000,1258.61000000,1266.49000000,1241.17000000,1256.88000000,360.41160000,1785722399999,451728.66132100,1477
1785722400000,1255.94000000,1263.69000000,1252.05000000,1257.96000000,217.14620000,1785725999999,273315.68411800,1068
1785726000000,1258.02000000,1260.40000000,1248.05000000,1258.53000000,261.70770000,1785729599999,328386.13424700,1383
1785729600000,1258.16000000,1259.80000000,1242.00000000,1243.17000000,302.83100000,1785733199999,379867.22335600,1614
1785733200000,1243.56000000,1256.52000000,1238.77000000,1254.10000000,336.26290000,1785736799999,419876.23495800,1978
1785736800000,1254.31000000,1255.13000000,1237.87000000,1239.71000000,394.45360000,1785740399999,490981.50075400,2295
1785740400000,1240.21000000,1245.32000000,1232.75000000,1237.23000000,227.50340000,1785743999999,281805.17247200,1148
1785744000000,1237.21000000,1237.95000000,1204.46000000,1232.46000000,1248.72600000,1785747599999,1523944.34609600,3475
1785747600000,1233.10000000,1233.18000000,1208.92000000,1219.51000000,541.52820000,1785751199999,661901.54315700,1457
1785751200000,1218.78000000,1218.94000000,1171.89000000,1193.36000000,3375.75980000,1785754799999,3999595.61533200,8930
1785754800000,1193.04000000,1194.28000000,1158.00000000,1163.35000000,2239.52450000,1785758399999,2618020.94582900,9397
1785758400000,1162.88000000,1179.23000000,1150.46000000,1170.10000000,1673.15130000,1785761999999,1949019.86876400,8710
1785762000000,1170.70000000,1221.58000000,1124.20000000,1220.79000000,12195.82580000,1785765599999,14347880.92990100,17950
1785765600000,1219.84000000,1274.62000000,1192.43000000,1262.38000000,6176.09110000,1785769199999,7611896.25453000,16491
1785769200000,1261.72000000,1262.17000000,1236.34000000,1255.74000000,2034.21920000,1785772799999,2547022.25273300,5929
1785772800000,1255.55000000,1288.52000000,1255.55000000,1276.00000000,995.63730000,1785776399999,1269515.17128700,3273
1785776400000,1275.94000000,1316.77000000,1272.81000000,1312.12000000,814.17410000,1785779999999,1052225.53293200,2442
1785780000000,1313.02000000,1317.14000000,1289.86000000,1293.26000000,355.46830000,1785783599999,462403.48208600,2461
1785783600000,1293.13000000,1306.42000000,1281.15000000,1289.32000000,2657.87070000,1785787199999,3432148.96184800,7650
1785787200000,1289.42000000,1299.40000000,1274.68000000,1293.35000000,457.51710000,1785790799999,588091.62146600,2666
1785790800000,1294.14000000,1327.15000000,1290.16000000,1307.79000000,1442.30490000,1785794399999,1883182.97427600,4972
1785794400000,1307.87000000,1315.98000000,1304.58000000,1313.17000000,746.55990000,1785797999999,978276.99468600,2459
1785798000000,1312.41000000,1329.69000000,1308.01000000,1329.18000000,555.13120000,1785801599999,729993.66045500,1822
1785801600000,1326.61000000,1333.63000000,1274.87000000,1278.54000000,1716.17820000,1785805199999,2226482.59861500,6580
1785805200000,1278.81000000,1315.00000000,1266.73000000,1310.13000000,975.94410000,1785808799999,1258344.16570500,4687
1785808800000,1311.13000000,1311.13000000,1287.47000000,1292.70000000,1163.30560000,1785812399999,1506873.70664200,5608
1785812400000,1292.87000000,1297.60000000,1283.19000000,1293.19000000,501.80290000,1785815999999,648424.50425600,3219
1785816000000,1293.85000000,1294.56000000,1284.06000000,1289.17000000,405.78170000,1785819599999,523301.97398100,2411
1785819600000,1290.26000000,1309.00000000,1282.05000000,1306.93000000,321.40190000,1785823199999,416318.30065300,2217
1785823200000,1306.80000000,1317.67000000,1303.90000000,1316.63000000,1031.12640000,1785826799999,1350646.40066800,5443
1785826800000,1316.70000000,1326.45000000,1311.30000000,1315.90000000,642.11080000,1785830399999,847352.38123700,3839
1785830400000,1315.48000000,1342.15000000,1314.68000000,1320.71000000,2760.69100000,1785833999999,3674759.82625300,9555
1785834000000,1322.24000000,1322.56000000,1305.04000000,1318.13000000,820.53600000,1785837599999,1079129.53301000,2120
1785837600000,1318.40000000,1348.05000000,1316.23000000,1336.47000000,913.03720000,1785841199999,1217987.87656500,3200
1785841200000,1336.29000000,1370.09000000,1336.29000000,1369.93000000,1303.91260000,1785844799999,1767377.07910100,6455
1785844800000,1369.93000000,1370.84000000,1352.00000000,1358.24000000,929.50490000,1785848399999,1262036.78456600,4154
1785848400000,1358.43000000,1416.26000000,1341.52000000,1383.52000000,8786.40060000,1785851999999,12153420.48521000,21228
1785852000000,1383.92000000,1400.00000000,1371.46000000,1394.91000000,2129.86030000,1785855599999,2957922.06382200,9087
1785855600000,1395.18000000,1431.99000000,1393.09000000,1409.21000000,4109.07510000,1785859199999,5802701.06423400,8024
1785859200000,1409.84000000,1443.28000000,1409.66000000,1439.88000000,879.89920000,1785862799999,1254576.83956000,2792
1785862800000,1439.22000000,1446.91000000,1429.66000000,1434.96000000,1013.02600000,1785866399999,1455268.01305000,5353
1785866400000,1434.70000000,1438.22000000,1420.53000000,1424.34000000,1114.06880000,1785869999999,1593827.67184800,3702
1785870000000,1424.32000000,1439.43000000,1415.41000000,1428.82000000,1615.51860000,1785873599999,2303472.96903100,8415
1785873600000,1428.99000000,1443.42000000,1380.27000000,1398.85000000,2806.89430000,1785877199999,3941478.02701700,11063
1785877200000,1398.76000000,1433.02000000,1395.68000000,1413.08000000,1777.31700000,1785880799999,2514965.45864700,7863
1785880800000,1413.77000000,1421.63000000,1405.42000000,1414.89000000,522.08580000,1785884399999,738311.96676200,2555
1785884400000,1414.94000000,1438.41000000,1410.18000000,1437.10000000,760.58620000,1785887999999,1085649.41483300,4228
1785888000000,1436.81000000,1444.04000000,1414.84000000,1423.20000000,998.96940000,1785891599999,1427974.14585600,6558
1785891600000,1422.90000000,1429.59000000,1401.71000000,1425.21000000,832.61210000,1785895199999,1178425.66684600,4810
1785895200000,1425.21000000,1430.02000000,1414.40000000,1417.94000000,811.53730000,1785898799999,1151672.00412100,5066
1785898800000,1418.37000000,1429.70000000,1418.21000000,1427.86000000,312.08730000,1785902399999,444567.40468100,3043
1785902400000,1427.99000000,1443.11000000,1427.17000000,1442.65000000,209.21460000,1785905999999,300484.09765900,1881
1785906000000,1443.21000000,1482.24000000,1442.12000000,1465.91000000,1285.39760000,1785909599999,1884251.29151000,7487
1785909600000,1465.80000000,1467.53000000,1442.74000000,1450.67000000,517.31260000,1785913199999,751809.52818400,4119
1785913200000,1450.45000000,1459.86000000,1432.26000000,1443.70000000,348.32480000,1785916799999,502714.78612600,1967
1785916800000,1445.07000000,1454.70000000,1401.11000000,1413.56000000,2286.03390000,1785920399999,3241894.40683900,6771
1785920400000,1413.38000000,1424.99000000,1405.35000000,1417.57000000,681.45930000,1785923999999,965588.13620600,2166
1785924000000,1417.65000000,1420.07000000,1385.00000000,1397.57000000,1367.69060000,1785927599999,1920708.68211000,3746
1785927600000,1397.56000000,1418.48000000,1396.59000000,1403.48000000,1233.57010000,1785931199999,1735850.16999100,3126
1785931200000,1403.51000000,1418.30000000,1394.72000000,1408.44000000,1247.61870000,1785934799999,1754879.61247100,3187
1785934800000,1410.38000000,1440.99000000,1374.65000000,1438.45000000,8611.39840000,1785938399999,12148941.07229300,12367
1785938400000,1437.63000000,1437.63000000,1366.03000000,1394.12000000,2538.28020000,1785941999999,3552451.74687200,5204
1785942000000,1395.59000000,1427.43000000,1392.00000000,1406.94000000,1282.93720000,1785945599999,1809319.44692800,2775
1785945600000,1406.60000000,1429.37000000,1404.48000000,1422.40000000,644.46230000,1785949199999,913497.28457900,2546
1785949200000,1423.06000000,1424.31000000,1409.41000000,1417.64000000,454.21570000,1785952799999,643718.53340100,2370
1785952800000,1418.03000000,1419.41000000,1396.97000000,1401.62000000,799.77490000,1785956399999,1128762.77154100,3103
1785956400000,1401.10000000,1411.35000000,1348.97000000,1351.20000000,1682.42980000,1785959999999,2313640.94878200,4134
1785960000000,1353.32000000,1387.58000000,1251.86000000,1304.44000000,18552.01170000,1785963599999,24172874.11139200,66481
1785963600000,1305.83000000,1311.90000000,1255.04000000,1267.80000000,4035.91800000,1785967199999,5140650.94508200,33247
1785967200000,1268.22000000,1290.24000000,1258.14000000,1270.98000000,3218.41960000,1785970799999,4107594.27699700,29614
1785970800000,1270.98000000,1274.30000000,1243.22000000,1247.62000000,2473.85980000,1785974399999,3111408.73312500,7929
1785974400000,1248.36000000,1268.44000000,1236.26000000,1246.60000000,7419.31910000,1785977999999,9310678.62400000,27539
1785978000000,1246.60000000,1257.12000000,1226.64000000,1247.59000000,7483.95500000,1785981599999,9310310.36962400,51990
1785981600000,1247.47000000,1255.98000000,1242.00000000,1245.21000000,4706.42980000,1785985199999,5882297.76483500,33051
1785985200000,1244.20000000,1249.44000000,1235.29000000,1246.81000000,1434.32010000,1785988799999,1783132.58690000,13149
1785988800000,1246.25000000,1249.35000000,1231.58000000,1241.04000000,1663.28290000,1785992399999,2067693.55096500,6993
1785992400000,1241.17000000,1248.57000000,1232.49000000,1239.70000000,2122.62420000,1785995999999,2639727.44976600,9666
1785996000000,1239.72000000,1245.92000000,1227.74000000,1242.60000000,2535.42960000,1785999599999,3144810.38330400,10589
1785999600000,1242.73000000,1246.14000000,1233.65000000,1235.64000000,1547.06700000,1786003199999,1919314.62598200,6332
1786003200000,1236.20000000,1252.82000000,1217.56000000,1239.84000000,5900.35860000,1786006799999,7299730.06222400,20999
1786006800000,1239.86000000,1240.04000000,1224.88000000,1235.15000000,3378.04460000,1786010399999,4155924.34979000,7281
1786010400000,1235.22000000,1237.89000000,1211.69000000,1215.70000000,2550.77950000,1786013999999,3120522.61079200,6964
1786014000000,1215.99000000,1228.56000000,1195.61000000,1226.07000000,5361.66710000,1786017599999,6499773.94933600,31565
1786017600000,1225.89000000,1227.99000000,1200.96000000,1214.77000000,3177.36530000,1786021199999,3862389.43997100,14200
1786021200000,1213.46000000,1277.90000000,1166.45000000,1276.24000000,15704.74860000,1786024799999,18781459.89189200,60686
1786024800000,1277.67000000,1295.85000000,1253.76000000,1277.45000000,5891.43490000,1786028399999,7502598.00150900,7325
1786028400000,1277.85000000,1323.63000000,1276.24000000,1283.79000000,4122.93070000,1786031999999,5382752.80689000,5718
1786032000000,1284.72000000,1297.61000000,1268.40000000,1294.18000000,4876.43100000,1786035599999,6249006.88067900,5874
1786035600000,1294.20000000,1299.37000000,1276.89000000,1285.00000000,2520.10870000,1786039199999,3248887.81002600,4766
1786039200000,1285.37000000,1296.31000000,1270.49000000,1279.79000000,2726.67600000,1786042799999,3496195.06393200,5294
1786042800000,1280.36000000,1293.31000000,1256.24000000,1259.73000000,2677.38460000,1786046399999,3422877.88655100,7376
1786046400000,1259.31000000,1266.43000000,1240.34000000,1265.97000000,2052.05130000,1786049999999,2572601.28208400,4799
1786050000000,1266.39000000,1278.11000000,1265.77000000,1271.87000000,1074.35000000,1786053599999,1367796.69840900,8488
1786053600000,1271.79000000,1282.70000000,1270.06000000,1279.16000000,556.07490000,1786057199999,710305.84123300,5177
1786057200000,1278.42000000,1278.89000000,1271.94000000,1276.76000000,556.93050000,1786060799999,710639.53129200,1914
1786060800000,1276.82000000,1288.49000000,1263.60000000,1271.51000000,410.38000000,1786064399999,522329.28006300,2378
1786064400000,1272.60000000,1273.30000000,1252.25000000,1257.02000000,560.85910000,1786067999999,706200.89801500,3107
1786068000000,1257.02000000,1270.00000000,1254.95000000,1269.49000000,229.59100000,1786071599999,289725.60883900,1208
1786071600000,1270.88000000,1272.82000000,1259.98000000,1260.73000000,136.56250000,1786075199999,172948.61661800,897
1786075200000,1260.73000000,1266.65000000,1254.89000000,1259.59000000,627.75730000,1786078799999,789649.25170200,2815
1786078800000,1259.59000000,1273.67000000,1259.29000000,1272.33000000,359.02450000,1786082399999,454684.31503800,1514
1786082400000,1271.67000000,1281.58000000,1267.42000000,1268.22000000,332.51680000,1786085999999,423829.32314900,2997
1786086000000,1268.37000000,1284.85000000,1266.00000000,1284.42000000,475.37490000,1786089599999,608588.83483700,6097
1786089600000,1284.43000000,1310.90000000,1283.31000000,1302.59000000,2503.59600000,1786093199999,3248003.78801900,7753
1786093200000,1303.16000000,1305.85000000,1292.57000000,1293.83000000,845.94140000,1786096799999,1099530.92087700,3016
1786096800000,1293.73000000,1296.10000000,1284.20000000,1284.57000000,573.69360000,1786100399999,740963.62756500,1953
1786100400000,1284.59000000,1296.68000000,1284.59000000,1285.91000000,1051.45440000,1786103999999,1357101.89083600,3554
1786104000000,1285.91000000,1328.05000000,1285.20000000,1317.62000000,3986.68380000,1786107599999,5216497.90465400,15626
1786107600000,1317.60000000,1318.84000000,1216.00000000,1223.74000000,12454.37110000,1786111199999,15821814.93276900,31987
1786111200000,1223.74000000,1225.93000000,1185.84000000,1203.90000000,5210.02490000,1786114799999,6286806.01899900,30644
1786114800000,1203.52000000,1243.67000000,1201.84000000,1231.07000000,1355.64180000,1786118399999,1662962.64777500,8533
1786118400000,1231.96000000,1245.97000000,1219.35000000,1231.67000000,1149.07330000,1786121999999,1416519.91909400,2943
1786122000000,1230.97000000,1236.00000000,1225.56000000,1227.94000000,608.29090000,1786125599999,749202.68218300,2620
1786125600000,1228.46000000,1231.73000000,1222.38000000,1230.20000000,407.69120000,1786129199999,500146.34537900,2099
1786129200000,1231.44000000,1235.05000000,1210.60000000,1213.22000000,761.25710000,1786132799999,927202.60491600,2581
1786132800000,1213.57000000,1219.12000000,1207.30000000,1217.74000000,485.66900000,1786136399999,589262.35936300,1001
1786136400000,1217.82000000,1217.82000000,1211.18000000,1212.64000000,235.17080000,1786139999999,285402.00463100,475
1786140000000,1213.09000000,1214.09000000,1208.09000000,1212.85000000,225.83440000,1786143599999,273438.91782200,678
1786143600000,1212.83000000,1219.00000000,1210.51000000,1219.00000000,130.66590000,1786147199999,158668.04679100,896
1786147200000,1219.00000000,1221.48000000,1215.11000000,1216.94000000,160.07030000,1786150799999,195032.95373300,769
1786150800000,1216.94000000,1219.18000000,1215.00000000,1218.32000000,228.59350000,1786154399999,278104.63727300,871
1786154400000,1218.32000000,1219.18000000,1215.53000000,1216.48000000,74.22310000,1786157999999,90368.23410800,646
1786158000000,1216.48000000,1217.24000000,1211.74000000,1215.13000000,262.43930000,1786161599999,318802.75210800,1604
1786161600000,1215.13000000,1216.81000000,1211.85000000,1212.58000000,255.12760000,1786165199999,309853.59028600,1242
1786165200000,1212.62000000,1214.00000000,1209.02000000,1210.14000000,102.79740000,1786168799999,124573.73380200,415
1786168800000,1210.21000000,1211.38000000,1210.03000000,1210.77000000,125.06670000,1786172399999,151367.14335400,660
1786172400000,1210.73000000,1213.24000000,1210.18000000,1212.08000000,29.67870000,1786175999999,35937.76634000,260
1786176000000,1211.32000000,1212.57000000,1210.58000000,1210.67000000,27.42160000,1786179599999,33224.25658700,168
1786179600000,1211.99000000,1212.00000000,1210.26000000,1210.85000000,15.70470000,1786183199999,19020.00079100,132
1786183200000,1210.47000000,1213.89000000,1210.47000000,1212.92000000,85.29590000,1786186799999,103485.70039700,373
1786186800000,1212.90000000,1215.20000000,1212.80000000,1212.85000000,45.46890000,1786190399999,55177.50001200,256
1786190400000,1212.85000000,1214.49000000,1212.18000000,1213.56000000,27.90500000,1786193999999,33848.70922700,124
1786194000000,1213.81000000,1220.32000000,1213.52000000,1217.24000000,357.14590000,1786197599999,434686.05555600,1595
1786197600000,1217.01000000,1218.79000000,1213.37000000,1214.30000000,70.86250000,1786201199999,86132.31422300,431
1786201200000,1214.65000000,1216.30000000,1213.00000000,1215.67000000,86.13300000,1786204799999,104647.95592400,297
1786204800000,1215.20000000,1218.11000000,1214.68000000,1217.72000000,41.26040000,1786208399999,50183.91921800,149
1786208400000,1218.40000000,1220.85000000,1217.00000000,1218.92000000,55.00550000,1786211999999,67057.69260200,277
1786212000000,1218.64000000,1218.84000000,1214.59000000,1214.59000000,21.00250000,1786215599999,25555.41707500,157
1786215600000,1215.18000000,1218.15000000,1215.05000000,1216.90000000,29.85670000,1786219199999,36310.49925200,73
1786219200000,1217.13000000,1218.58000000,1216.69000000,1217.73000000,23.80080000,1786222799999,28983.11367200,130
1786222800000,1218.55000000,1218.88000000,1217.46000000,1218.30000000,31.11640000,1786226399999,37910.78660400,123
1786226400000,1218.03000000,1219.63000000,1217.27000000,1219.45000000,21.53980000,1786229999999,26245.48957500,146
1786230000000,1219.49000000,1220.44000000,1217.25000000,1218.89000000,31.19220000,1786233599999,38013.10594600,139
1786233600000,1218.89000000,1220.70000000,1218.35000000,1219.04000000,21.59360000,1786237199999,26329.61121900,85
1786237200000,1219.25000000,1221.25000000,1216.66000000,1217.42000000,91.16820000,1786240799999,111125.95847400,202
1786240800000,1218.29000000,1218.62000000,1217.44000000,1218.48000000,46.53990000,1786244399999,56695.77500200,232
1786244400000,1218.41000000,1220.00000000,1217.41000000,1220.00000000,33.22580000,1786247999999,40485.28499500,120
1786248000000,1219.91000000,1220.56000000,1219.19000000,1219.65000000,22.38080000,1786251599999,27298.60736400,90
1786251600000,1219.97000000,1225.24000000,1216.01000000,1222.92000000,165.79070000,1786255199999,202223.01273800,704
1786255200000,1222.92000000,1224.92000000,1222.88000000,1223.70000000,42.95660000,1786258799999,52573.32483800,387
1786258800000,1223.55000000,1223.55000000,1219.37000000,1220.72000000,210.30390000,1786262399999,256851.59641200,787
1786262400000,1221.01000000,1221.77000000,1214.59000000,1215.62000000,58.83510000,1786265999999,71663.69375300,262
1786266000000,1215.42000000,1217.83000000,1215.27000000,1217.06000000,29.91800000,1786269599999,36392.21370600,141
1786269600000,1217.19000000,1217.75000000,1214.38000000,1217.22000000,198.31920000,1786273199999,241261.79353400,627
1786273200000,1217.49000000,1218.33000000,1216.26000000,1217.57000000,66.91250000,1786276799999,81469.90604900,168
1786276800000,1217.84000000,1218.14000000,1215.82000000,1217.69000000,68.21390000,1786280399999,83029.55441800,262
1786280400000,1217.33000000,1219.89000000,1216.17000000,1217.58000000,50.69040000,1786283999999,61732.16508500,196
1786284000000,1217.64000000,1220.44000000,1217.24000000,1220.44000000,81.86600000,1786287599999,99787.72181900,408
1786287600000,1220.44000000,1222.29000000,1220.02000000,1221.50000000,163.91890000,1786291199999,200203.26173700,557
1786291200000,1221.73000000,1222.93000000,1220.17000000,1222.75000000,145.88680000,1786294799999,178167.20631400,542
1786294800000,1222.83000000,1232.90000000,1221.57000000,1229.27000000,128.23450000,1786298399999,157243.18701600,899
1786298400000,1229.06000000,1232.84000000,1226.53000000,1226.66000000,129.93010000,1786301999999,159723.36300800,737
1786302000000,1226.86000000,1231.45000000,1225.94000000,1230.97000000,130.09580000,1786305599999,159790.35099200,608
1786305600000,1230.97000000,1231.14000000,1227.21000000,1229.21000000,79.51240000,1786309199999,97712.43122300,454
1786309200000,1229.21000000,1232.10000000,1227.16000000,1231.06000000,61.42350000,1786312799999,75510.13690400,689
1786312800000,1231.75000000,1233.21000000,1222.13000000,1223.44000000,75.79180000,1786316399999,93063.69832800,793
1786316400000,1224.76000000,1228.76000000,1217.85000000,1220.75000000,289.33730000,1786319999999,353410.64529500,1466
1786320000000,1220.60000000,1236.66000000,1208.57000000,1215.31000000,1527.59470000,1786323599999,1866168.65938900,8520
1786323600000,1215.03000000,1223.88000000,1210.00000000,1221.49000000,1337.35390000,1786327199999,1627933.28506200,7315
1786327200000,1222.13000000,1222.17000000,1212.84000000,1218.01000000,1151.11150000,1786330799999,1401216.43595900,6625
1786330800000,1218.00000000,1220.20000000,1215.89000000,1217.78000000,1021.56990000,1786334399999,1244642.96136500,5957
1786334400000,1217.79000000,1221.48000000,1212.20000000,1213.63000000,2117.21620000,1786337999999,2576667.23026200,11388
1786338000000,1213.62000000,1221.18000000,1213.49000000,1220.17000000,1083.64680000,1786341599999,1320316.11077900,5754
1786341600000,1220.35000000,1228.79000000,1219.46000000,1224.40000000,256.61960000,1786345199999,314080.12080500,1331
1786345200000,1224.20000000,1229.11000000,1223.35000000,1226.27000000,518.28300000,1786348799999,635834.17085500,2030
1786348800000,1225.68000000,1239.65000000,1222.87000000,1226.83000000,827.31950000,1786352399999,1018450.56512900,1998
1786352400000,1226.25000000,1226.25000000,1210.45000000,1216.43000000,304.14030000,1786355999999,370115.46966000,2855
1786356000000,1216.35000000,1221.58000000,1212.95000000,1213.90000000,380.89060000,1786359599999,463829.24636600,1333
1786359600000,1213.75000000,1217.29000000,1189.30000000,1209.08000000,1995.57400000,1786363199999,2394082.90475100,7222
1786363200000,1208.69000000,1209.21000000,1191.25000000,1195.40000000,1450.81420000,1786366799999,1741766.15173800,3380
1786366800000,1195.61000000,1253.35000000,1193.41000000,1245.99000000,10456.50060000,1786370399999,12802730.92184200,52889
1786370400000,1245.99000000,1277.75000000,1233.70000000,1235.62000000,7704.11390000,1786373999999,9687018.32672700,116592
1786374000000,1235.87000000,1250.00000000,1226.79000000,1245.60000000,3655.55360000,1786377599999,4531675.68054700,46961
1786377600000,1245.61000000,1261.73000000,1243.02000000,1253.32000000,3061.58250000,1786381199999,3834517.59127200,12956
1786381200000,1253.13000000,1263.32000000,1250.39000000,1262.07000000,889.70360000,1786384799999,1119162.64384300,2690
1786384800000,1261.64000000,1263.76000000,1251.42000000,1252.87000000,345.45060000,1786388399999,434297.25979900,952
1786388400000,1252.85000000,1255.92000000,1234.92000000,1238.10000000,644.54930000,1786391999999,802698.91767300,1641
1786392000000,1238.95000000,1243.45000000,1229.24000000,1241.20000000,474.72550000,1786395599999,586973.73735300,1119
1786395600000,1241.09000000,1241.94000000,1237.92000000,1239.05000000,145.06700000,1786399199999,179901.00316800,334
1786399200000,1239.30000000,1242.51000000,1233.95000000,1235.92000000,156.78380000,1786402799999,194096.36626400,341
1786402800000,1235.92000000,1236.90000000,1227.16000000,1236.59000000,252.86260000,1786406399999,311628.42400100,686
1786406400000,1236.53000000,1241.48000000,1233.18000000,1238.28000000,223.84320000,1786409999999,277076.86389200,1009
1786410000000,1238.28000000,1259.25000000,1235.32000000,1250.14000000,570.23640000,1786413599999,712808.36760500,2213
1786413600000,1250.47000000,1254.38000000,1248.09000000,1252.31000000,106.04550000,1786417199999,132664.91331900,614
1786417200000,1251.46000000,1259.95000000,1250.71000000,1257.36000000,127.53590000,1786420799999,159999.45028700,702
1786420800000,1258.13000000,1265.85000000,1258.13000000,1260.20000000,223.68360000,1786424399999,282493.68100700,1567
1786424400000,1259.82000000,1262.63000000,1252.06000000,1252.14000000,196.27670000,1786427999999,246817.89631900,1106
1786428000000,1252.35000000,1256.37000000,1241.99000000,1246.51000000,293.47560000,1786431599999,366583.92168100,1521
1786431600000,1245.32000000,1253.33000000,1245.25000000,1251.08000000,185.72250000,1786435199999,231872.09381000,1133
1786435200000,1251.41000000,1259.52000000,1233.51000000,1239.86000000,555.85850000,1786438799999,692011.35040300,3211
1786438800000,1240.25000000,1243.98000000,1232.16000000,1242.53000000,243.15560000,1786442399999,301489.51506400,1090
1786442400000,1242.53000000,1246.76000000,1237.84000000,1244.57000000,302.19490000,1786445999999,375653.86054200,1400
1786446000000,1245.42000000,1253.69000000,1245.20000000,1247.81000000,825.14680000,1786449599999,1031026.94515500,2301
1786449600000,1248.21000000,1260.96000000,1245.27000000,1258.29000000,1177.37680000,1786453199999,1478795.25370400,3385
1786453200000,1257.21000000,1287.21000000,1243.39000000,1253.95000000,10486.79950000,1786456799999,13281538.12326600,12103
1786456800000,1253.37000000,1268.36000000,1244.40000000,1265.97000000,3917.03610000,1786460399999,4924880.26363800,6086
1786460400000,1266.07000000,1280.24000000,1259.71000000,1270.00000000,2889.55140000,1786463999999,3676122.30592500,10059
1786464000000,1270.00000000,1277.75000000,1266.70000000,1269.24000000,1495.45520000,1786467599999,1903141.31692500,6021
1786467600000,1269.49000000,1269.81000000,1260.32000000,1268.35000000,755.62340000,1786471199999,955553.76027700,2176
1786471200000,1267.49000000,1273.00000000,1261.89000000,1269.94000000,390.89630000,1786474799999,495323.92113600,1511
1786474800000,1269.95000000,1284.31000000,1267.85000000,1271.44000000,1135.87740000,1786478399999,1450996.08269400,3075
1786478400000,1271.85000000,1280.89000000,1269.75000000,1274.43000000,702.94650000,1786481999999,896216.37316000,1604
1786482000000,1274.51000000,1276.64000000,1273.32000000,1274.67000000,250.25030000,1786485599999,319035.17101100,1036
1786485600000,1274.73000000,1281.00000000,1273.28000000,1279.47000000,159.78350000,1786489199999,203962.75364800,517
1786489200000,1279.25000000,1279.34000000,1275.52000000,1278.01000000,163.18660000,1786492799999,208521.43044000,440
1786492800000,1278.01000000,1284.14000000,1270.60000000,1275.02000000,371.30090000,1786496399999,474258.24454200,1252
1786496400000,1274.95000000,1293.04000000,1272.91000000,1292.19000000,293.64630000,1786499999999,376526.83967800,1179
1786500000000,1293.20000000,1311.03000000,1288.78000000,1306.68000000,892.55280000,1786503599999,1160375.26047000,2525
1786503600000,1306.89000000,1319.66000000,1306.14000000,1308.51000000,732.22800000,1786507199999,962692.59839300,3121
1786507200000,1308.68000000,1312.20000000,1302.97000000,1305.11000000,141.73750000,1786510799999,185195.65106600,648
1786510800000,1304.60000000,1306.06000000,1295.77000000,1304.11000000,239.06790000,1786514399999,310840.90738800,596
1786514400000,1304.21000000,1306.17000000,1298.98000000,1303.13000000,119.09550000,1786517999999,155191.90999900,397
1786518000000,1303.24000000,1309.78000000,1303.18000000,1309.71000000,106.20240000,1786521599999,138692.00244300,602
1786521600000,1309.72000000,1331.13000000,1301.72000000,1326.27000000,2176.84350000,1786525199999,2881927.01124000,7313
1786525200000,1326.17000000,1330.41000000,1320.59000000,1323.71000000,715.01170000,1786528799999,947285.05966400,1781
1786528800000,1323.17000000,1326.41000000,1319.06000000,1320.70000000,519.54590000,1786532399999,687751.70966900,1311
1786532400000,1321.96000000,1327.44000000,1317.49000000,1326.26000000,384.48900000,1786535999999,508254.27638400,1049
1786536000000,1326.09000000,1346.65000000,1314.15000000,1346.03000000,4233.55370000,1786539599999,5642447.77152600,12922
1786539600000,1346.04000000,1372.40000000,1311.50000000,1365.90000000,11684.40040000,1786543199999,15714339.22238000,25361
1786543200000,1365.66000000,1388.88000000,1356.52000000,1376.14000000,3345.86720000,1786546799999,4598183.15581200,6016
1786546800000,1375.70000000,1385.00000000,1370.97000000,1376.95000000,1056.34970000,1786550399999,1455349.57256100,2039
1786550400000,1377.64000000,1384.70000000,1365.30000000,1367.38000000,941.32790000,1786553999999,1291636.07245900,1631
1786554000000,1368.01000000,1381.30000000,1365.82000000,1378.21000000,314.30660000,1786557599999,431944.75842700,805
1786557600000,1378.43000000,1379.19000000,1343.92000000,1346.90000000,823.23830000,1786561199999,1117012.08892200,1549
1786561200000,1346.66000000,1352.25000000,1335.88000000,1345.08000000,882.21080000,1786564799999,1185682.92603300,3011
1786564800000,1345.54000000,1352.56000000,1339.34000000,1342.36000000,665.11480000,1786568399999,894489.71997200,2080
1786568400000,1342.33000000,1353.39000000,1340.67000000,1350.00000000,199.18090000,1786571999999,268550.43729100,1026
1786572000000,1349.64000000,1350.77000000,1345.61000000,1350.01000000,115.25080000,1786575599999,155380.09335200,667
1786575600000,1349.68000000,1363.20000000,1349.52000000,1362.35000000,295.60300000,1786579199999,401340.18429800,1085
1786579200000,1361.20000000,1374.08000000,1352.98000000,1360.93000000,433.15290000,1786582799999,590852.57088500,2634
1786582800000,1360.88000000,1366.68000000,1355.76000000,1365.85000000,348.93330000,1786586399999,475132.06161300,1708
1786586400000,1365.70000000,1369.55000000,1362.77000000,1366.57000000,299.42320000,1786589999999,408929.00502300,1313
1786590000000,1366.15000000,1368.93000000,1361.93000000,1365.35000000,208.66680000,1786593599999,284984.46623800,914
1786593600000,1364.71000000,1368.48000000,1362.77000000,1364.23000000,192.91340000,1786597199999,263278.78612700,845
1786597200000,1363.90000000,1368.93000000,1357.56000000,1357.92000000,217.28830000,1786600799999,296467.78929900,995
1786600800000,1357.64000000,1362.25000000,1351.58000000,1353.11000000,1375.27970000,1786604399999,1865017.54360100,3283
1786604400000,1353.00000000,1353.72000000,1343.97000000,1348.74000000,401.54160000,1786607999999,541445.56004900,1467
1786608000000,1349.65000000,1349.68000000,1330.86000000,1343.41000000,977.01050000,1786611599999,1307360.26526800,2650
1786611600000,1343.41000000,1349.76000000,1336.04000000,1349.76000000,247.16630000,1786615199999,331731.54040300,991
1786615200000,1350.29000000,1355.84000000,1340.95000000,1353.18000000,412.51620000,1786618799999,556013.76870700,1453
1786618800000,1353.10000000,1360.39000000,1352.09000000,1356.10000000,403.32600000,1786622399999,546941.74107600,1096
1786622400000,1355.69000000,1358.56000000,1339.23000000,1353.63000000,1801.24020000,1786625999999,2429898.85308700,4196
1786626000000,1353.97000000,1414.19000000,1332.51000000,1410.99000000,7379.53310000,1786629599999,10084070.95761200,13560
1786629600000,1410.80000000,1431.56000000,1387.95000000,1404.54000000,8626.13200000,1786633199999,12220488.65913500,21887
1786633200000,1403.79000000,1579.95000000,1399.43000000,1532.99000000,13210.75390000,1786636799999,19795160.72794200,27260
1786636800000,1533.68000000,1562.20000000,1533.68000000,1548.80000000,4141.80080000,1786640399999,6413793.85120800,8179
1786640400000,1548.75000000,1573.00000000,1547.94000000,1560.61000000,2178.98130000,1786643999999,3405501.05523100,3178
1786644000000,1560.51000000,1566.47000000,1544.08000000,1545.58000000,1886.78360000,1786647599999,2933569.29335200,3061
1786647600000,1544.55000000,1554.72000000,1515.18000000,1528.28000000,1370.55200000,1786651199999,2098351.40642900,3417
1786651200000,1529.85000000,1550.27000000,1527.50000000,1546.76000000,890.54950000,1786654799999,1370837.98456600,1536
1786654800000,1545.42000000,1549.40000000,1541.21000000,1547.33000000,150.77410000,1786658399999,233012.45366200,399
1786658400000,1546.09000000,1565.15000000,1546.09000000,1564.58000000,421.48840000,1786661999999,655715.81691100,1372
1786662000000,1564.58000000,1570.14000000,1559.01000000,1570.14000000,856.51900000,1786665599999,1340730.71827300,2818
1786665600000,1570.14000000,1570.66000000,1538.00000000,1539.90000000,420.73960000,1786669199999,652704.12137000,1828
1786669200000,1538.09000000,1544.32000000,1533.00000000,1541.46000000,254.92280000,1786672799999,392374.77184900,1360
1786672800000,1541.24000000,1553.24000000,1541.24000000,1543.26000000,427.55530000,1786676399999,660997.68417700,2718
1786676400000,1542.93000000,1548.30000000,1541.57000000,1545.23000000,303.42540000,1786679999999,468769.65640700,1861
1786680000000,1545.23000000,1552.58000000,1542.34000000,1547.68000000,279.41660000,1786683599999,432687.40712900,1344
1786683600000,1546.86000000,1558.84000000,1544.24000000,1556.05000000,319.92840000,1786687199999,495593.82629900,1234
1786687200000,1556.05000000,1564.55000000,1551.46000000,1562.00000000,492.28930000,1786690799999,766404.88058600,1665
1786690800000,1561.92000000,1567.19000000,1557.48000000,1561.59000000,501.73280000,1786694399999,783879.50235400,1595
1786694400000,1560.86000000,1630.34000000,1557.87000000,1587.05000000,3655.04380000,1786697999999,5818641.83386000,10685
1786698000000,1586.67000000,1619.74000000,1583.03000000,1614.01000000,1657.47830000,1786701599999,2645730.57520100,3604
1786701600000,1614.07000000,1625.15000000,1608.62000000,1618.48000000,1281.37220000,1786705199999,2071098.71610300,2847
1786705200000,1618.86000000,1644.23000000,1618.38000000,1632.94000000,3241.64250000,1786708799999,5300917.30805900,7231
1786708800000,1632.37000000,1637.57000000,1618.97000000,1636.51000000,3177.60390000,1786712399999,5170065.60983900,6190
1786712400000,1636.45000000,1650.26000000,1568.55000000,1620.27000000,5591.41270000,1786715999999,9051911.90336000,13128
1786716000000,1619.65000000,1667.25000000,1588.67000000,1628.48000000,4341.35120000,1786719599999,7056946.44779800,6383
1786719600000,1627.36000000,1648.67000000,1610.00000000,1623.74000000,3017.60620000,1786723199999,4919303.43406700,5116
1786723200000,1623.61000000,1633.43000000,1612.05000000,1628.33000000,1407.02090000,1786726799999,2284908.53762000,1808
1786726800000,1628.91000000,1634.56000000,1621.63000000,1632.67000000,820.33450000,1786730399999,1336426.19392800,1379
1786730400000,1632.96000000,1638.56000000,1624.73000000,1632.61000000,560.73030000,1786733999999,914972.45734600,1415
1786734000000,1632.40000000,1647.27000000,1612.56000000,1641.39000000,1484.89170000,1786737599999,2420500.86671200,2458
1786737600000,1641.75000000,1655.00000000,1636.35000000,1646.00000000,1074.75070000,1786741199999,1769403.19576200,1658
1786741200000,1646.05000000,1666.86000000,1644.68000000,1661.17000000,843.48540000,1786744799999,1398384.77944300,1558
1786744800000,1661.76000000,1678.77000000,1653.39000000,1656.91000000,846.70120000,1786748399999,1409203.79005500,2035
1786748400000,1656.88000000,1662.00000000,1655.12000000,1659.27000000,466.80040000,1786751999999,774169.38816300,1029
1786752000000,1659.27000000,1659.58000000,1651.49000000,1654.07000000,117.53650000,1786755599999,194491.96546500,442
1786755600000,1654.25000000,1654.85000000,1645.00000000,1648.79000000,91.95540000,1786759199999,151637.45490100,407
1786759200000,1648.83000000,1649.20000000,1644.00000000,1647.02000000,85.54280000,1786762799999,140830.33289900,390
1786762800000,1646.95000000,1651.81000000,1644.96000000,1648.68000000,140.71330000,1786766399999,231950.42619600,894
1786766400000,1648.68000000,1650.51000000,1646.96000000,1648.39000000,102.91270000,1786769999999,169678.21301800,646
1786770000000,1648.83000000,1649.88000000,1647.70000000,1648.60000000,35.23140000,1786773599999,58089.91270300,340
1786773600000,1649.21000000,1655.00000000,1648.40000000,1654.37000000,74.85380000,1786777199999,123649.74257500,575
1786777200000,1654.58000000,1656.62000000,1651.51000000,1655.35000000,54.26500000,1786780799999,89745.03809000,630
1786780800000,1654.80000000,1655.37000000,1653.14000000,1654.66000000,112.08560000,1786784399999,185448.17802000,655
1786784400000,1654.66000000,1654.67000000,1651.02000000,1652.08000000,46.30930000,1786787999999,76541.45856900,357
1786788000000,1652.17000000,1654.82000000,1650.89000000,1653.75000000,68.76160000,1786791599999,113676.04097600,316
1786791600000,1653.65000000,1653.65000000,1650.72000000,1651.42000000,22.89640000,1786795199999,37816.89893900,189
1786795200000,1651.42000000,1654.24000000,1651.42000000,1654.24000000,55.56440000,1786798799999,91848.18817900,437
1786798800000,1654.14000000,1655.47000000,1652.94000000,1654.45000000,55.61550000,1786802399999,92005.30247500,511
1786802400000,1654.13000000,1655.04000000,1652.81000000,1653.13000000,30.69910000,1786805999999,50782.38308500,319
1786806000000,1652.75000000,1655.16000000,1651.85000000,1653.69000000,49.92130000,1786809599999,82547.40896800,392
1786809600000,1653.54000000,1653.97000000,1650.49000000,1650.82000000,42.00560000,1786813199999,69409.45084500,324
1786813200000,1650.27000000,1654.16000000,1650.05000000,1652.84000000,15.30230000,1786816799999,25286.15371300,152
1786816800000,1652.80000000,1654.22000000,1652.42000000,1653.20000000,24.53360000,1786820399999,40557.84121300,178
1786820400000,1653.21000000,1654.92000000,1651.28000000,1651.86000000,12.32080000,1786823999999,20369.56273400,117
1786824000000,1651.80000000,1653.57000000,1651.19000000,1653.57000000,8.52600000,1786827599999,14091.56023000,73
1786827600000,1652.86000000,1654.58000000,1652.81000000,1653.76000000,4.68300000,1786831199999,7746.47431700,38
1786831200000,1653.85000000,1654.02000000,1652.17000000,1654.00000000,16.30120000,1786834799999,26950.20620200,173
1786834800000,1653.93000000,1654.68000000,1652.89000000,1653.62000000,12.06680000,1786838399999,19955.88431100,153
1786838400000,1653.59000000,1655.54000000,1653.59000000,1654.40000000,21.38680000,1786841999999,35381.88058100,125
1786842000000,1654.14000000,1655.62000000,1654.14000000,1655.32000000,11.83260000,1786845599999,19581.01526800,143
1786845600000,1655.43000000,1663.76000000,1655.43000000,1658.70000000,81.74760000,1786849199999,135713.51903500,490
1786849200000,1658.58000000,1674.06000000,1658.58000000,1665.75000000,94.51980000,1786852799999,157504.09930000,491
1786852800000,1665.45000000,1665.98000000,1661.09000000,1663.36000000,59.42980000,1786856399999,98872.79242200,550
1786856400000,1663.07000000,1664.64000000,1662.54000000,1663.46000000,11.97880000,1786859999999,19922.70664000,136
1786860000000,1663.66000000,1667.34000000,1663.30000000,1667.34000000,21.58880000,1786863599999,35953.65237500,168
1786863600000,1666.39000000,1666.39000000,1663.75000000,1665.50000000,8.74610000,1786867199999,14562.06760500,95
1786867200000,1665.72000000,1665.77000000,1663.94000000,1664.07000000,5.89180000,1786870799999,9808.34602100,64
1786870800000,1664.10000000,1664.65000000,1659.33000000,1661.01000000,24.02870000,1786874399999,39918.55306800,216
1786874400000,1660.86000000,1662.69000000,1657.38000000,1661.55000000,52.64160000,1786877999999,87456.76960200,771
1786878000000,1661.87000000,1661.87000000,1659.24000000,1660.60000000,8.79520000,1786881599999,14601.43327900,88
1786881600000,1659.64000000,1659.83000000,1648.33000000,1651.47000000,130.72510000,1786885199999,216133.85267800,1052
1786885200000,1651.46000000,1658.32000000,1650.75000000,1654.33000000,85.28650000,1786888799999,141041.08913600,523
1786888800000,1654.29000000,1656.82000000,1652.29000000,1654.71000000,32.51350000,1786892399999,53810.96429700,196
1786892400000,1654.85000000,1661.10000000,1654.02000000,1659.37000000,24.67730000,1786895999999,40915.48272000,204
1786896000000,1658.18000000,1665.00000000,1657.46000000,1662.58000000,73.72370000,1786899599999,122453.12082900,316
1786899600000,1663.01000000,1665.91000000,1662.57000000,1665.20000000,13.20140000,1786903199999,21967.41286200,117
1786903200000,1665.47000000,1668.53000000,1663.18000000,1663.95000000,28.61610000,1786906799999,47697.09816300,188
1786906800000,1663.39000000,1664.42000000,1660.82000000,1660.82000000,26.64330000,1786910399999,44295.40236900,191
1786910400000,1660.82000000,1664.50000000,1660.82000000,1661.97000000,11.20720000,1786913999999,18636.99183300,97
1786914000000,1661.58000000,1664.08000000,1660.15000000,1661.23000000,13.44640000,1786917599999,22353.17476100,186
1786917600000,1661.09000000,1665.37000000,1655.65000000,1658.07000000,55.94110000,1786921199999,92851.39661900,507
1786921200000,1657.98000000,1659.05000000,1654.73000000,1657.68000000,75.50990000,1786924799999,125105.32488500,491
1786924800000,1657.44000000,1687.90000000,1657.44000000,1677.00000000,987.52760000,1786928399999,1654015.99596000,4812
1786928400000,1676.69000000,1684.24000000,1673.15000000,1673.15000000,140.15350000,1786931999999,235231.92871300,1096
1786932000000,1672.75000000,1772.45000000,1672.43000000,1718.25000000,2734.28060000,1786935599999,4718241.76166100,9946
1786935600000,1718.47000000,1731.84000000,1716.70000000,1721.71000000,619.25360000,1786939199999,1068290.17300400,2431
1786939200000,1721.88000000,1730.61000000,1714.68000000,1723.28000000,432.47540000,1786942799999,745411.11306900,2296
1786942800000,1723.27000000,1750.74000000,1723.27000000,1743.97000000,681.30940000,1786946399999,1185321.44667300,2819
1786946400000,1744.12000000,1751.52000000,1736.38000000,1741.10000000,372.15500000,1786949999999,647910.00075200,2166
1786950000000,1741.04000000,1743.17000000,1726.14000000,1741.21000000,478.20750000,1786953599999,829491.58180800,2785
1786953600000,1741.46000000,1741.54000000,1726.25000000,1732.21000000,735.68580000,1786957199999,1276239.14548400,2579
1786957200000,1732.01000000,1732.45000000,1715.97000000,1722.15000000,584.10690000,1786960799999,1006876.90591900,1944
1786960800000,1721.04000000,1737.02000000,1720.77000000,1733.36000000,459.17300000,1786964399999,794924.72901600,1541
1786964400000,1732.70000000,1737.68000000,1706.79000000,1712.99000000,874.72150000,1786967999999,1506446.98424800,3283
1786968000000,1712.79000000,1713.68000000,1688.44000000,1700.12000000,1911.81850000,1786971599999,3250148.20214200,7058
1786971600000,1699.83000000,1782.72000000,1687.60000000,1780.29000000,6278.59920000,1786975199999,10862643.06539100,17161
1786975200000,1780.40000000,1818.75000000,1757.74000000,1809.59000000,2783.93870000,1786978799999,4974909.52308700,13771
1786978800000,1809.34000000,1827.50000000,1780.91000000,1784.63000000,2051.71960000,1786982399999,3705520.45610200,6158
1786982400000,1784.93000000,1806.95000000,1784.93000000,1805.21000000,793.19670000,1786985999999,1423926.17984300,3773
1786986000000,1805.13000000,1813.38000000,1785.00000000,1791.47000000,661.93410000,1786989599999,1190049.97175400,5605
1786989600000,1791.25000000,1796.05000000,1776.84000000,1782.21000000,510.75610000,1786993199999,911607.12379900,2620
1786993200000,1781.23000000,1790.43000000,1762.00000000,1787.82000000,771.20170000,1786996799999,1372811.35243100,2718
1786996800000,1787.16000000,1795.59000000,1775.36000000,1778.78000000,334.54180000,1787000399999,596988.37113900,1126
1787000400000,1780.04000000,1793.10000000,1779.48000000,1791.03000000,161.08850000,1787003999999,287375.12400900,457
1787004000000,1790.67000000,1816.30000000,1789.62000000,1816.04000000,894.36050000,1787007599999,1613469.04138600,2737
1787007600000,1815.20000000,1820.00000000,1805.69000000,1806.20000000,281.33070000,1787011199999,510130.52216900,853
1787011200000,1805.80000000,1816.00000000,1795.42000000,1801.86000000,328.95710000,1787014799999,593811.27323500,1359
1787014800000,1800.00000000,1803.09000000,1728.00000000,1750.88000000,886.01610000,1787018399999,1555291.98410300,3431
1787018400000,1751.00000000,1754.16000000,1713.16000000,1721.53000000,913.70270000,1787021999999,1582310.41739100,2974
1787022000000,1721.77000000,1734.52000000,1708.63000000,1724.97000000,826.35520000,1787025599999,1423606.27347300,2297
1787025600000,1725.23000000,1736.76000000,1716.29000000,1727.70000000,335.84040000,1787029199999,580231.66012300,924
1787029200000,1727.98000000,1727.98000000,1711.75000000,1711.75000000,354.23230000,1787032799999,608317.65399900,1243
1787032800000,1712.21000000,1729.28000000,1710.00000000,1727.97000000,372.13230000,1787036399999,639575.56458200,1039
1787036400000,1726.00000000,1731.79000000,1713.65000000,1716.73000000,200.76740000,1787039999999,345577.95462700,526
1787040000000,1717.07000000,1720.20000000,1674.25000000,1684.65000000,2685.53940000,1787043599999,4538790.62547000,6178
1787043600000,1685.91000000,1689.24000000,1674.00000000,1683.26000000,385.18370000,1787047199999,647556.24484100,908
1787047200000,1683.36000000,1690.95000000,1676.53000000,1689.86000000,326.09710000,1787050799999,549411.72772100,761
1787050800000,1689.54000000,1717.44000000,1686.82000000,1705.60000000,783.69960000,1787054399999,1336937.33288400,2432
1787054400000,1704.52000000,1712.26000000,1681.84000000,1686.98000000,1059.91120000,1787057999999,1793066.18745100,1911
1787058000000,1686.68000000,1725.08000000,1650.74000000,1675.37000000,6373.29290000,1787061599999,10752685.61275500,10467
1787061600000,1675.40000000,1685.00000000,1618.88000000,1623.12000000,3504.57020000,1787065199999,5803385.92063500,5395
1787065200000,1622.31000000,1658.16000000,1615.63000000,1646.41000000,2528.98440000,1787068799999,4130821.29576100,3829
1787068800000,1646.80000000,1649.84000000,1620.60000000,1626.78000000,1281.48390000,1787072399999,2092090.67685900,2505
1787072400000,1625.13000000,1630.72000000,1605.47000000,1612.96000000,564.58670000,1787075999999,911370.17492100,1178
1787076000000,1612.92000000,1619.49000000,1602.51000000,1615.15000000,292.39390000,1787079599999,470840.12380900,814
1787079600000,1614.10000000,1633.67000000,1604.48000000,1626.16000000,1391.36540000,1787083199999,2255518.86765500,3215
1787083200000,1626.20000000,1629.01000000,1613.29000000,1614.76000000,692.18810000,1787086799999,1121291.70281500,1539
1787086800000,1615.81000000,1619.36000000,1610.84000000,1612.11000000,283.22010000,1787090399999,457401.59412300,725
1787090400000,1612.77000000,1623.54000000,1589.43000000,1591.46000000,1078.28010000,1787093999999,1725343.91381600,3299
1787094000000,1591.69000000,1598.20000000,1581.75000000,1587.70000000,658.90640000,1787097599999,1047848.81954900,1551
1787097600000,1588.67000000,1618.50000000,1566.34000000,1596.01000000,1264.57310000,1787101199999,2011400.20218600,4668
1787101200000,1595.77000000,1626.66000000,1595.39000000,1614.71000000,741.71520000,1787104799999,1196903.72589200,2784
1787104800000,1614.00000000,1614.00000000,1588.55000000,1597.78000000,718.95130000,1787108399999,1147748.03622200,2480
1787108400000,1598.12000000,1605.19000000,1591.05000000,1594.35000000,234.65810000,1787111999999,374911.78907000,777
1787112000000,1594.59000000,1596.69000000,1571.57000000,1575.83000000,3204.41120000,1787115599999,5049737.89700400,5116
1787115600000,1575.77000000,1583.40000000,1567.10000000,1570.01000000,3489.62750000,1787119199999,5482007.26458300,13300
1787119200000,1569.79000000,1617.85000000,1566.70000000,1611.82000000,1520.14350000,1787122799999,2423434.62852600,14197
1787122800000,1612.10000000,1680.77000000,1602.00000000,1669.04000000,3830.70840000,1787126399999,6300099.05991000,9429
1787126400000,1669.63000000,1692.32000000,1653.53000000,1662.52000000,3998.52310000,1787129999999,6689836.08770300,6981
1787130000000,1662.02000000,1668.76000000,1612.63000000,1618.65000000,2435.34430000,1787133599999,3984532.20106000,4884
1787133600000,1618.00000000,1622.16000000,1593.02000000,1611.01000000,1430.12100000,1787137199999,2300945.82081100,3275
1787137200000,1610.61000000,1648.03000000,1605.94000000,1629.00000000,1606.70580000,1787140799999,2616206.92068000,3037
1787140800000,1629.19000000,1706.99000000,1624.55000000,1706.38000000,3596.40380000,1787144399999,6011841.38795400,12754
1787144400000,1706.34000000,1711.99000000,1572.85000000,1590.39000000,8710.68450000,1787147999999,14415039.20258000,19875
1787148000000,1590.00000000,1608.08000000,1546.00000000,1584.81000000,6582.50350000,1787151599999,10327428.07929900,10866
1787151600000,1585.92000000,1599.10000000,1573.90000000,1589.78000000,1375.87530000,1787155199999,2186376.56304700,3019
1787155200000,1588.66000000,1598.88000000,1580.00000000,1585.72000000,2028.18330000,1787158799999,3227960.68506900,3350
1787158800000,1584.86000000,1589.22000000,1556.96000000,1566.36000000,680.95700000,1787162399999,1070950.65350400,2494
1787162400000,1566.45000000,1573.20000000,1547.42000000,1566.90000000,599.16880000,1787165999999,935973.63014700,2453
1787166000000,1566.89000000,1579.00000000,1555.03000000,1569.41000000,821.48270000,1787169599999,1285651.96037500,2914
1787169600000,1570.00000000,1590.69000000,1569.89000000,1589.60000000,924.53720000,1787173199999,1461443.63347100,2504
1787173200000,1589.72000000,1600.61000000,1584.65000000,1588.32000000,896.13840000,1787176799999,1426554.70207800,4066
1787176800000,1588.58000000,1610.00000000,1587.57000000,1607.71000000,323.02960000,1787180399999,517009.82781800,2260
1787180400000,1607.57000000,1611.88000000,1594.77000000,1604.50000000,555.89180000,1787183999999,891140.88457600,2003
1787184000000,1604.36000000,1612.00000000,1575.50000000,1610.44000000,839.52510000,1787187599999,1338654.77952300,4716
1787187600000,1611.61000000,1619.77000000,1595.08000000,1601.78000000,328.23270000,1787191199999,526952.16943300,2667
1787191200000,1601.70000000,1609.38000000,1592.38000000,1598.47000000,175.09990000,1787194799999,280456.07075700,1469
1787194800000,1598.14000000,1605.35000000,1592.90000000,1602.66000000,95.78020000,1787198399999,153185.70975000,1351
1787198400000,1601.88000000,1617.11000000,1601.35000000,1603.21000000,204.37470000,1787201999999,329179.27904300,1293
1787202000000,1603.46000000,1610.29000000,1598.43000000,1603.01000000,118.52660000,1787205599999,190131.91153800,1206
1787205600000,1603.21000000,1634.80000000,1603.21000000,1624.21000000,368.92340000,1787209199999,597729.78484100,1627
1787209200000,1624.16000000,1624.16000000,1609.57000000,1610.33000000,118.94630000,1787212799999,192309.82894100,1138
1787212800000,1610.21000000,1616.00000000,1572.00000000,1581.08000000,1107.37620000,1787216399999,1759410.38764800,3637
1787216400000,1581.94000000,1598.00000000,1580.00000000,1597.22000000,537.97050000,1787219999999,855762.58169300,1237
1787220000000,1596.14000000,1601.82000000,1585.08000000,1595.81000000,481.34930000,1787223599999,767118.27977600,1052
1787223600000,1596.63000000,1596.89000000,1556.00000000,1563.95000000,1200.67690000,1787227199999,1892192.21029400,2359
1787227200000,1564.00000000,1567.90000000,1528.38000000,1554.05000000,2965.84380000,1787230799999,4585720.21484700,7476
1787230800000,1554.72000000,1621.71000000,1542.69000000,1586.45000000,9557.18820000,1787234399999,15156404.97414600,12684
1787234400000,1585.73000000,1631.20000000,1576.80000000,1608.76000000,5382.80830000,1787237999999,8649505.28708100,7834
1787238000000,1608.40000000,1620.43000000,1587.63000000,1600.65000000,1371.52220000,1787241599999,2199050.96570300,2925
1787241600000,1601.17000000,1611.63000000,1594.43000000,1596.78000000,363.35930000,1787245199999,582124.67847500,1955
1787245200000,1596.66000000,1598.55000000,1582.81000000,1585.79000000,466.46260000,1787248799999,741287.14765300,2121
1787248800000,1585.81000000,1587.93000000,1566.84000000,1584.13000000,454.19360000,1787252399999,716476.31324000,1841
1787252400000,1583.47000000,1606.93000000,1583.04000000,1601.38000000,896.42710000,1787255999999,1429445.14545200,3237
1787256000000,1601.25000000,1606.50000000,1590.38000000,1596.18000000,816.48010000,1787259599999,1304617.40836300,1701
1787259600000,1596.19000000,1597.76000000,1588.05000000,1590.67000000,485.28160000,1787263199999,772467.48362300,1130
1787263200000,1591.30000000,1593.72000000,1582.97000000,1591.91000000,353.50690000,1787266799999,561010.45307300,1001
1787266800000,1591.76000000,1593.79000000,1577.32000000,1577.50000000,405.18200000,1787270399999,642178.25484200,1387
1787270400000,1577.49000000,1606.24000000,1576.31000000,1595.36000000,317.64930000,1787273999999,504844.24816000,2378
1787274000000,1594.51000000,1613.00000000,1584.92000000,1603.71000000,362.13670000,1787277599999,579028.83647200,2801
1787277600000,1604.05000000,1611.56000000,1600.09000000,1607.97000000,180.39920000,1787281199999,289740.71139100,1374
1787281200000,1609.60000000,1610.00000000,1595.94000000,1597.12000000,157.02940000,1787284799999,251364.83716300,1002
1787284800000,1596.31000000,1601.56000000,1589.70000000,1600.46000000,135.51790000,1787288399999,216121.01392700,790
1787288400000,1600.89000000,1606.80000000,1596.00000000,1597.75000000,72.93260000,1787291999999,116885.18986700,371
1787292000000,1597.37000000,1608.32000000,1594.00000000,1607.36000000,168.25860000,1787295599999,269393.72637000,722
1787295600000,1607.59000000,1627.08000000,1607.15000000,1613.00000000,267.44500000,1787299199999,432680.91430400,1174
1787299200000,1614.09000000,1622.96000000,1585.61000000,1599.59000000,990.05800000,1787302799999,1583474.00416100,2890
1787302800000,1600.00000000,1616.00000000,1596.00000000,1611.92000000,592.00170000,1787306399999,950754.78149700,2758
1787306400000,1611.83000000,1617.00000000,1602.95000000,1605.69000000,239.57220000,1787309999999,385607.67987900,954
1787310000000,1605.39000000,1617.86000000,1596.71000000,1611.20000000,127.35310000,1787313599999,204773.92859200,832
1787313600000,1611.33000000,1623.51000000,1609.36000000,1617.20000000,147.74460000,1787317199999,239016.65583600,926
1787317200000,1616.93000000,1618.59000000,1572.00000000,1599.12000000,2353.59210000,1787320799999,3758877.35346900,6009
1787320800000,1598.15000000,1602.43000000,1575.39000000,1590.31000000,1203.26190000,1787324399999,1911973.37917400,3398
1787324400000,1590.47000000,1601.36000000,1583.38000000,1597.42000000,579.07040000,1787327999999,921702.50433700,1398
1787328000000,1597.94000000,1610.50000000,1586.95000000,1605.30000000,526.80840000,1787331599999,842250.42831300,1103
1787331600000,1605.33000000,1607.10000000,1598.01000000,1601.82000000,318.95910000,1787335199999,510884.19486200,699
1787335200000,1601.81000000,1604.90000000,1598.08000000,1603.27000000,102.93410000,1787338799999,164808.57843300,239
1787338800000,1603.38000000,1603.87000000,1591.63000000,1596.46000000,331.68160000,1787342399999,529347.86592500,710
1787342400000,1596.75000000,1599.03000000,1592.13000000,1596.20000000,304.10970000,1787345999999,485025.85795300,628
1787346000000,1595.98000000,1600.00000000,1595.51000000,1597.79000000,115.26300000,1787349599999,184100.86412000,351
1787349600000,1597.97000000,1600.68000000,1595.88000000,1596.58000000,295.29530000,1787353199999,471479.87234700,1034
1787353200000,1596.47000000,1596.47000000,1587.60000000,1593.41000000,345.98010000,1787356799999,550542.20382600,770
1787356800000,1593.27000000,1601.96000000,1593.22000000,1600.24000000,121.69520000,1787360399999,194543.59621000,580
1787360400000,1599.49000000,1599.49000000,1591.94000000,1595.77000000,77.22980000,1787363999999,123109.02513800,418
1787364000000,1596.69000000,1597.90000000,1594.01000000,1597.90000000,131.26140000,1787367599999,209544.01411800,812
1787367600000,1597.90000000,1598.24000000,1593.17000000,1594.43000000,201.82370000,1787371199999,321896.96451000,832
1787371200000,1594.44000000,1596.97000000,1592.31000000,1593.65000000,355.40960000,1787374799999,566495.58466000,922
1787374800000,1593.74000000,1597.29000000,1580.16000000,1596.83000000,520.58140000,1787378399999,827614.57370700,1957
1787378400000,1596.70000000,1602.41000000,1595.06000000,1599.19000000,106.75800000,1787381999999,170705.93838300,531
1787382000000,1599.80000000,1601.00000000,1597.72000000,1598.97000000,46.98800000,1787385599999,75152.31973600,159
1787385600000,1599.35000000,1600.31000000,1596.68000000,1599.37000000,22.25780000,1787389199999,35592.36874900,144
1787389200000,1599.89000000,1600.25000000,1597.13000000,1599.62000000,10.58690000,1787392799999,16926.70045700,129
1787392800000,1599.66000000,1599.66000000,1594.82000000,1598.02000000,67.54910000,1787396399999,107918.95073000,371
1787396400000,1597.72000000,1598.00000000,1595.89000000,1597.20000000,14.00590000,1787399999999,22362.82240200,90
1787400000000,1597.41000000,1599.12000000,1596.05000000,1596.21000000,11.49210000,1787403599999,18358.70034600,120
1787403600000,1596.26000000,1597.67000000,1595.80000000,1595.81000000,10.29010000,1787407199999,16431.80336000,102
1787407200000,1596.00000000,1596.87000000,1594.27000000,1595.14000000,50.56590000,1787410799999,80667.69357500,231
1787410800000,1595.14000000,1595.19000000,1588.33000000,1592.01000000,18.83050000,1787414399999,29975.30344600,208
1787414400000,1592.00000000,1593.92000000,1591.04000000,1591.04000000,79.11750000,1787417999999,125951.57214000,205
1787418000000,1591.49000000,1594.80000000,1591.49000000,1594.31000000,33.36710000,1787421599999,53173.60312900,112
1787421600000,1594.16000000,1594.82000000,1592.50000000,1594.09000000,7.95460000,1787425199999,12674.74986400,58
1787425200000,1594.18000000,1595.28000000,1593.62000000,1593.62000000,55.86200000,1787428799999,89060.58896000,152
1787428800000,1593.02000000,1595.31000000,1593.00000000,1595.31000000,9.25520000,1787432399999,14755.54197800,62
1787432400000,1595.02000000,1595.11000000,1591.14000000,1592.16000000,41.34520000,1787435999999,65843.27405500,156
1787436000000,1593.00000000,1593.82000000,1588.83000000,1589.19000000,30.21460000,1787439599999,48098.57780400,199
1787439600000,1589.20000000,1593.39000000,1588.83000000,1592.47000000,29.41490000,1787443199999,46768.92290700,168
1787443200000,1593.34000000,1594.60000000,1592.72000000,1594.06000000,97.97390000,1787446799999,156127.28440100,222
1787446800000,1594.12000000,1594.49000000,1590.93000000,1593.31000000,24.82220000,1787450399999,39526.47550000,132
1787450400000,1592.87000000,1596.31000000,1592.48000000,1596.07000000,29.95680000,1787453999999,47790.65316800,140
1787454000000,1595.51000000,1597.20000000,1593.96000000,1597.19000000,44.57050000,1787457599999,71120.98330600,188
1787457600000,1597.34000000,1597.69000000,1595.00000000,1596.91000000,108.61630000,1787461199999,173422.74256900,506
1787461200000,1597.16000000,1597.18000000,1590.69000000,1592.00000000,79.61670000,1787464799999,126785.38918800,295
1787464800000,1592.00000000,1592.01000000,1582.76000000,1585.48000000,193.60250000,1787468399999,307309.53641200,4115
1787468400000,1586.24000000,1591.10000000,1586.24000000,1590.06000000,7.48000000,1787471999999,11881.56260800,105
1787472000000,1590.50000000,1592.58000000,1589.52000000,1592.22000000,12.96210000,1787475599999,20619.19125300,97
1787475600000,1592.22000000,1592.22000000,1589.91000000,1590.77000000,7.79160000,1787479199999,12396.73170500,83
1787479200000,1590.58000000,1591.54000000,1588.52000000,1591.03000000,6.71590000,1787482799999,10682.55262900,68
1787482800000,1590.97000000,1595.21000000,1590.52000000,1594.97000000,39.08010000,1787486399999,62233.90620400,206
1787486400000,1594.78000000,1595.31000000,1593.40000000,1595.11000000,14.77510000,1787489999999,23554.90597900,127
1787490000000,1595.07000000,1597.07000000,1591.21000000,1594.11000000,139.13140000,1787493599999,221919.02034100,1393
1787493600000,1593.21000000,1596.51000000,1592.17000000,1595.77000000,165.13020000,1787497199999,263270.69774300,900
1787497200000,1595.89000000,1620.73000000,1595.89000000,1611.33000000,576.95000000,1787500799999,928859.13692700,2703
1787500800000,1611.33000000,1617.61000000,1609.58000000,1612.48000000,265.99540000,1787504399999,429015.75668900,2562
1787504400000,1612.34000000,1617.57000000,1610.00000000,1614.73000000,111.84630000,1787507999999,180372.08890800,897
1787508000000,1614.88000000,1622.23000000,1614.20000000,1621.99000000,31.72470000,1787511599999,51348.21719000,434
1787511600000,1622.00000000,1622.54000000,1614.92000000,1616.75000000,139.87900000,1787515199999,226554.60728400,1496
1787515200000,1616.73000000,1618.36000000,1612.68000000,1612.73000000,38.27420000,1787518799999,61860.72970000,1479
1787518800000,1612.98000000,1616.00000000,1611.96000000,1616.00000000,25.56840000,1787522399999,41253.04630100,265
1787522400000,1616.48000000,1618.61000000,1610.00000000,1615.06000000,33.68830000,1787525999999,54354.90885100,338
1787526000000,1614.10000000,1626.59000000,1614.00000000,1625.75000000,77.61040000,1787529599999,125994.13612500,435
1787529600000,1625.44000000,1625.75000000,1584.48000000,1596.37000000,200.14010000,1787533199999,320544.93676100,1944
1787533200000,1596.75000000,1597.46000000,1565.98000000,1566.75000000,176.81740000,1787536799999,279251.45798700,951
1787536800000,1567.86000000,1571.13000000,1551.00000000,1557.45000000,745.23120000,1787540399999,1164680.08488600,3269
1787540400000,1557.42000000,1557.42000000,1521.25000000,1531.07000000,614.13290000,1787543999999,942783.61836500,3325
1787544000000,1531.56000000,1544.62000000,1530.00000000,1534.31000000,196.74900000,1787547599999,302816.18720400,1024
1787547600000,1535.23000000,1542.42000000,1528.12000000,1532.17000000,241.16400000,1787551199999,369620.24147100,1304
1787551200000,1531.81000000,1534.56000000,1527.00000000,1530.00000000,159.54450000,1787554799999,244089.78928100,1166
1787554800000,1529.88000000,1537.20000000,1515.97000000,1522.51000000,260.46810000,1787558399999,396380.08348400,1049
1787558400000,1523.04000000,1534.58000000,1512.50000000,1531.85000000,849.87570000,1787561999999,1294033.22210400,3349
1787562000000,1531.18000000,1532.81000000,1518.75000000,1522.87000000,265.84270000,1787565599999,405420.43201400,968
1787565600000,1522.23000000,1525.03000000,1513.47000000,1518.36000000,553.30460000,1787569199999,840312.88696000,2217
1787569200000,1518.59000000,1527.87000000,1506.36000000,1516.00000000,1105.86850000,1787572799999,1676512.56563500,3675
1787572800000,1515.87000000,1515.87000000,1502.77000000,1505.71000000,571.03350000,1787576399999,861615.00968200,1707
1787576400000,1505.73000000,1510.49000000,1418.51000000,1430.46000000,14715.73690000,1787579999999,21400422.44007000,51738
1787580000000,1430.32000000,1469.17000000,1420.00000000,1461.56000000,2748.05360000,1787583599999,3967190.50864100,19106
1787583600000,1461.42000000,1493.28000000,1453.52000000,1487.41000000,1594.06570000,1787587199999,2341640.67297800,8622
1787587200000,1488.00000000,1515.80000000,1482.06000000,1493.13000000,934.94150000,1787590799999,1400956.56087400,2366
1787590800000,1492.81000000,1497.39000000,1473.34000000,1479.29000000,726.96320000,1787594399999,1078367.45943000,3971
1787594400000,1479.65000000,1512.30000000,1479.65000000,1496.45000000,472.71650000,1787597999999,707717.24486300,1458
1787598000000,1496.65000000,1500.95000000,1474.95000000,1492.07000000,1226.52730000,1787601599999,1823666.23485500,2119
1787601600000,1492.43000000,1504.66000000,1486.68000000,1489.73000000,512.38090000,1787605199999,767377.17623100,1071
1787605200000,1489.58000000,1489.58000000,1485.99000000,1487.52000000,114.84460000,1787608799999,170783.45508900,390
1787608800000,1487.57000000,1487.90000000,1477.95000000,1479.83000000,134.28370000,1787612399999,199093.31022600,529
1787612400000,1479.83000000,1483.40000000,1471.09000000,1473.58000000,295.32810000,1787615999999,436069.79389900,863
1787616000000,1474.00000000,1484.26000000,1455.00000000,1477.28000000,631.51970000,1787619599999,928327.86366300,2703
