funding_time,funding_rate
1673740800010,0.00010000
1673769600002,0.00010000
1673798400000,0.00010000
1673827200010,0.00010000
1673856000007,0.00010000
1673884800000,0.00010000
1673913600004,0.00010000
1673942400005,0.00010000
1673971200001,0.00010000
1674000000008,0.00010000
1674028800009,0.00010000
1674057600017,0.00010000
1674086400000,0.00010000
1674115200015,0.00010000
1674144000012,0.00010000
1674172800000,0.00010000
1674201600000,0.00010000
1674230400000,0.00010000
1674259200013,0.00010000
1674288000001,0.00010000
1674316800016,0.00010000
1674345600000,0.00010398
1674374400000,0.00024541
1674403200023,0.00013670
1674432000014,0.00010000
1674460800014,0.00012567
1674489600016,0.00024134
1674518400008,0.00022225
1674547200008,0.00010000
1674576000000,0.00010000
1674604800012,0.00010000
1674633600000,0.00010000
1674662400010,0.00010000
1674691200010,0.00010000
1674720000003,0.00010000
1674748800020,0.00010000
1674777600008,0.00010000
1674806400000,0.00010000
1674835200000,0.00010000
1674864000009,0.00010000
1674892800018,0.00010000
1674921600005,0.00010000
1674950400011,0.00010000
1674979200000,0.00010000
1675008000008,0.00010000
1675036800001,0.00010000
1675065600000,0.00010000
1675094400000,0.00010000
1675123200005,0.00010000
1675152000000,0.00010000
1675180800007,0.00010000
1675209600013,0.00010000
1675238400000,0.00010000
1675267200012,0.00010000
1675296000004,0.00010000
1675324800023,0.00010000
1675353600003,0.00010000
1675382400010,0.00030743
1675411200000,0.00020699
1675440000000,0.00010000
1675468800010,0.00029722
1675497600000,0.00010000
1675526400000,0.00010000
1675555200016,0.00010000
1675584000009,0.00010000
1675612800018,0.00010000
1675641600001,0.00010000
1675670400000,0.00010000
1675699200012,0.00010000
1675728000004,0.00010000
1675756800011,0.00010000
1675785600018,0.00010000
1675814400009,0.00010000
1675843200010,0.00010000
1675872000000,0.00010000
1675900800014,0.00010000
1675929600006,0.00010000
1675958400001,0.00010000
1675987200012,0.00010000
1676016000005,0.00010000
1676044800020,0.00010000
1676073600007,0.00010000
1676102400002,0.00010000
1676131200021,0.00010000
1676160000004,0.00010000
1676188800000,0.00010000
1676217600002,0.00010000
1676246400006,0.00010000
1676275200008,0.00010000
1676304000002,0.00010000
1676332800013,0.00010000
1676361600014,0.00010000
1676390400016,0.00010000
1676419200011,0.00010000
1676448000000,0.00010000
1676476800005,0.00010000
1676505600019,0.00010000
1676534400000,0.00010000
1676563200001,0.00010000
1676592000003,0.00010000
1676620800016,0.00010000
1676649600000,0.00010000
1676678400011,0.00010000
1676707200000,0.00010000
1676736000007,0.00010000
1676764800019,0.00010000
1676793600005,0.00010000
1676822400003,0.00010000
1676851200006,0.00010000
1676880000008,-0.00028382
1676908800006,0.00010000
1676937600001,0.00010000
1676966400004,0.00010000
1676995200011,0.00010000
1677024000009,0.00010000
1677052800010,0.00010000
1677081600000,0.00010000
1677110400006,0.00010000
1677139200005,0.00010000
1677168000002,0.00010000
1677196800015,0.00010000
1677225600011,0.00010000
1677254400014,0.00010000
1677283200015,0.00010000
1677312000015,0.00010000
1677340800015,0.00010000
1677369600007,0.00010000
1677398400012,0.00010000
1677427200000,0.00010000
1677456000011,0.00010000
1677484800003,0.00010000
1677513600000,0.00010000
1677542400011,0.00010000
1677571200018,0.00010000
1677600000005,0.00010000
1677628800016,0.00010000
1677657600000,0.00010000
1677686400008,0.00010000
1677715200009,0.00010000
1677744000013,0.00010000
1677772800000,0.00010000
1677801600000,0.00010000
1677830400013,0.00010000
1677859200000,0.00010000
1677888000001,0.00010000
1677916800008,0.00010000
1677945600012,0.00010000
1677974400000,0.00010000
1678003200000,0.00010000
1678032000015,0.00010000
1678060800007,0.00010000
1678089600017,0.00010000
1678118400000,0.00010000
1678147200009,0.00010000
1678176000016,0.00010000
1678204800017,0.00010000
1678233600000,0.00010000
1678262400014,0.00010000
1678291200021,0.00010000
1678320000010,0.00010000
1678348800013,0.00010000
1678377600002,0.00010000
1678406400000,0.00010000
1678435200000,0.00010000
1678464000005,0.00010000
1678492800011,0.00010000
1678521600003,0.00010000
1678550400011,0.00010000
1678579200001,0.00010000
1678608000000,0.00010000
1678636800005,0.00002914
1678665600010,0.00010000
1678694400018,0.00010000
1678723200003,0.00010000
1678752000010,0.00010000
1678780800009,0.00002325
1678809600010,0.00010000
1678838400011,0.00010000
1678867200000,0.00010000
1678896000012,0.00010000
1678924800004,0.00010000
1678953600018,0.00010000
1678982400005,0.00010000
1679011200017,0.00010000
1679040000010,0.00010000
1679068800003,0.00010000
1679097600012,0.00010000
1679126400000,0.00010000
1679155200016,0.00010000
1679184000013,0.00010000
1679212800024,0.00010000
1679241600000,0.00009781
1679270400005,0.00010000
1679299200012,0.00010000
1679328000015,0.00010000
1679356800006,0.00001720
1679385600004,0.00010000
1679414400003,0.00010000
1679443200000,0.00010000
1679472000003,0.00010000
1679500800000,0.00010000
1679529600016,0.00010000
1679558400001,0.00010000
1679587200013,0.00010000
1679616000013,0.00010000
1679644800012,0.00010000
1679673600027,0.00010000
1679702400015,0.00010000
1679731200011,0.00010000
1679760000011,0.00010000
1679788800000,0.00010000
1679817600015,0.00010000
1679846400000,0.00010000
1679875200019,0.00010000
1679904000009,0.00010000
1679932800000,0.00010000
1679961600007,0.00010000
1679990400000,0.00010000
1680019200013,0.00010000
1680048000010,0.00010000
1680076800006,0.00010000
1680105600014,0.00010000
1680134400000,0.00010000
1680163200000,0.00010000
1680192000006,0.00008820
1680220800003,0.00008680
1680249600006,0.00010000
1680278400011,0.00002973
1680307200000,-0.00023756
1680336000000,0.00006857
1680364800018,0.00000141
1680393600013,0.00010000
1680422400014,0.00010000
1680451200001,0.00010000
1680480000000,0.00010000
1680508800013,0.00010000
1680537600011,0.00010000
1680566400002,0.00010000
1680595200017,0.00010000
1680624000008,0.00010000
1680652800000,0.00010000
1680681600016,0.00010000
1680710400004,0.00010000
1680739200000,0.00010000
1680768000011,0.00010000
1680796800000,0.00010000
1680825600006,0.00010000
1680854400005,-0.00000405
1680883200000,0.00006575
1680912000000,-0.00059106
1680940800014,0.00004932
1680969600018,0.00010000
1680998400013,0.00010000
1681027200024,0.00010000
1681056000010,0.00010000
1681084800000,0.00010000
1681113600010,0.00010000
1681142400006,0.00010000
1681171200008,0.00010000
1681200000007,0.00010000
1681228800016,0.00010000
1681257600006,0.00010000
1681286400008,0.00010000
1681315200014,0.00010000
1681344000027,0.00010000
1681372800010,0.00010000
1681401600000,0.00010000
1681430400001,0.00010000
1681459200008,0.00010000
1681488000007,0.00010000
1681516800007,0.00010000
1681545600007,0.00010000
1681574400011,0.00010000
1681603200014,0.00010000
1681632000007,0.00010000
1681660800002,0.00010000
1681689600017,0.00010000
1681718400006,0.00010000
1681747200000,0.00010000
1681776000013,0.00010000
1681804800017,0.00010000
1681833600000,0.00010000
1681862400022,0.00010000
1681891200014,0.00010000
1681920000000,0.00010000
1681948800010,0.00010000
1681977600012,0.00010000
1682006400012,0.00010000
1682035200009,0.00000329
1682064000009,-0.00002452
1682092800003,0.00003277
1682121600000,0.00006468
1682150400000,-0.00003596
1682179200016,0.00010000
1682208000009,0.00010000
1682236800020,0.00010000
1682265600007,0.00010000
1682294400000,0.00010000
1682323200008,0.00010000
1682352000006,0.00010000
1682380800014,0.00010000
1682409600009,0.00010000
1682438400015,0.00010000
1682467200015,0.00010000
1682496000013,0.00010000
1682524800001,0.00010000
1682553600014,0.00010000
1682582400008,0.00010000
1682611200005,0.00010000
1682640000011,0.00010000
1682668800007,0.00010000
1682697600006,0.00010000
1682726400004,0.00010000
1682755200016,0.00010000
1682784000001,0.00010000
1682812800008,0.00010000
1682841600000,0.00010000
1682870400010,0.00010000
1682899200004,0.00010000
1682928000008,0.00010000
1682956800014,0.00010000
1682985600015,0.00010000
1683014400018,0.00010000
1683043200000,0.00010000
1683072000009,0.00010000
1683100800003,0.00010000
1683129600011,0.00010000
1683158400000,0.00010000
1683187200000,0.00010000
1683216000011,0.00010000
1683244800002,0.00010000
1683273600000,0.00010000
1683302400000,0.00010000
1683331200009,0.00010000
1683360000000,0.00010000
1683388800000,0.00010000
1683417600000,0.00010000
1683446400000,0.00010000
1683475200006,0.00010000
1683504000000,0.00010000
1683532800007,0.00010000
1683561600015,0.00010000
1683590400015,0.00010000
1683619200000,0.00010000
1683648000000,0.00010000
1683676800007,0.00010000
1683705600003,0.00010000
1683734400000,0.00010000
1683763200011,0.00010000
1683792000000,0.00010000
1683820800005,0.00010000
1683849600020,0.00010000
1683878400001,0.00010000
1683907200010,0.00010000
1683936000000,0.00010000
1683964800000,0.00010000
1683993600026,0.00010000
1684022400029,0.00010000
1684051200010,0.00010000
1684080000008,0.00010000
1684108800006,0.00010000
1684137600005,0.00010000
1684166400008,0.00010000
1684195200021,0.00010000
1684224000000,0.00010000
1684252800000,0.00010000
1684281600010,0.00010000
1684310400000,0.00010000
1684339200001,0.00010000
1684368000000,0.00010000
1684396800026,0.00010000
1684425600019,0.00010000
1684454400000,0.00010000
1684483200002,0.00010000
1684512000000,0.00010000
1684540800005,0.00010000
1684569600014,0.00010000
1684598400020,0.00010000
1684627200014,0.00010000
1684656000001,0.00010000
1684684800015,0.00010000
1684713600028,0.00010000
1684742400000,0.00010000
1684771200012,0.00010000
1684800000006,0.00010000
1684828800014,0.00010000
1684857600008,0.00010000
1684886400000,0.00010000
1684915200025,0.00010000
1684944000008,0.00010000
1684972800000,0.00010000
1685001600025,0.00010000
1685030400016,0.00010000
1685059200000,0.00010000
1685088000024,0.00010000
1685116800012,0.00010000
1685145600012,0.00010000
1685174400018,0.00010000
1685203200008,0.00010000
1685232000017,0.00010000
1685260800015,0.00010000
1685289600000,0.00010000
1685318400000,0.00010000
1685347200020,0.00010000
1685376000011,0.00010000
1685404800003,0.00010000
1685433600000,0.00010000
1685462400003,0.00010000
1685491200013,0.00010000
1685520000000,0.00010000
1685548800000,0.00010000
1685577600008,0.00010000
1685606400012,0.00010000
1685635200000,0.00010000
1685664000000,0.00010000
1685692800006,0.00010000
1685721600012,0.00010000
1685750400000,0.00010000
1685779200011,0.00010000
1685808000003,0.00010000
1685836800000,0.00010000
1685865600000,0.00010000
1685894400000,0.00010000
1685923200005,0.00010000
1685952000000,0.00010000
1685980800000,0.00010000
1686009600000,0.00010000
1686038400009,0.00010000
1686067200013,0.00010000
1686096000000,0.00010000
1686124800016,0.00010000
1686153600000,0.00010000
1686182400006,-0.00034183
1686211200000,-0.00093195
1686240000000,-0.00286613
1686268800000,-0.00035181
1686297600000,-0.00012532
1686326400000,-0.00032514
1686355200000,-0.00024835
1686384000000,-0.00211809
1686412800000,-0.00035477
1686441600001,-0.00121452
1686470400000,-0.00089360
1686499200000,-0.00051226
1686528000000,-0.00034237
1686556800000,-0.00017363
1686585600001,-0.00002783
1686614400000,0.00007016
1686643200000,-0.00012745
1686672000000,-0.00017742
1686700800000,0.00010000
1686729600000,-0.00021367
1686758400000,0.00005743
1686787200000,0.00007001
1686816000000,0.00004435
1686844800000,0.00007306
1686873600000,0.00005622
1686902400000,-0.00008511
1686931200000,-0.00002700
1686960000000,0.00009864
1686988800000,0.00010000
1687017600000,0.00010000
1687046400000,0.00010000
1687075200000,0.00010000
1687104000000,0.00006624
1687132800000,0.00010000
1687161600000,0.00010000
1687190400000,0.00010000
1687219200001,0.00010000
1687248000000,0.00009755
1687276800000,-0.00027179
1687305600000,0.00010000
1687334400000,0.00010000
1687363200000,0.00010000
1687392000000,0.00010000
1687420800001,0.00010000
1687449600000,0.00010000
1687478400000,0.00010000
1687507200000,0.00010000
1687536000000,0.00010000
1687564800000,0.00010000
1687593600000,0.00010000
1687622400000,0.00010000
1687651200000,0.00004533
1687680000000,0.00010000
1687708800000,0.00010000
1687737600000,0.00010000
1687766400000,0.00010000
1687795200000,0.00010000
1687824000000,0.00010000
1687852800000,0.00010000
1687881600000,0.00010000
1687910400000,0.00010000
1687939200000,0.00010000
1687968000000,0.00010000
1687996800000,-0.00021584
1688025600000,-0.00103092
1688054400000,0.00002123
1688083200000,-0.00026561
1688112000000,-0.00006057
1688140800001,0.00010000
1688169600000,0.00010000
1688198400000,0.00010000
1688227200000,0.00007083
1688256000000,0.00010000
1688284800000,-0.00109917
1688313600001,-0.00017991
1688342400000,0.00010000
1688371200000,0.00010000
1688400000000,0.00010000
1688428800001,0.00010000
1688457600000,0.00010000
1688486400000,-0.00750000
1688515200000,-0.00750000
1688544000000,-0.01000000
1688572800000,-0.01316611
1688601600000,-0.00096413
1688630400000,-0.00139049
1688659200000,-0.00243888
1688688000000,-0.00100651
1688716800000,-0.00136242
1688745600000,-0.00030370
1688774400000,-0.00156537
1688803200000,-0.00146207
1688832000000,-0.00050840
1688860800000,-0.00052227
1688889600000,-0.00024156
1688918400000,-0.00143759
1688947200000,-0.00051558
1688976000000,-0.00123206
1689004800000,-0.00153263
1689033600000,-0.00106024
1689062400000,-0.00117678
1689091200000,-0.00090491
1689120000000,-0.00052065
1689148800000,-0.00024601
1689177600000,-0.00050768
1689206400000,0.00008228
1689235200000,0.00010000
1689264000000,0.00010000
1689292800000,0.00010000
1689321600000,0.00010000
1689350400000,0.00010000
1689379200000,0.00010000
1689408000000,0.00010000
1689436800000,0.00010000
1689465600001,0.00010000
1689494400000,-0.00035777
1689523200000,0.00010000
1689552000000,-0.00005788
1689580800000,0.00010000
1689609600000,0.00010000
1689638400000,0.00010000
1689667200000,0.00010000
1689696000000,0.00010000
1689724800000,0.00010000
1689753600000,0.00010000
1689782400001,0.00010000
1689811200000,0.00010000
1689840000000,0.00010000
1689868800000,0.00010000
1689897600001,0.00010000
1689926400000,0.00010000
1689955200000,0.00010000
1689984000000,0.00010000
1690012800000,0.00010000
1690041600000,0.00010000
1690070400000,0.00010000
1690099200000,0.00010000
1690128000000,0.00010000
1690156800000,0.00010000
1690185600000,0.00010000
1690214400000,0.00010000
1690243200000,0.00010000
1690272000000,0.00010000
1690300800000,0.00010000
1690329600000,0.00010000
1690358400001,0.00010000
1690387200000,0.00010000
1690416000000,0.00010000
1690444800000,0.00010000
1690473600001,0.00010000
1690502400000,0.00055193
1690531200000,0.00019097
1690560000000,0.00010000
1690588800000,0.00010000
1690617600000,-0.00025661
1690646400001,0.00008524
1690675200000,0.00010000
1690704000000,0.00010000
1690732800000,0.00010000
1690761600000,0.00010001
1690790400000,0.00010000
1690819200001,0.00010000
1690848000000,0.00010000
1690876800000,0.00010000
1690905600000,0.00010000
1690934400000,0.00010000
1690963200000,0.00010000
1690992000000,0.00010000
1691020800000,0.00010000
1691049600000,0.00010000
1691078400001,0.00010000
1691107200000,0.00010000
1691136000000,0.00010000
1691164800000,0.00010000
1691193600000,0.00010000
1691222400000,0.00010000
1691251200001,0.00010000
1691280000000,0.00010000
1691308800001,0.00010000
1691337600005,0.00010000
1691366400000,0.00010000
1691395200000,0.00010000
1691424000000,0.00010000
1691452800000,0.00010000
1691481600000,0.00010000
1691510400000,0.00010000
1691539200000,0.00010000
1691568000000,0.00010000
1691596800000,0.00010000
1691625600001,0.00010000
1691654400000,0.00010000
1691683200000,0.00010000
1691712000000,0.00010000
1691740800000,0.00010000
1691769600000,0.00010000
1691798400000,0.00010000
1691827200000,0.00010000
1691856000000,0.00010000
1691884800000,0.00010000
1691913600000,0.00010000
1691942400000,0.00010000
1691971200001,0.00010000
1692000000000,0.00010000
1692028800000,0.00010000
1692057600001,0.00010000
1692086400000,0.00010000
1692115200000,0.00010000
1692144000000,0.00010000
1692172800001,0.00010000
1692201600000,0.00004470
1692230400000,0.00010000
1692259200000,0.00010000
1692288000000,0.00010000
1692316800000,0.00010000
1692345600000,0.00010000
1692374400000,0.00010000
1692403200000,0.00010000
1692432000000,0.00010000
1692460800000,0.00010000
1692489600000,0.00010000
1692518400000,0.00010000
1692547200000,0.00010000
1692576000000,0.00010000
1692604800000,0.00010000
1692633600000,0.00010000
1692662400000,0.00010000
1692691200000,0.00010000
1692720000000,0.00010000
1692748800000,0.00010000
1692777600000,0.00010000
1692806400000,0.00010000
1692835200000,0.00010000
1692864000000,0.00009761
1692892800000,0.00010000
1692921600000,0.00010000
1692950400000,0.00010000
1692979200000,0.00010000
1693008000000,0.00010000
1693036800000,0.00010000
1693065600000,0.00010000
1693094400000,0.00010000
1693123200000,0.00010000
1693152000000,0.00010000
1693180800000,0.00010000
1693209600001,0.00010000
1693238400001,0.00010000
1693267200000,0.00010000
1693296000000,0.00003197
1693324800000,-0.00000773
1693353600000,0.00010000
1693382400000,0.00010000
1693411200000,0.00010000
1693440000000,0.00010000
1693468800000,0.00010000
1693497600000,0.00010000
1693526400000,0.00010000
1693555200000,-0.00000760
1693584000001,0.00002056
1693612800000,0.00001503
1693641600000,0.00010000
1693670400000,0.00010000
1693699200000,0.00007475
1693728000000,0.00003170
1693756800000,0.00010000
1693785600000,0.00009758
1693814400000,-0.00010932
1693843200000,0.00010000
1693872000000,0.00010000
1693900800000,0.00010000
1693929600000,0.00010000
1693958400000,0.00010000
1693987200000,0.00010000
1694016000001,0.00010000
1694044800000,0.00009933
1694073600000,0.00001949
1694102400000,-0.00007127
1694131200000,0.00010000
1694160000000,0.00007108
1694188800000,0.00005764
1694217600000,-0.00017644
1694246400000,0.00010000
1694275200000,0.00010000
1694304000000,0.00010000
1694332800000,-0.00002655
1694361600000,-0.00058201
1694390400000,0.00001094
1694419200000,-0.00057387
1694448000001,0.00005804
1694476800000,0.00003777
1694505600000,0.00010000
1694534400000,0.00005934
1694563200000,0.00006065
1694592000000,0.00002992
1694620800000,-0.00000502
1694649600000,0.00002764
1694678400001,0.00009166
1694707200000,0.00006400
1694736000000,0.00010000
1694764800000,0.00009199
1694793600000,0.00008186
1694822400000,0.00010000
1694851200000,0.00002841
1694880000000,0.00010000
1694908800000,0.00010000
1694937600000,0.00004937
1694966400000,0.00010000
1694995200000,0.00010000
1695024000000,-0.00002127
1695052800000,-0.00020735
1695081600000,0.00010000
1695110400001,-0.00009568
1695139200000,-0.00012141
1695168000000,0.00006785
1695196800000,0.00006316
1695225600000,-0.00034010
1695254400001,-0.00042932
1695283200000,-0.00031215
1695312000000,-0.00004986
1695340800000,-0.00006635
1695369600000,0.00006541
1695398400000,0.00000309
1695427200000,-0.00014221
1695456000000,0.00002858
1695484800000,0.00006812
1695513600000,0.00009636
1695542400000,0.00010000
1695571200000,0.00010000
1695600000000,0.00010000
1695628800000,0.00010000
1695657600000,0.00002077
1695686400000,0.00010000
1695715200000,0.00010000
1695744000000,0.00010000
1695772800000,0.00010000
1695801600001,0.00008810
1695830400000,0.00010000
1695859200000,0.00010000
1695888000000,0.00010000
1695916800000,0.00010000
1695945600000,0.00010000
1695974400000,0.00010000
1696003200000,0.00010000
1696032000000,0.00010000
1696060800000,0.00010000
1696089600000,0.00010000
1696118400000,0.00010000
1696147200000,0.00010000
1696176000000,0.00010000
1696204800000,0.00010000
1696233600000,0.00010000
1696262400000,0.00010000
1696291200000,0.00010000
1696320000000,0.00010000
1696348800000,0.00010000
1696377600000,0.00010000
1696406400000,0.00010000
1696435200000,0.00007299
1696464000000,0.00010000
1696492800000,0.00010000
1696521600001,0.00004186
1696550400000,-0.00000371
1696579200000,0.00004859
1696608000000,0.00010000
1696636800000,0.00003390
1696665600000,-0.00009742
1696694400000,0.00003699
1696723200000,0.00009566
1696752000001,0.00009776
1696780800000,0.00007269
1696809600000,0.00010000
1696838400000,-0.00075875
1696867200000,0.00002947
1696896000000,0.00005967
1696924800000,-0.00243085
1696953600000,-0.00322812
1696982400000,-0.00160098
1697011200000,-0.00059704
1697040000000,-0.00060928
1697068800000,-0.00148540
1697097600000,-0.00040447
1697126400000,0.00003957
1697155200000,-0.00003912
1697184000000,-0.00011892
1697212800000,-0.00011201
1697241600000,-0.00011249
1697270400000,-0.00009360
1697299200000,0.00008270
1697328000000,-0.00007139
1697356800000,0.00000153
1697385600000,0.00010000
1697414400000,0.00010000
1697443200000,0.00010000
1697472000000,0.00010000
1697500800000,0.00010000
1697529600000,0.00003611
1697558400000,0.00006256
1697587200000,0.00010000
1697616000000,0.00010000
1697644800000,0.00010000
1697673600000,0.00010000
1697702400001,0.00010000
1697731200000,-0.00001278
1697760000000,0.00008690
1697788800005,-0.00065902
1697817600000,0.00003896
1697846400000,-0.00002719
1697875200000,-0.00006085
1697904000000,0.00008253
1697932800000,0.00003843
1697961600000,0.00007219
1697990400000,0.00010000
1698019200000,0.00010000
1698048000001,0.00009991
1698076800001,0.00010000
1698105600000,0.00010000
1698134400000,0.00010000
1698163200000,0.00010000
1698192000000,0.00010000
1698220800000,0.00010000
1698249600001,0.00010000
1698278400001,0.00010000
1698307200000,0.00037191
1698336000000,0.00010000
1698364800000,0.00010000
1698393600000,0.00010000
1698422400000,0.00010000
1698451200000,0.00010000
1698480000001,0.00010000
1698508800000,0.00010000
1698537600000,0.00010000
1698566400000,0.00010000
1698595200000,0.00017064
1698624000000,0.00024874
1698652800000,0.00015561
1698681600000,0.00010000
1698710400001,0.00010000
1698739200000,0.00010000
1698768000000,0.00010000
1698796800000,0.00010000
1698825600000,0.00010000
1698854400000,0.00010000
1698883200001,0.00055120
1698912000000,0.00038950
1698940800000,0.00020699
1698969600000,0.00010198
1698998400000,0.00010000
1699027200000,0.00010000
1699056000000,0.00022529
1699084800000,0.00010785
1699113600000,0.00023789
1699142400000,0.00013352
1699171200000,0.00032061
1699200000000,0.00023373
1699228800000,0.00025264
1699257600001,0.00035676
1699286400000,0.00047874
1699315200001,0.00023591
1699344000000,0.00010000
1699372800000,0.00010000
1699401600000,0.00012558
1699430400000,0.00010000
1699459200000,0.00010000
1699488000000,0.00042612
1699516800000,0.00049401
1699545600000,0.00089957
1699574400000,0.00046893
1699603200000,0.00047483
1699632000000,0.00039448
1699660800000,0.00034921
1699689600000,0.00028069
1699718400000,0.00087419
1699747200000,0.00065395
1699776000000,0.00043875
1699804800001,0.00046370
1699833600000,0.00094983
1699862400000,0.00039195
1699891200000,0.00040970
1699920000000,0.00046364
1699948800000,0.00027913
1699977600001,0.00024358
1700006400000,0.00015523
1700035200000,0.00024819
1700064000000,0.00030463
1700092800000,0.00028604
1700121600000,0.00023778
1700150400001,0.00010000
1700179200000,0.00010000
1700208000001,0.00010000
1700236800001,0.00010000
1700265600000,0.00010000
1700294400000,0.00010000
1700323200000,0.00010000
1700352000000,0.00010000
1700380800000,0.00010000
1700409600000,0.00010000
1700438400000,0.00010000
1700467200000,0.00010395
1700496000000,0.00010025
1700524800000,0.00010000
1700553600000,0.00010000
1700582400000,0.00010000
1700611200000,0.00010000
1700640000000,0.00010000
1700668800000,0.00010000
1700697600000,0.00010000
1700726400000,0.00010000
1700755200001,0.00010000
1700784000000,0.00010000
1700812800000,0.00010000
1700841600000,0.00010000
1700870400000,0.00010000
1700899200000,0.00010000
1700928000000,0.00010000
1700956800000,0.00010000
1700985600000,0.00010000
1701014400000,0.00010000
1701043200000,0.00010000
1701072000001,0.00010000
1701100800000,0.00010000
1701129600000,0.00010000
1701158400000,0.00010000
1701187200000,0.00010000
1701216000001,0.00010000
1701244800000,0.00010000
1701273600000,0.00010000
1701302400000,0.00010000
1701331200000,0.00010000
1701360000000,0.00010000
1701388800000,0.00010000
1701417600000,0.00010000
1701446400000,0.00010000
1701475200000,0.00010000
1701504000000,0.00010000
1701532800000,0.00020603
1701561600000,0.00025334
1701590400000,0.00026869
1701619200000,0.00021040
1701648000000,0.00015852
1701676800000,0.00037155
1701705600000,0.00010000
1701734400000,0.00010000
1701763200000,0.00036992
1701792000000,0.00010000
1701820800000,0.00032776
1701849600000,0.00010000
1701878400000,0.00010000
1701907200000,0.00010000
1701936000000,0.00018236
1701964800000,0.00010000
1701993600000,0.00045662
1702022400000,0.00037982
1702051200000,0.00016893
1702080000000,0.00036279
1702108800000,0.00065399
1702137600000,0.00019024
1702166400000,0.00015905
1702195200000,0.00014668
1702224000000,0.00017213
1702252800000,0.00031993
1702281600000,0.00010000
1702310400000,0.00010000
1702339200000,0.00010000
1702368000000,0.00012506
1702396800000,0.00024601
1702425600000,0.00038369
1702454400000,0.00017180
1702483200001,0.00053970
1702512000000,0.00046547
1702540800000,0.00050677
1702569600000,0.00073313
1702598400000,0.00072278
1702627200000,0.00071941
1702656000000,0.00063682
1702684800000,0.00035669
1702713600000,0.00027727
1702742400001,0.00033761
1702771200000,0.00046810
1702800000000,0.00019456
1702828800000,0.00037499
1702857600000,0.00046670
1702886400001,0.00025480
1702915200000,0.00016627
1702944000000,0.00010000
1702972800000,0.00016000
1703001600000,0.00013412
1703030400000,0.00010000
1703059200000,0.00015472
1703088000000,0.00027195
1703116800000,0.00018993
1703145600000,0.00031047
1703174400000,0.00010000
1703203200000,0.00010000
1703232000000,0.00010000
1703260800000,0.00010000
1703289600000,-0.00009613
1703318400001,-0.00416107
1703347200000,-0.00446297
1703376000000,-0.00513492
1703404800000,-0.00040409
1703433600000,0.00010000
1703462400000,0.00010000
1703491200000,0.00010000
1703520000000,0.00060679
1703548800000,0.00067981
1703577600000,0.00058705
1703606400000,0.00051374
1703635200000,0.00018947
1703664000000,0.00031995
1703692800000,0.00038394
1703721600000,0.00028678
1703750400000,0.00086787
1703779200000,0.00072512
1703808000001,0.00057736
1703836800000,0.00063397
1703865600000,0.00053847
1703894400001,0.00042707
1703923200000,0.00029971
1703952000000,0.00039454
1703980800000,0.00018685
1704009600001,0.00040943
1704038400000,0.00039204
1704067200000,0.00025267
1704096000000,0.00031770
1704124800000,0.00035903
1704153600000,0.00068639
1704182400000,0.00049211
1704211200000,0.00055825
1704240000000,0.00049800
1704268800000,0.00047590
1704297600000,0.00010000
1704326400000,0.00010000
1704355200000,0.00010000
1704384000000,0.00010000
1704412800001,0.00010000
1704441600000,0.00010000
1704470400000,0.00010000
1704499200000,0.00010000
1704528000000,0.00010000
1704556800000,0.00010000
1704585600000,0.00010000
1704614400001,0.00010000
1704643200001,0.00010000
1704672000000,0.00010000
1704700800000,0.00010000
1704729600000,0.00010000
1704758400001,0.00010000
1704787200000,0.00010000
1704816000000,0.00010000
1704844800000,0.00010000
1704873600000,0.00010000
1704902400000,0.00010000
1704931200000,0.00010000
1704960000000,0.00010000
1704988800000,0.00010000
1705017600001,0.00010000
1705046400000,0.00010000
1705075200000,0.00010000
1705104000000,0.00010000
1705132800000,0.00010000
1705161600001,0.00010000
1705190400000,0.00010000
1705219200000,0.00010000
1705248000001,0.00010000
1705276800000,0.00010000
1705305600000,0.00010000
1705334400000,0.00010000
1705363200000,0.00010000
1705392000000,0.00010000
1705420800001,0.00010000
1705449600000,0.00010000
1705478400000,0.00010000
1705507200000,0.00010000
1705536000001,0.00010000
1705564800000,0.00010000
1705593600000,0.00010000
1705622400000,0.00010000
1705651200000,0.00010000
1705680000002,0.00010000
1705708800000,0.00010000
1705737600003,0.00010000
1705766400000,0.00010000
1705795200000,0.00010000
1705824000000,0.00010000
1705852800000,0.00010000
1705881600000,0.00010000
1705910400000,0.00010000
1705939200000,0.00010000
1705968000000,0.00010000
1705996800000,0.00010000
1706025600000,0.00010000
1706054400000,0.00010000
1706083200000,0.00010000
1706112000000,0.00010000
1706140800000,0.00010000
1706169600001,0.00010000
1706198400000,0.00010000
1706227200001,0.00010000
1706256000000,0.00010000
1706284800000,0.00010000
1706313600000,0.00010000
1706342400000,0.00010000
1706371200000,-0.00015387
1706400000000,-0.00010325
1706428800000,0.00010000
1706457600000,0.00000758
1706486400000,0.00010000
1706515200001,0.00010000
1706544000000,0.00010000
1706572800000,0.00010000
1706601600000,0.00010000
1706630400001,0.00010000
1706659200000,0.00010000
1706688000000,0.00010000
1706716800000,0.00010000
1706745600000,0.00010000
1706774400000,0.00010000
1706803200002,0.00010000
1706832000000,0.00010000
1706860800000,0.00010000
1706889600000,0.00010000
1706918400000,0.00010000
1706947200000,0.00010000
1706976000001,0.00010000
1707004800000,0.00010000
1707033600004,0.00010000
1707062400000,0.00010000
1707091200000,0.00010000
1707120000000,0.00010000
1707148800000,0.00010000
1707177600000,0.00010000
1707206400001,0.00010000
1707235200000,0.00010000
1707264000000,0.00010000
1707292800000,0.00010000
1707321600000,0.00010000
1707350400000,0.00010000
1707379200000,0.00010000
1707408000000,0.00010000
1707436800000,0.00010000
1707465600000,0.00010000
1707494400001,0.00010000
1707523200001,0.00010000
1707552000000,0.00010000
1707580800000,0.00010000
1707609600000,0.00008383
1707638400001,0.00007417
1707667200000,0.00010000
1707696000000,0.00002938
1707724800000,0.00008023
1707753600000,0.00010000
1707782400000,0.00027759
1707811200000,0.00033685
1707840000000,0.00034161
1707868800000,0.00052110
1707897600000,0.00047206
1707926400000,0.00019839
1707955200000,0.00019270
1707984000000,0.00042559
1708012800000,0.00045210
1708041600000,0.00033780
1708070400000,0.00070699
1708099200000,0.00038186
1708128000000,0.00017574
1708156800000,0.00010000
1708185600000,0.00010000
1708214400000,0.00010000
1708243200000,0.00010000
1708272000000,0.00040650
1708300800000,0.00049070
1708329600000,0.00047310
1708358400000,0.00042558
1708387200000,0.00047729
1708416000000,0.00028065
1708444800000,0.00034463
1708473600000,0.00010886
1708502400000,0.00027668
1708531200000,0.00016885
1708560000001,0.00029872
1708588800001,0.00031725
1708617600000,0.00040372
1708646400000,0.00033443
1708675200000,0.00026888
1708704000000,0.00020485
1708732800000,0.00020592
1708761600001,0.00029933
1708790400000,0.00034981
1708819200001,0.00030975
1708848000000,0.00042997
1708876800000,0.00031512
1708905600000,0.00046762
1708934400000,0.00063237
1708963200000,0.00043196
1708992000000,0.00057329
1709020800000,0.00085107
1709049600000,0.00048003
1709078400000,0.00053723
1709107200000,0.00033119
1709136000000,0.00081618
1709164800000,0.00011613
1709193600000,0.00074327
1709222400000,0.00082674
1709251200000,0.00061352
1709280000000,0.00067987
1709308800000,0.00056500
1709337600000,0.00092975
1709366400001,0.00116626
1709395200000,0.00105530
1709424000000,0.00094953
1709452800000,0.00105180
1709481600000,0.00049512
1709510400000,0.00046451
1709539200000,0.00093343
1709568000000,0.00050041
1709596800000,0.00053475
1709625600000,0.00128270
1709654400000,0.00129973
1709683200000,0.00010000
1709712000001,0.00010000
1709740800000,0.00027725
1709769600000,0.00033392
1709798400000,0.00039443
1709827200000,0.00024235
1709856000000,0.00051026
1709884800000,0.00065051
1709913600000,0.00062435
1709942400000,0.00048652
1709971200001,0.00067624
1710000000000,0.00115845
1710028800000,0.00102379
1710057600000,0.00110122
1710086400000,0.00070780
1710115200000,0.00065132
1710144000000,0.00052630
1710172800000,0.00065759
1710201600000,0.00090176
1710230400000,0.00077528
1710259200000,0.00054624
1710288000000,0.00059777
1710316800001,0.00065546
1710345600000,0.00077364
1710374400001,0.00063788
1710403200000,0.00088279
1710432000000,0.00046006
1710460800000,0.00062291
1710489600000,0.00026066
1710518400000,0.00019175
1710547200000,0.00010000
1710576000000,0.00041696
1710604800000,0.00020522
1710633600000,0.00018638
1710662400000,0.00019735
1710691200000,0.00021353
1710720000000,0.00015457
1710748800000,0.00031863
1710777600001,0.00022911
1710806400000,0.00010000
1710835200000,0.00010000
1710864000001,0.00010000
1710892800000,0.00010000
1710921600004,0.00010000
1710950400000,0.00010000
1710979200000,0.00010000
1711008000000,0.00010000
1711036800000,0.00010000
1711065600000,0.00010000
1711094400000,0.00010000
1711123200000,0.00010000
1711152000000,0.00010000
1711180800000,0.00011687
1711209600000,0.00010000
1711238400000,0.00010000
1711267200000,0.00010000
1711296000000,0.00010000
1711324800000,0.00010000
1711353600001,0.00013081
1711382400000,0.00010456
1711411200000,0.00012436
1711440000000,0.00018758
1711468800000,0.00024432
1711497600000,0.00028572
1711526400001,0.00022263
1711555200000,0.00026702
1711584000000,0.00032269
1711612800000,0.00027417
1711641600000,0.00010000
1711670400000,0.00029546
1711699200000,0.00030071
1711728000000,0.00041701
1711756800000,0.00041599
1711785600000,0.00037943
1711814400000,0.00056046
1711843200000,0.00052791
1711872000000,0.00055938
1711900800001,0.00048039
1711929600000,0.00057940
1711958400000,0.00054505
1711987200000,0.00034384
1712016000007,0.00030714
1712044800015,0.00011857
1712073600000,0.00010000
1712102400000,0.00010000
1712131200000,0.00010000
1712160000000,0.00010000
1712188800000,0.00010000
1712217600000,0.00010000
1712246400000,0.00010000
1712275200000,0.00010000
1712304000000,0.00010000
1712332800000,0.00010000
1712361600000,0.00010000
1712390400000,0.00016843
1712419200000,0.00011075
1712448000000,0.00010000
1712476800000,0.00013817
1712505600000,0.00010000
1712534400001,0.00020813
1712563200000,0.00025748
1712592000006,0.00022532
1712620800000,0.00013657
1712649600001,0.00029245
1712678400001,0.00013067
1712707200000,0.00022408
1712736000001,0.00010000
1712764800000,0.00016539
1712793600000,0.00011622
1712822400000,0.00012682
1712851200000,0.00014283
1712880000000,0.00010260
1712908800001,0.00010000
1712937600000,0.00010000
1712966400000,0.00010000
1712995200000,0.00010000
1713024000001,0.00010000
1713052800000,0.00010000
1713081600000,0.00010000
1713110400000,0.00010000
1713139200000,0.00010000
1713168000001,0.00010000
1713196800000,0.00010000
1713225600001,0.00010000
1713254400000,0.00010000
1713283200000,0.00010000
1713312000000,0.00010000
1713340800000,0.00001941
1713369600000,0.00010000
1713398400000,0.00010000
1713427200000,0.00010000
1713456000000,0.00010000
1713484800001,0.00006892
1713513600000,0.00010000
1713542400000,0.00010000
1713571200000,0.00010000
1713600000000,0.00010000
1713628800000,0.00001116
1713657600000,0.00010000
1713686400000,0.00005676
1713715200000,0.00004742
1713744000000,-0.00003514
1713772800000,0.00001979
1713801600000,-0.00013034
1713830400000,-0.00007262
1713859200000,-0.00001331
1713888000001,-0.00001181
1713916800000,0.00006667
1713945600000,-0.00007032
1713974400000,0.00000214
1714003200000,-0.00012654
1714032000000,-0.00008321
1714060800010,0.00010000
1714089600001,-0.00009199
1714118400000,0.00001398
1714147200000,0.00010000
1714176000000,-0.00003641
1714204800001,-0.00018336
1714233600000,-0.00033943
1714262400000,0.00000505
1714291200000,0.00009930
1714320000000,0.00003338
1714348800000,0.00008985
1714377600000,-0.00031925
1714406400000,-0.00015592
1714435200000,-0.00003393
1714464000000,-0.00004897
1714492800000,-0.00002999
1714521600000,0.00003550
1714550400000,-0.00007015
1714579200000,-0.00003189
1714608000000,0.00007735
1714636800000,-0.00006371
1714665600002,0.00010000
1714694400000,0.00004172
1714723200000,0.00010000
1714752000000,0.00010000
1714780800000,0.00010000
1714809600000,-0.00005446
1714838400000,0.00010000
1714867200000,0.00010000
1714896000000,0.00010000
1714924800000,0.00010000
1714953600000,0.00010000
1714982400000,0.00010000
1715011200000,0.00010000
1715040000000,0.00010000
1715068800000,0.00010000
1715097600000,0.00010000
1715126400000,0.00010000
1715155200000,0.00004875
1715184000000,0.00010000
1715212800000,0.00010000
1715241600000,0.00010000
1715270400000,0.00010000
1715299200000,0.00010000
1715328000000,0.00010000
1715356800000,0.00010000
1715385600000,0.00002951
1715414400000,-0.00002746
1715443200000,-0.00002100
1715472000000,0.00010000
1715500800000,-0.00007399
1715529600000,0.00000612
1715558400001,0.00000362
1715587200001,0.00010000
1715616000000,0.00005052
1715644800000,0.00010000
1715673600000,0.00010000
1715702400000,0.00010000
1715731200000,-0.00013062
1715760000000,-0.00009884
1715788800000,0.00000245
1715817600004,-0.00007459
1715846400000,0.00004232
1715875200000,0.00010000
1715904000000,0.00010000
1715932800000,0.00010000
1715961600000,-0.00003419
1715990400000,-0.00008120
1716019200000,-0.00009372
1716048000000,0.00003095
1716076800000,0.00006693
1716105600000,0.00009516
1716134400000,0.00010000
1716163200000,-0.00020030
1716192000000,0.00010000
1716220800003,-0.00009056
1716249600000,0.00010000
1716278400001,0.00010000
1716307200000,0.00010000
1716336000000,0.00010000
1716364800000,0.00010000
1716393600000,0.00010000
1716422400000,0.00010000
1716451200000,0.00010000
1716480000000,0.00010000
1716508800000,0.00010000
1716537600000,0.00010000
1716566400000,0.00010000
1716595200000,0.00010000
1716624000000,0.00010000
1716652800000,0.00010000
1716681600000,0.00010000
1716710400000,0.00010000
1716739200000,0.00010000
1716768000000,0.00010000
1716796800000,0.00010000
1716825600000,0.00010000
1716854400000,0.00010000
1716883200000,0.00010000
1716912000000,0.00010000
1716940800001,0.00010000
1716969600000,0.00010000
1716998400000,0.00010000
1717027200000,0.00010000
1717056000000,0.00010000
1717084800000,0.00010000
1717113600000,0.00010000
1717142400000,0.00010000
1717171200000,0.00010000
1717200000000,0.00010000
1717228800000,0.00010000
1717257600001,0.00010000
1717286400000,0.00010000
1717315200000,0.00010000
1717344000000,0.00014882
1717372800000,0.00010000
1717401600000,0.00010000
1717430400000,0.00010000
1717459200000,0.00010000
1717488000000,0.00010000
1717516800000,0.00010000
1717545600000,0.00010000
1717574400000,0.00010000
1717603200000,0.00010000
1717632000000,0.00010000
1717660800008,0.00010000
1717689600000,0.00010000
1717718400000,0.00010000
1717747200000,0.00010000
1717776000000,0.00022366
1717804800000,0.00010000
1717833600000,0.00010000
1717862400000,0.00010000
1717891200000,0.00010000
1717920000000,0.00010000
1717948800001,0.00010000
1717977600000,0.00010000
1718006400000,0.00009019
1718035200001,0.00010000
1718064000001,0.00010000
1718092800000,0.00010000
1718121600000,0.00010000
1718150400000,-0.00001446
1718179200000,0.00010000
1718208000000,0.00010000
1718236800000,0.00010000
1718265600001,0.00010000
1718294400000,0.00010000
1718323200000,0.00010000
1718352000000,0.00010000
1718380800000,0.00010000
1718409600000,0.00010000
1718438400000,0.00010000
1718467200000,0.00010000
1718496000001,0.00010000
1718524800000,0.00010000
1718553600000,0.00010000
1718582400000,0.00010000
1718611200000,0.00010000
1718640000000,0.00006663
1718668800000,-0.00001997
1718697600000,0.00010000
1718726400000,0.00010000
1718755200001,0.00010000
1718784000001,0.00010000
1718812800000,0.00010000
1718841600000,0.00001765
1718870400000,-0.00009769
1718899200000,0.00010000
1718928000000,0.00010000
1718956800000,0.00006557
1718985600000,0.00010000
1719014400000,0.00010000
1719043200000,0.00010000
1719072000000,0.00010000
1719100800000,-0.00005871
1719129600000,0.00010000
1719158400000,0.00010000
1719187200002,0.00010000
1719216000000,0.00010000
1719244800000,0.00010000
1719273600000,0.00010000
1719302400000,0.00010000
1719331200000,0.00010000
1719360000002,0.00010000
1719388800000,0.00010000
1719417600000,0.00010000
1719446400000,0.00002904
1719475200001,0.00010000
1719504000000,0.00010000
1719532800000,0.00010000
1719561600000,0.00010000
1719590400000,0.00010000
1719619200001,0.00010000
1719648000000,0.00010000
1719676800000,0.00010000
1719705600000,0.00010000
1719734400000,0.00010000
1719763200000,0.00010000
1719792000000,0.00010000
1719820800000,0.00010000
1719849600001,0.00010000
1719878400000,0.00010000
1719907200000,0.00010000
1719936000000,0.00010000
1719964800000,0.00010000
1719993600001,0.00010000
1720022400000,0.00010000
1720051200000,0.00010000
1720080000000,0.00010000
1720108800000,0.00010000
1720137600000,0.00010000
1720166400000,-0.00012766
1720195200000,-0.00001341
1720224000000,0.00010000
1720252800000,0.00007327
1720281600000,0.00005400
1720310400001,0.00003302
1720339200000,0.00010000
1720368000000,-0.00009931
1720396800000,0.00006633
1720425600000,-0.00006405
1720454400000,-0.00003194
1720483200000,0.00002936
1720512000001,0.00010000
1720540800000,-0.00024555
1720569600000,-0.00011525
1720598400000,-0.00002926
1720627200000,-0.00042321
1720656000002,-0.00011898
1720684800002,0.00010000
1720713600004,0.00010000
1720742400000,0.00010000
1720771200000,0.00010000
1720800000000,0.00001238
1720828800000,0.00004725
1720857600000,0.00010000
1720886400000,0.00010000
1720915200000,-0.00030582
1720944000000,0.00010000
1720972800000,0.00006292
1721001600000,0.00010000
1721030400000,-0.00000719
1721059200000,0.00010000
1721088000000,0.00010000
1721116800000,0.00010000
1721145600000,0.00010000
1721174400000,0.00010000
1721203200001,0.00010000
1721232000000,0.00010000
1721260800000,0.00010000
1721289600000,0.00010000
1721318400000,0.00010000
1721347200000,-0.00021031
1721376000000,-0.00019718
1721404800000,-0.00005864
1721433600001,0.00010000
1721462400000,0.00010000
1721491200000,0.00010000
1721520000000,0.00010000
1721548800000,0.00010000
1721577600000,0.00007869
1721606400000,0.00010000
1721635200000,0.00010000
1721664000000,0.00010000
1721692800000,0.00010000
1721721600000,0.00010000
1721750400000,0.00010000
1721779200000,0.00010000
1721808000000,0.00010000
1721836800000,0.00010000
1721865600000,0.00010000
1721894400000,0.00010000
1721923200000,0.00010000
1721952000000,0.00010000
1721980800000,0.00010000
1722009600000,0.00010000
1722038400000,0.00010000
1722067200000,0.00010000
1722096000000,-0.00015527
1722124800000,-0.00204564
1722153600000,-0.00007399
1722182400001,-0.00188473
1722211200001,0.00000373
1722240000000,-0.00002108
1722268800001,-0.00010789
1722297600000,0.00010000
1722326400001,0.00010000
1722355200000,0.00010000
1722384000000,0.00010000
1722412800000,0.00010000
1722441600000,0.00010000
1722470400000,0.00010000
1722499200000,0.00010000
1722528000000,0.00010000
1722556800000,0.00008218
1722585600001,0.00010000
1722614400000,0.00010000
1722643200000,0.00010000
1722672000000,0.00010000
1722700800001,0.00010000
1722729600000,-0.00008260
1722758400000,-0.00009038
1722787200000,-0.00004682
1722816000000,-0.00012758
1722844800000,-0.00018100
1722873600000,-0.00188508
1722902400000,-0.00010329
1722931200000,-0.00000067
1722960000000,0.00007368
1722988800000,0.00001966
1723017600001,0.00010000
1723046400000,-0.00002814
1723075200001,0.00010000
1723104000000,0.00010000
1723132800000,0.00010000
1723161600000,0.00010000
1723190400000,0.00003874
1723219200000,0.00010000
1723248000000,0.00010000
1723276800000,0.00010000
1723305600000,-0.00006242
1723334400000,-0.00003973
1723363200000,-0.00004834
1723392000001,0.00004247
1723420800000,-0.00014748
1723449600000,-0.00013951
1723478400000,0.00002354
1723507200000,0.00003349
1723536000000,0.00004970
1723564800000,-0.00008848
1723593600000,-0.00017218
1723622400000,-0.00005086
1723651200000,0.00002201
1723680000000,0.00007965
1723708800000,-0.00001383
1723737600000,-0.00107948
1723766400000,-0.00016178
1723795200000,-0.00019368
1723824000000,-0.00007584
1723852800000,0.00006576
1723881600000,-0.00002169
1723910400000,-0.00014438
1723939200000,-0.00027063
1723968000000,0.00003245
1723996800000,0.00010000
1724025600000,0.00008956
1724054400000,-0.00007095
1724083200002,0.00002249
1724112000000,-0.00007174
1724140800000,0.00010000
1724169600001,-0.00011290
1724198400001,0.00006107
1724227200000,-0.00323542
1724256000001,-0.00180253
1724284800000,-0.00099928
1724313600000,-0.00359203
1724342400008,-0.00078772
1724371200000,-0.00037994
1724400000000,-0.00039052
1724428800000,-0.00009955
1724457600000,0.00001307
1724486400005,0.00008405
1724515200000,0.00010000
1724544000000,0.00010000
1724572800000,0.00010000
1724601600000,0.00010000
1724630400000,0.00004934
1724659200001,0.00010000
1724688000000,-0.00001378
1724716800001,0.00002539
1724745600000,0.00010000
1724774400000,0.00010000
1724803200000,0.00005536
1724832000000,0.00010000
1724860800001,-0.00000647
1724889600000,0.00008740
1724918400001,0.00010000
1724947200000,0.00006640
1724976000000,0.00001620
1725004800000,0.00007372
1725033600000,-0.00007964
1725062400000,-0.00002660
1725091200000,0.00002938
1725120000000,0.00009562
1725148800000,0.00001011
1725177600001,0.00010000
1725206400000,-0.00000029
1725235200001,-0.00001613
1725264000001,0.00006108
1725292800000,-0.00007307
1725321600000,0.00010000
1725350400001,0.00010000
1725379200000,-0.00004237
1725408000000,0.00004979
1725436800000,0.00010000
1725465600000,-0.00001602
1725494400000,0.00002818
1725523200000,0.00010000
1725552000005,0.00010000
1725580800000,-0.00009250
1725609600001,-0.00014914
1725638400000,-0.00008512
1725667200000,0.00004545
1725696000000,0.00010000
1725724800000,0.00007532
1725753600000,0.00010000
1725782400000,0.00004749
1725811200000,0.00005683
1725840000000,-0.00005451
1725868800000,-0.00015101
1725897600001,-0.00026066
1725926400000,0.00001992
1725955200000,0.00010000
1725984000000,0.00010000
1726012800000,0.00010000
1726041600000,0.00010000
1726070400000,0.00002054
1726099200000,0.00009077
1726128000000,0.00010000
1726156800000,0.00010000
1726185600000,0.00010000
1726214400001,0.00010000
1726243200001,0.00010000
1726272000000,-0.00007645
1726300800000,0.00007457
1726329600001,0.00010000
1726358400000,-0.00006073
1726387200000,0.00008126
1726416000000,0.00007888
1726444800000,-0.00101402
1726473600001,-0.00144310
1726502400000,-0.00017626
1726531200001,-0.00017542
1726560000000,-0.00001875
1726588800000,0.00003959
1726617600000,0.00010000
1726646400000,0.00010000
1726675200004,-0.00003496
1726704000000,0.00010000
1726732800000,0.00010000
1726761600001,0.00010000
1726790400000,0.00009513
1726819200001,0.00010000
1726848000000,0.00010000
1726876800001,0.00010000
1726905600000,0.00001613
1726934400000,0.00010000
1726963200000,-0.00001862
1726992000000,0.00010000
1727020800000,0.00010000
1727049600000,0.00010000
1727078400000,0.00010000
1727107200000,-0.00004908
1727136000000,-0.00001710
1727164800000,0.00010000
1727193600001,0.00010000
1727222400000,0.00010000
1727251200003,0.00010000
1727280000000,0.00010000
1727308800005,0.00010000
1727337600000,0.00010000
1727366400000,0.00010000
1727395200000,0.00010000
1727424000000,0.00010000
1727452800000,0.00010000
1727481600000,0.00010000
1727510400001,0.00010000
1727539200000,0.00010000
1727568000001,0.00010000
1727596800000,0.00010000
1727625600000,0.00010000
1727654400000,0.00010000
1727683200001,0.00010000
1727712000000,0.00010000
1727740800000,0.00010000
1727769600000,0.00010000
1727798400001,0.00010000
1727827200000,0.00010000
1727856000000,0.00010000
1727884800000,0.00010000
1727913600000,0.00008861
1727942400000,0.00010000
1727971200000,0.00007855
1728000000000,0.00007913
1728028800000,0.00010000
1728057600001,0.00010000
1728086400000,0.00001886
1728115200000,0.00009607
1728144000000,0.00010000
1728172800000,0.00009094
1728201600001,0.00009749
1728230400000,0.00008892
1728259200000,0.00000057
1728288000000,0.00010000
1728316800001,0.00010000
1728345600000,0.00010000
1728374400000,0.00010000
1728403200000,0.00010000
1728432000000,0.00008423
1728460800000,0.00007040
1728489600000,0.00010000
1728518400000,0.00002113
1728547200000,-0.00003955
1728576000000,0.00010000
1728604800000,0.00002718
1728633600000,0.00003321
1728662400001,0.00005306
1728691200000,-0.00015108
1728720000001,0.00010000
1728748800000,0.00010000
1728777600000,0.00010000
1728806400000,0.00010000
1728835200000,0.00010000
1728864000000,0.00004495
1728892800000,0.00010000
1728921600000,0.00010000
1728950400000,0.00010000
1728979200000,0.00010000
1729008000000,-0.00042279
1729036800000,-0.00081593
1729065600001,-0.00090535
1729094400000,-0.00033117
1729123200000,-0.00008278
1729152000000,-0.00040992
1729180800001,-0.00041216
1729209600010,-0.00035734
1729238400001,-0.00045509
1729267200000,-0.00160519
1729296000000,-0.00128004
1729324800000,-0.00160731
1729353600000,-0.00898890
1729382400000,-0.00035677
1729411200000,-0.00028904
1729440000000,0.00000693
1729468800000,0.00000047
1729497600000,-0.00018026
1729526400000,0.00010000
1729555200000,0.00010000
1729584000000,0.00010000
1729612800000,0.00010000
1729641600000,0.00010000
1729670400000,0.00010000
1729699200000,0.00010000
1729728000000,0.00010000
1729756800000,0.00010000
1729785600000,0.00010000
1729814400000,0.00010000
1729843200000,0.00010000
1729872000000,0.00010000
1729900800000,0.00010000
1729929600001,0.00010000
1729958400000,0.00010000
1729987200000,0.00010000
1730016000000,0.00010000
1730044800000,0.00010000
1730073600000,0.00010000
1730102400001,-0.00031736
1730131200000,0.00002961
1730160000000,0.00008139
1730188800000,0.00010000
1730217600004,0.00010000
1730246400000,0.00010000
1730275200000,0.00010000
1730304000013,0.00010000
1730332800000,0.00010000
1730361600000,0.00010000
1730390400000,0.00010000
1730419200000,0.00010000
1730448000000,0.00010000
1730476800000,0.00010000
1730505600000,0.00010000
1730534400000,0.00010000
1730563200000,0.00010000
1730592000000,0.00010000
1730620800000,0.00010000
1730649600000,0.00010000
1730678400000,0.00010000
1730707200000,0.00010000
1730736000000,0.00010000
1730764800000,0.00010000
1730793600003,0.00010000
1730822400001,0.00010000
1730851200000,0.00010000
1730880000000,0.00010000
1730908800000,0.00010000
1730937600000,0.00010000
1730966400000,0.00010000
1730995200000,0.00010000
1731024000000,0.00010000
1731052800000,0.00010000
1731081600000,0.00010000
1731110400000,0.00010000
1731139200000,0.00010000
1731168000000,0.00010000
1731196800000,0.00010000
1731225600000,0.00010000
1731254400000,0.00011278
1731283200001,0.00010000
1731312000000,0.00010000
1731340800000,0.00010000
1731369600002,0.00010000
1731398400000,0.00032876
1731427200000,0.00010000
1731456000000,0.00010000
1731484800010,0.00010000
1731513600000,0.00010000
1731542400001,0.00010000
1731571200000,0.00010000
1731600000000,0.00010000
1731628800000,0.00010000
1731657600000,0.00010000
1731686400000,0.00010000
1731715200001,0.00010000
1731744000001,0.00010000
1731772800000,0.00010000
1731801600000,0.00010000
1731830400000,0.00010000
1731859200001,0.00010000
1731888000000,0.00010000
1731916800000,0.00010000
1731945600000,0.00014633
1731974400000,0.00010000
1732003200000,0.00010000
1732032000000,0.00010000
1732060800003,0.00010000
1732089600000,0.00010000
1732118400000,0.00010000
1732147200001,0.00010000
1732176000000,0.00010000
1732204800001,0.00010000
1732233600000,0.00010000
1732262400000,0.00010000
1732291200001,0.00010000
1732320000000,0.00010000
1732348800000,0.00010000
1732377600000,0.00029464
1732406400001,0.00016482
1732435200000,0.00013542
1732464000000,0.00010000
1732492800000,0.00010000
1732521600000,0.00010000
1732550400000,0.00010000
1732579200000,0.00010000
1732608000000,0.00010000
1732636800000,0.00010000
1732665600000,0.00010000
1732694400000,0.00010000
1732723200001,0.00010000
1732752000000,0.00015625
1732780800000,0.00010000
1732809600000,0.00010000
1732838400000,0.00010000
1732867200000,0.00010000
1732896000000,0.00013354
1732924800000,0.00019601
1732953600000,0.00018109
1732982400000,0.00018549
1733011200000,0.00019051
1733040000000,0.00014083
1733068800000,0.00027067
1733097600001,0.00029684
1733126400001,0.00029817
1733155200000,0.00010000
1733184000000,0.00041824
1733212800000,0.00047438
1733241600000,0.00032754
1733270400000,0.00050846
1733299200000,0.00049804
1733328000000,0.00052062
1733356800001,0.00032906
1733385600000,0.00048003
1733414400000,0.00064532
1733443200000,0.00039250
1733472000000,0.00058891
1733500800000,0.00016250
1733529600000,0.00042899
1733558400000,0.00047000
1733587200000,0.00054737
1733616000000,0.00041588
1733644800000,0.00033295
1733673600000,0.00041485
1733702400000,0.00026036
1733731200000,0.00024179
1733760000001,0.00010000
1733788800007,0.00010000
1733817600000,0.00010000
1733846400000,0.00010000
1733875200000,0.00010000
1733904000000,0.00010000
1733932800001,0.00010000
1733961600001,0.00010000
1733990400000,0.00010000
1734019200001,0.00010000
1734048000000,0.00010000
1734076800000,0.00010000
1734105600001,0.00010000
1734134400000,0.00010000
1734163200000,0.00010000
1734192000000,0.00010000
1734220800000,0.00010000
1734249600000,0.00010000
1734278400000,0.00010000
1734307200000,0.00010000
1734336000001,0.00010000
1734364800000,0.00010000
1734393600000,0.00010000
1734422400000,0.00010000
1734451200000,0.00010000
1734480000000,0.00010000
1734508800000,0.00010000
1734537600000,0.00010000
1734566400000,0.00010000
1734595200000,0.00010000
1734624000000,0.00010000
1734652800000,0.00010000
1734681600001,0.00010000
1734710400014,0.00010000
1734739200000,0.00010000
1734768000000,0.00010000
1734796800001,0.00010000
1734825600000,0.00010000
1734854400000,0.00010000
1734883200000,0.00010000
1734912000000,0.00010000
1734940800000,0.00010000
1734969600001,0.00010000
1734998400000,0.00010000
1735027200000,0.00010000
1735056000001,0.00010000
1735084800001,0.00010000
1735113600000,0.00010000
1735142400000,0.00010000
1735171200000,0.00010000
1735200000000,0.00010000
1735228800000,0.00010000
1735257600000,0.00010000
1735286400000,0.00010000
1735315200000,0.00007525
1735344000001,0.00010000
1735372800000,-0.00207123
1735401600000,-0.00076814
1735430400000,-0.00030132
1735459200000,-0.00013919
1735488000000,0.00004500
1735516800000,0.00010000
1735545600001,0.00010000
1735574400000,0.00010000
1735603200000,0.00010000
1735632000000,0.00010000
1735660800000,0.00010000
1735689600015,0.00010000
1735718400000,0.00010000
1735747200001,0.00010000
1735776000000,0.00010000
1735804800006,0.00010000
1735833600000,0.00010000
1735862400000,0.00010000
1735891200000,0.00010000
1735920000000,0.00010000
1735948800000,0.00010000
1735977600000,0.00010000
1736006400000,0.00010000
1736035200000,0.00010000
1736064000000,0.00010000
1736092800000,0.00007049
1736121600000,0.00010000
1736150400001,-0.00038797
1736179200000,0.00010000
1736208000000,0.00010000
1736236800000,0.00010000
1736265600008,0.00010000
1736294400001,0.00010000
1736323200000,0.00010000
1736352000000,0.00010000
1736380800000,0.00010000
1736409600000,0.00010000
1736438400000,0.00007568
1736467200000,0.00007523
1736496000000,0.00010000
1736524800000,0.00006765
1736553600000,0.00008316
1736582400000,-0.00067081
1736611200000,-0.00022790
1736640000000,0.00000885
1736668800000,-0.00000138
1736697600000,0.00010000
1736726400000,0.00009217
1736755200000,0.00001372
1736784000000,-0.00000829
1736812800000,0.00004316
1736841600000,0.00010000
1736870400000,0.00010000
1736899200000,0.00010000
1736928000000,0.00010000
1736956800000,0.00010000
1736985600000,0.00010000
1737014400000,0.00010000
1737043200000,0.00010000
1737072000004,0.00010000
1737100800000,0.00010000
1737129600008,0.00010000
1737158400000,0.00010000
1737187200007,0.00010000
1737216000000,0.00010000
1737244800000,0.00010000
1737273600000,0.00010000
1737302400000,0.00010000
1737331200000,0.00010000
1737360000009,0.00010000
1737388800000,0.00010000
1737417600000,0.00010000
1737446400000,0.00010000
1737475200000,0.00010000
1737504000000,0.00010000
1737532800000,0.00010000
1737561600000,0.00010000
1737590400001,0.00010000
1737619200000,0.00010000
1737648000000,0.00010000
1737676800000,0.00010000
1737705600000,0.00010000
1737734400000,0.00010000
1737763200000,0.00010000
1737792000000,0.00010000
1737820800001,0.00010000
1737849600000,0.00010000
1737878400000,0.00010000
1737907200000,0.00010000
1737936000000,0.00010000
1737964800000,0.00010000
1737993600000,0.00010000
1738022400000,0.00010000
1738051200000,0.00010000
1738080000000,0.00010000
1738108800000,0.00010000
1738137600000,0.00010000
1738166400000,0.00010000
1738195200000,0.00010000
1738224000000,0.00010000
1738252800000,0.00010000
1738281600000,0.00010000
1738310400000,0.00010000
1738339200000,0.00010000
1738368000000,0.00010000
1738396800000,0.00010000
1738425600000,0.00010000
1738454400001,0.00010000
1738483200000,0.00010000
1738512000000,0.00010000
1738540800000,0.00009848
1738569600000,-0.00006234
1738598400000,-0.00003526
1738627200000,0.00002645
1738656000001,0.00009632
1738684800000,0.00006303
1738713600001,0.00010000
1738742400001,0.00008610
1738771200000,0.00010000
1738800000001,0.00010000
1738828800001,-0.00016879
1738857600000,-0.00020645
1738886400000,-0.00003366
1738915200000,-0.00000257
1738944000000,0.00010000
1738972800000,0.00010000
1739001600000,0.00010000
1739030400000,0.00010000
1739059200000,0.00010000
1739088000000,0.00010000
1739116800000,0.00010000
1739145600000,0.00010000
1739174400000,0.00010000
1739203200000,0.00010000
1739232000000,0.00010000
1739260800000,-0.00008088
1739289600000,0.00010000
1739318400000,-0.00010131
1739347200000,-0.00007527
1739376000001,0.00010000
1739404800001,0.00010000
1739433600000,0.00010000
1739462400001,0.00010000
1739491200000,0.00005591
1739520000001,0.00008356
1739548800000,0.00009511
1739577600000,-0.00000074
1739606400000,0.00010000
1739635200000,-0.00012433
1739664000000,0.00010000
1739692800000,-0.00011455
1739721600000,-0.00189288
1739750400000,-0.00080312
1739779200000,-0.03000000
1739808000000,-0.00462915
1739836800000,-0.00344475
1739865600000,-0.01414325
1739894400000,-0.00168711
1739923200000,-0.00246686
1739952000000,-0.00127274
1739980800000,-0.00031084
1740009600000,-0.00013760
1740038400000,-0.00081087
1740067200000,-0.00037292
1740096000001,-0.00019881
1740124800000,-0.00088040
1740153600000,-0.00037284
1740182400000,-0.00021665
1740211200000,-0.00036347
1740240000000,-0.00039177
1740268800000,-0.00043965
1740297600000,-0.00026742
1740326400000,-0.00150016
1740355200000,-0.00046365
1740384000000,-0.00079114
1740412800000,-0.00027221
1740441600000,-0.00056054
1740470400000,-0.00012947
1740499200000,-0.00015010
1740528000000,-0.00001986
1740556800000,0.00000333
1740585600000,-0.00006191
1740614400001,-0.00007801
1740643200000,-0.00001402
1740672000000,-0.00002923
1740700800001,0.00008032
1740729600000,0.00010000
1740758400000,0.00007371
1740787200000,0.00007111
1740816000000,0.00010000
1740844800001,0.00001440
1740873600000,0.00006682
1740902400000,0.00010000
1740931200000,0.00004144
1740960000001,0.00010000
1740988800000,0.00010000
1741017600000,0.00010000
1741046400001,0.00003147
1741075200005,0.00010000
1741104000000,0.00006201
1741132800000,0.00010000
1741161600000,0.00005240
1741190400000,0.00010000
1741219200000,0.00010000
1741248000001,0.00010000
1741276800000,0.00001484
1741305600000,0.00008949
1741334400001,0.00010000
1741363200000,0.00005610
1741392000000,0.00006467
1741420800001,0.00001431
1741449600001,0.00010000
1741478400001,-0.00001007
1741507200000,0.00009616
1741536000000,0.00010000
1741564800000,-0.00013907
1741593600000,0.00000328
1741622400000,-0.00008540
1741651200000,-0.00015500
1741680000000,-0.00008093
1741708800001,-0.00005660
1741737600000,0.00000632
1741766400000,-0.00001989
1741795200001,0.00006553
1741824000000,0.00010000
1741852800000,-0.00005774
1741881600000,-0.00007817
1741910400000,0.00010000
1741939200000,-0.00002522
1741968000000,-0.00007313
1741996800000,0.00002093
1742025600000,-0.00015484
1742054400000,0.00010000
1742083200000,0.00010000
1742112000000,0.00010000
1742140800000,-0.00001801
1742169600000,0.00010000
1742198400000,-0.00016727
1742227200000,0.00010000
1742256000000,0.00010000
1742284800000,0.00010000
1742313600000,-0.00034827
1742342400000,0.00010000
1742371200000,0.00010000
1742400000000,0.00010000
1742428800000,-0.00002096
1742457600000,0.00010000
1742486400000,0.00010000
1742515200000,0.00010000
1742544000000,0.00010000
1742572800000,0.00010000
1742601600000,0.00010000
1742630400004,0.00010000
1742659200000,0.00010000
1742688000000,0.00010000
1742716800000,0.00010000
1742745600000,0.00010000
1742774400000,0.00010000
1742803200000,-0.00009032
1742832000000,0.00010000
1742860800001,0.00010000
1742889600000,-0.00016746
1742918400000,0.00010000
1742947200000,-0.00000879
1742976000000,-0.00002321
1743004800001,0.00001126
1743033600001,0.00010000
1743062400001,0.00010000
1743091200002,0.00010000
1743120000001,0.00010000
1743148800001,-0.00001318
1743177600000,0.00007632
1743206400000,0.00010000
1743235200000,0.00010000
1743264000000,-0.00000204
1743292800000,-0.00000214
1743321600000,-0.00007276
1743350400000,-0.00005189
1743379200000,-0.00006738
1743408000000,-0.00000783
1743436800000,-0.00007676
1743465600000,-0.00001430
1743494400001,0.00006202
1743523200000,0.00009619
1743552000001,0.00010000
1743580800000,0.00009398
1743609600000,0.00010000
1743638400000,-0.00009360
1743667200000,0.00010000
1743696000000,0.00010000
1743724800000,0.00004810
1743753600000,0.00010000
1743782400000,0.00002980
1743811200000,-0.00004954
1743840000000,-0.00016169
1743868800000,-0.00002733
1743897600000,0.00010000
1743926400000,-0.00008350
1743955200002,-0.00089467
1743984000000,-0.00013070
1744012800000,-0.00029257
1744041600000,-0.00002895
1744070400000,0.00000881
1744099200000,0.00007565
1744128000000,-0.00007665
1744156800000,0.00004946
1744185600001,-0.00034470
1744214400000,-0.00005501
1744243200000,0.00010000
1744272000000,-0.00029784
1744300800000,-0.00003109
1744329600001,-0.00012376
1744358400000,-0.00008527
1744387200000,-0.00010646
1744416000000,0.00005806
1744444800001,0.00010000
1744473600000,0.00006110
1744502400000,0.00010000
1744531200000,0.00006026
1744560000000,0.00010000
1744588800000,0.00010000
1744617600000,0.00010000
1744646400000,0.00010000
1744675200000,0.00010000
1744704000000,0.00010000
1744732800001,0.00010000
1744761600000,0.00008757
1744790400000,-0.00006001
1744819200000,-0.00061142
1744848000001,-0.00033590
1744876800000,-0.00121953
1744905600001,-0.00031885
1744934400000,-0.00023902
1744963200000,-0.00062858
1744992000000,-0.00023962
1745020800000,-0.00011642
1745049600000,-0.00004005
1745078400000,-0.00020661
1745107200000,-0.00077651
1745136000000,0.00006963
1745164800000,0.00010000
1745193600000,0.00010000
1745222400005,0.00010000
1745251200003,0.00010000
1745280000008,0.00010000
1745308800000,0.00010000
1745337600000,0.00010000
1745366400000,0.00010000
1745395200002,0.00010000
1745424000000,0.00010000
1745452800000,0.00010000
1745481600001,0.00010000
1745510400001,0.00010000
1745539200007,0.00010000
1745568000002,0.00010000
1745596800003,0.00010000
1745625600002,0.00010000
1745654400000,0.00010000
1745683200002,0.00010000
1745712000001,0.00010000
1745740800000,0.00010000
1745769600000,0.00010000
1745798400001,0.00010000
1745827200003,0.00010000
1745856000005,0.00010000
1745884800000,0.00010000
1745913600000,0.00010000
1745942400010,0.00010000
1745971200001,0.00010000
1746000000000,0.00010000
1746028800003,0.00010000
1746057600000,0.00010000
1746086400000,0.00010000
1746115200001,0.00010000
1746144000000,0.00010000
1746172800000,0.00010000
1746201600003,0.00010000
1746230400000,0.00010000
1746259200000,-0.00004565
1746288000000,0.00002146
1746316800001,0.00007992
1746345600001,0.00006811
1746374400002,-0.00001719
1746403200000,0.00009499
1746432000000,0.00010000
1746460800006,-0.00007876
1746489600002,0.00000449
1746518400005,-0.00002932
1746547200000,-0.00004054
1746576000002,0.00002118
1746604800000,-0.00012522
1746633600006,-0.00011873
1746662400000,0.00002480
1746691200001,0.00010000
1746720000002,0.00009731
1746748800001,0.00010000
1746777600006,0.00010000
1746806400000,0.00010000
1746835200001,0.00010000
1746864000000,0.00010000
1746892800001,0.00010000
1746921600000,0.00010000
1746950400001,0.00010000
1746979200001,0.00010000
1747008000004,0.00010000
1747036800000,0.00010000
1747065600000,0.00010000
1747094400000,0.00010000
1747123200008,0.00010000
1747152000001,0.00010000
1747180800007,0.00010000
1747209600000,0.00010000
1747238400002,0.00010000
1747267200000,0.00010000
1747296000003,0.00010000
1747324800000,0.00010000
1747353600001,0.00010000
1747382400000,0.00010000
1747411200000,0.00010000
1747440000000,0.00010000
1747468800001,0.00010000
1747497600004,0.00010000
1747526400000,0.00010000
1747555200000,0.00010000
1747584000000,0.00010000
1747612800000,0.00010000
1747641600006,0.00010000
1747670400010,0.00010000
1747699200000,0.00010000
1747728000002,0.00009043
1747756800000,0.00010000
1747785600000,0.00010000
1747814400001,0.00010000
1747843200004,0.00010000
1747872000001,0.00010000
1747900800000,0.00010000
1747929600002,0.00010000
1747958400006,0.00010000
1747987200000,0.00010000
1748016000007,0.00010000
1748044800010,0.00010000
1748073600000,0.00010000
1748102400003,0.00010000
1748131200004,0.00010000
1748160000000,0.00010000
1748188800000,0.00010000
1748217600000,0.00010000
1748246400000,0.00010000
1748275200002,0.00010000
1748304000003,0.00010000
1748332800001,0.00007548
1748361600005,0.00010000
1748390400002,0.00009599
1748419200003,0.00006977
1748448000002,0.00010000
1748476800000,0.00010000
1748505600006,0.00009099
1748534400000,0.00009109
1748563200003,0.00002581
1748592000003,-0.00001861
1748620800000,-0.00003097
1748649600000,-0.00001275
1748678400000,-0.00002726
1748707200000,-0.00007662
1748736000001,0.00002355
1748764800002,0.00006699
1748793600000,0.00007561
1748822400001,0.00008726
1748851200000,0.00001414
1748880000000,0.00006656
1748908800000,-0.00010275
1748937600000,0.00000697
1748966400001,0.00002215
1748995200000,-0.00001247
1749024000000,0.00010000
1749052800000,0.00010000
1749081600016,0.00010000
1749110400000,0.00005580
1749139200000,0.00007311
1749168000002,0.00000426
1749196800000,-0.00003216
1749225600006,0.00003046
1749254400000,0.00003393
1749283200000,-0.00004903
1749312000002,0.00010000
1749340800000,0.00004858
1749369600000,-0.00014700
1749398400000,0.00006166
1749427200000,0.00010000
1749456000001,0.00010000
1749484800001,0.00010000
1749513600000,0.00004636
1749542400001,0.00010000
1749571200003,0.00010000
1749600000000,0.00009252
1749628800000,0.00010000
1749657600010,0.00010000
1749686400002,0.00010000
1749715200003,0.00010000
1749744000001,0.00010000
1749772800000,0.00010000
1749801600001,-0.00007181
1749830400004,-0.00006977
1749859200000,0.00004034
1749888000000,0.00010000
1749916800000,0.00004475
1749945600005,-0.00002403
1749974400009,-0.00001299
1750003200000,0.00006410
1750032000000,0.00010000
1750060800000,0.00010000
1750089600003,0.00010000
1750118400000,0.00010000
1750147200006,0.00001802
1750176000001,0.00006512
1750204800001,0.00010000
1750233600001,0.00005521
1750262400001,-0.00004443
1750291200005,0.00002615
1750320000003,0.00001230
1750348800000,0.00008395
1750377600000,0.00001334
1750406400002,0.00009734
1750435200001,0.00001569
1750464000002,0.00008918
1750492800005,0.00010000
1750521600000,0.00006853
1750550400005,0.00003236
1750579200000,-0.00003063
1750608000003,-0.00007135
1750636800000,0.00005886
1750665600004,-0.00012733
1750694400013,0.00010000
1750723200003,0.00010000
1750752000000,0.00010000
1750780800000,0.00010000
1750809600005,0.00010000
1750838400000,0.00010000
1750867200005,0.00000400
1750896000000,0.00010000
1750924800006,-0.00006409
1750953600007,0.00009339
1750982400000,0.00010000
1751011200000,0.00010000
1751040000009,0.00010000
1751068800001,0.00010000
1751097600002,0.00010000
1751126400000,0.00010000
1751155200004,0.00006365
1751184000001,0.00010000
1751212800001,0.00001688
1751241600000,0.00010000
1751270400005,0.00010000
1751299200002,0.00010000
1751328000007,0.00010000
1751356800002,0.00002934
1751385600000,-0.00000503
1751414400001,-0.00001217
1751443200000,0.00000221
1751472000003,0.00010000
1751500800006,0.00009419
1751529600003,0.00002231
1751558400003,-0.00007624
1751587200005,-0.00014797
1751616000003,-0.00003478
1751644800001,-0.00001253
1751673600004,0.00000682
1751702400009,0.00001732
1751731200006,0.00007937
1751760000001,0.00010000
1751788800002,-0.00016507
1751817600004,0.00010000
1751846400000,-0.00011949
1751875200007,-0.00019919
1751904000000,0.00010000
1751932800010,0.00010000
1751961600003,0.00010000
1751990400000,0.00010000
1752019200002,0.00000971
1752048000006,0.00005835
1752076800001,0.00010000
1752105600003,0.00010000
1752134400000,0.00010000
1752163200004,0.00010000
1752192000004,0.00010000
1752220800007,0.00010000
1752249600001,0.00010000
1752278400000,0.00010000
1752307200001,0.00010000
1752336000002,-0.00010951
1752364800006,0.00010000
1752393600001,0.00010000
1752422400003,0.00010000
1752451200000,0.00010000
1752480000000,0.00010000
1752508800000,0.00010000
1752537600002,0.00010000
1752566400000,0.00010000
1752595200000,0.00010000
1752624000000,0.00010000
1752652800000,0.00010000
1752681600008,0.00010000
1752710400003,0.00010000
1752739200000,0.00010000
1752768000000,0.00010000
1752796800004,0.00010000
1752825600000,0.00010000
1752854400000,0.00010000
1752883200009,0.00010000
1752912000000,0.00010000
1752940800002,0.00010000
1752969600000,0.00010000
1752998400000,0.00010000
1753027200000,0.00010000
1753056000001,0.00010000
1753084800000,0.00010000
1753113600001,0.00010000
1753142400000,0.00010000
1753171200010,0.00010000
1753200000007,0.00010000
1753228800000,0.00010000
1753257600004,0.00010000
1753286400002,0.00010000
1753315200000,0.00010000
1753344000001,0.00010000
1753372800000,0.00010000
1753401600000,0.00010000
1753430400000,0.00010000
1753459200000,0.00010000
1753488000001,0.00010000
1753516800005,0.00010000
1753545600001,0.00010000
1753574400001,0.00010000
1753603200000,0.00010000
1753632000008,0.00010000
1753660800005,0.00010000
1753689600000,0.00010000
1753718400000,0.00010000
1753747200001,0.00010000
1753776000000,0.00010000
1753804800000,0.00010000
1753833600011,0.00010000
1753862400000,0.00010000
1753891200008,0.00010000
1753920000000,0.00010000
1753948800009,0.00010000
1753977600000,0.00010000
1754006400001,0.00010000
1754035200003,0.00010000
1754064000000,0.00010000
1754092800004,0.00010000
1754121600000,0.00010000
1754150400000,0.00010000
1754179200000,0.00010000
1754208000000,0.00010000
1754236800003,0.00010000
1754265600004,0.00010000
1754294400000,0.00010000
1754323200002,0.00010000
1754352000000,0.00010000
1754380800000,0.00010000
1754409600000,0.00010000
1754438400005,0.00010000
1754467200000,0.00010000
1754496000000,0.00010000
1754524800003,0.00010000
1754553600002,0.00010000
1754582400002,0.00010000
1754611200002,0.00010000
1754640000004,0.00010000
1754668800000,0.00010000
1754697600005,0.00010000
1754726400000,0.00010000
1754755200007,0.00010000
1754784000003,0.00010000
1754812800005,0.00009067
1754841600002,0.00010000
1754870400000,0.00010000
1754899200000,0.00010000
1754928000000,0.00010000
1754956800000,0.00010000
1754985600001,-0.00002619
1755014400005,0.00010000
1755043200000,0.00010000
1755072000002,0.00010000
1755100800006,0.00010000
1755129600002,0.00010000
1755158400003,0.00010000
1755187200000,0.00010000
1755216000000,0.00010000
1755244800000,0.00010000
1755273600000,0.00010000
1755302400004,0.00010000
1755331200000,0.00010000
1755360000002,0.00010000
1755388800000,0.00010000
1755417600001,0.00010000
1755446400007,0.00010000
1755475200000,0.00010000
1755504000001,0.00010000
1755532800002,0.00010000
1755561600000,0.00010000
1755590400001,0.00010000
1755619200000,0.00009079
1755648000000,0.00006113
1755676800000,0.00010000
1755705600000,0.00008021
1755734400006,0.00010000
1755763200000,0.00010000
1755792000003,-0.00000730
1755820800010,0.00010000
1755849600007,0.00010000
1755878400001,0.00010000
1755907200004,0.00010000
1755936000006,0.00010000
1755964800000,0.00010000
1755993600001,0.00010000
1756022400002,0.00010000
1756051200001,0.00010000
1756080000000,0.00010000
1756108800002,0.00010000
1756137600002,0.00010000
1756166400000,0.00010000
1756195200000,0.00010000
1756224000000,0.00010000
1756252800003,0.00010000
1756281600000,0.00010000
1756310400009,0.00010000
1756339200000,0.00010000
1756368000005,0.00010000
1756396800004,0.00010000
1756425600000,0.00010000
1756454400000,0.00010000
1756483200005,0.00010000
1756512000000,0.00010000
1756540800002,0.00010000
1756569600003,0.00010000
1756598400016,0.00010000
1756627200000,0.00010000
1756656000001,0.00010000
1756684800000,0.00010000
1756713600000,0.00008207
1756742400001,0.00010000
1756771200000,0.00004973
1756800000005,0.00010000
1756828800007,0.00010000
1756857600006,0.00010000
1756886400002,0.00010000
1756915200002,0.00010000
1756944000002,0.00010000
1756972800000,0.00010000
1757001600000,0.00010000
1757030400001,0.00010000
1757059200006,0.00010000
1757088000000,0.00010000
1757116800000,0.00010000
1757145600005,0.00010000
1757174400000,0.00010000
1757203200000,0.00010000
1757232000000,0.00010000
1757260800000,0.00010000
1757289600007,0.00010000
1757318400000,0.00010000
1757347200000,0.00010000
1757376000000,0.00010000
1757404800000,0.00010000
1757433600000,0.00010000
1757462400000,0.00010000
1757491200002,0.00010000
1757520000000,0.00010000
1757548800000,0.00010000
1757577600000,0.00010000
1757606400001,0.00010000
1757635200002,0.00010000
1757664000001,0.00010000
1757692800005,0.00010000
1757721600005,0.00010000
1757750400002,0.00010000
1757779200000,0.00010000
1757808000006,0.00010000
1757836800000,0.00010000
1757865600001,0.00010000
1757894400006,0.00010000
1757923200002,0.00010000
1757952000001,0.00010000
1757980800001,0.00010000
1758009600000,0.00010000
1758038400000,0.00010000
1758067200001,0.00010000
1758096000000,0.00010000
1758124800003,0.00010000
1758153600006,0.00010000
1758182400002,0.00010000
1758211200000,0.00010000
1758240000000,0.00010000
1758268800005,0.00010000
1758297600000,0.00010000
1758326400000,0.00010000
1758355200000,0.00010000
1758384000002,0.00010000
1758412800000,0.00010000
1758441600000,0.00010000
1758470400000,0.00010000
1758499200005,0.00010000
1758528000003,0.00010000
1758556800000,0.00010000
1758585600000,0.00010000
1758614400001,0.00010000
1758643200000,-0.00000140
1758672000003,0.00005731
1758700800001,0.00010000
1758729600002,0.00010000
1758758400000,0.00010000
1758787200001,0.00005856
1758816000000,0.00010000
1758844800000,0.00010000
1758873600000,0.00010000
1758902400008,0.00010000
1758931200000,0.00010000
1758960000010,0.00010000
1758988800003,0.00010000
1759017600000,0.00010000
1759046400000,0.00010000
1759075200000,0.00010000
1759104000000,0.00010000
1759132800002,0.00010000
1759161600001,0.00010000
1759190400002,0.00010000
1759219200005,0.00010000
1759248000000,0.00008544
1759276800000,0.00010000
1759305600000,0.00010000
1759334400000,0.00010000
1759363200000,0.00010000
1759392000013,0.00010000
1759420800000,0.00010000
1759449600006,0.00010000
1759478400006,0.00010000
1759507200000,0.00010000
1759536000001,0.00010000
1759564800000,0.00010000
1759593600000,0.00010000
1759622400000,0.00010000
1759651200003,0.00010000
1759680000009,0.00010000
1759708800004,0.00010000
1759737600002,0.00010000
1759766400004,0.00010000
1759795200000,0.00010000
1759824000003,0.00010000
1759852800000,0.00010000
1759881600000,0.00010000
1759910400006,0.00010000
1759939200002,0.00010000
1759968000001,0.00010000
1759996800000,0.00010000
1760025600000,0.00010000
1760054400005,0.00010000
1760083200002,0.00010000
1760112000014,0.00010000
1760140800000,0.00010000
1760169600003,0.00010000
1760198400000,0.00010000
1760227200004,0.00010000
1760256000002,0.00010000
1760284800000,0.00010000
1760313600003,0.00010000
1760342400002,0.00007631
1760371200003,0.00001654
1760400000000,0.00010000
1760428800000,0.00005591
1760457600000,-0.00006019
1760486400006,-0.00002783
1760515200002,0.00003327
1760544000000,0.00008553
1760572800000,-0.00004542
1760601600003,0.00010000
1760630400002,0.00010000
1760659200001,-0.00001661
1760688000005,-0.00008034
1760716800003,-0.00008749
1760745600000,-0.00018835
1760774400002,0.00010000
1760803200001,0.00010000
1760832000001,0.00004881
1760860800001,-0.00003467
1760889600001,0.00008601
1760918400004,-0.00000198
1760947200001,0.00010000
1760976000000,0.00007123
1761004800009,0.00010000
1761033600000,0.00006990
1761062400000,-0.00163140
1761091200004,-0.00001771
1761120000000,-0.00157183
1761148800000,-0.00111750
1761177600000,-0.00014180
1761206400001,-0.00047356
1761235200004,0.00010000
1761264000000,0.00010000
1761292800000,0.00010000
1761321600009,0.00010000
1761350400000,0.00010000
1761379200001,0.00010000
1761408000001,0.00010000
1761436800001,0.00010000
1761465600001,0.00010000
1761494400000,0.00010000
1761523200000,0.00010000
1761552000005,0.00010000
1761580800000,0.00010000
1761609600000,0.00010000
1761638400000,0.00010000
1761667200004,0.00010000
1761696000004,0.00010000
1761724800005,0.00010000
1761753600000,0.00010000
1761782400004,0.00010000
1761811200008,0.00010000
1761840000001,0.00010000
1761868800000,0.00002487
1761897600008,0.00006486
1761926400007,0.00010000
1761955200001,0.00010000
1761984000000,0.00010000
1762012800000,0.00010000
1762041600007,0.00010000
1762070400000,0.00010000
1762099200001,0.00010000
1762128000000,0.00010000
1762156800010,0.00010000
1762185600000,0.00010000
1762214400002,0.00010000
1762243200004,-0.00000453
1762272000000,-0.00003483
1762300800000,0.00010000
1762329600000,0.00010000
1762358400004,0.00010000
1762387200001,0.00010000
1762416000000,0.00010000
1762444800001,0.00010000
1762473600005,-0.00017268
1762502400003,-0.00048615
1762531200005,-0.00073319
1762560000011,0.00010000
1762588800015,0.00010000
1762617600001,0.00010000
1762646400004,0.00010000
1762675200000,0.00010000
1762704000005,0.00010000
1762732800000,0.00010000
1762761600000,0.00010000
1762790400003,0.00010000
1762819200007,0.00010000
1762848000000,0.00010000
1762876800009,0.00003863
1762905600000,0.00010000
1762934400002,0.00010000
1762963200000,0.00010000
1762992000002,0.00007520
1763020800000,0.00010000
1763049600001,0.00010000
1763078400000,-0.00039993
1763107200000,0.00010000
1763136000001,0.00010000
1763164800005,0.00010000
1763193600000,0.00003239
1763222400001,-0.00005471
1763251200001,0.00010000
1763280000000,0.00010000
1763308800000,0.00002340
1763337600003,0.00004906
1763366400003,0.00010000
1763395200000,0.00010000
1763424000002,0.00010000
1763452800004,0.00002679
1763481600000,0.00007448
1763510400000,-0.00000440
1763539200000,0.00006138
1763568000008,-0.00009619
1763596800000,-0.00000748
1763625600000,0.00010000
1763654400000,0.00000999
1763683200001,-0.00008017
1763712000000,-0.00001823
1763740800001,-0.00016445
1763769600004,-0.00002432
1763798400000,0.00010000
1763827200000,0.00003384
1763856000000,-0.00034996
1763884800008,-0.00054544
1763913600003,-0.00028040
1763942400004,-0.00055167
1763971200000,-0.00051150
1764000000006,-0.00007681
1764028800000,0.00008415
1764057600009,0.00010000
1764086400007,-0.00022344
1764115200001,0.00003547
1764144000001,-0.00003107
1764172800000,-0.00014624
1764201600013,0.00004453
1764230400000,-0.00008675
1764259200004,0.00002717
1764288000008,0.00004820
1764316800000,-0.00007098
1764345600008,-0.00001062
1764374400000,-0.00054102
1764403200005,-0.00051514
1764432000001,-0.00021394
1764460800003,-0.00027748
1764489600000,0.00006312
1764518400004,-0.00087233
1764547200000,-0.00030495
1764576000004,-0.00027752
1764604800000,-0.00074021
1764633600004,0.00007552
1764662400000,-0.00124213
1764691200000,-0.00022533
1764720000000,-0.00008063
1764748800000,-0.00029531
1764777600005,-0.00018229
1764806400012,-0.00010484
1764835200000,-0.00005662
1764864000011,0.00010000
1764892800000,-0.00000872
1764921600000,0.00007907
1764950400010,0.00001399
1764979200001,0.00010000
1765008000001,-0.00048665
1765036800008,-0.00022833
1765065600000,-0.00022815
1765094400004,0.00010000
1765123200000,-0.00023987
1765152000000,0.00010000
1765180800000,0.00009175
1765209600001,0.00010000
1765238400001,-0.00028689
1765267200001,0.00000616
1765296000007,0.00010000
1765324800007,-0.00002312
1765353600002,0.00004306
1765382400012,0.00000997
1765411200001,-0.00009942
1765440000000,-0.00010427
1765468800000,-0.00005731
1765497600005,0.00007179
1765526400007,-0.00001308
1765555200002,-0.00019987
1765584000001,-0.00002217
1765612800006,0.00002633
1765641600000,0.00010000
1765670400000,0.00010000
1765699200003,0.00010000
1765728000005,0.00004712
1765756800000,0.00010000
1765785600000,0.00010000
1765814400000,0.00010000
1765843200002,0.00010000
1765872000000,0.00010000
1765900800002,0.00010000
1765929600004,0.00010000
1765958400000,0.00010000
1765987200000,0.00010000
1766016000005,-0.00000373
1766044800007,0.00010000
1766073600001,-0.00002990
1766102400000,0.00010000
1766131200001,0.00010000
1766160000000,0.00010000
1766188800005,-0.00043172
1766217600000,0.00010000
1766246400002,0.00010000
1766275200000,-0.00035899
1766304000009,-0.00006449
1766332800000,-0.00035065
1766361600000,-0.00012532
1766390400005,0.00010000
1766419200009,-0.00011165
1766448000000,0.00008470
1766476800000,-0.00079657
1766505600001,0.00008073
1766534400001,-0.00008656
1766563200001,-0.00065158
1766592000000,-0.00008924
1766620800000,-0.00008377
1766649600001,-0.00004320
1766678400005,-0.00003975
1766707200004,-0.00046414
1766736000001,0.00002687
1766764800007,-0.00021347
1766793600000,-0.00018124
1766822400000,-0.00041262
1766851200011,-0.00018058
1766880000008,-0.02000000
1766883600000,-0.00120713
1766887200001,-0.00107851
1766890800005,-0.00090376
1766894400000,-0.00031408
1766898000000,-0.00066770
1766901600000,-0.00073830
1766905200001,-0.00087762
1766908800000,-0.00230630
1766912400006,-0.00104981
1766916000000,-0.00111641
1766919600000,-0.00082037
1766923200010,-0.00166981
1766926800000,-0.00182039
1766930400006,-0.00159130
1766934000000,-0.00090010
1766937600000,-0.00083023
1766941200004,-0.00084707
1766944800001,-0.00077704
1766948400000,-0.00089000
1766952000002,-0.00098938
1766955600003,-0.00141740
1766959200006,-0.00185137
1766962800000,-0.00127395
1766966400016,-0.00121702
1766970000000,-0.00092977
1766973600010,-0.00059758
1766977200001,-0.00048837
1766980800000,-0.00049914
1766984400008,-0.00044832
1766988000000,-0.00060326
1766991600008,-0.00040105
1766995200001,-0.00097390
1766998800001,-0.00119959
1767002400000,-0.00134000
1767006000008,-0.00084203
1767009600001,-0.00062476
1767013200000,-0.00056410
1767016800000,-0.00038200
1767020400002,-0.00034080
1767024000000,-0.00026957
1767027600000,-0.00024229
1767031200000,-0.00028591
1767034800000,-0.00029071
1767038400000,-0.00023018
1767042000005,-0.00039223
1767045600001,-0.00025541
1767049200000,-0.00017317
1767052800005,-0.00013922
1767056400000,-0.00023699
1767060000000,-0.00031527
1767063600000,-0.00081283
1767067200012,-0.00044067
1767070800000,-0.00045743
1767074400004,-0.00050461
1767078000006,-0.00037195
1767081600001,-0.00028349
1767085200000,-0.00029668
1767088800000,-0.00042956
1767092400003,-0.00033391
1767096000000,-0.00022577
1767099600000,-0.00013255
1767103200000,-0.00012571
1767106800000,-0.00014791
1767110400003,-0.00004332
1767114000009,-0.00007787
1767117600000,-0.00005485
1767121200001,-0.00010018
1767124800001,-0.00010014
1767128400001,-0.00014302
1767132000000,-0.00015956
1767135600007,-0.00009090
1767139200004,-0.00014999
1767142800004,-0.00017884
1767146400000,-0.00004868
1767150000005,-0.00007705
1767153600008,-0.00008183
1767157200000,-0.00000789
1767160800003,-0.00003159
1767164400000,-0.00004260
1767168000001,-0.00006211
1767171600002,-0.00006602
1767175200002,-0.00007078
1767178800004,-0.00010235
1767182400007,-0.00006612
1767186000001,-0.00008392
1767189600008,-0.00003259
1767193200000,-0.00009023
1767196800001,-0.00004467
1767200400000,-0.00007175
1767204000006,-0.00008801
1767207600001,-0.00005762
1767211200009,-0.00005624
1767214800002,-0.00007131
1767218400008,-0.00005625
1767222000001,-0.00004328
1767225600008,-0.00009443
1767229200000,-0.00004902
1767232800000,-0.00005271
1767236400008,-0.00003280
1767240000000,-0.00006899
1767243600008,0.00000461
1767247200000,-0.00001794
1767250800002,-0.00003657
1767254400002,-0.00003714
1767258000009,0.00001250
1767261600000,-0.00004715
1767265200006,-0.00000835
1767268800007,-0.00007314
1767272400006,-0.00008029
1767276000008,-0.00002158
1767279600000,-0.00008467
1767283200001,-0.00006632
1767286800000,-0.00002318
1767290400000,-0.00014255
1767294000000,-0.00010891
1767297600005,-0.00012406
1767301200000,-0.00009848
1767304800000,-0.00005211
1767308400000,-0.00002510
1767312000006,-0.00005007
1767315600007,-0.00015040
1767319200003,-0.00011325
1767322800002,-0.00009338
1767326400000,-0.00012206
1767330000009,-0.00008236
1767333600001,-0.00008939
1767337200001,-0.00007575
1767340800007,-0.00007611
1767344400002,-0.00010315
1767348000010,-0.00014347
1767351600000,-0.00014654
1767355200000,-0.00032305
1767358800001,-0.00028013
1767362400002,-0.00029574
1767366000000,-0.00032073
1767369600000,-0.00022767
1767373200006,-0.00012623
1767376800000,-0.00006335
1767380400000,-0.00018304
1767384000000,-0.00019494
1767387600000,-0.00027077
1767391200000,-0.00026713
1767394800000,-0.00025037
1767398400001,-0.00035607
1767402000001,-0.00020446
1767405600000,-0.00020989
1767409200000,-0.00022282
1767412800000,-0.00035009
1767416400000,-0.00035544
1767420000009,-0.00029745
1767423600008,-0.00027680
1767427200000,-0.00022400
1767430800004,-0.00017094
1767434400001,-0.00008240
1767438000000,-0.00016812
1767441600008,-0.00011160
1767445200005,-0.00006651
1767448800004,-0.00027736
1767452400011,-0.00024615
1767456000000,-0.00026118
1767459600000,-0.00004597
1767463200001,-0.00002600
1767466800002,-0.00007370
1767470400001,-0.00006721
1767474000001,-0.00005386
1767477600001,-0.00009908
1767481200012,-0.00011559
1767484800000,-0.00013249
1767488400000,-0.00001425
1767492000001,-0.00004338
1767495600007,-0.00005993
1767499200000,-0.00003896
1767502800003,-0.00004509
1767506400000,-0.00006925
1767510000010,-0.00006513
1767513600000,-0.00003080
1767528000001,-0.00014878
1767542400001,-0.00023111
1767556800002,-0.00035168
1767571200000,-0.00028362
1767585600001,-0.00027547
1767600000000,-0.00007560
1767614400000,-0.00074993
1767628800000,-0.00740954
1767643200000,-0.00049352
1767657600010,-0.00034662
1767672000000,-0.00047407
1767686400000,-0.00100258
1767700800000,-0.00052004
1767715200000,-0.00084034
1767729600002,-0.00019685
1767744000001,-0.00016862
1767758400003,-0.00013962
1767772800001,-0.00018209
1767787200000,0.00000174
1767801600001,-0.00006605
1767816000001,-0.00003446
1767830400001,-0.00009878
1767844800000,-0.00013191
1767859200000,-0.00001781
1767873600002,-0.00016700
1767888000000,-0.00003373
1767902400000,-0.00008490
1767916800003,-0.00009089
1767931200000,0.00000560
1767945600000,-0.00003917
1767960000000,-0.00029666
1767974400001,-0.00099918
1767988800005,-0.00011681
1768003200000,-0.00003093
1768017600000,-0.00002308
1768032000002,-0.00006252
1768046400000,-0.00003106
1768060800001,-0.00019604
1768075200014,-0.00005353
1768089600003,-0.00036596
1768104000000,-0.00015788
1768118400006,-0.00017670
1768132800000,-0.00017626
1768147200000,-0.00015473
1768161600002,-0.00018831
1768176000005,-0.00018622
1768190400008,-0.00007017
1768204800000,-0.00021512
1768219200000,-0.00016614
1768233600000,-0.00059627
1768248000000,-0.00008726
1768262400007,-0.00015145
1768276800000,-0.00000553
1768291200009,-0.00126340
1768305600000,-0.00016103
1768320000002,-0.00053004
1768334400003,-0.00032174
1768348800000,-0.00013689
1768363200001,-0.00025994
1768377600001,-0.00006741
1768392000000,-0.00006559
1768406400004,-0.00004233
1768420800007,-0.00022881
1768435200000,0.00000988
1768449600008,-0.00028314
1768464000004,0.00000206
1768478400000,-0.00024105
1768492800002,-0.00002658
1768507200000,0.00000753
1768521600000,-0.00009668
1768536000000,0.00005000
1768550400000,-0.00003304
1768564800001,0.00001412
1768579200001,-0.00005165
1768593600003,0.00005000
1768608000000,0.00005000
1768622400000,0.00004782
1768636800000,-0.00004128
1768651200000,-0.00000246
1768665600002,-0.00003041
1768680000002,-0.00003662
1768694400001,-0.00002966
1768708800002,-0.00009042
1768723200000,0.00002964
1768737600000,-0.00011110
1768752000000,0.00004498
1768766400011,-0.00008659
1768780800007,-0.00002473
1768795200002,-0.00008596
1768809600007,-0.00006443
1768824000000,-0.00009708
1768838400007,-0.00001271
1768852800000,0.00000366
1768867200005,-0.00008205
1768881600008,-0.00004444
1768896000001,-0.00002586
1768910400007,0.00003585
1768924800009,-0.00005264
1768939200002,-0.00014013
1768953600001,0.00005000
1768968000009,0.00005000
1768982400011,0.00005000
1768996800000,-0.00006220
1769011200011,0.00005000
1769025600000,0.00005000
1769040000010,-0.00003725
1769054400011,-0.00002059
1769068800003,-0.00012392
1769083200000,0.00005000
1769097600005,-0.00004152
1769112000000,0.00001735
1769126400005,0.00005000
1769140800000,0.00005000
1769155200000,0.00005000
1769169600002,-0.00005890
1769184000011,-0.00001808
1769198400000,-0.00012816
1769212800011,0.00005000
1769227200008,0.00005000
1769241600002,-0.00000290
1769256000000,-0.00003731
1769270400001,-0.00007367
1769284800008,0.00003240
1769299200002,-0.00000794
1769313600000,-0.00015539
1769328000011,0.00005000
1769342400000,0.00005000
1769356800005,-0.00016186
1769371200001,-0.00003598
1769385600000,-0.00005615
1769400000000,-0.00002278
1769414400003,0.00005000
1769428800000,0.00005000
1769443200000,0.00005000
1769457600000,0.00005000
1769472000002,0.00005000
1769486400002,0.00003084
1769500800000,-0.00001320
1769515200006,0.00002273
1769529600000,0.00001299
1769544000000,0.00005000
1769558400000,0.00002538
1769572800008,0.00000159
1769587200000,0.00005000
1769601600005,0.00005000
1769616000000,0.00004644
1769630400004,-0.00000718
1769644800000,-0.00001617
1769659200000,0.00000373
1769673600009,0.00005000
1769688000000,0.00005000
1769702400000,-0.00005079
1769716800004,0.00001846
1769731200008,0.00001098
1769745600005,0.00005000
1769760000000,0.00005000
1769774400005,0.00005000
1769788800001,0.00005000
1769803200004,0.00005000
1769817600000,0.00005000
1769832000002,0.00005000
1769846400001,0.00005000
1769860800010,-0.00001619
1769875200009,-0.00006215
1769889600012,0.00003700
1769904000001,-0.00001446
1769918400000,-0.00000366
1769932800004,0.00005000
1769947200004,-0.00004839
1769961600000,-0.00090997
1769976000004,-0.00002484
1769990400000,-0.00013165
1770004800000,-0.00002147
1770019200014,0.00003778
1770033600009,0.00005000
1770048000000,0.00005000
1770062400000,0.00003375
1770076800000,0.00005000
1770091200001,0.00005000
1770105600007,-0.00005089
1770120000006,0.00001389
1770134400000,0.00002473
1770148800009,-0.00007287
1770163200002,-0.00002977
1770177600004,0.00003637
1770192000007,0.00002587
1770206400010,0.00003524
1770220800000,-0.00000236
1770235200001,0.00005000
1770249600011,0.00005000
1770264000001,0.00005000
1770278400000,0.00005000
1770292800006,-0.00002670
1770307200007,0.00001415
1770321600000,-0.00010348
1770336000000,0.00001729
1770350400001,0.00001728
1770364800001,0.00005000
1770379200003,-0.00005251
1770393600000,0.00005000
1770408000005,0.00005000
1770422400003,0.00005000
1770436800024,0.00005000
1770451200000,0.00000467
1770465600007,-0.00242314
1770480000010,-0.00044562
1770494400000,-0.00010877
1770508800003,0.00003236
1770523200002,-0.00017135
1770537600000,0.00005000
1770552000005,-0.00000445
1770566400000,0.00003780
1770580800000,0.00000810
1770595200002,0.00005000
1770609600012,-0.00001346
1770624000001,-0.00013871
1770638400003,-0.00004914
1770652800007,-0.00002927
1770667200006,-0.00003329
1770681600000,0.00005000
1770696000000,-0.00008394
1770710400007,0.00001302
1770724800000,-0.00007777
1770739200000,-0.00005096
1770753600007,0.00002287
1770768000000,0.00003384
1770782400000,0.00002784
1770796800006,0.00000630
1770811200000,-0.00000815
1770825600000,-0.00003545
1770840000003,-0.00003707
1770854400000,0.00003365
1770868800000,0.00005000
1770883200001,0.00005000
1770897600002,0.00005000
1770912000001,-0.00002905
1770926400006,0.00005000
1770940800007,0.00005000
1770955200000,0.00001587
1770969600003,0.00005000
1770984000000,0.00005000
1770998400005,-0.00000083
1771012800006,0.00003978
1771027200002,0.00005000
1771041600007,0.00005000
1771056000004,0.00000560
1771070400000,0.00004926
1771084800002,0.00005000
1771099200000,0.00002086
1771113600000,-0.00003715
1771128000000,0.00005000
1771142400002,0.00003449
1771156800005,0.00000694
1771171200000,0.00005000
1771185600009,0.00005000
1771200000001,0.00005000
1771214400004,-0.00546105
1771228800003,-0.00275888
1771243200000,-0.00171140
1771257600000,-0.00124718
1771272000009,-0.00131578
1771286400008,-0.00152943
1771300800003,-0.00053960
1771315200001,-0.00024930
1771329600000,-0.00013958
1771344000002,-0.00021199
1771358400002,-0.00009807
1771372800000,-0.00011805
1771387200000,-0.00011321
1771401600000,-0.00031658
1771416000007,-0.00029201
1771430400011,-0.00015169
1771444800004,-0.00020475
1771459200013,0.00002100
1771473600003,-0.00007524
1771488000000,-0.00025728
1771502400011,-0.00012055
1771516800003,-0.00022006
1771531200000,-0.00011256
1771545600000,-0.00007081
1771560000003,-0.00018233
1771574400000,-0.00040781
1771588800000,-0.00027114
1771603200000,-0.00030760
1771617600000,-0.00007880
1771632000004,-0.00000903
1771646400000,-0.00009556
1771660800000,-0.00006857
1771675200013,-0.00021718
1771689600005,-0.00011163
1771704000000,-0.00014597
1771718400001,-0.00027603
1771732800008,-0.00014126
1771747200004,-0.00006390
1771761600008,-0.00039511
1771776000000,-0.00046181
1771790400000,-0.00011272
1771804800001,-0.00024356
1771819200000,-0.00010417
1771833600000,-0.00003706
1771848000003,-0.00002933
1771862400000,-0.00014929
1771876800000,-0.00027001
1771891200007,-0.00003869
1771905600000,-0.00056657
1771920000000,-0.00289010
1771934400000,-0.00144388
1771948800001,-0.00061387
1771963200002,-0.00017673
1771977600001,-0.00044474
1771992000000,-0.00014411
1772006400007,-0.00000241
1772020800000,-0.00002242
1772035200000,0.00005000
1772049600006,-0.00003046
1772064000000,-0.00005479
1772078400000,-0.00001424
1772092800006,-0.00005217
1772107200004,-0.00019976
1772121600002,-0.00002047
1772136000001,-0.00003821
1772150400007,-0.00000407
1772164800000,-0.00002729
1772179200000,-0.00011914
1772193600000,-0.00032633
1772208000001,-0.00007100
1772222400007,-0.00023210
1772236800000,0.00005000
1772251200002,-0.00001718
1772265600000,-0.00013898
1772280000001,-0.00018629
1772294400004,-0.00000336
1772308800000,0.00005000
1772323200005,0.00003693
1772337600000,0.00003174
1772352000000,-0.00011125
1772366400000,-0.00012305
1772380800002,-0.00003570
1772395200001,-0.00012753
1772409600001,0.00000385
1772424000001,-0.00022519
1772438400007,-0.00002609
1772452800002,-0.00007236
1772467200000,-0.00005317
1772481600000,-0.00007378
1772496000000,0.00005000
1772510400009,-0.00003167
1772524800000,0.00001387
1772539200017,-0.00012229
1772553600007,-0.00001831
1772568000000,0.00002421
1772582400001,0.00005000
1772596800000,0.00001317
1772611200005,0.00005000
1772625600008,0.00005000
1772640000000,0.00005000
1772654400000,0.00005000
1772668800000,0.00005000
1772683200000,0.00005000
1772697600000,0.00005000
1772712000000,0.00005000
1772726400004,0.00005000
1772740800000,-0.00016589
1772755200001,0.00005000
1772769600003,0.00005000
1772784000001,0.00005000
1772798400005,0.00005000
1772812800004,-0.00007558
1772827200010,0.00005000
1772841600001,0.00005000
1772856000006,-0.00035216
1772870400012,0.00005000
1772884800000,0.00005000
1772899200001,0.00002495
1772913600000,0.00005000
1772928000001,-0.00007263
1772942400010,-0.00018754
1772956800000,-0.00005698
1772971200002,-0.00010279
1772985600002,-0.00012718
1773000000000,-0.00003431
1773014400000,-0.00003405
1773028800006,0.00005000
1773043200004,-0.00002025
1773057600001,-0.00005300
1773072000003,-0.00013978
1773086400000,-0.00008054
1773100800012,0.00003836
1773115200000,-0.00006868
1773129600002,-0.00009372
1773144000004,0.00004998
1773158400001,-0.00005301
1773172800004,-0.00004434
1773187200000,0.00005000
1773201600000,-0.00240657
1773216000007,-0.00013005
1773230400003,-0.00029564
1773244800010,-0.00019357
1773259200004,-0.00052444
1773273600000,-0.00010937
1773288000001,-0.00022779
1773302400000,-0.00020931
1773316800006,-0.00007918
1773331200000,0.00003822
1773345600006,-0.00005242
1773360000006,-0.00001447
1773374400005,-0.00009046
1773388800001,0.00001661
1773403200003,-0.00004572
1773417600000,-0.00001650
1773432000000,0.00002590
1773446400001,0.00005000
1773460800002,0.00005000
1773475200000,-0.00001007
1773489600000,0.00005000
1773504000007,-0.00001656
1773518400000,0.00002371
1773532800000,0.00003782
1773547200000,-0.00005890
1773561600000,0.00005000
1773576000002,-0.00003513
1773590400000,0.00003876
1773604800000,0.00005000
1773619200000,0.00005000
1773633600006,0.00005000
1773648000010,0.00005000
1773662400002,0.00005000
1773676800000,0.00005000
1773691200001,0.00005000
1773705600000,0.00005000
1773720000008,-0.00001764
1773734400002,0.00005000
1773748800012,0.00005000
1773763200011,0.00005000
1773777600000,0.00005000
1773792000002,0.00005000
1773806400000,-0.00008015
1773820800002,0.00005000
1773835200001,0.00004883
1773849600005,-0.00000018
1773864000008,-0.00007104
1773878400000,0.00005000
1773892800000,0.00000831
1773907200003,-0.00010158
1773921600002,-0.00007254
1773936000003,-0.00001093
1773950400000,0.00000236
1773964800002,-0.00020636
1773979200008,0.00005000
1773993600000,0.00002696
1774008000000,-0.00009841
1774022400000,0.00002923
1774036800007,0.00000993
1774051200000,0.00002385
1774065600002,-0.00012183
1774080000000,0.00005000
1774094400003,0.00005000
1774108800014,0.00005000
1774123200000,-0.00001390
1774137600012,-0.00006137
1774152000003,0.00000929
1774166400007,0.00005000
1774180800000,0.00005000
1774195200002,0.00005000
1774209600000,0.00005000
1774224000000,-0.00003107
1774238400000,-0.00002104
1774252800003,0.00005000
1774267200000,0.00005000
1774281600002,0.00005000
1774296000000,0.00002371
1774310400000,0.00001464
1774324800001,0.00001209
1774339200000,0.00001907
1774353600000,0.00005000
1774368000003,0.00004471
1774382400000,0.00005000
1774396800000,0.00005000
1774411200000,0.00005000
1774425600000,0.00005000
1774440000005,0.00005000
1774454400013,0.00005000
1774468800001,-0.00001687
1774483200001,0.00005000
1774497600002,0.00003778
1774512000001,-0.00003921
1774526400000,0.00005000
1774540800000,0.00005000
1774555200003,0.00005000
1774569600006,0.00005000
1774584000001,0.00005000
1774598400000,0.00005000
1774612800002,0.00003888
1774627200000,0.00001422
1774641600000,0.00000819
1774656000005,-0.00008689
1774670400003,0.00005000
1774684800005,0.00005000
1774699200006,0.00003649
1774713600000,-0.00010541
1774728000003,-0.00016941
1774742400003,-0.00011481
1774756800000,-0.00005746
1774771200001,-0.00012398
1774785600000,-0.00018242
1774800000000,0.00005000
1774814400000,0.00005000
1774828800000,-0.00003230
1774843200012,-0.00003241
1774857600005,0.00005000
1774872000005,0.00005000
1774886400000,0.00005000
1774900800000,-0.00012740
1774915200000,0.00005000
1774929600000,-0.00006294
1774944000000,0.00003276
1774958400001,0.00005000
1774972800000,0.00003013
1774987200002,0.00005000
1775001600000,0.00005000
1775016000004,0.00005000
1775030400000,0.00005000
1775044800000,0.00005000
1775059200000,0.00005000
1775073600000,0.00004689
1775088000003,0.00005000
1775102400003,0.00002000
1775116800001,0.00005000
1775131200003,0.00004528
1775145600001,0.00005000
1775160000003,-0.00004699
1775174400000,0.00005000
1775188800000,0.00005000
1775203200008,-0.00005573
1775217600006,0.00005000
1775232000008,0.00005000
1775246400001,0.00005000
1775260800000,0.00005000
1775275200001,0.00002393
1775289600003,-0.00014705
1775304000000,-0.00000885
1775318400000,0.00005000
1775332800000,0.00005000
1775347200008,0.00005000
1775361600002,0.00005000
1775376000000,-0.00005544
1775390400003,0.00005000
1775404800001,0.00005000
1775419200003,0.00005000
1775433600004,0.00004937
1775448000005,0.00005000
1775462400001,-0.00001525
1775476800002,0.00005000
1775491200003,0.00005000
1775505600000,0.00005000
1775520000000,0.00003270
1775534400003,0.00005000
1775548800000,-0.00000824
1775563200008,0.00005000
1775577600000,0.00005000
1775592000000,0.00003834
1775606400000,0.00005000
1775620800002,0.00005000
1775635200000,0.00005000
1775649600013,0.00005000
1775664000006,0.00005000
1775678400005,0.00001931
1775692800000,0.00005000
1775707200005,0.00005000
1775721600010,0.00005000
1775736000001,0.00001802
1775750400001,0.00005000
1775764800001,0.00005000
1775779200000,0.00005000
1775793600000,-0.00001835
1775808000005,0.00005000
1775822400000,0.00005000
1775836800000,0.00005000
1775851200002,0.00005000
1775865600000,0.00005000
1775880000009,0.00005000
1775894400000,0.00005000
1775908800002,0.00005000
1775923200003,0.00005000
1775937600001,0.00005000
1775952000000,0.00005000
1775966400000,0.00005000
1775980800000,0.00005000
1775995200000,0.00005000
1776009600000,0.00005000
1776024000013,0.00005000
1776038400011,0.00005000
1776052800003,0.00005000
1776067200006,0.00005000
1776081600010,0.00005000
1776096000000,0.00005000
1776110400000,0.00005000
1776124800005,0.00005000
1776139200000,0.00005000
1776153600003,0.00005000
1776168000000,0.00005000
1776182400001,0.00005000
1776196800009,0.00005000
1776211200000,0.00005000
1776225600000,0.00005000
1776240000000,0.00005000
1776254400000,-0.00000468
1776268800000,0.00005000
1776283200009,0.00005000
1776297600013,0.00002622
1776312000008,0.00005000
1776326400000,0.00005000
1776340800004,0.00005000
1776355200000,0.00005000
1776369600000,0.00005000
1776384000001,0.00005000
1776398400003,0.00005000
1776412800011,0.00005000
1776427200003,0.00005000
1776441600001,0.00005000
1776456000005,0.00005000
1776470400001,0.00005000
1776484800003,0.00005000
1776499200006,0.00005000
1776513600000,0.00005000
1776528000000,0.00005000
1776542400002,0.00005000
1776556800002,0.00005000
1776571200000,0.00005000
1776585600010,0.00005000
1776600000003,0.00005000
1776614400001,0.00005000
1776628800005,0.00005000
1776643200000,0.00000922
1776657600001,0.00005000
1776672000000,0.00005000
1776686400009,0.00005000
1776700800001,0.00005000
1776715200000,0.00005000
1776729600000,-0.00002927
1776744000000,0.00005000
1776758400004,0.00005000
1776772800000,0.00005000
1776787200004,0.00005000
1776801600003,0.00005000
1776816000004,0.00005000
1776830400003,0.00005000
1776844800000,0.00005000
1776859200000,0.00005000
1776873600000,0.00005000
1776888000003,0.00005000
1776902400000,0.00005000
1776916800000,0.00005000
1776931200000,0.00005000
1776945600000,0.00005000
1776960000004,0.00005000
1776974400006,0.00005000
1776988800006,0.00005000
1777003200000,0.00005000
1777017600000,0.00005000
1777032000002,0.00005000
1777046400000,0.00005000
1777060800003,0.00005000
1777075200000,0.00005000
1777089600005,0.00005000
1777104000002,0.00005000
1777118400001,0.00005000
1777132800002,0.00002912
1777147200001,0.00005000
1777161600003,0.00005000
1777176000001,0.00005000
1777190400007,0.00005000
1777204800001,0.00005000
1777219200004,0.00004659
1777233600014,0.00005000
1777248000004,0.00001520
1777262400000,0.00005000
1777276800000,0.00005000
1777291200004,0.00005000
1777305600002,0.00005000
1777320000000,0.00005000
1777334400001,0.00005000
1777348800006,0.00005000
1777363200000,0.00005000
1777377600000,0.00005000
1777392000004,0.00005000
1777406400001,0.00005000
1777420800006,0.00005000
1777435200003,0.00005000
1777449600011,0.00005000
1777464000000,0.00005000
1777478400003,0.00005000
1777492800004,0.00005000
1777507200002,0.00005000
1777521600000,-0.00002995
1777536000000,0.00005000
1777550400000,0.00005000
1777564800000,0.00005000
1777579200002,0.00005000
1777593600000,0.00003995
1777608000003,0.00005000
1777622400005,0.00005000
1777636800000,0.00001274
1777651200000,0.00005000
1777665600009,0.00005000
1777680000006,0.00005000
1777694400000,0.00005000
1777708800000,0.00005000
1777723200009,-0.00004061
1777737600010,0.00005000
1777752000000,0.00005000
1777766400005,0.00005000
1777780800014,0.00005000
1777795200003,0.00005000
1777809600004,0.00005000
1777824000000,0.00005000
1777838400000,0.00005000
1777852800000,0.00005000
1777867200003,0.00005000
1777881600000,0.00000268
1777896000000,0.00005000
1777910400003,0.00005000
1777924800007,0.00005000
1777939200000,0.00005000
1777953600000,0.00005000
1777968000011,0.00005000
1777982400006,0.00005000
1777996800000,0.00005000
1778011200000,0.00002259
1778025600010,0.00005000
1778040000000,-0.00178705
1778054400000,-0.00185691
1778068800000,-0.00347425
1778083200002,-0.00083399
1778097600000,-0.00047268
1778112000000,-0.00158889
1778126400001,-0.00061121
1778140800000,-0.00057478
1778155200000,-0.00027532
1778169600004,-0.00009846
1778184000005,-0.00005421
1778198400003,-0.00011101
1778212800000,-0.00060072
1778227200002,0.00003351
1778241600000,0.00005000
1778256000003,0.00005000
1778270400000,0.00005000
1778284800000,0.00004727
1778299200000,0.00005000
1778313600001,0.00005000
1778328000000,0.00005000
1778342400002,0.00005000
1778356800000,0.00005000
1778371200003,0.00002140
1778385600005,0.00005000
1778400000000,0.00005000
1778414400007,0.00005000
1778428800000,0.00005000
1778443200002,0.00005000
1778457600000,0.00005000
1778472000000,0.00005000
1778486400000,0.00005000
1778500800001,0.00005000
1778515200000,0.00005000
1778529600014,0.00005000
1778544000002,0.00005000
1778558400000,0.00005000
1778572800008,0.00005000
1778587200003,0.00005000
1778601600000,0.00005000
1778616000000,0.00005000
1778630400010,0.00005000
1778644800003,0.00005000
1778659200003,0.00005000
1778673600004,0.00005000
1778688000001,0.00005000
1778702400004,0.00005000
1778716800005,0.00005000
1778731200005,0.00002282
1778745600000,0.00004706
1778760000001,0.00005000
1778774400000,0.00005000
1778788800000,0.00005000
1778803200000,0.00005000
1778817600006,0.00005000
1778832000016,0.00005000
1778846400001,0.00005000
1778860800012,-0.00008303
1778875200001,-0.01265892
1778889600005,-0.00560719
1778904000000,-0.00483870
1778918400000,-0.00271735
1778932800002,-0.00367419
1778947200005,-0.00299964
1778961600000,-0.00050578
1778976000000,-0.00102267
1778990400012,-0.00099258
1779004800010,-0.00029209
1779019200014,-0.00011570
1779033600009,-0.00005958
1779048000002,0.00005000
1779062400007,-0.00002914
1779076800000,0.00005000
1779091200002,0.00005000
1779105600001,0.00005000
1779120000007,-0.00002219
1779134400000,0.00004695
1779148800001,-0.00015061
1779163200003,-0.00073230
1779177600001,-0.00001687
1779192000000,-0.00282333
1779206400009,-0.00100887
1779220800001,-0.00054863
1779235200001,-0.00011123
1779249600001,-0.00006291
1779264000006,-0.00007323
1779278400001,-0.00003421
1779292800000,0.00000827
1779307200019,-0.00016125
1779321600001,-0.00025065
1779336000000,-0.00021517
1779350400000,-0.00014615
1779364800000,-0.00009567
1779379200000,-0.00006636
1779393600001,-0.00000276
1779408000000,0.00005000
1779422400000,-0.00011877
1779436800004,-0.00009023
1779451200000,-0.00006978
1779465600001,-0.00024178
1779480000002,-0.00030075
1779494400009,-0.00053654
1779508800006,-0.00155724
1779523200001,-0.00038610
1779537600000,-0.00017363
1779552000003,-0.00004696
1779566400007,-0.00043510
1779580800011,-0.00053688
1779595200001,-0.00140009
1779609600008,-0.00072142
1779624000001,-0.00173249
1779638400000,-0.00049750
1779652800002,-0.00042879
1779667200001,-0.00021665
1779681600000,-0.00014680
1779696000001,-0.00022279
1779710400008,-0.00009358
1779724800001,-0.00019995
1779739200000,-0.00003398
1779753600000,0.00005000
1779768000003,-0.00012376
1779782400003,-0.00017864
1779796800000,0.00005000
1779811200000,-0.00007114
1779825600000,0.00005000
1779840000000,0.00005000
1779854400002,-0.00014304
1779868800004,-0.00008495
1779883200007,-0.00004885
1779897600009,-0.00010946
1779912000001,-0.00005554
1779926400001,-0.00001570
1779940800000,0.00000342
1779955200000,0.00005000
1779969600000,0.00005000
1779984000001,-0.00001401
1779998400005,-0.00003017
1780012800000,-0.00004346
1780027200000,0.00002280
1780041600001,-0.00006243
1780056000001,-0.00030099
1780070400008,-0.00016637
1780084800000,-0.00040228
1780099200000,-0.00011358
1780113600004,-0.00034455
1780128000001,-0.00011955
1780142400000,-0.00005437
1780156800000,-0.00008729
1780171200000,0.00003903
1780185600000,-0.00016264
1780200000006,-0.00005219
1780214400000,-0.00010507
1780228800005,-0.00021084
1780243200004,-0.00088988
1780257600010,-0.00023205
1780272000001,-0.00000200
1780286400006,0.00000488
1780300800001,-0.00065233
1780315200000,-0.00028269
1780329600000,-0.00000671
1780344000000,-0.00018166
1780358400000,-0.00000967
1780372800008,-0.00001104
1780387200000,-0.00009494
1780401600002,-0.00015860
1780416000000,-0.00038887
1780430400000,-0.00035655
1780444800013,-0.00005064
1780459200000,-0.00009280
1780473600000,0.00005000
1780488000000,-0.00001897
1780502400001,-0.00005141
1780516800002,0.00005000
1780531200009,-0.00004483
1780545600000,-0.00008477
1780560000000,-0.00010998
1780574400002,0.00001758
1780588800003,-0.00006748
1780603200001,0.00000216
1780617600000,0.00005000
1780632000001,-0.00010634
1780646400004,-0.00014285
1780660800000,0.00005000
1780675200009,0.00005000
1780689600000,-0.00003765
1780704000000,-0.00005015
1780718400000,0.00001987
1780732800000,0.00005000
1780747200002,0.00005000
1780761600000,0.00005000
1780776000003,0.00005000
1780790400001,0.00005000
1780804800000,0.00005000
1780819200000,-0.00001368
1780833600000,0.00005000
1780848000000,0.00003452
1780862400000,0.00001598
1780876800000,0.00005000
1780891200009,0.00005000
1780905600005,0.00005000
1780920000001,0.00005000
1780934400004,0.00005000
1780948800000,0.00005000
1780963200000,0.00005000
1780977600003,0.00005000
1780992000000,0.00005000
1781006400000,0.00005000
1781020800001,0.00005000
1781035200000,0.00005000
1781049600001,0.00005000
1781064000002,-0.00012006
1781078400011,0.00005000
1781092800002,0.00005000
1781107200009,0.00005000
1781121600003,0.00005000
1781136000000,0.00005000
1781150400000,0.00005000
1781164800004,0.00005000
1781179200005,0.00005000
1781193600000,0.00005000
1781208000014,0.00005000
1781222400000,0.00005000
1781236800000,0.00005000
1781251200000,0.00005000
1781265600000,0.00005000
1781280000000,0.00005000
1781294400000,0.00005000
1781308800000,0.00005000
1781323200000,0.00005000
1781337600007,0.00005000
1781352000004,0.00005000
1781366400002,0.00005000
1781380800004,0.00005000
1781395200005,0.00005000
1781409600012,0.00005000
1781424000009,-0.00001992
1781438400000,0.00003063
1781452800000,0.00004988
1781467200010,-0.00002909
1781481600013,0.00005000
1781496000001,0.00005000
1781510400013,0.00005000
1781524800000,0.00005000
1781539200004,0.00005000
1781553600002,0.00005000
1781568000000,0.00005000
1781582400000,0.00005000
1781596800000,0.00005000
1781611200000,0.00005000
1781625600001,0.00005000
1781640000000,0.00005000
1781654400012,0.00005000
1781668800000,0.00005000
1781683200000,0.00005000
1781697600000,0.00005000
1781712000000,0.00005000
1781726400000,0.00005000
1781740800002,0.00005000
1781755200000,0.00005000
1781769600000,0.00005000
1781784000004,-0.00004086
1781798400001,-0.00015449
1781812800000,0.00005000
1781827200005,0.00003833
1781841600000,0.00001501
1781856000001,0.00005000
1781870400000,0.00005000
1781884800001,0.00005000
1781899200000,0.00005000
1781913600001,0.00005000
1781928000000,0.00004435
1781942400000,0.00005000
1781956800001,0.00005000
1781971200001,0.00005000
1781985600000,-0.00025410
1782000000000,0.00005000
1782014400000,0.00005000
1782028800000,0.00005000
1782043200001,0.00005000
1782057600000,0.00005000
1782072000004,0.00005000
1782086400000,0.00005000
1782100800000,-0.00007540
1782115200000,-0.00008470
1782129600000,0.00005000
1782144000002,0.00005000
1782158400000,0.00005000
1782172800003,-0.00019073
1782187200000,-0.00049521
1782201600005,-0.00011597
1782216000000,0.00005000
1782230400002,-0.00008093
1782244800000,-0.00009191
1782259200005,-0.00002664
1782288000005,0.00005000
1782302400005,0.00005000
1782316800003,0.00005000
1782331200006,0.00005000
1782345600000,0.00005000
1782360000008,-0.00003692
1782374400000,0.00005000
1782388800006,-0.00002042
1782403200000,0.00005000
1782417600011,0.00005000
1782432000010,0.00005000
1782446400001,0.00005000
1782460800002,0.00005000
1782475200004,0.00005000
1782489600000,0.00005000
1782504000000,0.00005000
1782518400000,0.00005000
1782532800000,-0.00055058
1782547200000,-0.00058925
1782561600001,0.00000918
1782576000009,0.00005000
1782590400000,-0.00004429
1782604800000,-0.00001370
1782619200002,-0.00024918
1782633600013,0.00001459
1782648000008,-0.00008582
1782662400000,0.00005000
1782676800003,-0.00003189
1782691200006,-0.00002599
1782705600000,-0.00005036
1782720000013,0.00002836
1782734400001,0.00003346
1782748800004,0.00005000
1782763200000,0.00005000
1782777600000,0.00005000
1782792000000,0.00005000
1782806400000,0.00005000
1782820800002,0.00002988
1782835200005,0.00005000
1782849600003,0.00005000
1782864000000,0.00005000
1782878400001,0.00005000
1782892800000,0.00005000
1782907200000,0.00005000
1782921600000,0.00005000
1782936000000,0.00001641
1782950400000,0.00002590
1782964800003,0.00004834
1782979200000,0.00005000
1782993600005,0.00005000
1783008000000,0.00005000
1783022400008,0.00004421
1783036800000,0.00003875
1783051200000,0.00005000
1783065600007,0.00005000
1783080000002,0.00005000
1783094400000,0.00005000
1783108800001,0.00005000
1783123200000,0.00005000
1783137600006,0.00005000
1783152000000,0.00005000
1783166400000,-0.00227395
1783180800007,-0.00047096
1783195200000,-0.00001366
1783209600003,-0.00001960
1783224000002,-0.00046536
1783238400001,-0.00045578
1783252800000,-0.00011572
1783267200000,-0.00010592
1783281600000,0.00005000
1783296000000,0.00005000
1783310400000,-0.00014472
1783324800000,-0.00003079
1783339200002,0.00001589
1783353600000,0.00005000
1783368000003,0.00005000
1783382400000,0.00003316
1783396800000,0.00005000
1783411200000,0.00005000
1783425600010,0.00005000
1783440000000,0.00005000
1783454400000,0.00005000
1783468800000,0.00005000
1783483200003,0.00005000
1783497600000,0.00005000
1783512000005,0.00001978
1783526400000,-0.00010809
1783540800006,-0.00009573
1783555200000,-0.00025678
1783569600002,-0.00004804
1783584000001,-0.00016903
1783598400002,-0.00010943
1783612800001,-0.00000606
1783627200000,-0.00012521
1783641600000,0.00005000
1783656000000,0.00005000
1783670400005,0.00004386
1783684800002,0.00003663
1783699200005,0.00005000
1783713600000,0.00005000
1783728000000,0.00005000
1783742400000,0.00005000
1783756800000,0.00005000
1783771200008,0.00005000
1783785600000,0.00000909
1783800000000,0.00005000
1783814400000,-0.00000386
1783828800000,0.00005000
1783843200003,0.00003075
1783857600000,0.00001570
1783872000000,0.00005000
1783886400002,0.00000753
1783900800000,-0.00037691
1783915200000,-0.00039544
1783929600001,-0.00008766
1783944000000,0.00002149
1783958400004,0.00005000
1783972800000,0.00004590
1783987200000,-0.00014214
1784001600000,-0.00001535
1784016000002,-0.00007645
1784030400001,-0.00019771
1784044800001,0.00002371
1784059200000,0.00002091
1784073600005,-0.00021021
1784088000003,-0.00010766
1784102400002,-0.00000325
1784116800003,0.00001400
1784131200000,0.00005000
1784145600002,-0.00013561
1784160000000,0.00004935
1784174400003,0.00005000
1784188800003,-0.00002464
1784203200001,-0.00013583
1784217600002,0.00005000
1784232000002,-0.00013594
1784246400000,-0.00005977
1784260800000,-0.00003806
1784275200010,0.00005000
1784289600004,0.00005000
1784304000004,0.00005000
1784318400000,0.00005000
1784332800000,0.00005000
1784347200000,0.00005000
1784361600000,0.00005000
1784376000002,0.00005000
1784390400001,0.00005000
1784404800004,-0.00021271
1784419200003,-0.00011979
1784433600000,-0.00045240
1784448000000,0.00005000
1784462400000,-0.00012519
1784476800001,0.00005000
1784491200004,0.00005000
1784505600000,-0.00003821
1784520000000,0.00005000
1784534400001,0.00005000
1784548800000,0.00005000
1784563200004,0.00004045
1784577600002,0.00005000
1784592000001,-0.00001725
1784606400000,0.00005000
1784620800000,0.00005000
1784635200000,-0.00006298
1784649600002,0.00005000
1784664000000,0.00005000
1784678400000,-0.00015399
1784692800008,-0.00003003
1784707200000,-0.00009602
1784721600000,-0.00009667
1784736000001,0.00005000
1784750400000,0.00001380
1784764800000,-0.00005719
1784779200006,0.00004010
1784793600000,0.00005000
1784808000000,0.00005000
1784822400000,-0.00001636
1784836800000,-0.00007137
1784851200000,0.00005000
1784865600001,0.00001033
1784880000000,0.00005000
1784894400000,0.00005000
1784908800008,-0.00008120
1784923200001,0.00005000
1784937600002,0.00004021
1784952000000,0.00005000
1784966400000,0.00005000
1784980800000,0.00005000
1784995200000,0.00005000
1785009600003,0.00005000
1785024000000,0.00005000
1785038400000,0.00005000
1785052800002,0.00005000
1785067200000,-0.00002975
1785081600000,0.00005000
1785096000000,0.00005000
1785110400010,0.00005000
1785124800000,0.00005000
1785139200000,-0.00008753
1785153600000,-0.00019787
1785168000001,-0.00024663
1785182400004,-0.00002306
1785196800000,-0.00078818
1785211200012,-0.00028464
1785225600000,-0.00032176
1785240000001,-0.00195460
1785254400000,-0.00328188
1785268800000,-0.00204510
1785283200000,-0.00278960
1785297600000,-0.00156429
1785312000002,-0.00179841
1785326400007,-0.00086486
1785340800000,-0.00043641
1785355200003,-0.00047710
1785369600000,-0.00088730
1785384000001,-0.00282297
1785398400000,-0.00139957
1785412800000,-0.00065631
1785427200000,-0.00077777
1785441600003,-0.00030489
1785456000003,-0.00016771
1785470400000,-0.00010967
1785484800000,-0.00003497
1785499200000,-0.00029540
1785513600000,-0.00033083
1785528000001,-0.00008615
1785542400001,-0.00012623
1785556800000,-0.00007062
1785571200000,-0.00003091
1785585600000,-0.00012704
1785600000000,-0.00008416
1785614400000,-0.00008659
1785628800000,0.00005000
1785643200000,-0.00033421
1785657600000,-0.00001589
1785672000007,-0.00002457
1785686400000,-0.00014839
1785700800002,-0.00019373
1785715200000,-0.00018156
1785729600000,-0.00052353
1785744000000,-0.00003799
1785758400000,-0.00064538
1785772800000,-0.00070327
1785787200003,-0.00126941
1785801600004,-0.00061743
1785816000002,-0.00117175
1785830400002,-0.00085416
1785844800002,-0.00115751
1785859200000,-0.00264011
1785873600000,-0.00051215
1785888000003,-0.00065917
1785902400001,-0.00098440
1785916800004,-0.00048883
1785931200008,-0.00048632
1785945600000,-0.00045673
1785960000000,-0.00027051
1785974400002,-0.00037516
1785988800000,-0.00028868
1786003200000,0.00003851
1786017600000,-0.00001967
1786032000000,-0.00012021
1786046400001,0.00002910
1786060800000,-0.00011850
1786075200000,-0.00020210
1786089600000,-0.00024368
1786104000000,-0.00011889
1786118400000,0.00005000
1786132800000,0.00001343
1786147200001,-0.00026749
1786161600000,0.00004577
1786176000000,-0.00013150
1786190400001,-0.00005302
1786204800002,0.00005000
1786219200000,0.00005000
1786233600000,0.00002778
1786248000000,-0.00012951
1786262400005,-0.00004302
1786276800000,-0.00008728
1786291200000,-0.00007395
1786305600000,-0.00019236
1786320000001,-0.00000140
1786334400000,0.00003522
1786348800005,-0.00009460
1786363200000,-0.00013188
1786377600000,-0.00009411
1786392000000,-0.00011321
1786406400000,-0.00011757
1786420800000,-0.00042021
1786435200006,-0.00014206
1786449600001,-0.00011782
1786464000000,-0.00026812
1786478400003,-0.00015194
1786492800001,-0.00059477
1786507200000,-0.00057978
1786521600000,-0.00509643
1786536000000,-0.00675958
1786550400000,-0.00244820
1786564800001,-0.00115436
1786579200000,-0.00077580
1786593600000,-0.00152378
1786608000000,-0.00263034
1786622400000,-0.00268128
1786636800000,-0.00134333
1786651200002,-0.00010957
1786665600000,-0.00036341
1786680000001,-0.00061759
1786694400001,-0.00075557
1786708800002,-0.00025697
1786723200001,-0.00059463
1786737600000,-0.00039362
1786752000003,-0.00090646
1786766400000,-0.00126734
1786780800002,-0.00077701
1786795200001,-0.00060883
1786809600000,-0.00003614
1786824000003,-0.00042098
1786838400000,-0.00021177
1786852800001,-0.00011929
1786867200002,-0.00009248
1786881600008,-0.00012106
1786896000000,-0.00010267
1786910400000,0.00005000
1786924800001,0.00005000
1786939200001,-0.00013898
1786953600003,-0.00000496
1786968000002,0.00000131
1786982400005,-0.00004566
1786996800000,-0.00002903
1787011200006,-0.00006119
1787025600001,0.00005000
1787040000001,0.00005000
1787054400000,0.00005000
1787068800003,0.00005000
1787083200008,0.00005000
1787097600000,-0.00031698
1787112000001,0.00002466
1787126400000,0.00000548
1787140800000,0.00005000
1787155200004,0.00005000
1787169600009,0.00005000
1787184000001,0.00000301
1787198400011,0.00005000
1787212800000,-0.00001364
1787227200002,0.00005000
1787241600005,0.00005000
1787256000001,0.00005000
1787270400004,0.00005000
1787284800000,0.00005000
1787299200000,0.00005000
1787313600000,0.00005000
1787328000001,0.00005000
1787342400000,0.00005000
1787356800000,0.00005000
1787371200004,0.00078847
1787385600000,0.00005000
1787400000002,0.00015917
1787414400000,0.00032730
1787428800001,0.00054574
1787443200000,0.00010567
1787457600004,0.00005000
1787472000000,0.00005000
1787486400002,0.00005000
1787500800006,0.00078930
1787515200000,0.00016546
1787529600001,0.00039328
1787544000000,-0.00117155
1787558400002,-0.00199549
1787572800000,-0.00070065
1787587200000,-0.00238422
1787601600000,-0.01098570
1787616000001,-0.00665579
1787630400001,-0.00413024
1787644800000,-0.01408717
1787659200001,-0.00870022
1787673600005,-0.00850508
